row,Z,A,energy_ev,quantity,spectrum,label,year
0,37,85,889000,capture,,-2.059483515,1970
1,37,85,904000,capture,,-2.11463878,1970
2,37,85,922000,capture,,-2.072629637,1970
3,37,85,980000,capture,,-2.127843727,1970
4,37,85,1064000,capture,,-2.178486472,1970
5,37,85,1070000,capture,,-2.142667504,1970
6,37,85,1111000,capture,,-2.171340103,1970
7,37,85,1141000,capture,,-2.145693958,1970
8,37,85,1201000,capture,,-2.181774106,1970
9,37,85,1220000,capture,,-2.168770306,1970
10,37,85,1385000,capture,,-2.174573882,1970
11,37,85,1393000,capture,,-2.19314197,1970
12,37,85,1484000,capture,,-2.259637311,1970
13,37,87,1070000,capture,,-2.555955204,1970
14,37,87,1111000,capture,,-2.580044252,1970
15,37,87,1201000,capture,,-2.609064893,1970
16,37,87,1297000,capture,,-2.607303047,1970
17,37,87,1385000,capture,,-2.498940738,1970
18,37,87,1393000,capture,,-2.578396073,1970
19,37,87,1484000,capture,,-2.598599459,1970
20,37,87,1561000,capture,,-2.54668166,1970
21,39,89,245000,capture,,-3.463441557,1970
22,39,89,259000,capture,,-3.527243551,1970
23,39,89,314000,capture,,-3.453457337,1970
24,39,89,354000,capture,,-3.379863945,1970
25,39,89,426000,capture,,-3.404503778,1970
26,39,89,472000,capture,,-3.390405591,1970
27,39,89,509000,capture,,-3.388276692,1970
28,39,89,577000,capture,,-3.344861565,1970
29,39,89,636000,capture,,-3.331614083,1970
30,39,89,649000,capture,,-3.301899454,1970
31,39,89,723000,capture,,-3.313363731,1970
32,39,89,783000,capture,,-3.2915791,1970
33,39,89,843000,capture,,-3.271646218,1970
34,39,89,853000,capture,,-3.242603971,1970
35,39,89,899000,capture,,-3.305394801,1970
36,39,89,943000,capture,,-3.396855627,1970
37,39,89,976000,capture,,-3.379863945,1970
38,39,89,1043000,capture,,-3.41453927,1970
39,39,89,1106000,capture,,-3.48945499,1970
40,39,89,1182000,capture,,-3.543633967,1970
41,39,89,1230000,capture,,-3.578396073,1970
42,39,89,1330000,capture,,-3.54668166,1970
43,39,89,1449000,capture,,-3.527243551,1970
44,79,197,104700,capture,,-0.4907974777,1970
45,79,197,113300,capture,,-0.4814860601,1970
46,79,197,123000,capture,,-0.507239611,1970
47,79,197,133800,capture,,-0.474955193,1970
48,79,197,146300,capture,,-0.530177984,1970
49,79,197,160600,capture,,-0.5543957967,1970
50,79,197,176900,capture,,-0.5559552041,1970
51,79,197,196100,capture,,-0.5833594927,1970
52,79,197,218500,capture,,-0.5734887386,1970
53,79,197,245100,capture,,-0.5934598196,1970
54,79,197,276500,capture,,-0.6126101737,1970
55,79,197,314700,capture,,-0.6736641391,1970
56,79,197,361400,capture,,-0.7423214251,1970
57,79,197,418800,capture,,-0.7619538969,1970
58,79,197,491700,capture,,-0.7986028757,1970
59,79,197,585200,capture,,-0.8927900304,1970
60,79,197,708500,capture,,-0.9746941347,1970
61,79,197,835500,capture,,-1.040958608,1970
62,79,197,1107500,capture,,-1.086186148,1970
63,92,238,153200,capture,,-0.7878123956,1970
64,92,238,168500,capture,,-0.7958800173,1970
65,92,238,186200,capture,,-0.8569851997,1970
66,92,238,206900,capture,,-0.8569851997,1970
67,92,238,231200,capture,,-0.903089987,1970
68,92,238,260100,capture,,-0.9318141383,1970
69,92,238,294700,capture,,-0.9507819773,1970
70,92,238,336800,capture,,-0.9430951487,1970
71,92,238,388500,capture,,-0.9829666607,1970
72,92,238,453200,capture,,-0.9393021596,1970
73,92,238,535400,capture,,-0.9625735021,1970
74,92,238,642300,capture,,-0.9746941347,1970
75,92,238,752000,capture,,-0.9393021596,1970
76,67,165,14000000,capture,,-2.992252222,1971
77,79,197,14000000,capture,,-3.027797162,1971
78,82,208,14000000,capture,,-3.002613616,1971
79,92,238,14000000,capture,,-3.073143291,1971
80,45,103,43190,capture,,-0.1135092748,1971
81,45,103,46570,capture,,-0.1567672219,1971
82,45,103,49010,capture,,-0.1432711096,1971
83,45,103,51720,capture,,-0.136082623,1971
84,45,103,54640,capture,,-0.2055119533,1971
85,45,103,57820,capture,,-0.19859629,1971
86,45,103,61220,capture,,-0.2062096153,1971
87,45,103,64990,capture,,-0.2306226739,1971
88,45,103,69120,capture,,-0.2276782933,1971
89,45,103,73650,capture,,-0.2700257143,1971
90,45,103,78630,capture,,-0.2684112348,1971
91,45,103,84220,capture,,-0.2533658011,1971
92,45,103,90320,capture,,-0.289036881,1971
93,45,103,97100,capture,,-0.3071530807,1971
94,45,103,104700,capture,,-0.2831622767,1971
95,45,103,113300,capture,,-0.339134522,1971
96,45,103,123000,capture,,-0.3788237182,1971
97,45,103,133800,capture,,-0.3655227298,1971
98,45,103,146300,capture,,-0.3990271043,1971
99,45,103,160600,capture,,-0.408935393,1971
100,45,103,176900,capture,,-0.440093375,1971
101,45,103,196100,capture,,-0.4546928835,1971
102,45,103,218500,capture,,-0.4934949676,1971
103,45,103,245100,capture,,-0.5287082889,1971
104,45,103,276500,capture,,-0.5590909179,1971
105,45,103,314700,capture,,-0.5783960731,1971
106,45,103,361400,capture,,-0.6458915609,1971
107,45,103,418800,capture,,-0.7166987713,1971
108,45,103,491700,capture,,-0.7958800173,1971
109,45,103,585200,capture,,-0.8996294549,1971
110,45,103,708500,capture,,-0.9625735021,1971
111,45,103,835500,capture,,-1.031517051,1971
112,45,103,1107500,capture,,-1.13667714,1971
113,49,115,14100000,capture,,-1.958607315,1970
114,48,114,264000,capture,,-1.37675071,1976
115,48,114,398000,capture,,-1.397940009,1976
116,48,114,600000,capture,,-1.48148606,1976
117,48,114,681000,capture,,-1.619788758,1976
118,48,114,720000,capture,,-1.522878745,1976
119,48,114,866000,capture,,-1.744727495,1976
120,48,114,980000,capture,,-1.552841969,1976
121,48,114,1070000,capture,,-1.552841969,1976
122,48,114,1440000,capture,,-1.769551079,1976
123,48,114,1900000,capture,,-1.795880017,1976
124,48,114,2140000,capture,,-1.769551079,1976
125,48,114,2370000,capture,,-1.744727495,1976
126,48,114,2820000,capture,,-1.795880017,1976
127,73,181,121000,capture,,-0.42136079,1976
128,73,181,121000,capture,,-0.46470588,1976
129,73,181,154000,capture,,-0.507239611,1976
130,73,181,154000,capture,,-0.5406075122,1976
131,73,181,198000,capture,,-0.5670307091,1976
132,73,181,217000,capture,,-0.627087997,1976
133,73,181,264000,capture,,-0.651695137,1976
134,73,181,300000,capture,,-0.6556077263,1976
135,73,181,324000,capture,,-0.721246399,1976
136,73,181,398000,capture,,-0.7304870558,1976
137,73,181,484000,capture,,-0.7878123956,1976
138,73,181,525000,capture,,-0.779891912,1976
139,73,181,600000,capture,,-0.8416375079,1976
140,73,181,681000,capture,,-0.8386319978,1976
141,73,181,681000,capture,,-0.8569851997,1976
142,73,181,720000,capture,,-0.8632794328,1976
143,73,181,800000,capture,,-0.9172146297,1976
144,73,181,824000,capture,,-0.9100948886,1976
145,73,181,866000,capture,,-0.896196279,1976
146,73,181,935000,capture,,-0.9430951487,1976
147,73,181,980000,capture,,-0.9355420108,1976
148,73,181,1010000,capture,,-0.9871627753,1976
149,73,181,1070000,capture,,-0.9546770212,1976
150,73,181,1240000,capture,,-1.031517051,1976
151,73,181,1440000,capture,,-1.040958608,1976
152,73,181,1520000,capture,,-1.075720714,1976
153,73,181,1660000,capture,,-1.107905397,1976
154,73,181,1900000,capture,,-1.167491087,1976
155,73,181,2140000,capture,,-1.244125144,1976
156,73,181,2370000,capture,,-1.301029996,1976
157,73,181,2820000,capture,,-1.508638306,1976
158,74,186,398000,capture,,-1.292429824,1976
159,74,186,525000,capture,,-1.27572413,1976
160,74,186,600000,capture,,-1.318758763,1976
161,74,186,681000,capture,,-1.30980392,1976
162,74,186,720000,capture,,-1.318758763,1976
163,74,186,800000,capture,,-1.346787486,1976
164,74,186,866000,capture,,-1.318758763,1976
165,74,186,980000,capture,,-1.337242168,1976
166,74,186,1010000,capture,,-1.37675071,1976
167,74,186,1070000,capture,,-1.387216143,1976
168,74,186,1240000,capture,,-1.443697499,1976
169,74,186,1440000,capture,,-1.431798276,1976
170,74,186,1520000,capture,,-1.443697499,1976
171,74,186,1660000,capture,,-1.508638306,1976
172,74,186,1900000,capture,,-1.552841969,1976
173,74,186,2140000,capture,,-1.537602002,1976
174,74,186,2370000,capture,,-1.602059991,1976
175,74,186,2730000,capture,,-1.721246399,1976
176,75,185,121000,capture,,-0.3160528692,1976
177,75,185,154000,capture,,-0.368556231,1976
178,75,185,198000,capture,,-0.4294570601,1976
179,75,185,264000,capture,,-0.49757288,1976
180,75,185,398000,capture,,-0.5917600347,1976
181,75,185,600000,capture,,-0.6458915609,1976
182,75,185,681000,capture,,-0.6556077263,1976
183,75,185,720000,capture,,-0.6635402662,1976
184,75,185,866000,capture,,-0.7077439286,1976
185,75,185,935000,capture,,-0.747146969,1976
186,75,185,1070000,capture,,-0.8297382846,1976
187,75,185,1440000,capture,,-0.9706162223,1976
188,75,185,1900000,capture,,-1.15490196,1976
189,75,185,2140000,capture,,-1.167491087,1976
190,75,185,2370000,capture,,-1.30980392,1976
191,75,185,2730000,capture,,-1.420216403,1976
192,75,187,121000,capture,,-0.2062096153,1976
193,75,187,154000,capture,,-0.2749054789,1976
194,75,187,198000,capture,,-0.3306831194,1976
195,75,187,264000,capture,,-0.4248121551,1976
196,75,187,398000,capture,,-0.5272435507,1976
197,75,187,600000,capture,,-0.638272164,1976
198,75,187,681000,capture,,-0.6595558852,1976
199,75,187,720000,capture,,-0.6989700043,1976
200,75,187,866000,capture,,-0.7594507517,1976
201,75,187,935000,capture,,-0.8124792792,1976
202,75,187,1070000,capture,,-0.8728952016,1976
203,75,187,1440000,capture,,-0.9913998282,1976
204,75,187,1900000,capture,,-1.142667504,1976
205,75,187,2140000,capture,,-1.229147988,1976
206,75,187,2370000,capture,,-1.301029996,1976
207,75,187,2730000,capture,,-1.468521083,1976
208,77,191,121000,capture,,-0.2041199827,1976
209,77,191,154000,capture,,-0.282329497,1976
210,77,191,198000,capture,,-0.3288271573,1976
211,77,191,264000,capture,,-0.4111682744,1976
212,77,191,398000,capture,,-0.5316526696,1976
213,77,191,580000,capture,,-0.6363880201,1976
214,77,191,600000,capture,,-0.6615435064,1976
215,77,191,720000,capture,,-0.7189666328,1976
216,77,191,779000,capture,,-0.735182177,1976
217,77,191,935000,capture,,-0.7986028757,1976
218,77,191,1070000,capture,,-0.8356471442,1976
219,77,191,1440000,capture,,-0.903089987,1976
220,77,191,1900000,capture,,-1.031517051,1976
221,77,191,2140000,capture,,-1.107905397,1976
222,77,191,2370000,capture,,-1.214670165,1976
223,77,191,2820000,capture,,-1.420216403,1976
224,77,193,121000,capture,,-0.1752235375,1976
225,77,193,154000,capture,,-0.2572748687,1976
226,77,193,198000,capture,,-0.3372421683,1976
227,77,193,264000,capture,,-0.4271283978,1976
228,77,193,398000,capture,,-0.5867002359,1976
229,77,193,580000,capture,,-0.7495799977,1976
230,77,193,600000,capture,,-0.7772835289,1976
231,77,193,720000,capture,,-0.8356471442,1976
232,77,193,779000,capture,,-0.8507808873,1976
233,77,193,935000,capture,,-0.9244530386,1976
234,77,193,1070000,capture,,-0.9469215565,1976
235,77,193,1440000,capture,,-1.031517051,1976
236,77,193,1900000,capture,,-1.107905397,1976
237,77,193,2140000,capture,,-1.200659451,1976
238,77,193,2370000,capture,,-1.283996656,1976
239,77,193,2820000,capture,,-1.468521083,1976
240,79,197,121000,capture,,-0.4948500217,1976
241,79,197,154000,capture,,-0.5272435507,1976
242,79,197,198000,capture,,-0.563837353,1976
243,79,197,264000,capture,,-0.6289321377,1976
244,79,197,300000,capture,,-0.6635402662,1976
245,79,197,398000,capture,,-0.7721132954,1976
246,79,197,525000,capture,,-0.8696662315,1976
247,79,197,580000,capture,,-0.9100948886,1976
248,79,197,600000,capture,,-0.9469215565,1976
249,79,197,720000,capture,,-1,1976
250,79,197,779000,capture,,-1.004364805,1976
251,79,197,800000,capture,,-1.060480747,1976
252,79,197,935000,capture,,-1.060480747,1976
253,79,197,1010000,capture,,-1.113509275,1976
254,79,197,1070000,capture,,-1.070581074,1976
255,79,197,1240000,capture,,-1.13667714,1976
256,79,197,1440000,capture,,-1.142667504,1976
257,79,197,1520000,capture,,-1.148741651,1976
258,79,197,1660000,capture,,-1.180456064,1976
259,79,197,1900000,capture,,-1.244125144,1976
260,79,197,2140000,capture,,-1.301029996,1976
261,79,197,2370000,capture,,-1.408935393,1976
262,79,197,2730000,capture,,-1.552841969,1976
263,90,232,121000,capture,,-0.7011469236,1976
264,90,232,121000,capture,,-0.6861327796,1976
265,90,232,154000,capture,,-0.735182177,1976
266,90,232,154000,capture,,-0.7281583935,1976
267,90,232,198000,capture,,-0.793174124,1976
268,90,232,217000,capture,,-0.8153085692,1976
269,90,232,264000,capture,,-0.8268137316,1976
270,90,232,300000,capture,,-0.7904849855,1976
271,90,232,324000,capture,,-0.8569851997,1976
272,90,232,398000,capture,,-0.8601209136,1976
273,90,232,484000,capture,,-0.8416375079,1976
274,90,232,525000,capture,,-0.8181564121,1976
275,90,232,580000,capture,,-0.7958800173,1976
276,90,232,600000,capture,,-0.7121982701,1976
277,90,232,681000,capture,,-0.7495799977,1976
278,90,232,720000,capture,,-0.785156152,1976
279,90,232,779000,capture,,-0.793174124,1976
280,90,232,800000,capture,,-0.8268137316,1976
281,90,232,824000,capture,,-0.8068754016,1976
282,90,232,935000,capture,,-0.876148359,1976
283,90,232,1010000,capture,,-0.8996294549,1976
284,90,232,1070000,capture,,-0.896196279,1976
285,90,232,1240000,capture,,-0.9430951487,1976
286,90,232,1440000,capture,,-0.9829666607,1976
287,90,232,1660000,capture,,-1.022276395,1976
288,90,232,1900000,capture,,-1.142667504,1976
289,90,232,2140000,capture,,-1.244125144,1976
290,90,232,2370000,capture,,-1.366531544,1976
291,90,232,2730000,capture,,-1.522878745,1976
292,92,238,154000,capture,,-0.8569851997,1976
293,92,238,198000,capture,,-0.8894102897,1976
294,92,238,264000,capture,,-0.9136401693,1976
295,92,238,300000,capture,,-0.876148359,1976
296,92,238,398000,capture,,-0.9430951487,1976
297,92,238,525000,capture,,-0.9469215565,1976
298,92,238,580000,capture,,-0.920818754,1976
299,92,238,600000,capture,,-0.9172146297,1976
300,92,238,720000,capture,,-0.8569851997,1976
301,92,238,779000,capture,,-0.903089987,1976
302,92,238,800000,capture,,-0.9100948886,1976
303,92,238,935000,capture,,-0.8996294549,1976
304,92,238,1010000,capture,,-0.8996294549,1976
305,92,238,1070000,capture,,-0.9100948886,1976
306,92,238,1240000,capture,,-1.017728767,1976
307,92,238,1440000,capture,,-1.096910013,1976
308,92,238,1520000,capture,,-1.13076828,1976
309,92,238,1660000,capture,,-1.180456064,1976
310,92,238,1900000,capture,,-1.26760624,1976
311,92,238,2140000,capture,,-1.37675071,1976
312,92,238,2370000,capture,,-1.48148606,1976
313,92,238,2730000,capture,,-1.619788758,1976
314,82,208,7200000,capture,,-3.080398976,1972
315,82,208,8200000,capture,,-2.905528871,1972
316,82,208,9200000,capture,,-2.769806621,1972
317,82,208,10200000,capture,,-2.748118545,1972
318,82,208,11200000,capture,,-2.72607322,1972
319,82,208,12200000,capture,,-2.818156412,1972
320,82,208,13200000,capture,,-2.920456993,1972
321,82,208,14700000,capture,,-3.025488307,1972
322,67,165,30000,capture,,0.2355284469,1972
323,67,165,40000,capture,,0.1613680022,1972
324,67,165,50000,capture,,0.03342375549,1972
325,67,165,60000,capture,,-0.0109953843,1972
326,67,165,70000,capture,,0,1972
327,67,165,80000,capture,,-0.0746879085,1972
328,67,165,90000,capture,,-0.1408617027,1972
329,67,165,100000,capture,,-0.1687703061,1972
330,67,165,120000,capture,,-0.1636758843,1972
331,67,165,140000,capture,,-0.1674910873,1972
332,67,165,160000,capture,,-0.2358238676,1972
333,67,165,31900,capture,,0.1139433523,1973
334,67,165,41200,capture,,0.06818586175,1973
335,67,165,53200,capture,,0.004321373783,1973
336,67,165,68700,capture,,-0.03668448861,1973
337,67,165,88700,capture,,-0.06298389254,1973
338,67,165,115000,capture,,-0.154281982,1973
339,67,165,148000,capture,,-0.1739251973,1973
340,67,165,191000,capture,,-0.2090115249,1973
341,67,165,247000,capture,,-0.2949920407,1973
342,79,197,115000,capture,,-0.4894549898,1973
343,79,197,148000,capture,,-0.4698003018,1973
344,79,197,191000,capture,,-0.4989407378,1973
345,79,197,247000,capture,,-0.565431096,1973
346,67,165,400000,capture,,-0.49757288,1975
347,67,165,500000,capture,,-0.5528419687,1975
348,67,165,600000,capture,,-0.6595558852,1975
349,67,165,700000,capture,,-0.7695510786,1975
350,67,165,850000,capture,,-0.9065783148,1975
351,67,165,900000,capture,,-0.9507819773,1975
352,67,165,1000000,capture,,-0.9746941347,1975
353,67,165,1100000,capture,,-1.057000407,1975
354,67,165,1200000,capture,,-1.021819483,1975
355,67,165,1300000,capture,,-1.056505484,1975
356,67,165,1400000,capture,,-1.079876674,1975
357,67,165,1500000,capture,,-1.09420412,1975
358,67,165,1700000,capture,,-1.092051478,1975
359,67,165,2000000,capture,,-1.151810883,1975
360,67,165,2500000,capture,,-1.235823868,1975
361,67,165,3000000,capture,,-1.394694954,1975
362,73,181,300000,capture,,-0.6840296545,1975
363,73,181,400000,capture,,-0.7328282716,1975
364,73,181,500000,capture,,-0.7594507517,1975
365,73,181,600000,capture,,-0.8124792792,1975
366,73,181,850000,capture,,-0.9100948886,1975
367,73,181,1000000,capture,,-0.9281179927,1975
368,73,181,1200000,capture,,-0.9546770212,1975
369,73,181,1300000,capture,,-0.9665762445,1975
370,73,181,1400000,capture,,-0.9706162223,1975
371,73,181,1500000,capture,,-0.9913998282,1975
372,73,181,1700000,capture,,-1.049635146,1975
373,73,181,2000000,capture,,-1.135488919,1975
374,73,181,2500000,capture,,-1.3400838,1975
375,73,181,3000000,capture,,-1.424812155,1975
376,92,238,155000,capture,,-0.7772835289,1975
377,92,238,170000,capture,,-0.779891912,1975
378,92,238,190000,capture,,-0.8210230527,1975
379,92,238,210000,capture,,-0.8210230527,1975
380,92,238,230000,capture,,-0.8632794328,1975
381,92,238,250000,capture,,-0.896196279,1975
382,92,238,270000,capture,,-0.903089987,1975
383,92,238,290000,capture,,-0.8894102897,1975
384,92,238,310000,capture,,-0.8860566477,1975
385,92,238,330000,capture,,-0.9172146297,1975
386,92,238,350000,capture,,-0.9244530386,1975
387,92,238,370000,capture,,-0.9065783148,1975
388,92,238,390000,capture,,-0.9469215565,1975
389,92,238,410000,capture,,-0.9507819773,1975
390,92,238,430000,capture,,-0.9318141383,1975
391,92,238,450000,capture,,-0.920818754,1975
392,92,238,470000,capture,,-0.9318141383,1975
393,79,197,400000,capture,,-0.7520267336,1975
394,79,197,500000,capture,,-0.8386319978,1975
395,79,197,600000,capture,,-0.9318141383,1975
396,79,197,700000,capture,,-1,1975
397,79,197,850000,capture,,-1.067019178,1975
398,79,197,900000,capture,,-1.076755981,1975
399,79,197,1000000,capture,,-1.080921908,1975
400,79,197,1200000,capture,,-1.131355562,1975
401,79,197,1300000,capture,,-1.130181792,1975
402,79,197,1400000,capture,,-1.148741651,1975
403,79,197,1500000,capture,,-1.139661993,1975
404,79,197,1700000,capture,,-1.194499142,1975
405,79,197,1800000,capture,,-1.189767482,1975
406,79,197,2000000,capture,,-1.258848401,1975
407,79,197,2100000,capture,,-1.306273051,1975
408,79,197,2500000,capture,,-1.41453927,1975
409,79,197,3000000,capture,,-1.49757288,1975
410,79,197,3500000,capture,,-1.688246139,1975
411,92,238,400000,capture,,-0.9653350894,1975
412,92,238,500000,capture,,-0.9312765119,1975
413,92,238,600000,capture,,-0.937067637,1975
414,92,238,700000,capture,,-0.8778496806,1975
415,92,238,800000,capture,,-0.8909091505,1975
416,92,238,850000,capture,,-0.881943725,1975
417,92,238,900000,capture,,-0.8524425791,1975
418,92,238,1000000,capture,,-0.8778350206,1975
419,92,238,1100000,capture,,-0.927216622,1975
420,92,238,1200000,capture,,-0.9708507957,1975
421,63,151,150911.3,capture,,0.2525617862,1975
422,63,151,152903.5,capture,,0.2465724341,1975
423,63,151,154935.5,capture,,0.2489291337,1975
424,63,151,157008.2,capture,,0.2330469021,1975
425,63,151,159122.7,capture,,0.2428891222,1975
426,63,151,161280.3,capture,,0.2445739728,1975
427,63,151,163482,capture,,0.2702128549,1975
428,63,151,165729.2,capture,,0.240574207,1975
429,63,151,168023,capture,,0.2285799942,1975
430,63,151,170364.8,capture,,0.2062590352,1975
431,63,151,172755.8,capture,,0.1735067702,1975
432,63,151,175197.6,capture,,0.184804957,1975
433,63,151,177691.4,capture,,0.1866173519,1975
434,63,151,180239,capture,,0.1860517905,1975
435,63,151,182841.7,capture,,0.1969771354,1975
436,63,151,185501.1,capture,,0.1949858434,1975
437,63,151,188219.1,capture,,0.145258577,1975
438,63,151,190997.2,capture,,0.1588748985,1975
439,63,151,193837.2,capture,,0.1507564399,1975
440,63,151,196741.1,capture,,0.1202447955,1975
441,63,151,199710.8,capture,,0.1370374548,1975
442,63,151,229753.1,capture,,0.1660450879,1975
443,63,151,233504.1,capture,,0.1690569327,1975
444,63,151,237347.7,capture,,0.1544544061,1975
445,63,151,241287,capture,,0.148849343,1975
446,63,151,245325.2,capture,,0.1707016558,1975
447,63,151,249465.7,capture,,0.1638766556,1975
448,63,151,253711.8,capture,,0.1341133298,1975
449,63,151,258067.3,capture,,0.1364986082,1975
450,63,151,262535.9,capture,,0.1373857643,1975
451,63,151,267121.6,capture,,0.1172381421,1975
452,63,151,271828.5,capture,,0.116773727,1975
453,63,151,276660.9,capture,,0.1329957007,1975
454,63,151,281623.4,capture,,0.1215598442,1975
455,63,151,286720.5,capture,,0.1457245749,1975
456,63,151,291957.3,capture,,0.1345914347,1975
457,63,151,297338.9,capture,,0.0637835606,1975
458,63,153,150911.3,capture,,0.05914671943,1975
459,63,153,152903.5,capture,,0.08464776085,1975
460,63,153,154935.5,capture,,0.05014765802,1975
461,63,153,157008.2,capture,,0.02726804247,1975
462,63,153,159122.7,capture,,0.0724704823,1975
463,63,153,161280.3,capture,,0.08500499908,1975
464,63,153,163482,capture,,0.1054079858,1975
465,63,153,165729.2,capture,,0.03554980301,1975
466,63,153,168023,capture,,0.006209240538,1975
467,63,153,170364.8,capture,,-0.004628093972,1975
468,63,153,172755.8,capture,,-0.01421438223,1975
469,63,153,175197.6,capture,,-0.006563769502,1975
470,63,153,177691.4,capture,,-0.02479803774,1975
471,63,153,180239,capture,,-0.04914854111,1975
472,63,153,182841.7,capture,,-0.03635381352,1975
473,63,153,185501.1,capture,,-0.02415477453,1975
474,63,153,188219.1,capture,,-0.08634506491,1975
475,63,153,190997.2,capture,,-0.07196279359,1975
476,63,153,193837.2,capture,,-0.09696430321,1975
477,63,153,196741.1,capture,,-0.1080167691,1975
478,63,153,199710.8,capture,,-0.09587978652,1975
479,63,153,229753.1,capture,,-0.1114274031,1975
480,63,153,233504.1,capture,,-0.1086298253,1975
481,63,153,237347.7,capture,,-0.1090762285,1975
482,63,153,241287,capture,,-0.1257501772,1975
483,63,153,245325.2,capture,,-0.09968750302,1975
484,63,153,249465.7,capture,,-0.09903237608,1975
485,63,153,253711.8,capture,,-0.151318346,1975
486,63,153,258067.3,capture,,-0.13715334,1975
487,63,153,262535.9,capture,,-0.1469104701,1975
488,63,153,267121.6,capture,,-0.1648804096,1975
489,63,153,271828.5,capture,,-0.1493537648,1975
490,63,153,276660.9,capture,,-0.1573907604,1975
491,63,153,281623.4,capture,,-0.1537866361,1975
492,63,153,286720.5,capture,,-0.1185012204,1975
493,63,153,291957.3,capture,,-0.1495375672,1975
494,63,153,297338.9,capture,,-0.1978422468,1975
495,46,105,286720.5,capture,,-0.412289035,1975
496,46,105,291957.3,capture,,-0.3977229157,1975
497,46,105,297338.9,capture,,-0.5015515968,1975
498,45,103,40320.1,capture,,-0.06178058219,1975
499,45,103,40593.9,capture,,-0.09528445472,1975
500,45,103,40870.5,capture,,-0.07191154034,1975
501,45,103,41150,capture,,-0.04426415772,1975
502,45,103,41432.3,capture,,-0.02058821737,1975
503,45,103,41717.5,capture,,-0.03891128023,1975
504,45,103,42005.8,capture,,-0.1104181979,1975
505,45,103,42297,capture,,-0.1357856695,1975
506,45,103,42591.2,capture,,-0.1119890878,1975
507,45,103,42888.5,capture,,-0.1167929666,1975
508,45,103,43189,capture,,-0.09441997176,1975
509,45,103,43492.6,capture,,-0.1399016703,1975
510,45,103,43799.4,capture,,-0.1165657063,1975
511,45,103,44109.5,capture,,-0.1198726778,1975
512,45,103,44422.9,capture,,-0.1022629747,1975
513,45,103,44739.6,capture,,-0.07432700608,1975
514,45,103,45059.7,capture,,-0.1113712746,1975
515,45,103,45383.3,capture,,-0.07779372256,1975
516,45,103,45710.4,capture,,-0.1226862567,1975
517,45,103,46041,capture,,-0.1175893156,1975
518,45,103,46375.3,capture,,-0.1321202165,1975
519,45,103,46713.2,capture,,-0.1477640606,1975
520,45,103,47054.8,capture,,-0.1826991216,1975
521,45,103,47400.1,capture,,-0.1677466298,1975
522,45,103,47749.3,capture,,-0.1448444228,1975
523,45,103,48102.3,capture,,-0.1338308524,1975
524,45,103,48459.3,capture,,-0.1671080552,1975
525,45,103,48820.3,capture,,-0.135192371,1975
526,45,103,49185.3,capture,,-0.1521806527,1975
527,45,103,49554.4,capture,,-0.1263307073,1975
528,45,103,49927.7,capture,,-0.1186153432,1975
529,45,103,50305.2,capture,,-0.09925064194,1975
530,45,103,50687,capture,,-0.1101942481,1975
531,45,103,51073.2,capture,,-0.1378686207,1975
532,45,103,51463.8,capture,,-0.1794045035,1975
533,45,103,51859,capture,,-0.1494762911,1975
534,45,103,52258.6,capture,,-0.1517492853,1975
535,45,103,52663,capture,,-0.1477030342,1975
536,45,103,53072,capture,,-0.1617807781,1975
537,45,103,53485.8,capture,,-0.1268538487,1975
538,45,103,53904.5,capture,,-0.1320024897,1975
539,45,103,54328.1,capture,,-0.1484970472,1975
540,45,103,54756.7,capture,,-0.1627272975,1975
541,45,103,55190.4,capture,,-0.196201592,1975
542,45,103,55629.3,capture,,-0.1940915449,1975
543,45,103,56073.5,capture,,-0.1935486768,1975
544,45,103,56522.9,capture,,-0.1674272252,1975
545,45,103,56977.8,capture,,-0.1744440677,1975
546,45,103,57438.3,capture,,-0.2073982188,1975
547,45,103,57904.3,capture,,-0.2108425081,1975
548,45,103,58376,capture,,-0.1660882849,1975
549,45,103,58853.5,capture,,-0.205930416,1975
550,45,103,59336.9,capture,,-0.2107013888,1975
551,45,103,59826.3,capture,,-0.2206921724,1975
552,45,103,60321.8,capture,,-0.1987335295,1975
553,45,103,60823.4,capture,,-0.1840903491,1975
554,45,103,61331.3,capture,,-0.1849538239,1975
555,45,103,61845.6,capture,,-0.1936164982,1975
556,45,103,62366.4,capture,,-0.17554873,1975
557,45,103,62893.8,capture,,-0.1844886626,1975
558,45,103,63428,capture,,-0.1972946729,1975
559,45,103,63968.9,capture,,-0.1911141326,1975
560,45,103,64516.8,capture,,-0.2000394726,1975
561,45,103,65071.8,capture,,-0.1915189434,1975
562,45,103,65634,capture,,-0.2069783402,1975
563,45,103,66203.5,capture,,-0.1819721581,1975
564,45,103,66780.4,capture,,-0.1756788751,1975
565,45,103,67364.9,capture,,-0.1954516916,1975
566,45,103,67957.1,capture,,-0.208449695,1975
567,45,103,68557.2,capture,,-0.2109836732,1975
568,45,103,69165.2,capture,,-0.2076083105,1975
569,45,103,69781.4,capture,,-0.2136035386,1975
570,45,103,70405.8,capture,,-0.2013493546,1975
571,45,103,71038.7,capture,,-0.2363474294,1975
572,45,103,71680.1,capture,,-0.272458743,1975
573,45,103,72330.3,capture,,-0.2535214901,1975
574,45,103,72989.3,capture,,-0.2577463301,1975
575,45,103,73657.4,capture,,-0.2542227821,1975
576,45,103,74334.7,capture,,-0.2599532759,1975
577,45,103,75021.4,capture,,-0.2863414838,1975
578,45,103,75717.7,capture,,-0.2982593676,1975
579,45,103,76423.7,capture,,-0.2763801645,1975
580,45,103,77139.6,capture,,-0.2596373105,1975
581,45,103,77865.6,capture,,-0.3202996191,1975
582,45,103,78601.9,capture,,-0.2835792662,1975
583,45,103,79348.7,capture,,-0.2764622385,1975
584,45,103,80106.2,capture,,-0.2917491114,1975
585,45,103,80874.6,capture,,-0.3191208256,1975
586,45,103,81654.1,capture,,-0.3097152975,1975
587,45,103,82444.9,capture,,-0.3901922307,1975
588,45,103,83247.3,capture,,-0.332173621,1975
589,45,103,84061.5,capture,,-0.3460160926,1975
590,45,103,129758.8,capture,,-0.5010006364,1975
591,45,103,131346.1,capture,,-0.4300411819,1975
592,45,103,132962.6,capture,,-0.4420118518,1975
593,45,103,134609.2,capture,,-0.4847886957,1975
594,45,103,136286.5,capture,,-0.506541949,1975
595,45,103,137995.5,capture,,-0.4774253673,1975
596,45,103,139736.7,capture,,-0.447453452,1975
597,45,103,141511.1,capture,,-0.602755419,1975
598,45,103,143319.6,capture,,-0.4690323184,1975
599,45,103,145162.9,capture,,-0.5259294968,1975
600,45,103,147042,capture,,-0.514420523,1975
601,45,103,148957.8,capture,,-0.368556231,1975
602,45,103,150911.3,capture,,-0.5553307691,1975
603,45,103,152903.5,capture,,-0.4061603389,1975
604,45,103,154935.5,capture,,-0.4298074389,1975
605,45,103,157008.2,capture,,-0.4069355683,1975
606,45,103,159122.7,capture,,-0.4797785641,1975
607,45,103,161280.3,capture,,-0.5165553519,1975
608,45,103,163482,capture,,-0.5991167845,1975
609,45,103,165729.2,capture,,-0.5756084456,1975
610,45,103,168023,capture,,-0.4584207561,1975
611,45,103,170364.8,capture,,-0.4694161404,1975
612,45,103,172755.8,capture,,-0.5175552081,1975
613,45,103,175197.6,capture,,-0.4675004139,1975
614,45,103,177691.4,capture,,-0.5094796906,1975
615,45,103,180239,capture,,-0.5407583351,1975
616,45,103,182841.7,capture,,-0.51970554,1975
617,45,103,185501.1,capture,,-0.4986668214,1975
618,45,103,188219.1,capture,,-0.5499049241,1975
619,45,103,190997.2,capture,,-0.5557990111,1975
620,45,103,193837.2,capture,,-0.5358086294,1975
621,45,103,196741.1,capture,,-0.5564241202,1975
622,45,103,199710.8,capture,,-0.5453075508,1975
623,45,103,229753.1,capture,,-0.5270973482,1975
624,45,103,233504.1,capture,,-0.5545514857,1975
625,45,103,237347.7,capture,,-0.5486741915,1975
626,45,103,241287,capture,,-0.5430269864,1975
627,45,103,245325.2,capture,,-0.5412111183,1975
628,45,103,249465.7,capture,,-0.5341711846,1975
629,45,103,253711.8,capture,,-0.5712174885,1975
630,45,103,258067.3,capture,,-0.5564241202,1975
631,45,103,262535.9,capture,,-0.5433303706,1975
632,45,103,267121.6,capture,,-0.5670307091,1975
633,45,103,271828.5,capture,,-0.5422694518,1975
634,45,103,276660.9,capture,,-0.5469876089,1975
635,45,103,281623.4,capture,,-0.563519305,1975
636,45,103,286720.5,capture,,-0.5427238139,1975
637,45,103,291957.3,capture,,-0.5815329791,1975
638,45,103,297338.9,capture,,-0.6827726508,1975
639,41,93,700000,capture,,-1.308034897,1974
640,41,93,850000,capture,,-1.338187314,1974
641,41,93,900000,capture,,-1.35753548,1974
642,41,93,1000000,capture,,-1.434152181,1974
643,41,93,1100000,capture,,-1.55129368,1974
644,41,93,1200000,capture,,-1.628932138,1974
645,41,93,1300000,capture,,-1.692503962,1974
646,41,93,1400000,capture,,-1.671620397,1974
647,41,93,1500000,capture,,-1.756961951,1974
648,41,93,1700000,capture,,-1.886056648,1974
649,41,93,2000000,capture,,-1.982966661,1974
650,41,93,2500000,capture,,-2.193820026,1974
651,33,75,14600000,capture,,-1.847711656,1976
652,90,232,105000,capture,,-0.6655462488,1978
653,90,232,121000,capture,,-0.6757175447,1978
654,90,232,141000,capture,,-0.6989700043,1978
655,90,232,167000,capture,,-0.7166987713,1978
656,90,232,200000,capture,,-0.7644715531,1978
657,90,232,244000,capture,,-0.8477116556,1978
658,90,232,305000,capture,,-0.8181564121,1978
659,90,232,500000,capture,,-0.8096683018,1978
660,90,232,600000,capture,,-0.7746907183,1978
661,90,232,700000,capture,,-0.7520267336,1978
662,90,232,850000,capture,,-0.779891912,1978
663,90,232,244000,capture,,-0.8326826653,1978
664,90,232,500000,capture,,-0.8096683018,1978
665,90,232,622000,capture,,-0.7447274949,1978
666,90,232,1013000,capture,,-0.8632794328,1978
667,90,232,1497000,capture,,-0.9546770212,1978
668,90,232,1984000,capture,,-1.119186408,1978
669,90,232,2480000,capture,,-1.301029996,1978
670,45,103,500000,capture,,-0.8728952016,1979
671,45,103,600000,capture,,-0.9318141383,1979
672,45,103,700000,capture,,-0.9746941347,1979
673,45,103,850000,capture,,-1.086186148,1979
674,45,103,1000000,capture,,-1.13667714,1979
675,45,103,1300000,capture,,-1.161150909,1979
676,45,103,1500000,capture,,-1.214670165,1979
677,45,103,2000000,capture,,-1.346787486,1979
678,45,103,2500000,capture,,-1.455931956,1979
679,45,103,3000000,capture,,-1.568636236,1979
680,45,103,3500000,capture,,-1.769551079,1979
681,45,103,4000000,capture,,-1.853871964,1979
682,53,127,252000,capture,,-0.721246399,1959
683,53,127,506000,capture,,-0.8860566477,1959
684,39,89,217000,capture,,-1.829738285,1959
685,39,89,324000,capture,,-2,1959
686,39,89,424000,capture,,-1.958607315,1959
687,39,89,540000,capture,,-1.93930216,1959
688,39,89,680000,capture,,-1.991399828,1959
689,30,64,800600,capture,,-1.475422148,1981
690,30,64,800807,capture,,-1.726350665,1981
691,30,64,802267,capture,,-1.520007438,1981
692,30,64,808836,capture,,-1.613197937,1981
693,30,64,811363,capture,,-1.754339302,1981
694,30,64,811809,capture,,-1.361720453,1981
695,30,64,815266,capture,,-1.547814749,1981
696,30,64,819139,capture,,-1.385704044,1981
697,30,64,824172,capture,,-1.533844435,1981
698,30,64,824238,capture,,-1.609241471,1981
699,30,64,828912,capture,,-1.41899524,1981
700,30,64,830602,capture,,-1.478731124,1981
701,30,64,831564,capture,,-1.64806848,1981
702,30,64,832300,capture,,-1.55520599,1981
703,30,64,838638,capture,,-1.416427191,1981
704,30,64,842134,capture,,-1.690753203,1981
705,30,64,843549,capture,,-1.455113772,1981
706,30,64,850269,capture,,-1.732546658,1981
707,30,64,852481,capture,,-1.466889162,1981
708,30,64,860549,capture,,-1.432738308,1981
709,30,64,860717,capture,,-1.60150445,1981
710,30,64,866317,capture,,-1.517283591,1981
711,30,64,868854,capture,,-1.639633827,1981
712,30,64,872767,capture,,-1.482157762,1981
713,30,64,873686,capture,,-1.597635431,1981
714,30,64,875137,capture,,-1.427407179,1981
715,30,64,880878,capture,,-1.485319456,1981
716,30,64,882625,capture,,-1.622475199,1981
717,30,64,886587,capture,,-1.517469416,1981
718,30,64,889758,capture,,-1.44974718,1981
719,30,64,894084,capture,,-1.791773694,1981
720,30,64,894708,capture,,-1.531091699,1981
721,30,64,900489,capture,,-1.658071116,1981
722,92,238,168000,capture,,-0.8416375079,1981
723,92,238,244000,capture,,-0.903089987,1981
724,92,238,401000,capture,,-0.9788107009,1981
725,92,238,501000,capture,,-0.9355420108,1981
726,92,238,504000,capture,,-0.9281179927,1981
727,92,238,504000,capture,,-0.9625735021,1981
728,92,238,533000,capture,,-0.9393021596,1981
729,92,238,598000,capture,,-0.9100948886,1981
730,92,238,807000,capture,,-0.8894102897,1981
731,92,238,968000,capture,,-0.8664610916,1981
732,92,238,1106000,capture,,-0.9244530386,1981
733,92,238,1505000,capture,,-1.15490196,1981
734,92,238,2053000,capture,,-1.27572413,1981
735,92,238,2496000,capture,,-1.585026652,1981
736,92,238,3033000,capture,,-1.48148606,1981
737,92,238,503000,capture,,-0.9318141383,1981
738,79,197,200000,capture,,-0.721246399,1960
739,79,197,200000,capture,,-0.5528419687,1960
740,92,238,160000,capture,,-0.6882461389,1960
741,92,238,220000,capture,,-0.7825160558,1960
742,78,198,500000,capture,,-0.8696662315,1960
743,45,103,65000,capture,,-0.2676062402,1961
744,59,141,161000,capture,,-1.387216143,1961
745,65,159,167000,capture,,-0.2218487496,1961
746,67,165,30000,capture,,0.2355284469,1961
747,67,165,65000,capture,,0.02938377769,1961
748,67,165,167000,capture,,-0.288192771,1961
749,69,169,167000,capture,,-0.3979400087,1961
750,65,159,132000,capture,,-0.1023729087,1961
751,65,159,139000,capture,,-0.1191864077,1961
752,65,159,144000,capture,,-0.1337126609,1961
753,65,159,150000,capture,,-0.1366771399,1961
754,65,159,156000,capture,,-0.1426675036,1961
755,65,159,165000,capture,,-0.1426675036,1961
756,65,159,168000,capture,,-0.1426675036,1961
757,65,159,174000,capture,,-0.1804560645,1961
758,67,165,25700,capture,,0.383815366,1961
759,67,165,26700,capture,,0.428134794,1961
760,67,165,27200,capture,,0.3765769571,1961
761,67,165,29000,capture,,0.3424226808,1961
762,67,165,29000,capture,,0.3263358609,1961
763,67,165,30300,capture,,0.3654879849,1961
764,67,165,31200,capture,,0.2988530764,1961
765,67,165,33300,capture,,0.2741578493,1961
766,67,165,35500,capture,,0.2833012287,1961
767,67,165,35500,capture,,0.2491983574,1961
768,67,165,38500,capture,,0.2430380487,1961
769,67,165,41000,capture,,0.2718416065,1961
770,67,165,41500,capture,,0.1972805581,1961
771,67,165,44500,capture,,0.1846914308,1961
772,67,165,46200,capture,,0.214843848,1961
773,67,165,48500,capture,,0.1613680022,1961
774,67,165,52200,capture,,0.1760912591,1961
775,67,165,52200,capture,,0.1553360375,1961
776,67,165,56500,capture,,0.1222158783,1961
777,67,165,60500,capture,,0.1303337685,1961
778,67,165,63500,capture,,0.1383026982,1961
779,67,165,64000,capture,,0.1003705451,1961
780,67,165,69000,capture,,0.1271047984,1961
781,67,165,70000,capture,,0.09691001301,1961
782,67,165,79500,capture,,0.06445798923,1961
783,67,165,88000,capture,,0.05115252245,1961
784,67,165,97500,capture,,0.01072386539,1961
785,67,165,105000,capture,,-0.004364805402,1961
786,67,165,110000,capture,,-0.01322826573,1961
787,67,165,117000,capture,,-0.04095860768,1961
788,67,165,123000,capture,,-0.08092190762,1961
789,67,165,132000,capture,,-0.08092190762,1961
790,67,165,143000,capture,,-0.09691001301,1961
791,67,165,152500,capture,,-0.1366771399,1961
792,67,165,160000,capture,,-0.1674910873,1961
793,67,165,167500,capture,,-0.3187587626,1961
794,69,169,116000,capture,,-0.2328441339,1961
795,69,169,125000,capture,,-0.2596373105,1961
796,69,169,135000,capture,,-0.288192771,1961
797,69,169,148000,capture,,-0.3187587626,1961
798,69,169,164000,capture,,-0.351639989,1961
799,69,169,167000,capture,,-0.4497716469,1961
800,79,197,167000,capture,,-0.638272164,1961
801,79,197,107000,capture,,-0.5900668767,1961
802,79,197,115000,capture,,-0.585026652,1961
803,79,197,123000,capture,,-0.5900668767,1961
804,79,197,138000,capture,,-0.5833594927,1961
805,79,197,148000,capture,,-0.5783960731,1961
806,79,197,160000,capture,,-0.565431096,1961
807,79,197,164000,capture,,-0.5816987087,1961
808,79,197,107000,capture,,-0.6090648929,1961
809,79,197,115000,capture,,-0.6090648929,1961
810,79,197,123000,capture,,-0.6197887583,1961
811,79,197,138000,capture,,-0.6234230429,1961
812,79,197,148000,capture,,-0.625251654,1961
813,79,197,160000,capture,,-0.6197887583,1961
814,53,127,205000,capture,,-0.6020599913,1959
815,53,127,210000,capture,,-0.651695137,1959
816,53,127,217000,capture,,-0.6307841426,1959
817,53,127,220000,capture,,-0.5800442515,1959
818,53,127,230000,capture,,-0.651695137,1959
819,53,127,240000,capture,,-0.6989700043,1959
820,53,127,245000,capture,,-0.6716203966,1959
821,53,127,260000,capture,,-0.681936665,1959
822,53,127,280000,capture,,-0.7099653886,1959
823,53,127,288000,capture,,-0.7328282716,1959
824,53,127,300000,capture,,-0.7695510786,1959
825,53,127,315000,capture,,-0.7447274949,1959
826,53,127,340000,capture,,-0.7825160558,1959
827,53,127,380000,capture,,-0.7695510786,1959
828,53,127,400000,capture,,-0.7958800173,1959
829,53,127,425000,capture,,-0.8386319978,1959
830,53,127,440000,capture,,-0.8538719643,1959
831,53,127,480000,capture,,-0.8860566477,1959
832,53,127,500000,capture,,-0.903089987,1959
833,53,127,520000,capture,,-0.8860566477,1959
834,53,127,548000,capture,,-0.903089987,1959
835,53,127,660000,capture,,-0.9393021596,1959
836,79,197,180000,capture,,-0.5086383062,1959
837,46,108,195000,capture,,-1.113509275,1959
838,47,107,195000,capture,,-0.5376020021,1959
839,51,121,195000,capture,,-0.3979400087,1959
840,56,138,195000,capture,,-2.494850022,1959
841,57,139,195000,capture,,-2,1959
842,59,141,195000,capture,,-1.420216403,1959
843,79,197,195000,capture,,-0.4948500217,1959
844,92,238,195000,capture,,-0.920818754,1959
845,49,115,970000,capture,,-0.694701502,1967
846,49,115,1560000,capture,,-0.8076998762,1967
847,49,115,2150000,capture,,-0.9301173419,1967
848,49,115,3270000,capture,,-1.425046113,1967
849,49,115,3570000,capture,,-1.543749246,1967
850,49,115,4000000,capture,,-1.713378765,1967
851,49,115,4580000,capture,,-1.866071679,1967
852,49,115,5390000,capture,,-2.048713974,1967
853,49,115,6130000,capture,,-2.184682973,1967
854,49,115,8060000,capture,,-2.239224645,1967
855,49,115,13280000,capture,,-2.20634391,1967
856,49,115,14960000,capture,,-2.249233646,1967
857,49,115,15820000,capture,,-2.2427359,1967
858,49,115,16520000,capture,,-2.236875424,1967
859,49,115,17350000,capture,,-2.277834205,1967
860,49,115,18440000,capture,,-2.207111733,1967
861,49,115,19390000,capture,,-2.180868975,1967
862,67,165,970000,capture,,-0.9130336778,1967
863,67,165,1560000,capture,,-1.084521436,1967
864,67,165,2150000,capture,,-1.325351457,1967
865,67,165,3270000,capture,,-1.661135302,1967
866,67,165,3570000,capture,,-1.750952326,1967
867,67,165,4000000,capture,,-1.900940653,1967
868,67,165,4580000,capture,,-2.038192722,1967
869,67,165,5390000,capture,,-2.174678545,1967
870,67,165,6130000,capture,,-2.230573052,1967
871,67,165,8060000,capture,,-2.177325975,1967
872,67,165,13280000,capture,,-2.100765606,1967
873,67,165,14960000,capture,,-2.18825124,1967
874,67,165,15820000,capture,,-2.201980477,1967
875,67,165,16520000,capture,,-2.162348797,1967
876,67,165,17350000,capture,,-2.245489649,1967
877,67,165,18440000,capture,,-2.187207098,1967
878,67,165,19390000,capture,,-2.220618757,1967
879,39,89,14700000,capture,,-2.958607315,1963
880,39,89,14700000,capture,,-2.744727495,1963
881,41,93,14700000,capture,,-3.356547324,1962
882,59,141,14700000,capture,,-2.638272164,1963
883,39,89,400000,capture,,-2.15490196,1960
884,41,93,800000,capture,,-1.259637311,1960
885,41,93,900000,capture,,-1.366531544,1960
886,41,93,1000000,capture,,-1.455931956,1960
887,45,103,175000,capture,,-0.3809066694,1960
888,45,103,250000,capture,,-0.4698003018,1960
889,45,103,400000,capture,,-0.7304870558,1960
890,45,103,600000,capture,,-0.8894102897,1960
891,45,103,800000,capture,,-1.026872146,1960
892,45,103,900000,capture,,-1.075720714,1960
893,45,103,1000000,capture,,-1.091514981,1960
894,53,127,400000,capture,,-0.7544873322,1960
895,79,197,175000,capture,,-0.4867823999,1960
896,79,197,250000,capture,,-0.565431096,1960
897,79,197,400000,capture,,-0.6861327796,1960
898,79,197,600000,capture,,-0.8601209136,1960
899,79,197,800000,capture,,-0.9546770212,1960
900,79,197,900000,capture,,-1.013228266,1960
901,79,197,1000000,capture,,-0.9829666607,1960
902,83,209,400000,capture,,-2.698970004,1960
903,92,238,175000,capture,,-0.7594507517,1960
904,92,238,250000,capture,,-0.7644715531,1960
905,92,238,400000,capture,,-0.8210230527,1960
906,92,238,600000,capture,,-0.7594507517,1960
907,92,238,800000,capture,,-0.6925039621,1960
908,92,238,900000,capture,,-0.681936665,1960
909,92,238,1000000,capture,,-0.651695137,1960
910,37,85,954000,capture,,-1.431798276,1968
911,37,85,1151000,capture,,-1.595166283,1968
912,37,85,1240000,capture,,-1.528708289,1968
913,37,85,1620000,capture,,-1.725842151,1968
914,37,85,2115000,capture,,-1.832682665,1968
915,37,85,2602000,capture,,-1.954677021,1968
916,39,89,269000,capture,,-2.045757491,1968
917,39,89,389000,capture,,-2.119186408,1968
918,39,89,441000,capture,,-2.086186148,1968
919,39,89,522000,capture,,-2.13667714,1968
920,39,89,626000,capture,,-2.148741651,1968
921,39,89,845000,capture,,-2.15490196,1968
922,39,89,1055000,capture,,-2.244125144,1968
923,39,89,1262000,capture,,-2.244125144,1968
924,39,89,1459000,capture,,-2.26760624,1968
925,39,89,1660000,capture,,-2.26760624,1968
926,39,89,1953000,capture,,-2.408935393,1968
927,39,89,2143000,capture,,-2.408935393,1968
928,39,89,2253000,capture,,-2.387216143,1968
929,39,89,2450000,capture,,-2.37675071,1968
930,42,98,1077000,capture,,-1.607303047,1968
931,42,98,1150000,capture,,-1.557520231,1968
932,42,98,1250000,capture,,-1.557520231,1968
933,42,98,1380000,capture,,-1.568636236,1968
934,42,98,1450000,capture,,-1.568636236,1968
935,42,98,1581000,capture,,-1.616184634,1968
936,42,98,1730000,capture,,-1.634512015,1968
937,42,98,1881000,capture,,-1.675717545,1968
938,42,98,1970000,capture,,-1.638272164,1968
939,42,98,2116000,capture,,-1.619788758,1968
940,42,98,2644000,capture,,-1.744727495,1968
941,57,139,146000,capture,,-1.818156412,1968
942,57,139,241000,capture,,-1.876148359,1968
943,57,139,313000,capture,,-2.13667714,1968
944,57,139,377000,capture,,-2.065501549,1968
945,57,139,540000,capture,,-2.120330794,1968
946,57,139,650000,capture,,-2.135488919,1968
947,57,139,757000,capture,,-2.130181792,1968
948,57,139,862000,capture,,-2.072629637,1968
949,57,139,1067000,capture,,-2.050122296,1968
950,57,139,1272000,capture,,-2.003926346,1968
951,57,139,1389000,capture,,-1.978810701,1968
952,57,139,1474000,capture,,-2.022276395,1968
953,57,139,1681000,capture,,-2.019088062,1968
954,57,139,1881000,capture,,-2.106793247,1968
955,57,139,1997000,capture,,-2.099086932,1968
956,59,141,190000,capture,,-1.244125144,1968
957,59,141,243000,capture,,-1.225483034,1968
958,59,141,290000,capture,,-1.36552273,1968
959,59,141,321000,capture,,-1.316052869,1968
960,59,141,376000,capture,,-1.360513511,1968
961,59,141,444000,capture,,-1.632644079,1968
962,59,141,546000,capture,,-1.665546249,1968
963,59,141,655000,capture,,-1.651695137,1968
964,59,141,763000,capture,,-1.659555885,1968
965,59,141,843000,capture,,-1.619788758,1968
966,59,141,948000,capture,,-1.612610174,1968
967,59,141,1051000,capture,,-1.583359493,1968
968,59,141,1154000,capture,,-1.580044252,1968
969,59,141,1257000,capture,,-1.585026652,1968
970,59,141,1356000,capture,,-1.590066877,1968
971,59,141,1461000,capture,,-1.576754126,1968
972,59,141,1562000,capture,,-1.59345982,1968
973,59,141,1660000,capture,,-1.583359493,1968
974,59,141,1765000,capture,,-1.617982957,1968
975,59,141,1860000,capture,,-1.649751982,1968
976,59,141,2060000,capture,,-1.68613278,1968
977,59,141,2259000,capture,,-1.754487332,1968
978,59,141,2457000,capture,,-1.790484985,1968
979,64,158,429000,capture,,-1.040958608,1968
980,64,158,485000,capture,,-1.031517051,1968
981,64,158,594000,capture,,-1.086186148,1968
982,64,158,698000,capture,,-1.086186148,1968
983,64,158,737000,capture,,-1.091514981,1968
984,64,158,855000,capture,,-1.040958608,1968
985,64,158,975000,capture,,-1.036212173,1968
986,64,158,1063000,capture,,-1.004364805,1968
987,64,158,1240000,capture,,-1.036212173,1968
988,64,158,1587000,capture,,-1.148741651,1968
989,64,158,1878000,capture,,-1.180456064,1968
990,64,158,2148000,capture,,-1.236572006,1968
991,68,170,750000,capture,,-1.370590401,1968
992,68,170,855000,capture,,-1.283162277,1968
993,68,170,961000,capture,,-1.356547324,1968
994,68,170,1064000,capture,,-1.288192771,1968
995,68,170,1270000,capture,,-1.258060922,1968
996,68,170,1580000,capture,,-1.450996738,1968
997,68,170,1881000,capture,,-1.539102157,1968
998,68,170,2148000,capture,,-1.774690718,1968
999,68,170,2644000,capture,,-1.829738285,1968
1000,70,176,300000,capture,,-1.54515514,1968
1001,70,176,375000,capture,,-1.571865206,1968
1002,70,176,541000,capture,,-1.647817482,1968
1003,70,176,650000,capture,,-1.588380294,1968
1004,70,176,860000,capture,,-1.562249437,1968
1005,70,176,968000,capture,,-1.602059991,1968
1006,70,176,1067000,capture,,-1.519993057,1968
1007,70,176,1183000,capture,,-1.583359493,1968
1008,70,176,1271000,capture,,-1.4867824,1968
1009,70,176,1389000,capture,,-1.588380294,1968
1010,70,176,1577000,capture,,-1.581698709,1968
1011,70,176,1693000,capture,,-1.627087997,1968
1012,70,176,1877000,capture,,-1.628932138,1968
1013,71,175,141000,capture,,-0.09151498112,1968
1014,71,175,198000,capture,,-0.2652001704,1968
1015,71,175,238000,capture,,-0.251811973,1968
1016,71,175,320000,capture,,-0.288192771,1968
1017,71,175,376000,capture,,-0.3353580244,1968
1018,71,175,404000,capture,,-0.4271283978,1968
1019,71,175,434000,capture,,-0.505845406,1968
1020,71,175,486000,capture,,-0.5767541261,1968
1021,71,175,648000,capture,,-0.6363880201,1968
1022,71,175,748000,capture,,-0.7281583935,1968
1023,71,175,855000,capture,,-0.6989700043,1968
1024,71,175,1066000,capture,,-0.8068754016,1968
1025,71,175,1330000,capture,,-0.8181564121,1968
1026,71,175,1845000,capture,,-0.8601209136,1968
1027,71,175,2143000,capture,,-0.9100948886,1968
1028,71,175,2440000,capture,,-0.9393021596,1968
1029,71,175,2738000,capture,,-0.9546770212,1968
1030,71,175,3133000,capture,,-1.012333735,1968
1031,27,59,250000,capture,,-2.13076828,1959
1032,27,59,330000,capture,,-2.207608311,1959
1033,27,59,400000,capture,,-2.236572006,1959
1034,27,59,465000,capture,,-2.301029996,1959
1035,27,59,530000,capture,,-2.366531544,1959
1036,27,59,590000,capture,,-2.431798276,1959
1037,27,59,620000,capture,,-2.420216403,1959
1038,27,59,800000,capture,,-2.366531544,1959
1039,27,59,1000000,capture,,-2.356547324,1959
1040,27,59,1300000,capture,,-2.420216403,1959
1041,27,59,1600000,capture,,-2.567030709,1959
1042,27,59,2000000,capture,,-2.623423043,1959
1043,27,59,2500000,capture,,-2.801342913,1959
1044,29,65,205000,capture,,-2.013228266,1959
1045,29,65,250000,capture,,-2.026872146,1959
1046,29,65,303000,capture,,-2.075720714,1959
1047,29,65,350000,capture,,-2.13667714,1959
1048,29,65,400000,capture,,-2.15490196,1959
1049,29,65,445000,capture,,-2.207608311,1959
1050,29,65,500000,capture,,-2.200659451,1959
1051,29,65,550000,capture,,-2.207608311,1959
1052,29,65,600000,capture,,-2.193820026,1959
1053,29,65,600000,capture,,-2.142667504,1959
1054,29,65,790000,capture,,-2.214670165,1959
1055,29,65,1060000,capture,,-2.161150909,1959
1056,29,65,1170000,capture,,-2.190440285,1959
1057,29,65,1370000,capture,,-2.30980392,1959
1058,29,65,1370000,capture,,-2.193820026,1959
1059,29,65,1750000,capture,,-2.387216143,1959
1060,29,65,2140000,capture,,-2.403402904,1959
1061,29,65,2550000,capture,,-2.468521083,1959
1062,29,65,2550000,capture,,-2.420216403,1959
1063,29,65,3300000,capture,,-2.578396073,1959
1064,29,65,4050000,capture,,-2.617982957,1959
1065,29,65,4100000,capture,,-2.649751982,1959
1066,29,65,4850000,capture,,-2.655607726,1959
1067,29,65,5400000,capture,,-2.782516056,1959
1068,29,65,6150000,capture,,-2.869666232,1959
1069,31,71,1290000,capture,,-2.102372909,1959
1070,31,71,1960000,capture,,-2.26760624,1959
1071,31,71,2480000,capture,,-2.356547324,1959
1072,33,75,545000,capture,,-1.26760624,1959
1073,33,75,600000,capture,,-1.337242168,1959
1074,33,75,600000,capture,,-1.289036881,1959
1075,33,75,780000,capture,,-1.41453927,1959
1076,33,75,990000,capture,,-1.537602002,1959
1077,33,75,1400000,capture,,-1.694648631,1959
1078,33,75,1750000,capture,,-1.744727495,1959
1079,33,75,2200000,capture,,-1.769551079,1959
1080,33,75,2550000,capture,,-1.853871964,1959
1081,33,75,5500000,capture,,-2.244125144,1959
1082,35,79,325000,capture,,-1.366531544,1959
1083,35,79,390000,capture,,-1.37675071,1959
1084,35,79,465000,capture,,-1.488116639,1959
1085,35,79,525000,capture,,-1.488116639,1959
1086,35,79,620000,capture,,-1.59345982,1959
1087,35,79,790000,capture,,-1.403402904,1959
1088,35,79,1000000,capture,,-1.59345982,1959
1089,35,79,1300000,capture,,-1.721246399,1959
1090,35,79,1600000,capture,,-1.879426069,1959
1091,35,79,2000000,capture,,-1.89279003,1959
1092,35,79,2550000,capture,,-1.910094889,1959
1093,35,79,325000,capture,,-0.903089987,1959
1094,35,79,400000,capture,,-0.9913998282,1959
1095,35,79,470000,capture,,-1.207608311,1959
1096,35,79,530000,capture,,-1.26760624,1959
1097,35,79,590000,capture,,-1.361510743,1959
1098,35,79,620000,capture,,-1.351639989,1959
1099,35,79,780000,capture,,-1.455931956,1959
1100,35,79,980000,capture,,-1.478861916,1959
1101,35,79,1280000,capture,,-1.619788758,1959
1102,35,79,1580000,capture,,-1.70333481,1959
1103,35,79,2000000,capture,,-1.853871964,1959
1104,35,79,2500000,capture,,-1.906578315,1959
1105,35,79,3250000,capture,,-2.091514981,1959
1106,35,79,3900000,capture,,-2.207608311,1959
1107,35,79,4750000,capture,,-2.305394801,1959
1108,35,81,780000,capture,,-1.677780705,1959
1109,35,81,1000000,capture,,-1.744727495,1959
1110,35,81,2000000,capture,,-1.982966661,1959
1111,35,81,2500000,capture,,-2.337242168,1959
1112,42,100,1200000,capture,,-1.882728704,1959
1113,42,100,1380000,capture,,-1.906578315,1959
1114,42,100,1770000,capture,,-1.920818754,1959
1115,42,100,2180000,capture,,-1.982966661,1959
1116,42,100,2550000,capture,,-2.017728767,1959
1117,42,100,3320000,capture,,-2.26760624,1959
1118,42,100,4030000,capture,,-2.449771647,1959
1119,42,100,4800000,capture,,-2.522878745,1959
1120,42,100,5500000,capture,,-2.55129368,1959
1121,42,100,6200000,capture,,-2.568636236,1959
1122,47,107,145000,capture,,-0.2798406966,1959
1123,47,107,195000,capture,,-0.3767507096,1959
1124,47,107,245000,capture,,-0.4034029044,1959
1125,47,107,300000,capture,,-0.468521083,1959
1126,47,107,345000,capture,,-0.5185573715,1959
1127,47,107,395000,capture,,-0.5670307091,1959
1128,47,107,445000,capture,,-0.6556077263,1959
1129,47,107,490000,capture,,-0.7077439286,1959
1130,47,107,515000,capture,,-0.7099653886,1959
1131,47,107,540000,capture,,-0.7670038896,1959
1132,47,107,590000,capture,,-0.7447274949,1959
1133,47,107,595000,capture,,-0.7695510786,1959
1134,47,107,790000,capture,,-0.7958800173,1959
1135,47,107,980000,capture,,-0.8386319978,1959
1136,47,107,1170000,capture,,-0.8794260688,1959
1137,47,107,1400000,capture,,-0.9430951487,1959
1138,47,107,1400000,capture,,-0.9172146297,1959
1139,47,107,1780000,capture,,-0.9913998282,1959
1140,47,107,2130000,capture,,-1.055517328,1959
1141,47,107,2450000,capture,,-1.13076828,1959
1142,49,115,305000,capture,,-0.7328282716,1959
1143,49,115,350000,capture,,-0.7328282716,1959
1144,49,115,370000,capture,,-0.7447274949,1959
1145,49,115,410000,capture,,-0.7569619513,1959
1146,49,115,445000,capture,,-0.7825160558,1959
1147,49,115,518000,capture,,-0.7958800173,1959
1148,49,115,540000,capture,,-0.7569619513,1959
1149,49,115,565000,capture,,-0.7878123956,1959
1150,49,115,620000,capture,,-0.7721132954,1959
1151,49,115,620000,capture,,-0.7544873322,1959
1152,49,115,620000,capture,,-0.7328282716,1959
1153,49,115,840000,capture,,-0.721246399,1959
1154,49,115,1040000,capture,,-0.6635402662,1959
1155,49,115,1220000,capture,,-0.6556077263,1959
1156,49,115,1450000,capture,,-0.7166987713,1959
1157,49,115,1460000,capture,,-0.6695862267,1959
1158,49,115,1850000,capture,,-0.8124792792,1959
1159,49,115,2250000,capture,,-0.8538719643,1959
1160,49,115,2620000,capture,,-1.031517051,1959
1161,49,115,2650000,capture,,-0.9788107009,1959
1162,49,115,3400000,capture,,-1.225483034,1959
1163,49,115,4100000,capture,,-1.387216143,1959
1164,49,115,4750000,capture,,-1.501689446,1959
1165,49,115,5500000,capture,,-1.585026652,1959
1166,49,115,6250000,capture,,-1.869666232,1959
1167,53,127,205000,capture,,-0.6675615401,1959
1168,53,127,250000,capture,,-0.7569619513,1959
1169,53,127,256000,capture,,-0.7328282716,1959
1170,53,127,305000,capture,,-0.7878123956,1959
1171,53,127,360000,capture,,-0.8538719643,1959
1172,53,127,410000,capture,,-0.8153085692,1959
1173,53,127,455000,capture,,-0.9706162223,1959
1174,53,127,475000,capture,,-0.9355420108,1959
1175,53,127,510000,capture,,-0.9788107009,1959
1176,53,127,540000,capture,,-0.9393021596,1959
1177,53,127,555000,capture,,-1.013228266,1959
1178,53,127,600000,capture,,-0.9956786262,1959
1179,53,127,620000,capture,,-1,1959
1180,53,127,800000,capture,,-1.148741651,1959
1181,53,127,1010000,capture,,-1.167491087,1959
1182,53,127,1210000,capture,,-1.200659451,1959
1183,53,127,1430000,capture,,-1.22184875,1959
1184,53,127,1800000,capture,,-1.236572006,1959
1185,53,127,2000000,capture,,-1.292429824,1959
1186,53,127,2210000,capture,,-1.420216403,1959
1187,53,127,2650000,capture,,-1.540607512,1959
1188,53,127,3350000,capture,,-1.795880017,1959
1189,53,127,4050000,capture,,-1.886056648,1959
1190,53,127,4100000,capture,,-1.913640169,1959
1191,53,127,4800000,capture,,-1.995678626,1959
1192,53,127,4850000,capture,,-2.013228266,1959
1193,53,127,5500000,capture,,-2.292429824,1959
1194,56,138,149000,capture,,-2.57024772,1959
1195,56,138,203000,capture,,-2.655607726,1959
1196,56,138,250000,capture,,-2.638272164,1959
1197,56,138,303000,capture,,-2.632644079,1959
1198,56,138,310000,capture,,-2.709965389,1959
1199,56,138,355000,capture,,-2.68613278,1959
1200,56,138,405000,capture,,-2.634512015,1959
1201,56,138,460000,capture,,-2.688246139,1959
1202,56,138,460000,capture,,-2.665546249,1959
1203,56,138,510000,capture,,-2.638272164,1959
1204,56,138,555000,capture,,-2.585026652,1959
1205,56,138,610000,capture,,-2.619788758,1959
1206,56,138,1220000,capture,,-2.255707017,1959
1207,56,138,1300000,capture,,-2.356547324,1959
1208,56,138,1610000,capture,,-2.337242168,1959
1209,56,138,2000000,capture,,-2.397940009,1959
1210,56,138,2200000,capture,,-2.443697499,1959
1211,57,139,166000,capture,,-1.787812396,1959
1212,57,139,460000,capture,,-2.236572006,1959
1213,57,139,620000,capture,,-2.225483034,1959
1214,57,139,2000000,capture,,-2.305394801,1959
1215,59,141,165000,capture,,-1.443697499,1959
1216,59,141,175000,capture,,-1.443697499,1959
1217,59,141,234000,capture,,-1.744727495,1959
1218,59,141,2000000,capture,,-1.801342913,1959
1219,60,148,325000,capture,,-0.9586073148,1959
1220,60,148,390000,capture,,-1.193820026,1959
1221,60,148,460000,capture,,-1.207608311,1959
1222,60,148,520000,capture,,-1.356547324,1959
1223,60,148,580000,capture,,-1.193820026,1959
1224,60,148,610000,capture,,-1.207608311,1959
1225,60,148,770000,capture,,-1.173925197,1959
1226,60,148,980000,capture,,-1.247951552,1959
1227,60,148,1250000,capture,,-1.244125144,1959
1228,60,148,1550000,capture,,-1.301029996,1959
1229,60,148,1950000,capture,,-1.318758763,1959
1230,60,148,2500000,capture,,-1.744727495,1959
1231,60,150,325000,capture,,-0.8477116556,1959
1232,60,150,400000,capture,,-0.9586073148,1959
1233,60,150,465000,capture,,-1.004364805,1959
1234,60,150,525000,capture,,-0.9746941347,1959
1235,60,150,595000,capture,,-1.050609993,1959
1236,60,150,620000,capture,,-0.9913998282,1959
1237,60,150,780000,capture,,-0.9913998282,1959
1238,60,150,980000,capture,,-1.050609993,1959
1239,60,150,1280000,capture,,-1.180456064,1959
1240,60,150,1580000,capture,,-1.148741651,1959
1241,60,150,2000000,capture,,-1.26760624,1959
1242,60,150,2500000,capture,,-1.361510743,1959
1243,62,154,300000,capture,,-1.26760624,1959
1244,62,154,350000,capture,,-1.318758763,1959
1245,62,154,405000,capture,,-1.37675071,1959
1246,62,154,450000,capture,,-1.403402904,1959
1247,62,154,500000,capture,,-1.431798276,1959
1248,62,154,545000,capture,,-1.474955193,1959
1249,62,154,560000,capture,,-1.443697499,1959
1250,62,154,600000,capture,,-1.443697499,1959
1251,62,154,800000,capture,,-1.397940009,1959
1252,62,154,1000000,capture,,-1.387216143,1959
1253,62,154,1200000,capture,,-1.381951903,1959
1254,62,154,1410000,capture,,-1.403402904,1959
1255,62,154,1800000,capture,,-1.468521083,1959
1256,62,154,2200000,capture,,-1.638272164,1959
1257,62,154,2550000,capture,,-1.769551079,1959
1258,62,154,3300000,capture,,-2.004364805,1959
1259,62,154,4000000,capture,,-2.214670165,1959
1260,62,154,4750000,capture,,-2.408935393,1959
1261,62,154,5500000,capture,,-2.462180905,1959
1262,62,154,6200000,capture,,-2.610833916,1959
1263,63,151,165000,capture,,-0.2798406966,1959
1264,63,151,175000,capture,,-0.2839966564,1959
1265,63,151,215000,capture,,-0.2676062402,1959
1266,63,151,320000,capture,,-0.3767507096,1959
1267,63,151,390000,capture,,-0.5157001607,1959
1268,63,151,525000,capture,,-0.6675615401,1959
1269,63,151,595000,capture,,-0.6882461389,1959
1270,63,151,620000,capture,,-0.7495799977,1959
1271,63,151,800000,capture,,-0.721246399,1959
1272,63,151,1000000,capture,,-0.8239087409,1959
1273,63,151,1300000,capture,,-0.8927900304,1959
1274,63,151,1600000,capture,,-0.9913998282,1959
1275,63,151,2000000,capture,,-1.187086643,1959
1276,63,151,2500000,capture,,-1.332547047,1959
1277,66,164,210000,capture,,-0.896196279,1959
1278,66,164,255000,capture,,-0.8696662315,1959
1279,66,164,265000,capture,,-0.8041003476,1959
1280,66,164,315000,capture,,-0.7958800173,1959
1281,66,164,325000,capture,,-0.7772835289,1959
1282,66,164,340000,capture,,-0.785156152,1959
1283,66,164,360000,capture,,-0.8096683018,1959
1284,66,164,370000,capture,,-0.793174124,1959
1285,66,164,420000,capture,,-0.8927900304,1959
1286,66,164,470000,capture,,-0.9706162223,1959
1287,66,164,520000,capture,,-1.055517328,1959
1288,66,164,570000,capture,,-1.124938737,1959
1289,66,164,630000,capture,,-1.065501549,1959
1290,66,164,1210000,capture,,-1.075720714,1959
1291,66,164,2220000,capture,,-1.167491087,1959
1292,66,164,5500000,capture,,-1.638272164,1959
1293,67,165,165000,capture,,-0.2479515522,1959
1294,67,165,240000,capture,,-0.3372421683,1959
1295,67,165,315000,capture,,-0.3716110699,1959
1296,67,165,400000,capture,,-0.4948500217,1959
1297,67,165,465000,capture,,-0.54515514,1959
1298,67,165,525000,capture,,-0.6575773192,1959
1299,67,165,585000,capture,,-0.638272164,1959
1300,67,165,610000,capture,,-0.6757175447,1959
1301,67,165,780000,capture,,-0.8538719643,1959
1302,67,165,980000,capture,,-0.903089987,1959
1303,67,165,1280000,capture,,-1.045757491,1959
1304,67,165,1600000,capture,,-1.065501549,1959
1305,67,165,1600000,capture,,-1.080921908,1959
1306,67,165,2000000,capture,,-1.207608311,1959
1307,67,165,2500000,capture,,-1.283996656,1959
1308,74,186,350000,capture,,-1.244125144,1959
1309,74,186,395000,capture,,-1.225483034,1959
1310,74,186,410000,capture,,-1.26760624,1959
1311,74,186,440000,capture,,-1.30980392,1959
1312,74,186,490000,capture,,-1.366531544,1959
1313,74,186,500000,capture,,-1.292429824,1959
1314,74,186,545000,capture,,-1.305394801,1959
1315,74,186,590000,capture,,-1.318758763,1959
1316,74,186,595000,capture,,-1.346787486,1959
1317,74,186,800000,capture,,-1.337242168,1959
1318,74,186,990000,capture,,-1.356547324,1959
1319,74,186,1000000,capture,,-1.408935393,1959
1320,74,186,1200000,capture,,-1.437707136,1959
1321,74,186,1400000,capture,,-1.37675071,1959
1322,74,186,1400000,capture,,-1.462180905,1959
1323,74,186,1750000,capture,,-1.431798276,1959
1324,74,186,2160000,capture,,-1.522878745,1959
1325,74,186,2550000,capture,,-1.54668166,1959
1326,79,197,145000,capture,,-0.4948500217,1959
1327,79,197,200000,capture,,-0.5559552041,1959
1328,79,197,245000,capture,,-0.5751183634,1959
1329,79,197,305000,capture,,-0.5934598196,1959
1330,79,197,400000,capture,,-0.7099653886,1959
1331,79,197,445000,capture,,-0.801342913,1959
1332,79,197,495000,capture,,-0.8386319978,1959
1333,79,197,520000,capture,,-0.7958800173,1959
1334,79,197,550000,capture,,-0.8239087409,1959
1335,79,197,595000,capture,,-0.903089987,1959
1336,79,197,800000,capture,,-0.9788107009,1959
1337,79,197,1000000,capture,,-1.045757491,1959
1338,79,197,1190000,capture,,-1.017728767,1959
1339,79,197,1400000,capture,,-1.086186148,1959
1340,79,197,1400000,capture,,-1.017728767,1959
1341,79,197,1400000,capture,,-1.045757491,1959
1342,79,197,1800000,capture,,-1.173925197,1959
1343,79,197,2200000,capture,,-1.327902142,1959
1344,79,197,2550000,capture,,-1.351639989,1959
1345,79,197,4800000,capture,,-1.838631998,1959
1346,79,197,5400000,capture,,-1.809668302,1959
1347,39,89,220000,capture,,-2.040958608,1967
1348,45,103,70000,capture,,-0.1499054056,1967
1349,45,103,125000,capture,,-0.3814289719,1967
1350,45,103,150000,capture,,-0.4518563626,1967
1351,45,103,182000,capture,,-0.4727568836,1967
1352,71,175,30000,capture,,0.1494962335,1967
1353,71,175,50000,capture,,0.01422642939,1967
1354,71,175,70000,capture,,-0.07027462162,1967
1355,71,175,85000,capture,,-0.1419442819,1967
1356,71,175,104000,capture,,-0.1693471862,1967
1357,71,175,125000,capture,,-0.2376966367,1967
1358,71,175,157000,capture,,-0.3668346463,1967
1359,71,175,200000,capture,,-0.4383024673,1967
1360,71,176,30000,capture,,0.3513323996,1967
1361,71,176,50000,capture,,0.2009325359,1967
1362,71,176,70000,capture,,0.07173476388,1967
1363,71,176,85000,capture,,0.03144886186,1967
1364,71,176,104000,capture,,-0.0325924434,1967
1365,71,176,125000,capture,,-0.0834407807,1967
1366,71,176,157000,capture,,-0.1205027128,1967
1367,71,176,200000,capture,,-0.1140736602,1967
1368,79,197,125000,capture,,-0.5646334934,1967
1369,79,197,150000,capture,,-0.5977386175,1967
1370,79,197,182000,capture,,-0.637140697,1967
1371,82,204,85000,capture,,-1.448550002,1967
1372,82,204,104000,capture,,-1.559090918,1967
1373,82,204,157000,capture,,-1.595166283,1967
1374,28,64,635000,capture,,-2.508638306,1965
1375,28,64,738000,capture,,-2.490797478,1965
1376,28,64,819000,capture,,-2.524328812,1965
1377,28,64,935000,capture,,-2.53165267,1965
1378,28,64,1036000,capture,,-2.578396073,1965
1379,28,64,1109000,capture,,-2.454692884,1965
1380,28,64,1205000,capture,,-2.35753548,1965
1381,28,64,1359000,capture,,-2.316052869,1965
1382,28,64,1502000,capture,,-2.508638306,1965
1383,28,64,1654000,capture,,-2.511449283,1965
1384,28,64,1795000,capture,,-2.53165267,1965
1385,28,64,1958000,capture,,-2.677780705,1965
1386,29,63,240000,capture,,-1.602059991,1944
1387,29,63,750000,capture,,-1.920818754,1944
1388,49,115,560000,capture,,-0.5686362358,1944
1389,49,115,750000,capture,,-0.5228787453,1944
1390,49,115,1320000,capture,,-0.5086383062,1944
1391,49,115,2800000,capture,,-1.397940009,1967
1392,64,160,2800000,capture,,-1.769551079,1967
1393,64,158,14800000,capture,,-2.467245621,1961
1394,45,103,49000,capture,,-0.06048074738,1960
1395,45,103,68000,capture,,-0.1674910873,1960
1396,45,103,100000,capture,,-0.15490196,1960
1397,45,103,150000,capture,,-0.3233063904,1960
1398,45,103,200000,capture,,-0.3979400087,1960
1399,45,103,250000,capture,,-0.4559319556,1960
1400,46,108,200000,capture,,-0.7557228792,1960
1401,46,108,200000,capture,,-0.6935749724,1960
1402,47,107,150000,capture,,-0.468521083,1960
1403,47,107,250000,capture,,-0.585026652,1960
1404,47,109,150000,capture,,-0.2676062402,1960
1405,47,109,200000,capture,,-0.3565473235,1960
1406,35,79,334000,capture,,-0.9751040399,1964
1407,35,79,386000,capture,,-1.073091898,1964
1408,35,79,486000,capture,,-1.299123292,1964
1409,35,79,590000,capture,,-1.395557934,1964
1410,35,79,686000,capture,,-1.455311978,1964
1411,35,79,792000,capture,,-1.521866572,1964
1412,35,79,886000,capture,,-1.577082019,1964
1413,35,79,991000,capture,,-1.59636481,1964
1414,35,79,1084000,capture,,-1.683191248,1964
1415,35,79,1187000,capture,,-1.698319051,1964
1416,35,79,1290000,capture,,-1.743282254,1964
1417,35,79,1393000,capture,,-1.788879459,1964
1418,35,79,1485000,capture,,-1.841637508,1964
1419,35,79,334000,capture,,-1.347947152,1964
1420,35,79,386000,capture,,-1.466100899,1964
1421,35,79,486000,capture,,-1.563360368,1964
1422,35,79,590000,capture,,-1.676335464,1964
1423,35,79,686000,capture,,-1.657379957,1964
1424,35,79,792000,capture,,-1.681519275,1964
1425,35,79,886000,capture,,-1.799149502,1964
1426,35,79,991000,capture,,-1.753994096,1964
1427,35,79,1084000,capture,,-1.825358807,1964
1428,35,79,1187000,capture,,-1.86518563,1964
1429,35,79,1290000,capture,,-1.808548986,1964
1430,35,79,1393000,capture,,-2.082127045,1964
1431,35,79,1485000,capture,,-1.929223537,1964
1432,35,81,792000,capture,,-1.565750548,1964
1433,35,81,886000,capture,,-1.620331966,1964
1434,35,81,991000,capture,,-1.669992299,1964
1435,35,81,1084000,capture,,-1.739213331,1964
1436,35,81,1187000,capture,,-1.749579998,1964
1437,35,81,1290000,capture,,-1.800519085,1964
1438,35,81,1393000,capture,,-1.829738285,1964
1439,35,81,1485000,capture,,-1.865822892,1964
1440,45,103,138000,capture,,-0.4161214015,1964
1441,45,103,163000,capture,,-0.4451475656,1964
1442,45,103,188000,capture,,-0.4607984007,1964
1443,45,103,238000,capture,,-0.5506759069,1964
1444,45,103,284000,capture,,-0.5611413406,1964
1445,45,103,338000,capture,,-0.660151217,1964
1446,45,103,384000,capture,,-0.7413627173,1964
1447,45,103,438000,capture,,-0.8486301498,1964
1448,45,103,488000,capture,,-0.9546770212,1964
1449,45,103,575000,capture,,-0.9978339382,1964
1450,45,103,681000,capture,,-1.056060536,1964
1451,45,103,745000,capture,,-1.107126593,1964
1452,45,103,825000,capture,,-1.113114641,1964
1453,45,103,881000,capture,,-1.190372958,1964
1454,45,103,950000,capture,,-1.183957659,1964
1455,45,103,1088000,capture,,-1.259637311,1964
1456,45,103,1175000,capture,,-1.243516036,1964
1457,45,103,1288000,capture,,-1.313721322,1964
1458,45,103,1488000,capture,,-1.330497166,1964
1459,45,103,1575000,capture,,-1.350957366,1964
1460,45,103,1688000,capture,,-1.407379179,1964
1461,45,103,138000,capture,,-1.306624849,1964
1462,45,103,163000,capture,,-1.32385532,1964
1463,45,103,188000,capture,,-1.34170235,1964
1464,45,103,238000,capture,,-1.425621436,1964
1465,45,103,284000,capture,,-1.424696667,1964
1466,45,103,338000,capture,,-1.521577812,1964
1467,45,103,384000,capture,,-1.581532979,1964
1468,45,103,438000,capture,,-1.667763585,1964
1469,45,103,488000,capture,,-1.782252927,1964
1470,45,103,575000,capture,,-1.79209647,1964
1471,45,103,681000,capture,,-1.848017605,1964
1472,45,103,745000,capture,,-1.879097182,1964
1473,45,103,825000,capture,,-1.86106606,1964
1474,45,103,881000,capture,,-1.967381239,1964
1475,45,103,950000,capture,,-1.919734373,1964
1476,45,103,1088000,capture,,-1.966576245,1964
1477,45,103,1175000,capture,,-1.93516778,1964
1478,45,103,1288000,capture,,-1.971428747,1964
1479,45,103,1488000,capture,,-1.951169913,1964
1480,45,103,1575000,capture,,-1.972242795,1964
1481,45,103,1688000,capture,,-1.994819487,1964
1482,49,115,325000,capture,,-0.956244873,1964
1483,49,115,374900,capture,,-1.049537781,1964
1484,49,115,475000,capture,,-1.080764962,1964
1485,49,115,575000,capture,,-1.100781582,1964
1486,49,115,675000,capture,,-1.056011125,1964
1487,49,115,775000,capture,,-1.112776669,1964
1488,49,115,874900,capture,,-1.086981316,1964
1489,49,115,974900,capture,,-1.159016163,1964
1490,49,115,1175000,capture,,-1.21502629,1964
1491,49,115,1374000,capture,,-1.271321633,1964
1492,49,115,325000,capture,,-0.7629592086,1964
1493,49,115,475000,capture,,-0.7977842242,1964
1494,49,115,575000,capture,,-0.7920964696,1964
1495,49,115,675000,capture,,-0.7872798456,1964
1496,49,115,775000,capture,,-0.7754669374,1964
1497,49,115,874900,capture,,-0.7493360805,1964
1498,49,115,974900,capture,,-0.7330630888,1964
1499,49,115,1175000,capture,,-0.7356544929,1964
1500,49,115,1374000,capture,,-0.7517814388,1964
1501,53,127,230000,capture,,-0.6237881497,1964
1502,53,127,280000,capture,,-0.7121982701,1964
1503,53,127,330000,capture,,-0.7554754884,1964
1504,53,127,380000,capture,,-0.7977842242,1964
1505,53,127,430000,capture,,-0.8315025165,1964
1506,53,127,480000,capture,,-0.8850555843,1964
1507,53,127,530000,capture,,-0.9143527117,1964
1508,53,127,580000,capture,,-0.9179330657,1964
1509,53,127,630000,capture,,-0.9503943874,1964
1510,53,127,680000,capture,,-0.9288547095,1964
1511,53,127,730000,capture,,-0.982132281,1964
1512,53,127,830000,capture,,-1.052419251,1964
1513,53,127,880000,capture,,-1.081917215,1964
1514,53,127,930000,capture,,-1.05744632,1964
1515,53,127,980000,capture,,-1.081864774,1964
1516,53,127,1030000,capture,,-1.12395545,1964
1517,53,127,1080000,capture,,-1.117988038,1964
1518,53,127,1130000,capture,,-1.106515654,1964
1519,53,127,1180000,capture,,-1.111202933,1964
1520,53,127,1230000,capture,,-1.121420762,1964
1521,53,127,1280000,capture,,-1.126272619,1964
1522,53,127,1330000,capture,,-1.131296798,1964
1523,53,127,1380000,capture,,-1.16653414,1964
1524,53,127,1430000,capture,,-1.178945245,1964
1525,53,127,1480000,capture,,-1.17276,1964
1526,53,127,1530000,capture,,-1.192871044,1964
1527,53,127,1580000,capture,,-1.214527797,1964
1528,53,127,1630000,capture,,-1.216811309,1964
1529,53,127,1680000,capture,,-1.220187137,1964
1530,73,181,124900,capture,,-2.870632404,1964
1531,73,181,160000,capture,,-2.83120798,1964
1532,73,181,208000,capture,,-2.86998805,1964
1533,73,181,256000,capture,,-2.808548986,1964
1534,73,181,305000,capture,,-2.837435593,1964
1535,73,181,355000,capture,,-2.892111975,1964
1536,73,181,452000,capture,,-2.92226882,1964
1537,73,181,550000,capture,,-2.932185489,1964
1538,73,181,648000,capture,,-2.935916564,1964
1539,73,181,746000,capture,,-2.90868484,1964
1540,73,181,843000,capture,,-2.879755204,1964
1541,73,181,892000,capture,,-2.873543887,1964
1542,73,181,941000,capture,,-2.826231177,1964
1543,73,181,1039000,capture,,-2.820161072,1964
1544,73,181,1137000,capture,,-2.816445466,1964
1545,73,181,1187000,capture,,-2.773657913,1964
1546,73,181,1235000,capture,,-2.788345599,1964
1547,73,181,1285000,capture,,-2.759950228,1964
1548,73,181,1333000,capture,,-2.756961951,1964
1549,73,181,1382000,capture,,-2.728390699,1964
1550,73,181,1432000,capture,,-2.737311656,1964
1551,73,181,1480000,capture,,-2.715118285,1964
1552,73,181,1530000,capture,,-2.733768303,1964
1553,73,181,1578000,capture,,-2.728390699,1964
1554,73,181,1628000,capture,,-2.715118285,1964
1555,73,181,170000,capture,,-0.42136079,1964
1556,73,181,180000,capture,,-0.427360703,1964
1557,73,181,220000,capture,,-0.5231683715,1964
1558,73,181,260000,capture,,-0.5005878743,1964
1559,73,181,320000,capture,,-0.6143937264,1964
1560,73,181,360000,capture,,-0.5987718325,1964
1561,73,181,450000,capture,,-0.7191940716,1964
1562,73,181,565000,capture,,-0.8024437868,1964
1563,73,181,650000,capture,,-0.8218867477,1964
1564,73,181,760000,capture,,-0.8728952016,1964
1565,73,181,950000,capture,,-0.9229956732,1964
1566,73,181,1150000,capture,,-0.9465373951,1964
1567,73,181,1350000,capture,,-0.9952488444,1964
1568,73,181,1540000,capture,,-1.034892414,1964
1569,44,104,14700000,capture,,-2.602059991,1966
1570,47,107,195000,capture,,-0.6090648929,1946
1571,47,107,390000,capture,,-0.8860566477,1946
1572,47,107,5900000,capture,,-1.728158393,1946
1573,47,109,195000,capture,,-0.563837353,1946
1574,47,109,390000,capture,,-0.7695510786,1946
1575,47,109,5900000,capture,,-1.017728767,1946
1576,49,115,390000,capture,,-0.6695862267,1946
1577,49,115,5900000,capture,,-1.625251654,1946
1578,53,127,390000,capture,,-0.5406075122,1946
1579,53,127,5900000,capture,,-1.539102157,1946
1580,90,232,195000,capture,,-0.5559552041,1946
1581,90,232,390000,capture,,-0.7772835289,1946
1582,92,238,5900000,capture,,-1.807636297,1946
1583,49,113,361000,capture,,-0.6428982138,1968
1584,49,113,448000,capture,,-0.7231235949,1968
1585,49,113,519000,capture,,-0.7996229327,1968
1586,49,113,599000,capture,,-0.7183605962,1968
1587,49,113,662000,capture,,-0.7119038523,1968
1588,49,113,715000,capture,,-0.7104051023,1968
1589,49,113,772000,capture,,-0.6661889117,1968
1590,49,113,834000,capture,,-0.645475876,1968
1591,49,113,895000,capture,,-0.6681867242,1968
1592,49,113,958000,capture,,-0.6280731943,1968
1593,49,113,1017000,capture,,-0.6133007259,1968
1594,49,113,368000,capture,,-1.255461665,1968
1595,49,113,453000,capture,,-1.290784164,1968
1596,49,113,530000,capture,,-1.266290417,1968
1597,49,113,614000,capture,,-1.246537271,1968
1598,49,113,674000,capture,,-1.260546298,1968
1599,49,113,723000,capture,,-1.233942519,1968
1600,49,113,784000,capture,,-1.22938276,1968
1601,49,113,850000,capture,,-1.222457797,1968
1602,49,113,908000,capture,,-1.215870755,1968
1603,49,113,965000,capture,,-1.185498047,1968
1604,49,113,1022000,capture,,-1.210832371,1968
1605,49,115,361000,capture,,-0.823684594,1968
1606,49,115,448000,capture,,-0.8347568647,1968
1607,49,115,519000,capture,,-0.8314446453,1968
1608,49,115,599000,capture,,-0.8043668668,1968
1609,49,115,662000,capture,,-0.7970141253,1968
1610,49,115,715000,capture,,-0.7960827354,1968
1611,49,115,772000,capture,,-0.7552892231,1968
1612,49,115,834000,capture,,-0.7687664343,1968
1613,49,115,895000,capture,,-0.7459804467,1968
1614,49,115,958000,capture,,-0.7418469335,1968
1615,49,115,1017000,capture,,-0.7616056808,1968
1616,49,115,365000,capture,,-1.353927812,1968
1617,49,115,449000,capture,,-1.254675722,1968
1618,49,115,522000,capture,,-1.310918396,1968
1619,49,115,611000,capture,,-1.280329119,1968
1620,49,115,666000,capture,,-1.306262181,1968
1621,49,115,719000,capture,,-1.280181757,1968
1622,49,115,773000,capture,,-1.278323465,1968
1623,49,115,844000,capture,,-1.274703135,1968
1624,49,115,904000,capture,,-1.326689669,1968
1625,49,115,959000,capture,,-1.248144788,1968
1626,49,115,1019000,capture,,-1.373343927,1968
1627,49,113,363000,capture,,-0.565431096,1963
1628,49,113,448000,capture,,-0.6736641391,1963
1629,49,113,519000,capture,,-0.7619538969,1963
1630,49,113,599000,capture,,-0.681936665,1963
1631,49,113,662000,capture,,-0.6840296545,1963
1632,49,113,715000,capture,,-0.7011469236,1963
1633,49,113,772000,capture,,-0.6675615401,1963
1634,49,113,834000,capture,,-0.642065153,1963
1635,49,113,891000,capture,,-0.6615435064,1963
1636,49,113,958000,capture,,-0.651695137,1963
1637,49,113,1017000,capture,,-0.6090648929,1963
1638,49,115,363000,capture,,-0.721246399,1963
1639,49,115,448000,capture,,-0.7619538969,1963
1640,49,115,519000,capture,,-0.7746907183,1963
1641,49,115,599000,capture,,-0.747146969,1963
1642,49,115,662000,capture,,-0.7258421507,1963
1643,49,115,715000,capture,,-0.7520267336,1963
1644,49,115,772000,capture,,-0.721246399,1963
1645,49,115,834000,capture,,-0.735182177,1963
1646,49,115,891000,capture,,-0.714442691,1963
1647,49,115,958000,capture,,-0.7423214251,1963
1648,49,115,1017000,capture,,-0.7328282716,1963
1649,49,113,368000,capture,,-1.069560405,1964
1650,49,113,453000,capture,,-1.13430394,1964
1651,49,113,530000,capture,,-1.121478204,1964
1652,49,113,614000,capture,,-1.101274818,1964
1653,49,113,674000,capture,,-1.115204636,1964
1654,49,113,723000,capture,,-1.107905397,1964
1655,49,113,784000,capture,,-1.1123827,1964
1656,49,113,850000,capture,,-1.107348966,1964
1657,49,113,908000,capture,,-1.104577454,1964
1658,49,113,965000,capture,,-1.104025268,1964
1659,49,113,1022000,capture,,-1.102372909,1964
1660,49,115,364000,capture,,-1.279014256,1964
1661,49,115,449000,capture,,-1.209011525,1964
1662,49,115,522000,capture,,-1.279014256,1964
1663,49,115,611000,capture,,-1.246416941,1964
1664,49,115,666000,capture,,-1.269217724,1964
1665,49,115,719000,capture,,-1.2644011,1964
1666,49,115,772000,capture,,-1.274905479,1964
1667,49,115,844000,capture,,-1.271646218,1964
1668,49,115,903000,capture,,-1.325138859,1964
1669,49,115,959000,capture,,-1.27572413,1964
1670,49,115,1019000,capture,,-1.374687549,1964
1671,53,127,270000,capture,,-0.4436974992,1953
1672,53,127,310000,capture,,-0.468521083,1953
1673,53,127,370000,capture,,-0.5257837359,1953
1674,53,127,470000,capture,,-0.6143937264,1953
1675,53,127,660000,capture,,-0.7569619513,1953
1676,53,127,770000,capture,,-0.8386319978,1953
1677,53,127,870000,capture,,-0.8696662315,1953
1678,53,127,970000,capture,,-0.9100948886,1953
1679,53,127,1060000,capture,,-1,1953
1680,53,127,1170000,capture,,-1,1953
1681,53,127,1270000,capture,,-1.045757491,1953
1682,53,127,1370000,capture,,-1.045757491,1953
1683,53,127,1620000,capture,,-1.080921908,1953
1684,57,139,14800000,capture,,-2.958607315,1960
1685,59,141,14800000,capture,,-2.677780705,1960
1686,64,160,14800000,capture,,-2.522878745,1960
1687,66,164,14800000,capture,,-2.823908741,1960
1688,66,164,14800000,capture,,-2.096910013,1960
1689,71,175,14800000,capture,,-2.698970004,1960
1690,72,180,710000,capture,,-1.41453927,1962
1691,72,180,850000,capture,,-1.332547047,1962
1692,72,180,1790000,capture,,-1.407823243,1962
1693,72,180,2000000,capture,,-1.494850022,1962
1694,72,180,2720000,capture,,-1.602059991,1962
1695,72,180,3000000,capture,,-1.638272164,1962
1696,72,180,3650000,capture,,-1.777283529,1962
1697,72,180,3970000,capture,,-1.785156152,1962
1698,73,181,118000,capture,,-0.369572125,1962
1699,73,181,176000,capture,,-0.5044556625,1962
1700,73,181,247000,capture,,-0.5497508917,1962
1701,73,181,112000,capture,,-0.448550002,1962
1702,73,181,240000,capture,,-0.4894549898,1962
1703,73,181,255000,capture,,-0.6675615401,1962
1704,73,181,430000,capture,,-0.7772835289,1962
1705,73,181,580000,capture,,-0.7258421507,1962
1706,73,181,710000,capture,,-0.9586073148,1962
1707,73,181,790000,capture,,-0.735182177,1962
1708,73,181,850000,capture,,-1.060480747,1962
1709,73,181,870000,capture,,-0.8538719643,1962
1710,73,181,990000,capture,,-0.9065783148,1962
1711,73,181,1000000,capture,,-0.896196279,1962
1712,73,181,1610000,capture,,-1.080921908,1962
1713,73,181,1790000,capture,,-1.187086643,1962
1714,73,181,2000000,capture,,-1.255707017,1962
1715,73,181,2720000,capture,,-1.537602002,1962
1716,73,181,3000000,capture,,-1.619788758,1962
1717,73,181,3650000,capture,,-1.801342913,1962
1718,73,181,3970000,capture,,-1.850780887,1962
1719,74,186,430000,capture,,-1.065501549,1962
1720,74,186,580000,capture,,-1.148741651,1962
1721,74,186,710000,capture,,-1.273272791,1962
1722,74,186,790000,capture,,-1.13076828,1962
1723,74,186,850000,capture,,-1.356547324,1962
1724,74,186,870000,capture,,-1.187086643,1962
1725,74,186,990000,capture,,-1.207608311,1962
1726,74,186,1000000,capture,,-1.236572006,1962
1727,74,186,1610000,capture,,-1.356547324,1962
1728,74,186,1790000,capture,,-1.431798276,1962
1729,74,186,2000000,capture,,-1.508638306,1962
1730,74,186,2720000,capture,,-1.677780705,1962
1731,74,186,3000000,capture,,-1.795880017,1962
1732,74,186,3650000,capture,,-1.995678626,1962
1733,74,186,3970000,capture,,-2.045757491,1962
1734,79,197,112000,capture,,-0.3968556274,1962
1735,79,197,240000,capture,,-0.4522252946,1962
1736,79,197,247000,capture,,-0.4353339357,1962
1737,79,197,255000,capture,,-0.5622494372,1962
1738,79,197,430000,capture,,-0.681936665,1962
1739,79,197,580000,capture,,-0.7447274949,1962
1740,79,197,710000,capture,,-0.9469215565,1962
1741,79,197,790000,capture,,-0.8239087409,1962
1742,79,197,850000,capture,,-1.038104526,1962
1743,79,197,870000,capture,,-0.9100948886,1962
1744,79,197,990000,capture,,-0.8927900304,1962
1745,79,197,1000000,capture,,-0.9665762445,1962
1746,79,197,1610000,capture,,-1.025488307,1962
1747,79,197,1790000,capture,,-1.107905397,1962
1748,79,197,2000000,capture,,-1.193820026,1962
1749,79,197,2720000,capture,,-1.468521083,1962
1750,79,197,3000000,capture,,-1.530177984,1962
1751,79,197,3650000,capture,,-1.675717545,1962
1752,79,197,3970000,capture,,-1.71219827,1962
1753,79,197,118000,capture,,-0.388276692,1962
1754,79,197,176000,capture,,-0.4225082002,1962
1755,90,232,118000,capture,,-0.5142785735,1962
1756,90,232,176000,capture,,-0.6903698326,1962
1757,90,232,247000,capture,,-0.6595558852,1962
1758,90,232,112000,capture,,-0.6635402662,1962
1759,90,232,240000,capture,,-0.7520267336,1962
1760,90,232,255000,capture,,-0.8507808873,1962
1761,90,232,430000,capture,,-0.8297382846,1962
1762,90,232,580000,capture,,-0.8153085692,1962
1763,90,232,710000,capture,,-0.8386319978,1962
1764,90,232,790000,capture,,-0.8041003476,1962
1765,90,232,850000,capture,,-0.9507819773,1962
1766,90,232,870000,capture,,-0.8297382846,1962
1767,90,232,990000,capture,,-0.876148359,1962
1768,90,232,1000000,capture,,-0.8601209136,1962
1769,90,232,1610000,capture,,-1.001304842,1962
1770,90,232,1790000,capture,,-1.075720714,1962
1771,90,232,2000000,capture,,-1.214670165,1962
1772,90,232,2720000,capture,,-1.552841969,1962
1773,90,232,3000000,capture,,-1.63638802,1962
1774,90,232,3650000,capture,,-1.821023053,1962
1775,90,232,3970000,capture,,-1.869666232,1962
1776,39,89,223000,capture,,-3.46470588,1967
1777,39,89,318000,capture,,-3.431798276,1967
1778,39,89,426000,capture,,-3.384049948,1967
1779,39,89,525000,capture,,-3.331614083,1967
1780,39,89,609000,capture,,-3.341988603,1967
1781,39,89,724000,capture,,-3.316052869,1967
1782,39,89,824000,capture,,-3.281498311,1967
1783,39,89,926000,capture,,-3.321481621,1967
1784,39,89,1027000,capture,,-3.54515514,1967
1785,39,89,1085000,capture,,-3.496209317,1967
1786,39,89,1223000,capture,,-3.565431096,1967
1787,39,89,223000,capture,,-2.099086932,1967
1788,39,89,318000,capture,,-2.090979146,1967
1789,39,89,426000,capture,,-2.194499142,1967
1790,39,89,525000,capture,,-2.190440285,1967
1791,39,89,609000,capture,,-2.199970641,1967
1792,39,89,724000,capture,,-2.180456064,1967
1793,39,89,824000,capture,,-2.197910742,1967
1794,39,89,926000,capture,,-2.254144805,1967
1795,39,89,1027000,capture,,-2.324221658,1967
1796,39,89,1085000,capture,,-2.317854924,1967
1797,39,89,1223000,capture,,-2.325138859,1967
1798,39,89,223000,capture,,-3.4867824,1967
1799,39,89,318000,capture,,-3.448550002,1967
1800,39,89,426000,capture,,-3.375717904,1967
1801,39,89,525000,capture,,-3.321481621,1967
1802,39,89,609000,capture,,-3.301899454,1967
1803,39,89,724000,capture,,-3.289882635,1967
1804,39,89,824000,capture,,-3.261219442,1967
1805,39,89,926000,capture,,-3.30980392,1967
1806,39,89,1027000,capture,,-3.49757288,1967
1807,39,89,1085000,capture,,-3.448550002,1967
1808,39,89,1223000,capture,,-3.515700161,1967
1809,39,89,223000,capture,,-2.121478204,1967
1810,39,89,318000,capture,,-2.107348966,1967
1811,39,89,426000,capture,,-2.185752404,1967
1812,39,89,525000,capture,,-2.180456064,1967
1813,39,89,609000,capture,,-2.160521953,1967
1814,39,89,724000,capture,,-2.153662888,1967
1815,39,89,824000,capture,,-2.178486472,1967
1816,39,89,926000,capture,,-2.236572006,1967
1817,39,89,1027000,capture,,-2.274088368,1967
1818,39,89,1085000,capture,,-2.271646218,1967
1819,39,89,1223000,capture,,-2.277366077,1967
1820,39,89,14800000,capture,,-3.301029996,1967
1821,75,185,43000,capture,,0.1789769473,1965
1822,75,185,66000,capture,,0.05690485134,1965
1823,75,185,93000,capture,,0.02530586526,1965
1824,75,185,178000,capture,,-0.151810883,1965
1825,75,185,263000,capture,,-0.2006594505,1965
1826,75,185,375000,capture,,-0.2441251443,1965
1827,75,185,472000,capture,,-0.3372421683,1965
1828,75,185,530000,capture,,-0.3979400087,1965
1829,75,185,569000,capture,,-0.408935393,1965
1830,75,185,609000,capture,,-0.361510743,1965
1831,75,185,669000,capture,,-0.3233063904,1965
1832,75,185,703000,capture,,-0.3872161433,1965
1833,75,185,766000,capture,,-0.3716110699,1965
1834,75,185,870000,capture,,-0.3925449768,1965
1835,75,185,948000,capture,,-0.361510743,1965
1836,75,185,1035000,capture,,-0.4317982759,1965
1837,75,185,1090000,capture,,-0.4436974992,1965
1838,75,185,1160000,capture,,-0.4497716469,1965
1839,75,185,1258000,capture,,-0.4145392705,1965
1840,75,185,1358000,capture,,-0.5272435507,1965
1841,75,185,1484000,capture,,-0.6478174819,1965
1842,75,185,1562000,capture,,-0.638272164,1965
1843,75,185,1758000,capture,,-0.6197887583,1965
1844,75,185,1886000,capture,,-0.7328282716,1965
1845,75,185,1992000,capture,,-0.903089987,1965
1846,75,185,2087000,capture,,-0.9788107009,1965
1847,75,185,2148000,capture,,-0.920818754,1965
1848,75,185,2644000,capture,,-0.920818754,1965
1849,75,187,43000,capture,,-1.482804102,1965
1850,75,187,93000,capture,,-1.68613278,1965
1851,75,187,178000,capture,,-1.677780705,1965
1852,75,187,265000,capture,,-1.705533774,1965
1853,75,187,279000,capture,,-1.716698771,1965
1854,75,187,375000,capture,,-1.812479279,1965
1855,75,187,472000,capture,,-1.920818754,1965
1856,75,187,530000,capture,,-1.974694135,1965
1857,75,187,569000,capture,,-1.93930216,1965
1858,75,187,609000,capture,,-1.844663963,1965
1859,75,187,669000,capture,,-1.966576245,1965
1860,75,187,703000,capture,,-2,1965
1861,75,187,766000,capture,,-1.966576245,1965
1862,75,187,870000,capture,,-1.991399828,1965
1863,75,187,977000,capture,,-2.050609993,1965
1864,75,187,1090000,capture,,-2.096910013,1965
1865,75,187,1160000,capture,,-2.119186408,1965
1866,75,187,1206000,capture,,-2.050609993,1965
1867,75,187,1258000,capture,,-2.065501549,1965
1868,75,187,1758000,capture,,-2.22184875,1965
1869,75,187,1992000,capture,,-2.214670165,1965
1870,75,187,2087000,capture,,-2.229147988,1965
1871,75,187,2148000,capture,,-2.346787486,1965
1872,75,187,2644000,capture,,-2.408935393,1965
1873,75,187,43000,capture,,0.02118929907,1965
1874,75,187,66000,capture,,-0.07831352452,1965
1875,75,187,93000,capture,,-0.1426675036,1965
1876,75,187,178000,capture,,-0.2041199827,1965
1877,75,187,265000,capture,,-0.288192771,1965
1878,75,187,375000,capture,,-0.4294570601,1965
1879,75,187,472000,capture,,-0.4921441283,1965
1880,75,187,530000,capture,,-0.5272435507,1965
1881,75,187,569000,capture,,-0.5376020021,1965
1882,75,187,609000,capture,,-0.4894549898,1965
1883,75,187,669000,capture,,-0.5622494372,1965
1884,75,187,703000,capture,,-0.6055483192,1965
1885,75,187,766000,capture,,-0.6108339156,1965
1886,75,187,870000,capture,,-0.6635402662,1965
1887,75,187,977000,capture,,-0.7011469236,1965
1888,75,187,1035000,capture,,-0.6798537139,1965
1889,75,187,1090000,capture,,-0.7447274949,1965
1890,75,187,1160000,capture,,-0.7904849855,1965
1891,75,187,1258000,capture,,-0.8297382846,1965
1892,75,187,1358000,capture,,-0.8601209136,1965
1893,75,187,1484000,capture,,-0.9172146297,1965
1894,75,187,1562000,capture,,-0.9829666607,1965
1895,75,187,1758000,capture,,-0.9665762445,1965
1896,75,187,1886000,capture,,-1.000869459,1965
1897,75,187,1992000,capture,,-1.048662481,1965
1898,75,187,2087000,capture,,-1.084600165,1965
1899,75,187,2148000,capture,,-1.128427064,1965
1900,75,187,2644000,capture,,-1.223298816,1965
1901,75,185,40000,capture,,0.1105897103,1968
1902,75,187,40000,capture,,0.103803721,1968
1903,79,197,143000,capture,,-0.4788619163,1965
1904,79,197,223000,capture,,-0.5482135645,1965
1905,79,197,318000,capture,,-0.625251654,1965
1906,79,197,426000,capture,,-0.747146969,1965
1907,79,197,525000,capture,,-0.8230410194,1965
1908,79,197,609000,capture,,-0.9023956711,1965
1909,79,197,724000,capture,,-0.9590023076,1965
1910,79,197,824000,capture,,-0.9965394679,1965
1911,79,197,926000,capture,,-1.026872146,1965
1912,79,197,1027000,capture,,-1.083019953,1965
1913,79,197,1085000,capture,,-1.077793723,1965
1914,79,197,1223000,capture,,-1.097453221,1965
1915,79,197,129300,capture,,-0.5364055978,1965
1916,79,197,168800,capture,,-0.5548630313,1965
1917,79,197,232300,capture,,-0.5731635462,1965
1918,79,197,284200,capture,,-0.6530605373,1965
1919,79,197,372100,capture,,-0.7411233706,1965
1920,79,197,508600,capture,,-0.8860566477,1965
1921,79,197,555200,capture,,-0.9374180158,1965
1922,79,197,691200,capture,,-1.032452024,1965
1923,79,197,150000,capture,,-0.4814860601,1961
1924,79,197,200000,capture,,-0.4962093169,1961
1925,79,197,250000,capture,,-0.5214335044,1961
1926,79,197,300000,capture,,-0.5686362358,1961
1927,79,197,400000,capture,,-0.6925039621,1961
1928,79,197,500000,capture,,-0.7878123956,1961
1929,79,197,600000,capture,,-0.8860566477,1961
1930,79,197,700000,capture,,-0.9281179927,1961
1931,79,197,800000,capture,,-0.9788107009,1961
1932,79,197,900000,capture,,-1.004364805,1961
1933,79,197,1000000,capture,,-1.036212173,1961
1934,79,197,1100000,capture,,-1.091514981,1961
1935,79,197,1200000,capture,,-1.055517328,1961
1936,79,197,1300000,capture,,-1.096910013,1961
1937,79,197,1400000,capture,,-1.13076828,1961
1938,79,197,1500000,capture,,-1.124938737,1961
1939,83,209,220000,capture,,-1.677780705,1958
1940,90,232,191000,capture,,-0.6635402662,1963
1941,90,232,290000,capture,,-0.7375489103,1963
1942,90,232,394000,capture,,-0.785156152,1963
1943,90,232,482000,capture,,-0.7772835289,1963
1944,90,232,491000,capture,,-0.714442691,1963
1945,90,232,493000,capture,,-0.739928612,1963
1946,90,232,493000,capture,,-0.7495799977,1963
1947,90,232,523000,capture,,-0.7447274949,1963
1948,90,232,590000,capture,,-0.7258421507,1963
1949,90,232,684000,capture,,-0.6575773192,1963
1950,90,232,689000,capture,,-0.7055337738,1963
1951,90,232,705000,capture,,-0.6777807053,1963
1952,90,232,785000,capture,,-0.6716203966,1963
1953,90,232,791000,capture,,-0.7077439286,1963
1954,90,232,809000,capture,,-0.7447274949,1963
1955,90,232,885000,capture,,-0.7544873322,1963
1956,90,232,887000,capture,,-0.7099653886,1963
1957,90,232,978000,capture,,-0.7825160558,1963
1958,90,232,988000,capture,,-0.8181564121,1963
1959,90,232,1086000,capture,,-0.8181564121,1963
1960,90,232,1091000,capture,,-0.8068754016,1963
1961,90,232,1170000,capture,,-0.8181564121,1963
1962,92,233,60000,capture,,-0.4801720062,1962
1963,92,233,175000,capture,,-0.627087997,1962
1964,92,233,250000,capture,,-0.6695862267,1962
1965,92,233,400000,capture,,-0.7544873322,1962
1966,92,233,600000,capture,,-0.9065783148,1962
1967,92,233,750000,capture,,-1.031517051,1962
1968,92,233,900000,capture,,-1.013228266,1962
1969,92,233,1000000,capture,,-1.236572006,1962
1970,92,235,60000,capture,,-0.153044675,1962
1971,92,235,175000,capture,,-0.4596705252,1962
1972,92,235,250000,capture,,-0.5214335044,1962
1973,92,235,400000,capture,,-0.7033348097,1962
1974,92,235,600000,capture,,-0.7644715531,1962
1975,92,235,750000,capture,,-0.8239087409,1962
1976,92,235,900000,capture,,-0.8927900304,1962
1977,92,235,1000000,capture,,-0.9625735021,1962
1978,92,236,300000,capture,,-0.5767541261,1961
1979,92,236,457000,capture,,-0.5900668767,1961
1980,92,236,655000,capture,,-0.563837353,1961
1981,92,236,750000,capture,,-0.5243288117,1961
1982,92,236,940000,capture,,-0.4894549898,1961
1983,92,236,1200000,capture,,-0.571865206,1961
1984,92,236,1446000,capture,,-0.6655462488,1961
1985,27,59,417400,capture,,-2.073760479,1975
1986,27,59,419300,capture,,-2.111989088,1975
1987,27,59,422800,capture,,-2.037346595,1975
1988,27,59,425800,capture,,-1.973875483,1975
1989,27,59,427900,capture,,-2.036920839,1975
1990,27,59,428400,capture,,-2.002482561,1975
1991,27,59,434300,capture,,-2.091675861,1975
1992,27,59,434400,capture,,-2.033107704,1975
1993,27,59,440700,capture,,-2.116792967,1975
1994,27,59,445800,capture,,-2.111989088,1975
1995,27,59,446200,capture,,-2.326426204,1975
1996,27,59,453000,capture,,-2.115204636,1975
1997,27,59,455900,capture,,-2.180258703,1975
1998,27,59,461500,capture,,-2.198459094,1975
1999,27,59,467900,capture,,-2.189297139,1975
2000,27,59,470800,capture,,-2.218172847,1975
2001,27,59,472600,capture,,-2.072321736,1975
2002,27,59,475700,capture,,-2.286509457,1975
2003,27,59,481800,capture,,-2.210066919,1975
2004,27,59,485500,capture,,-2.30346888,1975
2005,27,59,489000,capture,,-2.216096421,1975
2006,27,59,494600,capture,,-2.216096421,1975
2007,27,59,495600,capture,,-2.272377422,1975
2008,27,59,499700,capture,,-2.186685941,1975
2009,27,59,502500,capture,,-2.140021558,1975
2010,27,59,507200,capture,,-2.243363892,1975
2011,27,59,509300,capture,,-2.200177169,1975
2012,27,59,513800,capture,,-2.256490235,1975
2013,27,59,516900,capture,,-2.194363234,1975
2014,27,59,520700,capture,,-2.26776712,1975
2015,27,59,524500,capture,,-2.222283261,1975
2016,27,59,526800,capture,,-2.272377422,1975
2017,27,59,533100,capture,,-2.291239276,1975
2018,27,59,542400,capture,,-2.284080183,1975
2019,27,59,552700,capture,,-2.274741934,1975
2020,27,59,561700,capture,,-2.256255121,1975
2021,27,59,569600,capture,,-2.254066842,1975
2022,27,59,575800,capture,,-2.258769589,1975
2023,27,59,581800,capture,,-2.216096421,1975
2024,27,59,585000,capture,,-2.192464972,1975
2025,27,59,590200,capture,,-2.206069993,1975
2026,27,59,595400,capture,,-2.23694656,1975
2027,27,59,603300,capture,,-2.23694656,1975
2028,27,59,612300,capture,,-2.239050049,1975
2029,27,59,618600,capture,,-2.245498771,1975
2030,27,59,626800,capture,,-2.258769589,1975
2031,27,59,631100,capture,,-2.212114649,1975
2032,27,59,635700,capture,,-2.152119003,1975
2033,27,59,641300,capture,,-2.186685941,1975
2034,27,59,646900,capture,,-2.169989064,1975
2035,27,59,649600,capture,,-2.126563137,1975
2036,27,59,654700,capture,,-2.182963774,1975
2037,27,59,662200,capture,,-2.181048688,1975
2038,27,59,668100,capture,,-2.186685941,1975
2039,27,59,668100,capture,,-2.218172847,1975
2040,27,59,673200,capture,,-2.245498771,1975
2041,27,59,674100,capture,,-2.186685941,1975
2042,27,59,681900,capture,,-2.249877473,1975
2043,27,59,689600,capture,,-2.258375742,1975
2044,27,59,693300,capture,,-2.316052869,1975
2045,27,59,698200,capture,,-2.356251315,1975
2046,27,59,704300,capture,,-2.293709043,1975
2047,27,59,710600,capture,,-2.272377422,1975
2048,27,59,718000,capture,,-2.308476478,1975
2049,27,59,721900,capture,,-2.241163775,1975
2050,92,238,155100,capture,,-0.7833064008,1975
2051,92,238,170600,capture,,-0.7838340977,1975
2052,92,238,189400,capture,,-0.8213107602,1975
2053,92,238,210400,capture,,-0.8204482088,1975
2054,92,238,232100,capture,,-0.8610660597,1975
2055,92,238,250800,capture,,-0.8917733436,1975
2056,92,238,271300,capture,,-0.896196279,1975
2057,92,238,292200,capture,,-0.8863908489,1975
2058,92,238,311200,capture,,-0.8847224086,1975
2059,92,238,331000,capture,,-0.9172146297,1975
2060,92,238,350500,capture,,-0.9240882385,1975
2061,92,238,371800,capture,,-0.9017024635,1975
2062,92,238,391200,capture,,-0.9423338961,1975
2063,92,238,410100,capture,,-0.9446216686,1975
2064,92,238,432600,capture,,-0.9288547095,1975
2065,92,238,453600,capture,,-0.9229956732,1975
2066,92,238,473000,capture,,-0.9270152554,1975
2067,67,165,399700,capture,,-0.4933596944,1975
2068,67,165,493600,capture,,-0.5526868912,1975
2069,67,165,595800,capture,,-0.6615435064,1975
2070,67,165,710800,capture,,-0.7703181577,1975
2071,67,165,858200,capture,,-0.9013562742,1975
2072,67,165,899800,capture,,-0.9503943874,1975
2073,67,165,999800,capture,,-0.966174306,1975
2074,67,165,1112000,capture,,-1.053547735,1975
2075,67,165,1206000,capture,,-1.025718641,1975
2076,67,165,1294000,capture,,-1.063787956,1975
2077,67,165,1405000,capture,,-1.079876674,1975
2078,67,165,1507000,capture,,-1.095988116,1975
2079,67,165,1694000,capture,,-1.095446737,1975
2080,67,165,1997000,capture,,-1.154964006,1975
2081,67,165,2495000,capture,,-1.236197776,1975
2082,67,165,3014000,capture,,-1.399898744,1975
2083,41,93,690300,capture,,-1.308211476,1975
2084,41,93,832500,capture,,-1.334794372,1975
2085,41,93,893200,capture,,-1.356349962,1975
2086,41,93,993200,capture,,-1.438183336,1975
2087,41,93,1105000,capture,,-1.536405598,1975
2088,41,93,1186000,capture,,-1.629301907,1975
2089,41,93,1288000,capture,,-1.683819901,1975
2090,41,93,1397000,capture,,-1.66695597,1975
2091,41,93,1483000,capture,,-1.748848657,1975
2092,41,93,1689000,capture,,-1.88008459,1975
2093,41,93,1991000,capture,,-1.97798426,1975
2094,41,93,2492000,capture,,-2.190777078,1975
2095,73,181,398100,capture,,-0.7510463845,1975
2096,73,181,497600,capture,,-0.8380333836,1975
2097,73,181,593500,capture,,-0.9303319031,1975
2098,73,181,691400,capture,,-0.9952488444,1975
2099,73,181,844100,capture,,-1.060430831,1975
2100,73,181,884600,capture,,-1.071194629,1975
2101,73,181,994500,capture,,-1.076289806,1975
2102,73,181,1186000,capture,,-1.130416292,1975
2103,73,181,1272000,capture,,-1.124707175,1975
2104,73,181,1381000,capture,,-1.146362618,1975
2105,73,181,1499000,capture,,-1.135133086,1975
2106,73,181,1666000,capture,,-1.194975156,1975
2107,73,181,1787000,capture,,-1.1837587,1975
2108,73,181,1986000,capture,,-1.249029016,1975
2109,73,181,2083000,capture,,-1.303556237,1975
2110,73,181,2484000,capture,,-1.41240127,1975
2111,73,181,2963000,capture,,-1.488383979,1975
2112,73,181,3456000,capture,,-1.684659523,1975
2113,79,197,299000,capture,,-0.6865546296,1975
2114,79,197,400900,capture,,-0.7347103741,1975
2115,79,197,507000,capture,,-0.7503125722,1975
2116,79,197,597400,capture,,-0.8099485822,1975
2117,79,197,859000,capture,,-0.9129287941,1975
2118,79,197,1012000,capture,,-0.9284861949,1975
2119,79,197,1193000,capture,,-0.9554602396,1975
2120,79,197,1295000,capture,,-0.966174306,1975
2121,79,197,1406000,capture,,-0.9767475404,1975
2122,79,197,1509000,capture,,-0.982132281,1975
2123,79,197,1696000,capture,,-1.0473044,1975
2124,79,197,1998000,capture,,-1.134244776,1975
2125,79,197,2493000,capture,,-1.346787486,1975
2126,79,197,3006000,capture,,-1.422738046,1975
2127,92,238,392200,capture,,-0.9538952128,1975
2128,92,238,490400,capture,,-0.925915311,1975
2129,92,238,584900,capture,,-0.9090369234,1975
2130,92,238,689800,capture,,-0.8591778199,1975
2131,92,238,775600,capture,,-0.8807441107,1975
2132,92,238,842100,capture,,-0.880414225,1975
2133,92,238,893400,capture,,-0.8365404482,1975
2134,92,238,981200,capture,,-0.8690233084,1975
2135,92,238,1090000,capture,,-0.9344202853,1975
2136,92,238,1183000,capture,,-0.9722427953,1975
2137,82,204,78761,capture,,-2.15490196,1984
2138,82,204,78786,capture,,-1.721246399,1984
2139,82,204,78805,capture,,-2.522878745,1984
2140,82,204,78836,capture,,-2.096910013,1984
2141,82,204,78860,capture,,-1.585026652,1984
2142,82,204,78891,capture,,-1.327902142,1984
2143,82,204,78960,capture,,-1.356547324,1984
2144,82,204,78984,capture,,-1.065501549,1984
2145,82,204,79008,capture,,-0.9318141383,1984
2146,82,204,79033,capture,,-0.9469215565,1984
2147,82,204,79065,capture,,-1.142667504,1984
2148,82,204,79089,capture,,-0.9829666607,1984
2149,82,204,79121,capture,,-1.13667714,1984
2150,82,204,79191,capture,,-1.431798276,1984
2151,82,204,79198,capture,,-1.886056648,1984
2152,82,204,79236,capture,,-2.698970004,1984
2153,82,204,79254,capture,,-1.795880017,1984
2154,82,204,79273,capture,,-2.15490196,1984
2155,82,204,79304,capture,,-2.22184875,1984
2156,82,204,79341,capture,,-1.920818754,1984
2157,82,204,79372,capture,,-1.455931956,1984
2158,82,204,79440,capture,,-1.214670165,1984
2159,82,204,79451,capture,,-1.013228266,1984
2160,82,204,79508,capture,,-1.091514981,1984
2161,82,204,79546,capture,,-1.193820026,1984
2162,82,204,79622,capture,,-1.602059991,1984
2163,82,204,79628,capture,,-2.045757491,1984
2164,82,204,79703,capture,,-1.886056648,1984
2165,82,204,79759,capture,,-1.677780705,1984
2166,82,204,79771,capture,,-1.48148606,1984
2167,82,204,79827,capture,,-1.431798276,1984
2168,82,204,79828,capture,,-1.920818754,1984
2169,82,204,79866,capture,,-2.045757491,1984
2170,82,204,79884,capture,,-1.744727495,1984
2171,82,204,79902,capture,,-1.508638306,1984
2172,82,204,79933,capture,,-1.387216143,1984
2173,82,204,79996,capture,,-1.30980392,1984
2174,82,204,80009,capture,,-1.638272164,1984
2175,82,204,80039,capture,,-1.15490196,1984
2176,82,204,80055,capture,,-0.8827287043,1984
2177,82,204,80086,capture,,-0.8239087409,1984
2178,82,204,80124,capture,,-0.8446639625,1984
2179,82,204,80136,capture,,-0.8068754016,1984
2180,82,204,80148,capture,,-0.7619538969,1984
2181,82,204,80172,capture,,-0.7258421507,1984
2182,82,204,80241,capture,,-0.714442691,1984
2183,82,204,80260,capture,,-0.7619538969,1984
2184,82,204,80277,capture,,-0.6216020991,1984
2185,82,204,80294,capture,,-0.54668166,1984
2186,82,204,80334,capture,,-0.6595558852,1984
2187,82,204,80357,capture,,-0.5346171486,1984
2188,82,204,80393,capture,,-0.4962093169,1984
2189,82,204,80401,capture,,-0.563837353,1984
2190,82,204,80440,capture,,-0.6695862267,1984
2191,82,204,80480,capture,,-0.9393021596,1984
2192,82,204,80511,capture,,-0.9065783148,1984
2193,82,204,80525,capture,,-1.045757491,1984
2194,82,204,80551,capture,,-1.455931956,1984
2195,82,204,80582,capture,,-1.387216143,1984
2196,82,204,80614,capture,,-1.455931956,1984
2197,82,204,80625,capture,,-1.13667714,1984
2198,82,204,80675,capture,,-1.148741651,1984
2199,82,204,80683,capture,,-1.552841969,1984
2200,82,204,80726,capture,,-1.387216143,1984
2201,82,204,80757,capture,,-1.366531544,1984
2202,82,204,80819,capture,,-1.37675071,1984
2203,82,204,80833,capture,,-1.769551079,1984
2204,82,204,80863,capture,,-1.508638306,1984
2205,82,204,80875,capture,,-1.327902142,1984
2206,82,204,80913,capture,,-1.327902142,1984
2207,82,204,80945,capture,,-1.795880017,1984
2208,82,204,80975,capture,,-1.259637311,1984
2209,82,204,81025,capture,,-1.387216143,1984
2210,82,204,81038,capture,,-1.301029996,1984
2211,82,204,81049,capture,,-1.119186408,1984
2212,82,204,81081,capture,,-1.187086643,1984
2213,82,204,81106,capture,,-1.366531544,1984
2214,82,204,81126,capture,,-1.537602002,1984
2215,82,204,81169,capture,,-1.537602002,1984
2216,82,204,81193,capture,,-1.236572006,1984
2217,82,204,81219,capture,,-1.48148606,1984
2218,82,204,81238,capture,,-1.602059991,1984
2219,82,204,81263,capture,,-1.508638306,1984
2220,82,204,81294,capture,,-1.408935393,1984
2221,82,204,81301,capture,,-1.677780705,1984
2222,82,204,81351,capture,,-1.886056648,1984
2223,82,204,81388,capture,,-1.677780705,1984
2224,82,204,81412,capture,,-1.26760624,1984
2225,82,204,81438,capture,,-1.537602002,1984
2226,82,204,81456,capture,,-1.37675071,1984
2227,82,204,81487,capture,,-1.229147988,1984
2228,82,204,81512,capture,,-1.318758763,1984
2229,82,204,81529,capture,,-1.013228266,1984
2230,82,204,81547,capture,,-0.903089987,1984
2231,82,204,81583,capture,,-0.793174124,1984
2232,82,204,81614,capture,,-0.7121982701,1984
2233,82,204,81641,capture,,-0.8894102897,1984
2234,82,204,81656,capture,,-0.6143937264,1984
2235,82,204,81695,capture,,-0.7033348097,1984
2236,82,204,81716,capture,,-0.9355420108,1984
2237,82,204,81730,capture,,-1.13076828,1984
2238,82,204,81760,capture,,-1.008773924,1984
2239,82,204,81786,capture,,-1.214670165,1984
2240,82,204,81799,capture,,-1.443697499,1984
2241,82,204,81837,capture,,-1.508638306,1984
2242,82,204,81867,capture,,-1.15490196,1984
2243,82,204,81880,capture,,-1.244125144,1984
2244,82,204,81899,capture,,-1.318758763,1984
2245,82,204,81936,capture,,-1.26760624,1984
2246,82,204,81960,capture,,-1.075720714,1984
2247,82,204,81990,capture,,-0.8827287043,1984
2248,82,204,82034,capture,,-0.9788107009,1984
2249,82,204,82070,capture,,-0.7447274949,1984
2250,82,204,82078,capture,,-1.013228266,1984
2251,82,204,82101,capture,,-0.7721132954,1984
2252,82,204,82126,capture,,-0.739928612,1984
2253,82,204,82126,capture,,-0.7569619513,1984
2254,82,204,82163,capture,,-0.7055337738,1984
2255,82,204,82171,capture,,-0.9100948886,1984
2256,82,204,82209,capture,,-0.9281179927,1984
2257,82,204,82229,capture,,-1.080921908,1984
2258,82,204,82254,capture,,-1.327902142,1984
2259,82,204,82285,capture,,-1.229147988,1984
2260,82,204,82310,capture,,-1.124938737,1984
2261,82,204,82329,capture,,-1.30980392,1984
2262,82,204,82367,capture,,-1.537602002,1984
2263,82,204,82380,capture,,-1.48148606,1984
2264,82,204,82404,capture,,-1.327902142,1984
2265,82,204,82429,capture,,-1.259637311,1984
2266,82,204,82473,capture,,-1.292429824,1984
2267,82,204,82473,capture,,-1.455931956,1984
2268,82,204,82504,capture,,-1.387216143,1984
2269,82,204,82530,capture,,-1.638272164,1984
2270,82,204,82549,capture,,-1.744727495,1984
2271,82,204,82580,capture,,-1.677780705,1984
2272,82,204,82605,capture,,-1.552841969,1984
2273,82,204,82611,capture,,-1.468521083,1984
2274,82,204,82686,capture,,-1.508638306,1984
2275,82,204,82716,capture,,-1.37675071,1984
2276,82,204,82735,capture,,-1.431798276,1984
2277,82,204,82748,capture,,-1.795880017,1984
2278,82,204,82811,capture,,-2.15490196,1984
2279,82,204,82829,capture,,-1.443697499,1984
2280,82,204,82867,capture,,-1.522878745,1984
2281,82,204,82891,capture,,-1.366531544,1984
2282,82,204,82903,capture,,-1.113509275,1984
2283,82,204,82929,capture,,-1.522878745,1984
2284,82,204,82967,capture,,-1.769551079,1984
2285,82,204,83010,capture,,-1.508638306,1984
2286,82,204,83054,capture,,-1.522878745,1984
2287,82,204,83091,capture,,-1.37675071,1984
2288,82,204,83103,capture,,-1.214670165,1984
2289,82,204,83120,capture,,-0.9625735021,1984
2290,82,204,83158,capture,,-1.031517051,1984
2291,82,204,83188,capture,,-0.8356471442,1984
2292,82,204,83192,capture,,-0.6478174819,1984
2293,82,204,83217,capture,,-0.6925039621,1984
2294,82,204,83273,capture,,-0.6989700043,1984
2295,82,204,83299,capture,,-0.7281583935,1984
2296,82,204,83321,capture,,-1.119186408,1984
2297,82,204,83351,capture,,-0.9469215565,1984
2298,82,204,83383,capture,,-1.13667714,1984
2299,82,204,83410,capture,,-1.602059991,1984
2300,82,204,83432,capture,,-0.9172146297,1984
2301,82,204,83443,capture,,-0.7746907183,1984
2302,82,204,83530,capture,,-0.7375489103,1984
2303,82,204,83549,capture,,-0.7594507517,1984
2304,82,204,83581,capture,,-0.8632794328,1984
2305,82,204,83607,capture,,-1.050609993,1984
2306,82,204,83628,capture,,-2.045757491,1984
2307,82,204,83691,capture,,-2.15490196,1984
2308,82,204,83703,capture,,-1.744727495,1984
2309,82,204,83709,capture,,-1.638272164,1984
2310,82,204,83728,capture,,-1.443697499,1984
2311,82,204,83746,capture,,-1.259637311,1984
2312,82,204,83803,capture,,-1.568636236,1984
2313,82,204,83833,capture,,-1.229147988,1984
2314,82,204,83843,capture,,-0.8477116556,1984
2315,82,204,83888,capture,,-0.9546770212,1984
2316,67,165,7200000,capture,,-3.024568191,1982
2317,67,165,8200000,capture,,-2.991399828,1982
2318,67,165,9200000,capture,,-2.972650392,1982
2319,67,165,10200000,capture,,-2.98505965,1982
2320,67,165,11200000,capture,,-2.948847478,1982
2321,67,165,12200000,capture,,-3.102372909,1982
2322,67,165,13200000,capture,,-2.935542011,1982
2323,67,165,14200000,capture,,-3.073143291,1982
2324,92,238,7200000,capture,,-2.935542011,1982
2325,92,238,8200000,capture,,-2.995678626,1982
2326,92,238,9200000,capture,,-3.040958608,1982
2327,92,238,10200000,capture,,-2.92628165,1982
2328,92,238,11200000,capture,,-2.945004138,1982
2329,92,238,12200000,capture,,-3.015472687,1982
2330,92,238,13200000,capture,,-3.086186148,1982
2331,92,238,14200000,capture,,-3.1837587,1982
2332,48,110,433000,capture,,-1.916855857,1982
2333,48,110,490000,capture,,-1.878112015,1982
2334,48,110,578000,capture,,-1.825940192,1982
2335,48,110,684000,capture,,-1.80161787,1982
2336,48,110,789000,capture,,-1.967784297,1982
2337,48,110,893000,capture,,-1.913640169,1982
2338,48,110,1493000,capture,,-1.774174009,1982
2339,48,110,1553000,capture,,-1.761953897,1982
2340,49,115,770000,capture,,-0.5406075122,1986
2341,49,115,964000,capture,,-0.6925039621,1986
2342,65,159,500000,capture,,-0.5421181033,1982
2343,65,159,600000,capture,,-0.5528419687,1982
2344,65,159,700000,capture,,-0.6401645177,1982
2345,65,159,1000000,capture,,-0.7055337738,1982
2346,65,159,1300000,capture,,-0.8239087409,1982
2347,65,159,1500000,capture,,-0.876148359,1982
2348,65,159,2000000,capture,,-1.026872146,1982
2349,65,159,2500000,capture,,-1.220403509,1982
2350,65,159,3000000,capture,,-1.343901798,1982
2351,65,159,3500000,capture,,-1.504455662,1982
2352,65,159,4000000,capture,,-1.628932138,1982
2353,39,89,500000,capture,,-2.187086643,1982
2354,39,89,700000,capture,,-2.259637311,1982
2355,39,89,1000000,capture,,-2.37675071,1982
2356,39,89,1200000,capture,,-2.27572413,1982
2357,39,89,1500000,capture,,-2.327902142,1982
2358,39,89,1700000,capture,,-2.366531544,1982
2359,39,89,2000000,capture,,-2.387216143,1982
2360,39,89,2500000,capture,,-2.366531544,1982
2361,39,89,3500000,capture,,-2.37675071,1982
2362,92,238,966700,capture,,-0.8601209136,1992
2363,79,197,967000,capture,,-1.001304842,1991
2364,79,197,967000,capture,,-1.001304842,1990
2365,69,169,120130,capture,,-0.351639989,2002
2366,69,171,26410,capture,,0.220108088,2002
2367,69,171,27540,capture,,-0.01999662842,2002
2368,69,171,29970,capture,,0.220108088,2002
2369,69,171,31250,capture,,0.1000257301,2002
2370,69,171,34000,capture,,0.220108088,2002
2371,69,171,34360,capture,,0.1000257301,2002
2372,69,171,37780,capture,,0.220108088,2002
2373,69,171,39810,capture,,0.1000257301,2002
2374,69,171,40240,capture,,0.220108088,2002
2375,69,171,44700,capture,,0.220108088,2002
2376,69,171,47110,capture,,0.03981055415,2002
2377,69,171,52900,capture,,0.1598678471,2002
2378,69,171,55750,capture,,0.03981055415,2002
2379,69,171,60650,capture,,0.1000257301,2002
2380,69,171,61930,capture,,-0.01999662842,2002
2381,69,171,66660,capture,,-0.07998108397,2002
2382,69,171,68090,capture,,-0.01999662842,2002
2383,69,171,76430,capture,,-0.1999706408,2002
2384,69,171,76440,capture,,-0.07998108397,2002
2385,69,171,82280,capture,,-0.07998108397,2002
2386,69,171,90460,capture,,-0.01999662842,2002
2387,69,171,99440,capture,,-0.07998108397,2002
2388,69,171,100400,capture,,-0.5000381344,2002
2389,69,171,111600,capture,,-0.1400215584,2002
2390,69,171,117600,capture,,-0.5600360641,2002
2391,69,171,136300,capture,,-0.619969752,2002
2392,69,171,159700,capture,,-0.1999706408,2002
2393,69,171,161400,capture,,-0.1400215584,2002
2394,69,171,162900,capture,,-0.7999707334,2002
2395,69,171,181100,capture,,-0.3200273057,2002
2396,69,171,188900,capture,,-0.4399737511,2002
2397,69,171,192900,capture,,-0.2600323032,2002
2398,92,238,170000,capture,,-0.6497519817,1944
2399,92,238,196000,capture,,-0.714442691,1944
2400,92,238,390000,capture,,-0.8728952016,1944
2401,92,238,400000,capture,,-0.8632794328,1944
2402,92,238,560000,capture,,-0.8569851997,1944
2403,92,238,615000,capture,,-0.8507808873,1944
2404,92,238,770000,capture,,-0.8181564121,1944
2405,92,238,1310000,capture,,-1.022276395,1944
2406,92,235,35716.7,capture,,-0.1927221071,2012
2407,92,235,44964.7,capture,,-0.1585404156,2012
2408,92,235,56607.25,capture,,-0.2686772108,2012
2409,92,235,71264.3,capture,,-0.2381773668,2012
2410,92,235,89716.4,capture,,-0.3991250765,2012
2411,92,235,129244.5,capture,,-0.422922011,2012
2412,92,235,204839,capture,,-0.4826457256,2012
2413,92,235,324648,capture,,-0.6780703315,2012
2414,92,235,514532.5,capture,,-0.7839133076,2012
2415,92,235,815479,capture,,-0.9062982152,2012
2416,71,176,10338.7,capture,,0.4769764658,2016
2417,71,176,10758.5,capture,,0.4352071032,2016
2418,71,176,11195.3,capture,,0.6716355966,2016
2419,71,176,11649.9,capture,,0.4220971631,2016
2420,71,176,12122.9,capture,,-0.06803388527,2016
2421,71,176,12615.2,capture,,0.5124175486,2016
2422,71,176,13127.4,capture,,0.1911714557,2016
2423,71,176,13660.4,capture,,0.4136349972,2016
2424,71,176,14215.1,capture,,0.4559102404,2016
2425,71,176,14792.3,capture,,0.3132342917,2016
2426,71,176,15392.9,capture,,0.3571722577,2016
2427,71,176,16017.9,capture,,0.2079035304,2016
2428,71,176,16668.3,capture,,0.3068537487,2016
2429,71,176,17345.1,capture,,0.3079237036,2016
2430,71,176,18049.4,capture,,0.3816564826,2016
2431,71,176,18782.3,capture,,0.5224442335,2016
2432,71,176,19544.9,capture,,-0.289036881,2016
2433,71,176,20338.5,capture,,0.2692793898,2016
2434,71,176,21164.3,capture,,0.1430148003,2016
2435,71,176,22023.7,capture,,0.4821586954,2016
2436,71,176,22918,capture,,0.2294258479,2016
2437,71,176,23848.5,capture,,-1.26760624,2016
2438,71,176,24816.9,capture,,0.2214142378,2016
2439,71,176,25824.5,capture,,-0.1226286541,2016
2440,71,176,26873.1,capture,,0.02284061088,2016
2441,71,176,27964.3,capture,,-0.06803388527,2016
2442,71,176,29099.7,capture,,-0.3053948011,2016
2443,71,176,30281.3,capture,,0.2878017299,2016
2444,71,176,31510.8,capture,,0.5394524915,2016
2445,71,176,32790.3,capture,,0.08707120591,2016
2446,71,176,34121.7,capture,,0.05115252245,2016
2447,71,176,35507.2,capture,,-0.06803388527,2016
2448,71,176,36948.9,capture,,-0.05256627811,2016
2449,71,176,38449.2,capture,,0.09621458535,2016
2450,71,176,40010.4,capture,,-0.05998184499,2016
2451,71,176,41635,capture,,-0.1630432629,2016
2452,71,176,43325.5,capture,,-0.09420411963,2016
2453,71,176,45084.7,capture,,0.05307844348,2016
2454,71,176,46915.3,capture,,-0.2139587898,2016
2455,71,176,48820.3,capture,,0.2307043136,2016
2456,71,176,50802.6,capture,,0.01452053876,2016
2457,71,176,52865.4,capture,,-0.2175273758,2016
2458,71,176,55011.9,capture,,0.1809855808,2016
2459,71,176,57245.6,capture,,-0.793174124,2016
2460,71,176,59570,capture,,-0.1499667423,2016
2461,71,176,61988.8,capture,,-0.5783960731,2016
2462,71,176,64505.8,capture,,0.4424797691,2016
2463,71,176,67125,capture,,0.06483221974,2016
2464,71,176,69850.5,capture,,-0.06803388527,2016
2465,71,176,72686.8,capture,,0.007747778001,2016
2466,71,176,75638.1,capture,,0.3100557378,2016
2467,71,176,78709.3,capture,,0.2052043639,2016
2468,71,176,81905.2,capture,,0.1115985249,2016
2469,42,98,1600000,capture,,-1.642065153,2009
2470,92,238,153100,capture,,-0.9665762445,2014
2471,92,238,160800,capture,,-1.00121773,2014
2472,92,238,168800,capture,,-1.008021209,2014
2473,92,238,177200,capture,,-0.7705741521,2014
2474,92,238,186100,capture,,-0.8794260688,2014
2475,92,238,195400,capture,,-1.032031037,2014
2476,92,238,205200,capture,,-0.8557372262,2014
2477,92,238,215400,capture,,-0.7886124471,2014
2478,92,238,226200,capture,,-0.9788107009,2014
2479,92,238,237500,capture,,-0.8897470826,2014
2480,92,238,249400,capture,,-0.8256494025,2014
2481,92,238,261900,capture,,-0.9396799713,2014
2482,92,238,275000,capture,,-0.8810742472,2014
2483,92,238,288700,capture,,-0.8297382846,2014
2484,92,238,303200,capture,,-0.776504059,2014
2485,92,238,318300,capture,,-0.8233300673,2014
2486,92,238,334200,capture,,-0.8867253075,2014
2487,92,238,350900,capture,,-0.8850555843,2014
2488,92,238,368500,capture,,-0.9442395353,2014
2489,92,238,386900,capture,,-0.9079815292,2014
2490,92,238,406300,capture,,-0.9804683155,2014
2491,92,238,426600,capture,,-0.9139962944,2014
2492,92,238,447900,capture,,-0.9788107009,2014
2493,92,238,470300,capture,,-1.182566856,2014
2494,92,238,493800,capture,,-0.8074325467,2014
2495,92,238,518500,capture,,-0.7283906986,2014
2496,92,238,544400,capture,,-0.8507808873,2014
2497,92,238,571600,capture,,-0.8635965519,2014
2498,92,238,600200,capture,,-0.8007935208,2014
2499,92,238,630200,capture,,-0.6937894918,2014
2500,54,136,1300000,capture,,-3,2014
2501,54,136,1850000,capture,,-3.15490196,2014
2502,54,136,2740000,capture,,-3.229147988,2014
2503,54,136,3340000,capture,,-3.017728767,2014
2504,54,136,4100000,capture,,-2.962573502,2014
2505,54,136,5660000,capture,,-3.050609993,2014
2506,54,136,6240000,capture,,-3.207608311,2014
2507,54,136,7310000,capture,,-3.244125144,2014
2508,54,136,14790000,capture,,-3.13667714,2014
2509,36,86,2730000,capture,,-2.982966661,2015
2510,36,86,3610000,capture,,-3.070581074,2015
2511,36,86,4180000,capture,,-3.180456064,2015
2512,36,86,5310000,capture,,-3.200659451,2015
2513,36,86,6330000,capture,,-3.236572006,2015
2514,36,86,7250000,capture,,-3.27572413,2015
2515,36,86,14800000,capture,,-3.13076828,2015
2516,54,124,370000,capture,,-0.5736188838,2015
2517,54,124,860000,capture,,-0.754142008,2015
2518,54,124,1860000,capture,,-0.8478340093,2015
2519,54,124,2730000,capture,,-0.8991471733,2015
2520,54,124,3610000,capture,,-0.8741285326,2015
2521,54,124,4480000,capture,,-1.192871044,2015
2522,54,124,5310000,capture,,-1.530030791,2015
2523,54,124,6310000,capture,,-1.64244628,2015
2524,54,124,7250000,capture,,-1.793174124,2015
2525,28,63,87950.7,capture,,-1.283996656,2015
2526,28,63,92095.7,capture,,-1.200659451,2015
2527,28,63,96436,capture,,-1.443697499,2015
2528,28,63,100980.9,capture,,-1.301029996,2015
2529,28,63,105740,capture,,-1.619788758,2015
2530,28,63,110723.4,capture,,-1.638272164,2015
2531,28,63,115941.6,capture,,-1.602059991,2015
2532,28,63,121405.8,capture,,-2.096910013,2015
2533,28,63,127127.4,capture,,-1.744727495,2015
2534,28,63,133118.8,capture,,-1.795880017,2015
2535,28,63,139392.5,capture,,-1.619788758,2015
2536,28,63,145961.8,capture,,-1.522878745,2015
2537,28,63,152840.8,capture,,-2.045757491,2015
2538,28,63,160043.9,capture,,-2.15490196,2015
2539,28,63,167586.6,capture,,-1.823908741,2015
2540,28,63,175484.7,capture,,-2.045757491,2015
2541,28,63,183755,capture,,-2.22184875,2015
2542,28,63,192415.1,capture,,-2.301029996,2015
2543,28,63,201483.4,capture,,-1.853871964,2015
2544,28,63,210979,capture,,-2.15490196,2015
2545,28,63,220922.1,capture,,-1.886056648,2015
2546,28,63,231333.9,capture,,-2.301029996,2015
2547,28,63,242236.3,capture,,-2.096910013,2015
2548,28,63,253652.6,capture,,-2.045757491,2015
2549,28,63,265606.8,capture,,-2.22184875,2015
2550,28,63,278124.5,capture,,-2.22184875,2015
2551,28,63,291232.1,capture,,-2.045757491,2015
2552,28,63,304957.5,capture,,-2.698970004,2015
2553,28,63,319329.7,capture,,-2.15490196,2015
2554,28,63,334379.2,capture,,-2.522878745,2015
2555,28,63,350138,capture,,-2.698970004,2015
2556,28,63,366639.5,capture,,-2.22184875,2015
2557,28,63,383918.7,capture,,-2.698970004,2015
2558,28,63,402012.2,capture,,-2.522878745,2015
2559,28,63,420958.5,capture,,-2.397940009,2015
2560,28,63,440797.6,capture,,-2.698970004,2015
2561,28,63,461571.8,capture,,-2.301029996,2015
2562,28,63,483325,capture,,-2.397940009,2015
2563,28,63,514215.442,capture,,-2.522878745,2015
2564,28,63,743267.451,capture,,-2.397940009,2015
2565,29,63,203776,capture,,-1.389339837,2017
2566,29,63,208522.5,capture,,-1.390405591,2017
2567,29,63,213379.7,capture,,-1.36251027,2017
2568,29,63,218349.9,capture,,-1.348721986,2017
2569,29,63,223435.9,capture,,-1.319664487,2017
2570,29,63,228640.4,capture,,-1.388276692,2017
2571,29,63,233966.1,capture,,-1.373659633,2017
2572,29,63,239415.9,capture,,-1.369572125,2017
2573,29,63,244992.6,capture,,-1.41453927,2017
2574,29,63,250699.2,capture,,-1.507239611,2017
2575,29,63,256538.8,capture,,-1.548213564,2017
2576,29,63,262514.3,capture,,-1.534617149,2017
2577,29,63,268629.1,capture,,-1.425968732,2017
2578,29,63,274886.2,capture,,-1.463441557,2017
2579,29,63,281289.2,capture,,-1.467245621,2017
2580,29,63,287841.2,capture,,-1.505845406,2017
2581,29,63,294545.9,capture,,-1.508638306,2017
2582,29,63,301406.8,capture,,-1.511449283,2017
2583,29,63,308427.4,capture,,-1.477555766,2017
2584,29,63,315611.6,capture,,-1.490797478,2017
2585,29,63,322963.2,capture,,-1.554395797,2017
2586,29,63,330485.9,capture,,-1.607303047,2017
2587,29,63,338184,capture,,-1.616184634,2017
2588,29,63,346061.3,capture,,-1.54515514,2017
2589,29,63,354122.1,capture,,-1.590066877,2017
2590,29,63,362370.6,capture,,-1.718966633,2017
2591,29,63,370811.3,capture,,-1.536107011,2017
2592,29,63,379448.6,capture,,-1.59345982,2017
2593,29,63,388287.1,capture,,-1.623423043,2017
2594,29,63,397331.5,capture,,-1.675717545,2017
2595,29,63,406586.5,capture,,-1.735182177,2017
2596,29,63,416057.2,capture,,-1.749579998,2017
2597,29,63,425748.4,capture,,-1.512861625,2017
2598,29,63,435665.3,capture,,-1.562249437,2017
2599,29,63,445813.3,capture,,-1.528708289,2017
2600,29,63,456197.6,capture,,-1.573488739,2017
2601,29,63,466823.8,capture,,-1.782516056,2017
2602,29,63,477697.5,capture,,-1.565431096,2017
2603,29,63,488824.5,capture,,-1.530177984,2017
2604,29,63,500210.7,capture,,-1.630784143,2017
2605,29,63,511862.1,capture,,-1.617982957,2017
2606,29,63,523784.9,capture,,-1.764471553,2017
2607,29,63,535985.5,capture,,-1.679853714,2017
2608,29,63,548470.2,capture,,-1.614393726,2017
2609,29,63,561245.7,capture,,-1.642065153,2017
2610,29,63,574318.8,capture,,-1.785156152,2017
2611,29,63,587696.4,capture,,-1.761953897,2017
2612,29,63,601385.6,capture,,-1.692503962,2017
2613,29,63,615393.6,capture,,-1.732828272,2017
2614,29,63,629728,capture,,-1.860120914,2017
2615,29,63,644396.2,capture,,-1.91721463,2017
2616,29,63,659406.2,capture,,-1.850780887,2017
2617,29,63,674765.7,capture,,-1.774690718,2017
2618,29,63,690483,capture,,-1.790484985,2017
2619,32,76,860000,capture,,-2.552841969,2015
2620,32,76,1320000,capture,,-2.638272164,2015
2621,32,76,1870000,capture,,-2.756961951,2015
2622,32,76,2770000,capture,,-2.723538196,2015
2623,32,76,3390000,capture,,-2.913640169,2015
2624,32,76,4390000,capture,,-3.055517328,2015
2625,32,76,5330000,capture,,-3.214670165,2015
2626,32,76,6640000,capture,,-3.356547324,2015
2627,32,76,7360000,capture,,-3.431798276,2015
2628,32,76,14810000,capture,,-3.207608311,2015
2629,32,76,860000,capture,,-2.53165267,2015
2630,32,76,1320000,capture,,-2.804100348,2015
2631,32,76,1870000,capture,,-2.89279003,2015
2632,32,76,2770000,capture,,-2.899629455,2015
2633,32,76,4390000,capture,,-3.173925197,2015
2634,32,76,5330000,capture,,-3.431798276,2015
2635,32,76,6640000,capture,,-3.494850022,2015
2636,32,76,7360000,capture,,-3.568636236,2015
2637,32,76,860000,capture,,-2.649751982,2015
2638,32,76,1320000,capture,,-2.698970004,2015
2639,32,76,1870000,capture,,-2.821023053,2015
2640,32,76,2770000,capture,,-2.782516056,2015
2641,32,76,4390000,capture,,-3.124938737,2015
2642,32,76,5330000,capture,,-3.26760624,2015
2643,32,76,6640000,capture,,-3.420216403,2015
2644,32,76,7360000,capture,,-3.494850022,2015
2645,32,74,860000,capture,,-1.927015255,2015
2646,32,74,1320000,capture,,-2.071604148,2015
2647,32,74,1870000,capture,,-2.208309351,2015
2648,32,74,2770000,capture,,-2.203425667,2015
2649,32,74,3390000,capture,,-2.443697499,2015
2650,32,74,4390000,capture,,-2.600326279,2015
2651,32,74,5330000,capture,,-2.790484985,2015
2652,32,74,6640000,capture,,-2.910094889,2015
2653,32,74,7360000,capture,,-2.91721463,2015
2654,32,74,860000,capture,,-2.15739076,2015
2655,32,74,1320000,capture,,-2.361510743,2015
2656,32,74,1870000,capture,,-2.41453927,2015
2657,32,74,2770000,capture,,-2.427128398,2015
2658,32,74,4390000,capture,,-2.665546249,2015
2659,32,74,5330000,capture,,-2.869666232,2015
2660,32,74,6640000,capture,,-2.954677021,2015
2661,32,74,7360000,capture,,-2.935542011,2015
2662,32,74,860000,capture,,-2.312471039,2015
2663,32,74,1320000,capture,,-2.384049948,2015
2664,32,74,1870000,capture,,-2.630784143,2015
2665,32,74,2770000,capture,,-2.598599459,2015
2666,32,74,4390000,capture,,-3.455931956,2015
2667,32,74,5330000,capture,,-3.568636236,2015
2668,32,74,6640000,capture,,-3.920818754,2015
2669,32,74,7360000,capture,,-4.301029996,2015
2670,73,181,127755,capture,,-0.4609239012,2017
2671,73,181,136580,capture,,-0.468521083,2017
2672,73,181,167550,capture,,-0.505845406,2017
2673,73,181,183035,capture,,-0.5243288117,2017
2674,73,181,219155,capture,,-0.5833594927,2017
2675,73,181,272385,capture,,-0.616184634,2017
2676,73,181,306225,capture,,-0.6497519817,2017
2677,73,181,352150,capture,,-0.6882461389,2017
2678,73,181,375600,capture,,-0.721246399,2017
2679,73,181,467475,capture,,-0.7423214251,2017
2680,73,181,555790,capture,,-0.7304870558,2017
2681,73,181,642065,capture,,-0.7878123956,2017
2682,73,181,699525,capture,,-0.8153085692,2017
2683,73,181,949095,capture,,-0.8664610916,2017
2684,73,181,1180200,capture,,-0.9665762445,2017
2685,92,236,102731,capture,,-0.5479650289,2017
2686,92,236,117951,capture,,-0.6028667908,2017
2687,92,236,135426,capture,,-0.6628063885,2017
2688,92,236,155490,capture,,-0.6603875915,2017
2689,92,236,178526,capture,,-0.6207633946,2017
2690,92,236,204976,capture,,-0.6727330436,2017
2691,92,236,235343,capture,,-0.7601476793,2017
2692,92,236,270210,capture,,-0.7781399589,2017
2693,92,236,310243,capture,,-0.7221731201,2017
2694,92,236,356207,capture,,-0.7469310886,2017
2695,92,236,408980,capture,,-0.8420659818,2017
2696,92,236,469572,capture,,-0.7473872319,2017
2697,92,236,539141,capture,,-0.8562484617,2017
2698,92,236,619016,capture,,-0.8307489008,2017
2699,92,236,710726,capture,,-0.8758056302,2017
2700,52,126,570000,capture,,-1.517126416,2017
2701,52,126,880000,capture,,-1.742321425,2017
2702,52,126,1910000,capture,,-1.928117993,2017
2703,52,126,2820000,capture,,-1.920818754,2017
2704,52,126,4090000,capture,,-2.384049948,2017
2705,52,126,5330000,capture,,-2.49757288,2017
2706,52,126,6340000,capture,,-2.694648631,2017
2707,52,126,7270000,capture,,-2.555955204,2017
2708,52,128,570000,capture,,-1.752026734,2017
2709,52,128,1910000,capture,,-1.844663963,2017
2710,52,128,2820000,capture,,-2.101274818,2017
2711,52,128,4090000,capture,,-2.4867824,2017
2712,52,128,5330000,capture,,-2.596879479,2017
2713,52,128,6340000,capture,,-2.688246139,2017
2714,52,128,7270000,capture,,-2.982966661,2017
2715,52,130,570000,capture,,-2.097997109,2017
2716,52,130,880000,capture,,-2.293282218,2017
2717,52,130,1910000,capture,,-2.294136288,2017
2718,52,130,2820000,capture,,-2.348721986,2017
2719,52,130,4090000,capture,,-2.747146969,2017
2720,52,130,5330000,capture,,-2.826813732,2017
2721,52,130,6340000,capture,,-3.107905397,2017
2722,52,130,7270000,capture,,-3.13076828,2017
2723,52,130,14800000,capture,,-2.640164518,2017
2724,52,130,570000,capture,,-2.742321425,2017
2725,52,130,880000,capture,,-2.749579998,2017
2726,52,130,1910000,capture,,-2.496209317,2017
2727,52,130,2820000,capture,,-2.505845406,2017
2728,52,130,4090000,capture,,-2.860120914,2017
2729,52,130,5330000,capture,,-2.698970004,2017
2730,52,130,6340000,capture,,-3.107905397,2017
2731,52,130,7270000,capture,,-3.086186148,2017
2732,52,130,14800000,capture,,-3.050609993,2017
2733,79,197,240000,capture,,-0.4409076923,1943
2734,75,187,240000,capture,,-0.17206238,1943
2735,75,185,240000,capture,,-0.2068244863,1943
2736,92,238,240000,capture,,-1.068521788,1943
2737,32,72,710236,capture,,-1.59003815,2022
2738,32,72,771619,capture,,-1.641324817,2022
2739,32,72,838307,capture,,-1.722088375,2022
2740,32,72,910758,capture,,-1.82716364,2022
2741,42,95,410000,capture,,-1.100075586,2019
2742,42,95,450400,capture,,-1.105816905,2019
2743,42,95,490900,capture,,-1.110065529,2019
2744,42,95,531300,capture,,-1.111775562,2019
2745,42,95,571700,capture,,-1.111758709,2019
2746,42,95,612100,capture,,-1.110776758,2019
2747,42,95,652600,capture,,-1.108596364,2019
2748,42,95,693000,capture,,-1.105927742,2019
2749,42,95,733400,capture,,-1.102394899,2019
2750,42,95,773800,capture,,-1.098291092,2019
2751,42,95,814300,capture,,-1.149617239,2019
2752,42,95,854700,capture,,-1.179292925,2019
2753,42,95,895100,capture,,-1.19808888,2019
2754,42,95,935500,capture,,-1.210800167,2019
2755,42,95,955700,capture,,-1.214940793,2019
2756,42,95,1056800,capture,,-1.33527343,2019
2757,42,95,1157900,capture,,-1.40709078,2019
2758,42,95,1258900,capture,,-1.436613853,2019
2759,42,95,1360000,capture,,-1.458795309,2019
2760,42,95,1461000,capture,,-1.520482273,2019
2761,42,95,1562100,capture,,-1.566550206,2019
2762,42,95,1663200,capture,,-1.609135516,2019
2763,42,95,1764200,capture,,-1.641456044,2019
2764,42,95,1865300,capture,,-1.680935602,2019
2765,42,95,1966400,capture,,-1.721955563,2019
2766,42,95,2067400,capture,,-1.758353922,2019
2767,42,95,2168500,capture,,-1.789520957,2019
2768,42,95,2269500,capture,,-1.81821356,2019
2769,42,95,2370600,capture,,-1.843390282,2019
2770,42,95,2471700,capture,,-1.86537671,2019
2771,42,95,2572700,capture,,-1.886090056,2019
2772,42,95,2673800,capture,,-1.906018296,2019
2773,42,95,2774800,capture,,-1.925768862,2019
2774,42,95,2875900,capture,,-1.945386945,2019
2775,42,95,2977000,capture,,-1.965010784,2019
2776,42,95,3078000,capture,,-1.984640245,2019
2777,42,95,3179100,capture,,-2.004237606,2019
2778,42,95,3280200,capture,,-2.02379221,2019
2779,42,95,3381200,capture,,-2.043308233,2019
2780,42,95,3482300,capture,,-2.062722892,2019
2781,42,95,3583300,capture,,-2.082058839,2019
2782,42,95,3684400,capture,,-2.101280302,2019
2783,42,95,3785500,capture,,-2.120365173,2019
2784,42,95,3886500,capture,,-2.139326668,2019
2785,42,95,3987600,capture,,-2.15814019,2019
2786,42,95,4088700,capture,,-2.176806262,2019
2787,42,95,4189700,capture,,-2.195315485,2019
2788,42,95,4290800,capture,,-2.213710083,2019
2789,42,95,4391800,capture,,-2.231976412,2019
2790,42,95,4492900,capture,,-2.250147785,2019
2791,42,95,4594000,capture,,-2.268242062,2019
2792,42,95,4695000,capture,,-2.286307897,2019
2793,42,95,4796100,capture,,-2.304351993,2019
2794,42,95,4897100,capture,,-2.322429544,2019
2795,42,95,4998200,capture,,-2.340597274,2019
2796,42,95,5099300,capture,,-2.358882991,2019
2797,42,95,5200300,capture,,-2.377361219,2019
2798,42,95,5301400,capture,,-2.396054925,2019
2799,42,95,5402500,capture,,-2.415024598,2019
2800,42,95,5503500,capture,,-2.434341046,2019
2801,42,95,5604600,capture,,-2.454037606,2019
2802,42,95,5705600,capture,,-2.474178048,2019
2803,42,95,5806700,capture,,-2.494822879,2019
2804,42,95,5907800,capture,,-2.516013535,2019
2805,69,169,110920,capture,,-0.3540965396,2025
2806,69,169,113510,capture,,-0.2980264024,2025
2807,69,169,116150,capture,,-0.3664709494,2025
2808,69,169,118860,capture,,-0.4357127773,2025
2809,69,169,121630,capture,,-0.4440474886,2025
2810,69,169,124460,capture,,-0.4581462888,2025
2811,69,169,127360,capture,,-0.3949321024,2025
2812,69,169,130330,capture,,-0.3656335848,2025
2813,69,169,146230,capture,,-0.4090801819,2025
2814,69,169,149630,capture,,-0.4439147008,2025
2815,69,169,153120,capture,,-0.5050666018,2025
2816,69,169,156690,capture,,-0.5247356994,2025
2817,69,169,160340,capture,,-0.4986257488,2025
2818,69,169,164070,capture,,-0.4556342558,2025
2819,69,169,167890,capture,,-0.5207126835,2025
2820,69,169,171800,capture,,-0.4637825619,2025
2821,69,169,175800,capture,,-0.5642830118,2025
2822,69,169,179900,capture,,-0.4865293572,2025
2823,69,169,184090,capture,,-0.5316969876,2025
2824,69,169,188380,capture,,-0.4810388356,2025
2825,69,169,192770,capture,,-0.493833335,2025
2826,69,169,201850,capture,,-0.5242561933,2025
2827,69,169,206550,capture,,-0.5140089972,2025
2828,69,169,211360,capture,,-0.5403512335,2025
2829,69,169,216290,capture,,-0.5791534584,2025
2830,69,169,221320,capture,,-0.5541001413,2025
2831,69,169,226480,capture,,-0.5656227387,2025
2832,69,169,231750,capture,,-0.6100015774,2025
2833,69,169,237150,capture,,-0.5811851526,2025
2834,69,169,242680,capture,,-0.601278964,2025
2835,69,169,248330,capture,,-0.6331662918,2025
2836,69,169,254110,capture,,-0.5870189472,2025
2837,69,169,285120,capture,,-0.6483002996,2025
2838,69,169,291760,capture,,-0.624976871,2025
2839,69,169,298560,capture,,-0.6749361064,2025
2840,69,169,305510,capture,,-0.6607672517,2025
2841,69,169,312630,capture,,-0.656335435,2025
2842,69,169,319910,capture,,-0.6438019897,2025
2843,69,169,327360,capture,,-0.6374609802,2025
2844,69,169,334990,capture,,-0.6553719743,2025
2845,69,169,342790,capture,,-0.6091884902,2025
2846,69,169,350780,capture,,-0.6595757164,2025
2847,69,169,358950,capture,,-0.6706428059,2025
2848,69,169,367310,capture,,-0.6804983609,2025
2849,69,169,375860,capture,,-0.6968903779,2025
2850,69,169,384620,capture,,-0.7116389725,2025
2851,69,169,393580,capture,,-0.6762324167,2025
2852,69,169,402740,capture,,-0.701168748,2025
2853,69,169,412120,capture,,-0.6809356016,2025
2854,69,169,421720,capture,,-0.7109910885,2025
2855,69,169,431550,capture,,-0.7743289569,2025
2856,69,169,441600,capture,,-0.7324762836,2025
2857,69,169,451890,capture,,-0.780153614,2025
2858,69,169,462410,capture,,-0.7916123962,2025
2859,69,169,473180,capture,,-0.8427246035,2025
2860,69,169,484200,capture,,-0.8202471931,2025
2861,69,169,495480,capture,,-0.8020581635,2025
2862,69,169,507020,capture,,-0.8607822999,2025
2863,69,169,518830,capture,,-0.8378838589,2025
2864,69,169,530920,capture,,-0.8531280969,2025
2865,69,169,543290,capture,,-0.829005298,2025
2866,69,169,555940,capture,,-0.8896123341,2025
2867,69,169,568890,capture,,-0.8877973093,2025
2868,69,169,582140,capture,,-0.852787583,2025
2869,69,169,595700,capture,,-0.8775547437,2025
2870,69,169,609580,capture,,-0.8244012205,2025
2871,69,169,623780,capture,,-0.8943195371,2025
2872,69,169,638310,capture,,-0.8626142357,2025
2873,69,169,653170,capture,,-0.9445069933,2025
2874,69,169,668390,capture,,-0.8947623993,2025
2875,69,169,683960,capture,,-0.9373428198,2025
2876,69,169,699890,capture,,-0.8723769504,2025
2877,69,169,716190,capture,,-0.8924847743,2025
2878,69,169,732870,capture,,-0.8958886203,2025
2879,69,169,749940,capture,,-0.9397933789,2025
2880,69,169,767410,capture,,-0.9560485817,2025
2881,69,169,785290,capture,,-0.9875424218,2025
2882,69,169,803580,capture,,-0.9141744665,2025
2883,69,169,822300,capture,,-0.856735318,2025
2884,69,169,841450,capture,,-0.9508207554,2025
2885,69,169,861050,capture,,-0.9924655821,2025
2886,69,169,881110,capture,,-1.013528346,2025
2887,69,169,901630,capture,,-0.9489633049,2025
2888,69,169,922630,capture,,-0.9517136069,2025
2889,69,169,944120,capture,,-1.016432344,2025
2890,69,169,966110,capture,,-0.977406686,2025
2891,79,197,125000,capture,,-0.585026652,1963
2892,79,197,160000,capture,,-0.6197887583,1963
2893,79,197,200000,capture,,-0.6777807053,1963
2894,79,197,300000,capture,,-0.6777807053,1963
2895,82,206,1580000,capture,,-3.316052869,1970
2896,82,206,2390000,capture,,-3.319664487,1970
2897,82,206,3190000,capture,,-3.718966633,1970
2898,82,206,3990000,capture,,-3.543633967,1970
2899,82,206,4080000,capture,,-3.436518915,1970
2900,82,206,4450000,capture,,-3.57024772,1970
2901,82,206,4560000,capture,,-3.563837353,1970
2902,82,206,5380000,capture,,-3.761953897,1970
2903,82,206,5440000,capture,,-3.68613278,1970
2904,82,206,6460000,capture,,-3.795880017,1970
2905,82,206,6500000,capture,,-3.754487332,1970
2906,82,206,7460000,capture,,-3.692503962,1970
2907,82,206,7490000,capture,,-3.71219827,1970
2908,82,206,8430000,capture,,-3.910094889,1970
2909,82,206,8450000,capture,,-3.950781977,1970
2910,82,206,4080000,capture,,-3.527243551,1970
2911,82,206,4450000,capture,,-3.395773947,1970
2912,82,206,5380000,capture,,-3.517126416,1970
2913,82,206,6460000,capture,,-3.752026734,1970
2914,82,206,7460000,capture,,-3.906578315,1970
2915,82,206,8430000,capture,,-4.080921908,1970
2916,82,206,6460000,capture,,-3.634512015,1970
2917,82,206,7460000,capture,,-3.41453927,1970
2918,82,206,8430000,capture,,-3.236572006,1970
2919,29,65,2900000,capture,,-2.207608311,1968
2920,30,68,2900000,capture,,-2.585026652,1968
2921,33,75,2900000,capture,,-1.853871964,1968
2922,49,115,2900000,capture,,-1.167491087,1968
2923,53,127,2900000,capture,,-1.368556231,1968
2924,56,138,2900000,capture,,-2.522878745,1968
2925,43,99,14700000,capture,,-2.045757491,1973
2926,55,133,105000,capture,,-0.5528419687,1969
2927,55,133,110000,capture,,-0.5767541261,1969
2928,55,133,116000,capture,,-0.5900668767,1969
2929,55,133,122000,capture,,-0.6003262785,1969
2930,55,133,128000,capture,,-0.6216020991,1969
2931,55,133,135000,capture,,-0.625251654,1969
2932,55,133,142000,capture,,-0.6307841426,1969
2933,55,133,151000,capture,,-0.6615435064,1969
2934,55,133,159000,capture,,-0.6716203966,1969
2935,55,133,169000,capture,,-0.6882461389,1969
2936,79,197,105000,capture,,-0.5142785735,1969
2937,79,197,110000,capture,,-0.5331323796,1969
2938,79,197,116000,capture,,-0.54668166,1969
2939,79,197,122000,capture,,-0.5543957967,1969
2940,79,197,129000,capture,,-0.5606673062,1969
2941,79,197,136000,capture,,-0.5559552041,1969
2942,79,197,143000,capture,,-0.563837353,1969
2943,79,197,152000,capture,,-0.5734887386,1969
2944,79,197,161000,capture,,-0.585026652,1969
2945,92,238,157000,capture,,-0.8153085692,1968
2946,92,238,264000,capture,,-0.8996294549,1968
2947,92,238,373000,capture,,-0.9100948886,1968
2948,92,238,503000,capture,,-0.9586073148,1968
2949,27,59,1780000,capture,,-2.707743929,1967
2950,27,59,2200000,capture,,-2.779891912,1967
2951,27,59,6210000,capture,,-3.102372909,1967
2952,27,59,14000000,capture,,-3.187086643,1967
2953,27,59,1780000,capture,,-2.420216403,1967
2954,27,59,2200000,capture,,-2.443697499,1967
2955,27,59,6210000,capture,,-2.677780705,1967
2956,27,59,14000000,capture,,-2.657577319,1967
2957,79,197,200000,capture,,-0.5668704824,1975
2958,79,197,300000,capture,,-0.682981899,1975
2959,79,197,400000,capture,,-0.7454519229,1975
2960,79,197,500000,capture,,-0.8175853476,1975
2961,79,197,625000,capture,,-0.9069286936,1975
2962,79,197,737000,capture,,-0.9617773616,1975
2963,79,197,875000,capture,,-1.037157319,1975
2964,79,197,985000,capture,,-1.032920266,1975
2965,79,197,1232000,capture,,-1.083546051,1975
2966,79,197,1500000,capture,,-1.119186408,1975
2967,79,197,1750000,capture,,-1.170696227,1975
2968,79,197,2000000,capture,,-1.249491605,1975
2969,79,197,2250000,capture,,-1.358525889,1975
2970,79,197,2500000,capture,,-1.443697499,1975
2971,79,197,2000000,capture,,-1.253365801,1975
2972,79,197,2250000,capture,,-1.367542708,1975
2973,79,197,2500000,capture,,-1.443697499,1975
2974,79,197,2750000,capture,,-1.530177984,1975
2975,79,197,3000000,capture,,-1.602059991,1975
2976,29,63,390000,capture,,-1.600672468,2018
2977,29,63,880000,capture,,-1.871600731,2018
2978,29,63,1340000,capture,,-1.941573976,2018
2979,29,63,1890000,capture,,-2.149353765,2018
2980,29,63,2790000,capture,,-2.268411235,2018
2981,29,63,3520000,capture,,-2.457174573,2018
2982,29,63,4300000,capture,,-2.505845406,2018
2983,29,63,5130000,capture,,-2.573488739,2018
2984,29,63,6400000,capture,,-2.732828272,2018
2985,29,63,7390000,capture,,-2.701146924,2018
2986,29,65,390000,capture,,-1.902048929,2018
2987,29,65,880000,capture,,-2.04431225,2018
2988,29,65,1340000,capture,,-2.015472687,2018
2989,29,65,1890000,capture,,-2.066006836,2018
2990,29,65,2790000,capture,,-2.180456064,2018
2991,29,65,3520000,capture,,-2.298432015,2018
2992,29,65,4300000,capture,,-2.463441557,2018
2993,29,65,5130000,capture,,-2.59345982,2018
2994,29,65,6400000,capture,,-2.777283529,2018
2995,29,65,7390000,capture,,-2.739928612,2018
2996,38,88,14060000,capture,,-2.705533774,1970
2997,39,89,14060000,capture,,-2.991399828,1970
2998,27,59,14060000,capture,,-2.991399828,1971
2999,41,93,14060000,capture,,-3.096910013,1971
3000,45,103,14060000,capture,,-3.124938737,1971
3001,55,133,14060000,capture,,-2.821023053,1971
3002,57,139,14060000,capture,,-2.869666232,1971
3003,65,159,14060000,capture,,-2.756961951,1971
3004,45,103,14600000,capture,,-2.698970004,1974
3005,53,127,14600000,capture,,-2.860120914,1974
3006,57,139,14600000,capture,,-3.15490196,1974
3007,79,197,100250,capture,,-0.5059428548,1973
3008,79,197,100750,capture,,-0.5067371814,1973
3009,79,197,101250,capture,,-0.5079104225,1973
3010,79,197,101750,capture,,-0.5080642962,1973
3011,79,197,102250,capture,,-0.4902196992,1973
3012,79,197,102750,capture,,-0.4947957383,1973
3013,79,197,103250,capture,,-0.508792438,1973
3014,79,197,103750,capture,,-0.5077566033,1973
3015,79,197,104250,capture,,-0.4854124056,1973
3016,79,197,104750,capture,,-0.4872222458,1973
3017,79,197,105250,capture,,-0.5013862353,1973
3018,79,197,105750,capture,,-0.5090587946,1973
3019,79,197,106250,capture,,-0.4997497993,1973
3020,79,197,106750,capture,,-0.493995845,1973
3021,79,197,107250,capture,,-0.5004778707,1973
3022,79,197,107750,capture,,-0.5011245416,1973
3023,79,197,108250,capture,,-0.5016756593,1973
3024,79,197,108750,capture,,-0.4982699492,1973
3025,79,197,109250,capture,,-0.5005878743,1973
3026,79,197,109750,capture,,-0.5067232333,1973
3027,79,197,110250,capture,,-0.5090307494,1973
3028,79,197,110750,capture,,-0.5199355384,1973
3029,79,197,111250,capture,,-0.5191884885,1973
3030,79,197,111750,capture,,-0.50316718,1973
3031,79,197,112250,capture,,-0.5072256467,1973
3032,79,197,112750,capture,,-0.5138813616,1973
3033,79,197,113250,capture,,-0.5177268434,1973
3034,79,197,113750,capture,,-0.521173871,1973
3035,79,197,114250,capture,,-0.5235016806,1973
3036,79,197,114750,capture,,-0.5137821153,1973
3037,79,197,115250,capture,,-0.5210729444,1973
3038,79,197,115750,capture,,-0.5459787943,1973
3039,79,197,116250,capture,,-0.5430269864,1973
3040,79,197,116750,capture,,-0.5411356216,1973
3041,79,197,117250,capture,,-0.5395231309,1973
3042,79,197,117750,capture,,-0.5327027444,1973
3043,79,197,118250,capture,,-0.5211161958,1973
3044,79,197,118750,capture,,-0.5217654842,1973
3045,79,197,119250,capture,,-0.5336366317,1973
3046,79,197,119750,capture,,-0.5412866281,1973
3047,79,197,120250,capture,,-0.5433758965,1973
3048,79,197,120750,capture,,-0.5276824537,1973
3049,79,197,121250,capture,,-0.5417248439,1973
3050,79,197,121750,capture,,-0.5520981013,1973
3051,79,197,122250,capture,,-0.5248665657,1973
3052,79,197,122750,capture,,-0.5239223048,1973
3053,79,197,123250,capture,,-0.5488278425,1973
3054,79,197,123750,capture,,-0.5374822132,1973
3055,79,197,124250,capture,,-0.5328656595,1973
3056,79,197,124750,capture,,-0.5323179153,1973
3057,79,197,125250,capture,,-0.5389068438,1973
3058,79,197,125750,capture,,-0.5283709614,1973
3059,79,197,126250,capture,,-0.5376469314,1973
3060,79,197,126750,capture,,-0.5418760553,1973
3061,79,197,127250,capture,,-0.5534628329,1973
3062,79,197,127750,capture,,-0.5442722107,1973
3063,79,197,128250,capture,,-0.5492583546,1973
3064,79,197,128750,capture,,-0.5363757299,1973
3065,79,197,129250,capture,,-0.5452313387,1973
3066,79,197,129750,capture,,-0.5301632624,1973
3067,79,197,130250,capture,,-0.5277995694,1973
3068,79,197,130750,capture,,-0.523719194,1973
3069,79,197,131250,capture,,-0.5173407593,1973
3070,79,197,131750,capture,,-0.5325694958,1973
3071,79,197,132250,capture,,-0.5312392526,1973
3072,79,197,132750,capture,,-0.5273020455,1973
3073,79,197,133250,capture,,-0.5232408082,1973
3074,79,197,133750,capture,,-0.5156004979,1973
3075,79,197,134250,capture,,-0.5148040186,1973
3076,79,197,134750,capture,,-0.5295454055,1973
3077,79,197,135250,capture,,-0.5376469314,1973
3078,79,197,135750,capture,,-0.5510928074,1973
3079,79,197,136250,capture,,-0.5497508917,1973
3080,79,197,136750,capture,,-0.5356744245,1973
3081,79,197,137250,capture,,-0.5413017316,1973
3082,79,197,137750,capture,,-0.5404416675,1973
3083,79,197,138250,capture,,-0.546620496,1973
3084,79,197,138750,capture,,-0.5428602153,1973
3085,79,197,139250,capture,,-0.5506913405,1973
3086,79,197,139750,capture,,-0.5424057105,1973
3087,79,197,140250,capture,,-0.5331323796,1973
3088,79,197,140750,capture,,-0.5480141111,1973
3089,79,197,141250,capture,,-0.5548007043,1973
3090,79,197,141750,capture,,-0.5590279813,1973
3091,79,197,142250,capture,,-0.5522839487,1973
3092,79,197,142750,capture,,-0.5496738959,1973
3093,79,197,143250,capture,,-0.5623604025,1973
3094,79,197,143750,capture,,-0.5606988924,1973
3095,79,197,144250,capture,,-0.5723354059,1973
3096,79,197,144750,capture,,-0.5526558823,1973
3097,79,197,145250,capture,,-0.5550032997,1973
3098,79,197,145750,capture,,-0.5544113631,1973
3099,79,197,146250,capture,,-0.5559708265,1973
3100,79,197,146750,capture,,-0.5603831337,1973
3101,79,197,147250,capture,,-0.5532454295,1973
3102,79,197,147750,capture,,-0.5696991442,1973
3103,79,197,148250,capture,,-0.5895264573,1973
3104,79,197,148750,capture,,-0.5697475201,1973
3105,79,197,149250,capture,,-0.5857622345,1973
3106,79,197,149750,capture,,-0.5686523211,1973
3107,79,197,150250,capture,,-0.5786264419,1973
3108,79,197,150750,capture,,-0.5605251967,1973
3109,79,197,151250,capture,,-0.567142903,1973
3110,79,197,151750,capture,,-0.5618691998,1973
3111,79,197,152250,capture,,-0.5511700551,1973
3112,79,197,152750,capture,,-0.551649298,1973
3113,79,197,153250,capture,,-0.5330286357,1973
3114,79,197,153750,capture,,-0.5754613628,1973
3115,79,197,154250,capture,,-0.6067407622,1973
3116,79,197,154750,capture,,-0.5886665514,1973
3117,79,197,155750,capture,,-0.5743353803,1973
3118,79,197,156750,capture,,-0.5616475482,1973
3119,79,197,157750,capture,,-0.5714278907,1973
3120,79,197,158750,capture,,-0.5668704824,1973
3121,79,197,159750,capture,,-0.5536803453,1973
3122,79,197,160750,capture,,-0.5637896309,1973
3123,79,197,161750,capture,,-0.5686523211,1973
3124,79,197,162750,capture,,-0.5619483884,1973
3125,79,197,163750,capture,,-0.5983065816,1973
3126,79,197,164750,capture,,-0.5862979872,1973
3127,79,197,191000,capture,,-0.5494429906,1973
3128,79,197,193000,capture,,-0.6163820855,1973
3129,79,197,195000,capture,,-0.5530281348,1973
3130,79,197,197000,capture,,-0.6378758152,1973
3131,79,197,199000,capture,,-0.5958165018,1973
3132,79,197,201000,capture,,-0.623222365,1973
3133,79,197,203000,capture,,-0.6315271616,1973
3134,79,197,205000,capture,,-0.6140364294,1973
3135,79,197,207000,capture,,-0.6280275303,1973
3136,79,197,209000,capture,,-0.6183615533,1973
3137,79,197,211000,capture,,-0.6124144293,1973
3138,79,197,213000,capture,,-0.6018689438,1973
3139,79,197,215000,capture,,-0.6141793129,1973
3140,79,197,217000,capture,,-0.6021642345,1973
3141,79,197,219000,capture,,-0.6068636997,1973
3142,79,197,221000,capture,,-0.6160590298,1973
3143,79,197,223000,capture,,-0.6230582429,1973
3144,79,197,225000,capture,,-0.6072503016,1973
3145,79,197,227000,capture,,-0.6126101737,1973
3146,79,197,229000,capture,,-0.6239890894,1973
3147,79,197,231000,capture,,-0.6191378047,1973
3148,79,197,233000,capture,,-0.6227666232,1973
3149,79,197,235000,capture,,-0.6290060665,1973
3150,79,197,237000,capture,,-0.6160410893,1973
3151,79,197,239000,capture,,-0.6193185273,1973
3152,79,197,241000,capture,,-0.6384610287,1973
3153,79,197,243000,capture,,-0.6352051928,1973
3154,79,197,245000,capture,,-0.6444143999,1973
3155,79,197,247000,capture,,-0.6502175466,1973
3156,79,197,248000,capture,,-0.6111531064,1973
3157,79,197,249000,capture,,-0.642331907,1973
3158,79,197,251000,capture,,-0.6437254991,1973
3159,79,197,252000,capture,,-0.633969486,1973
3160,79,197,253000,capture,,-0.6537839868,1973
3161,79,197,255000,capture,,-0.6570840829,1973
3162,79,197,256000,capture,,-0.6429040749,1973
3163,79,197,257000,capture,,-0.6460453206,1973
3164,79,197,259000,capture,,-0.6502563663,1973
3165,79,197,260000,capture,,-0.6376306375,1973
3166,79,197,264000,capture,,-0.6584665586,1973
3167,79,197,268000,capture,,-0.6542538966,1973
3168,79,197,272000,capture,,-0.6541951301,1973
3169,79,197,276000,capture,,-0.6685929508,1973
3170,79,197,280000,capture,,-0.6690994403,1973
3171,79,197,284000,capture,,-0.6758410583,1973
3172,79,197,288000,capture,,-0.6899017281,1973
3173,79,197,310000,capture,,-0.6561779892,1973
3174,79,197,314000,capture,,-0.7033567444,1973
3175,79,197,318000,capture,,-0.7096091906,1973
3176,79,197,322000,capture,,-0.7259807775,1973
3177,79,197,326000,capture,,-0.7294143201,1973
3178,79,197,330000,capture,,-0.741434547,1973
3179,79,197,334000,capture,,-0.7434746752,1973
3180,79,197,338000,capture,,-0.7537969582,1973
3181,79,197,342000,capture,,-0.7527634505,1973
3182,79,197,346000,capture,,-0.7645473087,1973
3183,79,197,350000,capture,,-0.7573840424,1973
3184,79,197,354000,capture,,-0.7750010395,1973
3185,79,197,358000,capture,,-0.7903777655,1973
3186,79,197,360000,capture,,-0.7447757525,1973
3187,79,197,362000,capture,,-0.7851826341,1973
3188,79,197,362500,capture,,-0.7550552473,1973
3189,79,197,364000,capture,,-0.747146969,1973
3190,79,197,366000,capture,,-0.7991495019,1973
3191,79,197,367500,capture,,-0.7912362673,1973
3192,79,197,368000,capture,,-0.7559456514,1973
3193,79,197,370000,capture,,-0.7880255986,1973
3194,79,197,372000,capture,,-0.7813332285,1973
3195,79,197,372500,capture,,-0.786482243,1973
3196,79,197,374000,capture,,-0.7714200058,1973
3197,79,197,376000,capture,,-0.7954188244,1973
3198,79,197,377500,capture,,-0.7811757613,1973
3199,79,197,378000,capture,,-0.7743806187,1973
3200,79,197,380000,capture,,-0.7986575074,1973
3201,79,197,382500,capture,,-0.7718307105,1973
3202,79,197,384000,capture,,-0.7968854864,1973
3203,79,197,387500,capture,,-0.7736837031,1973
3204,79,197,388000,capture,,-0.8000255375,1973
3205,79,197,392000,capture,,-0.8047093399,1973
3206,79,197,392500,capture,,-0.7929314185,1973
3207,79,197,396000,capture,,-0.810678159,1973
3208,79,197,397500,capture,,-0.7910214827,1973
3209,79,197,400000,capture,,-0.8131566297,1973
3210,79,197,402500,capture,,-0.7830955015,1973
3211,79,197,404000,capture,,-0.7969126935,1973
3212,79,197,407500,capture,,-0.7936059356,1973
3213,79,197,408000,capture,,-0.8117748273,1973
3214,79,197,412000,capture,,-0.8237929445,1973
3215,79,197,412500,capture,,-0.8121128216,1973
3216,79,197,417500,capture,,-0.8174426987,1973
3217,79,197,422500,capture,,-0.8051527804,1973
3218,79,197,427500,capture,,-0.8136087843,1973
3219,79,197,432500,capture,,-0.820505659,1973
3220,79,197,437500,capture,,-0.8224346443,1973
3221,79,197,442500,capture,,-0.8309430673,1973
3222,79,197,447500,capture,,-0.8396515392,1973
3223,79,197,452500,capture,,-0.8456673388,1973
3224,79,197,457500,capture,,-0.8495198777,1973
3225,79,197,462500,capture,,-0.8544307022,1973
3226,79,197,467500,capture,,-0.8515207418,1973
3227,79,197,472500,capture,,-0.8556126259,1973
3228,79,197,477500,capture,,-0.8516133123,1973
3229,79,197,482500,capture,,-0.852663826,1973
3230,79,197,487500,capture,,-0.8587384094,1973
3231,79,197,492500,capture,,-0.8244012205,1973
3232,79,197,497500,capture,,-0.8343995975,1973
3233,79,197,502500,capture,,-0.85495906,1973
3234,79,197,507500,capture,,-0.8774564759,1973
3235,79,197,512500,capture,,-0.8796893574,1973
3236,79,197,517500,capture,,-0.8946260859,1973
3237,79,197,522500,capture,,-0.8923152803,1973
3238,79,197,527500,capture,,-0.9097066687,1973
3239,79,197,532500,capture,,-0.9030552448,1973
3240,79,197,537500,capture,,-0.8393214256,1973
3241,79,197,542500,capture,,-0.9245625384,1973
3242,55,133,14800000,capture,,-2.148741651,1970
3243,55,133,14800000,capture,,-2.739928612,1970
3244,55,133,14800000,capture,,-2.27572413,1970
3245,45,103,40380,capture,,-0.0665532077,1976
3246,45,103,40630,capture,,-0.05677762169,1976
3247,45,103,40880,capture,,-0.07387887353,1976
3248,45,103,41130,capture,,-0.08133023168,1976
3249,45,103,41380,capture,,-0.1195236883,1976
3250,45,103,41630,capture,,-0.1299415606,1976
3251,45,103,41880,capture,,-0.1279370086,1976
3252,45,103,42130,capture,,-0.1536319563,1976
3253,45,103,42380,capture,,-0.1603397254,1976
3254,45,103,42630,capture,,-0.1507833452,1976
3255,45,103,42880,capture,,-0.1494027712,1976
3256,45,103,43130,capture,,-0.1461740733,1976
3257,45,103,43380,capture,,-0.1180564276,1976
3258,45,103,43630,capture,,-0.09943625421,1976
3259,45,103,43880,capture,,-0.09191729193,1976
3260,45,103,44130,capture,,-0.1148537184,1976
3261,45,103,44380,capture,,-0.1081170282,1976
3262,45,103,44630,capture,,-0.1135882446,1976
3263,45,103,44880,capture,,-0.1179766412,1976
3264,45,103,45130,capture,,-0.149604981,1976
3265,45,103,45380,capture,,-0.1662984166,1976
3266,45,103,45630,capture,,-0.1843691302,1976
3267,45,103,45880,capture,,-0.1768649921,1976
3268,45,103,46130,capture,,-0.1623231969,1976
3269,45,103,46380,capture,,-0.1676699513,1976
3270,45,103,46630,capture,,-0.1475566058,1976
3271,45,103,46880,capture,,-0.1580276933,1976
3272,45,103,47130,capture,,-0.1245393694,1976
3273,45,103,47380,capture,,-0.1453660834,1976
3274,45,103,47630,capture,,-0.1556036018,1976
3275,45,103,47880,capture,,-0.1733875237,1976
3276,45,103,48130,capture,,-0.159128916,1976
3277,45,103,48380,capture,,-0.1248287293,1976
3278,45,103,48630,capture,,-0.111775562,1976
3279,45,103,48880,capture,,-0.1311969174,1976
3280,45,103,49130,capture,,-0.1145483114,1976
3281,45,103,49380,capture,,-0.1427821242,1976
3282,45,103,49630,capture,,-0.1488578865,1976
3283,45,103,49880,capture,,-0.1528161591,1976
3284,45,103,50130,capture,,-0.1689240659,1976
3285,45,103,50380,capture,,-0.1641256055,1976
3286,45,103,50630,capture,,-0.1476481177,1976
3287,45,103,50880,capture,,-0.1462409669,1976
3288,45,103,51130,capture,,-0.1539785156,1976
3289,45,103,51380,capture,,-0.1680215058,1976
3290,45,103,51630,capture,,-0.1384118284,1976
3291,45,103,51880,capture,,-0.156250364,1976
3292,45,103,52130,capture,,-0.1266677706,1976
3293,45,103,52380,capture,,-0.1146105065,1976
3294,45,103,52630,capture,,-0.1135600395,1976
3295,45,103,52880,capture,,-0.1100767207,1976
3296,45,103,53130,capture,,-0.1126922166,1976
3297,45,103,53380,capture,,-0.1527914618,1976
3298,45,103,53630,capture,,-0.17355588,1976
3299,45,103,53880,capture,,-0.1684885545,1976
3300,45,103,54130,capture,,-0.1708571068,1976
3301,45,103,54380,capture,,-0.2139232516,1976
3302,45,103,54630,capture,,-0.2206416424,1976
3303,45,103,54880,capture,,-0.1825073495,1976
3304,45,103,55130,capture,,-0.1708635432,1976
3305,45,103,55380,capture,,-0.1920795544,1976
3306,45,103,55630,capture,,-0.2082672566,1976
3307,45,103,55880,capture,,-0.1770804046,1976
3308,45,103,56130,capture,,-0.1598248758,1976
3309,45,103,56380,capture,,-0.1908512078,1976
3310,45,103,56630,capture,,-0.1580276933,1976
3311,45,103,56880,capture,,-0.1891091444,1976
3312,45,103,57130,capture,,-0.2011836776,1976
3313,45,103,57380,capture,,-0.1680598744,1976
3314,45,103,57630,capture,,-0.1610061686,1976
3315,45,103,57880,capture,,-0.2026562738,1976
3316,45,103,58130,capture,,-0.2163607922,1976
3317,45,103,58380,capture,,-0.1891024318,1976
3318,45,103,58630,capture,,-0.2130073701,1976
3319,45,103,58880,capture,,-0.2553628478,1976
3320,45,103,59130,capture,,-0.202988817,1976
3321,45,103,59380,capture,,-0.1699376789,1976
3322,45,103,59630,capture,,-0.1925664545,1976
3323,45,103,59880,capture,,-0.1864590404,1976
3324,45,103,60130,capture,,-0.1606853937,1976
3325,45,103,60380,capture,,-0.1562814826,1976
3326,45,103,60630,capture,,-0.213631948,1976
3327,45,103,60880,capture,,-0.2208076916,1976
3328,45,103,61130,capture,,-0.1402854286,1976
3329,45,103,61380,capture,,-0.120560034,1976
3330,45,103,61630,capture,,-0.09043327398,1976
3331,45,103,61880,capture,,-0.1716752968,1976
3332,45,103,62130,capture,,-0.244178482,1976
3333,45,103,62380,capture,,-0.1818335124,1976
3334,45,103,62630,capture,,-0.1500158179,1976
3335,45,103,62880,capture,,-0.1750870293,1976
3336,45,103,63130,capture,,-0.141426713,1976
3337,45,103,63380,capture,,-0.1998742945,1976
3338,45,103,63630,capture,,-0.2035228042,1976
3339,45,103,63880,capture,,-0.2028225136,1976
3340,45,103,64130,capture,,-0.259834762,1976
3341,45,103,64380,capture,,-0.1652678351,1976
3342,45,103,64630,capture,,-0.07727973074,1976
3343,45,103,64880,capture,,-0.1333582794,1976
3344,79,197,100250,capture,,-0.509255162,1975
3345,79,197,100750,capture,,-0.522893222,1975
3346,79,197,101250,capture,,-0.4917262198,1975
3347,79,197,101750,capture,,-0.5078684664,1975
3348,79,197,102250,capture,,-0.5054280158,1975
3349,79,197,102750,capture,,-0.5067371814,1975
3350,79,197,103250,capture,,-0.5138671822,1975
3351,79,197,103750,capture,,-0.4977504581,1975
3352,79,197,104250,capture,,-0.5057758131,1975
3353,79,197,104750,capture,,-0.4963999582,1975
3354,79,197,105250,capture,,-0.477725344,1975
3355,79,197,105750,capture,,-0.4778297323,1975
3356,79,197,106250,capture,,-0.4953524652,1975
3357,79,197,106750,capture,,-0.486742436,1975
3358,79,197,107250,capture,,-0.4884642137,1975
3359,79,197,107750,capture,,-0.4904077288,1975
3360,79,197,108250,capture,,-0.4947957383,1975
3361,79,197,108750,capture,,-0.509002706,1975
3362,79,197,109250,capture,,-0.5240238959,1975
3363,79,197,109750,capture,,-0.5140373658,1975
3364,79,197,110250,capture,,-0.511491587,1975
3365,79,197,110750,capture,,-0.5017308096,1975
3366,79,197,111250,capture,,-0.5020204634,1975
3367,79,197,111750,capture,,-0.5076028386,1975
3368,79,197,112250,capture,,-0.5022136733,1975
3369,79,197,112750,capture,,-0.5129182138,1975
3370,79,197,113250,capture,,-0.5114351833,1975
3371,79,197,113750,capture,,-0.5212603983,1975
3372,79,197,114250,capture,,-0.5336663119,1975
3373,79,197,114750,capture,,-0.5220688179,1975
3374,79,197,115250,capture,,-0.5263524801,1975
3375,79,197,115750,capture,,-0.5340671923,1975
3376,79,197,116250,capture,,-0.5547539649,1975
3377,79,197,116750,capture,,-0.5608726576,1975
3378,79,197,117250,capture,,-0.5428147434,1975
3379,79,197,117750,capture,,-0.5454295179,1975
3380,79,197,118250,capture,,-0.5427389675,1975
3381,79,197,118750,capture,,-0.5294278181,1975
3382,79,197,119250,capture,,-0.5298542241,1975
3383,79,197,119750,capture,,-0.5333992637,1975
3384,79,197,120250,capture,,-0.5212892445,1975
3385,79,197,120750,capture,,-0.5184713811,1975
3386,79,197,121250,capture,,-0.529633617,1975
3387,79,197,121750,capture,,-0.5261482298,1975
3388,79,197,122250,capture,,-0.5346468958,1975
3389,79,197,122750,capture,,-0.5486127463,1975
3390,79,197,123250,capture,,-0.5339929272,1975
3391,79,197,123750,capture,,-0.5275653695,1975
3392,79,197,124250,capture,,-0.5370632123,1975
3393,79,197,124750,capture,,-0.5357788025,1975
3394,79,197,125250,capture,,-0.5311802252,1975
3395,79,197,125750,capture,,-0.5463148055,1975
3396,79,197,126250,capture,,-0.5381114737,1975
3397,79,197,126750,capture,,-0.5409243008,1975
3398,79,197,127250,capture,,-0.5477227669,1975
3399,79,197,127750,capture,,-0.5397939725,1975
3400,79,197,128250,capture,,-0.5371080859,1975
3401,79,197,128750,capture,,-0.5201944323,1975
3402,79,197,129250,capture,,-0.5091709937,1975
3403,79,197,129750,capture,,-0.5180416843,1975
3404,79,197,130250,capture,,-0.5306346012,1975
3405,79,197,130750,capture,,-0.5296189138,1975
3406,79,197,131250,capture,,-0.5313130482,1975
3407,79,197,131750,capture,,-0.528356301,1975
3408,79,197,132250,capture,,-0.5305019855,1975
3409,79,197,132750,capture,,-0.5307672575,1975
3410,79,197,133250,capture,,-0.5280338957,1975
3411,79,197,133750,capture,,-0.5307525159,1975
3412,79,197,134250,capture,,-0.5457040693,1975
3413,79,197,134750,capture,,-0.5433151963,1975
3414,79,197,135250,capture,,-0.5418911794,1975
3415,79,197,135750,capture,,-0.5391923315,1975
3416,79,197,136250,capture,,-0.5435428657,1975
3417,79,197,136750,capture,,-0.5446982283,1975
3418,79,197,137250,capture,,-0.5533230611,1975
3419,79,197,137750,capture,,-0.5531367685,1975
3420,79,197,138250,capture,,-0.5380365139,1975
3421,79,197,138750,capture,,-0.5375121574,1975
3422,79,197,139250,capture,,-0.5544580656,1975
3423,79,197,139750,capture,,-0.5712498514,1975
3424,79,197,140250,capture,,-0.5563772058,1975
3425,79,197,140750,capture,,-0.537616978,1975
3426,79,197,141250,capture,,-0.5442570036,1975
3427,79,197,141750,capture,,-0.5749714465,1975
3428,79,197,142250,capture,,-0.5716707893,1975
3429,79,197,142750,capture,,-0.5673192662,1975
3430,79,197,143250,capture,,-0.5545514857,1975
3431,79,197,143750,capture,,-0.5579908409,1975
3432,79,197,144250,capture,,-0.5633444778,1975
3433,79,197,144750,capture,,-0.5647610114,1975
3434,79,197,145250,capture,,-0.5742864907,1975
3435,79,197,145750,capture,,-0.5507376447,1975
3436,79,197,146250,capture,,-0.5518968562,1975
3437,79,197,146750,capture,,-0.5631538375,1975
3438,79,197,147250,capture,,-0.5634716179,1975
3439,79,197,147750,capture,,-0.5712498514,1975
3440,79,197,148250,capture,,-0.5723678523,1975
3441,79,197,148750,capture,,-0.5709101608,1975
3442,79,197,149250,capture,,-0.5581478242,1975
3443,79,197,149750,capture,,-0.5616792058,1975
3444,79,197,150250,capture,,-0.577278874,1975
3445,79,197,150750,capture,,-0.5684111045,1975
3446,79,197,151250,capture,,-0.5845592019,1975
3447,79,197,151750,capture,,-0.5727249223,1975
3448,79,197,152250,capture,,-0.5748408954,1975
3449,79,197,152750,capture,,-0.5645856838,1975
3450,79,197,153250,capture,,-0.5430421505,1975
3451,79,197,153750,capture,,-0.6022858832,1975
3452,79,197,154250,capture,,-0.587035728,1975
3453,79,197,154750,capture,,-0.5933576446,1975
3454,79,197,155250,capture,,-0.6159693348,1975
3455,79,197,155750,capture,,-0.5685558184,1975
3456,79,197,156250,capture,,-0.5898303604,1975
3457,79,197,156750,capture,,-0.5868176287,1975
3458,79,197,157250,capture,,-0.5625982808,1975
3459,79,197,157750,capture,,-0.6020426199,1975
3460,79,197,158250,capture,,-0.5443026267,1975
3461,79,197,158750,capture,,-0.5507685169,1975
3462,79,197,159250,capture,,-0.5562833922,1975
3463,79,197,159750,capture,,-0.5165553519,1975
3464,31,71,14600000,capture,,-3.107905397,1976
3465,39,89,14600000,capture,,-3.397940009,1976
3466,52,130,14600000,capture,,-3.236572006,1976
3467,53,127,14600000,capture,,-2.950781977,1976
3468,56,138,14600000,capture,,-2.958607315,1976
3469,57,139,14600000,capture,,-2.995678626,1976
3470,58,142,14600000,capture,,-2.954677021,1976
3471,74,186,14600000,capture,,-2.657577319,1976
3472,78,198,14600000,capture,,-3.22184875,1976
3473,79,197,14600000,capture,,-2.677780705,1976
3474,35,81,14700000,capture,,-3.045757491,1976
3475,45,103,14700000,capture,,-2.698970004,1976
3476,53,127,14700000,capture,,-3.045757491,1976
3477,62,154,14700000,capture,,-3.045757491,1976
3478,64,160,14700000,capture,,-3,1976
3479,67,165,14700000,capture,,-2.698970004,1976
3480,68,170,14700000,capture,,-3.045757491,1976
3481,70,176,14700000,capture,,-3,1976
3482,74,186,14700000,capture,,-2.958607315,1976
3483,33,75,14600000,capture,,-3.124938737,1980
3484,35,81,14600000,capture,,-3.057991947,1980
3485,42,100,14600000,capture,,-2.995678626,1980
3486,44,104,14600000,capture,,-3.065501549,1980
3487,49,115,14600000,capture,,-2.896196279,1980
3488,55,133,14600000,capture,,-3.443697499,1980
3489,55,133,14600000,capture,,-2.943095149,1980
3490,59,141,14600000,capture,,-2.924453039,1980
3491,73,181,14600000,capture,,-3.954677021,1980
3492,73,181,14600000,capture,,-2.838631998,1980
3493,75,187,14600000,capture,,-3.578396073,1980
3494,75,187,14600000,capture,,-2.698970004,1980
3495,49,115,14700000,capture,,-3.080921908,1977
3496,49,115,15000000,capture,,-3.15490196,1974
3497,45,103,520000,capture,,-0.9546770212,1979
3498,45,103,720000,capture,,-1.036212173,1979
3499,45,103,940000,capture,,-1.193820026,1979
3500,45,103,2000000,capture,,-1.318758763,1979
3501,45,103,3000000,capture,,-1.769551079,1979
3502,69,169,520000,capture,,-0.651695137,1979
3503,69,169,720000,capture,,-0.7695510786,1979
3504,69,169,940000,capture,,-0.8446639625,1979
3505,69,169,2000000,capture,,-1.251811973,1979
3506,69,169,3000000,capture,,-1.568636236,1979
3507,79,197,520000,capture,,-0.8860566477,1979
3508,79,197,720000,capture,,-1,1979
3509,79,197,940000,capture,,-1.119186408,1979
3510,79,197,2000000,capture,,-1.283996656,1979
3511,79,197,3000000,capture,,-1.698970004,1979
3512,81,203,500000,capture,,-1.27572413,1979
3513,81,203,1000000,capture,,-1.337242168,1979
3514,81,203,2500000,capture,,-1.638272164,1979
3515,81,205,500000,capture,,-1.920818754,1979
3516,81,205,1000000,capture,,-2,1979
3517,81,205,2500000,capture,,-2.397940009,1979
3518,90,232,105000,capture,,-0.6903698326,1979
3519,90,232,116500,capture,,-0.6968039426,1979
3520,90,232,129500,capture,,-0.7423214251,1979
3521,90,232,143000,capture,,-0.7721132954,1979
3522,90,232,158000,capture,,-0.8124792792,1979
3523,90,232,174500,capture,,-0.8181564121,1979
3524,90,232,192500,capture,,-0.8124792792,1979
3525,90,232,213000,capture,,-0.8297382846,1979
3526,90,232,235500,capture,,-0.8446639625,1979
3527,90,232,260000,capture,,-0.8827287043,1979
3528,90,232,287500,capture,,-0.8794260688,1979
3529,90,232,318000,capture,,-0.896196279,1979
3530,90,232,351500,capture,,-0.9100948886,1979
3531,90,232,388500,capture,,-0.876148359,1979
3532,90,232,429000,capture,,-0.896196279,1979
3533,33,75,14100000,capture,,-1.653647026,1966
3534,53,127,14700000,capture,,-3.207608311,1980
3535,74,186,14700000,capture,,-3.080921908,1980
3536,79,197,14700000,capture,,-2.962573502,1980
3537,39,89,14700000,capture,,-3.408935393,1980
3538,56,138,14700000,capture,,-2.91721463,1980
3539,79,197,105000,capture,,-0.5086383062,1973
3540,79,197,110000,capture,,-0.5287082889,1973
3541,79,197,116000,capture,,-0.5421181033,1973
3542,79,197,122000,capture,,-0.5497508917,1973
3543,79,197,129000,capture,,-0.5559552041,1973
3544,79,197,136000,capture,,-0.5512936801,1973
3545,79,197,143000,capture,,-0.5590909179,1973
3546,79,197,152000,capture,,-0.5686362358,1973
3547,79,197,161000,capture,,-0.5800442515,1973
3548,79,197,170000,capture,,-0.5833594927,1973
3549,79,197,190000,capture,,-0.588380294,1973
3550,79,197,210000,capture,,-0.6020599913,1973
3551,79,197,230000,capture,,-0.6108339156,1973
3552,90,232,125000,capture,,-0.5243288117,1959
3553,90,232,125000,capture,,-0.5185573715,1959
3554,90,232,150000,capture,,-0.6055483192,1959
3555,90,232,150000,capture,,-0.5783960731,1959
3556,90,232,175000,capture,,-0.6234230429,1959
3557,90,232,200000,capture,,-0.7099653886,1959
3558,90,232,225000,capture,,-0.6989700043,1959
3559,90,232,250000,capture,,-0.7670038896,1959
3560,90,232,250000,capture,,-0.6655462488,1959
3561,90,232,297000,capture,,-0.6595558852,1959
3562,90,232,300000,capture,,-0.735182177,1959
3563,90,232,350000,capture,,-0.7569619513,1959
3564,90,232,400000,capture,,-0.7375489103,1959
3565,90,232,429000,capture,,-0.7166987713,1959
3566,90,232,429000,capture,,-0.7099653886,1959
3567,90,232,450000,capture,,-0.721246399,1959
3568,90,232,500000,capture,,-0.7772835289,1959
3569,90,232,580000,capture,,-0.721246399,1959
3570,90,232,620000,capture,,-0.7235381958,1959
3571,90,232,630000,capture,,-0.7235381958,1959
3572,90,232,740000,capture,,-1.022276395,1959
3573,90,232,990000,capture,,-1.173925197,1959
3574,90,232,1230000,capture,,-1.187086643,1959
3575,92,238,152000,capture,,-0.7958800173,1959
3576,92,238,224000,capture,,-0.8268137316,1959
3577,92,238,300000,capture,,-0.8696662315,1959
3578,92,238,360000,capture,,-0.9065783148,1959
3579,92,238,390000,capture,,-0.9355420108,1959
3580,92,238,392000,capture,,-0.9065783148,1959
3581,92,238,530000,capture,,-0.9065783148,1959
3582,92,238,682000,capture,,-0.8326826653,1959
3583,92,238,840000,capture,,-0.793174124,1959
3584,49,115,336000,capture,,-0.8416375079,1973
3585,49,115,548000,capture,,-0.8181564121,1973
3586,49,115,623000,capture,,-0.8124792792,1973
3587,92,238,157000,capture,,-0.7904849855,1973
3588,92,238,231000,capture,,-0.8927900304,1973
3589,92,238,559000,capture,,-0.9546770212,1973
3590,92,238,624000,capture,,-0.9244530386,1973
3591,67,165,25059,capture,,0.123198075,1968
3592,67,165,25895,capture,,0.08707120591,1968
3593,67,165,26204,capture,,0.1392492176,1968
3594,67,165,26316,capture,,0.1122697684,1968
3595,67,165,27074,capture,,0.1248301494,1968
3596,67,165,27653,capture,,0.0115704436,1968
3597,67,165,28097,capture,,0.06557971473,1968
3598,67,165,28439,capture,,0.0817072701,1968
3599,67,165,29135,capture,,0.1142772966,1968
3600,67,165,29264,capture,,0.06557971473,1968
3601,67,165,30106,capture,,0.08742645704,1968
3602,67,165,30603,capture,,0.07481644065,1968
3603,67,165,31355,capture,,0.1000257301,1968
3604,67,165,32015,capture,,0.03140846425,1968
3605,67,165,32397,capture,,0.08206693429,1968
3606,67,165,33069,capture,,0.05690485134,1968
3607,67,165,33742,capture,,0.08742645704,1968
3608,67,165,34451,capture,,0.02978947083,1968
3609,67,165,35152,capture,,0.06032002869,1968
3610,67,165,35735,capture,,0.03702787976,1968
3611,67,165,36452,capture,,0.1055101848,1968
3612,67,165,37524,capture,,0.039017322,1968
3613,67,165,38133,capture,,0.06408343596,1968
3614,67,165,39094,capture,,0.00130093302,1968
3615,67,165,39715,capture,,0.07518185462,1968
3616,67,165,40552,capture,,0.006466042249,1968
3617,67,165,42576,capture,,0.02816441942,1968
3618,67,165,43273,capture,,0.03742649794,1968
3619,67,165,44359,capture,,-0.01144104312,1968
3620,67,165,45437,capture,,0.04649516433,1968
3621,67,165,46567,capture,,0.02857125269,1968
3622,67,165,47326,capture,,0.04649516433,1968
3623,67,165,49324,capture,,-0.04191415148,1968
3624,67,165,49698,capture,,0.03941411918,1968
3625,67,165,50736,capture,,-0.003926345515,1968
3626,67,165,52413,capture,,0.005180512504,1968
3627,67,165,54613,capture,,-0.0486624812,1968
3628,67,165,54824,capture,,-0.01818139283,1968
3629,67,165,56184,capture,,-0.02918838913,1968
3630,67,165,57803,capture,,-0.01637371288,1968
3631,67,165,59491,capture,,-0.05403929642,1968
3632,67,165,60948,capture,,-0.02181948306,1968
3633,67,165,62716,capture,,-0.03245202378,1968
3634,67,165,66421,capture,,-0.08830984125,1968
3635,67,165,67481,capture,,-0.02319166266,1968
3636,67,165,70306,capture,,-0.06298389254,1968
3637,67,165,72033,capture,,-0.03952922247,1968
3638,67,165,73834,capture,,-0.07727454201,1968
3639,67,165,75958,capture,,-0.05551732785,1968
3640,67,165,78171,capture,,-0.08618614762,1968
3641,67,165,80430,capture,,-0.08249449045,1968
3642,67,165,83430,capture,,-0.07883394936,1968
3643,67,165,85168,capture,,-0.11463878,1968
3644,67,165,86912,capture,,-0.1023729087,1968
3645,67,165,89408,capture,,-0.0752040042,1968
3646,67,165,91626,capture,,-0.0840727883,1968
3647,67,165,103950,capture,,-0.07314329105,1968
3648,92,238,160000,capture,,-0.6989700043,1964
3649,92,238,207000,capture,,-0.801342913,1964
3650,92,238,312000,capture,,-0.8507808873,1964
3651,92,238,404000,capture,,-0.8996294549,1964
3652,92,238,505000,capture,,-0.8927900304,1964
3653,92,238,810000,capture,,-0.8326826653,1964
3654,92,238,1060000,capture,,-0.8268137316,1964
3655,92,238,1300000,capture,,-0.8860566477,1964
3656,92,238,1750000,capture,,-1.161150909,1964
3657,92,238,3000000,capture,,-1.568636236,1964
3658,92,238,5000000,capture,,-1.958607315,1964
3659,92,238,7600000,capture,,-2.193820026,1964
3660,79,197,127000,capture,,-0.4934949676,1964
3661,79,197,162000,capture,,-0.4934949676,1964
3662,79,197,209000,capture,,-0.5376020021,1964
3663,79,197,314000,capture,,-0.6345120151,1964
3664,79,197,406000,capture,,-0.7258421507,1964
3665,79,197,507000,capture,,-0.793174124,1964
3666,79,197,600000,capture,,-0.896196279,1964
3667,79,197,746000,capture,,-0.9507819773,1964
3668,79,197,1014000,capture,,-1.004364805,1964
3669,79,197,1308000,capture,,-1.031517051,1964
3670,79,197,1789000,capture,,-1.113509275,1964
3671,79,197,966000,capture,,-1.016824928,1969
3672,79,197,150000,capture,,-0.5686362358,1959
3673,79,197,550000,capture,,-0.9281179927,1959
3674,79,197,1000000,capture,,-1.013228266,1959
3675,79,197,1680000,capture,,-1.229147988,1978
3676,79,197,1930000,capture,,-1.259637311,1978
3677,79,197,2440000,capture,,-1.346787486,1978
3678,90,232,105000,capture,,-0.6716203966,1968
3679,90,232,115000,capture,,-0.7055337738,1968
3680,90,232,127000,capture,,-0.721246399,1968
3681,90,232,138000,capture,,-0.6968039426,1968
3682,90,232,148000,capture,,-0.7375489103,1968
3683,56,138,14000000,capture,,-3,1967
3684,57,139,14000000,capture,,-2.721246399,1967
3685,59,141,14000000,capture,,-2.585026652,1967
3686,39,89,6200000,capture,,-3.721246399,1978
3687,39,89,7200000,capture,,-3.571865206,1978
3688,39,89,8200000,capture,,-3.342944147,1978
3689,39,89,8900000,capture,,-3.238072162,1978
3690,39,89,9900000,capture,,-3.195179321,1978
3691,39,89,10900000,capture,,-3.220403509,1978
3692,39,89,6200000,capture,,-3.169411331,1978
3693,39,89,7200000,capture,,-3.161150909,1978
3694,39,89,8200000,capture,,-3.048662481,1978
3695,39,89,8900000,capture,,-3,1978
3696,39,89,9900000,capture,,-2.929223537,1978
3697,39,89,10900000,capture,,-2.814741235,1978
3698,29,63,14500000,capture,,-2.591760035,1958
3699,29,65,14500000,capture,,-2.200659451,1958
3700,31,71,14500000,capture,,-2.721246399,1958
3701,34,82,14500000,capture,,-3.187086643,1958
3702,35,81,14500000,capture,,-2.455931956,1958
3703,39,89,14500000,capture,,-2.537602002,1958
3704,44,104,14500000,capture,,-1.866461092,1958
3705,46,110,14500000,capture,,-2.698970004,1958
3706,53,127,14500000,capture,,-2.602059991,1958
3707,56,138,14500000,capture,,-2.886056648,1958
3708,57,139,14500000,capture,,-2.829738285,1958
3709,59,141,14500000,capture,,-2.477555766,1958
3710,64,160,14500000,capture,,-1.732828272,1958
3711,74,186,14500000,capture,,-2.397940009,1958
3712,78,198,14500000,capture,,-2.769551079,1958
3713,81,205,14500000,capture,,-2.698970004,1958
3714,82,208,14500000,capture,,-2.515700161,1958
3715,83,209,14500000,capture,,-2.838631998,1958
3716,90,232,14500000,capture,,-2.283996656,1958
3717,92,238,14500000,capture,,-2.48148606,1958
3718,92,238,400000,capture,,-0.9100948886,1945
3719,92,238,600000,capture,,-0.8894102897,1945
3720,92,238,2080000,capture,,-1.408935393,1945
3721,92,238,2520000,capture,,-1.568636236,1945
3722,92,238,3000000,capture,,-1.628932138,1945
3723,39,89,500000,capture,,-2.173925197,1981
3724,39,89,700000,capture,,-2.193820026,1981
3725,39,89,1000000,capture,,-2.27572413,1981
3726,39,89,2000000,capture,,-2.366531544,1981
3727,39,89,2500000,capture,,-2.366531544,1981
3728,39,89,3000000,capture,,-2.443697499,1981
3729,41,93,700000,capture,,-1.299296283,1981
3730,41,93,1000000,capture,,-1.435333936,1981
3731,41,93,2000000,capture,,-1.899629455,1981
3732,41,93,3000000,capture,,-2.161150909,1981
3733,64,155,500000,capture,,-0.385102784,1981
3734,64,155,1000000,capture,,-0.6345120151,1981
3735,64,155,2500000,capture,,-1.161150909,1981
3736,64,156,500000,capture,,-0.6655462488,1981
3737,64,156,1000000,capture,,-0.6757175447,1981
3738,64,156,2500000,capture,,-1.107905397,1981
3739,64,157,500000,capture,,-0.6073030467,1981
3740,64,157,1000000,capture,,-0.9829666607,1981
3741,64,157,2500000,capture,,-1.455931956,1981
3742,64,158,500000,capture,,-0.9100948886,1981
3743,64,158,1000000,capture,,-1.091514981,1981
3744,64,158,2500000,capture,,-1.443697499,1981
3745,64,160,500000,capture,,-1.337242168,1981
3746,64,160,1000000,capture,,-1.455931956,1981
3747,64,160,2500000,capture,,-1.795880017,1981
3748,74,182,500000,capture,,-1.142667504,1981
3749,74,182,1000000,capture,,-1.065501549,1981
3750,74,182,2500000,capture,,-1.26760624,1981
3751,74,183,500000,capture,,-1.15490196,1981
3752,74,183,1000000,capture,,-1.119186408,1981
3753,74,183,2500000,capture,,-1.585026652,1981
3754,74,184,500000,capture,,-1.30980392,1981
3755,74,184,1000000,capture,,-1.193820026,1981
3756,74,184,2500000,capture,,-1.619788758,1981
3757,74,186,500000,capture,,-1.30980392,1981
3758,74,186,1000000,capture,,-1.30980392,1981
3759,74,186,2500000,capture,,-1.677780705,1981
3760,37,85,1000000,capture,,-1.6127882,1981
3761,37,85,2500000,capture,,-1.963371105,1981
3762,45,103,42700,capture,,-0.1295960947,1982
3763,45,103,45700,capture,,-0.1745738822,1982
3764,45,103,49900,capture,,-0.1797985405,1982
3765,45,103,55000,capture,,-0.1643094285,1982
3766,45,103,60400,capture,,-0.2596373105,1982
3767,45,103,64800,capture,,-0.2612194415,1982
3768,71,175,10010,capture,,0.3942765268,1981
3769,71,175,10550,capture,,0.3558344959,1981
3770,71,175,11130,capture,,0.2884728006,1981
3771,71,175,11760,capture,,0.2543063323,1981
3772,71,175,12450,capture,,0.2984163801,1981
3773,71,175,13200,capture,,0.2966651903,1981
3774,71,175,14020,capture,,0.28171497,1981
3775,71,175,14920,capture,,0.2697463731,1981
3776,71,175,15900,capture,,0.2579184503,1981
3777,71,175,16990,capture,,0.2161659023,1981
3778,71,175,18200,capture,,0.2079035304,1981
3779,71,175,19530,capture,,0.2327420627,1981
3780,71,175,21020,capture,,0.2100508499,1981
3781,71,175,22690,capture,,0.1945143419,1981
3782,71,175,24570,capture,,0.1448854183,1981
3783,71,175,26680,capture,,0.1176026917,1981
3784,71,175,29080,capture,,0.08671566394,1981
3785,71,175,31830,capture,,0.07990446767,1981
3786,71,175,34970,capture,,0.04170842089,1981
3787,71,175,38610,capture,,0.01757586839,1981
3788,71,175,42850,capture,,0.02135471308,1981
3789,71,175,47830,capture,,0.001949941084,1981
3790,71,175,53730,capture,,-0.02282532398,1981
3791,71,175,60790,capture,,-0.05315488604,1981
3792,71,175,69350,capture,,-0.09952362861,1981
3793,71,175,79840,capture,,-0.1483747968,1981
3794,71,175,92910,capture,,-0.1901710389,1981
3795,71,175,20910,capture,,0.2221960463,1981
3796,71,175,22860,capture,,0.2121876044,1981
3797,71,175,25100,capture,,0.1222158783,1981
3798,71,175,27680,capture,,0.08062648692,1981
3799,71,175,30670,capture,,0.07298474463,1981
3800,71,175,34180,capture,,0.04999285692,1981
3801,71,175,38310,capture,,0.02530586526,1981
3802,71,175,43240,capture,,0.02036128265,1981
3803,71,175,49180,capture,,-0.007004901569,1981
3804,71,175,56420,capture,,-0.04431224969,1981
3805,71,175,65390,capture,,-0.07987667371,1981
3806,71,175,76670,capture,,-0.1202735034,1981
3807,71,175,91140,capture,,-0.1487416513,1981
3808,71,175,110140,capture,,-0.1839576591,1981
3809,71,175,135750,capture,,-0.238899461,1981
3810,71,175,171460,capture,,-0.3143478159,1981
3811,90,232,146000,capture,,-0.7825160558,1981
3812,49,115,1960000,capture,,-0.8794260688,1982
3813,49,115,2060000,capture,,-0.8794260688,1982
3814,49,115,2160000,capture,,-0.8996294549,1982
3815,49,115,2210000,capture,,-0.896196279,1982
3816,49,115,2260000,capture,,-0.9244530386,1982
3817,49,115,2350000,capture,,-0.9913998282,1982
3818,49,115,2450000,capture,,-1.122628654,1982
3819,49,115,2680000,capture,,-1.22184875,1982
3820,49,115,2930000,capture,,-1.327902142,1982
3821,49,115,3170000,capture,,-1.408935393,1982
3822,49,115,3420000,capture,,-1.482804102,1982
3823,49,115,3680000,capture,,-1.580044252,1982
3824,49,115,3860000,capture,,-1.649751982,1982
3825,49,115,4060000,capture,,-1.690369833,1982
3826,49,115,4210000,capture,,-1.761953897,1982
3827,49,115,4360000,capture,,-1.809668302,1982
3828,49,115,4460000,capture,,-1.879426069,1982
3829,79,197,14300000,capture,,-2.962573502,1981
3830,79,197,103300,capture,,-0.4841261563,1968
3831,79,197,134000,capture,,-0.5316526696,1968
3832,79,197,153000,capture,,-0.5606673062,1968
3833,79,197,171000,capture,,-0.563837353,1968
3834,79,197,179000,capture,,-0.571865206,1968
3835,79,197,184000,capture,,-0.5767541261,1968
3836,79,197,191000,capture,,-0.5800442515,1968
3837,79,197,227000,capture,,-0.6020599913,1968
3838,79,197,280000,capture,,-0.6798537139,1968
3839,79,197,342000,capture,,-0.7328282716,1968
3840,79,197,473000,capture,,-0.8477116556,1968
3841,49,115,2442000,capture,,-0.8538719643,1983
3842,49,115,2539000,capture,,-0.9083330424,1983
3843,49,115,2871000,capture,,-0.9913998282,1983
3844,49,115,3115000,capture,,-1.050609993,1983
3845,49,115,3356000,capture,,-1.135488919,1983
3846,49,115,3700000,capture,,-1.338187314,1983
3847,49,115,3933000,capture,,-1.364516253,1983
3848,49,115,4159000,capture,,-1.389339837,1983
3849,49,115,4344000,capture,,-1.48148606,1983
3850,49,115,4504000,capture,,-1.534617149,1983
3851,79,197,2116000,capture,,-1.268411235,1983
3852,79,197,2266000,capture,,-1.344861565,1983
3853,79,197,2341000,capture,,-1.387216143,1983
3854,79,197,2442000,capture,,-1.43062609,1983
3855,79,197,2871000,capture,,-1.581698709,1983
3856,79,197,3237000,capture,,-1.677780705,1983
3857,79,197,3586000,capture,,-1.684029655,1983
3858,64,155,108500,capture,,0.1673173347,1989
3859,64,155,118000,capture,,0.1522883444,1989
3860,64,155,133500,capture,,0.08990511144,1989
3861,64,155,177000,capture,,-0.05551732785,1989
3862,64,155,197000,capture,,-0.04095860768,1989
3863,64,155,221500,capture,,-0.07058107429,1989
3864,64,157,108500,capture,,-0.214670165,1989
3865,64,157,118000,capture,,-0.251811973,1989
3866,64,157,129000,capture,,-0.30980392,1989
3867,64,157,177000,capture,,-0.4436974992,1989
3868,64,157,197000,capture,,-0.4559319556,1989
3869,64,157,221500,capture,,-0.4559319556,1989
3870,49,115,2030000,capture,,-0.8860566477,1985
3871,49,115,2260000,capture,,-0.9355420108,1985
3872,49,115,2540000,capture,,-1.070581074,1985
3873,49,115,2680000,capture,,-1.229147988,1985
3874,49,115,2930000,capture,,-1.346787486,1985
3875,49,115,3170000,capture,,-1.431798276,1985
3876,49,115,3420000,capture,,-1.494850022,1985
3877,49,115,3680000,capture,,-1.59345982,1985
3878,49,115,3860000,capture,,-1.657577319,1985
3879,49,115,4060000,capture,,-1.707743929,1985
3880,49,115,4130000,capture,,-1.812479279,1985
3881,49,115,4210000,capture,,-1.782516056,1985
3882,49,115,4360000,capture,,-1.832682665,1985
3883,49,115,4500000,capture,,-2,1985
3884,49,115,4590000,capture,,-2.008773924,1985
3885,49,115,4730000,capture,,-2.017728767,1985
3886,49,115,4890000,capture,,-2.031517051,1985
3887,49,115,5030000,capture,,-2.193820026,1985
3888,49,115,5260000,capture,,-2.119186408,1985
3889,49,115,5350000,capture,,-2.22184875,1985
3890,49,115,5420000,capture,,-2.200659451,1985
3891,49,115,5580000,capture,,-2.180456064,1985
3892,49,115,5870000,capture,,-2.318758763,1985
3893,49,115,6250000,capture,,-2.346787486,1985
3894,49,115,6440000,capture,,-2.468521083,1985
3895,49,115,6850000,capture,,-2.508638306,1985
3896,49,115,7030000,capture,,-2.568636236,1985
3897,49,115,7130000,capture,,-2.721246399,1985
3898,49,115,7260000,capture,,-2.698970004,1985
3899,49,115,7600000,capture,,-2.721246399,1985
3900,49,115,7660000,capture,,-2.795880017,1985
3901,79,197,2030000,capture,,-1.27572413,1985
3902,79,197,2260000,capture,,-1.337242168,1985
3903,79,197,2540000,capture,,-1.431798276,1985
3904,79,197,2680000,capture,,-1.602059991,1985
3905,79,197,2930000,capture,,-1.663540266,1985
3906,79,197,3170000,capture,,-1.749579998,1985
3907,79,197,3420000,capture,,-1.787812396,1985
3908,79,197,3690000,capture,,-1.829738285,1985
3909,79,197,3930000,capture,,-1.879426069,1985
3910,79,197,4130000,capture,,-1.928117993,1985
3911,79,197,4180000,capture,,-1.935542011,1985
3912,79,197,4590000,capture,,-2.055517328,1985
3913,79,197,4870000,capture,,-2.070581074,1985
3914,79,197,5260000,capture,,-2.161150909,1985
3915,79,197,5580000,capture,,-2.207608311,1985
3916,79,197,5900000,capture,,-2.292429824,1985
3917,79,197,6250000,capture,,-2.327902142,1985
3918,79,197,6490000,capture,,-2.366531544,1985
3919,79,197,6850000,capture,,-2.619788758,1985
3920,79,197,7130000,capture,,-2.638272164,1985
3921,79,197,7260000,capture,,-2.886056648,1985
3922,79,197,7600000,capture,,-3.096910013,1985
3923,40,96,14700000,capture,,-3.920818754,1986
3924,56,138,14700000,capture,,-2.48148606,1986
3925,29,63,500000,capture,,-1.804100348,1992
3926,29,63,1000000,capture,,-1.866461092,1992
3927,29,63,2000000,capture,,-2.096910013,1992
3928,29,63,3000000,capture,,-2.251811973,1992
3929,29,65,500000,capture,,-2.15490196,1992
3930,29,65,1000000,capture,,-2.080921908,1992
3931,29,65,2000000,capture,,-2.251811973,1992
3932,29,65,3000000,capture,,-2.37675071,1992
3933,39,89,500000,capture,,-2.173925197,1992
3934,39,89,700000,capture,,-2.193820026,1992
3935,39,89,1000000,capture,,-2.27572413,1992
3936,39,89,2000000,capture,,-2.366531544,1992
3937,39,89,2500000,capture,,-2.366531544,1992
3938,39,89,3000000,capture,,-2.443697499,1992
3939,41,93,700000,capture,,-1.301029996,1992
3940,41,93,1000000,capture,,-1.435333936,1992
3941,41,93,2000000,capture,,-1.899629455,1992
3942,41,93,3000000,capture,,-2.161150909,1992
3943,57,139,500000,capture,,-2.15490196,1992
3944,57,139,1000000,capture,,-2.080921908,1992
3945,57,139,2000000,capture,,-2.096910013,1992
3946,57,139,3000000,capture,,-2.30980392,1992
3947,65,159,500000,capture,,-0.5331323796,1992
3948,65,159,700000,capture,,-0.6216020991,1992
3949,65,159,1000000,capture,,-0.6840296545,1992
3950,65,159,2500000,capture,,-1.193820026,1992
3951,73,181,500000,capture,,-0.7878123956,1992
3952,73,181,1000000,capture,,-0.9393021596,1992
3953,73,181,2000000,capture,,-1.200659451,1992
3954,73,181,3000000,capture,,-1.522878745,1992
3955,81,203,500000,capture,,-1.397940009,1992
3956,81,203,1000000,capture,,-1.443697499,1992
3957,81,203,2500000,capture,,-1.769551079,1992
3958,81,205,500000,capture,,-2,1992
3959,81,205,1000000,capture,,-2.045757491,1992
3960,81,205,2500000,capture,,-2.356547324,1992
3961,83,209,500000,capture,,-2.522878745,1992
3962,83,209,1000000,capture,,-2.522878745,1992
3963,83,209,2000000,capture,,-2.366531544,1992
3964,83,209,2500000,capture,,-2.229147988,1992
3965,83,209,3000000,capture,,-2.173925197,1992
3966,76,190,500000,capture,,-1.013228266,1992
3967,76,190,1000000,capture,,-1.070581074,1992
3968,76,190,2000000,capture,,-1.167491087,1992
3969,76,190,3000000,capture,,-1.322393047,1992
3970,76,192,500000,capture,,-1.26760624,1992
3971,76,192,1000000,capture,,-1.443697499,1992
3972,76,192,2000000,capture,,-1.638272164,1992
3973,76,192,3000000,capture,,-1.657577319,1992
3974,78,194,500000,capture,,-0.9136401693,1992
3975,78,194,1000000,capture,,-1.13076828,1992
3976,78,194,2000000,capture,,-1.075720714,1992
3977,78,194,3000000,capture,,-1.443697499,1992
3978,79,197,500000,capture,,-0.8860566477,1992
3979,79,197,700000,capture,,-0.9956786262,1992
3980,79,197,1000000,capture,,-1.102372909,1992
3981,79,197,2000000,capture,,-1.283996656,1992
3982,79,197,2500000,capture,,-1.401209493,1992
3983,79,197,3000000,capture,,-1.571865206,1992
3984,53,127,500000,capture,,-0.9706162223,1992
3985,53,127,1000000,capture,,-1.15490196,1992
3986,53,127,2000000,capture,,-1.318758763,1992
3987,53,127,3000000,capture,,-1.563837353,1992
3988,55,133,500000,capture,,-0.9355420108,1992
3989,55,133,1000000,capture,,-1.122053048,1992
3990,55,133,2000000,capture,,-1.602059991,1992
3991,55,133,3000000,capture,,-1.844663963,1992
3992,59,141,500000,capture,,-1.677780705,1992
3993,59,141,1000000,capture,,-1.596879479,1992
3994,59,141,2000000,capture,,-1.698970004,1992
3995,59,141,3000000,capture,,-2.017728767,1992
3996,67,165,500000,capture,,-0.6038006529,1992
3997,67,165,1000000,capture,,-0.9318141383,1992
3998,67,165,2000000,capture,,-1.169411331,1992
3999,67,165,3000000,capture,,-1.537602002,1992
4000,92,238,500000,capture,,-0.9136401693,1992
4001,92,238,720000,capture,,-0.8938091027,1992
4002,92,238,900000,capture,,-0.8807441107,1992
4003,92,238,1100000,capture,,-0.9415739755,1992
4004,72,176,1107900,capture,,-0.1356075948,1974
4005,72,176,993660,capture,,-0.0955008446,1974
4006,72,176,896210,capture,,0.4739246934,1974
4007,72,176,812420,capture,,0.4772659954,1974
4008,72,176,739860,capture,,0.5025636691,1974
4009,72,176,676600,capture,,0.5174598265,1974
4010,72,176,621120,capture,,0.5055569387,1974
4011,72,176,572190,capture,,0.4884096889,1974
4012,72,176,528830,capture,,0.4577305482,1974
4013,72,176,490210,capture,,0.4435758798,1974
4014,72,176,455680,capture,,0.4542348957,1974
4015,72,176,424670,capture,,0.4212747912,1974
4016,72,176,396720,capture,,0.4380674505,1974
4017,72,176,371440,capture,,0.4308809465,1974
4018,72,176,348500,capture,,0.4109458587,1974
4019,72,176,327630,capture,,0.3422252294,1974
4020,72,176,308570,capture,,0.306639441,1974
4021,72,176,291130,capture,,0.3025473725,1974
4022,72,176,275130,capture,,0.3471347829,1974
4023,72,176,260410,capture,,0.3925210899,1974
4024,72,176,246850,capture,,0.4202858849,1974
4025,72,176,234310,capture,,0.3889887851,1974
4026,72,176,222710,capture,,0.3471347829,1974
4027,72,176,211940,capture,,0.3388547463,1974
4028,72,176,201940,capture,,0.4041492492,1974
4029,72,176,192630,capture,,0.4681995861,1974
4030,72,176,183950,capture,,0.6139474768,1974
4031,72,176,175850,capture,,0.6560023207,1974
4032,72,176,168270,capture,,0.8221026686,1974
4033,72,176,161160,capture,,0.5424519474,1974
4034,72,176,154500,capture,,0.4332896852,1974
4035,72,178,1107900,capture,,-0.2428318078,1974
4036,72,178,993660,capture,,-0.2300321987,1974
4037,72,178,896210,capture,,-0.2338103067,1974
4038,72,178,812420,capture,,-0.332173621,1974
4039,72,178,739860,capture,,-0.3155137078,1974
4040,72,178,676600,capture,,-0.3101585909,1974
4041,72,178,621120,capture,,-0.3291050465,1974
4042,72,178,572190,capture,,-0.3565473235,1974
4043,72,178,528830,capture,,-0.4046140192,1974
4044,72,178,490210,capture,,-0.414200991,1974
4045,72,178,455680,capture,,-0.4298074389,1974
4046,72,178,424670,capture,,-0.4587953093,1974
4047,72,178,396720,capture,,-0.5001755042,1974
4048,72,178,371440,capture,,-0.5394028111,1974
4049,72,178,348500,capture,,-0.6190655367,1974
4050,72,178,327630,capture,,-0.7160207158,1974
4051,72,178,308570,capture,,-0.7535014192,1974
4052,72,178,291130,capture,,-0.7783250029,1974
4053,72,178,275130,capture,,-0.7454519229,1974
4054,72,178,260410,capture,,-0.7070797004,1974
4055,72,178,246850,capture,,-0.7440042733,1974
4056,72,178,234310,capture,,-0.7870138153,1974
4057,72,178,222710,capture,,-0.7574585717,1974
4058,72,178,1107900,capture,,-0.2367966996,1974
4059,72,178,993660,capture,,-0.2278250392,1974
4060,72,178,896210,capture,,-0.3338565727,1974
4061,72,178,812420,capture,,-0.2943073035,1974
4062,72,178,739860,capture,,-0.2860057323,1974
4063,72,178,676600,capture,,-0.2947351377,1974
4064,72,178,621120,capture,,-0.316772794,1974
4065,72,178,572190,capture,,-0.359518563,1974
4066,72,178,528830,capture,,-0.3900855899,1974
4067,72,178,490210,capture,,-0.3826850667,1974
4068,72,178,455680,capture,,-0.3791355247,1974
4069,72,178,424670,capture,,-0.417595702,1974
4070,72,178,396720,capture,,-0.4662279416,1974
4071,72,178,371440,capture,,-0.5204246898,1974
4072,72,178,348500,capture,,-0.5553307691,1974
4073,72,178,327630,capture,,-0.6390281163,1974
4074,72,178,308570,capture,,-0.6994045161,1974
4075,72,178,291130,capture,,-0.714442691,1974
4076,72,178,275130,capture,,-0.7256112044,1974
4077,72,178,260410,capture,,-0.720333056,1974
4078,72,178,246850,capture,,-0.7070797004,1974
4079,72,178,234310,capture,,-0.7370745307,1974
4080,72,178,222710,capture,,-0.7584535194,1974
4081,72,180,1107900,capture,,-1.083440781,1974
4082,72,180,993660,capture,,-0.9550684539,1974
4083,72,180,896210,capture,,-0.466609292,1974
4084,72,180,812420,capture,,-0.436044535,1974
4085,72,180,739860,capture,,-0.409492538,1974
4086,72,180,676600,capture,,-0.4113921953,1974
4087,72,180,621120,capture,,-0.4284076166,1974
4088,72,180,572190,capture,,-0.4599209112,1974
4089,72,180,528830,capture,,-0.4934949676,1974
4090,72,180,1107900,capture,,-1.078313525,1974
4091,72,180,993660,capture,,-1.010950844,1974
4092,72,180,896210,capture,,-0.4092695942,1974
4093,72,180,812420,capture,,-0.3997896936,1974
4094,72,180,739860,capture,,-0.3858412905,1974
4095,72,180,676600,capture,,-0.3991359637,1974
4096,72,180,621120,capture,,-0.4248121551,1974
4097,72,180,572190,capture,,-0.4680104486,1974
4098,72,180,528830,capture,,-0.4955291375,1974
4099,92,236,360000,capture,,-0.507239611,1961
4100,92,236,464000,capture,,-0.5114492835,1961
4101,92,236,560000,capture,,-0.3946949539,1961
4102,92,236,655000,capture,,-0.5670307091,1961
4103,92,236,705000,capture,,-0.5214335044,1961
4104,92,236,850000,capture,,-0.5272435507,1961
4105,92,236,943000,capture,,-0.4546928835,1961
4106,92,236,1063000,capture,,-0.4559319556,1961
4107,92,236,1220000,capture,,-0.2708352103,1961
4108,92,238,247311,capture,,-3.664341548,2006
4109,92,238,234768,capture,,-4.384997385,2006
4110,92,238,202376,capture,,-1.405828521,2006
4111,92,238,193057,capture,,-0.7483617796,2006
4112,92,238,184368,capture,,-0.5474469368,2006
4113,92,238,176252,capture,,-0.554084586,2006
4114,92,238,168661,capture,,-0.5780671867,2006
4115,92,238,161550,capture,,-0.6097716375,2006
4116,92,238,154879,capture,,-0.6192462292,2006
4117,29,65,900000,capture,,-2.055517328,1949
4118,33,75,900000,capture,,-1.091514981,1949
4119,46,106,900000,capture,,-0.6695862267,1949
4120,46,110,900000,capture,,-0.8827287043,1949
4121,47,107,900000,capture,,-0.4317982759,1949
4122,49,115,900000,capture,,-0.1870866434,1949
4123,51,121,900000,capture,,-0.8068754016,1949
4124,53,127,900000,capture,,-0.7447274949,1949
4125,56,130,900000,capture,,-2.366531544,1949
4126,52,130,900000,capture,,-1.576754126,1949
4127,74,186,900000,capture,,-1.37675071,1949
4128,78,198,900000,capture,,-0.3187587626,1949
4129,79,197,900000,capture,,-0.30980392,1949
4130,79,197,138000,capture,,-0.5257837359,1971
4131,79,197,264000,capture,,-0.6439741428,1971
4132,79,197,378000,capture,,-0.6968039426,1971
4133,79,197,974000,capture,,-1.017728767,1971
4134,67,165,138000,capture,,-0.1917890271,1971
4135,67,165,264000,capture,,-0.4814860601,1971
4136,67,165,378000,capture,,-0.5030703519,1971
4137,67,165,974000,capture,,-0.8728952016,1971
4138,66,164,264000,capture,,-0.8386319978,1971
4139,66,164,378000,capture,,-0.7011469236,1971
4140,66,164,974000,capture,,-0.9913998282,1971
4141,62,152,264000,capture,,-0.7099653886,1971
4142,62,152,974000,capture,,-0.9136401693,1971
4143,90,232,175000,capture,,-0.785156152,2001
4144,90,232,177000,capture,,-0.7958800173,2001
4145,90,232,280000,capture,,-0.8632794328,2001
4146,90,232,288000,capture,,-0.8728952016,2001
4147,90,232,394000,capture,,-0.8927900304,2001
4148,90,232,491000,capture,,-0.8728952016,2001
4149,90,232,555000,capture,,-0.8601209136,2001
4150,90,232,565000,capture,,-0.8416375079,2001
4151,90,232,568000,capture,,-0.8507808873,2001
4152,90,232,594000,capture,,-0.8326826653,2001
4153,90,232,650000,capture,,-0.8239087409,2001
4154,90,232,731000,capture,,-0.8124792792,2001
4155,90,232,812000,capture,,-0.8326826653,2001
4156,90,232,891000,capture,,-0.8794260688,2001
4157,90,232,935000,capture,,-0.9281179927,2001
4158,90,232,942000,capture,,-0.9244530386,2001
4159,90,232,972000,capture,,-0.9355420108,2001
4160,90,232,1188000,capture,,-0.9746941347,2001
4161,90,232,1440000,capture,,-1.008773924,2001
4162,90,232,1691000,capture,,-1.075720714,2001
4163,90,232,1691000,capture,,-1.075720714,2001
4164,90,232,1941000,capture,,-1.173925197,2001
4165,66,162,550000,capture,,-0.9586073148,2004
4166,66,163,550000,capture,,-0.9244530386,2004
4167,66,164,550000,capture,,-1.431798276,2004
4168,45,103,41953,capture,,-0.1981642687,2003
4169,45,103,46542,capture,,-0.1380177859,2003
4170,45,103,53450,capture,,-0.2251255272,2003
4171,45,103,59297,capture,,-0.2214652922,2003
4172,45,103,68099,capture,,-0.2449564324,2003
4173,45,103,80962,capture,,-0.3327899463,2003
4174,76,186,212000,capture,,-0.747146969,2010
4175,76,186,237500,capture,,-0.7670038896,2010
4176,76,186,266500,capture,,-0.785156152,2010
4177,76,186,299000,capture,,-0.801342913,2010
4178,76,186,335500,capture,,-0.8153085692,2010
4179,76,186,376500,capture,,-0.8210230527,2010
4180,76,186,422500,capture,,-0.8386319978,2010
4181,76,186,474000,capture,,-0.8297382846,2010
4182,76,186,531500,capture,,-0.8326826653,2010
4183,76,186,596500,capture,,-0.8181564121,2010
4184,76,186,669500,capture,,-0.801342913,2010
4185,76,186,751000,capture,,-0.7825160558,2010
4186,76,186,842500,capture,,-0.793174124,2010
4187,76,186,945500,capture,,-0.7772835289,2010
4188,76,187,106000,capture,,-0.368556231,2010
4189,76,187,119000,capture,,-0.4190750243,2010
4190,76,187,133500,capture,,-0.448550002,2010
4191,76,187,149500,capture,,-0.507239611,2010
4192,76,187,168000,capture,,-0.5346171486,2010
4193,76,187,189000,capture,,-0.5421181033,2010
4194,76,187,212000,capture,,-0.588380294,2010
4195,76,187,237500,capture,,-0.6108339156,2010
4196,76,187,266500,capture,,-0.6401645177,2010
4197,76,187,299000,capture,,-0.6757175447,2010
4198,76,187,335500,capture,,-0.6968039426,2010
4199,76,187,376500,capture,,-0.7077439286,2010
4200,76,187,422500,capture,,-0.739928612,2010
4201,76,187,474000,capture,,-0.735182177,2010
4202,76,187,531500,capture,,-0.7594507517,2010
4203,76,187,596500,capture,,-0.793174124,2010
4204,76,187,669500,capture,,-0.801342913,2010
4205,76,187,751000,capture,,-0.8181564121,2010
4206,76,187,842500,capture,,-0.8416375079,2010
4207,76,187,945500,capture,,-0.8632794328,2010
4208,76,188,212000,capture,,-0.8664610916,2010
4209,76,188,237500,capture,,-0.8927900304,2010
4210,76,188,266500,capture,,-0.9065783148,2010
4211,76,188,299000,capture,,-0.9244530386,2010
4212,76,188,335500,capture,,-0.9507819773,2010
4213,76,188,376500,capture,,-0.9788107009,2010
4214,76,188,422500,capture,,-0.9746941347,2010
4215,76,188,474000,capture,,-0.9665762445,2010
4216,76,188,531500,capture,,-0.9746941347,2010
4217,76,188,596500,capture,,-0.9746941347,2010
4218,76,188,669500,capture,,-1,2010
4219,76,188,751000,capture,,-1.008773924,2010
4220,76,188,842500,capture,,-1.017728767,2010
4221,76,188,945500,capture,,-1.004364805,2010
4222,29,63,9530000,capture,,-2.15490196,2004
4223,58,140,550000,capture,,-2.325138859,2000
4224,59,141,550000,capture,,-1.647817482,2000
4225,57,139,558000,capture,,-2.248720896,2007
4226,70,170,347120,capture,,-0.4972998247,2008
4227,70,170,466600,capture,,-0.4772428742,2008
4228,70,170,286300,capture,,-0.4641870625,2008
4229,70,170,405820,capture,,-0.4590201964,2008
4230,91,233,100000,capture,,0.2405492483,2006
4231,91,233,300000,capture,,0.1139433523,2006
4232,91,233,500000,capture,,-0.008773924308,2006
4233,91,233,700000,capture,,-0.1249387366,2006
4234,91,233,900000,capture,,-0.06550154876,2006
4235,66,161,133000,capture,,-0.307116753,2010
4236,66,161,253000,capture,,-0.4170625277,2010
4237,66,161,373000,capture,,-0.511031293,2010
4238,66,161,493000,capture,,-0.6870284546,2010
4239,66,161,203000,capture,,-0.359859444,2010
4240,66,161,323000,capture,,-0.5084470906,2010
4241,66,161,443000,capture,,-0.7049683027,2010
4242,66,161,563000,capture,,-0.8567152712,2010
4243,66,161,143000,capture,,-0.7091657539,2010
4244,66,161,143000,capture,,-0.3377524619,2010
4245,66,161,263000,capture,,-0.9034571036,2010
4246,66,161,263000,capture,,-0.4888050534,2010
4247,66,161,383000,capture,,-1.089727762,2010
4248,66,161,383000,capture,,-0.6920661444,2010
4249,66,161,503000,capture,,-1.286821135,2010
4250,66,161,503000,capture,,-0.8200925031,2010
4251,79,197,100416.5,capture,,-0.5214335044,2011
4252,79,197,101345.5,capture,,-0.4023048141,2011
4253,79,197,102283,capture,,-0.5287082889,2011
4254,79,197,103229.5,capture,,-0.5257837359,2011
4255,79,197,104185,capture,,-0.5044556625,2011
4256,79,197,105149,capture,,-0.571865206,2011
4257,79,197,106122,capture,,-0.3142582614,2011
4258,79,197,107104,capture,,-0.4534573365,2011
4259,79,197,108095,capture,,-0.5016894462,2011
4260,79,197,109095,capture,,-0.6143937264,2011
4261,79,197,110104,capture,,-0.5128616245,2011
4262,79,197,111123,capture,,-0.4907974777,2011
4263,79,197,112151.5,capture,,-0.4100503987,2011
4264,79,197,113189,capture,,-0.5528419687,2011
4265,79,197,114236,capture,,-0.588380294,2011
4266,79,197,115293,capture,,-0.5100415206,2011
4267,79,197,116360,capture,,-0.5482135645,2011
4268,79,197,117437,capture,,-0.5590909179,2011
4269,79,197,118523.5,capture,,-0.5590909179,2011
4270,79,197,119620,capture,,-0.5867002359,2011
4271,79,197,120727,capture,,-0.5497508917,2011
4272,79,197,121844,capture,,-0.627087997,2011
4273,79,197,122971.5,capture,,-0.5575202309,2011
4274,79,197,124109.5,capture,,-0.5686362358,2011
4275,79,197,125258,capture,,-0.5606673062,2011
4276,79,197,126417,capture,,-0.588380294,2011
4277,79,197,127586.5,capture,,-0.4546928835,2011
4278,79,197,128767,capture,,-0.625251654,2011
4279,79,197,129958.5,capture,,-0.7077439286,2011
4280,79,197,131161,capture,,-0.5185573715,2011
4281,79,197,132374.5,capture,,-0.4473317839,2011
4282,79,197,133599.5,capture,,-0.4775557665,2011
4283,79,197,134836,capture,,-0.5128616245,2011
4284,79,197,136083.5,capture,,-0.638272164,2011
4285,79,197,137342.5,capture,,-0.6197887583,2011
4286,79,197,138613.5,capture,,-0.5833594927,2011
4287,79,197,139896,capture,,-0.5228787453,2011
4288,79,197,141190,capture,,-0.377785977,2011
4289,79,197,142496.5,capture,,-0.6458915609,2011
4290,79,197,143815,capture,,-0.6615435064,2011
4291,79,197,145145.5,capture,,-0.4634415574,2011
4292,79,197,146488.5,capture,,-0.6234230429,2011
4293,79,197,147844,capture,,-0.4814860601,2011
4294,79,197,149212,capture,,-0.588380294,2011
4295,79,197,150592.5,capture,,-0.49757288,2011
4296,79,197,151986,capture,,-0.5559552041,2011
4297,79,197,153392.5,capture,,-0.6179829574,2011
4298,79,197,154812,capture,,-0.507239611,2011
4299,79,197,156244.5,capture,,-0.6595558852,2011
4300,79,197,157690,capture,,-0.507239611,2011
4301,79,197,159149,capture,,-0.7033348097,2011
4302,79,197,160622,capture,,-0.5406075122,2011
4303,79,197,162108.5,capture,,-0.6716203966,2011
4304,79,197,163608,capture,,-0.5622494372,2011
4305,79,197,165121.5,capture,,-0.6675615401,2011
4306,79,197,166649.5,capture,,-0.5867002359,2011
4307,79,197,168191.5,capture,,-0.5512936801,2011
4308,79,197,169748,capture,,-0.5482135645,2011
4309,79,197,171319,capture,,-0.5257837359,2011
4310,79,197,172904,capture,,-0.7495799977,2011
4311,79,197,174503.5,capture,,-0.505845406,2011
4312,79,197,176118,capture,,-0.5917600347,2011
4313,79,197,177748,capture,,-0.6073030467,2011
4314,79,197,179393,capture,,-0.6798537139,2011
4315,79,197,181052.5,capture,,-0.519993057,2011
4316,79,197,182727.5,capture,,-0.5287082889,2011
4317,79,197,184418.5,capture,,-0.6695862267,2011
4318,79,197,186125,capture,,-0.632644079,2011
4319,79,197,187847,capture,,-0.625251654,2011
4320,79,197,189585,capture,,-0.6020599913,2011
4321,79,197,191339.5,capture,,-0.6345120151,2011
4322,79,197,193110,capture,,-0.6090648929,2011
4323,79,197,194896.5,capture,,-0.5934598196,2011
4324,79,197,196700,capture,,-0.57024772,2011
4325,79,197,198520,capture,,-0.5917600347,2011
4326,79,197,200357,capture,,-0.5128616245,2011
4327,79,197,202211,capture,,-0.616184634,2011
4328,79,197,204082,capture,,-0.6478174819,2011
4329,79,197,205970.5,capture,,-0.7235381958,2011
4330,79,197,207876,capture,,-0.6478174819,2011
4331,79,197,209799.5,capture,,-0.651695137,2011
4332,79,197,211741,capture,,-0.6020599913,2011
4333,79,197,213700,capture,,-0.6108339156,2011
4334,79,197,215677.5,capture,,-0.6635402662,2011
4335,79,197,217673,capture,,-0.4867823999,2011
4336,79,197,219687,capture,,-0.6497519817,2011
4337,79,197,221720,capture,,-0.6882461389,2011
4338,79,197,223771.5,capture,,-0.9665762445,2011
4339,79,197,225842,capture,,-0.735182177,2011
4340,79,197,227931.5,capture,,-0.739928612,2011
4341,79,197,230040.5,capture,,-0.5346171486,2011
4342,79,197,232169,capture,,-0.5543957967,2011
4343,79,197,234317,capture,,-0.638272164,2011
4344,79,197,236485.5,capture,,-0.6861327796,2011
4345,79,197,238674,capture,,-0.6777807053,2011
4346,79,197,240882,capture,,-0.6439741428,2011
4347,79,197,243111,capture,,-0.6038006529,2011
4348,79,197,245360.5,capture,,-0.6234230429,2011
4349,79,197,247630.5,capture,,-0.642065153,2011
4350,79,197,249922,capture,,-0.6655462488,2011
4351,79,197,252234.5,capture,,-0.632644079,2011
4352,79,197,254568.5,capture,,-0.6003262785,2011
4353,79,197,256924,capture,,-0.5934598196,2011
4354,79,197,259301,capture,,-0.6478174819,2011
4355,79,197,261700.5,capture,,-0.5734887386,2011
4356,79,197,264122,capture,,-0.5243288117,2011
4357,79,197,266565.5,capture,,-0.5783960731,2011
4358,79,197,269032,capture,,-0.6635402662,2011
4359,79,197,271521.5,capture,,-0.6798537139,2011
4360,79,197,274034,capture,,-0.6363880201,2011
4361,79,197,276569.5,capture,,-0.571865206,2011
4362,79,197,279128.5,capture,,-0.6946486306,2011
4363,79,197,281711.5,capture,,-0.7447274949,2011
4364,79,197,284318.5,capture,,-0.8068754016,2011
4365,79,197,286949,capture,,-0.6575773192,2011
4366,79,197,289604,capture,,-0.6635402662,2011
4367,79,197,292284,capture,,-0.7033348097,2011
4368,79,197,294988.5,capture,,-0.7189666328,2011
4369,79,197,297718,capture,,-0.6777807053,2011
4370,79,197,300472.5,capture,,-0.7235381958,2011
4371,79,197,303252.5,capture,,-0.7423214251,2011
4372,79,197,306058.5,capture,,-0.7166987713,2011
4373,79,197,308890.5,capture,,-0.8326826653,2011
4374,79,197,311748.5,capture,,-0.6020599913,2011
4375,79,197,314633,capture,,-0.8601209136,2011
4376,79,197,317544.5,capture,,-0.6903698326,2011
4377,79,197,320483,capture,,-0.6055483192,2011
4378,79,197,323448.5,capture,,-0.6497519817,2011
4379,79,197,326441,capture,,-0.6736641391,2011
4380,79,197,329461.5,capture,,-0.747146969,2011
4381,79,197,332510,capture,,-0.7375489103,2011
4382,79,197,335586.5,capture,,-0.7189666328,2011
4383,79,197,338691.5,capture,,-0.7644715531,2011
4384,79,197,341825.5,capture,,-0.793174124,2011
4385,79,197,344988.5,capture,,-0.7189666328,2011
4386,79,197,348180.5,capture,,-0.8153085692,2011
4387,79,197,351402.5,capture,,-0.7569619513,2011
4388,79,197,354654,capture,,-0.7304870558,2011
4389,79,197,357935.5,capture,,-0.7423214251,2011
4390,79,197,361247.5,capture,,-0.8664610916,2011
4391,79,197,364590,capture,,-0.8239087409,2011
4392,79,197,367963.5,capture,,-0.721246399,2011
4393,79,197,371368,capture,,-0.8728952016,2011
4394,79,197,374804,capture,,-0.785156152,2011
4395,79,197,378272,capture,,-0.6903698326,2011
4396,79,197,381772.5,capture,,-0.7569619513,2011
4397,79,197,385305,capture,,-0.8153085692,2011
4398,79,197,388870,capture,,-0.7695510786,2011
4399,79,197,392468.5,capture,,-0.7495799977,2011
4400,79,197,396100,capture,,-0.8446639625,2011
4401,65,159,3670000,capture,,-1.511449283,2015
4402,65,159,4280000,capture,,-1.661942125,2015
4403,65,159,5390000,capture,,-2.212539525,2015
4404,65,159,6850000,capture,,-2.669586227,2015
4405,32,73,14061.9,capture,,-0.1468526087,2019
4406,32,73,14387.6,capture,,-0.2069042038,2019
4407,32,73,14720.8,capture,,-0.275007726,2019
4408,32,73,15061.8,capture,,-0.1122921373,2019
4409,32,73,15410.6,capture,,-0.2926691776,2019
4410,32,73,15767.5,capture,,-0.2305968238,2019
4411,32,73,16132.6,capture,,-0.2730748369,2019
4412,32,73,16506.2,capture,,-0.4162754018,2019
4413,32,73,16888.3,capture,,-0.2101451202,2019
4414,32,73,17279.3,capture,,-0.2265961073,2019
4415,32,73,17679.4,capture,,-0.3286419966,2019
4416,32,73,18088.6,capture,,-0.2478754612,2019
4417,32,73,18507.3,capture,,-0.2860384567,2019
4418,32,73,18935.7,capture,,-0.3151070839,2019
4419,32,73,19373.9,capture,,-0.3943868542,2019
4420,32,73,19822.2,capture,,-0.2711213231,2019
4421,32,73,20280.9,capture,,-0.2810310525,2019
4422,32,73,20750.2,capture,,-0.3438490723,2019
4423,32,73,21230.3,capture,,-0.303678566,2019
4424,32,73,21721.4,capture,,-0.32362011,2019
4425,32,73,22223.9,capture,,-0.2777758894,2019
4426,32,73,22738,capture,,-0.3815502359,2019
4427,32,73,23263.9,capture,,-0.3425396955,2019
4428,32,73,23801.9,capture,,-0.3385489039,2019
4429,32,73,24352.4,capture,,-0.4305722459,2019
4430,32,73,24915.5,capture,,-0.3120957636,2019
4431,32,73,25491.5,capture,,-0.4365224744,2019
4432,32,73,26080.9,capture,,-0.3537443317,2019
4433,32,73,26683.8,capture,,-0.3165395877,2019
4434,32,73,27300.6,capture,,-0.393793893,2019
4435,32,73,27931.7,capture,,-0.4362531982,2019
4436,32,73,28577.2,capture,,-0.3907781554,2019
4437,32,73,29237.6,capture,,-0.4429345353,2019
4438,32,73,29913.2,capture,,-0.4199981681,2019
4439,32,73,30604.4,capture,,-0.3642117506,2019
4440,32,73,31311.4,capture,,-0.3929633878,2019
4441,32,73,32034.7,capture,,-0.3765573882,2019
4442,32,73,32774.7,capture,,-0.4226679304,2019
4443,32,73,33531.7,capture,,-0.3573752458,2019
4444,32,73,34306.1,capture,,-0.5738613832,2019
4445,32,73,35098.3,capture,,-0.4924220578,2019
4446,32,73,35908.7,capture,,-0.4158746619,2019
4447,32,73,36737.7,capture,,-0.5370617166,2019
4448,32,73,37585.8,capture,,-0.5281657598,2019
4449,32,73,38453.4,capture,,-0.5793809318,2019
4450,32,73,39340.9,capture,,-0.4464179297,2019
4451,32,73,40248.8,capture,,-0.4928946763,2019
4452,32,73,41177.6,capture,,-0.4442370833,2019
4453,32,73,42127.7,capture,,-0.5454462911,2019
4454,32,73,43099.6,capture,,-0.4726923956,2019
4455,32,73,44093.8,capture,,-0.5020135646,2019
4456,32,73,45110.8,capture,,-0.5723370282,2019
4457,32,73,46151.2,capture,,-0.576570614,2019
4458,32,73,47215.4,capture,,-0.5225343416,2019
4459,32,73,48304.1,capture,,-0.5807019706,2019
4460,32,73,49417.7,capture,,-0.5992255011,2019
4461,32,73,50556.9,capture,,-0.6186538386,2019
4462,32,73,51722.2,capture,,-0.6043766056,2019
4463,32,73,52914.2,capture,,-0.5231944473,2019
4464,32,73,54133.6,capture,,-0.528154037,2019
4465,32,73,55380.9,capture,,-0.6124464541,2019
4466,32,73,56656.7,capture,,-0.6092820944,2019
4467,32,73,57961.8,capture,,-0.5966375086,2019
4468,32,73,59296.8,capture,,-0.6533321784,2019
4469,32,73,60662.4,capture,,-0.6419070833,2019
4470,32,73,62059.2,capture,,-0.6396849725,2019
4471,32,73,63488,capture,,-0.6690386304,2019
4472,32,73,64949.5,capture,,-0.6624429087,2019
4473,32,73,66444.5,capture,,-0.6409009769,2019
4474,32,73,67973.6,capture,,-0.6524611832,2019
4475,32,73,69537.7,capture,,-0.7453455978,2019
4476,32,73,71137.6,capture,,-0.7095847127,2019
4477,32,73,72774.1,capture,,-0.6606300587,2019
4478,32,73,74448,capture,,-0.6602306562,2019
4479,32,73,76160.1,capture,,-0.7012538736,2019
4480,32,73,77911.4,capture,,-0.695212289,2019
4481,32,73,79702.6,capture,,-0.6618703463,2019
4482,32,73,81534.8,capture,,-0.7102104444,2019
4483,32,73,83408.8,capture,,-0.7214498794,2019
4484,32,73,85325.6,capture,,-0.8400750522,2019
4485,32,73,87286.2,capture,,-0.8185222878,2019
4486,32,73,89291.4,capture,,-0.8030752955,2019
4487,32,73,91342.4,capture,,-0.8237524231,2019
4488,32,73,93440.2,capture,,-0.7614671574,2019
4489,32,73,95585.9,capture,,-0.8439326557,2019
4490,32,73,97780.4,capture,,-0.820161072,2019
4491,32,73,100025,capture,,-0.8498639853,2019
4492,32,73,102321,capture,,-0.8336409422,2019
4493,32,73,104669,capture,,-0.8379945023,2019
4494,32,73,107070,capture,,-0.8843029708,2019
4495,32,73,109526,capture,,-0.8269915664,2019
4496,32,73,112038,capture,,-0.8462491417,2019
4497,32,73,114608,capture,,-0.8410287162,2019
4498,32,73,117235,capture,,-0.9350929728,2019
4499,32,73,119923,capture,,-1.00525932,2019
4500,32,73,122671,capture,,-0.970165926,2019
4501,32,73,125482,capture,,-0.8418818673,2019
4502,32,73,128357,capture,,-0.9364039667,2019
4503,32,73,131297,capture,,-0.9251250725,2019
4504,32,73,134304,capture,,-0.9206595418,2019
4505,32,73,137379,capture,,-0.9984609847,2019
4506,32,73,140524,capture,,-0.9310427447,2019
4507,32,73,143741,capture,,-1.035748386,2019
4508,32,73,147030,capture,,-1.012592959,2019
4509,32,73,150394,capture,,-0.9473714572,2019
4510,32,73,153835,capture,,-0.9287330651,2019
4511,32,73,157353,capture,,-1.035281797,2019
4512,32,73,160951,capture,,-1.028738535,2019
4513,32,73,164630,capture,,-0.9864128947,2019
4514,32,73,168393,capture,,-1.072711267,2019
4515,32,73,172241,capture,,-1.062357755,2019
4516,32,73,176176,capture,,-1.070593337,2019
4517,32,73,180200,capture,,-1.044994768,2019
4518,32,73,184315,capture,,-1.064825888,2019
4519,32,73,188523,capture,,-1.051000058,2019
4520,32,73,192826,capture,,-1.067087089,2019
4521,32,73,197227,capture,,-1.089348919,2019
4522,32,73,201726,capture,,-1.07479469,2019
4523,32,73,206328,capture,,-1.145989257,2019
4524,32,73,211033,capture,,-1.164244131,2019
4525,32,73,215844,capture,,-1.128844047,2019
4526,32,73,220764,capture,,-1.139868108,2019
4527,32,73,225795,capture,,-1.161050844,2019
4528,32,73,230939,capture,,-1.14978705,2019
4529,32,73,236199,capture,,-1.158092063,2019
4530,32,73,241578,capture,,-1.182922081,2019
4531,32,73,247077,capture,,-1.156980995,2019
4532,32,73,252700,capture,,-1.120353713,2019
4533,32,73,258450,capture,,-1.186513753,2019
4534,32,73,264329,capture,,-1.203603306,2019
4535,32,73,270340,capture,,-1.185796369,2019
4536,32,73,276487,capture,,-1.167446383,2019
4537,32,73,282771,capture,,-1.248472249,2019
4538,32,73,289196,capture,,-1.237223187,2019
4539,32,73,295766,capture,,-1.262673749,2019
4540,32,73,14061.9,capture,,-0.163456893,2019
4541,32,73,14387.6,capture,,-0.2335090761,2019
4542,32,73,14720.8,capture,,-0.2877393176,2019
4543,32,73,15061.8,capture,,-0.1350240219,2019
4544,32,73,15410.6,capture,,-0.2975910065,2019
4545,32,73,15767.5,capture,,-0.2455178794,2019
4546,32,73,16132.6,capture,,-0.2905332939,2019
4547,32,73,16506.2,capture,,-0.4437348984,2019
4548,32,73,16888.3,capture,,-0.2303745765,2019
4549,32,73,17279.3,capture,,-0.2568258849,2019
4550,32,73,17679.4,capture,,-0.3357238507,2019
4551,32,73,18088.6,capture,,-0.2649562982,2019
4552,32,73,18507.3,capture,,-0.2874816166,2019
4553,32,73,18935.7,capture,,-0.3265505423,2019
4554,32,73,19373.9,capture,,-0.4308298234,2019
4555,32,73,19822.2,capture,,-0.3175651897,2019
4556,32,73,20280.9,capture,,-0.314729525,2019
4557,32,73,20750.2,capture,,-0.3875478167,2019
4558,32,73,21230.3,capture,,-0.3463032766,2019
4559,32,73,21721.4,capture,,-0.3762453609,2019
4560,32,73,22223.9,capture,,-0.3069637238,2019
4561,32,73,22738,capture,,-0.4207378697,2019
4562,32,73,23263.9,capture,,-0.3717500664,2019
4563,32,73,23801.9,capture,,-0.3777590288,2019
4564,32,73,24352.4,capture,,-0.4581126162,2019
4565,32,73,24915.5,capture,,-0.3496371006,2019
4566,32,73,25491.5,capture,,-0.4758844098,2019
4567,32,73,26080.9,capture,,-0.403107245,2019
4568,32,73,26683.8,capture,,-0.3264602781,2019
4569,32,73,27300.6,capture,,-0.413713205,2019
4570,32,73,27931.7,capture,,-0.4329371499,2019
4571,32,73,28577.2,capture,,-0.3974625473,2019
4572,32,73,29237.6,capture,,-0.5000285201,2019
4573,32,73,29913.2,capture,,-0.4870915784,2019
4574,32,73,30604.4,capture,,-0.4029567449,2019
4575,32,73,31311.4,capture,,-0.441707928,2019
4576,32,73,32034.7,capture,,-0.4337464,2019
4577,32,73,32774.7,capture,,-0.4898573006,2019
4578,32,73,33531.7,capture,,-0.3722082521,2019
4579,32,73,34306.1,capture,,-0.5986925323,2019
4580,32,73,35098.3,capture,,-0.5326612849,2019
4581,32,73,35908.7,capture,,-0.466114872,2019
4582,32,73,36737.7,capture,,-0.5749877681,2019
4583,32,73,37585.8,capture,,-0.5760908997,2019
4584,32,73,38453.4,capture,,-0.6070218135,2019
4585,32,73,39340.9,capture,,-0.484058634,2019
4586,32,73,40248.8,capture,,-0.5222494744,2019
4587,32,73,41177.6,capture,,-0.4835928842,2019
4588,32,73,42127.7,capture,,-0.5743728661,2019
4589,32,73,43099.6,capture,,-0.5116185221,2019
4590,32,73,44093.8,capture,,-0.5035408619,2019
4591,32,73,45110.8,capture,,-0.5838639665,2019
4592,32,73,46151.2,capture,,-0.6150322331,2019
4593,32,73,47215.4,capture,,-0.5709942499,2019
4594,32,73,48304.1,capture,,-0.6092679642,2019
4595,32,73,49417.7,capture,,-0.6377928164,2019
4596,32,73,50556.9,capture,,-0.6062020038,2019
4597,32,73,51722.2,capture,,-0.6019245126,2019
4598,32,73,52914.2,capture,,-0.5487924979,2019
4599,32,73,54133.6,capture,,-0.5637514571,2019
4600,32,73,55380.9,capture,,-0.6254056084,2019
4601,32,73,56656.7,capture,,-0.6322416577,2019
4602,32,73,57961.8,capture,,-0.6096567132,2019
4603,32,73,59296.8,capture,,-0.676349893,2019
4604,32,73,60662.4,capture,,-0.6387917398,2019
4605,32,73,62059.2,capture,,-0.6465685114,2019
4606,32,73,63488,capture,,-0.6558711341,2019
4607,32,73,64949.5,capture,,-0.6592743791,2019
4608,32,73,66444.5,capture,,-0.6801551232,2019
4609,32,73,67973.6,capture,,-0.7017147145,2019
4610,32,73,69537.7,capture,,-0.7590615587,2019
4611,32,73,71137.6,capture,,-0.7333027333,2019
4612,32,73,72774.1,capture,,-0.722044863,2019
4613,32,73,74448,capture,,-0.7316443802,2019
4614,32,73,76160.1,capture,,-0.7449109024,2019
4615,32,73,77911.4,capture,,-0.7488681433,2019
4616,32,73,79702.6,capture,,-0.7051371377,2019
4617,32,73,81534.8,capture,,-0.7634778534,2019
4618,32,73,83408.8,capture,,-0.7034028107,2019
4619,32,73,85325.6,capture,,-0.8320272867,2019
4620,32,73,87286.2,capture,,-0.8408721355,2019
4621,32,73,89291.4,capture,,-0.835424105,2019
4622,32,73,91342.4,capture,,-0.8630417454,2019
4623,32,73,93440.2,capture,,-0.810753993,2019
4624,32,73,95585.9,capture,,-0.8755772945,2019
4625,32,73,97780.4,capture,,-0.8618047043,2019
4626,32,73,100025,capture,,-0.8361977978,2019
4627,32,73,102321,capture,,-0.8199745348,2019
4628,32,73,104669,capture,,-0.8343313828,2019
4629,32,73,107070,capture,,-0.8508394132,2019
4630,32,73,109526,capture,,-0.8035281199,2019
4631,32,73,112038,capture,,-0.8292514435,2019
4632,32,73,114608,capture,,-0.8340289948,2019
4633,32,73,117235,capture,,-0.8907556543,2019
4634,32,73,119923,capture,,-0.9709207411,2019
4635,32,73,122671,capture,,-0.9444190961,2019
4636,32,73,125482,capture,,-0.8261351304,2019
4637,32,73,128357,capture,,-0.9321371953,2019
4638,32,73,131297,capture,,-0.9308612214,2019
4639,32,73,134304,capture,,-0.8923152803,2019
4640,32,73,137379,capture,,-0.9801196912,2019
4641,32,73,140524,capture,,-0.9101549171,2019
4642,32,73,143741,capture,,-1.024858737,2019
4643,32,73,147030,capture,,-0.9825200682,2019
4644,32,73,150394,capture,,-0.9272980243,2019
4645,32,73,153835,capture,,-0.9078866695,2019
4646,32,73,157353,capture,,-1.024434477,2019
4647,32,73,160951,capture,,-0.9716850078,2019
4648,32,73,164630,capture,,-0.9393625874,2019
4649,32,73,168393,capture,,-1.02394959,2019
4650,32,73,172241,capture,,-1.02359591,2019
4651,32,73,176176,capture,,-1.037727764,2019
4652,32,73,180200,capture,,-1.022129217,2019
4653,32,73,184315,capture,,-1.014840382,2019
4654,32,73,188523,capture,,-1.011014984,2019
4655,32,73,192826,capture,,-1.027791143,2019
4656,32,73,197227,capture,,-1.060053153,2019
4657,32,73,201726,capture,,-1.000644102,2019
4658,32,73,206328,capture,,-1.081838555,2019
4659,32,73,211033,capture,,-1.113319242,2019
4660,32,73,215844,capture,,-1.087919365,2019
4661,32,73,220764,capture,,-1.039385116,2019
4662,32,73,225795,capture,,-1.07056779,2019
4663,32,73,230939,capture,,-1.080795824,2019
4664,32,73,236199,capture,,-1.099100572,2019
4665,32,73,241578,capture,,-1.11365538,2019
4666,32,73,247077,capture,,-1.097714202,2019
4667,32,73,252700,capture,,-1.037266616,2019
4668,32,73,258450,capture,,-1.113426372,2019
4669,32,73,264329,capture,,-1.117370174,2019
4670,32,73,270340,capture,,-1.10956389,2019
4671,32,73,276487,capture,,-1.087399098,2019
4672,32,73,282771,capture,,-1.178424902,2019
4673,32,73,289196,capture,,-1.1462136,2019
4674,32,73,295766,capture,,-1.181663897,2019
4675,79,197,133400,capture,,-0.5287082889,2022
4676,53,127,584459.2,capture,,-1.207608311,2024
4677,53,127,307848.1,capture,,-0.7904849855,2024
4678,79,197,128000,capture,,-0.5243288117,2021
4679,34,79,800000,capture,,-0.7630603209,2024
4680,34,79,1800000,capture,,-1.395936027,2024
4681,34,79,2800000,capture,,-1.686394911,2024
4682,29,63,3000000,capture,,-2.173925197,1970
4683,32,74,3000000,capture,,-2.167491087,1970
4684,32,74,3000000,capture,,-3.091514981,1970
4685,33,75,3000000,capture,,-1.88941029,1970
4686,34,80,3000000,capture,,-2.675717545,1970
4687,34,80,3000000,capture,,-2.627087997,1970
4688,35,81,3000000,capture,,-1.847711656,1970
4689,52,130,3000000,capture,,-1.663540266,1970
4690,59,141,3000000,capture,,-1.962573502,1970
4691,59,141,3000000,capture,,-3.537602002,1970
4692,74,186,3000000,capture,,-1.507239611,1970
4693,83,209,3000000,capture,,-2.815308569,1970
4694,73,181,136000,capture,,-0.4202164034,1969
4695,73,181,154000,capture,,-0.4596705252,1969
4696,73,181,163000,capture,,-0.4775557665,1969
4697,73,181,175000,capture,,-0.4894549898,1969
4698,73,181,192000,capture,,-0.5086383062,1969
4699,73,181,207000,capture,,-0.5171264164,1969
4700,73,181,216000,capture,,-0.5086383062,1969
4701,73,181,242000,capture,,-0.5243288117,1969
4702,73,181,251000,capture,,-0.5751183634,1969
4703,73,181,282000,capture,,-0.6038006529,1969
4704,73,181,288000,capture,,-0.6108339156,1969
4705,73,181,322000,capture,,-0.627087997,1969
4706,73,181,326000,capture,,-0.6615435064,1969
4707,73,181,370000,capture,,-0.6946486306,1969
4708,73,181,417000,capture,,-0.7304870558,1969
4709,73,181,429000,capture,,-0.7375489103,1969
4710,73,181,465000,capture,,-0.8068754016,1969
4711,73,181,476000,capture,,-0.785156152,1969
4712,73,181,504000,capture,,-0.793174124,1969
4713,73,181,512000,capture,,-0.785156152,1969
4714,73,181,557000,capture,,-0.8416375079,1969
4715,73,181,558000,capture,,-0.8356471442,1969
4716,73,181,712000,capture,,-0.8569851997,1969
4717,73,181,790000,capture,,-0.8601209136,1969
4718,73,181,883000,capture,,-0.9100948886,1969
4719,73,181,955000,capture,,-0.9507819773,1969
4720,73,181,980000,capture,,-0.9706162223,1969
4721,73,181,1900000,capture,,-1.13667714,1969
4722,73,181,2000000,capture,,-1.15490196,1969
4723,73,181,4160000,capture,,-1.408935393,1969
4724,73,181,5110000,capture,,-1.638272164,1969
4725,29,65,3000000,capture,,-2.13076828,1967
4726,31,69,3000000,capture,,-1.772113295,1967
4727,31,71,3000000,capture,,-2.366531544,1967
4728,32,74,3000000,capture,,-2.180456064,1967
4729,33,75,3000000,capture,,-1.93930216,1967
4730,39,89,3000000,capture,,-2.443697499,1967
4731,42,98,3000000,capture,,-1.974694135,1967
4732,45,103,3000000,capture,,-1.681936665,1967
4733,44,104,3000000,capture,,-1.70333481,1967
4734,47,107,3000000,capture,,-1.292429824,1967
4735,49,115,3000000,capture,,-1.167491087,1967
4736,51,121,3000000,capture,,-1.48148606,1967
4737,53,127,3000000,capture,,-1.49757288,1967
4738,56,138,3000000,capture,,-2.920818754,1967
4739,57,139,3000000,capture,,-2.337242168,1967
4740,59,141,3000000,capture,,-1.913640169,1967
4741,58,142,3000000,capture,,-1.476253533,1967
4742,62,152,3000000,capture,,-1.354577731,1967
4743,62,154,3000000,capture,,-1.721246399,1967
4744,64,158,3000000,capture,,-1.982966661,1967
4745,65,159,3000000,capture,,-1.308034897,1967
4746,67,165,3000000,capture,,-1.301029996,1967
4747,68,170,3000000,capture,,-1.801342913,1967
4748,76,192,3000000,capture,,-1.522878745,1967
4749,77,193,3000000,capture,,-1.361510743,1967
4750,79,197,3000000,capture,,-1.453457337,1967
4751,71,175,24000,capture,,0.2227164711,1965
4752,49,115,3100000,capture,,-1.744727495,1963
4753,49,115,3100000,capture,,-0.9665762445,1963
4754,45,103,14670000,capture,,-1.975925013,1963
4755,45,103,14700000,capture,,-1.853871964,1963
4756,45,103,14670000,capture,,-2.490797478,1963
4757,39,89,14700000,capture,,-2.853871964,1967
4758,51,123,14700000,capture,,-1.823908741,1967
4759,57,139,14700000,capture,,-2.853871964,1967
4760,59,141,14700000,capture,,-2.522878745,1967
4761,67,165,14700000,capture,,-2.055517328,1967
4762,82,208,14700000,capture,,-3,1967
4763,83,209,14700000,capture,,-2.920818754,1967
4764,45,103,13400000,capture,,-1.779891912,1967
4765,45,103,13600000,capture,,-1.795880017,1967
4766,45,103,13900000,capture,,-1.823908741,1967
4767,45,103,14100000,capture,,-1.835647144,1967
4768,45,103,14300000,capture,,-1.860120914,1967
4769,45,103,14500000,capture,,-1.876148359,1967
4770,45,103,15000000,capture,,-1.88941029,1967
4771,59,141,13400000,capture,,-2.498940738,1967
4772,59,141,13600000,capture,,-2.527243551,1967
4773,59,141,13900000,capture,,-2.522878745,1967
4774,59,141,14100000,capture,,-2.543633967,1967
4775,59,141,14300000,capture,,-2.543633967,1967
4776,59,141,14500000,capture,,-2.557520231,1967
4777,59,141,15000000,capture,,-2.543633967,1967
4778,67,165,13400000,capture,,-1.992252222,1967
4779,67,165,13600000,capture,,-2.017728767,1967
4780,67,165,13900000,capture,,-2.021363052,1967
4781,67,165,14100000,capture,,-2.065501549,1967
4782,67,165,14300000,capture,,-2.055517328,1967
4783,67,165,14500000,capture,,-2.045757491,1967
4784,67,165,15000000,capture,,-2.004803708,1967
4785,82,208,13400000,capture,,-2.879426069,1967
4786,82,208,13600000,capture,,-2.882728704,1967
4787,82,208,13900000,capture,,-2.886056648,1967
4788,82,208,14100000,capture,,-2.924453039,1967
4789,82,208,14300000,capture,,-2.946921557,1967
4790,82,208,14500000,capture,,-2.954677021,1967
4791,82,208,15000000,capture,,-2.987162775,1967
4792,55,133,2600000,capture,,-2.200659451,1963
4793,53,127,2600000,capture,,-1.548213564,1963
4794,57,139,14400000,capture,,-2.619788758,1972
4795,49,115,400000,capture,,-0.6020599913,1971
4796,49,115,385000,capture,,-0.9665762445,1971
4797,49,115,400000,capture,,-0.9665762445,1971
4798,49,115,577000,capture,,-0.9355420108,1971
4799,49,115,764000,capture,,-0.8601209136,1971
4800,49,115,960000,capture,,-0.7495799977,1971
4801,49,115,1335000,capture,,-0.8477116556,1971
4802,53,127,400000,capture,,-0.8239087409,1971
4803,53,127,400000,capture,,-1.173925197,1971
4804,55,133,400000,capture,,-0.8239087409,1971
4805,55,133,400000,capture,,-1.22184875,1971
4806,65,159,400000,capture,,-0.4559319556,1971
4807,65,159,400000,capture,,-0.8894102897,1971
4808,67,165,400000,capture,,-0.5228787453,1971
4809,67,165,400000,capture,,-0.9913998282,1971
4810,73,181,400000,capture,,-0.6882461389,1971
4811,73,181,206000,capture,,-1.107905397,1971
4812,73,181,368000,capture,,-0.6882461389,1971
4813,73,181,400000,capture,,-1.167491087,1971
4814,73,181,558000,capture,,-1.229147988,1971
4815,73,181,741000,capture,,-1.244125144,1971
4816,73,181,929000,capture,,-1.070581074,1971
4817,73,181,1300000,capture,,-0.8538719643,1971
4818,79,197,400000,capture,,-0.721246399,1971
4819,79,197,147000,capture,,-0.8664610916,1971
4820,79,197,217000,capture,,-0.8728952016,1971
4821,79,197,385000,capture,,-0.9829666607,1971
4822,79,197,400000,capture,,-0.9829666607,1971
4823,79,197,577000,capture,,-1.148741651,1971
4824,79,197,764000,capture,,-1.207608311,1971
4825,79,197,960000,capture,,-1.301029996,1971
4826,79,197,1335000,capture,,-1.318758763,1971
4827,92,238,400000,capture,,-0.896196279,1971
4828,92,238,400000,capture,,-2.200659451,1971
4829,65,159,165000,capture,,-0.01547268666,1972
4830,65,159,300000,capture,,-0.04335142079,1972
4831,67,165,30000,capture,,0.1702617154,1972
4832,67,165,65000,capture,,-0.05898575629,1972
4833,67,165,165000,capture,,-0.2924298239,1972
4834,67,165,300000,capture,,-0.4559319556,1972
4835,73,181,165000,capture,,-0.4436974992,1972
4836,73,181,300000,capture,,-0.6055483192,1972
4837,31,71,14800000,capture,,-2.882728704,1977
4838,33,75,14800000,capture,,-2.8569852,1977
4839,53,127,14800000,capture,,-2.562249437,1977
4840,56,138,14800000,capture,,-2.764471553,1977
4841,59,141,14800000,capture,,-2.510041521,1977
4842,49,115,14700000,capture,,-2.669586227,1975
4843,49,115,14700000,capture,,-2.552841969,1975
4844,79,197,14700000,capture,,-2.698970004,1975
4845,33,75,14400000,capture,,-2.769551079,1974
4846,53,127,14400000,capture,,-2.920818754,1974
4847,56,138,14400000,capture,,-3.15490196,1974
4848,59,141,14400000,capture,,-2.568636236,1974
4849,68,170,14400000,capture,,-2.769551079,1974
4850,78,198,15000000,capture,,-3.045757491,1973
4851,78,198,15000000,capture,,-1.920818754,1973
4852,76,192,14700000,capture,,-2.397940009,1976
4853,90,232,350000,capture,,-0.8722024916,1978
4854,90,232,460000,capture,,-0.9278236555,1978
4855,90,232,680000,capture,,-0.9470639248,1978
4856,77,193,530000,capture,,-0.6840296545,1978
4857,77,193,860000,capture,,-0.7772835289,1978
4858,77,193,1200000,capture,,-0.8477116556,1978
4859,77,193,1310000,capture,,-1,1978
4860,77,191,530000,capture,,-0.4772950073,1979
4861,77,191,860000,capture,,-0.5751183634,1979
4862,77,191,1200000,capture,,-0.6487836547,1979
4863,77,191,1310000,capture,,-0.7440042733,1979
4864,27,59,14100000,capture,,-2.997833938,1979
4865,39,89,14100000,capture,,-2.826813732,1979
4866,53,127,14100000,capture,,-3.113509275,1979
4867,59,141,14100000,capture,,-3.008773924,1979
4868,67,165,14100000,capture,,-3.022276395,1979
4869,73,181,14100000,capture,,-2.946921557,1979
4870,83,209,14100000,capture,,-3.055517328,1979
4871,34,78,1200000,capture,,-2.113509275,1981
4872,34,78,1310000,capture,,-2.193820026,1981
4873,34,80,1200000,capture,,-2.27572413,1981
4874,34,80,1310000,capture,,-2.22184875,1981
4875,34,82,1200000,capture,,-3.15490196,1981
4876,34,82,1310000,capture,,-3.22184875,1981
4877,46,108,530000,capture,,-2.096910013,1981
4878,46,108,860000,capture,,-2.251811973,1981
4879,46,108,1200000,capture,,-2.318758763,1981
4880,46,108,1310000,capture,,-2.337242168,1981
4881,46,108,530000,capture,,-0.9172146297,1981
4882,46,108,860000,capture,,-0.9706162223,1981
4883,46,108,1200000,capture,,-1.022276395,1981
4884,46,108,1310000,capture,,-1.167491087,1981
4885,46,110,530000,capture,,-2.193820026,1981
4886,46,110,860000,capture,,-2.193820026,1981
4887,46,110,1200000,capture,,-2.301029996,1981
4888,46,110,1310000,capture,,-2.356547324,1981
4889,48,114,530000,capture,,-1.310691141,1981
4890,48,114,860000,capture,,-1.500312917,1981
4891,48,114,1200000,capture,,-1.53165267,1981
4892,48,114,1310000,capture,,-1.567030709,1981
4893,48,116,530000,capture,,-2.008773924,1981
4894,48,116,860000,capture,,-2.187086643,1981
4895,48,116,1200000,capture,,-2.142667504,1981
4896,48,116,1310000,capture,,-2.173925197,1981
4897,48,116,530000,capture,,-1.73754891,1981
4898,48,116,860000,capture,,-1.88941029,1981
4899,48,116,1200000,capture,,-1.954677021,1981
4900,48,116,1310000,capture,,-2.045757491,1981
4901,76,190,530000,capture,,-0.8894102897,1981
4902,76,190,860000,capture,,-0.903089987,1981
4903,76,190,1200000,capture,,-0.9788107009,1981
4904,76,190,1310000,capture,,-1.004364805,1981
4905,76,192,530000,capture,,-1.289036881,1981
4906,76,192,860000,capture,,-1.273272791,1981
4907,76,192,1200000,capture,,-1.325138859,1981
4908,76,192,1310000,capture,,-1.378823718,1981
4909,78,196,530000,capture,,-2.004364805,1981
4910,78,196,860000,capture,,-2.031517051,1981
4911,78,196,1200000,capture,,-1.974694135,1981
4912,78,196,1310000,capture,,-1.943095149,1981
4913,78,196,530000,capture,,-0.9100948886,1981
4914,78,196,860000,capture,,-0.8794260688,1981
4915,78,196,1200000,capture,,-1.036212173,1981
4916,78,196,1310000,capture,,-1.075720714,1981
4917,78,198,530000,capture,,-1.530177984,1981
4918,78,198,860000,capture,,-1.490797478,1981
4919,78,198,1200000,capture,,-1.596879479,1981
4920,78,198,1310000,capture,,-1.671620397,1981
4921,62,154,470000,capture,,-1.488116639,1978
4922,62,154,680000,capture,,-1.43062609,1978
4923,46,110,380000,capture,,-1.588380294,1978
4924,26,56,14200000,capture,,-3.102372909,1980
4925,92,238,14200000,capture,,-2.970616222,1980
4926,79,197,462000,capture,,-0.8256494025,1981
4927,79,197,991000,capture,,-1.106793247,1981
4928,79,197,1190000,capture,,-1.111259039,1981
4929,79,197,1490000,capture,,-1.173925197,1981
4930,79,197,131000,capture,,-0.54668166,1981
4931,79,197,266000,capture,,-0.6439741428,1981
4932,79,197,405000,capture,,-0.7848914189,1981
4933,79,197,443000,capture,,-0.8204482088,1981
4934,79,197,683000,capture,,-0.9943905546,1981
4935,79,197,903000,capture,,-1.07109231,1981
4936,49,115,990000,capture,,-0.627087997,1979
4937,49,115,1410000,capture,,-0.6925039621,1979
4938,49,115,1610000,capture,,-0.6925039621,1979
4939,49,115,1820000,capture,,-0.7721132954,1979
4940,49,115,2020000,capture,,-0.793174124,1979
4941,49,115,2220000,capture,,-0.8507808873,1979
4942,49,115,2530000,capture,,-0.920818754,1979
4943,49,115,2630000,capture,,-1,1979
4944,49,115,2830000,capture,,-1.216096421,1979
4945,49,115,3230000,capture,,-1.312471039,1979
4946,49,115,3430000,capture,,-1.20481541,1979
4947,49,115,3630000,capture,,-1.354577731,1979
4948,49,115,4030000,capture,,-1.446116973,1979
4949,49,115,4230000,capture,,-1.448550002,1979
4950,69,169,158000,capture,,-0.416801226,1982
4951,69,169,283000,capture,,-0.5228787453,1982
4952,69,169,454000,capture,,-0.7328282716,1982
4953,69,169,560000,capture,,-0.8096683018,1982
4954,69,169,840000,capture,,-0.8794260688,1982
4955,69,169,970000,capture,,-0.9100948886,1982
4956,69,169,1470000,capture,,-1.026872146,1982
4957,55,133,14800000,capture,,-2.754487332,1982
4958,55,133,14800000,capture,,-2.286509457,1982
4959,55,133,14800000,capture,,-2.159266765,1982
4960,64,160,1070000,capture,,-1.588380294,1986
4961,64,160,1480000,capture,,-1.698970004,1986
4962,64,160,1890000,capture,,-1.721246399,1986
4963,64,160,2300000,capture,,-1.847711656,1986
4964,64,160,2850000,capture,,-1.935542011,1986
4965,62,154,1070000,capture,,-1.181774106,1986
4966,62,154,1480000,capture,,-1.202040356,1986
4967,62,154,1890000,capture,,-1.223298816,1986
4968,62,154,2300000,capture,,-1.432973634,1986
4969,62,154,2850000,capture,,-1.503070352,1986
4970,49,115,1070000,capture,,-0.6994045161,1986
4971,49,115,1480000,capture,,-0.7785857622,1986
4972,49,115,1890000,capture,,-0.8777841217,1986
4973,49,115,2300000,capture,,-1.034798299,1986
4974,49,115,2850000,capture,,-1.136082623,1986
4975,45,103,1070000,capture,,-1.549750892,1986
4976,45,103,1480000,capture,,-1.651695137,1986
4977,45,103,1890000,capture,,-1.721246399,1986
4978,45,103,2300000,capture,,-1.651695137,1986
4979,45,103,2850000,capture,,-1.764471553,1986
4980,72,180,660000,capture,,-1.353596274,1984
4981,72,180,970000,capture,,-1.331614083,1984
4982,72,180,1473000,capture,,-1.336299075,1984
4983,62,152,284000,capture,,-0.778846678,1984
4984,62,152,454000,capture,,-0.8989406451,1984
4985,62,152,660000,capture,,-0.9161391991,1984
4986,62,152,970000,capture,,-0.9515581964,1984
4987,62,152,1473000,capture,,-1.037157319,1984
4988,64,160,480000,capture,,-1.534617149,1984
4989,64,160,600000,capture,,-1.42365865,1984
4990,64,160,780000,capture,,-1.450996738,1984
4991,64,160,980000,capture,,-1.377785977,1984
4992,64,160,1200000,capture,,-1.519993057,1984
4993,64,160,1540000,capture,,-1.453457337,1984
4994,64,160,2190000,capture,,-1.804100348,1984
4995,64,160,3040000,capture,,-2.113509275,1984
4996,69,169,1010000,capture,,-0.8608507236,1986
4997,69,169,1210000,capture,,-0.9056998198,1986
4998,69,169,1440000,capture,,-1.002912976,1986
4999,73,181,1010000,capture,,-0.9406397997,1986
5000,73,181,1210000,capture,,-0.9841976755,1986
5001,73,181,1440000,capture,,-1.028978467,1986
5002,49,115,565000,capture,,-0.7759851886,1986
5003,71,175,30000,capture,,-0.01863449092,1981
5004,77,193,565000,capture,,-0.7447274949,1985
5005,90,232,400000,capture,,-0.8664610916,1985
5006,90,232,455000,capture,,-0.8728952016,1985
5007,90,232,510000,capture,,-0.8096683018,1985
5008,90,232,565000,capture,,-0.8326826653,1985
5009,90,232,620000,capture,,-0.8268137316,1985
5010,90,232,675000,capture,,-0.8153085692,1985
5011,90,232,725000,capture,,-0.801342913,1985
5012,90,232,830000,capture,,-0.779891912,1985
5013,90,232,935000,capture,,-0.8068754016,1985
5014,90,232,425000,capture,,-0.8239087409,1989
5015,90,232,480000,capture,,-0.8210230527,1989
5016,90,232,535000,capture,,-0.779891912,1989
5017,90,232,590000,capture,,-0.7958800173,1989
5018,90,232,615000,capture,,-0.8239087409,1989
5019,90,232,645000,capture,,-0.7772835289,1989
5020,90,232,690000,capture,,-0.785156152,1989
5021,90,232,740000,capture,,-0.7695510786,1989
5022,90,232,845000,capture,,-0.7569619513,1989
5023,90,232,950000,capture,,-0.7904849855,1989
5024,49,115,5750000,capture,,-2.301029996,1985
5025,49,115,6480000,capture,,-2.366531544,1985
5026,49,115,7110000,capture,,-2.585026652,1985
5027,64,160,460000,capture,,-1.625251654,1988
5028,64,160,570000,capture,,-1.474955193,1988
5029,64,160,750000,capture,,-1.510041521,1988
5030,64,160,970000,capture,,-1.448550002,1988
5031,64,160,1220000,capture,,-1.54515514,1988
5032,64,160,1520000,capture,,-1.524328812,1988
5033,64,160,2220000,capture,,-1.798602876,1988
5034,64,160,3050000,capture,,-2.091514981,1988
5035,49,115,460000,capture,,-0.8031056531,1990
5036,49,115,580000,capture,,-0.7933899761,1990
5037,49,115,760000,capture,,-0.8900167052,1990
5038,49,115,760000,capture,,-0.8433902818,1990
5039,49,115,970000,capture,,-0.6997959487,1990
5040,49,115,1170000,capture,,-0.5801928948,1990
5041,49,115,1490000,capture,,-0.8035198323,1990
5042,49,115,2190000,capture,,-1.038483989,1990
5043,49,115,2270000,capture,,-0.9355420108,1990
5044,49,115,3020000,capture,,-1.268653024,1990
5045,49,115,3430000,capture,,-1.433562508,1990
5046,42,98,1100000,capture,,-1.787812396,1991
5047,53,127,14700000,capture,,-2.142667504,1968
5048,73,181,14500000,capture,,-3,1994
5049,73,181,14500000,capture,,-5,1994
5050,62,152,211000,capture,,-0.7307206102,1994
5051,62,152,336000,capture,,-0.836242476,1994
5052,62,152,598000,capture,,-0.9389246764,1994
5053,62,152,889000,capture,,-0.9538952128,1994
5054,62,152,1019000,capture,,-0.9763360818,1994
5055,30,64,930000,capture,,-1.71219827,1995
5056,30,64,1150000,capture,,-1.735182177,1995
5057,72,180,520000,capture,,-1.429953744,1997
5058,72,180,1100000,capture,,-1.333892007,1997
5059,72,180,1600000,capture,,-1.390429661,1997
5060,60,148,460000,capture,,-1.528708289,1999
5061,60,148,570000,capture,,-1.467245621,1999
5062,60,148,760000,capture,,-1.634512015,1999
5063,60,148,970000,capture,,-1.614393726,1999
5064,60,148,1220000,capture,,-1.669586227,1999
5065,60,148,1520000,capture,,-1.617982957,1999
5066,60,148,1710000,capture,,-1.600326279,1999
5067,60,148,2220000,capture,,-1.690369833,1999
5068,60,148,3050000,capture,,-2.040958608,1999
5069,60,148,3440000,capture,,-2.142667504,1999
5070,60,150,460000,capture,,-1.330683119,1999
5071,60,150,570000,capture,,-1.393618635,1999
5072,60,150,760000,capture,,-1.522878745,1999
5073,60,150,970000,capture,,-1.311580178,1999
5074,60,150,1220000,capture,,-1.4225082,1999
5075,60,150,1520000,capture,,-1.591760035,1999
5076,60,150,2220000,capture,,-1.603800653,1999
5077,60,150,3050000,capture,,-1.669586227,1999
5078,47,109,144000,capture,,-1.684029655,2004
5079,29,63,2015000,capture,,-2.237980008,2007
5080,29,63,1813000,capture,,-2.208009271,2007
5081,29,63,1611000,capture,,-2.101037402,2007
5082,29,63,1409000,capture,,-2.071849587,2007
5083,74,186,2245000,capture,,-1.496109712,2007
5084,74,186,2043000,capture,,-1.521859308,2007
5085,74,186,1638000,capture,,-1.5127702,2007
5086,57,139,144000,capture,,-1.920456993,2008
5087,77,191,55000,capture,,0.007107382974,2008
5088,77,191,144000,capture,,-0.289036881,2008
5089,77,193,144000,capture,,-0.3930814741,2008
5090,59,141,540000,capture,,-1.722035308,2007
5091,59,141,1090000,capture,,-1.678129898,2007
5092,59,141,1590000,capture,,-1.722301277,2007
5093,75,185,54000,capture,,-0.1837587,2011
5094,75,185,59000,capture,,-0.2153827074,2011
5095,75,185,133000,capture,,-0.3788237182,2011
5096,75,185,148000,capture,,-0.2932822177,2011
5097,75,187,54000,capture,,-0.3334820194,2011
5098,75,187,59000,capture,,-0.3716110699,2011
5099,75,187,133000,capture,,-0.4023048141,2011
5100,75,187,148000,capture,,-0.448550002,2011
5101,73,181,340000,capture,,-0.7449907835,1990
5102,73,181,780000,capture,,-0.9117353659,1990
5103,73,181,1020000,capture,,-0.9577794841,1990
5104,73,181,1190000,capture,,-1.014451057,1990
5105,73,181,1430000,capture,,-1.045047651,1990
5106,73,181,1680000,capture,,-1.119543705,1990
5107,32,76,13960000,capture,,-2.995678626,2007
5108,71,176,14600000,capture,,-1.706858517,2024
5109,71,176,14600000,capture,,-2.058488567,2024
5110,65,159,770000,capture,,-0.6655462488,1988
5111,65,159,980000,capture,,-0.6925039621,1988
5112,65,159,1160000,capture,,-0.7594507517,1988
5113,65,159,1340000,capture,,-0.8297382846,1988
5114,65,159,1610000,capture,,-0.8996294549,1988
5115,41,93,730000,capture,,-1.296708622,1991
5116,41,93,970000,capture,,-1.412289035,1991
5117,41,93,1120000,capture,,-1.600326279,1991
5118,41,93,1370000,capture,,-1.692503962,1991
5119,74,186,500000,capture,,-1.336807407,2001
5120,74,186,1150000,capture,,-1.39130943,2001
5121,74,186,1500000,capture,,-1.464215425,2001
5122,39,89,13500000,capture,,-3.408935393,2010
5123,39,89,14100000,capture,,-3.366531544,2010
5124,39,89,14600000,capture,,-3.420216403,2010
5125,67,165,203000,capture,,-1.41509731,1995
5126,67,165,676000,capture,,-1.914880252,1995
5127,67,165,974000,capture,,-1.93763108,1995
5128,63,151,175000,capture,,-0.02090709936,1993
5129,63,151,318000,capture,,-0.1668528881,1993
5130,63,151,465000,capture,,-0.3187587626,1993
5131,63,151,1120000,capture,,-0.5767541261,1993
5132,63,151,1120000,capture,,-0.920818754,1993
5133,63,151,1120000,capture,,-0.4145392705,1993
5134,63,153,175000,capture,,0.04218159452,1993
5135,63,153,318000,capture,,-0.1348960254,1993
5136,63,153,465000,capture,,-0.348721986,1993
5137,63,153,1120000,capture,,-0.571865206,1993
5138,63,151,160000,capture,,-0.2873502984,1994
5139,63,151,173000,capture,,-0.2620126737,1994
5140,63,151,230000,capture,,-0.3233063904,1994
5141,63,151,376000,capture,,-0.4934949676,1994
5142,63,151,817000,capture,,-0.7878123956,1994
5143,63,151,1100000,capture,,-0.8860566477,1994
5144,63,151,160000,capture,,0.0170333393,1994
5145,63,151,173000,capture,,-0.002613615603,1994
5146,63,151,230000,capture,,-0.06550154876,1994
5147,63,151,376000,capture,,-0.1931419705,1994
5148,63,151,817000,capture,,-0.4584207561,1994
5149,63,151,1100000,capture,,-0.54668166,1994
5150,63,151,160000,capture,,0.1920095927,1994
5151,63,151,173000,capture,,0.1878026387,1994
5152,63,151,230000,capture,,0.1254812657,1994
5153,63,151,376000,capture,,-0.01682492796,1994
5154,63,151,817000,capture,,-0.2915790999,1994
5155,63,151,1100000,capture,,-0.3829996589,1994
5156,63,153,160000,capture,,0.01745072951,1994
5157,63,153,173000,capture,,-0.01502287358,1994
5158,63,153,230000,capture,,-0.0752040042,1994
5159,63,153,376000,capture,,-0.2668027349,1994
5160,63,153,817000,capture,,-0.5044556625,1994
5161,63,153,1100000,capture,,-0.6108339156,1994
5162,40,93,1500000,capture,,-1.831797253,2016
5163,40,93,2500000,capture,,-2.232844134,2016
5164,40,93,3500000,capture,,-2.234331445,2016
5165,40,93,4500000,capture,,-2.571865206,2016
5166,40,93,5500000,capture,,-2.634512015,2016
5167,40,93,6500000,capture,,-2.869666232,2016
5168,40,93,7500000,capture,,-3.065501549,2016
5169,59,141,13500000,capture,,-2.48148606,2012
5170,59,141,14100000,capture,,-2.568636236,2012
5171,59,141,14800000,capture,,-2.657577319,2012
5172,31,71,13500000,capture,,-2.653647026,2012
5173,31,71,13500000,capture,,-2.716698771,2012
5174,31,71,13500000,capture,,-2.785156152,2012
5175,31,71,13500000,capture,,-2.769551079,2012
5176,31,71,14100000,capture,,-2.754487332,2012
5177,31,71,14100000,capture,,-2.821023053,2012
5178,31,71,14100000,capture,,-2.899629455,2012
5179,31,71,14100000,capture,,-2.8569852,2012
5180,31,71,14800000,capture,,-2.966576245,2012
5181,31,71,14800000,capture,,-3.026872146,2012
5182,31,71,14800000,capture,,-3.13076828,2012
5183,31,71,14800000,capture,,-3.050609993,2012
5184,31,71,13500000,capture,,-2.714442691,2012
5185,31,71,14100000,capture,,-2.823908741,2012
5186,31,71,14800000,capture,,-3.040958608,2012
5187,31,71,1020000,capture,,-1.886056648,2012
5188,31,71,1940000,capture,,-2.1837587,2012
5189,31,71,2980000,capture,,-2.282329497,2012
5190,72,180,1020000,capture,,-1.358525889,2012
5191,72,180,1940000,capture,,-1.514278574,2012
5192,72,180,2980000,capture,,-1.714442691,2012
5193,57,139,13500000,capture,,-2.958607315,2013
5194,57,139,14100000,capture,,-2.987162775,2013
5195,57,139,14800000,capture,,-3.036212173,2013
5196,57,139,13500000,capture,,-2.899629455,2013
5197,57,139,14100000,capture,,-2.974694135,2013
5198,57,139,14800000,capture,,-3.008773924,2013
5199,57,139,13500000,capture,,-2.798602876,2013
5200,57,139,14100000,capture,,-2.863279433,2013
5201,57,139,14800000,capture,,-2.962573502,2013
5202,57,139,13500000,capture,,-2.886056648,2013
5203,57,139,14100000,capture,,-2.928117993,2013
5204,57,139,14800000,capture,,-3,2013
5205,40,96,13500000,capture,,-2.632644079,2020
5206,40,96,14100000,capture,,-2.649751982,2020
5207,40,96,14400000,capture,,-2.732828272,2020
5208,40,96,14800000,capture,,-2.735182177,2020
5209,75,187,13500000,capture,,-2.397940009,2021
5210,75,187,14100000,capture,,-2.334419009,2021
5211,75,187,14400000,capture,,-2.36552273,2021
5212,75,187,14800000,capture,,-2.730487056,2021
5213,75,187,13500000,capture,,-1.161150909,2021
5214,75,187,14100000,capture,,-1.167491087,2021
5215,75,187,14400000,capture,,-1.173925197,2021
5216,75,187,14800000,capture,,-1.180456064,2021
5217,33,75,655000,capture,,-1.54668166,2007
5218,33,75,962000,capture,,-1.696803943,2007
5219,33,75,1100000,capture,,-1.779891912,2007
5220,58,142,14200000,capture,,-2.886056648,2019
5221,58,142,14900000,capture,,-2.866461092,2019
5222,40,95,500000,capture,,-1.653647026,2017
5223,40,95,1500000,capture,,-1.735182177,2017
5224,40,95,2500000,capture,,-1.93930216,2017
5225,40,95,3500000,capture,,-2.508638306,2017
5226,40,95,4500000,capture,,-2.638272164,2017
5227,40,95,5500000,capture,,-2.886056648,2017
5228,40,95,6500000,capture,,-3.096910013,2017
5229,40,95,7500000,capture,,-3.301029996,2017
5230,92,238,14100000,capture,,-2.787546039,2018
5231,92,238,14500000,capture,,-2.85886391,2018
5232,92,238,14800000,capture,,-2.915066425,2018
5233,72,180,13500000,capture,,-1.924453039,2019
5234,72,180,14100000,capture,,-1.928117993,2019
5235,72,180,14400000,capture,,-1.982966661,2019
5236,72,180,14800000,capture,,-1.910094889,2019
5237,92,238,4380000,capture,,-2.283162277,2020
5238,92,238,3020000,capture,,-1.818156412,2020
5239,92,238,2040000,capture,,-1.410385459,2020
5240,90,232,2060000,capture,,-1.277695213,2020
5241,90,232,3520000,capture,,-2.095284455,2020
5242,90,232,4360000,capture,,-2.659555885,2020
5243,92,238,6117000,capture,,-2.978397284,2023
5244,92,238,4626000,capture,,-2.352910571,2023
5245,92,238,3622000,capture,,-1.92226882,2023
5246,65,159,130394,capture,,-0.2101352563,2023
5247,65,159,139720,capture,,-0.2313286066,2023
5248,65,159,149713,capture,,-0.2477079544,2023
5249,65,159,160420,capture,,-0.2884222065,2023
5250,65,159,171893,capture,,-0.3131323474,2023
5251,65,159,184187,capture,,-0.3291384051,2023
5252,65,159,197360,capture,,-0.3076211023,2023
5253,65,159,211475,capture,,-0.349298196,2023
5254,65,159,226600,capture,,-0.3724999835,2023
5255,65,159,242806,capture,,-0.3729989401,2023
5256,65,159,260171,capture,,-0.4078354608,2023
5257,65,159,278778,capture,,-0.4003395882,2023
5258,65,159,298716,capture,,-0.4116095088,2023
5259,65,159,320080,capture,,-0.3951888,2023
5260,65,159,342972,capture,,-0.4499001192,2023
5261,65,159,367501,capture,,-0.4859572255,2023
5262,65,159,393785,capture,,-0.5341637558,2023
5263,65,159,421948,capture,,-0.535166313,2023
5264,65,159,452125,capture,,-0.5890979776,2023
5265,65,159,484461,capture,,-0.5987839012,2023
5266,65,159,519110,capture,,-0.649275295,2023
5267,65,159,556236,capture,,-0.6471732739,2023
5268,65,159,596017,capture,,-0.6836249213,2023
5269,65,159,638644,capture,,-0.7242511155,2023
5270,65,159,684320,capture,,-0.7105492946,2023
5271,65,159,733262,capture,,-0.7600276981,2023
5272,65,159,785704,capture,,-0.8011010948,2023
5273,65,159,841897,capture,,-0.8286421951,2023
5274,65,159,902109,capture,,-0.8232375511,2023
5275,90,232,110425,capture,,-0.6777807053,2023
5276,90,232,122480,capture,,-0.721246399,2023
5277,90,232,135855,capture,,-0.721246399,2023
5278,90,232,150690,capture,,-0.7447274949,2023
5279,90,232,167140,capture,,-0.7695510786,2023
5280,90,232,185385,capture,,-0.7958800173,2023
5281,90,232,100330,capture,,-0.5926158947,2022
5282,90,232,112570,capture,,-0.6807335834,2022
5283,90,232,126310,capture,,-0.6411042925,2022
5284,92,238,5900000,capture,,-2.935542011,2014
5285,92,238,15500000,capture,,-3.207608311,2014
5286,92,238,8040000,capture,,-2.970616222,2014
5287,92,238,11900000,capture,,-2.950781977,2014
5288,30,70,960000,capture,,-2.73754891,2018
5289,30,70,1690000,capture,,-2.876148359,2018
5290,63,151,1120000,capture,,-0.908192403,2016
5291,63,151,2120000,capture,,-1.251501873,2016
5292,63,151,3120000,capture,,-1.532243949,2016
5293,63,151,4120000,capture,,-1.87095494,2016
5294,63,151,1120000,capture,,-0.904377405,2016
5295,63,151,2120000,capture,,-1.221704009,2016
5296,63,151,3120000,capture,,-1.619969752,2016
5297,63,151,4120000,capture,,-1.865822892,2016
5298,48,110,1120000,capture,,-1.914709422,2016
5299,48,110,2120000,capture,,-1.830913643,2016
5300,48,110,3120000,capture,,-2.057000407,2016
5301,48,110,4120000,capture,,-2.15739076,2016
5302,90,232,2450000,capture,,-1.438946344,2015
5303,90,232,14800000,capture,,-2.804377056,2015
5304,92,238,2450000,capture,,-1.522820843,2015
5305,92,238,14800000,capture,,-2.897566294,2015
5306,49,115,1120000,capture,,-0.5665005846,2015
5307,49,115,1120000,capture,,-0.6358525325,2015
5308,49,115,1120000,capture,,-0.632051755,2015
5309,49,115,2120000,capture,,-0.9193302301,2015
5310,49,115,2120000,capture,,-0.9403949342,2015
5311,49,115,2120000,capture,,-0.9105753498,2015
5312,49,115,3120000,capture,,-1.383545492,2015
5313,49,115,3120000,capture,,-1.30762022,2015
5314,49,115,4120000,capture,,-1.748629495,2015
5315,49,115,4120000,capture,,-1.738023809,2015
5316,90,232,3700000,capture,,-1.962573502,2011
5317,90,232,9850000,capture,,-2.869666232,2011
5318,40,94,2450000,capture,,-2.266802735,2012
5319,90,232,1600000,capture,,-1.038578906,2012
5320,90,232,2200000,capture,,-1.318758763,2012
5321,90,232,3000000,capture,,-1.782516056,2012
5322,90,232,3700000,capture,,-1.966576245,2012
5323,42,98,3200000,capture,,-1.93930216,2012
5324,74,186,3200000,capture,,-1.860120914,2012
5325,49,115,3200000,capture,,-1.395773947,2012
5326,90,232,5900000,capture,,-2.946921557,2012
5327,90,232,15500000,capture,,-3.107905397,2012
5328,90,232,8040000,capture,,-3.113509275,2012
5329,90,232,11900000,capture,,-2.950781977,2012
5330,92,238,3700000,capture,,-1.935542011,2012
5331,92,238,9850000,capture,,-2.847711656,2012
5332,90,232,13500000,capture,,-2.97798426,2012
5333,90,232,15500000,capture,,-3.154281982,2012
5334,90,232,17280000,capture,,-3.298432015,2012
5335,79,197,1120000,capture,,-1.218668359,2015
5336,79,197,2120000,capture,,-1.391602348,2015
5337,79,197,3120000,capture,,-1.703971364,2015
5338,79,197,4120000,capture,,-1.855612626,2015
5339,65,159,5080000,capture,,-3.003002645,2018
5340,65,159,12470000,capture,,-2.890884002,2018
5341,65,159,16630000,capture,,-3.2083725,2018
5342,90,232,10950000,capture,,-2.747875447,2018
5343,90,232,13970000,capture,,-2.91829273,2018
5344,90,232,14980000,capture,,-2.913640169,2018
5345,90,232,18990000,capture,,-3.276544328,2018
5346,39,89,14540000,capture,,-3.26760624,2019
5347,53,127,600000,capture,,-1.322575562,2021
5348,53,127,1260000,capture,,-1.500587874,2021
5349,53,127,2510000,capture,,-1.56320149,2021
5350,31,71,2150000,capture,,-2.039053804,2023
5351,31,71,3190000,capture,,-2.241088108,2023
5352,39,89,14770000,capture,,-3.356547324,2023
5353,42,98,1670000,capture,,-1.964666338,2023
5354,42,98,2060000,capture,,-1.912190198,2023
5355,42,98,2660000,capture,,-2.0839147,2023
5356,51,121,1660000,capture,,-1.126377183,2025
5357,51,121,2650000,capture,,-1.326822369,2025
5358,51,121,3050000,capture,,-1.324459944,2025
5359,31,69,1024000,capture,,-1.742321425,1969
5360,31,69,1335000,capture,,-1.809668302,1969
5361,31,69,1395000,capture,,-1.823908741,1969
5362,31,69,1550000,capture,,-1.860120914,1969
5363,31,69,1743000,capture,,-1.920818754,1969
5364,31,69,1880000,capture,,-1.91721463,1969
5365,31,69,1945000,capture,,-1.954677021,1969
5366,31,69,2210000,capture,,-1.950781977,1969
5367,31,69,2348000,capture,,-2.039529222,1969
5368,31,69,2746000,capture,,-2.096367484,1969
5369,31,69,3150000,capture,,-2.167491087,1969
5370,31,71,1030000,capture,,-1.860120914,1969
5371,31,71,1295000,capture,,-1.982966661,1969
5372,31,71,1335000,capture,,-2.008773924,1969
5373,31,71,1610000,capture,,-2.07007044,1969
5374,31,71,1690000,capture,,-2.107348966,1969
5375,31,71,1740000,capture,,-2.13667714,1969
5376,31,71,1860000,capture,,-2.139661993,1969
5377,31,71,1945000,capture,,-2.146301788,1969
5378,31,71,2120000,capture,,-2.19314197,1969
5379,31,71,2210000,capture,,-2.193820026,1969
5380,42,98,1038400,capture,,-1.628932138,1969
5381,42,98,1268600,capture,,-1.730487056,1969
5382,42,98,1330800,capture,,-1.787812396,1969
5383,42,98,1642000,capture,,-1.850780887,1969
5384,42,98,1833600,capture,,-1.88941029,1969
5385,42,98,2320400,capture,,-1.899629455,1969
5386,42,98,2806000,capture,,-2.017728767,1969
5387,42,98,1025000,capture,,-1.632644079,1969
5388,42,98,1240000,capture,,-1.732828272,1969
5389,42,98,1300000,capture,,-1.790484985,1969
5390,42,98,1610000,capture,,-1.850780887,1969
5391,42,98,1770000,capture,,-1.886056648,1969
5392,42,98,2220000,capture,,-1.899629455,1969
5393,42,98,2725000,capture,,-2.008773924,1969
5394,29,63,266000,capture,,-1.602059991,1966
5395,29,63,303000,capture,,-1.671620397,1966
5396,29,63,377000,capture,,-1.742321425,1966
5397,29,63,418000,capture,,-1.701146924,1966
5398,29,63,456000,capture,,-1.735182177,1966
5399,29,63,530000,capture,,-1.806875402,1966
5400,29,63,635000,capture,,-1.809668302,1966
5401,29,63,693000,capture,,-1.812479279,1966
5402,29,63,708000,capture,,-1.812479279,1966
5403,29,63,740000,capture,,-1.847711656,1966
5404,29,63,890000,capture,,-1.801342913,1966
5405,29,63,950000,capture,,-1.8569852,1966
5406,29,63,1060000,capture,,-1.844663963,1966
5407,29,63,1154000,capture,,-1.882728704,1966
5408,29,63,1356000,capture,,-1.974694135,1966
5409,29,63,1460000,capture,,-1.966576245,1966
5410,29,63,1504000,capture,,-2.086186148,1966
5411,29,63,1650000,capture,,-2.086186148,1966
5412,29,63,2070000,capture,,-2.180456064,1966
5413,29,63,2620000,capture,,-2.259637311,1966
5414,29,63,3126000,capture,,-2.27572413,1966
5415,29,63,3628000,capture,,-2.214670165,1966
5416,39,89,260000,capture,,-1.971209169,1966
5417,39,89,280000,capture,,-1.971209169,1966
5418,39,89,450000,capture,,-2.038638777,1966
5419,39,89,510000,capture,,-2.045946203,1966
5420,39,89,607000,capture,,-2.075418421,1966
5421,39,89,700000,capture,,-2.086602588,1966
5422,39,89,830000,capture,,-2.082842439,1966
5423,39,89,937000,capture,,-2.120825533,1966
5424,39,89,960000,capture,,-2.206357258,1966
5425,39,89,1060000,capture,,-2.188259036,1966
5426,39,89,1240000,capture,,-2.233486576,1966
5427,39,89,1338000,capture,,-2.255205826,1966
5428,39,89,1520000,capture,,-2.250459391,1966
5429,39,89,1680000,capture,,-2.266486836,1966
5430,39,89,2060000,capture,,-2.360954699,1966
5431,39,89,2080000,capture,,-2.372262413,1966
5432,39,89,2610000,capture,,-2.358930013,1966
5433,39,89,2634000,capture,,-2.342090945,1966
5434,39,89,3120000,capture,,-2.387093422,1966
5435,39,89,3620000,capture,,-2.395801373,1966
5436,37,87,1035000,capture,,-2.54515514,1967
5437,37,87,1240000,capture,,-2.612610174,1967
5438,37,87,1444000,capture,,-2.630784143,1967
5439,37,87,1540000,capture,,-2.612610174,1967
5440,37,87,1680000,capture,,-2.640164518,1967
5441,37,87,2100000,capture,,-2.681936665,1967
5442,37,87,2646000,capture,,-2.728158393,1967
5443,77,193,103000,capture,,-0.251811973,1967
5444,77,193,155000,capture,,-0.3251388593,1967
5445,77,193,266000,capture,,-0.5016894462,1967
5446,77,193,380000,capture,,-0.6090648929,1967
5447,77,193,420000,capture,,-0.6363880201,1967
5448,77,193,530000,capture,,-0.7904849855,1967
5449,77,193,620000,capture,,-0.8297382846,1967
5450,77,193,795000,capture,,-0.8827287043,1967
5451,77,193,844000,capture,,-0.8860566477,1967
5452,77,193,975000,capture,,-0.9913998282,1967
5453,77,193,1052000,capture,,-0.9788107009,1967
5454,77,193,1160000,capture,,-1.060480747,1967
5455,77,193,1256000,capture,,-1.113509275,1967
5456,77,193,1460000,capture,,-1.175223538,1967
5457,77,193,1540000,capture,,-1.203425667,1967
5458,77,193,2100000,capture,,-1.332547047,1967
5459,77,193,2646000,capture,,-1.397940009,1967
5460,77,193,3148000,capture,,-1.465973894,1967
5461,50,122,338000,capture,,-2.394703282,1968
5462,50,122,394000,capture,,-2.443395206,1968
5463,50,122,430000,capture,,-2.488607785,1968
5464,50,122,515000,capture,,-2.501036774,1968
5465,50,122,612000,capture,,-2.412614872,1968
5466,50,122,690000,capture,,-2.42655065,1968
5467,50,122,720000,capture,,-2.382804059,1968
5468,50,122,780000,capture,,-2.378556646,1968
5469,50,122,824000,capture,,-2.377501252,1968
5470,50,122,925000,capture,,-2.350924358,1968
5471,50,122,1034000,capture,,-2.369149178,1968
5472,50,122,1335000,capture,,-2.439730252,1968
5473,50,122,1520000,capture,,-2.323081588,1968
5474,50,122,1690000,capture,,-2.31845647,1968
5475,50,122,1857000,capture,,-2.28910709,1968
5476,50,122,2120000,capture,,-2.283977568,1968
5477,50,122,2323000,capture,,-2.321225626,1968
5478,50,122,2520000,capture,,-2.443395206,1968
5479,50,122,2723000,capture,,-2.419526866,1968
5480,50,122,3128000,capture,,-2.54214936,1968
5481,50,124,433000,capture,,-2.356914721,1968
5482,50,124,515000,capture,,-2.387093422,1968
5483,50,124,612000,capture,,-2.468652001,1968
5484,50,124,720000,capture,,-2.473884528,1968
5485,50,124,824000,capture,,-2.382804059,1968
5486,50,124,930000,capture,,-2.348945792,1968
5487,50,124,1034000,capture,,-2.339185955,1968
5488,50,124,1335000,capture,,-2.499638079,1968
5489,50,124,1520000,capture,,-2.484542597,1968
5490,50,124,1690000,capture,,-2.496854131,1968
5491,50,124,1917000,capture,,-2.519642019,1968
5492,50,124,2120000,capture,,-2.434891266,1968
5493,50,124,2320000,capture,,-2.466059191,1968
5494,50,124,2723000,capture,,-2.489971348,1968
5495,50,124,3130000,capture,,-2.509524885,1968
5496,51,121,102000,capture,,-0.5010367745,1968
5497,51,121,152000,capture,,-0.6363726111,1968
5498,51,121,200000,capture,,-0.6480061946,1968
5499,51,121,242000,capture,,-0.6743351333,1968
5500,51,121,338000,capture,,-0.6935453919,1968
5501,51,121,394000,capture,,-0.7855725923,1968
5502,51,121,433000,capture,,-0.8020667701,1968
5503,51,121,515000,capture,,-0.7992738699,1968
5504,51,121,612000,capture,,-0.8431793556,1968
5505,51,121,690000,capture,,-0.8370624308,1968
5506,51,121,720000,capture,,-0.8751271726,1968
5507,51,121,780000,capture,,-0.8280456125,1968
5508,51,121,824000,capture,,-0.8556779011,1968
5509,51,121,930000,capture,,-0.8401101239,1968
5510,51,121,1034000,capture,,-0.881808758,1968
5511,51,121,1335000,capture,,-0.9431804456,1968
5512,51,121,1523000,capture,,-1.004285628,1968
5513,51,121,1690000,capture,,-1.066570894,1968
5514,51,121,1860000,capture,,-1.09203134,1968
5515,51,121,1917000,capture,,-1.11849687,1968
5516,51,121,2120000,capture,,-1.12493098,1968
5517,51,121,2186000,capture,,-1.130267089,1968
5518,51,121,2323000,capture,,-1.18757779,1968
5519,51,121,2723000,capture,,-1.303089609,1968
5520,51,121,3130000,capture,,-1.421855528,1968
5521,51,123,394000,capture,,-0.9712091692,1968
5522,51,123,515000,capture,,-0.9837982965,1968
5523,51,123,612000,capture,,-1.033357076,1968
5524,51,123,690000,capture,,-0.9923984683,1968
5525,51,123,720000,capture,,-0.9549719704,1968
5526,51,123,780000,capture,,-0.9470754895,1968
5527,51,123,824000,capture,,-0.967092603,1968
5528,51,123,930000,capture,,-0.9923984683,1968
5529,51,123,1034000,capture,,-0.9837982965,1968
5530,51,123,1335000,capture,,-1.062979543,1968
5531,51,123,1520000,capture,,-1.052879216,1968
5532,51,123,1690000,capture,,-1.105907743,1968
5533,51,123,1917000,capture,,-1.135065972,1968
5534,51,123,2120000,capture,,-1.193057919,1968
5535,51,123,2320000,capture,,-1.221546457,1968
5536,51,123,2723000,capture,,-1.54214936,1968
5537,52,128,338000,capture,,-1.906038638,1968
5538,52,128,394000,capture,,-1.935493617,1968
5539,52,128,433000,capture,,-1.924212607,1968
5540,52,128,515000,capture,,-1.906038638,1968
5541,52,128,612000,capture,,-1.906038638,1968
5542,52,128,690000,capture,,-1.927940479,1968
5543,52,128,720000,capture,,-1.927940479,1968
5544,52,128,824000,capture,,-1.988077095,1968
5545,52,128,835000,capture,,-1.971209169,1968
5546,52,128,930000,capture,,-2.070711993,1968
5547,52,128,992000,capture,,-2.132659902,1968
5548,52,128,1300000,capture,,-2.152920421,1968
5549,52,128,1917000,capture,,-2.160528694,1968
5550,52,128,2120000,capture,,-2.163094695,1968
5551,52,128,2323000,capture,,-2.225985621,1968
5552,52,128,2723000,capture,,-2.345015498,1968
5553,52,128,3128000,capture,,-2.38067516,1968
5554,52,130,338000,capture,,-2.286534756,1968
5555,52,130,394000,capture,,-2.288247951,1968
5556,52,130,515000,capture,,-2.267303947,1968
5557,52,130,612000,capture,,-2.213523996,1968
5558,52,130,720000,capture,,-2.179485112,1968
5559,52,130,824000,capture,,-2.159251356,1968
5560,52,130,930000,capture,,-2.378556646,1968
5561,52,130,992000,capture,,-2.42655065,1968
5562,52,130,1300000,capture,,-2.46219877,1968
5563,52,130,1523000,capture,,-2.459644089,1968
5564,52,130,1690000,capture,,-2.454579373,1968
5565,52,130,1860000,capture,,-2.485893436,1968
5566,52,130,1917000,capture,,-2.448330424,1968
5567,52,130,2120000,capture,,-2.421855528,1968
5568,52,130,2323000,capture,,-2.43730402,1968
5569,52,130,2517000,capture,,-2.522576452,1968
5570,52,130,2723000,capture,,-2.565887207,1968
5571,52,130,3128000,capture,,-2.664018865,1968
5572,32,74,612000,capture,,-1.924453039,1967
5573,32,74,690000,capture,,-2.059483515,1967
5574,32,74,720000,capture,,-2.056505484,1967
5575,32,74,780000,capture,,-2.099086932,1967
5576,32,74,824000,capture,,-2.090443971,1967
5577,32,74,930000,capture,,-2.163043263,1967
5578,32,74,1034000,capture,,-2.189767482,1967
5579,32,74,1240000,capture,,-2.251811973,1967
5580,32,74,1523000,capture,,-2.384049948,1967
5581,32,74,1690000,capture,,-2.417936637,1967
5582,32,74,1860000,capture,,-2.37161107,1967
5583,32,74,1917000,capture,,-2.343901798,1967
5584,32,74,2120000,capture,,-2.316952962,1967
5585,32,74,2190000,capture,,-2.351639989,1967
5586,32,74,2323000,capture,,-2.331614083,1967
5587,32,74,2720000,capture,,-2.324221658,1967
5588,32,74,3128000,capture,,-2.397940009,1967
5589,34,80,1024000,capture,,-2.886056648,1967
5590,34,80,1335000,capture,,-2.93930216,1967
5591,34,80,1523000,capture,,-3.366531544,1967
5592,34,80,1690000,capture,,-3.494850022,1967
5593,34,80,1917000,capture,,-3.508638306,1967
5594,34,80,2323000,capture,,-3.568636236,1967
5595,34,80,3128000,capture,,-3.744727495,1967
5596,34,80,1024000,capture,,-2.504455662,1967
5597,34,80,1335000,capture,,-2.498940738,1967
5598,34,80,1523000,capture,,-2.522878745,1967
5599,34,80,1690000,capture,,-2.59345982,1967
5600,34,80,1860000,capture,,-2.567030709,1967
5601,34,80,1917000,capture,,-2.562249437,1967
5602,34,80,2323000,capture,,-2.602059991,1967
5603,34,80,2723000,capture,,-2.630784143,1967
5604,34,80,3128000,capture,,-2.675717545,1967
5605,34,80,1024000,capture,,-2.356547324,1967
5606,34,80,1335000,capture,,-2.366531544,1967
5607,34,80,1523000,capture,,-2.468521083,1967
5608,34,80,1690000,capture,,-2.537602002,1967
5609,34,80,1917000,capture,,-2.508638306,1967
5610,34,80,2323000,capture,,-2.552841969,1967
5611,34,80,3128000,capture,,-2.657577319,1967
5612,55,133,124000,capture,,-1.453457337,1967
5613,55,133,274000,capture,,-1.537602002,1967
5614,55,133,418000,capture,,-1.610833916,1967
5615,55,133,500000,capture,,-1.607303047,1967
5616,55,133,593000,capture,,-1.638272164,1967
5617,55,133,814000,capture,,-1.709965389,1967
5618,55,133,950000,capture,,-1.721246399,1967
5619,55,133,1230000,capture,,-1.754487332,1967
5620,76,192,280000,capture,,-1.446116973,1967
5621,76,192,338000,capture,,-1.472370099,1967
5622,76,192,350000,capture,,-1.498940738,1967
5623,76,192,422000,capture,,-1.625251654,1967
5624,76,192,433000,capture,,-1.630784143,1967
5625,76,192,505000,capture,,-1.649751982,1967
5626,76,192,600000,capture,,-1.696803943,1967
5627,76,192,824000,capture,,-1.73754891,1967
5628,76,192,960000,capture,,-1.735182177,1967
5629,76,192,1140000,capture,,-1.798602876,1967
5630,76,192,1240000,capture,,-1.76700389,1967
5631,76,192,1440000,capture,,-1.795880017,1967
5632,76,192,1690000,capture,,-1.777283529,1967
5633,76,192,1860000,capture,,-1.818156412,1967
5634,76,192,1917000,capture,,-1.804100348,1967
5635,76,192,2120000,capture,,-1.826813732,1967
5636,76,192,2323000,capture,,-1.896196279,1967
5637,76,192,2517000,capture,,-1.899629455,1967
5638,76,192,2624000,capture,,-1.982966661,1967
5639,76,192,3128000,capture,,-2.075720714,1967
5640,73,181,102000,capture,,-0.4962093169,1965
5641,73,181,107000,capture,,-0.5559552041,1965
5642,73,181,114000,capture,,-0.5346171486,1965
5643,73,181,121000,capture,,-0.5376020021,1965
5644,73,181,130000,capture,,-0.5622494372,1965
5645,73,181,138000,capture,,-0.625251654,1965
5646,73,181,146000,capture,,-0.6020599913,1965
5647,73,181,156000,capture,,-0.6478174819,1965
5648,66,161,102000,capture,,-0.06956040523,1965
5649,66,161,107000,capture,,-0.1249387366,1965
5650,66,161,114000,capture,,-0.1186153432,1965
5651,66,161,121000,capture,,-0.1249387366,1965
5652,66,161,130000,capture,,-0.2041199827,1965
5653,66,161,138000,capture,,-0.2111248842,1965
5654,66,161,146000,capture,,-0.2350770154,1965
5655,66,161,156000,capture,,-0.288192771,1965
5656,66,161,168000,capture,,-0.2967086219,1965
5657,47,107,121000,capture,,-0.3726341434,1965
5658,47,107,130000,capture,,-0.3914739664,1965
5659,47,107,138000,capture,,-0.4424927981,1965
5660,47,107,146000,capture,,-0.4461169734,1965
5661,47,109,138000,capture,,-0.6345120151,1965
5662,92,238,5000000,capture,,-2.080921908,1972
5663,92,238,6000000,capture,,-2.167491087,1972
5664,92,238,7000000,capture,,-2.236572006,1972
5665,92,238,17000000,capture,,-2.431798276,1972
5666,92,238,18000000,capture,,-2.48148606,1972
5667,92,238,19000000,capture,,-2.537602002,1972
5668,92,238,20000000,capture,,-2.473660723,1972
5669,92,238,200000,capture,,-0.8297382846,1972
5670,92,238,250000,capture,,-0.8664610916,1972
5671,92,238,300000,capture,,-0.903089987,1972
5672,92,238,400000,capture,,-0.9299621334,1972
5673,92,238,500000,capture,,-0.9411945133,1972
5674,92,238,600000,capture,,-0.9450041385,1972
5675,92,238,700000,capture,,-0.9226320947,1972
5676,92,238,800000,capture,,-0.9226320947,1972
5677,92,238,900000,capture,,-0.9118639113,1972
5678,92,238,1000000,capture,,-0.9262816497,1972
5679,92,238,1100000,capture,,-0.9450041385,1972
5680,92,238,1200000,capture,,-1.004364805,1972
5681,92,238,1300000,capture,,-1.068033885,1972
5682,92,238,1500000,capture,,-1.200659451,1972
5683,92,238,1800000,capture,,-1.283996656,1972
5684,92,238,2000000,capture,,-1.356547324,1972
5685,92,238,2200000,capture,,-1.437707136,1972
5686,92,238,2500000,capture,,-1.54515514,1972
5687,92,238,2800000,capture,,-1.628932138,1972
5688,92,238,3000000,capture,,-1.698970004,1972
5689,92,238,3500000,capture,,-1.764471553,1972
5690,92,238,4000000,capture,,-1.829738285,1972
5691,92,238,5000000,capture,,-2.031517051,1972
5692,92,238,6000000,capture,,-2.107905397,1972
5693,92,238,7000000,capture,,-2.214670165,1972
5694,92,238,1200000,capture,,-1.026872146,1972
5695,92,238,1300000,capture,,-1.086186148,1972
5696,92,238,1500000,capture,,-1.207608311,1972
5697,92,238,1800000,capture,,-1.318758763,1972
5698,92,238,2000000,capture,,-1.397940009,1972
5699,92,238,2200000,capture,,-1.48148606,1972
5700,92,238,2500000,capture,,-1.568636236,1972
5701,92,238,2800000,capture,,-1.657577319,1972
5702,92,238,3000000,capture,,-1.721246399,1972
5703,92,238,3500000,capture,,-1.795880017,1972
5704,92,238,4000000,capture,,-1.886056648,1972
5705,49,115,2699900,capture,,-1.130774149,1958
5706,53,127,2700000,capture,,-1.327902142,1958
5707,53,127,4000000,capture,,-1.638272164,1958
5708,47,107,200000,capture,,-0.408935393,1958
5709,56,138,200000,capture,,-2.287350298,1958
5710,90,232,200000,capture,,-0.6635402662,1958
5711,92,238,200000,capture,,-0.7121982701,1958
5712,28,64,4000000,capture,,-2.585026652,1958
5713,29,65,2700000,capture,,-2.32330639,1958
5714,29,65,4000000,capture,,-2.557520231,1958
5715,35,79,2700000,capture,,-1.578396073,1958
5716,35,79,4000000,capture,,-1.931814138,1958
5717,35,81,2700000,capture,,-1.844663963,1958
5718,35,81,4000000,capture,,-2.180456064,1958
5719,42,100,2700000,capture,,-2.187086643,1958
5720,42,100,4000000,capture,,-2.408935393,1958
5721,47,107,2700000,capture,,-1.251811973,1958
5722,47,107,4000000,capture,,-1.53165267,1958
5723,49,115,2700000,capture,,-1.13076828,1958
5724,49,115,4000000,capture,,-1.406713933,1958
5725,56,138,2700000,capture,,-2.943095149,1958
5726,56,138,4000000,capture,,-3.107905397,1958
5727,82,208,2700000,capture,,-2.958607315,1958
5728,82,208,4000000,capture,,-3.301029996,1958
5729,92,238,2700000,capture,,-1.226945307,1958
5730,92,238,4000000,capture,,-1.477555766,1958
5731,73,181,200000,capture,,-0.4317982759,1958
5732,79,197,200000,capture,,-0.4202164034,1958
5733,90,232,200000,capture,,-0.6777807053,1958
5734,75,185,36140.98,capture,,0,1971
5735,29,63,230000,capture,,-1.625251654,1968
5736,29,63,350000,capture,,-1.749579998,1968
5737,29,63,410000,capture,,-1.795880017,1968
5738,29,63,470000,capture,,-1.804100348,1968
5739,29,63,580000,capture,,-1.847711656,1968
5740,29,63,690000,capture,,-1.913640169,1968
5741,29,63,790000,capture,,-1.910094889,1968
5742,29,63,1100000,capture,,-1.920818754,1968
5743,29,63,1290000,capture,,-1.954677021,1968
5744,29,63,1510000,capture,,-2.058488567,1968
5745,29,63,1710000,capture,,-2.161150909,1968
5746,29,63,1910000,capture,,-2.167491087,1968
5747,29,63,2110000,capture,,-2.202732459,1968
5748,29,63,2320000,capture,,-2.200659451,1968
5749,29,63,2510000,capture,,-2.259637311,1968
5750,29,63,2720000,capture,,-2.255707017,1968
5751,29,63,2910000,capture,,-2.245651664,1968
5752,29,63,3110000,capture,,-2.289882635,1968
5753,29,65,230000,capture,,-1.924453039,1968
5754,29,65,350000,capture,,-1.974694135,1968
5755,29,65,410000,capture,,-2.102372909,1968
5756,29,65,580000,capture,,-2.054531415,1968
5757,29,65,690000,capture,,-2.107905397,1968
5758,29,65,790000,capture,,-2.088842391,1968
5759,29,65,910000,capture,,-2.15739076,1968
5760,29,65,1000000,capture,,-2.024108864,1968
5761,29,65,1100000,capture,,-2.064492734,1968
5762,29,65,1270000,capture,,-2.094743951,1968
5763,29,65,1380000,capture,,-2.141462802,1968
5764,29,65,1410000,capture,,-2.112945622,1968
5765,29,65,1510000,capture,,-2.158015195,1968
5766,29,65,1680000,capture,,-2.187755303,1968
5767,29,65,1880000,capture,,-2.199282922,1968
5768,29,65,1990000,capture,,-2.211831629,1968
5769,29,65,2170000,capture,,-2.261219442,1968
5770,29,65,2320000,capture,,-2.284832642,1968
5771,29,65,2510000,capture,,-2.284832642,1968
5772,29,65,2870000,capture,,-2.343901798,1968
5773,29,65,3110000,capture,,-2.37161107,1968
5774,74,186,350000,capture,,-1.107905397,1968
5775,74,186,410000,capture,,-1.207608311,1968
5776,74,186,470000,capture,,-1.200659451,1968
5777,74,186,580000,capture,,-1.314258261,1968
5778,74,186,690000,capture,,-1.229147988,1968
5779,74,186,1100000,capture,,-1.366531544,1968
5780,74,186,1310000,capture,,-1.37675071,1968
5781,74,186,1510000,capture,,-1.427128398,1968
5782,74,186,1710000,capture,,-1.408935393,1968
5783,74,186,1910000,capture,,-1.474955193,1968
5784,74,186,2110000,capture,,-1.536107011,1968
5785,74,186,2320000,capture,,-1.560667306,1968
5786,74,186,2510000,capture,,-1.632644079,1968
5787,74,186,2720000,capture,,-1.643974143,1968
5788,74,186,2910000,capture,,-1.70333481,1968
5789,74,186,3110000,capture,,-1.63638802,1968
5790,31,69,1036000,capture,,-1.70333481,1976
5791,31,69,1215000,capture,,-1.769551079,1976
5792,31,69,1234000,capture,,-1.769551079,1976
5793,31,69,1460000,capture,,-1.8569852,1976
5794,31,69,1710000,capture,,-1.935542011,1976
5795,31,69,1770000,capture,,-1.962573502,1976
5796,31,69,1970000,capture,,-1.982966661,1976
5797,31,69,2140000,capture,,-2.073657553,1976
5798,31,69,2280000,capture,,-2.025028006,1976
5799,31,69,2585000,capture,,-2.070581074,1976
5800,31,69,3080000,capture,,-1.978810701,1976
5801,31,71,1030000,capture,,-1.91721463,1976
5802,31,71,1240000,capture,,-1.974694135,1976
5803,31,71,1460000,capture,,-2.091514981,1976
5804,31,71,1710000,capture,,-2.173925197,1976
5805,31,71,1970000,capture,,-2.207608311,1976
5806,31,71,2580000,capture,,-2.283996656,1976
5807,57,139,198000,capture,,-2.016373713,1976
5808,57,139,286000,capture,,-2.160521953,1976
5809,57,139,350000,capture,,-2.129596095,1976
5810,57,139,379000,capture,,-2.184422252,1976
5811,57,139,410000,capture,,-2.124938737,1976
5812,57,139,475000,capture,,-2.204119983,1976
5813,57,139,585000,capture,,-2.162411562,1976
5814,57,139,690000,capture,,-2.200659451,1976
5815,57,139,794000,capture,,-2.177178355,1976
5816,57,139,835000,capture,,-2.158015195,1976
5817,57,139,950000,capture,,-2.216811309,1976
5818,57,139,1120000,capture,,-2.13430394,1976
5819,57,139,1250000,capture,,-2.084600165,1976
5820,57,139,1480000,capture,,-2.072629637,1976
5821,57,139,1730000,capture,,-2.14691047,1976
5822,57,139,1980000,capture,,-2.262807357,1976
5823,57,139,2300000,capture,,-2.313363731,1976
5824,57,139,2580000,capture,,-2.387216143,1976
5825,57,139,2700000,capture,,-2.387216143,1976
5826,57,139,3100000,capture,,-2.452225295,1976
5827,59,141,198000,capture,,-1.450996738,1976
5828,59,141,211000,capture,,-1.478861916,1976
5829,59,141,260000,capture,,-1.501689446,1976
5830,59,141,285000,capture,,-1.573488739,1976
5831,59,141,320000,capture,,-1.54668166,1976
5832,59,141,378000,capture,,-1.630784143,1976
5833,59,141,435000,capture,,-1.653647026,1976
5834,59,141,491000,capture,,-1.705533774,1976
5835,59,141,546000,capture,,-1.68613278,1976
5836,59,141,590000,capture,,-1.71219827,1976
5837,59,141,600000,capture,,-1.709965389,1976
5838,59,141,640000,capture,,-1.671620397,1976
5839,59,141,740000,capture,,-1.647817482,1976
5840,59,141,768000,capture,,-1.663540266,1976
5841,59,141,845000,capture,,-1.586700236,1976
5842,59,141,925000,capture,,-1.643974143,1976
5843,59,141,945000,capture,,-1.617982957,1976
5844,59,141,1100000,capture,,-1.580044252,1976
5845,59,141,1290000,capture,,-1.596879479,1976
5846,59,141,1490000,capture,,-1.634512015,1976
5847,59,141,1730000,capture,,-1.696803943,1976
5848,59,141,1990000,capture,,-1.76700389,1976
5849,59,141,2300000,capture,,-1.835647144,1976
5850,59,141,2590000,capture,,-1.928117993,1976
5851,59,141,2700000,capture,,-1.935542011,1976
5852,59,141,3080000,capture,,-2.050609993,1976
5853,59,141,3900000,capture,,-2.619788758,1976
5854,29,65,2500000,capture,,-2.37675071,1958
5855,29,65,3100000,capture,,-2.408935393,1958
5856,29,65,4000000,capture,,-2.455931956,1958
5857,31,69,2500000,capture,,-1.886056648,1958
5858,31,69,3100000,capture,,-1.910094889,1958
5859,31,69,4000000,capture,,-1.920818754,1958
5860,32,74,2500000,capture,,-2,1958
5861,32,74,3100000,capture,,-2.124938737,1958
5862,32,74,4000000,capture,,-2.22184875,1958
5863,37,87,2500000,capture,,-2.823908741,1958
5864,37,87,3100000,capture,,-2.853871964,1958
5865,37,87,4000000,capture,,-2.958607315,1958
5866,42,100,2500000,capture,,-2.200659451,1958
5867,42,100,3100000,capture,,-2.251811973,1958
5868,42,100,4000000,capture,,-2.346787486,1958
5869,45,103,2500000,capture,,-2.008773924,1958
5870,45,103,3100000,capture,,-2.050609993,1958
5871,45,103,4000000,capture,,-2.113509275,1958
5872,45,103,2500000,capture,,-1.262807357,1958
5873,45,103,3100000,capture,,-1.361510743,1958
5874,45,103,4000000,capture,,-1.460923901,1958
5875,46,110,2500000,capture,,-1.655607726,1958
5876,46,110,3100000,capture,,-1.698970004,1958
5877,46,110,4000000,capture,,-1.790484985,1958
5878,50,122,2500000,capture,,-2.124938737,1958
5879,50,122,3100000,capture,,-2.187086643,1958
5880,50,122,4000000,capture,,-2.244125144,1958
5881,52,128,2500000,capture,,-1.906578315,1958
5882,52,128,3100000,capture,,-1.995678626,1958
5883,52,128,4000000,capture,,-2.142667504,1958
5884,74,186,2500000,capture,,-1.522878745,1958
5885,74,186,3100000,capture,,-1.619788758,1958
5886,74,186,4000000,capture,,-1.721246399,1958
5887,56,138,2500000,capture,,-2.958607315,1958
5888,56,138,3100000,capture,,-3,1958
5889,56,138,4000000,capture,,-3.13076828,1958
5890,59,141,2500000,capture,,-2.065501549,1958
5891,59,141,3100000,capture,,-2.148741651,1958
5892,59,141,4000000,capture,,-2.200659451,1958
5893,81,205,2500000,capture,,-2.283996656,1958
5894,81,205,3100000,capture,,-2.294992041,1958
5895,81,205,4000000,capture,,-2.292429824,1958
5896,30,68,920000,capture,,-2.181774106,1973
5897,30,68,1130000,capture,,-2.372634143,1973
5898,30,68,1380000,capture,,-2.440093375,1973
5899,30,68,1610000,capture,,-2.469800302,1973
5900,30,68,1860000,capture,,-2.503070352,1973
5901,30,68,2110000,capture,,-2.468521083,1973
5902,30,68,2510000,capture,,-2.442492798,1973
5903,30,68,920000,capture,,-2.583359493,1973
5904,30,68,1130000,capture,,-2.612610174,1973
5905,30,68,1380000,capture,,-2.749579998,1973
5906,30,68,1610000,capture,,-2.675717545,1973
5907,30,68,1860000,capture,,-2.610833916,1973
5908,30,68,2110000,capture,,-2.643974143,1973
5909,30,68,2510000,capture,,-2.642065153,1973
5910,92,235,140000,capture,,-0.6198068543,1956
5911,92,235,250000,capture,,-0.7878390402,1956
5912,92,235,900000,capture,,-0.8633111343,1956
5913,79,197,590000,capture,,-0.9164973802,1976
5914,79,197,597000,capture,,-0.9013562742,1976
5915,92,238,590000,capture,,-0.8837244124,1976
5916,92,238,597000,capture,,-0.9079815292,1976
5917,92,238,792000,capture,,-0.876148359,1976
5918,92,238,1026000,capture,,-0.9251835594,1976
5919,53,127,220000,capture,,-0.5030703519,1958
5920,53,127,830000,capture,,-0.9956786262,1958
5921,90,232,220000,capture,,-0.6716203966,1958
5922,90,232,830000,capture,,-0.6946486306,1958
5923,92,235,240000,capture,,0.3117538611,1958
5924,92,235,880000,capture,,0.198657087,1958
5925,92,235,240000,capture,,-0.4736607226,1958
5926,92,235,880000,capture,,-0.8601209136,1958
5927,31,69,1020000,capture,,-1.718966633,1960
5928,31,69,1280000,capture,,-1.787812396,1960
5929,31,69,1320000,capture,,-1.804100348,1960
5930,31,69,1435000,capture,,-1.869666232,1960
5931,31,69,1500000,capture,,-1.872895202,1960
5932,31,69,1670000,capture,,-1.886056648,1960
5933,31,69,1840000,capture,,-1.928117993,1960
5934,31,69,2000000,capture,,-1.931814138,1960
5935,31,71,1270000,capture,,-1.879426069,1960
5936,31,71,1430000,capture,,-2.017728767,1960
5937,31,71,1670000,capture,,-2.167491087,1960
5938,41,93,650000,capture,,-1.346787486,1960
5939,41,93,740000,capture,,-1.431798276,1960
5940,41,93,860000,capture,,-1.48148606,1960
5941,41,93,980000,capture,,-1.455931956,1960
5942,41,93,1015000,capture,,-1.602059991,1960
5943,41,93,1180000,capture,,-1.698970004,1960
5944,41,93,1230000,capture,,-1.823908741,1960
5945,81,205,303000,capture,,-1.769551079,1960
5946,81,205,325000,capture,,-1.774690718,1960
5947,81,205,342000,capture,,-1.829738285,1960
5948,81,205,367000,capture,,-1.809668302,1960
5949,81,205,383000,capture,,-1.893809103,1960
5950,81,205,406000,capture,,-1.869666232,1960
5951,81,205,450000,capture,,-1.946921557,1960
5952,81,205,470000,capture,,-1.882728704,1960
5953,81,205,515000,capture,,-1.962573502,1960
5954,81,205,560000,capture,,-1.982966661,1960
5955,81,205,605000,capture,,-2.045757491,1960
5956,81,205,638000,capture,,-2.060480747,1960
5957,81,205,718000,capture,,-2.080921908,1960
5958,81,205,763000,capture,,-2.173925197,1960
5959,81,205,835000,capture,,-2.214670165,1960
5960,81,205,910000,capture,,-2.161150909,1960
5961,81,205,1000000,capture,,-2.193820026,1960
5962,81,205,1200000,capture,,-2.236572006,1960
5963,81,205,1520000,capture,,-2.346787486,1960
5964,81,205,1930000,capture,,-2.292429824,1960
5965,81,205,2100000,capture,,-2.26760624,1960
5966,81,205,2350000,capture,,-2.26760624,1960
5967,81,205,2650000,capture,,-2.30980392,1960
5968,74,186,410000,capture,,-1.173925197,1960
5969,74,186,500000,capture,,-1.301029996,1960
5970,74,186,780000,capture,,-1.283996656,1960
5971,74,186,1000000,capture,,-1.327902142,1960
5972,74,186,1370000,capture,,-1.397940009,1960
5973,79,197,102000,capture,,-0.507239611,1977
5974,79,197,106000,capture,,-0.5100415206,1977
5975,79,197,110000,capture,,-0.5157001607,1977
5976,79,197,114000,capture,,-0.5272435507,1977
5977,79,197,118000,capture,,-0.530177984,1977
5978,79,197,124000,capture,,-0.5421181033,1977
5979,79,197,132000,capture,,-0.5406075122,1977
5980,79,197,140000,capture,,-0.530177984,1977
5981,79,197,148000,capture,,-0.5436339669,1977
5982,79,197,156000,capture,,-0.54515514,1977
5983,79,197,164000,capture,,-0.5528419687,1977
5984,79,197,172000,capture,,-0.5767541261,1977
5985,79,197,180000,capture,,-0.5767541261,1977
5986,79,197,188000,capture,,-0.5867002359,1977
5987,79,197,196000,capture,,-0.5968794788,1977
5988,79,197,207500,capture,,-0.5985994592,1977
5989,79,197,222500,capture,,-0.6108339156,1977
5990,79,197,237500,capture,,-0.6143937264,1977
5991,79,197,252500,capture,,-0.6307841426,1977
5992,79,197,267500,capture,,-0.6345120151,1977
5993,79,197,282500,capture,,-0.6655462488,1977
5994,79,197,297500,capture,,-0.6861327796,1977
5995,79,197,312500,capture,,-0.7166987713,1977
5996,79,197,327500,capture,,-0.735182177,1977
5997,79,197,342500,capture,,-0.747146969,1977
5998,73,181,102000,capture,,-0.3840499483,1977
5999,73,181,106000,capture,,-0.3675427078,1977
6000,73,181,110000,capture,,-0.3625102705,1977
6001,73,181,114000,capture,,-0.3829996589,1977
6002,73,181,118000,capture,,-0.4023048141,1977
6003,73,181,124000,capture,,-0.408935393,1977
6004,73,181,132000,capture,,-0.4145392705,1977
6005,73,181,140000,capture,,-0.4190750243,1977
6006,73,181,148000,capture,,-0.46470588,1977
6007,73,181,156000,capture,,-0.474955193,1977
6008,73,181,164000,capture,,-0.4867823999,1977
6009,73,181,172000,capture,,-0.4948500217,1977
6010,73,181,180000,capture,,-0.5030703519,1977
6011,73,181,188000,capture,,-0.5157001607,1977
6012,73,181,196000,capture,,-0.5331323796,1977
6013,73,181,207500,capture,,-0.536107011,1977
6014,73,181,222500,capture,,-0.5482135645,1977
6015,73,181,237500,capture,,-0.5559552041,1977
6016,73,181,252500,capture,,-0.5543957967,1977
6017,73,181,267500,capture,,-0.5622494372,1977
6018,73,181,282500,capture,,-0.6108339156,1977
6019,73,181,297500,capture,,-0.6126101737,1977
6020,73,181,312500,capture,,-0.6143937264,1977
6021,73,181,327500,capture,,-0.6458915609,1977
6022,73,181,342500,capture,,-0.6675615401,1977
6023,62,147,156000,capture,,-0.2104192878,1977
6024,62,147,164000,capture,,-0.2254830343,1977
6025,62,147,172000,capture,,-0.2479515522,1977
6026,62,147,180000,capture,,-0.2564902353,1977
6027,62,147,188000,capture,,-0.2692177243,1977
6028,62,147,196000,capture,,-0.2668027349,1977
6029,62,147,207500,capture,,-0.2992962829,1977
6030,62,147,222500,capture,,-0.3045183235,1977
6031,62,147,237500,capture,,-0.321481621,1977
6032,62,147,252500,capture,,-0.3297541469,1977
6033,62,147,267500,capture,,-0.3429441471,1977
6034,62,147,282500,capture,,-0.348721986,1977
6035,62,147,297500,capture,,-0.3840499483,1977
6036,62,147,312500,capture,,-0.3957739469,1977
6037,62,147,327500,capture,,-0.412289035,1977
6038,62,147,342500,capture,,-0.4449055514,1977
6039,62,149,124000,capture,,0.02201573982,1977
6040,62,149,132000,capture,,0.00560944536,1977
6041,62,149,140000,capture,,0.008174184006,1977
6042,62,149,148000,capture,,-0.00568284733,1977
6043,62,149,156000,capture,,-0.01908806222,1977
6044,62,149,164000,capture,,-0.02594909721,1977
6045,62,149,172000,capture,,-0.03011835625,1977
6046,62,149,180000,capture,,-0.04335142079,1977
6047,62,149,188000,capture,,-0.04624030827,1977
6048,62,149,196000,capture,,-0.05158703422,1977
6049,62,149,207500,capture,,-0.05650548409,1977
6050,62,149,222500,capture,,-0.06651271215,1977
6051,62,149,237500,capture,,-0.07262963696,1977
6052,62,149,252500,capture,,-0.0752040042,1977
6053,62,149,267500,capture,,-0.09097914579,1977
6054,62,149,282500,capture,,-0.1067932469,1977
6055,62,149,297500,capture,,-0.1214782045,1977
6056,62,149,312500,capture,,-0.1511952989,1977
6057,62,149,327500,capture,,-0.1719849358,1977
6058,62,149,342500,capture,,-0.193820026,1977
6059,62,152,215000,capture,,-0.7055337738,1977
6060,62,152,245000,capture,,-0.7258421507,1977
6061,62,152,275000,capture,,-0.7495799977,1977
6062,62,152,305000,capture,,-0.7878123956,1977
6063,62,152,335000,capture,,-0.8096683018,1977
6064,62,154,275000,capture,,-1.167491087,1977
6065,62,154,305000,capture,,-1.22184875,1977
6066,62,154,335000,capture,,-1.251811973,1977
6067,63,151,156000,capture,,0.1486026548,1977
6068,63,151,164000,capture,,0.123198075,1977
6069,63,151,172000,capture,,0.1041455506,1977
6070,63,151,180000,capture,,0.0881360887,1977
6071,63,151,188000,capture,,0.06818586175,1977
6072,63,151,196000,capture,,0.06145247909,1977
6073,63,151,207500,capture,,0.05346260493,1977
6074,63,151,222500,capture,,0.04375512697,1977
6075,63,151,237500,capture,,0.04999285692,1977
6076,63,151,252500,capture,,0.04493154615,1977
6077,63,151,267500,capture,,0.03622954409,1977
6078,63,151,282500,capture,,0.02325245963,1977
6079,63,151,297500,capture,,0.01911629045,1977
6080,63,151,312500,capture,,0.008600171762,1977
6081,63,151,327500,capture,,-0.01010543628,1977
6082,63,151,342500,capture,,-0.03058408765,1977
6083,63,153,156000,capture,,0.1105897103,1977
6084,63,153,164000,capture,,0.06818586175,1977
6085,63,153,172000,capture,,0.0476641946,1977
6086,63,153,180000,capture,,0.04688519084,1977
6087,63,153,188000,capture,,0.0257153839,1977
6088,63,153,196000,capture,,0.01410032152,1977
6089,63,153,207500,capture,,-0.02136305162,1977
6090,63,153,222500,capture,,-0.04335142079,1977
6091,63,153,237500,capture,,-0.0486624812,1977
6092,63,153,252500,capture,,-0.08618614762,1977
6093,63,153,267500,capture,,-0.1040252676,1977
6094,63,153,282500,capture,,-0.1095789812,1977
6095,63,153,297500,capture,,-0.1313555616,1977
6096,63,153,312500,capture,,-0.1662156253,1977
6097,63,153,327500,capture,,-0.1726307269,1977
6098,63,153,342500,capture,,-0.1844222517,1977
6099,60,142,215000,capture,,-1.552841969,1977
6100,60,142,245000,capture,,-1.552841969,1977
6101,60,142,275000,capture,,-1.522878745,1977
6102,60,142,305000,capture,,-1.552841969,1977
6103,60,142,335000,capture,,-1.585026652,1977
6104,60,144,275000,capture,,-1.48148606,1977
6105,60,144,305000,capture,,-1.408935393,1977
6106,60,144,335000,capture,,-1.37675071,1977
6107,60,148,305000,capture,,-1.173925197,1977
6108,60,148,335000,capture,,-1.167491087,1977
6109,60,150,305000,capture,,-1.259637311,1977
6110,60,150,335000,capture,,-1.27572413,1977
6111,64,156,305000,capture,,-0.793174124,1977
6112,64,156,335000,capture,,-0.8239087409,1977
6113,64,158,275000,capture,,-1.036212173,1977
6114,64,158,305000,capture,,-1.055517328,1977
6115,64,158,335000,capture,,-1.070581074,1977
6116,64,160,275000,capture,,-1.508638306,1977
6117,64,160,305000,capture,,-1.552841969,1977
6118,64,160,335000,capture,,-1.602059991,1977
6119,68,166,215000,capture,,-0.7423214251,1977
6120,68,166,245000,capture,,-0.7495799977,1977
6121,68,166,275000,capture,,-0.785156152,1977
6122,68,166,305000,capture,,-0.8124792792,1977
6123,68,166,335000,capture,,-0.8356471442,1977
6124,49,115,302910,capture,,-0.5723840764,1977
6125,49,115,334440,capture,,-0.6164898241,1977
6126,53,127,220000,capture,,-0.6946486306,1961
6127,53,127,240000,capture,,-0.7281583935,1961
6128,53,127,258000,capture,,-0.735182177,1961
6129,53,127,278000,capture,,-0.7544873322,1961
6130,53,127,296000,capture,,-0.7423214251,1961
6131,53,127,318000,capture,,-0.785156152,1961
6132,53,127,338000,capture,,-0.8153085692,1961
6133,53,127,344000,capture,,-0.779891912,1961
6134,53,127,358000,capture,,-0.7904849855,1961
6135,53,127,378000,capture,,-0.8386319978,1961
6136,53,127,400000,capture,,-0.8416375079,1961
6137,53,127,420000,capture,,-0.8696662315,1961
6138,53,127,433000,capture,,-0.8416375079,1961
6139,53,127,457000,capture,,-0.8728952016,1961
6140,53,127,565000,capture,,-0.9172146297,1961
6141,53,127,654000,capture,,-0.9625735021,1961
6142,53,127,686000,capture,,-0.9871627753,1961
6143,53,127,746000,capture,,-1.040958608,1961
6144,53,127,886000,capture,,-1.091514981,1961
6145,53,127,922000,capture,,-1.107905397,1961
6146,53,127,1030000,capture,,-1.148741651,1961
6147,53,127,1200000,capture,,-1.167491087,1961
6148,53,127,1330000,capture,,-1.200659451,1961
6149,53,127,1490000,capture,,-1.244125144,1961
6150,53,127,1570000,capture,,-1.26760624,1961
6151,53,127,1660000,capture,,-1.259637311,1961
6152,53,127,1830000,capture,,-1.27572413,1961
6153,53,127,2060000,capture,,-1.30980392,1961
6154,53,127,2180000,capture,,-1.356547324,1961
6155,53,127,2370000,capture,,-1.387216143,1961
6156,53,127,2560000,capture,,-1.420216403,1961
6157,41,93,740000,capture,,-1.27572413,1962
6158,41,93,960000,capture,,-1.318758763,1962
6159,29,65,223000,capture,,-1.903089987,1961
6160,29,65,254000,capture,,-1.962573502,1961
6161,29,65,291000,capture,,-2.004364805,1961
6162,29,65,410000,capture,,-2.065501549,1961
6163,29,65,520000,capture,,-2.080921908,1961
6164,29,65,570000,capture,,-2.107905397,1961
6165,29,65,610000,capture,,-2.13076828,1961
6166,29,65,660000,capture,,-2.113509275,1961
6167,29,65,725000,capture,,-2.148741651,1961
6168,29,65,840000,capture,,-2.124938737,1961
6169,29,65,915000,capture,,-2.113509275,1961
6170,29,65,1015000,capture,,-2.124938737,1961
6171,29,65,1110000,capture,,-2.124938737,1961
6172,29,65,1210000,capture,,-2.193820026,1961
6173,29,65,1320000,capture,,-2.180456064,1961
6174,29,65,1420000,capture,,-2.180456064,1961
6175,29,65,1530000,capture,,-2.26760624,1961
6176,29,65,1700000,capture,,-2.27572413,1961
6177,29,65,1925000,capture,,-2.346787486,1961
6178,56,138,570000,capture,,-2.619788758,1961
6179,56,138,653000,capture,,-2.619788758,1961
6180,56,138,733000,capture,,-2.568636236,1961
6181,56,138,875000,capture,,-2.519993057,1961
6182,56,138,1020000,capture,,-2.463441557,1961
6183,56,138,1170000,capture,,-2.420216403,1961
6184,56,138,1350000,capture,,-2.337242168,1961
6185,56,138,1475000,capture,,-2.381951903,1961
6186,56,138,1650000,capture,,-2.37675071,1961
6187,56,138,1850000,capture,,-2.420216403,1961
6188,90,232,133000,capture,,-0.5622494372,1961
6189,90,232,185000,capture,,-0.6615435064,1961
6190,90,232,221000,capture,,-0.6695862267,1961
6191,90,232,296000,capture,,-0.7033348097,1961
6192,90,232,315000,capture,,-0.7746907183,1961
6193,90,232,330000,capture,,-0.793174124,1961
6194,90,232,340000,capture,,-0.779891912,1961
6195,90,232,405000,capture,,-0.7619538969,1961
6196,90,232,422000,capture,,-0.779891912,1961
6197,90,232,490000,capture,,-0.8239087409,1961
6198,90,232,515000,capture,,-0.785156152,1961
6199,90,232,580000,capture,,-0.7772835289,1961
6200,90,232,605000,capture,,-0.8068754016,1961
6201,90,232,680000,capture,,-0.7721132954,1961
6202,90,232,700000,capture,,-0.7772835289,1961
6203,90,232,770000,capture,,-0.7569619513,1961
6204,90,232,780000,capture,,-0.7619538969,1961
6205,90,232,865000,capture,,-0.7772835289,1961
6206,90,232,885000,capture,,-0.801342913,1961
6207,90,232,965000,capture,,-0.8297382846,1961
6208,66,160,205000,capture,,-0.4814860601,1981
6209,66,160,215000,capture,,-0.474955193,1981
6210,66,160,225000,capture,,-0.4921441283,1981
6211,66,160,235000,capture,,-0.4854522473,1981
6212,66,160,245000,capture,,-0.5421181033,1981
6213,66,160,255000,capture,,-0.5114492835,1981
6214,66,160,265000,capture,,-0.5421181033,1981
6215,66,160,275000,capture,,-0.5142785735,1981
6216,66,160,285000,capture,,-0.4907974777,1981
6217,66,160,295000,capture,,-0.5243288117,1981
6218,66,160,310000,capture,,-0.565431096,1981
6219,66,160,330000,capture,,-0.57024772,1981
6220,66,160,350000,capture,,-0.5543957967,1981
6221,66,160,370000,capture,,-0.5934598196,1981
6222,66,160,390000,capture,,-0.6234230429,1981
6223,66,160,410000,capture,,-0.536107011,1981
6224,66,160,430000,capture,,-0.8153085692,1981
6225,66,160,450000,capture,,-0.5606673062,1981
6226,66,161,105000,capture,,-0.1366771399,1981
6227,66,161,115000,capture,,-0.1694113313,1981
6228,66,161,125000,capture,,-0.19859629,1981
6229,66,161,135000,capture,,-0.226213555,1981
6230,66,161,145000,capture,,-0.282329497,1981
6231,66,161,155000,capture,,-0.2856702403,1981
6232,66,161,165000,capture,,-0.3089185079,1981
6233,66,161,175000,capture,,-0.3269790929,1981
6234,66,161,185000,capture,,-0.3565473235,1981
6235,66,161,195000,capture,,-0.3635121036,1981
6236,66,161,205000,capture,,-0.388276692,1981
6237,66,161,215000,capture,,-0.3936186349,1981
6238,66,161,225000,capture,,-0.4111682744,1981
6239,66,161,235000,capture,,-0.457174573,1981
6240,66,161,245000,capture,,-0.4546928835,1981
6241,66,161,255000,capture,,-0.4609239012,1981
6242,66,161,265000,capture,,-0.467245621,1981
6243,66,161,275000,capture,,-0.468521083,1981
6244,66,161,285000,capture,,-0.4814860601,1981
6245,66,161,295000,capture,,-0.5100415206,1981
6246,66,161,310000,capture,,-0.5228787453,1981
6247,66,161,330000,capture,,-0.5287082889,1981
6248,66,161,350000,capture,,-0.5559552041,1981
6249,66,161,370000,capture,,-0.5800442515,1981
6250,66,161,390000,capture,,-0.563837353,1981
6251,66,161,410000,capture,,-0.5800442515,1981
6252,66,161,430000,capture,,-0.6439741428,1981
6253,66,161,450000,capture,,-0.6478174819,1981
6254,66,162,205000,capture,,-0.9100948886,1981
6255,66,162,215000,capture,,-0.9355420108,1981
6256,66,162,225000,capture,,-0.9318141383,1981
6257,66,162,235000,capture,,-0.9355420108,1981
6258,66,162,245000,capture,,-0.9706162223,1981
6259,66,162,255000,capture,,-0.9430951487,1981
6260,66,162,265000,capture,,-0.9586073148,1981
6261,66,162,275000,capture,,-0.9393021596,1981
6262,66,162,285000,capture,,-0.9318141383,1981
6263,66,162,295000,capture,,-0.9746941347,1981
6264,66,162,310000,capture,,-0.9913998282,1981
6265,66,162,330000,capture,,-0.9788107009,1981
6266,66,162,350000,capture,,-1.031517051,1981
6267,66,162,370000,capture,,-1.026872146,1981
6268,66,162,390000,capture,,-1.017728767,1981
6269,66,162,410000,capture,,-0.9956786262,1981
6270,66,162,430000,capture,,-1.055517328,1981
6271,66,162,450000,capture,,-1.050609993,1981
6272,66,163,165000,capture,,-0.4559319556,1981
6273,66,163,175000,capture,,-0.4894549898,1981
6274,66,163,185000,capture,,-0.5003129174,1981
6275,66,163,195000,capture,,-0.5128616245,1981
6276,66,163,205000,capture,,-0.5214335044,1981
6277,66,163,215000,capture,,-0.505845406,1981
6278,66,163,225000,capture,,-0.5316526696,1981
6279,66,163,235000,capture,,-0.5482135645,1981
6280,66,163,245000,capture,,-0.563837353,1981
6281,66,163,255000,capture,,-0.5751183634,1981
6282,66,163,265000,capture,,-0.5985994592,1981
6283,66,163,275000,capture,,-0.6055483192,1981
6284,66,163,285000,capture,,-0.616184634,1981
6285,66,163,295000,capture,,-0.6695862267,1981
6286,66,163,310000,capture,,-0.6777807053,1981
6287,66,163,330000,capture,,-0.6989700043,1981
6288,66,163,350000,capture,,-0.7447274949,1981
6289,66,163,370000,capture,,-0.7878123956,1981
6290,66,163,390000,capture,,-0.793174124,1981
6291,66,163,410000,capture,,-0.8096683018,1981
6292,66,163,430000,capture,,-0.876148359,1981
6293,66,163,450000,capture,,-0.8601209136,1981
6294,66,164,205000,capture,,-1.318758763,1981
6295,66,164,215000,capture,,-1.318758763,1981
6296,66,164,225000,capture,,-1.366531544,1981
6297,66,164,235000,capture,,-1.346787486,1981
6298,66,164,245000,capture,,-1.327902142,1981
6299,66,164,255000,capture,,-1.337242168,1981
6300,66,164,265000,capture,,-1.337242168,1981
6301,66,164,275000,capture,,-1.318758763,1981
6302,66,164,285000,capture,,-1.30980392,1981
6303,66,164,295000,capture,,-1.366531544,1981
6304,66,164,310000,capture,,-1.356547324,1981
6305,66,164,330000,capture,,-1.387216143,1981
6306,66,164,350000,capture,,-1.397940009,1981
6307,66,164,370000,capture,,-1.420216403,1981
6308,66,164,390000,capture,,-1.397940009,1981
6309,66,164,410000,capture,,-1.408935393,1981
6310,66,164,430000,capture,,-1.431798276,1981
6311,66,164,450000,capture,,-1.431798276,1981
6312,29,65,210000,capture,,-1.869666232,1966
6313,92,236,166000,capture,,-0.651695137,1985
6314,92,236,168000,capture,,-0.6716203966,1985
6315,92,236,174000,capture,,-0.681936665,1985
6316,92,236,206000,capture,,-0.6882461389,1985
6317,92,236,240000,capture,,-0.7121982701,1985
6318,92,236,354000,capture,,-0.7594507517,1985
6319,92,236,459000,capture,,-0.8153085692,1985
6320,92,236,551000,capture,,-0.793174124,1985
6321,92,236,718000,capture,,-0.7520267336,1985
6322,92,236,890000,capture,,-0.7878123956,1985
6323,92,236,1046000,capture,,-0.8268137316,1985
6324,92,236,1146000,capture,,-0.8996294549,1985
6325,92,238,160000,capture,,-0.7958800173,1963
6326,92,238,170000,capture,,-0.8538719643,1963
6327,42,100,1300000,capture,,-1.903089987,1960
6328,42,100,1600000,capture,,-1.958607315,1960
6329,42,100,1800000,capture,,-2,1960
6330,42,100,1900000,capture,,-1.958607315,1960
6331,42,100,2100000,capture,,-1.978810701,1960
6332,92,236,960000,capture,,-0.8632794328,1986
6333,92,236,3300000,capture,,-1.795880017,1986
6334,79,197,14600000,capture,,-3.397940009,1984
6335,49,115,14600000,capture,,-2.966576245,1983
6336,49,115,14600000,capture,,-2.896196279,1983
6337,42,98,1200000,capture,,-1.758870941,1984
6338,42,98,1400000,capture,,-1.763036099,1984
6339,42,98,1600000,capture,,-1.802220195,1984
6340,42,98,1800000,capture,,-1.806603883,1984
6341,42,98,2000000,capture,,-1.894174538,1984
6342,48,116,400000,capture,,-1.853871964,1986
6343,48,116,500000,capture,,-1.795880017,1986
6344,48,116,600000,capture,,-1.853871964,1986
6345,48,116,700000,capture,,-1.886056648,1986
6346,48,116,800000,capture,,-2.045757491,1986
6347,48,116,900000,capture,,-2.124938737,1986
6348,48,116,1000000,capture,,-2.096910013,1986
6349,48,116,1200000,capture,,-2.045757491,1986
6350,48,116,1450000,capture,,-2.124938737,1986
6351,48,116,1650000,capture,,-2.124938737,1986
6352,48,116,1800000,capture,,-2.292429824,1986
6353,48,116,1900000,capture,,-2.259637311,1986
6354,48,116,2000000,capture,,-2.200659451,1986
6355,48,116,400000,capture,,-1.823908741,1986
6356,48,116,500000,capture,,-1.795880017,1986
6357,48,116,600000,capture,,-1.869666232,1986
6358,48,116,700000,capture,,-1.886056648,1986
6359,48,116,800000,capture,,-2.045757491,1986
6360,48,116,900000,capture,,-2.124938737,1986
6361,48,116,1000000,capture,,-2.096910013,1986
6362,48,116,1200000,capture,,-2.045757491,1986
6363,48,116,1450000,capture,,-2.091514981,1986
6364,48,116,1650000,capture,,-2.124938737,1986
6365,48,116,1800000,capture,,-2.292429824,1986
6366,48,116,1900000,capture,,-2.22184875,1986
6367,48,116,2000000,capture,,-2.200659451,1986
6368,48,116,400000,capture,,-1.8569852,1986
6369,48,116,600000,capture,,-1.835647144,1986
6370,48,116,1450000,capture,,-2.161150909,1986
6371,48,116,1900000,capture,,-2.292429824,1986
6372,48,116,400000,capture,,-1.849806776,1986
6373,48,116,500000,capture,,-1.801992795,1986
6374,49,115,2700000,capture,,-1.214670165,1986
6375,79,197,2700000,capture,,-1.48148606,1986
6376,92,236,300000,capture,,-0.9300829678,1988
6377,92,236,500000,capture,,-0.9204424854,1988
6378,92,236,600000,capture,,-1.002624144,1988
6379,92,236,800000,capture,,-0.9117858289,1988
6380,92,236,1000000,capture,,-0.9722329784,1988
6381,92,236,1200000,capture,,-1.019637757,1988
6382,92,236,1300000,capture,,-1.068466028,1988
6383,92,236,1500000,capture,,-1.219929548,1988
6384,92,236,1850000,capture,,-1.183875527,1988
6385,92,236,2000000,capture,,-1.252243035,1988
6386,92,236,2200000,capture,,-1.226913466,1988
6387,79,197,619000,capture,,-0.9546770212,1988
6388,79,197,627000,capture,,-0.9706162223,1988
6389,79,197,630000,capture,,-0.9746941347,1988
6390,79,197,636000,capture,,-0.9788107009,1988
6391,79,197,637000,capture,,-0.9871627753,1988
6392,79,197,637010,capture,,-0.9586073148,1988
6393,79,197,645000,capture,,-0.9788107009,1988
6394,79,197,764000,capture,,-1.040958608,1988
6395,79,197,779000,capture,,-1.060480747,1988
6396,79,197,779100,capture,,-1.045757491,1988
6397,79,197,780000,capture,,-1.026872146,1988
6398,79,197,164000,capture,,-0.5606673062,1988
6399,79,197,166000,capture,,-0.505845406,1988
6400,79,197,166100,capture,,-0.5606673062,1988
6401,79,197,336000,capture,,-0.714442691,1988
6402,79,197,340000,capture,,-0.7033348097,1988
6403,79,197,340100,capture,,-0.7328282716,1988
6404,79,197,342000,capture,,-0.7033348097,1988
6405,79,197,344000,capture,,-0.7447274949,1988
6406,79,197,344100,capture,,-0.7328282716,1988
6407,79,197,467000,capture,,-0.8477116556,1988
6408,79,197,471000,capture,,-0.8416375079,1988
6409,79,197,475000,capture,,-0.8538719643,1988
6410,79,197,544000,capture,,-0.920818754,1988
6411,79,197,544100,capture,,-0.9281179927,1988
6412,79,197,619000,capture,,-0.9706162223,1988
6413,79,197,627000,capture,,-1,1988
6414,79,197,630000,capture,,-0.9746941347,1988
6415,79,197,636000,capture,,-1,1988
6416,79,197,636100,capture,,-0.9956786262,1988
6417,79,197,637000,capture,,-1,1988
6418,79,197,637100,capture,,-0.9746941347,1988
6419,79,197,645000,capture,,-0.9913998282,1988
6420,79,197,693000,capture,,-0.9281179927,1988
6421,79,197,708000,capture,,-1.013228266,1988
6422,79,197,710000,capture,,-1.045757491,1988
6423,79,197,764000,capture,,-1.036212173,1988
6424,79,197,779000,capture,,-1.065501549,1988
6425,79,197,779100,capture,,-1.065501549,1988
6426,79,197,780000,capture,,-1.040958608,1988
6427,79,197,881000,capture,,-1.040958608,1988
6428,79,197,883000,capture,,-1.040958608,1988
6429,79,197,885000,capture,,-1.045757491,1988
6430,79,197,1037000,capture,,-1.091514981,1988
6431,79,197,1042000,capture,,-1.096910013,1988
6432,79,197,1133000,capture,,-1.080921908,1988
6433,79,197,1135000,capture,,-1.091514981,1988
6434,79,197,1142000,capture,,-1.096910013,1988
6435,79,197,1181000,capture,,-1.13076828,1988
6436,79,197,1192000,capture,,-1.142667504,1988
6437,79,197,1389000,capture,,-1.167491087,1988
6438,92,236,164000,capture,,-0.625251654,1988
6439,92,236,344000,capture,,-0.7447274949,1988
6440,92,236,544000,capture,,-0.8181564121,1988
6441,92,236,626000,capture,,-0.735182177,1988
6442,92,236,635000,capture,,-0.7495799977,1988
6443,92,236,637000,capture,,-0.7495799977,1988
6444,92,236,645000,capture,,-0.7544873322,1988
6445,92,236,710000,capture,,-0.7904849855,1988
6446,92,236,779000,capture,,-0.7235381958,1988
6447,92,236,782000,capture,,-0.7544873322,1988
6448,92,236,1037000,capture,,-0.8239087409,1988
6449,92,236,1133000,capture,,-0.8794260688,1988
6450,92,236,1134000,capture,,-0.876148359,1988
6451,92,236,154000,capture,,-0.6108339156,1988
6452,92,236,164000,capture,,-0.6401645177,1988
6453,92,236,198000,capture,,-0.6736641391,1988
6454,92,236,231000,capture,,-0.6989700043,1988
6455,92,236,344000,capture,,-0.7594507517,1988
6456,92,236,544000,capture,,-0.7986028757,1988
6457,92,236,626000,capture,,-0.7189666328,1988
6458,92,236,635000,capture,,-0.747146969,1988
6459,92,236,645000,capture,,-0.7619538969,1988
6460,92,236,710000,capture,,-0.7644715531,1988
6461,92,236,779000,capture,,-0.7011469236,1988
6462,92,236,882000,capture,,-0.793174124,1988
6463,92,236,884000,capture,,-0.785156152,1988
6464,92,236,1037000,capture,,-0.8356471442,1988
6465,92,236,1133000,capture,,-0.9136401693,1988
6466,92,236,1134000,capture,,-0.903089987,1988
6467,92,236,626000,capture,,-0.7121982701,1988
6468,92,236,635000,capture,,-0.7375489103,1988
6469,92,236,637000,capture,,-0.7423214251,1988
6470,92,236,645000,capture,,-0.7447274949,1988
6471,92,236,779000,capture,,-0.7258421507,1988
6472,92,238,339000,capture,,-0.9244530386,1988
6473,92,238,340000,capture,,-0.9244530386,1988
6474,92,238,340000,capture,,-0.9393021596,1988
6475,92,238,343000,capture,,-0.9546770212,1988
6476,92,238,580000,capture,,-0.9100948886,1988
6477,92,238,590000,capture,,-0.9507819773,1988
6478,92,238,596000,capture,,-0.9625735021,1988
6479,92,238,619000,capture,,-0.9172146297,1988
6480,92,238,693000,capture,,-0.903089987,1988
6481,92,238,780000,capture,,-0.9172146297,1988
6482,92,238,782000,capture,,-0.876148359,1988
6483,92,238,1015000,capture,,-0.903089987,1988
6484,92,238,1183000,capture,,-1.060480747,1988
6485,92,238,1198000,capture,,-1.065501549,1988
6486,92,238,1387000,capture,,-1.13667714,1988
6487,92,238,1391000,capture,,-1.15490196,1988
6488,92,238,1391000,capture,,-1.119186408,1988
6489,92,238,619000,capture,,-0.9231502058,1988
6490,92,238,780000,capture,,-0.9141150677,1988
6491,92,238,619000,capture,,-0.903089987,1988
6492,92,238,780000,capture,,-0.903089987,1988
6493,62,154,2000000,capture,,-1.655935372,1987
6494,34,82,2000000,capture,,-3.417053283,1987
6495,48,110,2000000,capture,,-2.039634942,1987
6496,38,84,2000000,capture,,-1.655935372,1987
6497,70,176,2000000,capture,,-1.832026631,1987
6498,48,116,2000000,capture,,-2.208777341,1987
6499,68,170,2000000,capture,,-1.894174538,1987
6500,63,151,2000000,capture,,-0.9112078772,1987
6501,30,68,2000000,capture,,-2.832026631,1987
6502,75,187,2000000,capture,,-1.105027903,1987
6503,77,193,2000000,capture,,-1.156859542,1987
6504,58,142,2000000,capture,,-1.237265879,1987
6505,57,139,2000000,capture,,-2.345360059,1987
6506,62,152,2000000,capture,,-0.9995177185,1987
6507,48,114,2000000,capture,,-1.729364289,1987
6508,51,121,2000000,capture,,-1.16301985,1987
6509,42,98,2000000,capture,,-1.894174538,1987
6510,75,185,2000000,capture,,-0.9995177185,1987
6511,92,236,2000000,capture,,-1.252243035,1987
6512,76,190,2000000,capture,,-1.571955243,1987
6513,72,180,2000000,capture,,-1.502967912,1987
6514,49,113,2000000,capture,,-0.7854014191,1987
6515,51,123,2000000,capture,,-1.267755201,1987
6516,77,191,2000000,capture,,-1.058727884,1987
6517,79,197,14600000,capture,,-3.301029996,1987
6518,32,74,1000000,capture,,-2.176352961,1987
6519,44,102,1000000,capture,,-1.297175131,1987
6520,44,104,1000000,capture,,-1.590087237,1987
6521,49,113,1000000,capture,,-0.6597231651,1987
6522,50,116,1000000,capture,,-2.408667144,1987
6523,50,122,1000000,capture,,-2.176352961,1987
6524,51,121,1000000,capture,,-1.112965982,1987
6525,51,123,1000000,capture,,-1.236121166,1987
6526,57,139,1000000,capture,,-2.243299751,1987
6527,58,140,1000000,capture,,-2.08695255,1987
6528,58,142,1000000,capture,,-2.215271027,1987
6529,60,146,1000000,capture,,-1.289057241,1987
6530,60,148,1000000,capture,,-1.502937061,1987
6531,60,150,1000000,capture,,-1.641239759,1987
6532,63,151,1000000,capture,,-0.6412397594,1987
6533,62,152,1000000,capture,,-0.9800583159,1987
6534,62,154,1000000,capture,,-1.349353143,1987
6535,64,158,1000000,capture,,-1.258023008,1987
6536,66,164,1000000,capture,,-0.8173310184,1987
6537,68,164,1000000,capture,,-1.08695255,1987
6538,68,170,1000000,capture,,-1.57429297,1987
6539,71,175,1000000,capture,,-0.3982017107,1987
6540,70,176,1000000,capture,,-1.67902832,1987
6541,72,179,1000000,capture,,-2.659723165,1987
6542,72,180,1000000,capture,,-1.398201711,1987
6543,75,185,1000000,capture,,-0.70969714,1987
6544,75,187,1000000,capture,,-0.8173310184,1987
6545,74,186,1000000,capture,,-1.408667144,1987
6546,76,190,1000000,capture,,-0.9800583159,1987
6547,76,192,1000000,capture,,-1.387982546,1987
6548,77,191,1000000,capture,,-0.5516289851,1987
6549,77,193,1000000,capture,,-1.021451001,1987
6550,92,236,1000000,capture,,-0.9683725576,1987
6551,30,68,1000000,capture,,-2.766178496,1987
6552,48,106,500000,capture,,-0.9871627753,1989
6553,52,120,500000,capture,,-0.9393021596,1989
6554,64,152,500000,capture,,0,1989
6555,66,156,500000,capture,,-0.2644011003,1989
6556,68,162,500000,capture,,-0.5968794788,1989
6557,70,168,500000,capture,,-0.3979400087,1989
6558,63,151,500000,capture,,-0.2076083105,1988
6559,63,151,600000,capture,,-0.251811973,1988
6560,63,151,700000,capture,,-0.3372421683,1988
6561,63,151,800000,capture,,-0.4436974992,1988
6562,63,151,900000,capture,,-0.5686362358,1988
6563,63,151,1000000,capture,,-0.6197887583,1988
6564,63,151,1200000,capture,,-0.721246399,1988
6565,63,151,1400000,capture,,-0.7569619513,1988
6566,63,151,1700000,capture,,-0.920818754,1988
6567,63,151,1800000,capture,,-0.7958800173,1988
6568,63,151,2000000,capture,,-0.903089987,1988
6569,63,151,2200000,capture,,-1.119186408,1988
6570,63,151,700000,capture,,-0.2992962829,1988
6571,63,151,800000,capture,,-0.3957739469,1988
6572,63,151,900000,capture,,-0.54668166,1988
6573,63,151,1000000,capture,,-0.5783960731,1988
6574,63,151,1200000,capture,,-0.7281583935,1988
6575,63,151,1400000,capture,,-0.7569619513,1988
6576,63,151,1700000,capture,,-0.9244530386,1988
6577,63,151,1800000,capture,,-0.7569619513,1988
6578,63,151,2000000,capture,,-0.9100948886,1988
6579,63,151,2200000,capture,,-1.119186408,1988
6580,63,151,500000,capture,,-0.2063384427,1988
6581,63,151,600000,capture,,-0.2756254159,1988
6582,63,151,700000,capture,,-0.400873859,1988
6583,63,151,800000,capture,,-0.5035458636,1988
6584,63,151,900000,capture,,-0.604648057,1988
6585,63,151,1000000,capture,,-0.6849912672,1988
6586,63,151,1200000,capture,,-0.7096529185,1988
6587,63,151,1400000,capture,,-0.7655248994,1988
6588,63,151,1700000,capture,,-0.9133116975,1988
6589,63,151,1800000,capture,,-0.8463710096,1988
6590,63,151,2000000,capture,,-0.9112078772,1988
6591,63,151,1000000,capture,,0.591064607,1989
6592,44,102,500000,capture,,-1.37675071,1989
6593,44,102,1000000,capture,,-1.30980392,1989
6594,44,102,1200000,capture,,-1.602059991,1989
6595,44,102,1400000,capture,,-1.602059991,1989
6596,44,102,1600000,capture,,-1.619788758,1989
6597,44,102,1800000,capture,,-1.455931956,1989
6598,44,104,500000,capture,,-1.443697499,1989
6599,44,104,1000000,capture,,-1.568636236,1989
6600,44,104,1200000,capture,,-1.744727495,1989
6601,44,104,1400000,capture,,-1.744727495,1989
6602,44,104,1600000,capture,,-1.769551079,1989
6603,44,104,1800000,capture,,-1.823908741,1989
6604,44,104,2000000,capture,,-1.795880017,1989
6605,58,140,500000,capture,,-2.301029996,1989
6606,58,140,1000000,capture,,-2.065501549,1989
6607,58,140,1400000,capture,,-2,1989
6608,58,140,1600000,capture,,-1.920818754,1989
6609,58,140,1800000,capture,,-1.795880017,1989
6610,58,140,2000000,capture,,-1.795880017,1989
6611,58,142,500000,capture,,-2.187086643,1989
6612,58,142,700000,capture,,-2.148741651,1989
6613,58,142,800000,capture,,-2.214670165,1989
6614,58,142,1000000,capture,,-2.193820026,1989
6615,58,142,1200000,capture,,-2.200659451,1989
6616,58,142,1400000,capture,,-2.180456064,1989
6617,58,142,1600000,capture,,-2.193820026,1989
6618,58,142,1800000,capture,,-2.214670165,1989
6619,58,142,2000000,capture,,-2.229147988,1989
6620,58,142,2200000,capture,,-2.207608311,1989
6621,90,232,813300,capture,,-0.8624618003,1992
6622,90,232,1030000,capture,,-0.9502694951,1992
6623,90,232,1533000,capture,,-1.029447321,1992
6624,90,232,2036000,capture,,-1.232478276,1992
6625,90,232,2435000,capture,,-1.432920139,1992
6626,90,232,813300,capture,,-0.8429943867,1992
6627,90,232,1030000,capture,,-0.943828319,1992
6628,90,232,1533000,capture,,-1.01369227,1992
6629,90,232,2036000,capture,,-1.247804594,1992
6630,90,232,2435000,capture,,-1.456981898,1992
6631,79,197,813300,capture,,-1.035115367,1992
6632,79,197,1030000,capture,,-1.093185325,1992
6633,79,197,1533000,capture,,-1.146221107,1992
6634,79,197,2036000,capture,,-1.311391754,1992
6635,79,197,2435000,capture,,-1.444607999,1992
6636,52,126,2600000,capture,,-2,1993
6637,73,181,105000,capture,,-0.468521083,1991
6638,73,181,115000,capture,,-0.4894549898,1991
6639,73,181,125000,capture,,-0.4934949676,1991
6640,73,181,135000,capture,,-0.5044556625,1991
6641,73,181,145000,capture,,-0.5421181033,1991
6642,73,181,155000,capture,,-0.5528419687,1991
6643,73,181,165000,capture,,-0.57024772,1991
6644,73,181,175000,capture,,-0.5751183634,1991
6645,73,181,185000,capture,,-0.5951662834,1991
6646,73,181,195000,capture,,-0.6020599913,1991
6647,73,181,205000,capture,,-0.6345120151,1991
6648,73,181,215000,capture,,-0.6126101737,1991
6649,73,181,225000,capture,,-0.6401645177,1991
6650,73,181,235000,capture,,-0.6458915609,1991
6651,73,181,245000,capture,,-0.651695137,1991
6652,73,181,255000,capture,,-0.6655462488,1991
6653,73,181,265000,capture,,-0.638272164,1991
6654,73,181,275000,capture,,-0.6536470255,1991
6655,73,181,285000,capture,,-0.6595558852,1991
6656,73,181,295000,capture,,-0.6946486306,1991
6657,73,181,310000,capture,,-0.7099653886,1991
6658,73,181,330000,capture,,-0.7304870558,1991
6659,73,181,350000,capture,,-0.7520267336,1991
6660,73,181,370000,capture,,-0.779891912,1991
6661,73,181,390000,capture,,-0.801342913,1991
6662,73,181,410000,capture,,-0.8068754016,1991
6663,73,181,430000,capture,,-0.8096683018,1991
6664,73,181,450000,capture,,-0.8239087409,1991
6665,64,158,255000,capture,,-1.113509275,1991
6666,64,158,265000,capture,,-1.124938737,1991
6667,64,158,275000,capture,,-1.142667504,1991
6668,64,158,285000,capture,,-1.13667714,1991
6669,64,158,295000,capture,,-1.13667714,1991
6670,64,158,310000,capture,,-1.13667714,1991
6671,64,158,330000,capture,,-1.15490196,1991
6672,64,158,350000,capture,,-1.142667504,1991
6673,64,158,370000,capture,,-1.124938737,1991
6674,64,158,390000,capture,,-1.119186408,1991
6675,64,160,255000,capture,,-1.397940009,1991
6676,64,160,265000,capture,,-1.468521083,1991
6677,64,160,275000,capture,,-1.431798276,1991
6678,64,160,285000,capture,,-1.431798276,1991
6679,64,160,295000,capture,,-1.443697499,1991
6680,64,160,310000,capture,,-1.408935393,1991
6681,64,160,330000,capture,,-1.431798276,1991
6682,64,160,350000,capture,,-1.468521083,1991
6683,64,160,370000,capture,,-1.443697499,1991
6684,64,160,390000,capture,,-1.431798276,1991
6685,65,159,135000,capture,,-0.2175273758,1991
6686,65,159,145000,capture,,-0.2365720064,1991
6687,65,159,155000,capture,,-0.248720896,1991
6688,65,159,165000,capture,,-0.2684112348,1991
6689,65,159,175000,capture,,-0.2692177243,1991
6690,65,159,185000,capture,,-0.2692177243,1991
6691,65,159,195000,capture,,-0.3045183235,1991
6692,65,159,205000,capture,,-0.2975694636,1991
6693,65,159,215000,capture,,-0.3062730511,1991
6694,65,159,225000,capture,,-0.334419009,1991
6695,65,159,235000,capture,,-0.3526170299,1991
6696,65,159,245000,capture,,-0.3353580244,1991
6697,65,159,255000,capture,,-0.3575354798,1991
6698,65,159,265000,capture,,-0.3506651413,1991
6699,65,159,275000,capture,,-0.368556231,1991
6700,65,159,285000,capture,,-0.3829996589,1991
6701,65,159,295000,capture,,-0.3946949539,1991
6702,65,159,310000,capture,,-0.385102784,1991
6703,65,159,330000,capture,,-0.4111682744,1991
6704,65,159,350000,capture,,-0.4341521813,1991
6705,65,159,370000,capture,,-0.4736607226,1991
6706,65,159,390000,capture,,-0.5272435507,1991
6707,67,165,27000,capture,,0.0788191831,1991
6708,67,165,30000,capture,,0.05230909965,1991
6709,67,165,34000,capture,,0.02653326452,1991
6710,67,165,38000,capture,,0,1991
6711,67,165,42000,capture,,-0.02965312377,1991
6712,67,165,46000,capture,,-0.04048162303,1991
6713,67,165,50000,capture,,-0.07058107429,1991
6714,67,165,54000,capture,,-0.08937559511,1991
6715,67,165,58000,capture,,-0.09528445472,1991
6716,67,165,62000,capture,,-0.1084625423,1991
6717,67,165,66000,capture,,-0.1152046361,1991
6718,67,165,70000,capture,,-0.1255181823,1991
6719,67,165,74000,capture,,-0.130181792,1991
6720,67,165,78000,capture,,-0.1456939582,1991
6721,67,165,82000,capture,,-0.1605219526,1991
6722,67,165,86000,capture,,-0.1668528881,1991
6723,67,165,90000,capture,,-0.1890957193,1991
6724,67,165,94000,capture,,-0.19859629,1991
6725,67,165,98000,capture,,-0.214670165,1991
6726,67,165,105000,capture,,-0.2269453066,1991
6727,67,165,115000,capture,,-0.2708352103,1991
6728,67,165,125000,capture,,-0.2856702403,1991
6729,67,165,135000,capture,,-0.3062730511,1991
6730,67,165,145000,capture,,-0.3372421683,1991
6731,67,165,155000,capture,,-0.3400837999,1991
6732,67,165,165000,capture,,-0.343901798,1991
6733,67,165,175000,capture,,-0.3675427078,1991
6734,67,165,185000,capture,,-0.3840499483,1991
6735,67,165,195000,capture,,-0.4001169279,1991
6736,67,165,205000,capture,,-0.3904055908,1991
6737,67,165,215000,capture,,-0.412289035,1991
6738,67,165,225000,capture,,-0.416801226,1991
6739,67,165,235000,capture,,-0.4078232426,1991
6740,67,165,245000,capture,,-0.4436974992,1991
6741,67,165,255000,capture,,-0.4659738939,1991
6742,67,165,265000,capture,,-0.4775557665,1991
6743,67,165,275000,capture,,-0.4894549898,1991
6744,67,165,285000,capture,,-0.4962093169,1991
6745,67,165,295000,capture,,-0.505845406,1991
6746,67,165,310000,capture,,-0.519993057,1991
6747,67,165,330000,capture,,-0.5406075122,1991
6748,67,165,350000,capture,,-0.536107011,1991
6749,67,165,370000,capture,,-0.5543957967,1991
6750,67,165,390000,capture,,-0.5800442515,1991
6751,71,175,11000,capture,,0.2284003587,1991
6752,71,175,13000,capture,,0.1917303934,1991
6753,71,175,15000,capture,,0.1510632534,1991
6754,71,175,17000,capture,,0.1261314073,1991
6755,71,175,19000,capture,,0.09691001301,1991
6756,71,175,21000,capture,,0.0762762554,1991
6757,71,175,23000,capture,,0.05422990986,1991
6758,71,175,25000,capture,,0.01535975541,1991
6759,71,175,27000,capture,,0.005180512504,1991
6760,71,175,30000,capture,,-0.01954210772,1991
6761,71,175,34000,capture,,-0.04479346246,1991
6762,71,175,38000,capture,,-0.07935499859,1991
6763,71,175,42000,capture,,-0.1056839373,1991
6764,71,175,46000,capture,,-0.1112590393,1991
6765,71,175,50000,capture,,-0.1348960254,1991
6766,71,175,54000,capture,,-0.1706962272,1991
6767,71,175,58000,capture,,-0.1624115618,1991
6768,71,175,62000,capture,,-0.1745738822,1991
6769,71,175,66000,capture,,-0.1884249941,1991
6770,71,175,70000,capture,,-0.1992829217,1991
6771,71,175,74000,capture,,-0.2090115249,1991
6772,71,175,78000,capture,,-0.2196826879,1991
6773,71,175,82000,capture,,-0.2269453066,1991
6774,71,175,86000,capture,,-0.2373214363,1991
6775,71,175,90000,capture,,-0.248720896,1991
6776,71,175,94000,capture,,-0.2596373105,1991
6777,71,175,98000,capture,,-0.2588484011,1991
6778,71,175,105000,capture,,-0.2580609223,1991
6779,71,175,115000,capture,,-0.289036881,1991
6780,71,175,125000,capture,,-0.30980392,1991
6781,71,175,135000,capture,,-0.3306831194,1991
6782,71,175,145000,capture,,-0.347753659,1991
6783,71,175,155000,capture,,-0.3655227298,1991
6784,71,175,165000,capture,,-0.379863945,1991
6785,71,175,175000,capture,,-0.3946949539,1991
6786,71,175,185000,capture,,-0.3914739664,1991
6787,71,175,195000,capture,,-0.3904055908,1991
6788,71,175,205000,capture,,-0.4056074496,1991
6789,71,175,215000,capture,,-0.4190750243,1991
6790,71,175,225000,capture,,-0.4190750243,1991
6791,71,175,235000,capture,,-0.4317982759,1991
6792,71,175,245000,capture,,-0.4259687323,1991
6793,71,175,255000,capture,,-0.4461169734,1991
6794,71,175,265000,capture,,-0.4710832997,1991
6795,71,175,275000,capture,,-0.4921441283,1991
6796,71,175,285000,capture,,-0.4907974777,1991
6797,71,175,295000,capture,,-0.4788619163,1991
6798,71,175,310000,capture,,-0.5016894462,1991
6799,71,175,330000,capture,,-0.5100415206,1991
6800,71,175,350000,capture,,-0.5482135645,1991
6801,71,175,370000,capture,,-0.5767541261,1991
6802,71,175,390000,capture,,-0.6055483192,1991
6803,76,187,105000,capture,,-0.4248121551,1991
6804,76,187,115000,capture,,-0.4522252946,1991
6805,76,187,125000,capture,,-0.4854522473,1991
6806,76,187,135000,capture,,-0.5003129174,1991
6807,76,187,145000,capture,,-0.4962093169,1991
6808,76,187,155000,capture,,-0.5316526696,1991
6809,76,187,165000,capture,,-0.5346171486,1991
6810,76,187,175000,capture,,-0.5528419687,1991
6811,76,187,185000,capture,,-0.5622494372,1991
6812,76,187,195000,capture,,-0.585026652,1991
6813,76,187,205000,capture,,-0.585026652,1991
6814,76,187,215000,capture,,-0.588380294,1991
6815,76,187,225000,capture,,-0.5934598196,1991
6816,76,187,235000,capture,,-0.616184634,1991
6817,76,187,245000,capture,,-0.6478174819,1991
6818,76,187,255000,capture,,-0.6575773192,1991
6819,76,187,265000,capture,,-0.6777807053,1991
6820,76,187,275000,capture,,-0.6675615401,1991
6821,76,187,285000,capture,,-0.6882461389,1991
6822,76,187,295000,capture,,-0.6675615401,1991
6823,76,187,310000,capture,,-0.6925039621,1991
6824,76,187,330000,capture,,-0.7011469236,1991
6825,76,187,350000,capture,,-0.7304870558,1991
6826,76,187,370000,capture,,-0.7495799977,1991
6827,76,187,390000,capture,,-0.7772835289,1991
6828,70,170,255000,capture,,-0.5528419687,1991
6829,70,170,265000,capture,,-0.5590909179,1991
6830,70,170,275000,capture,,-0.5670307091,1991
6831,70,170,285000,capture,,-0.571865206,1991
6832,70,170,295000,capture,,-0.6055483192,1991
6833,70,170,310000,capture,,-0.5670307091,1991
6834,70,170,330000,capture,,-0.5421181033,1991
6835,70,170,350000,capture,,-0.5900668767,1991
6836,70,170,370000,capture,,-0.5783960731,1991
6837,70,170,390000,capture,,-0.5767541261,1991
6838,70,170,410000,capture,,-0.5934598196,1991
6839,70,170,430000,capture,,-0.6108339156,1991
6840,70,170,450000,capture,,-0.6197887583,1991
6841,70,171,105000,capture,,-0.2069083998,1991
6842,70,171,115000,capture,,-0.2456516643,1991
6843,70,171,125000,capture,,-0.2740883677,1991
6844,70,171,135000,capture,,-0.3133637307,1991
6845,70,171,145000,capture,,-0.3325470471,1991
6846,70,171,155000,capture,,-0.3585258895,1991
6847,70,171,165000,capture,,-0.3829996589,1991
6848,70,171,175000,capture,,-0.3946949539,1991
6849,70,171,185000,capture,,-0.4225082002,1991
6850,70,171,195000,capture,,-0.4497716469,1991
6851,70,171,205000,capture,,-0.4412914295,1991
6852,70,171,215000,capture,,-0.448550002,1991
6853,70,171,225000,capture,,-0.4828041021,1991
6854,70,171,235000,capture,,-0.5086383062,1991
6855,70,171,245000,capture,,-0.4907974777,1991
6856,70,171,255000,capture,,-0.5114492835,1991
6857,70,171,265000,capture,,-0.5243288117,1991
6858,70,171,275000,capture,,-0.5243288117,1991
6859,70,171,285000,capture,,-0.5185573715,1991
6860,70,171,295000,capture,,-0.54668166,1991
6861,70,171,310000,capture,,-0.5734887386,1991
6862,70,171,330000,capture,,-0.5951662834,1991
6863,70,171,350000,capture,,-0.6126101737,1991
6864,70,171,370000,capture,,-0.6197887583,1991
6865,70,171,390000,capture,,-0.6497519817,1991
6866,70,171,410000,capture,,-0.6345120151,1991
6867,70,171,430000,capture,,-0.6716203966,1991
6868,70,171,450000,capture,,-0.625251654,1991
6869,70,172,255000,capture,,-0.9788107009,1991
6870,70,172,265000,capture,,-0.9871627753,1991
6871,70,172,275000,capture,,-0.9871627753,1991
6872,70,172,285000,capture,,-0.9871627753,1991
6873,70,172,295000,capture,,-1.004364805,1991
6874,70,172,310000,capture,,-1.017728767,1991
6875,70,172,330000,capture,,-1.031517051,1991
6876,70,172,350000,capture,,-1.031517051,1991
6877,70,172,370000,capture,,-1.026872146,1991
6878,70,172,390000,capture,,-1.036212173,1991
6879,70,172,410000,capture,,-1.031517051,1991
6880,70,172,430000,capture,,-1.065501549,1991
6881,70,172,450000,capture,,-1.055517328,1991
6882,70,173,185000,capture,,-0.5767541261,1991
6883,70,173,195000,capture,,-0.5833594927,1991
6884,70,173,205000,capture,,-0.5968794788,1991
6885,70,173,215000,capture,,-0.5951662834,1991
6886,70,173,225000,capture,,-0.5833594927,1991
6887,70,173,235000,capture,,-0.6363880201,1991
6888,70,173,245000,capture,,-0.6234230429,1991
6889,70,173,255000,capture,,-0.6234230429,1991
6890,70,173,265000,capture,,-0.651695137,1991
6891,70,173,275000,capture,,-0.6595558852,1991
6892,70,173,285000,capture,,-0.6736641391,1991
6893,70,173,295000,capture,,-0.6595558852,1991
6894,70,173,310000,capture,,-0.714442691,1991
6895,70,173,330000,capture,,-0.7304870558,1991
6896,70,173,350000,capture,,-0.7281583935,1991
6897,70,173,370000,capture,,-0.7772835289,1991
6898,70,173,390000,capture,,-0.785156152,1991
6899,70,173,410000,capture,,-0.8268137316,1991
6900,70,173,430000,capture,,-0.8477116556,1991
6901,70,173,450000,capture,,-0.8446639625,1991
6902,70,174,255000,capture,,-1.431798276,1991
6903,70,174,265000,capture,,-1.431798276,1991
6904,70,174,275000,capture,,-1.443697499,1991
6905,70,174,285000,capture,,-1.443697499,1991
6906,70,174,295000,capture,,-1.468521083,1991
6907,70,174,310000,capture,,-1.420216403,1991
6908,70,174,330000,capture,,-1.48148606,1991
6909,70,174,350000,capture,,-1.537602002,1991
6910,70,174,370000,capture,,-1.455931956,1991
6911,70,174,390000,capture,,-1.48148606,1991
6912,70,174,410000,capture,,-1.522878745,1991
6913,70,174,430000,capture,,-1.537602002,1991
6914,70,174,450000,capture,,-1.431798276,1991
6915,70,176,255000,capture,,-1.602059991,1991
6916,70,176,265000,capture,,-1.552841969,1991
6917,70,176,275000,capture,,-1.568636236,1991
6918,70,176,285000,capture,,-1.585026652,1991
6919,70,176,295000,capture,,-1.568636236,1991
6920,70,176,310000,capture,,-1.602059991,1991
6921,70,176,330000,capture,,-1.619788758,1991
6922,70,176,350000,capture,,-1.638272164,1991
6923,70,176,370000,capture,,-1.585026652,1991
6924,70,176,390000,capture,,-1.585026652,1991
6925,70,176,410000,capture,,-1.657577319,1991
6926,70,176,430000,capture,,-1.619788758,1991
6927,70,176,450000,capture,,-1.585026652,1991
6928,72,176,155000,capture,,-0.7447274949,1991
6929,72,176,165000,capture,,-0.714442691,1991
6930,72,176,175000,capture,,-0.739928612,1991
6931,72,176,185000,capture,,-0.7375489103,1991
6932,72,176,195000,capture,,-0.779891912,1991
6933,72,176,205000,capture,,-0.7281583935,1991
6934,72,176,215000,capture,,-0.7594507517,1991
6935,72,176,225000,capture,,-0.785156152,1991
6936,72,176,235000,capture,,-0.7594507517,1991
6937,72,176,245000,capture,,-0.779891912,1991
6938,72,176,255000,capture,,-0.7772835289,1991
6939,72,176,265000,capture,,-0.7772835289,1991
6940,72,176,275000,capture,,-0.8153085692,1991
6941,72,176,285000,capture,,-0.7695510786,1991
6942,72,176,295000,capture,,-0.7695510786,1991
6943,72,176,310000,capture,,-0.7594507517,1991
6944,72,176,330000,capture,,-0.7695510786,1991
6945,72,176,350000,capture,,-0.7594507517,1991
6946,72,176,370000,capture,,-0.7878123956,1991
6947,72,176,390000,capture,,-0.7746907183,1991
6948,72,176,410000,capture,,-0.7958800173,1991
6949,72,176,430000,capture,,-0.8326826653,1991
6950,72,176,450000,capture,,-0.9281179927,1991
6951,72,177,54000,capture,,0.04844180355,1991
6952,72,177,58000,capture,,0.03702787976,1991
6953,72,177,62000,capture,,0.008174184006,1991
6954,72,177,66000,capture,,-0.01367622295,1991
6955,72,177,70000,capture,,-0.02641037657,1991
6956,72,177,74000,capture,,-0.04191415148,1991
6957,72,177,78000,capture,,-0.03432802878,1991
6958,72,177,82000,capture,,-0.05207638017,1991
6959,72,177,86000,capture,,-0.05551732785,1991
6960,72,177,90000,capture,,-0.06956040523,1991
6961,72,177,94000,capture,,-0.06449273418,1991
6962,72,177,98000,capture,,-0.07058107429,1991
6963,72,177,105000,capture,,-0.09636748392,1991
6964,72,177,115000,capture,,-0.1295960947,1991
6965,72,177,125000,capture,,-0.1694113313,1991
6966,72,177,135000,capture,,-0.1965428844,1991
6967,72,177,145000,capture,,-0.2168113089,1991
6968,72,177,155000,capture,,-0.2225731776,1991
6969,72,177,165000,capture,,-0.2510371387,1991
6970,72,177,175000,capture,,-0.2612194415,1991
6971,72,177,185000,capture,,-0.273272791,1991
6972,72,177,195000,capture,,-0.2708352103,1991
6973,72,177,205000,capture,,-0.2781893848,1991
6974,72,177,215000,capture,,-0.2831622767,1991
6975,72,177,225000,capture,,-0.2873502984,1991
6976,72,177,235000,capture,,-0.311580178,1991
6977,72,177,245000,capture,,-0.3045183235,1991
6978,72,177,255000,capture,,-0.3062730511,1991
6979,72,177,265000,capture,,-0.3124710388,1991
6980,72,177,275000,capture,,-0.3242216583,1991
6981,72,177,285000,capture,,-0.3362990746,1991
6982,72,177,295000,capture,,-0.3526170299,1991
6983,72,177,310000,capture,,-0.369572125,1991
6984,72,177,330000,capture,,-0.374687549,1991
6985,72,177,350000,capture,,-0.4023048141,1991
6986,72,177,370000,capture,,-0.408935393,1991
6987,72,177,390000,capture,,-0.42136079,1991
6988,72,177,410000,capture,,-0.4156687756,1991
6989,72,177,430000,capture,,-0.4497716469,1991
6990,72,177,450000,capture,,-0.4801720062,1991
6991,72,178,225000,capture,,-0.9829666607,1991
6992,72,178,235000,capture,,-0.9956786262,1991
6993,72,178,245000,capture,,-0.9956786262,1991
6994,72,178,255000,capture,,-0.9625735021,1991
6995,72,178,265000,capture,,-1.008773924,1991
6996,72,178,275000,capture,,-0.9829666607,1991
6997,72,178,285000,capture,,-0.9829666607,1991
6998,72,178,295000,capture,,-0.9788107009,1991
6999,72,178,310000,capture,,-0.9788107009,1991
7000,72,178,330000,capture,,-0.9913998282,1991
7001,72,178,350000,capture,,-0.9871627753,1991
7002,72,178,370000,capture,,-1.026872146,1991
7003,72,178,390000,capture,,-1.031517051,1991
7004,72,178,410000,capture,,-1.045757491,1991
7005,72,178,430000,capture,,-1.026872146,1991
7006,72,178,450000,capture,,-1.004364805,1991
7007,72,179,54000,capture,,-0.2276782933,1991
7008,72,179,58000,capture,,-0.2276782933,1991
7009,72,179,62000,capture,,-0.2464169411,1991
7010,72,179,66000,capture,,-0.2588484011,1991
7011,72,179,70000,capture,,-0.2700257143,1991
7012,72,179,74000,capture,,-0.289036881,1991
7013,72,179,78000,capture,,-0.3080348972,1991
7014,72,179,82000,capture,,-0.3062730511,1991
7015,72,179,86000,capture,,-0.3018994544,1991
7016,72,179,90000,capture,,-0.3187587626,1991
7017,72,179,94000,capture,,-0.3353580244,1991
7018,72,179,98000,capture,,-0.3372421683,1991
7019,72,179,105000,capture,,-0.361510743,1991
7020,72,179,115000,capture,,-0.3726341434,1991
7021,72,179,125000,capture,,-0.388276692,1991
7022,72,179,135000,capture,,-0.4100503987,1991
7023,72,179,145000,capture,,-0.4424927981,1991
7024,72,179,155000,capture,,-0.440093375,1991
7025,72,179,165000,capture,,-0.4659738939,1991
7026,72,179,175000,capture,,-0.468521083,1991
7027,72,179,185000,capture,,-0.467245621,1991
7028,72,179,195000,capture,,-0.4775557665,1991
7029,72,179,205000,capture,,-0.4788619163,1991
7030,72,179,215000,capture,,-0.4854522473,1991
7031,72,179,225000,capture,,-0.5228787453,1991
7032,72,179,235000,capture,,-0.565431096,1991
7033,72,179,245000,capture,,-0.5214335044,1991
7034,72,179,255000,capture,,-0.5436339669,1991
7035,72,179,265000,capture,,-0.565431096,1991
7036,72,179,275000,capture,,-0.5900668767,1991
7037,72,179,285000,capture,,-0.57024772,1991
7038,72,179,295000,capture,,-0.625251654,1991
7039,72,179,310000,capture,,-0.625251654,1991
7040,72,179,330000,capture,,-0.6439741428,1991
7041,72,179,350000,capture,,-0.6903698326,1991
7042,72,179,370000,capture,,-0.714442691,1991
7043,72,179,390000,capture,,-0.7121982701,1991
7044,72,179,410000,capture,,-0.721246399,1991
7045,72,179,430000,capture,,-0.7258421507,1991
7046,72,179,450000,capture,,-0.6946486306,1991
7047,66,160,205000,capture,,-0.5543957967,1991
7048,66,160,215000,capture,,-0.5606673062,1991
7049,66,160,225000,capture,,-0.5622494372,1991
7050,66,160,235000,capture,,-0.5482135645,1991
7051,66,160,245000,capture,,-0.6126101737,1991
7052,66,160,255000,capture,,-0.5783960731,1991
7053,66,160,265000,capture,,-0.6126101737,1991
7054,66,160,275000,capture,,-0.5968794788,1991
7055,66,160,285000,capture,,-0.6197887583,1991
7056,66,160,295000,capture,,-0.6108339156,1991
7057,66,160,310000,capture,,-0.6289321377,1991
7058,66,160,330000,capture,,-0.632644079,1991
7059,66,160,350000,capture,,-0.6090648929,1991
7060,66,160,370000,capture,,-0.651695137,1991
7061,66,160,390000,capture,,-0.6882461389,1991
7062,66,160,410000,capture,,-0.6675615401,1991
7063,66,160,430000,capture,,-0.6882461389,1991
7064,66,160,450000,capture,,-0.6989700043,1991
7065,66,161,105000,capture,,-0.1018235165,1991
7066,66,161,115000,capture,,-0.1343039401,1991
7067,66,161,125000,capture,,-0.1636758843,1991
7068,66,161,135000,capture,,-0.1917890271,1991
7069,66,161,145000,capture,,-0.2471835688,1991
7070,66,161,155000,capture,,-0.2510371387,1991
7071,66,161,165000,capture,,-0.273272791,1991
7072,66,161,175000,capture,,-0.2915790999,1991
7073,66,161,185000,capture,,-0.321481621,1991
7074,66,161,195000,capture,,-0.3279021421,1991
7075,66,161,205000,capture,,-0.3526170299,1991
7076,66,161,215000,capture,,-0.3575354798,1991
7077,66,161,225000,capture,,-0.3757179042,1991
7078,66,161,235000,capture,,-0.42136079,1991
7079,66,161,245000,capture,,-0.4190750243,1991
7080,66,161,255000,capture,,-0.4248121551,1991
7081,66,161,265000,capture,,-0.4306260904,1991
7082,66,161,275000,capture,,-0.4317982759,1991
7083,66,161,285000,capture,,-0.4449055514,1991
7084,66,161,295000,capture,,-0.474955193,1991
7085,66,161,310000,capture,,-0.4854522473,1991
7086,66,161,330000,capture,,-0.4934949676,1991
7087,66,161,350000,capture,,-0.5185573715,1991
7088,66,161,370000,capture,,-0.5421181033,1991
7089,66,161,390000,capture,,-0.5287082889,1991
7090,66,161,410000,capture,,-0.5436339669,1991
7091,66,161,430000,capture,,-0.6073030467,1991
7092,66,161,450000,capture,,-0.6108339156,1991
7093,66,162,205000,capture,,-0.896196279,1991
7094,66,162,215000,capture,,-0.920818754,1991
7095,66,162,225000,capture,,-0.9172146297,1991
7096,66,162,235000,capture,,-0.9172146297,1991
7097,66,162,245000,capture,,-0.9546770212,1991
7098,66,162,255000,capture,,-0.9281179927,1991
7099,66,162,265000,capture,,-0.9430951487,1991
7100,66,162,275000,capture,,-0.9244530386,1991
7101,66,162,285000,capture,,-0.9469215565,1991
7102,66,162,295000,capture,,-0.9625735021,1991
7103,66,162,310000,capture,,-0.9788107009,1991
7104,66,162,330000,capture,,-0.9625735021,1991
7105,66,162,350000,capture,,-1.013228266,1991
7106,66,162,370000,capture,,-1.008773924,1991
7107,66,162,390000,capture,,-1,1991
7108,66,162,410000,capture,,-0.9586073148,1991
7109,66,162,430000,capture,,-1.036212173,1991
7110,66,162,450000,capture,,-1.031517051,1991
7111,66,163,165000,capture,,-0.4341521813,1991
7112,66,163,175000,capture,,-0.4659738939,1991
7113,66,163,185000,capture,,-0.4775557665,1991
7114,66,163,195000,capture,,-0.4894549898,1991
7115,66,163,205000,capture,,-0.4989407378,1991
7116,66,163,215000,capture,,-0.4828041021,1991
7117,66,163,225000,capture,,-0.5086383062,1991
7118,66,163,235000,capture,,-0.5257837359,1991
7119,66,163,245000,capture,,-0.5391021572,1991
7120,66,163,255000,capture,,-0.5512936801,1991
7121,66,163,265000,capture,,-0.5734887386,1991
7122,66,163,275000,capture,,-0.5833594927,1991
7123,66,163,285000,capture,,-0.5917600347,1991
7124,66,163,295000,capture,,-0.6458915609,1991
7125,66,163,310000,capture,,-0.6536470255,1991
7126,66,163,330000,capture,,-0.6757175447,1991
7127,66,163,350000,capture,,-0.721246399,1991
7128,66,163,370000,capture,,-0.7644715531,1991
7129,66,163,390000,capture,,-0.7670038896,1991
7130,66,163,410000,capture,,-0.785156152,1991
7131,66,163,430000,capture,,-0.8507808873,1991
7132,66,163,450000,capture,,-0.8356471442,1991
7133,66,164,205000,capture,,-1.30980392,1991
7134,66,164,215000,capture,,-1.30980392,1991
7135,66,164,225000,capture,,-1.356547324,1991
7136,66,164,235000,capture,,-1.337242168,1991
7137,66,164,245000,capture,,-1.318758763,1991
7138,66,164,255000,capture,,-1.327902142,1991
7139,66,164,265000,capture,,-1.318758763,1991
7140,66,164,275000,capture,,-1.327902142,1991
7141,66,164,285000,capture,,-1.337242168,1991
7142,66,164,295000,capture,,-1.346787486,1991
7143,66,164,310000,capture,,-1.337242168,1991
7144,66,164,330000,capture,,-1.366531544,1991
7145,66,164,350000,capture,,-1.387216143,1991
7146,66,164,370000,capture,,-1.397940009,1991
7147,66,164,390000,capture,,-1.37675071,1991
7148,66,164,410000,capture,,-1.387216143,1991
7149,66,164,430000,capture,,-1.408935393,1991
7150,66,164,450000,capture,,-1.420216403,1991
7151,79,197,370000,capture,,-0.7695510786,1993
7152,79,197,439000,capture,,-0.8210230527,1993
7153,79,197,592000,capture,,-0.9469215565,1993
7154,79,197,800000,capture,,-1.057991947,1993
7155,79,197,1000000,capture,,-1.09420412,1993
7156,90,232,370000,capture,,-0.8632794328,1993
7157,90,232,439000,capture,,-0.8894102897,1993
7158,90,232,592000,capture,,-0.8728952016,1993
7159,90,232,800000,capture,,-0.8538719643,1993
7160,90,232,1000000,capture,,-0.9469215565,1993
7161,90,232,370000,capture,,-0.8696662315,1993
7162,90,232,439000,capture,,-0.8860566477,1993
7163,90,232,592000,capture,,-0.8664610916,1993
7164,90,232,800000,capture,,-0.8632794328,1993
7165,90,232,1000000,capture,,-0.9507819773,1993
7166,60,146,500000,capture,,-1.259637311,1993
7167,60,146,1100000,capture,,-1.387216143,1993
7168,60,146,1400000,capture,,-1.657577319,1993
7169,60,146,1600000,capture,,-1.677780705,1993
7170,60,146,2000000,capture,,-1.455931956,1993
7171,60,148,500000,capture,,-1.425968732,1993
7172,60,148,700000,capture,,-1.361510743,1993
7173,60,148,800000,capture,,-1.455931956,1993
7174,60,148,900000,capture,,-1.48148606,1993
7175,60,148,1100000,capture,,-1.48148606,1993
7176,60,148,1200000,capture,,-1.585026652,1993
7177,60,148,1300000,capture,,-1.657577319,1993
7178,60,148,1500000,capture,,-1.638272164,1993
7179,60,148,1600000,capture,,-1.657577319,1993
7180,60,148,1800000,capture,,-1.619788758,1993
7181,60,148,2000000,capture,,-1.677780705,1993
7182,60,148,2200000,capture,,-1.823908741,1993
7183,60,150,500000,capture,,-1.585026652,1993
7184,60,150,1100000,capture,,-1.619788758,1993
7185,60,150,1400000,capture,,-1.795880017,1993
7186,60,150,1600000,capture,,-1.823908741,1993
7187,60,150,1800000,capture,,-1.886056648,1993
7188,60,150,2000000,capture,,-1.886056648,1993
7189,79,197,486000,capture,,-0.8696662315,1995
7190,79,197,539000,capture,,-0.903089987,1995
7191,79,197,593000,capture,,-0.9527251326,1995
7192,79,197,646000,capture,,-0.9935339578,1995
7193,79,197,692000,capture,,-1.019996628,1995
7194,50,116,411500,capture,,-2.461088542,1995
7195,50,116,523000,capture,,-2.396953513,1995
7196,50,116,683500,capture,,-2.293232339,1995
7197,50,122,303000,capture,,-2.211366966,1995
7198,50,122,355000,capture,,-2.197720072,1995
7199,50,122,421000,capture,,-2.230819551,1995
7200,50,122,487000,capture,,-2.244419031,1995
7201,50,122,541000,capture,,-2.254184791,1995
7202,50,122,595000,capture,,-2.223117019,1995
7203,50,122,648000,capture,,-2.240551006,1995
7204,50,122,693000,capture,,-2.21780468,1995
7205,50,122,487000,capture,,-2.259709487,1995
7206,50,122,541000,capture,,-2.2535517,1995
7207,50,122,595000,capture,,-2.232593757,1995
7208,50,122,648000,capture,,-2.232543423,1995
7209,50,122,693000,capture,,-2.220127474,1995
7210,50,124,421000,capture,,-2.446708231,1995
7211,50,124,487000,capture,,-2.433971726,1995
7212,50,124,540000,capture,,-2.451391642,1995
7213,50,124,594000,capture,,-2.427903232,1995
7214,50,124,647000,capture,,-2.444560051,1995
7215,50,124,693000,capture,,-2.405377382,1995
7216,50,124,487000,capture,,-2.451947382,1995
7217,50,124,540000,capture,,-2.450609839,1995
7218,50,124,594000,capture,,-2.435007628,1995
7219,50,124,647000,capture,,-2.437188181,1995
7220,50,124,693000,capture,,-2.410567759,1995
7221,42,92,2500000,capture,,-3.602059991,1971
7222,42,92,3000000,capture,,-3.744727495,1971
7223,42,92,14700000,capture,,-3.920818754,1971
7224,92,238,200000,capture,,-0.8239087409,1971
7225,92,238,250000,capture,,-0.8664610916,1971
7226,92,238,300000,capture,,-0.8996294549,1971
7227,92,238,400000,capture,,-0.9318141383,1971
7228,92,238,500000,capture,,-0.9507819773,1971
7229,92,238,600000,capture,,-0.9507819773,1971
7230,92,238,700000,capture,,-0.9318141383,1971
7231,92,238,800000,capture,,-0.9244530386,1971
7232,92,238,900000,capture,,-0.9244530386,1971
7233,92,238,1000000,capture,,-0.9507819773,1971
7234,92,238,1100000,capture,,-0.9625735021,1971
7235,42,98,1260000,capture,,-1.920818754,1996
7236,42,98,1460000,capture,,-1.853871964,1996
7237,42,98,1760000,capture,,-1.886056648,1996
7238,42,98,1970000,capture,,-2.045757491,1996
