row,Z,A,energy_ev,quantity,spectrum,label,year
0,38,84,14800000,n2n,,-0.4034029044,1970
1,27,59,14600000,n2n,,-0.1191864077,1969
2,28,58,14600000,n2n,,-1.476253533,1969
3,29,65,14600000,n2n,,-0.04720755696,1969
4,40,90,14600000,n2n,,-0.1007268127,1969
5,53,127,14600000,n2n,,0.2227164711,1969
6,28,58,14800000,n2n,,-1.443697499,1969
7,53,127,14800000,n2n,,0.220108088,1969
8,33,75,14400000,n2n,,0.006893707948,1971
9,35,79,14400000,n2n,,-0.130181792,1971
10,38,84,14400000,n2n,,-0.3169529618,1971
11,44,96,14100000,n2n,,-0.2218487496,1970
12,44,98,14100000,n2n,,-0.01322826573,1970
13,46,102,14100000,n2n,,-0.2218487496,1970
14,50,112,14100000,n2n,,-0.04575749056,1970
15,50,114,14100000,n2n,,0.03742649794,1970
16,77,191,14100000,n2n,,0.2624510897,1970
17,77,193,14100000,n2n,,0.2833012287,1970
18,39,89,14379306.59,n2n,,-0.01846452374,1972
19,69,169,14260762.43,n2n,,0.2892420126,1972
20,71,175,14099621.62,n2n,,0.2425414283,1972
21,79,197,14419558.37,n2n,,0.3294589001,1972
22,49,115,14800000,n2n,,-0.153044675,1973
23,37,85,15000000,n2n,,0.05115252245,1974
24,37,85,16595180.02,n2n,,0.0813473078,1974
25,37,87,15000000,n2n,,0.1258064581,1974
26,37,87,16200000,n2n,,0.1142772966,1974
27,62,144,15197039.19,n2n,,0.09725730969,1974
28,62,144,16549320.23,n2n,,0.1804126328,1974
29,76,192,14400000,n2n,,0.2995072987,1972
30,78,192,14400000,n2n,,0.3085644136,1972
31,78,198,14400000,n2n,,0.2345172835,1972
32,79,197,14400000,n2n,,0.2979792442,1972
33,80,198,14400000,n2n,,0.3031960574,1972
34,80,204,14400000,n2n,,0.3174364965,1972
35,81,203,14400000,n2n,,0.2900346114,1972
36,82,204,14400000,n2n,,0.2397998184,1972
37,27,59,14700000,n2n,,-0.08618614762,1977
38,27,59,16980369.5,n2n,,-0.07744753324,1977
39,27,59,19493588.69,n2n,,-0.05256627811,1977
40,39,89,14700000,n2n,,0.01241537476,1977
41,39,89,16980369.5,n2n,,0.08086689351,1977
42,39,89,19493588.69,n2n,,0.0916669576,1977
43,41,93,14700000,n2n,,0.1068705445,1977
44,41,93,16980369.5,n2n,,0.1324731545,1977
45,41,93,19493588.69,n2n,,0.08972853307,1977
46,45,103,14700000,n2n,,0.1544239731,1977
47,45,103,16980369.5,n2n,,0.1604685311,1977
48,45,103,19493588.69,n2n,,0.1094097905,1977
49,69,169,14700000,n2n,,0.2579184503,1977
50,69,169,16980369.5,n2n,,0.2482185612,1977
51,69,169,19493588.69,n2n,,0.01241537476,1977
52,71,175,14700000,n2n,,0.2975416678,1977
53,71,175,16980369.5,n2n,,0.2303637572,1977
54,71,175,19493588.69,n2n,,-0.0637376581,1977
55,73,181,14700000,n2n,,0.3267453796,1977
56,73,181,16980369.5,n2n,,0.2013060677,1977
57,73,181,19493588.69,n2n,,-0.08013774644,1977
58,79,197,14700000,n2n,,0.314709693,1977
59,79,197,16980369.5,n2n,,0.2915908257,1977
60,79,197,19493588.69,n2n,,0.02673749424,1977
61,83,209,14700000,n2n,,0.3384564936,1977
62,83,209,16980369.5,n2n,,0.3054946773,1977
63,83,209,19493588.69,n2n,,0.0595634179,1977
64,40,90,14800000,n2n,,-0.117475462,1975
65,42,92,14800000,n2n,,-0.632644079,1975
66,59,141,14800000,n2n,,0.1958996524,1975
67,62,144,14800000,n2n,,0.1172712957,1975
68,83,209,14800000,n2n,,-0.4056074496,1973
69,82,206,14800000,n2n,,-0.06248210798,1973
70,81,205,14800000,n2n,,-0.1778319206,1973
71,92,238,14242620.51,n2n,,-0.06694678963,1973
72,53,127,9521029.356,n2n,,-1.079354999,1979
73,53,127,10497023.39,n2n,,-0.2306226739,1979
74,53,127,12500000,n2n,,0.1956229436,1979
75,53,127,16981166.04,n2n,,0.2319790268,1979
76,53,127,19600000,n2n,,0.1535099893,1979
77,53,127,14187741.69,n2n,,0.242442036,1979
78,37,85,14800000,n2n,,0.1254812657,1972
79,37,87,14800000,n2n,,0.1513698502,1972
80,40,90,14800000,n2n,,-0.3142582614,1972
81,58,136,14800000,n2n,,0.2103185198,1972
82,58,140,14800000,n2n,,0.2741578493,1972
83,58,142,14800000,n2n,,0.3027637085,1972
84,59,141,14800000,n2n,,0.06145247909,1972
85,60,142,14800000,n2n,,0.3094172258,1972
86,60,148,14800000,n2n,,0.1414497734,1972
87,60,150,14800000,n2n,,0.2469906992,1972
88,62,144,14800000,n2n,,-0.03479829897,1972
89,62,154,14800000,n2n,,0.1972805581,1972
90,64,160,14800000,n2n,,0.4705574852,1972
91,66,156,14800000,n2n,,0.2971036501,1972
92,66,158,14800000,n2n,,0.3253103717,1972
93,68,162,14800000,n2n,,0.1838390371,1972
94,69,169,14800000,n2n,,0.1592663311,1972
95,70,168,14800000,n2n,,0.2725377774,1972
96,70,170,14800000,n2n,,0.3042750505,1972
97,34,82,15100000,n2n,,0.1379867327,1975
98,35,81,15100000,n2n,,0.04139268516,1975
99,39,89,12945269.41,n2n,,-0.3306831194,1976
100,39,89,14658754.92,n2n,,-0.009957288751,1976
101,39,89,16817140.48,n2n,,0.08050623371,1976
102,28,58,14400000,n2n,,-1.420216403,1970
103,50,112,14400000,n2n,,0.04139268516,1970
104,39,89,14800000,n2n,,-1.017728767,1975
105,39,89,14800000,n2n,,-0.6439741428,1975
106,81,203,14800000,n2n,,-0.1739251973,1975
107,40,96,14400000,n2n,,0.163161375,1970
108,42,100,14400000,n2n,,0.1427022457,1970
109,44,96,14400000,n2n,,-0.2448877336,1970
110,44,98,14400000,n2n,,0.06781451116,1970
111,44,104,14400000,n2n,,0.1583624921,1970
112,46,102,14400000,n2n,,-0.1958605677,1970
113,48,108,14400000,n2n,,-0.06298389254,1970
114,48,110,14400000,n2n,,0.08671566394,1970
115,51,123,14400000,n2n,,0.1880843737,1970
116,53,127,14400000,n2n,,0.2172206556,1970
117,55,133,14400000,n2n,,0.1880843737,1970
118,58,136,14400000,n2n,,0.1199154103,1970
119,58,140,14400000,n2n,,0.2022157758,1970
120,58,142,14400000,n2n,,0.2380461031,1970
121,44,96,15100000,n2n,,-0.1765257708,1974
122,28,58,17727808.66,n2n,,-1.13667714,1975
123,28,58,19990000,n2n,,-1.036212173,1975
124,28,58,16210000,n2n,,-1.200659451,1975
125,39,89,14100000,n2n,,-0.07883394936,1975
126,39,89,17732952.38,n2n,,0.06911285139,1975
127,39,89,20000000,n2n,,0.1020905255,1975
128,39,89,16220000,n2n,,0.04473569745,1975
129,40,90,14100000,n2n,,-0.2291479884,1975
130,40,90,17732952.38,n2n,,0.04999285692,1975
131,40,90,19980000,n2n,,0.0881360887,1975
132,40,90,16230000,n2n,,0.00259798072,1975
133,69,169,9002805.118,n2n,,-0.2915790999,1975
134,69,169,13430000,n2n,,0.3029799367,1975
135,69,169,14100000,n2n,,0.3031960574,1975
136,69,169,17692936.44,n2n,,0.2307043136,1975
137,69,169,19950000,n2n,,-0.0530567293,1975
138,69,169,16210000,n2n,,0.3185850101,1975
139,71,175,8881874.802,n2n,,-0.2445062716,1975
140,71,175,14504206.29,n2n,,0.2376693839,1975
141,71,175,17682932.45,n2n,,0.06107532363,1975
142,71,175,19940000,n2n,,-0.2410881076,1975
143,71,175,16180000,n2n,,0.198657087,1975
144,77,191,8983184.291,n2n,,-0.3419886033,1975
145,77,191,14100000,n2n,,0.2999429,1975
146,77,191,17712944.42,n2n,,0.1473671078,1975
147,77,191,19970000,n2n,,-0.1007268127,1975
148,77,191,16204999.23,n2n,,0.2586372827,1975
149,77,193,8967574.923,n2n,,-0.1260984021,1975
150,77,193,14100000,n2n,,0.302114377,1975
151,77,193,17712944.42,n2n,,0.1122697684,1975
152,77,193,19970000,n2n,,-0.251811973,1975
153,77,193,16204999.23,n2n,,0.2580383384,1975
154,79,197,9110557.485,n2n,,-0.3139598797,1975
155,79,197,13410000,n2n,,0.3215984305,1975
156,79,197,14489616.97,n2n,,0.3353575901,1975
157,79,197,17722948.4,n2n,,0.2805783704,1975
158,79,197,19980000,n2n,,0.03981055415,1975
159,79,197,16194999.23,n2n,,0.3197304943,1975
160,81,203,9090022.765,n2n,,-0.362176839,1975
161,81,203,14489616.97,n2n,,0.3187935048,1975
162,81,203,17722948.4,n2n,,0.302655554,1975
163,81,203,19990000,n2n,,0.09447112864,1975
164,81,203,16200000,n2n,,0.3323374495,1975
165,46,102,15249262.28,n2n,,0.1598678471,1972
166,46,102,16098757.72,n2n,,0.2380461031,1972
167,54,124,14600000,n2n,,-0.001304841688,1976
168,54,126,14600000,n2n,,0.1702617154,1976
169,54,128,14600000,n2n,,0.2435341018,1976
170,54,134,14600000,n2n,,0.1643528558,1976
171,54,136,14600000,n2n,,0.1931245984,1976
172,28,58,14600000,n2n,,-1.459670525,1976
173,29,63,14600000,n2n,,-0.343901798,1976
174,29,65,14600000,n2n,,-0.02779716162,1976
175,30,64,14600000,n2n,,-0.8356471442,1976
176,31,69,14600000,n2n,,0,1976
177,33,75,14600000,n2n,,-0.02181948306,1976
178,92,238,14700000,n2n,,-0.1719849358,1978
179,92,238,16980369.5,n2n,,-0.4555185387,1978
180,92,238,19000000,n2n,,-0.563837353,1978
181,28,58,13300000,n2n,,-1.958607315,1978
182,28,58,14639672.13,n2n,,-1.54515514,1978
183,28,58,16540858.5,n2n,,-1.301029996,1978
184,27,59,13400000,n2n,,-0.2069083998,1980
185,27,59,14635573.1,n2n,,-0.1209041205,1980
186,27,59,17080484.56,n2n,,-0.1295960947,1980
187,40,90,14800000,n2n,,-0.2865094569,1978
188,62,144,14800000,n2n,,0.2054750367,1978
189,37,87,14800000,n2n,,0.1445742076,1978
190,60,142,14800000,n2n,,0.2727695866,1978
191,58,140,14800000,n2n,,0.2931414835,1978
192,51,123,13096564.43,n2n,,0.2077689697,1980
193,51,123,14843180.25,n2n,,0.2024883171,1980
194,51,123,17047124.15,n2n,,0.1930317905,1980
195,73,181,14100000,n2n,,0.4082399653,1958
196,79,197,14100000,n2n,,0.4014005408,1958
197,83,209,14100000,n2n,,0.4014005408,1958
198,73,181,14000000,n2n,,0.2552725051,1957
199,83,209,14000000,n2n,,0.361727836,1957
200,29,63,13200000,n2n,,-0.3018994544,1960
201,29,63,14418612.04,n2n,,-0.1218065935,1960
202,29,65,13200000,n2n,,0.09691001301,1960
203,29,65,14418612.04,n2n,,0.1838796652,1960
204,51,121,13200000,n2n,,0.1105897103,1960
205,51,121,14418612.04,n2n,,0.1430148003,1960
206,28,58,14500000,n2n,,-1.391473966,1953
207,29,63,14500000,n2n,,-0.3169529618,1953
208,29,65,14500000,n2n,,0.03542973818,1953
209,30,64,14500000,n2n,,-0.6497519817,1953
210,31,69,14500000,n2n,,-0.2580609223,1953
211,31,71,14500000,n2n,,-0.15490196,1953
212,32,70,14500000,n2n,,-0.1765257708,1953
213,32,76,14500000,n2n,,0.260071388,1953
214,33,75,14500000,n2n,,-0.2636034977,1953
215,35,79,14500000,n2n,,0.05728564442,1953
216,42,92,14500000,n2n,,-0.721246399,1953
217,42,100,14500000,n2n,,0.57863921,1953
218,44,96,14500000,n2n,,-0.3205721034,1953
219,46,110,14500000,n2n,,0.2895889525,1953
220,51,123,14500000,n2n,,0.09516935143,1953
221,52,130,14500000,n2n,,-0.2225731776,1953
222,53,127,14500000,n2n,,0.04921802267,1953
223,59,141,14500000,n2n,,0.3138672204,1953
224,62,154,14500000,n2n,,-0.6478174819,1953
225,64,160,14500000,n2n,,0.1673173347,1953
226,78,198,14500000,n2n,,0.4424797691,1953
227,79,197,14500000,n2n,,0.2360331471,1953
228,29,63,13200000,n2n,,-0.5528419687,1952
229,29,63,14500000,n2n,,-0.1870866434,1952
230,29,63,16800000,n2n,,-0.09151498112,1952
231,29,63,19400000,n2n,,-0.02227639471,1952
232,26,54,14400000,n2n,,-1.823908741,1961
233,28,58,14400000,n2n,,-1.465973894,1961
234,29,65,14400000,n2n,,-0.01818139283,1961
235,30,64,14400000,n2n,,-0.7772835289,1961
236,31,69,14400000,n2n,,-0.03479829897,1961
237,32,70,14400000,n2n,,-0.223298816,1961
238,35,79,14400000,n2n,,-0.07831352452,1961
239,44,96,14400000,n2n,,-0.1979107421,1961
240,48,106,14400000,n2n,,-0.08249449045,1961
241,50,112,14400000,n2n,,0.1784013415,1961
242,59,141,14400000,n2n,,0.2555137128,1961
243,60,142,14400000,n2n,,0.3821972104,1961
244,62,144,14400000,n2n,,0.1714339009,1961
245,29,63,12608413.86,n2n,,-0.6788159727,1960
246,29,63,14740520.11,n2n,,-0.2912958951,1960
247,29,63,17462554.22,n2n,,-0.0985416786,1960
248,59,141,12410000,n2n,,0.09025805293,1960
249,59,141,14740520.11,n2n,,0.1962683235,1960
250,59,141,17462554.22,n2n,,0.2139160096,1960
251,29,63,14600000,n2n,,-0.2757241304,1960
252,29,63,14100000,n2n,,-0.2924298239,1952
253,29,65,14100000,n2n,,-0.01322826573,1952
254,29,65,15035956.9,n2n,,-0.02456819149,1969
255,29,65,16700000,n2n,,-0.02227639471,1969
256,48,108,14100000,n2n,,-0.2975694636,1967
257,28,58,14700000,n2n,,-1.508638306,1963
258,30,64,14700000,n2n,,-0.8153085692,1963
259,29,65,14800000,n2n,,-0.0204516253,1959
260,37,85,10909857.93,n2n,,-0.7825160558,1960
261,37,85,12300000,n2n,,-0.06048074738,1960
262,37,85,14171273.76,n2n,,0.220108088,1960
263,37,87,10909857.93,n2n,,-0.08486409338,1960
264,37,87,12645157.18,n2n,,0.2081725267,1960
265,37,87,14171273.76,n2n,,0.353627759,1960
266,39,89,12544719.38,n2n,,-0.7721132954,1960
267,39,89,14354256.08,n2n,,-0.1322379753,1960
268,45,103,10939822.91,n2n,,-0.5063096438,1960
269,45,103,12460762.29,n2n,,-0.2252398002,1960
270,45,103,14354256.08,n2n,,-0.120760718,1960
271,50,112,12289833.2,n2n,,-0.5079383955,1960
272,50,112,13850000,n2n,,-0.1390633793,1960
273,69,169,9800000,n2n,,-0.3655227298,1960
274,69,169,10909857.93,n2n,,-0.1163385648,1960
275,69,169,12645157.18,n2n,,-0.03198428601,1960
276,69,169,14171273.76,n2n,,-0.002832128554,1960
277,81,203,8400000,n2n,,-1.823908741,1960
278,81,203,9412240.73,n2n,,-0.4518153895,1960
279,81,203,10939822.91,n2n,,0.002885688237,1960
280,81,203,12460762.29,n2n,,0.1072099696,1960
281,81,203,14354256.08,n2n,,0.1846914308,1960
282,82,204,10777290.94,n2n,,-0.1334173229,1960
283,82,204,12547509.71,n2n,,0.1089031277,1960
284,82,204,14000000,n2n,,0.1903316982,1960
285,90,232,8400000,n2n,,0.1522883444,1960
286,90,232,9443516.294,n2n,,0.1673173347,1960
287,90,232,10939822.91,n2n,,0.26638851,1960
288,90,232,12460762.29,n2n,,0.2278867046,1960
289,90,232,14354256.08,n2n,,0.1139433523,1960
290,30,64,14400000,n2n,,-0.8239087409,1968
291,30,66,14400000,n2n,,-0.1870866434,1968
292,27,59,14100000,n2n,,-0.06048074738,1958
293,26,54,14500000,n2n,,-2.070581074,1963
294,28,58,14500000,n2n,,-1.455931956,1963
295,26,54,17382810.47,n2n,,-0.8386319978,1958
296,28,58,14178816.25,n2n,,-1.564633493,1961
297,28,58,17209735.62,n2n,,-1.218603695,1961
298,28,58,19760000,n2n,,-1.111259039,1961
299,29,65,12914990.33,n2n,,-0.1647323053,1961
300,29,65,14234647.9,n2n,,-0.04416798977,1961
301,29,65,17209735.62,n2n,,-0.01614828101,1961
302,29,65,19760000,n2n,,-0.006123085059,1961
303,32,70,13400000,n2n,,-0.42136079,1961
304,32,70,14344897.55,n2n,,-0.2248448351,1961
305,32,70,17209735.62,n2n,,-0.06098022355,1961
306,32,70,19760000,n2n,,-0.02641037657,1961
307,33,75,12749196.05,n2n,,-0.1481303993,1961
308,33,75,14317045.86,n2n,,0.03710763267,1961
309,33,75,17209735.62,n2n,,0.07059193151,1961
310,33,75,19760000,n2n,,0.07040732174,1961
311,37,85,12785929.77,n2n,,-0.03976712687,1961
312,37,85,14348044.39,n2n,,0.1673764184,1961
313,37,85,17950000,n2n,,0.219846386,1961
314,37,85,19760000,n2n,,0.2472365495,1961
315,37,87,12785929.77,n2n,,-0.05650548409,1961
316,37,87,14348044.39,n2n,,0.06988999651,1961
317,37,87,17950000,n2n,,0.05728564442,1961
318,37,87,19760000,n2n,,0.05346260493,1961
319,40,90,12749196.05,n2n,,-0.6716203966,1961
320,40,90,14234647.9,n2n,,-0.1677466298,1961
321,40,90,17209735.62,n2n,,0.05842602446,1961
322,40,90,19760000,n2n,,0.06781451116,1961
323,48,116,12712356.19,n2n,,0.1822719567,1961
324,48,116,14371848.87,n2n,,0.2163308765,1961
325,48,116,17209735.62,n2n,,0.119585775,1961
326,48,116,19760000,n2n,,-0.0357403698,1961
327,79,197,12749196.05,n2n,,0.3435070621,1961
328,79,197,14258730.33,n2n,,0.3784342421,1961
329,79,197,17209735.62,n2n,,0.2119210843,1961
330,79,197,19760000,n2n,,0.04571405894,1961
331,81,203,12290000,n2n,,-0.06198090252,1961
332,81,203,14157996.71,n2n,,0.1154440834,1961
333,81,203,17209735.62,n2n,,0.01640650087,1961
334,81,203,19760000,n2n,,-0.08724669633,1961
335,90,232,12939929.68,n2n,,0.2261701234,1961
336,90,232,14259830.09,n2n,,0.1696091315,1961
337,26,54,14050000,n2n,,-2.548213564,1965
338,26,54,16750000,n2n,,-1.297569464,1965
339,34,76,14400000,n2n,,-0.09258863923,1967
340,28,58,14800000,n2n,,-1.283996656,1960
341,30,64,14800000,n2n,,-0.5951662834,1960
342,28,58,14245630.68,n2n,,-1.592325891,1968
343,29,65,10764235.97,n2n,,-0.9478834495,1966
344,29,65,12267481.88,n2n,,-0.2597952645,1966
345,29,65,13580000,n2n,,-0.06398920428,1966
346,29,65,14174318.51,n2n,,-0.02872415126,1966
347,29,65,13054998.48,n2n,,-0.1110346557,1962
348,29,65,14525560.94,n2n,,-0.005243055412,1962
349,29,65,16883857.29,n2n,,-0.01266896819,1962
350,29,63,12908510.59,n2n,,-0.6545478486,1963
351,29,63,14632908.12,n2n,,-0.3246800167,1963
352,29,63,16944898.52,n2n,,-0.2145515215,1963
353,29,63,19326357.15,n2n,,-0.1767866867,1963
354,30,64,13470000,n2n,,-1.128427064,1963
355,30,64,17145382.67,n2n,,-0.488116639,1963
356,30,64,19480000,n2n,,-0.42136079,1963
357,29,63,12250000,n2n,,-0.8538719643,1962
358,29,63,14250000,n2n,,-0.271646218,1962
359,29,63,17302889.93,n2n,,-0.126388803,1962
360,35,79,12788178.13,n2n,,-0.3348882629,1962
361,35,79,14634779.78,n2n,,-0.07314329105,1962
362,35,79,17303391.81,n2n,,-0.0530567293,1962
363,59,141,12349089.04,n2n,,0.1484484035,1962
364,59,141,14014501.13,n2n,,0.2426242378,1962
365,59,141,16892108.08,n2n,,0.2580782937,1962
366,29,63,11440000,n2n,,-2,1950
367,29,63,12355283.21,n2n,,-0.9635707344,1950
368,39,89,16000000,n2n,,0.05115252245,1961
369,44,104,14700000,n2n,,0.3979400087,1966
370,48,106,12942702.58,n2n,,-0.2980005251,1963
371,48,106,14772627.25,n2n,,-0.05741327337,1963
372,48,106,16834236.46,n2n,,0.00485853462,1963
373,59,141,13016926.97,n2n,,0.1201624726,1963
374,59,141,14723744.77,n2n,,0.2755129033,1963
375,59,141,16851062.64,n2n,,0.2556945307,1963
376,50,112,12826716.25,n2n,,-0.01144104312,1963
377,50,112,14668927.65,n2n,,0.1887410455,1963
378,50,112,16938564.48,n2n,,0.273232834,1963
379,62,144,13098473.19,n2n,,-0.06499684855,1963
380,62,144,14668927.65,n2n,,0.1786892398,1963
381,62,144,16966414.22,n2n,,0.2672186766,1963
382,48,106,14400000,n2n,,-0.0109953843,1969
383,48,106,14400000,n2n,,-0.01502287358,1969
384,30,64,12911971.89,n2n,,-1.283996656,1960
385,30,64,14583003.93,n2n,,-0.7289332277,1960
386,30,64,17059994.22,n2n,,-0.508988685,1960
387,30,64,13232913.51,n2n,,-1.151810883,1961
388,30,64,14793888.57,n2n,,-0.6769542645,1961
389,30,64,16802554.99,n2n,,-0.5428753737,1961
390,32,70,14400000,n2n,,-0.1884249941,1967
391,32,76,14400000,n2n,,0.1595671932,1967
392,32,76,14400000,n2n,,0.09201847075,1967
393,52,120,14800000,n2n,,0.08635983067,1968
394,52,122,14800000,n2n,,0.1072099696,1968
395,52,128,14800000,n2n,,0.1430148003,1968
396,52,130,14800000,n2n,,-0.1700533041,1968
397,53,127,12720047.17,n2n,,0.001084381292,1953
398,53,127,14831048.51,n2n,,0.1189257528,1953
399,53,127,17483921.18,n2n,,0.03442790503,1953
400,58,142,14800000,n2n,,0.2041199827,1960
401,59,141,14800000,n2n,,0.3222192947,1960
402,60,142,14800000,n2n,,0.3138672204,1960
403,60,148,14800000,n2n,,0.3344537512,1960
404,60,150,14800000,n2n,,0.3424226808,1960
405,62,144,14800000,n2n,,0.07918124605,1960
406,62,154,14800000,n2n,,0.1760912591,1960
407,64,160,14800000,n2n,,0.1613680022,1960
408,68,166,14800000,n2n,,0,1960
409,68,170,14800000,n2n,,0.07918124605,1960
410,70,176,14800000,n2n,,-0.3665315444,1960
411,60,142,14700000,n2n,,0.2174839442,1966
412,59,141,14500000,n2n,,0.03422726077,1967
413,60,150,14500000,n2n,,0.2375437381,1967
414,62,144,14500000,n2n,,0.1619666164,1967
415,72,174,14500000,n2n,,-0.06550154876,1969
416,72,176,14500000,n2n,,0.3010299957,1969
417,62,144,14700000,n2n,,0.2227164711,1963
418,66,156,14400000,n2n,,0.2884728006,1968
419,66,158,14400000,n2n,,0.3111178427,1968
420,74,182,14100000,n2n,,-0.008773924308,1959
421,74,186,14100000,n2n,,0.1760912591,1959
422,80,204,14100000,n2n,,0.3138672204,1969
423,82,204,12428012.75,n2n,,0.205272048,1963
424,82,204,14692855.41,n2n,,0.2601906833,1963
425,82,204,17300803.06,n2n,,0.284926787,1963
426,82,204,19059485.83,n2n,,0.2193225084,1963
427,90,232,7030000,n2n,,-0.5575202309,1958
428,90,232,15970000,n2n,,-0.3187587626,1958
429,36,78,14400000,n2n,,-0.6108339156,1968
430,36,80,14400000,n2n,,-0.09151498112,1968
431,54,124,14400000,n2n,,0.05307844348,1968
432,54,126,14400000,n2n,,0.1319392952,1968
433,54,128,14400000,n2n,,0.1846914308,1968
434,54,134,14400000,n2n,,0.372912003,1968
435,54,136,14400000,n2n,,0.2304489214,1968
436,40,90,14100000,n2n,,-0.2644011003,1960
437,90,232,6745067.666,n2n,,-0.9829666607,1961
438,90,232,7675036.217,n2n,,0.0179719038,1961
439,90,232,9077062.491,n2n,,0.2471546149,1961
440,90,232,10320784.85,n2n,,0.2718416065,1961
441,90,232,11610000,n2n,,0.2355284469,1961
442,90,232,12530000,n2n,,0.1789769473,1961
443,90,232,14450000,n2n,,0.08990511144,1961
444,90,232,18520000,n2n,,-0.3381873145,1961
445,92,238,6791063.715,n2n,,-0.474955193,1958
446,92,238,7525548.494,n2n,,-0.04979746836,1958
447,92,238,8967568.011,n2n,,0.1314047789,1958
448,92,238,9970000,n2n,,0.1731862684,1958
449,92,238,16000000,n2n,,-0.5158033553,1958
450,40,88,14800000,n2n,,-0.3306831194,1984
451,39,88,14491790.78,n2n,,0.06445798923,1984
452,83,209,14900000,n2n,,0.3418300569,1982
453,83,209,14900000,n2n,,0.3318320444,1982
454,28,58,14200000,n2n,,-1.638272164,1982
455,35,79,14600000,n2n,,0.008600171762,1981
456,35,79,14600000,n2n,,-0.004364805402,1981
457,65,159,14800000,n2n,,0.285557309,1984
458,55,133,14500000,n2n,,0.278753601,1985
459,27,59,12620000,n2n,,-0.4559319556,1960
460,27,59,16750000,n2n,,-0.15490196,1960
461,69,169,13330000,n2n,,0.3213912783,1973
462,69,169,14972655.08,n2n,,0.337359412,1973
463,29,63,14800000,n2n,,-0.2620126737,1986
464,29,63,14800000,n2n,,-0.2580609223,1986
465,29,65,14800000,n2n,,-0.01322826573,1986
466,29,65,14800000,n2n,,-0.01412464269,1986
467,30,64,14100000,n2n,,-0.9913998282,1975
468,28,58,14100000,n2n,,-1.356547324,1975
469,40,90,14100000,n2n,,-0.3053948011,1975
470,29,65,14100000,n2n,,0.06445798923,1975
471,26,56,14800000,n2n,,-0.3429441471,1989
472,28,64,14800000,n2n,,-0.01863449092,1989
473,28,60,14800000,n2n,,-0.9829666607,1989
474,30,64,14800000,n2n,,-0.7011469236,1988
475,42,94,14700000,n2n,,-0.2596373105,1990
476,26,56,14800000,n2n,,-0.3429441471,1990
477,28,64,14800000,n2n,,-0.01863449092,1990
478,28,60,14800000,n2n,,-0.9829666607,1990
479,36,78,14363797.95,n2n,,-0.5086383062,1989
480,36,80,14363797.95,n2n,,-0.1005442977,1989
481,54,124,14363797.95,n2n,,0.1893031178,1989
482,27,59,14740000,n2n,,-0.1211596994,1987
483,28,58,14740000,n2n,,-1.414938439,1987
484,29,65,14740000,n2n,,-0.03303183586,1987
485,30,64,14740000,n2n,,-0.7536849363,1987
486,26,54,14504401.23,n2n,,-2.367795867,1985
487,27,59,14739271.3,n2n,,-0.1013845026,1987
488,28,58,14739271.3,n2n,,-1.412513535,1987
489,39,89,14698639.39,n2n,,-0.01772876696,1987
490,40,96,14739271.3,n2n,,0.2019976196,1987
491,69,169,14698639.39,n2n,,0.2883610275,1987
492,79,197,14739271.3,n2n,,0.3353375253,1987
493,65,159,10000000,n2n,,-0.2557070169,1996
494,72,176,10000000,n2n,,-0.2612194415,1996
495,65,159,14700000,n2n,,0.2968844755,1996
496,72,176,14700000,n2n,,0.2821687783,1996
497,30,64,14691494.14,n2n,,-0.8282735463,1995
498,30,64,17180598.28,n2n,,-0.565431096,1995
499,62,150,9502999.526,n2n,,-0.1023729087,2004
500,62,150,10589716.71,n2n,,0.07065345067,2004
501,62,150,12466372.68,n2n,,0.1854004832,2004
502,62,150,14899559.57,n2n,,0.1884597363,2004
503,62,150,17102982.2,n2n,,0.1105897103,2004
504,62,150,19232971.69,n2n,,-0.15490196,2004
505,39,89,12320894.12,n2n,,-1.578396073,2003
506,39,89,14333150.74,n2n,,-0.8217426792,2003
507,39,89,16905844.7,n2n,,-0.6566898968,2003
508,39,89,19280000,n2n,,-0.6575773192,2003
509,39,89,12776000,n2n,,-2.167491087,2003
510,39,89,14333150.74,n2n,,-1.31202538,2003
511,39,89,16905844.7,n2n,,-0.9323712833,2003
512,39,89,19280000,n2n,,-0.8213107602,2003
513,62,150,9214720.707,n2n,,-0.2784641678,2010
514,62,150,10828850.35,n2n,,0.05115252245,2010
515,62,150,12471146.7,n2n,,0.1889284838,2010
516,62,150,14508807.67,n2n,,0.1958996524,2010
517,62,150,17119228.95,n2n,,0.123851641,2010
518,62,150,19520000,n2n,,-0.09691001301,2010
519,30,64,12911273.42,n2n,,-1.617658709,2013
520,30,64,14032216.15,n2n,,-0.9975639386,2013
521,54,136,9206606.324,n2n,,-0.3854296819,2013
522,54,136,10443275.35,n2n,,0.01946940074,2013
523,54,136,12429947.71,n2n,,0.2281192083,2013
524,54,136,14342746.84,n2n,,0.2500253796,2013
525,31,69,11247221.88,n2n,,-1.406160339,2011
526,31,69,12869537.68,n2n,,-0.3374310331,2011
527,31,69,14494250.59,n2n,,-0.155626388,2011
528,33,75,11500000,n2n,,-0.6792307717,2011
529,33,75,12869537.68,n2n,,-0.16127681,2011
530,33,75,14494250.59,n2n,,-0.03232724444,2011
531,54,124,11360000,n2n,,-1.094960072,2015
532,54,124,12592787.89,n2n,,-0.3311180967,2015
533,54,124,14328073.37,n2n,,-0.07179368079,2015
534,69,169,17838133.31,n2n,,0.2027606874,2016
535,69,169,19330000,n2n,,0.02118929907,2016
536,28,58,17838133.31,n2n,,-1.229147988,2016
537,28,58,19330000,n2n,,-1.187086643,2016
538,32,76,10627976.53,n2n,,-0.5437212901,2017
539,32,76,12612807.28,n2n,,-0.08570048611,2017
540,32,76,14338295.9,n2n,,0.02627988622,2017
541,92,238,6609281.353,n2n,,-0.638272164,2017
542,92,238,7873179.571,n2n,,0.03208126761,2017
543,92,238,9141444.087,n2n,,0.1351326514,2017
544,92,238,10650090.09,n2n,,0.1576078534,2017
545,92,238,12177434.05,n2n,,0.1507564399,2017
546,92,238,14158152.27,n2n,,-0.05223961809,2017
547,69,169,15243359.21,n2n,,0.3106614558,2021
548,69,169,17185911.07,n2n,,0.2430628648,2021
549,69,169,18800000,n2n,,0.09142072899,2021
550,81,203,12824471.92,n2n,,0.0159043779,1964
551,81,203,14138807.27,n2n,,0.1134976935,1964
552,81,203,16403000,n2n,,0.04921802267,1964
553,53,127,9334000,n2n,,-1.520856752,1964
554,53,127,12555829.48,n2n,,0.0006726352892,1964
555,53,127,14125773.25,n2n,,0.08116721471,1964
556,28,58,12583615.18,n2n,,-2.072039685,1964
557,28,58,14159227.81,n2n,,-1.514960355,1964
558,79,197,14100000,n2n,,0.292034436,2020
559,79,197,14100000,n2n,,0.3096301674,2020
560,79,197,14100000,n2n,,0.2918126875,2020
561,79,197,14100000,n2n,,0.3271545124,2020
562,74,182,8360000,n2n,,-0.9706162223,2025
563,74,182,9341432.437,n2n,,-0.1127579001,2025
564,74,182,10802591.28,n2n,,0.1872386198,2025
565,74,182,12270146.7,n2n,,0.2854822948,2025
566,74,182,14700000,n2n,,0.3479151865,2025
567,33,75,14100000,n2n,,-0.01322826573,2026
568,33,75,14100000,n2n,,-0.01682492796,2026
569,33,75,14100000,n2n,,-0.03763066433,2026
570,68,170,14800000,n2n,,0.2776092143,1964
571,70,176,14800000,n2n,,0.2576785749,1964
572,81,205,14800000,n2n,,0.2988530764,1964
573,76,192,14700000,n2n,,0.3265406685,1970
574,78,198,14700000,n2n,,0.2957869403,1970
575,37,85,14700000,n2n,,0.1553360375,1966
576,37,87,14371325.62,n2n,,0.1693804953,1966
577,38,86,14700000,n2n,,-0.006563769502,1966
578,39,89,14371325.62,n2n,,-0.01547268666,1966
579,40,90,14700000,n2n,,-0.1266793982,1966
580,44,96,14700000,n2n,,-0.06550154876,1966
581,33,75,14395745.9,n2n,,0.0006509536296,1966
582,34,76,14395745.9,n2n,,-0.0484196551,1966
583,38,86,14100000,n2n,,-0.15490196,1959
584,39,89,14100000,n2n,,-0.2676062402,1959
585,55,133,14100000,n2n,,0.1903316982,1959
586,26,56,14000000,n2n,,-0.3565473235,1962
587,27,59,14000000,n2n,,-0.2006594505,1962
588,30,68,14000000,n2n,,-0.2757241304,1962
589,29,63,14800000,n2n,,-0.2456516643,1965
590,29,63,14800000,n2n,,-0.2612194415,1965
591,35,79,14800000,n2n,,0.05728564442,1965
592,35,79,14800000,n2n,,0.02530586526,1965
593,29,65,14600000,n2n,,-0.09258863923,1966
594,29,65,14200000,n2n,,-0.06905096883,1966
595,55,133,14600000,n2n,,0.2073650375,1966
596,55,133,14200000,n2n,,0.1978316933,1966
597,55,133,14200000,n2n,,0.2258259915,1966
598,55,133,14600000,n2n,,0.1875207208,1966
599,30,64,13500000,n2n,,-1.091514981,1968
600,30,64,14377266.45,n2n,,-0.8627514152,1968
601,29,63,14100000,n2n,,-0.2549252084,1957
602,30,64,14100000,n2n,,-0.9244530386,1957
603,35,81,14100000,n2n,,-0.008773924308,1961
604,51,121,13200000,n2n,,0.1010593549,1968
605,51,121,14233396.98,n2n,,0.1769011864,1968
606,27,59,13390000,n2n,,-0.09151498112,1967
607,27,59,14322992.85,n2n,,-0.001813340763,1967
608,32,76,13390000,n2n,,-0.01144104312,1967
609,32,76,14332074.93,n2n,,0.07580756415,1967
610,35,79,13424954.38,n2n,,-0.1007268127,1967
611,35,79,14385058.65,n2n,,-0.02483088285,1967
612,35,81,13390000,n2n,,-0.2247537403,1967
613,35,81,14307711.96,n2n,,-0.1343696875,1967
614,29,63,14100000,n2n,,-0.339134522,1961
615,40,90,13440000,n2n,,-0.4989407378,1972
616,40,90,14204713.01,n2n,,-0.104577454,1972
617,42,92,13410000,n2n,,-1.469800302,1972
618,42,92,14202384.33,n2n,,-0.9176275852,1972
619,39,89,14700000,n2n,,0.02201573982,1966
620,45,103,14700000,n2n,,-0.232102384,1966
621,69,169,14700000,n2n,,0.009450895799,1966
622,81,203,14700000,n2n,,0.2938043599,1966
623,81,205,14700000,n2n,,0.3630475945,1966
624,33,75,14100000,n2n,,0.01283722471,1973
625,43,99,14700000,n2n,,0.08884456273,1973
626,53,129,14500000,n2n,,0.1731862684,1973
627,29,63,12858544.2,n2n,,-0.5428753737,1965
628,29,63,14600685.64,n2n,,-0.2111248842,1965
629,29,63,17178214.04,n2n,,-0.07114346642,1965
630,29,63,19127123.82,n2n,,-0.0249130065,1965
631,27,59,13020631.37,n2n,,-0.305219364,1965
632,27,59,14721353.42,n2n,,-0.1633142735,1965
633,27,59,16927210.55,n2n,,-0.1094991403,1965
634,27,59,19194735.7,n2n,,-0.1080446166,1965
635,28,58,13152269.54,n2n,,-2.224268224,1965
636,28,58,14641536.59,n2n,,-1.505072777,1965
637,28,58,17226324.85,n2n,,-1.282421949,1965
638,28,58,19127123.82,n2n,,-1.202040356,1965
639,29,65,12961183.65,n2n,,-0.135845044,1965
640,29,65,14641536.59,n2n,,-0.01507282981,1965
641,29,65,17226324.85,n2n,,0.02725897871,1965
642,29,65,19127123.82,n2n,,0.05757102028,1965
643,30,64,12961183.65,n2n,,-1.464199709,1965
644,30,64,14641536.59,n2n,,-0.7157447741,1965
645,30,64,17226324.85,n2n,,-0.4236586498,1965
646,30,64,19127123.82,n2n,,-0.3302183848,1965
647,41,93,16800000,n2n,,0.1398790864,1970
648,45,103,11130497.62,n2n,,-0.2478234606,1970
649,45,103,13012739.18,n2n,,-0.0248746802,1970
650,45,103,14598975.78,n2n,,-0.01565274241,1970
651,45,103,16959250.84,n2n,,0.02561304044,1970
652,45,103,19225439.19,n2n,,0.007961033336,1970
653,26,56,12593372.43,n2n,,-0.7639772152,2016
654,26,56,14274619.82,n2n,,-0.3469015637,2016
655,27,59,11152309.18,n2n,,-1.180456064,2016
656,27,59,12593372.43,n2n,,-0.4034029044,2016
657,27,59,14271930.49,n2n,,-0.1484359177,2016
658,33,75,11152309.18,n2n,,-0.8843894883,2016
659,33,75,12593372.43,n2n,,-0.1987678462,2016
660,33,75,14274619.82,n2n,,0.01381995064,2016
661,39,89,12593372.43,n2n,,-0.5023793502,2016
662,39,89,14274619.82,n2n,,-0.06651271215,2016
663,41,93,9440000,n2n,,-1.337242168,2016
664,41,93,10650908.22,n2n,,-0.2189630614,2016
665,41,93,12593372.43,n2n,,0.04756689551,2016
666,41,93,14274619.82,n2n,,0.1113745463,2016
667,45,103,10650908.22,n2n,,-0.3796036546,2016
668,45,103,12593372.43,n2n,,0.03120641983,2016
669,45,103,14274619.82,n2n,,0.1252643354,2016
670,29,63,12593372.43,n2n,,-0.7206753346,2016
671,29,63,14274619.82,n2n,,-0.3366132117,2016
672,29,65,11152309.18,n2n,,-0.7644715531,2016
673,29,65,12593372.43,n2n,,-0.2521999091,2016
674,29,65,14274619.82,n2n,,-0.07589308722,2016
675,34,76,12593372.43,n2n,,-0.5075888627,2016
676,34,76,14274619.82,n2n,,-0.1325325121,2016
677,34,78,11152309.18,n2n,,-1.122053048,2016
678,34,78,12593372.43,n2n,,-0.2600323032,2016
679,34,78,14274619.82,n2n,,-0.02641037657,2016
680,34,80,10902659.28,n2n,,-0.6332658321,2016
681,34,80,12593372.43,n2n,,-0.1083231891,2016
682,34,80,14274619.82,n2n,,0.02475923904,2016
683,34,82,10650908.22,n2n,,-0.4253900587,2016
684,34,82,12593372.43,n2n,,-0.03526907895,2016
685,34,82,14274619.82,n2n,,0.04244424616,2016
686,63,151,8930668.862,n2n,,-0.6055483192,2016
687,63,151,10650908.22,n2n,,0.04756689551,2016
688,63,151,12593372.43,n2n,,0.2131856006,2016
689,63,151,14274619.82,n2n,,0.2557547866,2016
690,69,169,8930668.862,n2n,,-0.3532696138,2016
691,69,169,10650908.22,n2n,,0.1558671918,2016
692,69,169,12593372.43,n2n,,0.2805783704,2016
693,69,169,14274619.82,n2n,,0.2954937951,2016
694,71,175,8930668.862,n2n,,-0.1709107466,2016
695,71,175,10650908.22,n2n,,0.2027606874,2016
696,71,175,12593372.43,n2n,,0.2880255354,2016
697,71,175,14274619.82,n2n,,0.321045805,2016
698,73,181,8930668.862,n2n,,-0.1148273168,2016
699,73,181,10650908.22,n2n,,0.2067584338,2016
700,73,181,12593372.43,n2n,,0.2825088236,2016
701,73,181,14274619.82,n2n,,0.2912208039,2016
702,79,197,8930668.862,n2n,,-0.4814860601,2016
703,79,197,10650908.22,n2n,,0.1109262423,2016
704,79,197,12593372.43,n2n,,0.2832446763,2016
705,79,197,14274619.82,n2n,,0.3089199555,2016
706,83,209,7930000,n2n,,-0.9281179927,2016
707,83,209,8930668.862,n2n,,-0.124360063,2016
708,83,209,10650908.22,n2n,,0.2320426644,2016
709,83,209,12593372.43,n2n,,0.3054051154,2016
710,83,209,14274619.82,n2n,,0.3239392751,2016
711,60,142,10662185.52,n2n,,-0.4968905633,2016
712,60,142,12355484.61,n2n,,0.04883008653,2016
713,60,142,14271930.49,n2n,,0.2541854095,2016
714,60,144,8180000,n2n,,-0.8728952016,2016
715,60,144,8983265.298,n2n,,-0.2413403844,2016
716,60,144,10412313.59,n2n,,0.08338316048,2016
717,60,144,12355484.61,n2n,,0.1854004832,2016
718,60,144,14274619.82,n2n,,0.2290842872,2016
719,60,146,8030000,n2n,,-0.7958800173,2016
720,60,146,8930668.862,n2n,,-0.1197582241,2016
721,60,146,10412313.59,n2n,,0.1441589128,2016
722,60,146,12355484.61,n2n,,0.2341374895,2016
723,60,146,14271930.49,n2n,,0.2837533833,2016
724,60,148,8030000,n2n,,-0.4921441283,2016
725,60,148,8930668.862,n2n,,-0.02319166266,2016
726,60,148,10412313.59,n2n,,0.1635588986,2016
727,60,148,12355484.61,n2n,,0.2155053782,2016
728,60,148,14274619.82,n2n,,0.2501759481,2016
729,60,150,8030000,n2n,,-0.6458915609,2016
730,60,150,8930668.862,n2n,,-0.05436731342,2016
731,60,150,10412313.59,n2n,,0.1589652604,2016
732,60,150,12355484.61,n2n,,0.2469906992,2016
733,60,150,14271930.49,n2n,,0.2681097298,2016
734,62,148,8983265.298,n2n,,-0.4310164675,2016
735,62,148,10412313.59,n2n,,0.05153839052,2016
736,62,148,12355484.61,n2n,,0.2009872192,2016
737,62,148,14271930.49,n2n,,0.2553931257,2016
738,62,150,8983265.298,n2n,,-0.3914739664,2016
739,62,150,10412313.59,n2n,,0.06694678963,2016
740,62,150,12355484.61,n2n,,0.1899112097,2016
741,62,150,14271930.49,n2n,,0.2668194549,2016
742,62,152,8983265.298,n2n,,-0.519993057,2016
743,62,152,10412313.59,n2n,,0.05512338891,2016
744,62,152,12355484.61,n2n,,0.1929853791,2016
745,62,152,14271930.49,n2n,,0.2430380487,2016
746,62,154,8930668.862,n2n,,-0.2932822177,2016
747,62,154,10412313.59,n2n,,0.119365879,2016
748,62,154,12355484.61,n2n,,0.2382970679,2016
749,62,154,14271930.49,n2n,,0.2991803107,2016
750,64,155,6890000,n2n,,-1.494850022,2016
751,64,155,7665591.954,n2n,,-0.4219341162,2016
752,64,155,8930668.862,n2n,,-0.0159229661,2016
753,64,155,10650908.22,n2n,,0.1789050383,2016
754,64,155,12593372.43,n2n,,0.240174695,2016
755,64,155,14274619.82,n2n,,0.2712218498,2016
756,64,156,8930668.862,n2n,,-0.9100948886,2016
757,64,156,10650908.22,n2n,,0.02263453994,2016
758,64,156,12593372.43,n2n,,0.203576775,2016
759,64,156,14274619.82,n2n,,0.2494429614,2016
760,64,157,6890000,n2n,,-0.9507819773,2016
761,64,157,7665591.954,n2n,,-0.2696215314,2016
762,64,157,8930668.862,n2n,,0.0757901955,2016
763,64,157,10650908.22,n2n,,0.2136505485,2016
764,64,157,12593372.43,n2n,,0.2487699685,2016
765,64,157,14274619.82,n2n,,0.2749271931,2016
766,64,158,8930668.862,n2n,,-0.3490452421,2016
767,64,158,10650908.22,n2n,,0.1352917045,2016
768,64,158,12593372.43,n2n,,0.2294258479,2016
769,64,158,14274619.82,n2n,,0.2668586105,2016
770,64,160,7930000,n2n,,-0.9430951487,2016
771,64,160,8930668.862,n2n,,-0.05799194698,2016
772,64,160,10650908.22,n2n,,0.1924977599,2016
773,64,160,12593372.43,n2n,,0.2482185612,2016
774,64,160,14274619.82,n2n,,0.2630834808,2016
775,74,182,8180000,n2n,,-1.795880017,2016
776,74,182,8869883.875,n2n,,-0.4678828838,2016
777,74,182,10412313.59,n2n,,0.1348143703,2016
778,74,182,12672138.35,n2n,,0.2766915288,2016
779,74,182,14274619.82,n2n,,0.3123184298,2016
780,74,183,7833362.651,n2n,,-0.0357403698,2016
781,74,183,8930668.862,n2n,,0.1672188441,2016
782,74,183,10408472.51,n2n,,0.2605483726,2016
783,74,183,12672138.35,n2n,,0.2826976227,2016
784,74,183,14274619.82,n2n,,0.2836780569,2016
785,74,184,7923929.781,n2n,,-0.7220089883,2016
786,74,184,8869883.875,n2n,,-0.05207638017,2016
787,74,184,10408472.51,n2n,,0.2182728536,2016
788,74,184,12672138.35,n2n,,0.2863067388,2016
789,74,184,14274619.82,n2n,,0.2951270853,2016
790,74,186,7792198.651,n2n,,-0.5879596698,2016
791,74,186,8869883.875,n2n,,0.02428037605,2016
792,74,186,10408472.51,n2n,,0.2362852774,2016
793,74,186,12672138.35,n2n,,0.2902572694,2016
794,74,186,14274619.82,n2n,,0.285557309,2016
795,81,203,8930668.862,n2n,,-0.6209968105,2016
796,81,203,10650908.22,n2n,,0.06846416645,2016
797,81,203,12593372.43,n2n,,0.2430380487,2016
798,81,203,14271930.49,n2n,,0.3000517321,2016
799,81,205,8930668.862,n2n,,-0.3359851646,2016
800,81,205,10650908.22,n2n,,0.1427804055,2016
801,81,205,12593372.43,n2n,,0.2592354022,2016
802,81,205,14271930.49,n2n,,0.2844307338,2016
803,82,206,8930668.862,n2n,,-0.5745744754,2016
804,82,206,10650908.22,n2n,,0.07736790528,2016
805,82,206,12593372.43,n2n,,0.2618573856,2016
806,82,206,14274619.82,n2n,,0.3013194289,2016
807,82,207,7833362.651,n2n,,-0.7391339284,2016
808,82,207,8930668.862,n2n,,-0.1469104701,2016
809,82,207,10650908.22,n2n,,0.1747138111,2016
810,82,207,12593372.43,n2n,,0.2722478418,2016
811,82,207,14274619.82,n2n,,0.2989985443,2016
812,82,208,8054030.047,n2n,,-0.896196279,2016
813,82,208,8930668.862,n2n,,-0.2076083105,2016
814,82,208,10650908.22,n2n,,0.1696744341,2016
815,82,208,12593372.43,n2n,,0.2738111994,2016
816,82,208,14274619.82,n2n,,0.3088488704,2016
817,30,66,12998461.45,n2n,,-0.4028535122,1975
818,30,66,14583996.66,n2n,,-0.1656852864,1975
819,30,66,17132894.27,n2n,,-0.0530567293,1975
820,30,66,19193956.43,n2n,,-0.0307394425,1975
821,79,197,10928545.33,n2n,,0.1934724514,1975
822,79,197,12998461.45,n2n,,0.2695129442,1975
823,79,197,14537427.68,n2n,,0.2744465129,1975
824,79,197,17109432.41,n2n,,0.2367890994,1975
825,79,197,19193956.43,n2n,,0.0420502091,1975
826,92,238,13210000,n2n,,0.08600370562,1979
827,92,238,14593909.64,n2n,,-0.1587970039,1979
828,92,238,17000454.08,n2n,,-0.4405722002,1979
829,90,232,12990000,n2n,,0.2579184503,1979
830,90,232,14551983.32,n2n,,0.06464514479,1979
831,90,232,16936486.85,n2n,,-0.3814289719,1979
832,53,127,14700000,n2n,,0.214843848,1971
833,55,133,14700000,n2n,,0.198657087,1971
834,64,160,14700000,n2n,,0.260071388,1971
835,68,162,14700000,n2n,,0.2430380487,1971
836,39,89,14700000,n2n,,-0.04239271294,1974
837,40,90,14700000,n2n,,-0.11463878,1974
838,40,96,14700000,n2n,,0.1844074854,1974
839,44,98,14700000,n2n,,-0.1023729087,1974
840,44,104,14700000,n2n,,0.08990511144,1974
841,32,76,12696456.2,n2n,,-0.06123017722,1970
842,32,76,14720606.02,n2n,,0.08517160974,1970
843,32,76,17005817.31,n2n,,0.04131371535,1970
844,32,76,18500000,n2n,,-0.02227639471,1970
845,55,133,14800000,n2n,,0.2095150145,1970
846,28,58,14700000,n2n,,-1.4867824,1973
847,26,54,14700000,n2n,,-2.096910013,1972
848,29,63,14700000,n2n,,-0.2269453066,1972
849,29,65,14700000,n2n,,-0.03338901332,1972
850,30,64,14700000,n2n,,-0.6989700043,1972
851,30,66,14700000,n2n,,-0.2182446253,1972
852,32,70,14700000,n2n,,-0.2306226739,1972
853,33,75,14700000,n2n,,-0.01322826573,1972
854,42,92,14700000,n2n,,-0.6458915609,1972
855,42,100,14700000,n2n,,0.1430148003,1972
856,77,191,14700000,n2n,,0.2839792842,1972
857,77,191,14700000,n2n,,0.2345172835,1972
858,78,192,14700000,n2n,,0.306639441,1972
859,78,198,14700000,n2n,,0.2741578493,1972
860,80,198,14700000,n2n,,0.2833012287,1972
861,80,204,14700000,n2n,,0.3074960379,1972
862,58,136,14700000,n2n,,0.2052043639,1974
863,58,138,14700000,n2n,,0.2823955047,1974
864,58,140,14700000,n2n,,0.2576785749,1974
865,58,142,14700000,n2n,,0.2489536155,1974
866,60,142,14700000,n2n,,0.2284003587,1974
867,60,148,14700000,n2n,,0.2900346114,1974
868,60,150,14700000,n2n,,0.2801228963,1974
869,62,144,14700000,n2n,,0.2247919565,1974
870,62,154,14700000,n2n,,0.2746196191,1974
871,63,151,14700000,n2n,,0.2397998184,1974
872,63,153,14700000,n2n,,0.3111178427,1974
873,64,152,14700000,n2n,,0.2711443179,1974
874,64,154,14700000,n2n,,0.2999429,1974
875,64,160,14700000,n2n,,0.2955671,1974
876,65,159,14700000,n2n,,0.2555137128,1974
877,66,156,14700000,n2n,,0.2676409823,1974
878,66,158,14700000,n2n,,0.2988530764,1974
879,66,160,14700000,n2n,,0.3053513694,1974
880,67,165,14700000,n2n,,0.3100557378,1974
881,68,162,14700000,n2n,,0.2848817147,1974
882,68,164,14700000,n2n,,0.261024834,1974
883,68,166,14700000,n2n,,0.2909245594,1974
884,69,169,14700000,n2n,,0.2946866243,1974
885,70,168,14700000,n2n,,0.28171497,1974
886,70,170,14700000,n2n,,0.2977605111,1974
887,70,176,14700000,n2n,,0.3356584523,1974
888,71,175,14700000,n2n,,0.2794387883,1974
889,72,174,14700000,n2n,,0.2755416884,1974
890,72,176,14700000,n2n,,0.3172273492,1974
891,29,65,14410000,n2n,,-0.06550154876,1975
892,39,89,14510000,n2n,,-0.05158703422,1975
893,26,54,14899367.54,n2n,,-1.656919795,1976
894,26,54,16996560.43,n2n,,-1.296192935,1976
895,32,70,13370000,n2n,,-0.3664305574,1976
896,32,70,15370000,n2n,,-0.1348960254,1976
897,32,70,16994485.7,n2n,,-0.05826005145,1976
898,34,74,12960000,n2n,,-1.13076828,1976
899,34,74,14494858.39,n2n,,-0.5132154286,1976
900,34,74,16986740.09,n2n,,-0.2199708727,1976
901,37,85,13380000,n2n,,-0.072526979,1976
902,37,85,15080689.64,n2n,,0.04178731897,1976
903,37,85,17202445.01,n2n,,0.0485583249,1976
904,38,86,13025298.46,n2n,,-0.3005959182,1976
905,38,86,14819487.17,n2n,,-0.07058107429,1976
906,38,86,17199094.97,n2n,,0.03542973818,1976
907,39,89,12927582.91,n2n,,-0.4259687323,1976
908,39,89,14485591.08,n2n,,-0.06550154876,1976
909,39,89,16840802.17,n2n,,0.05307844348,1976
910,42,92,13081674.2,n2n,,-1.54515514,1976
911,42,92,14639978.5,n2n,,-0.565963646,1976
912,42,92,17000696.35,n2n,,-0.1265631368,1976
913,80,204,12927582.91,n2n,,0.3070679507,1976
914,80,204,14485591.08,n2n,,0.3014640731,1976
915,80,204,17151876.03,n2n,,0.14066514,1976
916,74,180,14700000,n2n,,0.2709116394,1975
917,74,182,14700000,n2n,,0.3348556896,1975
918,74,186,14700000,n2n,,0.356408327,1975
919,29,63,14700000,n2n,,-0.271646218,1976
920,30,64,14700000,n2n,,-0.721246399,1976
921,31,69,14700000,n2n,,-0.08618614762,1976
922,35,79,14700000,n2n,,-0.01999662842,1976
923,59,141,14700000,n2n,,0.2013971243,1976
924,32,70,14700000,n2n,,-0.2403321553,1976
925,29,63,14981688.82,n2n,,-0.2653501745,1978
926,29,63,17128110.58,n2n,,-0.1615054238,1978
927,29,63,18950000,n2n,,-0.1265278402,1978
928,29,65,14981688.82,n2n,,-0.01482026813,1978
929,29,65,17128110.58,n2n,,0.0265453927,1978
930,29,65,18950000,n2n,,0.006496408703,1978
931,39,89,14060000,n2n,,-0.07837455784,1969
932,92,238,14060000,n2n,,-0.07995668885,1969
933,39,89,12400000,n2n,,-0.6255125496,1972
934,41,93,12400000,n2n,,0.0007700342174,1972
935,41,93,14300000,n2n,,0.1199353664,1972
936,45,103,12400000,n2n,,0.07458402989,1972
937,45,103,14300000,n2n,,0.1818404594,1972
938,69,169,12400000,n2n,,0.2392758292,1972
939,69,169,14300000,n2n,,0.3279274872,1972
940,79,197,12400000,n2n,,0.2728516619,1972
941,79,197,14300000,n2n,,0.4132844444,1972
942,92,235,7100000,n2n,,-0.2862301688,1972
943,92,235,8000000,n2n,,-0.2343563809,1972
944,92,235,12400000,n2n,,-0.1515360913,1972
945,92,235,14100000,n2n,,-0.7761736732,1972
946,92,238,7000000,n2n,,-0.3495390972,1972
947,92,238,8000000,n2n,,0.0131868377,1972
948,92,238,12400000,n2n,,-0.06175416646,1972
949,37,87,13380000,n2n,,0.1622656143,1972
950,37,87,15080689.64,n2n,,0.2821687783,1972
951,37,87,17120000,n2n,,0.2382970679,1972
952,55,133,13025298.46,n2n,,0.04040452891,1972
953,55,133,15127227.11,n2n,,0.1473671078,1972
954,55,133,17199094.97,n2n,,0.1436392353,1972
955,29,65,14780000,n2n,,0.01828430843,1973
956,64,160,14780000,n2n,,0.163161375,1973
957,26,56,14700000,n2n,,-0.3565473235,1977
958,28,58,14700000,n2n,,-1.455931956,1977
959,31,69,14100000,n2n,,0.03742649794,1976
960,31,71,14100000,n2n,,-0.15490196,1976
961,32,70,14100000,n2n,,-0.1426675036,1976
962,33,75,14100000,n2n,,0.07918124605,1976
963,34,74,14100000,n2n,,-1.236572006,1976
964,34,76,14100000,n2n,,-0.05551732785,1976
965,58,140,14700000,n2n,,0.2405492483,1968
966,58,142,14700000,n2n,,0.2695129442,1968
967,60,142,14700000,n2n,,0.214843848,1968
968,64,154,14700000,n2n,,0.268343914,1968
969,66,160,14700000,n2n,,0.3042750505,1968
970,67,165,14700000,n2n,,0.3242824553,1968
971,68,166,14700000,n2n,,0.2933625547,1968
972,69,169,14700000,n2n,,0.3010299957,1968
973,70,170,14700000,n2n,,0.318063335,1968
974,72,176,14700000,n2n,,0.3463529745,1968
975,74,182,14700000,n2n,,0.3344537512,1968
976,79,197,14700000,n2n,,0.3654879849,1968
977,80,198,14700000,n2n,,0.3692158574,1968
978,80,204,14700000,n2n,,0.361727836,1968
979,81,203,14700000,n2n,,0.3394514413,1968
980,82,204,14700000,n2n,,0.3242824553,1968
981,40,96,14600000,n2n,,0.1398790864,1976
982,58,142,14600000,n2n,,0.252853031,1976
983,29,65,14700000,n2n,,-0.06248210798,1968
984,41,93,14100000,n2n,,0.1303337685,1971
985,44,96,12965276.7,n2n,,-0.2687444179,1970
986,44,96,14699947.8,n2n,,-0.07497771549,1970
987,44,96,17122927.68,n2n,,-0.01969252845,1970
988,44,104,13019884.79,n2n,,0.1710969452,1970
989,44,104,14581429.97,n2n,,0.1710969452,1970
990,44,104,17197222.35,n2n,,0.1656156632,1970
991,46,102,12965276.7,n2n,,-0.183342788,1970
992,46,102,14668152.57,n2n,,0.01998256121,1970
993,46,102,17122927.68,n2n,,0.02887303139,1970
994,46,110,12828737.27,n2n,,0.1338098639,1970
995,46,110,14361606.01,n2n,,0.1721608004,1970
996,46,110,16972661.91,n2n,,0.1747994915,1970
997,60,142,13167626.97,n2n,,0.1053588802,1970
998,60,142,14921869.82,n2n,,0.1957994712,1970
999,60,142,17233879.3,n2n,,0.2379399732,1970
1000,76,192,12818736.29,n2n,,0.3378902771,1970
1001,76,192,14665798.14,n2n,,0.3335654409,1970
1002,76,192,17282911.81,n2n,,0.1510318695,1970
1003,78,198,12828737.27,n2n,,0.3374943842,1970
1004,78,198,14620302.9,n2n,,0.3480105029,1970
1005,78,198,17265538.72,n2n,,0.1465979144,1970
1006,33,75,12940000,n2n,,-0.1255181823,1968
1007,33,75,14505730.54,n2n,,0.008067621748,1968
1008,33,75,17172413.67,n2n,,0.06744284278,1968
1009,33,75,19222081.05,n2n,,0.05899509353,1968
1010,37,85,12940000,n2n,,-0.1319436382,1968
1011,37,85,14505730.54,n2n,,0.02067197384,1968
1012,37,85,17172413.67,n2n,,0.06966809691,1968
1013,37,85,19222081.05,n2n,,0.04941186087,1968
1014,58,140,12940000,n2n,,0.2005769268,1968
1015,58,140,14505730.54,n2n,,0.2643455071,1968
1016,58,140,17172413.67,n2n,,0.2692793898,1968
1017,58,140,19222081.05,n2n,,0.2038484637,1968
1018,58,142,12940000,n2n,,0.2533380053,1968
1019,58,142,14505730.54,n2n,,0.2340108176,1968
1020,58,142,17172413.67,n2n,,0.1351326514,1968
1021,58,142,19222081.05,n2n,,-0.07831352452,1968
1022,48,106,13105846.02,n2n,,-0.02090709936,1968
1023,48,106,14822105.49,n2n,,0.1819388175,1968
1024,48,106,16924014.67,n2n,,0.1908917169,1968
1025,48,106,18985131.02,n2n,,0.1545761169,1968
1026,50,112,13105846.02,n2n,,-0.06499684855,1968
1027,50,112,14822105.49,n2n,,0.07676177192,1968
1028,50,112,16924014.67,n2n,,0.0929544506,1968
1029,50,112,18985131.02,n2n,,0.06107532363,1968
1030,51,121,13105846.02,n2n,,0.1597175462,1968
1031,51,121,14822105.49,n2n,,0.2230630749,1968
1032,51,121,16924014.67,n2n,,0.2399664702,1968
1033,51,121,18985131.02,n2n,,0.177969136,1968
1034,51,123,13105846.02,n2n,,0.07188200731,1968
1035,51,123,14822105.49,n2n,,0.1137205801,1968
1036,51,123,16924014.67,n2n,,0.1127166884,1968
1037,51,123,18985131.02,n2n,,0.06818586175,1968
1038,59,141,13105846.02,n2n,,0.1733319804,1968
1039,59,141,14822105.49,n2n,,0.2305340688,1968
1040,59,141,16924014.67,n2n,,0.2693572552,1968
1041,59,141,18985131.02,n2n,,0.2620949647,1968
1042,62,144,13105846.02,n2n,,-0.006343371385,1968
1043,62,144,14822105.49,n2n,,0.1891158412,1968
1044,62,144,16924014.67,n2n,,0.244029589,1968
1045,62,144,18985131.02,n2n,,0.2231063809,1968
1046,29,63,13210000,n2n,,-0.4025713518,1969
1047,29,63,14764348.95,n2n,,-0.2052389654,1969
1048,29,63,17027866.61,n2n,,-0.09452339323,1969
1049,29,65,13210000,n2n,,-0.09559572583,1969
1050,29,65,14764348.95,n2n,,-0.03436138821,1969
1051,29,65,17027866.61,n2n,,-0.005284909021,1969
1052,30,64,14782876.04,n2n,,-0.6932050276,1969
1053,30,64,17166193.74,n2n,,-0.4036429892,1969
1054,30,66,14782876.04,n2n,,-0.06820495473,1969
1055,30,66,17155129.47,n2n,,0.02556885745,1969
1056,27,59,12550000,n2n,,-0.3675427078,1966
1057,27,59,14639672.13,n2n,,-0.1748985884,1966
1058,27,59,17433875.07,n2n,,-0.1363797797,1966
1059,27,59,19600000,n2n,,-0.06348625752,1966
1060,34,74,12950000,n2n,,-1.085128182,1966
1061,34,74,14494481.71,n2n,,-0.4134126953,1966
1062,34,74,17152582.58,n2n,,-0.2249967022,1966
1063,34,74,19600000,n2n,,-0.1791420106,1966
1064,27,59,14600000,n2n,,-0.1237821594,1978
1065,40,96,14600000,n2n,,0.2145789536,1978
1066,79,197,14900000,n2n,,0.3607826899,1978
1067,42,100,14600000,n2n,,0.1522883444,1977
1068,60,142,14600000,n2n,,0.2240148114,1977
1069,60,148,14600000,n2n,,0.2526103406,1977
1070,60,150,14600000,n2n,,0.2355284469,1977
1071,62,154,14600000,n2n,,0.3031960574,1977
1072,64,160,14600000,n2n,,0.3370597263,1977
1073,70,176,14600000,n2n,,0.34752516,1977
1074,26,56,17123667.83,n2n,,-0.1441780946,1978
1075,26,56,19300000,n2n,,-0.08092190762,1978
1076,26,56,17123667.83,n2n,,-0.5316526696,1978
1077,26,56,19300000,n2n,,-0.3027706572,1978
1078,68,162,14800000,n2n,,0.2624510897,1978
1079,68,164,14800000,n2n,,0.1958996524,1978
1080,68,166,14800000,n2n,,0.3364597338,1978
1081,26,54,14650000,n2n,,-1.924453039,1978
1082,26,54,16977645.45,n2n,,-1.185585912,1978
1083,26,54,19000000,n2n,,-1.005682847,1978
1084,31,69,12896511.16,n2n,,-0.1713401035,1965
1085,31,69,14669635.33,n2n,,-0.002176919254,1965
1086,31,69,17160459.52,n2n,,0.0762762554,1965
1087,31,69,18700000,n2n,,0.07188200731,1965
1088,29,65,14700000,n2n,,0,1964
1089,46,110,14700000,n2n,,0.4099331233,1964
1090,67,165,14700000,n2n,,0.4409090821,1964
1091,29,63,14700000,n2n,,-0.2915790999,1967
1092,29,63,14093976.96,n2n,,-0.3329623419,1968
1093,29,65,14093976.96,n2n,,-0.04009335583,1968
1094,37,85,14700000,n2n,,0.2258259915,1968
1095,37,87,14700000,n2n,,0.4067104586,1968
1096,38,86,14700000,n2n,,0.05384642685,1968
1097,40,90,14700000,n2n,,-0.02090709936,1968
1098,42,92,14700000,n2n,,-0.7695510786,1968
1099,47,107,14700000,n2n,,0.1826999033,1968
1100,28,58,13222140.52,n2n,,-2.080921908,1966
1101,28,58,14853996.82,n2n,,-1.486338563,1966
1102,28,58,17169187.22,n2n,,-1.319362369,1966
1103,28,58,19246817.92,n2n,,-1.277366077,1966
1104,38,84,13222140.52,n2n,,-0.3511522916,1966
1105,38,84,14853996.82,n2n,,0.07761012196,1966
1106,38,84,17152582.58,n2n,,0.1647492908,1966
1107,38,84,19222252.73,n2n,,0.1541195255,1966
1108,27,59,13200000,n2n,,-0.2441251443,1961
1109,27,59,14639672.13,n2n,,-0.183427304,1961
1110,27,59,17013599.27,n2n,,-0.09169373991,1961
1111,27,59,19144712.06,n2n,,-0.03905380427,1961
1112,27,59,14208976.04,n2n,,-0.4317982759,1963
1113,27,59,17305345.99,n2n,,-0.1658973443,1963
1114,27,59,19600000,n2n,,-0.1343039401,1963
1115,28,58,12550000,n2n,,-3,1963
1116,28,58,14208976.04,n2n,,-1.869666232,1963
1117,28,58,16500000,n2n,,-1.619788758,1963
1118,28,58,19042058.71,n2n,,-1.437707136,1963
1119,29,63,14749915.25,n2n,,-0.2153827074,1969
1120,29,65,14700000,n2n,,-0.01863449092,1969
1121,35,79,14700000,n2n,,-0.06348625752,1967
1122,49,113,14700000,n2n,,0.2437819161,1968
1123,49,115,14700000,n2n,,0.2692793898,1968
1124,51,121,14700000,n2n,,0.2650537885,1968
1125,51,123,14700000,n2n,,0.357934847,1968
1126,34,74,14700000,n2n,,-0.05848856737,1967
1127,34,76,14700000,n2n,,0.09691001301,1967
1128,34,82,14700000,n2n,,0.1649473726,1967
1129,29,63,13149619.77,n2n,,-0.4436974992,1956
1130,29,63,14609847.8,n2n,,-0.30980392,1956
1131,29,63,16574954.72,n2n,,-0.2254830343,1956
1132,30,64,13133185.1,n2n,,-0.8191098581,1956
1133,30,64,14627153.22,n2n,,-0.6088687789,1956
1134,30,64,16515678.75,n2n,,-0.3880997539,1956
1135,42,100,14100000,n2n,,0.1789769473,1967
1136,83,209,14100000,n2n,,0.4393326938,1978
1137,90,232,14100000,n2n,,0.07918124605,1961
1138,92,238,14500000,n2n,,-0.1611509093,1961
1139,29,63,14130000,n2n,,-0.388276692,1962
1140,30,64,14130000,n2n,,-0.9788107009,1962
1141,31,69,14130000,n2n,,-0.1337126609,1962
1142,35,79,14130000,n2n,,-0.1007268127,1962
1143,42,92,14130000,n2n,,-0.9746941347,1962
1144,59,141,14130000,n2n,,0.09342168516,1962
1145,29,63,13200000,n2n,,-0.1157712304,1962
1146,29,63,14639672.13,n2n,,-0.2576677176,1962
1147,29,63,17013599.27,n2n,,-0.07572071394,1962
1148,29,63,19499743.59,n2n,,-0.06701917808,1962
1149,53,127,13200000,n2n,,0.08278537032,1962
1150,53,127,14639672.13,n2n,,0.1156105117,1962
1151,53,127,17544229.82,n2n,,0.02118929907,1962
1152,55,133,13200000,n2n,,0.07918124605,1962
1153,55,133,14100000,n2n,,0.1105897103,1962
1154,55,133,16970562.75,n2n,,0.04921802267,1962
1155,55,133,19600000,n2n,,-0.06048074738,1962
1156,29,65,13200000,n2n,,-0.1157712304,1963
1157,29,65,14840099.53,n2n,,-0.0249130065,1963
1158,29,65,16620332.42,n2n,,-0.03479829897,1963
1159,29,65,18599731.18,n2n,,-0.08804381093,1963
1160,30,64,13200000,n2n,,-1.346787486,1963
1161,30,64,14587666.02,n2n,,-0.8461851357,1963
1162,30,64,16540858.5,n2n,,-0.5816987087,1963
1163,30,64,19127653.81,n2n,,-0.54464749,1963
1164,46,110,14700000,n2n,,0.2013971243,1967
1165,29,63,14100000,n2n,,-0.30980392,1961
1166,29,65,14100000,n2n,,-0.0268721464,1961
1167,55,133,14100000,n2n,,-0.1524273409,1961
1168,59,141,14000000,n2n,,0.3014640731,1967
1169,58,142,14000000,n2n,,0.3053513694,1967
1170,30,66,14600000,n2n,,-0.2306226739,1979
1171,39,89,14600000,n2n,,-0.01682492796,1979
1172,88,226,14500000,n2n,,0.2041199827,1960
1173,26,54,15000000,n2n,,-2.15490196,1960
1174,29,65,15000000,n2n,,-0.06098022355,1960
1175,31,69,14700000,n2n,,-0.0807126595,1971
1176,33,75,14700000,n2n,,0.01367969729,1971
1177,35,79,14100000,n2n,,0.1261314073,1963
1178,29,63,14100000,n2n,,-0.3205721034,1964
1179,83,209,14300000,n2n,,-0.5376020021,1966
1180,92,235,5853665.518,n2n,,-1.187086643,1980
1181,92,235,6744990.734,n2n,,-0.5093393466,1980
1182,92,235,7770817.203,n2n,,-0.3274403722,1980
1183,92,235,9033926.599,n2n,,-0.1758741661,1980
1184,92,235,10555281.98,n2n,,-0.09474395125,1980
1185,92,235,12317005.78,n2n,,-0.08830984125,1980
1186,92,238,6792984.843,n2n,,-0.7040665614,1980
1187,92,238,7785064.973,n2n,,-0.06862689451,1980
1188,92,238,8939819.963,n2n,,0.06723031795,1980
1189,92,238,10576653.67,n2n,,0.1217421753,1980
1190,92,238,12454422.55,n2n,,0.127226319,1980
1191,92,238,14274619.82,n2n,,-0.04882444074,1980
1192,26,54,14100000,n2n,,-2,1957
1193,83,209,14100000,n2n,,0.3521825181,1967
1194,35,79,13319264.24,n2n,,-0.08937559511,1967
1195,35,79,14443196.07,n2n,,-0.02159120738,1967
1196,35,79,16250000,n2n,,-0.0357403698,1967
1197,82,204,13248427.49,n2n,,0.03742649794,1967
1198,82,204,14797744.16,n2n,,0.107167556,1967
1199,82,204,16124515.5,n2n,,0.04336227802,1967
1200,29,63,14100000,n2n,,-0.3545777307,1972
1201,29,65,14100000,n2n,,-0.05453141487,1972
1202,27,59,14000000,n2n,,-0.2313618988,1963
1203,33,75,14000000,n2n,,-0.07417242538,1963
1204,39,89,14000000,n2n,,0.1303337685,1963
1205,90,232,15000000,n2n,,0.04139268516,1956
1206,92,238,14100000,n2n,,-0.1870866434,1956
1207,32,70,14300000,n2n,,-0.2448877336,1975
1208,62,154,14300000,n2n,,-0.1592667654,1975
1209,64,154,14300000,n2n,,-0.1249387366,1975
1210,70,170,14300000,n2n,,0.2789821169,1975
1211,70,176,14300000,n2n,,0.5255630583,1975
1212,83,209,14900000,n2n,,-0.3767507096,1979
1213,42,95,14900000,n2n,,-0.5346171486,1979
1214,92,238,14680000,n2n,,-0.109020403,1980
1215,37,85,14800000,n2n,,0.06220580882,1979
1216,37,87,14800000,n2n,,0.0813473078,1979
1217,29,63,13240000,n2n,,-0.5562677586,1978
1218,29,63,15357812.64,n2n,,-0.1752018667,1978
1219,29,63,15940000,n2n,,-0.1175323851,1978
1220,29,63,13277498.65,n2n,,-0.5332806283,1978
1221,29,63,14308080.83,n2n,,-0.3126980954,1978
1222,39,89,14445760.62,n2n,,-0.03198428601,1981
1223,69,169,14445760.62,n2n,,0.3053513694,1981
1224,40,90,12623451.98,n2n,,-0.9276275415,1982
1225,40,90,14322523.4,n2n,,-0.1677040289,1982
1226,40,90,17066419.05,n2n,,0.0396123819,1982
1227,40,90,19202820.11,n2n,,0.08194707931,1982
1228,40,90,13454985.14,n2n,,-0.3856829333,1982
1229,40,90,14225870.63,n2n,,-0.1850247494,1982
1230,42,100,14800000,n2n,,0.2304489214,1982
1231,79,197,14680000,n2n,,0.3364597338,1981
1232,27,59,14100000,n2n,,-0.193820026,1963
1233,32,76,14700000,n2n,,0.07188200731,1981
1234,32,76,14700000,n2n,,0.07736790528,1981
1235,32,76,14700000,n2n,,0.05690485134,1981
1236,29,65,14321134.4,n2n,,-0.04315950984,1983
1237,42,100,14600000,n2n,,0.1760912591,1984
1238,26,54,14700000,n2n,,-2.102372909,1985
1239,28,58,14700000,n2n,,-1.459670525,1985
1240,40,90,13500000,n2n,,-0.348721986,1985
1241,40,90,14342960.84,n2n,,-0.1533536714,1985
1242,28,58,14282635.19,n2n,,-1.521171249,1985
1243,79,197,14256308.4,n2n,,0.3208635356,1985
1244,27,59,14256308.4,n2n,,-0.1874512393,1985
1245,28,58,13305000,n2n,,-2.042871802,1985
1246,28,58,14696737.89,n2n,,-1.43019708,1985
1247,28,58,17089552.58,n2n,,-1.191069177,1985
1248,28,58,19143383.07,n2n,,-1.116608309,1985
1249,28,58,13470000,n2n,,-1.949233689,1985
1250,28,58,14288647.38,n2n,,-1.538395556,1985
1251,27,59,13450000,n2n,,-0.2156109681,1986
1252,27,59,14410731.93,n2n,,-0.12804003,1986
1253,40,90,14700000,n2n,,-0.1226286541,1985
1254,40,96,14700000,n2n,,0.1522883444,1985
1255,53,127,14700000,n2n,,0.2187979981,1985
1256,92,238,14700000,n2n,,-0.19859629,1985
1257,42,100,9112442.351,n2n,,-0.4063447919,1985
1258,37,85,14700000,n2n,,0.05690485134,1986
1259,37,87,14700000,n2n,,0.1303337685,1986
1260,42,92,14700000,n2n,,-0.721246399,1986
1261,82,204,14700000,n2n,,0.2695129442,1986
1262,83,209,14100000,n2n,,0.3053513694,1992
1263,27,59,14300000,n2n,,-0.1232050238,1988
1264,73,181,14100000,n2n,,0.2764618042,1992
1265,27,59,13340000,n2n,,-0.2309921291,1988
1266,27,59,14257386.93,n2n,,-0.1441548149,1988
1267,28,58,14297819.81,n2n,,-1.533671708,1988
1268,29,65,13330000,n2n,,-0.124360063,1988
1269,29,65,14215506.44,n2n,,-0.06183780714,1988
1270,40,90,13370000,n2n,,-0.4202164034,1988
1271,40,90,14228346.37,n2n,,-0.1873730858,1988
1272,40,96,13330000,n2n,,0.1649473726,1988
1273,40,96,14303793.4,n2n,,0.1643528558,1988
1274,42,100,13330000,n2n,,0.1875207208,1988
1275,42,100,14263383.11,n2n,,0.1405529337,1988
1276,50,112,13340000,n2n,,0.03742649794,1988
1277,50,112,14317473.92,n2n,,0.1661339703,1988
1278,82,204,13330000,n2n,,0.3159703455,1988
1279,82,204,14214146.76,n2n,,0.3373166124,1988
1280,27,59,14050000,n2n,,-0.1372724717,1990
1281,28,58,14050000,n2n,,-1.59636481,1990
1282,79,197,14050000,n2n,,0.3273589344,1990
1283,82,204,14050000,n2n,,0.2810333672,1990
1284,40,96,8215000,n2n,,-0.8096683018,1990
1285,40,96,9174189.394,n2n,,-0.1056839373,1990
1286,40,96,10367640.91,n2n,,0.1680553035,1990
1287,82,204,14300000,n2n,,0.3443922737,1990
1288,90,232,14700000,n2n,,0.07077646284,1991
1289,56,134,14500000,n2n,,0.1920095927,1991
1290,81,203,14500000,n2n,,0.2776092143,1991
1291,90,232,14500000,n2n,,0.07845681805,1992
1292,72,176,15400000,n2n,,0.2479732664,1990
1293,72,174,15400000,n2n,,0.4393326938,1990
1294,65,159,9387651.463,n2n,,-0.3565473235,1996
1295,65,159,10458632.8,n2n,,0.04883008653,1996
1296,33,75,10980000,n2n,,-0.7166987713,1994
1297,33,75,11870000,n2n,,-0.2153827074,1994
1298,33,75,14680000,n2n,,0.05461305456,1994
1299,32,70,14680000,n2n,,-0.2628073573,1994
1300,32,76,10405911.78,n2n,,-0.406713933,1994
1301,32,76,11720000,n2n,,0.06483221974,1994
1302,32,76,14680000,n2n,,0.008174184006,1994
1303,28,58,14600000,n2n,,-1.337242168,1991
1304,29,63,14600000,n2n,,-0.5003129174,1991
1305,29,65,14600000,n2n,,-0.01278077009,1991
1306,30,64,14600000,n2n,,-0.7772835289,1991
1307,30,66,14600000,n2n,,-0.104577454,1991
1308,26,54,14600000,n2n,,-2.045757491,1991
1309,53,129,14800000,n2n,,0.04139268516,1997
1310,53,129,14600000,n2n,,-0.03621217265,1997
1311,53,129,13500000,n2n,,0.008600171762,1997
1312,53,129,14447837.21,n2n,,0.07736790528,1997
1313,58,140,13380000,n2n,,0.1931245984,1997
1314,58,140,14333147.44,n2n,,0.2169572074,1997
1315,58,142,13380000,n2n,,0.2764618042,1997
1316,58,142,14333147.44,n2n,,0.260071388,1997
1317,59,141,13380000,n2n,,0.1139433523,1997
1318,59,141,14182952.95,n2n,,0.1422329918,1997
1319,60,142,13380000,n2n,,0.1760912591,1997
1320,60,142,14333147.44,n2n,,0.2242740143,1997
1321,60,150,13380000,n2n,,0.252853031,1997
1322,60,150,14333147.44,n2n,,0.2121876044,1997
1323,64,160,13380000,n2n,,0.2753113545,1997
1324,64,160,14333147.44,n2n,,0.3120503512,1997
1325,40,90,14654753.86,n2n,,-0.1963153263,1993
1326,30,64,17550000,n2n,,-0.585026652,1992
1327,26,54,15428570.9,n2n,,-1.609064893,1998
1328,26,54,17410730.21,n2n,,-1.203685905,1998
1329,26,54,19167876.97,n2n,,-1.088296536,1998
1330,29,63,13300000,n2n,,-0.4948500217,1994
1331,29,63,14235953.76,n2n,,-0.3565473235,1994
1332,29,63,13400000,n2n,,-0.5376020021,1994
1333,29,63,14352380.44,n2n,,-0.3767507096,1994
1334,29,65,13400000,n2n,,-0.1191864077,1994
1335,29,65,14235483.05,n2n,,-0.0576375655,1994
1336,69,169,8920658.391,n2n,,-0.3436781572,2017
1337,69,169,10655683.5,n2n,,0.1400835972,2017
1338,69,169,12642836.25,n2n,,0.2678168219,2017
1339,69,169,14342942.52,n2n,,0.3145623782,2017
1340,28,60,14800000,n2n,,-0.3872161433,1994
1341,28,58,14100000,n2n,,-1.595850751,1985
1342,40,90,14100000,n2n,,-0.203148251,1985
1343,30,64,13400000,n2n,,-1.314258261,1993
1344,30,64,14410262.15,n2n,,-0.8389316145,1993
1345,30,66,13350000,n2n,,-0.3545777307,1993
1346,30,66,14397850.03,n2n,,-0.1745738822,1993
1347,32,70,13360000,n2n,,-0.5751183634,1993
1348,32,70,14461246.15,n2n,,-0.303061447,1993
1349,33,75,13340000,n2n,,-0.09474395125,1993
1350,33,75,14219910.36,n2n,,-0.02266841623,1993
1351,37,85,13340000,n2n,,-0.1018235165,1993
1352,37,85,14221270.6,n2n,,-0.01999662842,1993
1353,37,87,13330000,n2n,,0.02653326452,1993
1354,37,87,14215506.44,n2n,,0.05076631123,1993
1355,38,84,13380000,n2n,,-0.6307841426,1993
1356,38,84,14285653.43,n2n,,-0.2853350071,1993
1357,38,86,13360000,n2n,,-0.276544328,1993
1358,38,86,14225511.6,n2n,,-0.09924284484,1993
1359,39,89,13360000,n2n,,-0.209714836,1993
1360,39,89,14225511.6,n2n,,-0.04796905222,1993
1361,44,96,13340000,n2n,,-0.388276692,1993
1362,44,96,14224014.66,n2n,,-0.2845936248,1993
1363,46,102,13350000,n2n,,-0.07987667371,1993
1364,46,102,14221270.6,n2n,,0.02130745836,1993
1365,48,106,13350000,n2n,,-0.4100503987,1993
1366,48,106,14222767.26,n2n,,-0.2878315111,1993
1367,56,130,13340000,n2n,,0.1218879851,1993
1368,56,130,14309577.54,n2n,,0.1806992013,1993
1369,56,132,13350000,n2n,,0.1522883444,1993
1370,56,132,14277399.93,n2n,,0.2246625288,1993
1371,56,134,13330000,n2n,,0.2278867046,1993
1372,56,134,14214146.76,n2n,,0.2358890069,1993
1373,63,153,14261724.64,n2n,,0.1205739312,1993
1374,69,169,13330000,n2n,,0.3159703455,1993
1375,69,169,14250179.96,n2n,,0.3163198783,1993
1376,76,192,13330000,n2n,,0.3344537512,1993
1377,76,192,14208498.07,n2n,,0.3135659408,1993
1378,77,191,13330000,n2n,,0.252853031,1993
1379,77,191,14289633.64,n2n,,0.2471546149,1993
1380,77,193,13330000,n2n,,0.3117538611,1993
1381,77,193,14288038.01,n2n,,0.3028357965,1993
1382,90,232,13320000,n2n,,0.2624510897,1993
1383,90,232,14488204.07,n2n,,0.09108046935,1993
1384,92,238,13310000,n2n,,0.08990511144,1993
1385,92,238,14358886.09,n2n,,-0.09734452478,1993
1386,65,159,14700000,n2n,,0.3163897511,1996
1387,72,176,14700000,n2n,,0.3132342917,1996
1388,63,153,14463817.83,n2n,,0.1778249719,1996
1389,65,159,14463817.83,n2n,,0.2872790682,1996
1390,83,209,14800000,n2n,,0.3891660844,1996
1391,26,54,14463903.66,n2n,,-2.165897344,2001
1392,29,63,13400000,n2n,,-0.467245621,2001
1393,29,63,14245042.97,n2n,,-0.3258740173,2001
1394,35,79,13400000,n2n,,-0.1487416513,2001
1395,35,79,14245042.97,n2n,,-0.04614370178,2001
1396,59,141,13400000,n2n,,0.1818435879,2001
1397,59,141,14245042.97,n2n,,0.1714339009,2001
1398,40,90,12370000,n2n,,-0.8124792792,2001
1399,40,96,11440000,n2n,,0.2450188707,2001
1400,40,96,12370000,n2n,,0.2081725267,2001
1401,52,120,14700000,n2n,,0.1048284037,2000
1402,52,122,14700000,n2n,,0.08062648692,2000
1403,52,130,14700000,n2n,,0.2474822607,2000
1404,52,130,14700000,n2n,,0.2195845262,2000
1405,82,204,17084115.43,n2n,,0.014730495,2009
1406,82,204,19110000,n2n,,0.01367969729,2009
1407,82,204,15175490.11,n2n,,0.3333464984,2009
1408,82,204,17107892.92,n2n,,0.3181677201,2009
1409,82,204,19097720,n2n,,0.2712218498,2009
1410,31,71,9440000,n2n,,-1.935542011,1999
1411,31,71,10952899.16,n2n,,-0.3861581781,1999
1412,31,71,12440000,n2n,,-0.05700040663,1999
1413,27,59,17600000,n2n,,-0.09636748392,1996
1414,28,58,17600000,n2n,,-1.244887734,1996
1415,79,197,8986100.378,n2n,,-0.4454502732,1992
1416,79,197,10988630.49,n2n,,0.09812433829,1992
1417,79,197,12990381.06,n2n,,0.2323607124,1992
1418,79,197,14991664.35,n2n,,0.2616196765,1992
1419,79,197,16992645.47,n2n,,0.2314695904,1992
1420,79,197,18993419.91,n2n,,0.09743085394,1992
1421,29,63,11500000,n2n,,-1.30600939,1992
1422,29,63,12990381.06,n2n,,-0.5458414101,1992
1423,29,63,14991664.35,n2n,,-0.3403689884,1992
1424,29,63,16992645.47,n2n,,-0.2500319165,1992
1425,29,63,18993419.91,n2n,,-0.1674910873,1992
1426,30,64,13500000,n2n,,-1.386792648,1992
1427,30,64,14991664.35,n2n,,-0.8745187343,1992
1428,30,64,16992645.47,n2n,,-0.5965362987,1992
1429,30,64,18993419.91,n2n,,-0.6642413066,1992
1430,28,58,15038241.25,n2n,,-1.381951903,2004
1431,28,58,16957286.3,n2n,,-1.213248578,2004
1432,28,58,18820000,n2n,,-1.124938737,2004
1433,27,59,13320000,n2n,,-0.2118316289,2004
1434,27,59,15326304.04,n2n,,-0.09718153192,2004
1435,27,59,17516479.18,n2n,,-0.06489597885,2004
1436,27,59,19607223.16,n2n,,-0.03976712687,2004
1437,40,90,13200000,n2n,,-0.3979400087,2010
1438,40,90,15272130.15,n2n,,-0.04575749056,2010
1439,40,90,17381825.83,n2n,,0.05817286532,2010
1440,40,90,19422779.09,n2n,,0.08278537032,2010
1441,90,232,7817864.095,n2n,,0.07563454136,2003
1442,90,232,9219011.671,n2n,,0.2821330581,2003
1443,90,232,10919357.56,n2n,,0.3583837668,2003
1444,27,59,13068505.46,n2n,,-0.261722976,1994
1445,27,59,14558000,n2n,,-0.1179310556,1994
1446,27,59,16976118.63,n2n,,-0.06845738066,1994
1447,27,59,19301897.58,n2n,,-0.07930025904,1994
1448,28,58,13066814.68,n2n,,-2.103170764,1994
1449,28,58,14549000,n2n,,-1.443757822,1994
1450,28,58,16924398.43,n2n,,-1.218038893,1994
1451,28,58,19274469.54,n2n,,-1.142375056,1994
1452,39,89,13059216.97,n2n,,-0.2545972681,1994
1453,39,89,14542000,n2n,,-0.008260165453,1994
1454,39,89,16932678.88,n2n,,0.06224344103,1994
1455,39,89,19276920.29,n2n,,0.08879146725,1994
1456,69,169,13096632.35,n2n,,0.31903315,1994
1457,69,169,14562000,n2n,,0.3052438575,1994
1458,69,169,16930325.16,n2n,,0.2713381215,1994
1459,69,169,19279958.51,n2n,,0.07603936916,1994
1460,79,197,14161316.46,n2n,,0.3088097686,1994
1461,79,197,17010556.44,n2n,,0.2718570891,1994
1462,79,197,19291506.42,n2n,,0.1188762107,1994
1463,28,58,17768698.86,n2n,,-1.206880427,1992
1464,28,58,19134000,n2n,,-1.1692061,1992
1465,79,197,13037000,n2n,,0.3185641551,1992
1466,79,197,15064000,n2n,,0.318105092,1992
1467,79,197,17514999.97,n2n,,0.2555137128,1992
1468,79,197,19247505.61,n2n,,0.1148310777,1992
1469,80,204,7660000,n2n,,-1.93930216,2006
1470,80,204,9067441.756,n2n,,-0.2560984495,2006
1471,80,204,11099869.09,n2n,,0.1465156256,2006
1472,80,204,12280508.14,n2n,,0.2320638748,2006
1473,42,100,17076299.36,n2n,,0.05153839052,2005
1474,42,100,19300000,n2n,,0.007747778001,2005
1475,80,196,13360000,n2n,,0.3010299957,2001
1476,80,196,14330901.35,n2n,,0.3621053193,2001
1477,80,198,13360000,n2n,,0.3404441148,2001
1478,80,198,14330901.35,n2n,,0.3159703455,2001
1479,80,204,13360000,n2n,,0.3424226808,2001
1480,80,204,14330901.35,n2n,,0.331224781,2001
1481,39,89,14600000,n2n,,-0.02227639471,2008
1482,28,60,17000000,n2n,,-0.221125528,2007
1483,28,60,19000000,n2n,,-0.1084625423,2007
1484,40,90,14329384.35,n2n,,-0.1586405295,1987
1485,77,191,10688459.28,n2n,,0.1522883444,2007
1486,32,76,9600000,n2n,,-2.657577319,2007
1487,32,76,11028367.55,n2n,,-0.3954139846,2007
1488,27,59,11161640.74,n2n,,-1.218603695,2007
1489,27,59,12293725.05,n2n,,-0.4611750111,2007
1490,27,59,14075919.86,n2n,,-0.151810883,2007
1491,28,58,12938152.85,n2n,,-2.391473966,2007
1492,28,58,13989514.69,n2n,,-1.638839005,2007
1493,29,63,11341474.77,n2n,,-2.147520006,2007
1494,29,63,12437120.18,n2n,,-0.7989112445,2007
1495,29,63,13881978.23,n2n,,-0.3612612202,2007
1496,29,65,10913593.61,n2n,,-0.870775212,2007
1497,29,65,12498222.83,n2n,,-0.2544355186,2007
1498,29,65,13898941.08,n2n,,-0.07332835534,2007
1499,30,64,12829867.58,n2n,,-1.668066827,2007
1500,30,64,13881978.23,n2n,,-1.00121773,2007
1501,79,197,9246621.004,n2n,,-0.291154362,2011
1502,79,197,10246950.77,n2n,,0.08919836681,2011
1503,26,56,13419817.44,n2n,,-0.5069604117,2011
1504,26,56,14452851.56,n2n,,-0.3310862921,2011
1505,26,56,18109334.54,n2n,,-0.1824346304,2011
1506,26,54,14501582.26,n2n,,-2.221607542,2011
1507,90,232,14253552.8,n2n,,0.1550727489,2011
1508,72,174,10747092.63,n2n,,0.08439751914,2012
1509,72,176,8899438.185,n2n,,-0.2410881076,2012
1510,72,176,10492057.49,n2n,,0.1410314787,2012
1511,72,176,8899438.185,n2n,,-0.209714836,2012
1512,72,176,10492057.49,n2n,,0.2502573147,2012
1513,82,206,14200000,n2n,,0.008600171762,2006
1514,79,197,17550000,n2n,,0.2627357797,1996
1515,79,197,19840000,n2n,,-0.03007181057,1996
1516,27,59,17550000,n2n,,-0.08665247001,1996
1517,27,59,19840000,n2n,,-0.1361836335,1996
1518,69,169,17550000,n2n,,0.225205866,1996
1519,69,169,19840000,n2n,,-0.04997609348,1996
1520,39,89,17550000,n2n,,0.0655050231,1996
1521,39,89,19840000,n2n,,0.05663809738,1996
1522,28,58,17550000,n2n,,-1.231657941,1996
1523,28,58,19840000,n2n,,-1.181972158,1996
1524,79,197,15300000,n2n,,0.2999429,2018
1525,79,197,17495427.97,n2n,,0.2333769035,2018
1526,79,197,19442222.1,n2n,,0.08689347131,2018
1527,79,197,15300000,n2n,,0.3057095505,2018
1528,79,197,17495427.97,n2n,,0.2450188707,2018
1529,79,197,19332547.27,n2n,,0.1059187403,2018
1530,42,100,8920000,n2n,,-0.8601209136,2014
1531,42,100,10090000,n2n,,-0.1237821594,2014
1532,42,100,12300898.53,n2n,,0.1325798477,2014
1533,42,100,14480000,n2n,,0.1869563355,2014
1534,68,162,10997272.05,n2n,,-0.2390751516,2018
1535,68,162,17592896.29,n2n,,0.27989498,2018
1536,68,162,19000000,n2n,,0.2833012287,2018
1537,49,115,14000000,n2n,,-0.3467874862,1995
1538,74,182,14000000,n2n,,-0.5833594927,1995
1539,82,206,14000000,n2n,,-0.03105031902,1995
1540,83,209,14000000,n2n,,-0.5391021572,1995
1541,77,193,10688459.28,n2n,,0.2298524215,2019
1542,77,193,15300000,n2n,,0.2626092738,2019
1543,77,193,17100000,n2n,,0.14332713,2019
1544,77,193,18900000,n2n,,-0.1110720449,2019
1545,77,193,10688459.28,n2n,,0.2281436076,2019
1546,77,193,15300000,n2n,,0.2624510897,2019
1547,77,193,17100000,n2n,,0.1430148003,2019
1548,77,193,18900000,n2n,,-0.1140736602,2019
1549,32,76,17900000,n2n,,0.08278537032,2024
1550,32,76,17900000,n2n,,0.06069784035,2024
1551,35,81,14600000,n2n,,0.01994668168,1962
1552,37,85,14600000,n2n,,-0.1630432629,1962
1553,37,87,14600000,n2n,,-0.07675598137,1962
1554,38,84,14600000,n2n,,-0.4202164034,1962
1555,38,86,14600000,n2n,,-0.2276782933,1962
1556,38,88,14600000,n2n,,-0.6675615401,1962
1557,39,89,14600000,n2n,,-0.2660007135,1962
1558,40,90,14600000,n2n,,-0.2992962829,1962
1559,42,92,14600000,n2n,,-0.5016894462,1962
1560,42,100,14600000,n2n,,0.3094172258,1962
1561,34,74,14516869.49,n2n,,-0.387004344,1969
1562,34,74,16685790.21,n2n,,-0.2160107132,1969
1563,40,90,14716215.95,n2n,,-0.08696615657,1969
1564,40,90,16912757.37,n2n,,0.0694029015,1969
1565,42,92,12923211.68,n2n,,-2.021591207,1969
1566,42,92,14584040.26,n2n,,-0.7256112044,1969
1567,42,92,16661944.46,n2n,,-0.3969639437,1969
1568,37,85,13650000,n2n,,-0.08092190762,1967
1569,37,87,13030000,n2n,,0.1105897103,1967
1570,39,89,14990000,n2n,,0.004321373783,1967
1571,34,82,12290000,n2n,,0.1731862684,1967
1572,29,65,13060000,n2n,,-0.09151498112,1967
1573,30,66,14210000,n2n,,-0.2596373105,1967
1574,40,90,15070000,n2n,,-0.09691001301,1967
1575,38,86,14590000,n2n,,-0.2441251443,1967
1576,28,58,15400000,n2n,,-1.346787486,1967
1577,29,63,14010000,n2n,,-0.3053948011,1967
1578,30,64,15040000,n2n,,-0.5406075122,1967
1579,42,92,16270000,n2n,,-0.5528419687,1967
1580,62,144,13750000,n2n,,0.2041199827,1967
1581,50,112,14190000,n2n,,0.1846914308,1967
1582,26,54,14600000,n2n,,-1.795880017,1965
1583,28,58,14600000,n2n,,-1.431798276,1965
1584,29,63,14600000,n2n,,-0.2668027349,1965
1585,29,65,14600000,n2n,,0.01114736078,1965
1586,30,64,14600000,n2n,,-0.6989700043,1965
1587,42,92,14600000,n2n,,-0.7569619513,1965
1588,58,142,14800000,n2n,,0.2922560714,1968
1589,58,140,14800000,n2n,,0.2041199827,1968
1590,34,82,14800000,n2n,,0.06445798923,1972
1591,42,92,14800000,n2n,,-0.6345120151,1972
1592,60,142,14200000,n2n,,0.317018101,1969
1593,60,148,14200000,n2n,,0.2111205413,1969
1594,64,160,14200000,n2n,,0.2240148114,1969
1595,68,162,14200000,n2n,,0.2718416065,1969
1596,29,63,14800000,n2n,,-0.2932822177,1967
1597,30,64,14800000,n2n,,-0.7825160558,1967
1598,31,69,14800000,n2n,,-0.02227639471,1967
1599,82,204,15000000,n2n,,-0.06550154876,1968
1600,81,203,15000000,n2n,,0.2253092817,1968
1601,80,204,15000000,n2n,,0.348304863,1968
1602,28,58,13399626.86,n2n,,-1.698970004,1965
1603,28,58,15032600.78,n2n,,-1.313363731,1965
1604,27,59,12944423.51,n2n,,-0.354086725,1968
1605,27,59,14655876.91,n2n,,-0.1964355921,1968
1606,27,59,17119232.43,n2n,,-0.1509370136,1968
1607,33,75,14200000,n2n,,0.06818586175,1969
1608,30,70,12420000,n2n,,0.03342375549,1966
1609,31,71,12320000,n2n,,-0.09366495819,1966
1610,49,115,13153835.94,n2n,,0.1785453145,1970
1611,49,115,14729820.14,n2n,,0.2399248133,1970
1612,49,115,16901854.72,n2n,,0.2679691587,1970
1613,59,141,15000000,n2n,,0.3117538611,1968
1614,49,113,13153835.94,n2n,,0.1343365109,1973
1615,49,113,14734679.06,n2n,,0.1981069989,1973
1616,49,113,16852311.73,n2n,,0.1572149224,1973
1617,30,70,14700000,n2n,,0.1162755876,1967
1618,30,64,14700000,n2n,,-0.6478174819,1967
1619,42,100,14700000,n2n,,0.2460059041,1967
1620,31,69,14700000,n2n,,0.03662889536,1967
1621,31,71,14700000,n2n,,-0.01727661233,1967
1622,33,75,14700000,n2n,,0.03822263837,1967
1623,82,204,14700000,n2n,,0.1972805581,1967
1624,52,130,14200000,n2n,,-0.3400837999,1965
1625,82,204,12980000,n2n,,0.2935835135,1973
1626,82,204,14526948.1,n2n,,0.2676409823,1973
1627,82,204,16927529.55,n2n,,0.2888079475,1973
1628,82,204,14800000,n2n,,0.008600171762,1971
1629,50,112,14400000,n2n,,0.1139433523,1968
1630,50,114,14400000,n2n,,0.2552725051,1968
1631,50,120,14400000,n2n,,0.1595671932,1968
1632,29,63,14800000,n2n,,-0.2757241304,1977
1633,41,93,14600000,n2n,,0.06069784035,1973
1634,49,115,14000000,n2n,,-0.06048074738,1973
1635,70,176,14000000,n2n,,0.7634279936,1973
1636,26,54,14600000,n2n,,-1.576754126,1973
1637,27,59,14600000,n2n,,-0.1784864716,1973
1638,28,58,14600000,n2n,,-1.42136079,1973
1639,29,65,14600000,n2n,,-0.0109953843,1973
1640,30,64,14600000,n2n,,-0.793174124,1973
1641,30,66,14600000,n2n,,-0.2343314452,1973
1642,31,69,14600000,n2n,,-0.04191415148,1973
1643,32,70,14600000,n2n,,-0.1487416513,1973
1644,32,76,14600000,n2n,,-0.02826040911,1973
1645,33,75,14600000,n2n,,-0.07831352452,1973
1646,35,79,14600000,n2n,,-0.02594909721,1973
1647,37,85,14600000,n2n,,-0.1561445774,1973
1648,37,87,14600000,n2n,,-0.06803388527,1973
1649,38,86,14600000,n2n,,-0.2006594505,1973
1650,39,89,14600000,n2n,,-0.2426039712,1973
1651,40,90,14600000,n2n,,-0.2306226739,1973
1652,40,96,14600000,n2n,,0.1129399761,1973
1653,42,92,14600000,n2n,,-0.4907974777,1973
1654,42,100,14600000,n2n,,0.2583978041,1973
1655,46,102,14600000,n2n,,-0.1505805862,1973
1656,50,112,14600000,n2n,,0.1225435241,1973
1657,51,121,14600000,n2n,,0.1348143703,1973
1658,51,123,14600000,n2n,,0.1616674124,1973
1659,53,127,14600000,n2n,,0.1723109685,1973
1660,55,133,14600000,n2n,,0.1619666164,1973
1661,59,141,14600000,n2n,,0.1293675957,1973
1662,81,203,14600000,n2n,,0.2633993313,1973
1663,82,204,14600000,n2n,,0.2543063323,1973
1664,39,89,13290000,n2n,,-0.2062794432,1971
1665,39,89,14848598.86,n2n,,-0.03903004701,1971
1666,39,89,16788818.07,n2n,,0.01138715831,1971
1667,32,72,14800000,n2n,,-0.3124710388,1970
1668,49,115,14700000,n2n,,-0.3565473235,1968
1669,32,76,14700000,n2n,,0.08457627793,1976
1670,78,198,14700000,n2n,,0.2576785749,1976
1671,31,71,13198484.76,n2n,,0.01029995664,1975
1672,31,71,14713639.72,n2n,,0.05747591583,1975
1673,31,71,16859193.43,n2n,,0.03572983803,1975
1674,33,75,13198484.76,n2n,,-0.03503362517,1975
1675,33,75,14491719.41,n2n,,0.01297775034,1975
1676,33,75,16859193.43,n2n,,0.1120181737,1975
1677,76,186,14700000,n2n,,0.147057671,1976
1678,66,156,17592896.29,n2n,,0.2417954313,2021
1679,66,156,19000000,n2n,,0.2041199827,2021
1680,83,209,14700000,n2n,,0.2552725051,1975
1681,38,84,14600000,n2n,,-0.226213555,1976
1682,38,86,14600000,n2n,,-0.0241088636,1976
1683,38,88,14600000,n2n,,0.00130093302,1976
1684,41,93,14600000,n2n,,0.1936810295,1976
1685,49,113,14600000,n2n,,0.1734776435,1976
1686,56,134,14600000,n2n,,0.06107532363,1976
1687,56,136,14600000,n2n,,0.140508043,1976
1688,37,85,13149144.46,n2n,,-0.07494587969,1976
1689,37,85,14687104.64,n2n,,0.05095945977,1976
1690,37,85,16297239.03,n2n,,0.109072081,1976
1691,37,87,13149144.46,n2n,,0.06632592536,1976
1692,37,87,14687104.64,n2n,,0.07335170239,1976
1693,37,87,16297239.03,n2n,,0.04844180355,1976
1694,46,102,13098230.24,n2n,,-0.1408617027,1977
1695,46,102,14689218.66,n2n,,0.0587106522,1977
1696,46,102,16932725.69,n2n,,0.04198450149,1977
1697,46,110,13098230.24,n2n,,0.2513136963,1977
1698,46,110,14689218.66,n2n,,0.2586372827,1977
1699,46,110,16932725.69,n2n,,0.1776807598,1977
1700,76,192,13198484.76,n2n,,0.3864989656,1977
1701,76,192,14689218.66,n2n,,0.334152053,1977
1702,76,192,16246230.33,n2n,,0.2517598545,1977
1703,28,58,14000000,n2n,,-1.701146924,1980
1704,28,58,17395209.41,n2n,,-1.203425667,1980
1705,28,58,17648229.37,n2n,,-1.205511953,1980
1706,51,121,14200000,n2n,,0.2038484637,1978
1707,51,123,14200000,n2n,,0.2284003587,1978
1708,53,127,11400000,n2n,,-0.0486624812,1989
1709,53,127,12506866.11,n2n,,0.1636085634,1989
1710,53,127,14341502.04,n2n,,0.2096490354,1989
1711,53,127,17048339.73,n2n,,0.221501175,1989
1712,62,144,14200000,n2n,,-0.00833099262,1975
1713,60,142,14200000,n2n,,0.2392994791,1981
1714,60,150,14200000,n2n,,0.2250506961,1977
1715,64,160,14200000,n2n,,0.2713768719,1981
1716,68,162,14200000,n2n,,0.2755416884,1981
1717,70,168,14200000,n2n,,0.2895889525,1981
1718,70,170,14200000,n2n,,0.308991029,1981
1719,72,176,14200000,n2n,,0.3271545124,1981
1720,32,72,14700000,n2n,,-0.3429441471,1979
1721,39,89,14700000,n2n,,-0.9871627753,1979
1722,49,115,14700000,n2n,,-0.4621809049,1979
1723,82,206,14700000,n2n,,-0.3585258895,1979
1724,83,209,14700000,n2n,,-0.474955193,1979
1725,92,238,6880000,n2n,,-0.5003129174,1967
1726,92,238,7729586.017,n2n,,-0.1010007291,1967
1727,92,238,9352447.158,n2n,,0.06032002869,1967
1728,92,238,10684268.81,n2n,,0.08475496318,1967
1729,92,238,12731945.57,n2n,,0.03835518666,1967
1730,92,238,14402371.57,n2n,,-0.1622537799,1967
1731,92,238,16050000,n2n,,-0.3990271043,1967
1732,76,186,14700000,n2n,,0.3018977172,1980
1733,44,96,14000000,n2n,,-0.2448877336,1977
1734,46,102,14000000,n2n,,-0.1958605677,1977
1735,92,238,6770724.78,n2n,,-0.6167832481,1980
1736,92,238,7659900.037,n2n,,-0.03952922247,1980
1737,92,238,8985683.767,n2n,,0.1224616358,1980
1738,92,238,10242070.1,n2n,,0.1582116692,1980
1739,92,238,14109173.23,n2n,,-0.05610995175,1980
1740,28,58,14181856,n2n,,-1.641747802,1984
1741,29,65,14181856,n2n,,-0.04890544316,1984
1742,30,64,14200000,n2n,,-0.8827287043,1978
1743,42,92,14200000,n2n,,-0.6458915609,1981
1744,28,58,14800000,n2n,,-1.522878745,1983
1745,27,59,14800000,n2n,,-0.4659738939,1983
1746,34,76,14800000,n2n,,0.0170333393,1983
1747,30,64,14800000,n2n,,-0.7569619513,1983
1748,31,69,14800000,n2n,,-0.09528445472,1983
1749,32,70,14800000,n2n,,-0.2160964207,1983
1750,28,58,14120456.26,n2n,,-1.634886568,1981
1751,39,89,14274691.77,n2n,,-0.05886140569,1981
1752,70,176,14200000,n2n,,0.3010299957,1981
1753,72,174,14200000,n2n,,0.2940250941,1981
1754,27,59,14580000,n2n,,-0.1029229968,1981
1755,27,59,12878852.65,n2n,,-0.2759290346,1981
1756,27,59,14399174.54,n2n,,-0.1223407559,1981
1757,27,59,17131734.08,n2n,,-0.05819052699,1981
1758,29,63,14497930.74,n2n,,-0.2479515522,1969
1759,31,69,14649232.06,n2n,,-0.04672366333,1969
1760,29,65,14497930.74,n2n,,-0.02334439503,1969
1761,30,64,14497930.74,n2n,,-0.7439239896,1969
1762,59,141,14497930.74,n2n,,0.2925514093,1969
1763,39,89,12810000,n2n,,-0.4190750243,1980
1764,39,89,14343939.85,n2n,,-0.03385826726,1980
1765,39,89,16962693.37,n2n,,0.09847066565,1980
1766,28,58,12824952.24,n2n,,-2.41453927,1989
1767,28,58,14371464.04,n2n,,-1.455311978,1989
1768,28,58,17261302.75,n2n,,-1.120986086,1989
1769,79,197,12780000,n2n,,0.317018101,1989
1770,79,197,14132515.7,n2n,,0.3279716236,1989
1771,79,197,17336372.72,n2n,,0.2560559409,1989
1772,28,58,13500000,n2n,,-1.782516056,1982
1773,28,58,14335222.9,n2n,,-1.551602897,1982
1774,29,65,13500000,n2n,,-0.07572071394,1982
1775,29,65,14335222.9,n2n,,-0.02900263443,1982
1776,40,90,13500000,n2n,,-0.3458234581,1982
1777,40,90,14335222.9,n2n,,-0.1408617027,1982
1778,79,197,13500000,n2n,,0.3130231103,1982
1779,79,197,14335222.9,n2n,,0.3196888932,1982
1780,60,142,14800000,n2n,,0.188647296,1983
1781,60,148,14800000,n2n,,0.2504200023,1983
1782,60,150,14800000,n2n,,0.231214648,1983
1783,38,86,14800000,n2n,,0.05254004593,1983
1784,60,150,13198484.76,n2n,,0.2662316967,1984
1785,60,150,14689218.66,n2n,,0.2143801766,1984
1786,60,150,16932725.69,n2n,,0.03662889536,1984
1787,40,90,14580000,n2n,,-0.111146833,1984
1788,40,90,12767474.04,n2n,,-0.7839397141,1984
1789,40,90,14461405.7,n2n,,-0.1406681921,1984
1790,40,90,17233381.65,n2n,,0.05997971694,1984
1791,40,90,14800000,n2n,,-0.117475462,1987
1792,46,102,14800000,n2n,,0.002166061757,1987
1793,48,108,14800000,n2n,,0.1109262423,1987
1794,26,54,14600000,n2n,,-1.568636236,1987
1795,28,58,14600000,n2n,,-1.522878745,1987
1796,30,64,14600000,n2n,,-0.8153085692,1987
1797,32,70,14600000,n2n,,-0.2596373105,1987
1798,34,76,14600000,n2n,,-0.05060999336,1987
1799,44,96,14600000,n2n,,-0.214670165,1987
1800,42,100,14600000,n2n,,0.08955188289,1987
1801,46,102,14600000,n2n,,0.05766610391,1987
1802,46,110,14600000,n2n,,0.3996737215,1987
1803,40,90,14445760.62,n2n,,-0.1101382787,1982
1804,78,198,14800000,n2n,,0.3126004393,1984
1805,69,169,12778674.96,n2n,,0.2866809694,1985
1806,69,169,14655480.04,n2n,,0.2919900953,1985
1807,69,169,17214219.7,n2n,,0.2280335249,1985
1808,78,198,8500000,n2n,,-0.2564902353,1985
1809,58,142,13001355.34,n2n,,0.3079237036,1985
1810,58,142,14453987.75,n2n,,0.2958668546,1985
1811,58,142,17035698.49,n2n,,0.1528995964,1985
1812,58,142,14590000,n2n,,0.2968844755,1985
1813,58,140,13001355.34,n2n,,0.2076882133,1985
1814,58,140,14453987.75,n2n,,0.243241048,1985
1815,58,140,17035698.49,n2n,,0.2653289196,1985
1816,58,140,14590000,n2n,,0.2469906992,1985
1817,58,136,13500000,n2n,,0.05614226206,1985
1818,58,136,14341956.33,n2n,,0.1095223021,1985
1819,58,136,14070000,n2n,,0.09482038035,1985
1820,77,191,13198484.76,n2n,,0.3174364965,1984
1821,77,191,14689218.66,n2n,,0.3164421483,1984
1822,77,191,16932725.69,n2n,,0.2075670506,1984
1823,77,193,13198484.76,n2n,,0.2813743024,1984
1824,77,193,14689218.66,n2n,,0.2620355821,1984
1825,77,193,16932725.69,n2n,,0.1573812058,1984
1826,37,87,14800000,n2n,,0.08849047018,1983
1827,27,59,14800000,n2n,,-0.08196966322,1985
1828,28,58,14800000,n2n,,-1.394694954,1985
1829,39,89,14600000,n2n,,-0.05700040663,1984
1830,27,59,14800000,n2n,,-0.1292167179,1985
1831,42,100,13198484.76,n2n,,0.1464381353,1986
1832,42,100,14689218.66,n2n,,0.144106973,1986
1833,42,100,16246230.33,n2n,,0.1127725211,1986
1834,28,58,14800000,n2n,,-1.4867824,1985
1835,79,197,14750000,n2n,,0.2956584317,1984
1836,79,197,9151983.392,n2n,,-0.3914739664,1983
1837,79,197,9900000,n2n,,-0.01547268666,1983
1838,90,232,6955286.862,n2n,,-0.6126101737,1985
1839,90,232,7693668.386,n2n,,0.03261876085,1985
1840,90,232,8949887.646,n2n,,0.2645030028,1985
1841,90,232,10188733.97,n2n,,0.3271545124,1985
1842,27,59,14700000,n2n,,-0.1319436382,1991
1843,30,66,13466000,n2n,,-0.3049563412,1989
1844,30,66,14315623.95,n2n,,-0.177984561,1989
1845,39,89,14238710.35,n2n,,-0.06208109735,1989
1846,30,66,13466000,n2n,,-0.2976556416,1989
1847,30,66,14315623.95,n2n,,-0.1810926186,1989
1848,39,89,14238710.35,n2n,,-0.05406388911,1989
1849,26,54,14580993.51,n2n,,-2.281913705,1991
1850,28,58,14230701.15,n2n,,-1.651695137,1991
1851,30,64,14289520.61,n2n,,-1.022390698,1991
1852,40,90,14800000,n2n,,-0.0840727883,1986
1853,42,100,14800000,n2n,,0.1516762308,1986
1854,92,238,14114244.68,n2n,,-0.05530958114,1990
1855,90,232,13490000,n2n,,0.2938043599,1990
1856,90,232,14279138.62,n2n,,0.1777528718,1990
1857,69,169,14195917.24,n2n,,0.2940250941,1989
1858,75,185,14234708.6,n2n,,0.3114147672,1989
1859,79,197,14649334.68,n2n,,0.3343867252,1989
1860,79,197,14630000,n2n,,0.3289908554,1989
1861,28,58,14000000,n2n,,-1.698970004,1986
1862,40,90,14199214.66,n2n,,-0.1992829217,1991
1863,40,96,14199214.66,n2n,,0.1774210575,1991
1864,28,58,14144253.37,n2n,,-1.601365675,1991
1865,40,96,8200000,n2n,,-1.159893906,1991
1866,40,96,8917327.301,n2n,,-0.2004297259,1991
1867,40,96,10583879.25,n2n,,0.07645838771,1991
1868,40,96,11900000,n2n,,-0.02826040911,1991
1869,28,58,14100000,n2n,,-1.420216403,1959
1870,27,59,14500000,n2n,,-0.06803388527,1960
1871,29,65,14500000,n2n,,0.01283722471,1960
1872,30,64,14800000,n2n,,-0.9913998282,1967
1873,31,69,14800000,n2n,,-0.007446482168,1967
1874,53,127,14700000,n2n,,0.05230909965,1968
1875,82,204,14534930.34,n2n,,0.3087777737,1990
1876,82,204,9410000,n2n,,-0.4788619163,1990
1877,82,204,10684268.81,n2n,,0.0184924534,1990
1878,82,204,12845153.84,n2n,,0.2789821169,1990
1879,82,204,14218230.72,n2n,,0.300160537,1990
1880,63,153,14770000,n2n,,0.1931245984,1991
1881,30,66,12820000,n2n,,-0.5622494372,1991
1882,30,66,14541681.88,n2n,,-0.1602706248,1991
1883,30,66,17389185.43,n2n,,-0.09963287134,1991
1884,40,96,12820000,n2n,,0.1541195255,1991
1885,40,96,14493563.85,n2n,,0.1862969575,1991
1886,40,96,17389185.43,n2n,,0.08978740051,1991
1887,37,85,12970747.86,n2n,,-0.1258081953,1990
1888,37,85,14293245.68,n2n,,0.01720034352,1990
1889,37,85,16881017.51,n2n,,0.1252643354,1990
1890,37,87,13470000,n2n,,0.02077548819,1990
1891,37,87,14435003.39,n2n,,0.07527316009,1990
1892,56,132,14511795.2,n2n,,0.2354021802,1992
1893,56,132,17457405.31,n2n,,0.2285286774,1992
1894,56,134,13500000,n2n,,0.2214142378,1992
1895,56,134,14516752.23,n2n,,0.2463344173,1992
1896,56,134,17457405.31,n2n,,0.2070955404,1992
1897,32,70,13198484.76,n2n,,-0.5875394526,1992
1898,32,70,14689218.66,n2n,,-0.3100255553,1992
1899,32,70,16246230.33,n2n,,-0.2350770154,1992
1900,29,63,14336282.82,n2n,,-0.3122927204,1962
1901,29,63,14770000,n2n,,-0.2441251443,1962
1902,29,65,14770000,n2n,,-0.002176919254,1962
1903,28,58,14441038.75,n2n,,-1.51506777,1962
1904,27,59,14336282.82,n2n,,-0.1056839373,1962
1905,30,64,14336282.82,n2n,,-0.8626458886,1962
1906,31,69,14800000,n2n,,0.02938377769,1961
1907,31,71,14800000,n2n,,0.3384564936,1961
1908,32,70,14800000,n2n,,0.2041199827,1961
1909,32,76,14800000,n2n,,0.07918124605,1961
1910,42,100,14800000,n2n,,0.2810333672,1961
1911,59,141,14800000,n2n,,0.1392492176,1961
1912,64,160,14800000,n2n,,0.2367890994,1961
1913,67,165,14800000,n2n,,0.3222192947,1961
1914,70,176,14800000,n2n,,-0.104577454,1961
1915,75,187,14800000,n2n,,0.2240148114,1961
1916,79,197,14800000,n2n,,0.2355284469,1965
1917,67,165,14000000,n2n,,0.2504200023,1966
1918,74,182,13500000,n2n,,0.3117538611,1997
1919,74,182,14269986.5,n2n,,0.3215466517,1997
1920,74,186,13500000,n2n,,0.2911467617,1997
1921,74,186,14269986.5,n2n,,0.2963909279,1997
1922,32,76,14130957.28,n2n,,0.09236969963,1997
1923,58,140,14314927.55,n2n,,0.1932916026,1997
1924,39,89,14434849.29,n2n,,-0.05724807957,1998
1925,62,154,14700000,n2n,,0.27989498,1998
1926,68,162,14700000,n2n,,0.2730012721,1998
1927,70,168,14700000,n2n,,0.2814878879,1998
1928,72,174,14700000,n2n,,0.2633993313,1998
1929,72,176,14700000,n2n,,0.3201462861,1998
1930,27,59,12842118.21,n2n,,-0.409492538,1997
1931,27,59,14152030.93,n2n,,-0.1447231962,1994
1932,29,65,14301398.21,n2n,,-0.01569776802,1994
1933,65,159,9500000,n2n,,-0.3089185079,1995
1934,65,159,9900000,n2n,,-0.09528445472,1995
1935,27,59,14800000,n2n,,-0.1203307944,1992
1936,28,58,14800000,n2n,,-1.432973634,1992
1937,79,197,14758000,n2n,,0.277838333,1992
1938,27,59,14700000,n2n,,-0.19859629,1996
1939,28,58,14700000,n2n,,-1.552841969,1996
1940,28,58,14700000,n2n,,-1.508638306,1996
1941,42,100,14700000,n2n,,0.05461305456,1996
1942,80,198,14700000,n2n,,0.2900346114,2001
1943,72,176,11200000,n2n,,0.228913406,2001
1944,72,176,14498620.62,n2n,,0.3053513694,2001
1945,81,203,11200000,n2n,,0.1271047984,2001
1946,81,203,12500000,n2n,,0.1625644065,2001
1947,81,203,14700000,n2n,,0.2944662262,2001
1948,40,90,14100000,n2n,,-0.2034256668,2001
1949,75,185,11200000,n2n,,0.2676409823,2001
1950,75,185,14498620.62,n2n,,0.3242824553,2001
1951,28,58,14730000,n2n,,-1.443697499,1992
1952,79,197,14730000,n2n,,0.3203540328,1992
1953,39,89,12469439.69,n2n,,-0.5519123333,1997
1954,39,89,14202186.56,n2n,,-0.08354605145,1997
1955,31,69,13500000,n2n,,-0.1012748184,2003
1956,31,69,14347822.13,n2n,,-0.03338901332,2003
1957,30,64,14800000,n2n,,-0.747146969,2003
1958,42,100,14800000,n2n,,0.1728946978,2003
1959,40,90,14800000,n2n,,-0.09908693226,2003
1960,37,87,14800000,n2n,,0.1430148003,2003
1961,50,112,14400000,n2n,,0.04296907339,2005
1962,50,114,14400000,n2n,,0.103803721,2005
1963,28,58,14367026.87,n2n,,-1.479962126,2007
1964,29,65,14453477.07,n2n,,-0.03675065386,2007
1965,28,58,14800000,n2n,,-1.624336386,2006
1966,29,65,14800000,n2n,,-0.07037164157,2006
1967,71,175,14347822.13,n2n,,0.2766915288,2007
1968,78,198,14347822.13,n2n,,0.279780977,2007
1969,34,82,13500000,n2n,,0.1287222843,2007
1970,34,82,14347822.13,n2n,,0.1852587653,2007
1971,33,75,13500000,n2n,,-0.2111248842,2007
1972,33,75,14445760.62,n2n,,-0.05354773499,2007
1973,35,79,13500000,n2n,,-0.1463017882,2008
1974,35,79,14800000,n2n,,-0.03668448861,2008
1975,35,81,13500000,n2n,,-0.2168113089,2008
1976,35,81,14445760.62,n2n,,-0.1266793982,2008
1977,76,186,13500000,n2n,,0.1658376247,2008
1978,76,186,14700000,n2n,,0.1199154103,2008
1979,64,160,13500000,n2n,,0.2878017299,2005
1980,64,160,14347822.13,n2n,,0.3331448761,2005
1981,78,198,13500000,n2n,,0.3092041797,2005
1982,78,198,14347822.13,n2n,,0.2735799457,2005
1983,78,192,14365193.72,n2n,,0.2661532688,2005
1984,78,190,14249210.5,n2n,,0.3156555252,2005
1985,77,191,14700000,n2n,,0.3092041797,2002
1986,60,150,13500000,n2n,,0.308991029,2004
1987,60,150,14347822.13,n2n,,0.2296818423,2004
1988,60,148,13500000,n2n,,0.1442627738,2004
1989,60,148,14347822.13,n2n,,0.2268575703,2004
1990,60,142,13500000,n2n,,0.1763806922,2004
1991,60,142,14347822.13,n2n,,0.228785201,2004
1992,32,76,13500000,n2n,,0.03302144468,2006
1993,32,76,14347822.13,n2n,,0.07114529045,2006
1994,32,70,13500000,n2n,,-0.563837353,2006
1995,32,70,14347822.13,n2n,,-0.4312117877,2006
1996,72,176,10600000,n2n,,0.2169572074,1999
1997,72,176,11600000,n2n,,0.2569581526,1999
1998,72,176,14447837.21,n2n,,0.3270522653,1999
1999,72,176,18000000,n2n,,0.2380461031,1999
2000,44,104,13500000,n2n,,0.2041199827,2007
2001,44,104,14445760.62,n2n,,0.2360331471,2007
2002,44,98,13500000,n2n,,0.0322157033,2007
2003,44,98,14445760.62,n2n,,0.07481644065,2007
2004,44,96,13500000,n2n,,-0.272458743,2007
2005,44,96,14445760.62,n2n,,-0.1633594584,2007
2006,82,204,13500000,n2n,,0.2902572694,1993
2007,82,204,14371803.67,n2n,,0.2950390288,1993
2008,50,112,14249210.5,n2n,,0.05994188806,2008
2009,28,58,14357646.05,n2n,,-1.544850479,1990
2010,28,58,14100000,n2n,,-1.608183076,1990
2011,28,58,14357646.05,n2n,,-1.532391894,1990
2012,39,89,13500000,n2n,,-0.1180450287,2008
2013,39,89,14347822.13,n2n,,-0.04527520902,2008
2014,39,88,10836050.94,n2n,,-0.3925449768,1990
2015,39,88,12793748.47,n2n,,-0.09935981602,1990
2016,39,88,14294404.5,n2n,,0.04040452891,1990
2017,39,88,16737383.31,n2n,,0.05037975626,1990
2018,32,70,13847743.5,n2n,,-0.3937799128,2008
2019,32,76,13847743.5,n2n,,0.05774215583,2008
2020,72,180,14000000,n2n,,0.3636119799,1996
2021,48,114,14700000,n2n,,0.278753601,1996
2022,35,79,13500000,n2n,,-0.1487416513,2009
2023,35,79,14600000,n2n,,-0.04000516167,2009
2024,58,136,14700000,n2n,,0.2108533653,1997
2025,66,156,14700000,n2n,,0.2607866687,1997
2026,66,158,14700000,n2n,,0.2878017299,1997
2027,69,169,14700000,n2n,,0.302114377,1997
2028,70,170,14700000,n2n,,0.2889196057,1997
2029,70,176,14700000,n2n,,0.3473300153,1997
2030,27,59,17500000,n2n,,0.0813473078,2011
2031,79,197,17300000,n2n,,0.1673173347,2016
2032,79,197,19500000,n2n,,0.01283722471,2016
2033,27,59,17300000,n2n,,-0.15490196,2016
2034,30,64,17500000,n2n,,-0.6020599913,2013
2035,28,58,17500000,n2n,,-1.337242168,2013
2036,39,89,17400000,n2n,,0.1522883444,2014
2037,39,89,17400000,n2n,,0.07918124605,2014
2038,39,89,17400000,n2n,,0.103803721,2018
2039,79,197,17400000,n2n,,0.2695129442,2018
2040,41,93,14050000,n2n,,-0.3316140833,2023
2041,39,89,14050000,n2n,,-0.09963287134,2023
2042,79,197,14050000,n2n,,0.3018977172,2023
2043,40,90,14050000,n2n,,-0.1817741064,2023
2044,27,59,14050000,n2n,,-0.1726307269,2023
2045,69,169,14050000,n2n,,0.3222192947,2023
2046,39,89,17600000,n2n,,0.008600171762,2025
2047,39,89,18500000,n2n,,0.03742649794,2025
2048,79,197,17600000,n2n,,0.1818435879,2025
2049,79,197,18500000,n2n,,0.1139433523,2025
2050,34,76,13198484.76,n2n,,-0.2403321553,1989
2051,34,76,14689218.66,n2n,,-0.08144546945,1989
2052,34,76,16246230.33,n2n,,-0.02273378757,1989
2053,39,89,14600000,n2n,,-0.02319166266,2000
2054,82,204,14500000,n2n,,0.3598354823,2002
2055,39,89,14500000,n2n,,-0.01233373507,2002
2056,82,204,14063527.33,n2n,,0.3266771533,2002
2057,56,134,13500000,n2n,,0.2258259915,1995
2058,56,134,14486683.54,n2n,,0.2490760037,1995
2059,58,140,13500000,n2n,,0.2360331471,1995
2060,58,140,14486683.54,n2n,,0.2587569725,1995
2061,58,142,13500000,n2n,,0.3117538611,1995
2062,58,142,14486683.54,n2n,,0.3141833391,1995
2063,46,102,13500000,n2n,,-0.07058107429,1999
2064,46,102,14447837.21,n2n,,0.01114736078,1999
2065,46,110,13500000,n2n,,0.2013971243,1999
2066,46,110,14447837.21,n2n,,0.213517757,1999
2067,32,72,13360000,n2n,,-0.1850868187,2007
2068,32,72,14256681.82,n2n,,-0.1016405401,2007
2069,32,76,14530000,n2n,,-0.03905380427,2007
2070,32,70,14530000,n2n,,-0.3279021421,2007
2071,65,159,14600000,n2n,,0.28171497,2010
2072,71,175,13500000,n2n,,0.277838333,2010
2073,71,175,14398611.04,n2n,,0.221805318,2010
2074,32,70,13960000,n2n,,-0.3767507096,2007
2075,32,72,13960000,n2n,,-0.1079053973,2007
2076,32,76,13960000,n2n,,0.1172712957,2007
2077,66,156,14700000,n2n,,0.2395497208,2012
2078,66,158,14700000,n2n,,0.3104808915,2012
2079,70,168,14700000,n2n,,0.2730012721,2012
2080,68,162,14700000,n2n,,0.2938043599,2012
2081,68,164,14700000,n2n,,0.3096301674,2012
2082,70,170,14700000,n2n,,0.2957869403,2012
2083,70,176,14700000,n2n,,0.3667963833,2012
2084,39,89,17500000,n2n,,0.04921802267,2022
2085,39,89,19800000,n2n,,0.04532297879,2022
2086,79,197,17500000,n2n,,0.1760912591,2022
2087,79,197,19800000,n2n,,-0.1487416513,2022
2088,42,100,13400000,n2n,,0.1826999033,1991
2089,42,100,14269693.45,n2n,,0.1808710517,1991
2090,83,209,14200000,n2n,,0.3068537487,1992
2091,27,59,12840000,n2n,,-0.30980392,1990
2092,27,59,14460030.38,n2n,,-0.1313555616,1990
2093,27,59,17401172.37,n2n,,-0.03834165136,1990
2094,28,58,14110825.1,n2n,,-1.619788758,1992
2095,83,209,14600000,n2n,,0.3577443252,1993
2096,63,153,13500000,n2n,,0.1670217958,1992
2097,63,153,14368929.29,n2n,,0.1804842927,1992
2098,65,159,14368929.29,n2n,,0.3038437749,1992
2099,37,85,14700000,n2n,,0.04999285692,1984
2100,38,84,13500000,n2n,,-0.507239611,2006
2101,38,84,14347822.13,n2n,,-0.280668713,2006
2102,38,86,14347822.13,n2n,,-0.03456310022,2006
2103,31,71,13500000,n2n,,-0.1067932469,2005
2104,31,71,14396874.66,n2n,,0.01389006033,2005
2105,34,76,13500000,n2n,,-0.2848326422,2005
2106,34,76,14100000,n2n,,-0.214670165,2005
2107,92,238,13500000,n2n,,0.04178731897,2010
2108,92,238,14562666.55,n2n,,-0.1526330214,2010
2109,64,152,13500000,n2n,,0.1760912591,2010
2110,64,152,14445760.62,n2n,,0.2592354022,2010
2111,64,154,13500000,n2n,,0.2671717284,2010
2112,64,154,14445760.62,n2n,,0.2912578203,2010
2113,64,160,13500000,n2n,,0.2417954313,2010
2114,64,160,14445760.62,n2n,,0.2682268377,2010
2115,92,238,14650000,n2n,,-0.1707605719,2010
2116,59,141,13500000,n2n,,0.2304489214,2010
2117,59,141,14445760.62,n2n,,0.2642273478,2010
2118,72,176,13400000,n2n,,0.3234583668,2010
2119,72,176,14327850.41,n2n,,0.3251460685,2010
2120,68,162,13500000,n2n,,0.1640552919,2011
2121,68,162,14800000,n2n,,0.1846914308,2011
2122,68,164,13500000,n2n,,0.123851641,2011
2123,68,164,14800000,n2n,,0.1841233542,2011
2124,37,85,13400000,n2n,,-0.0752040042,2011
2125,37,85,14334461.2,n2n,,0.01342712707,2011
2126,37,87,13400000,n2n,,0.05346260493,2011
2127,37,87,14334461.2,n2n,,0.09229947657,2011
2128,39,89,13400000,n2n,,-0.2013493546,2011
2129,39,89,14334461.2,n2n,,-0.04556451367,2011
2130,58,140,13400000,n2n,,0.213517757,2011
2131,58,140,14334461.2,n2n,,0.2461044841,2011
2132,58,142,13400000,n2n,,0.2757719002,2011
2133,58,142,14334461.2,n2n,,0.2768752211,2011
2134,69,169,13400000,n2n,,0.2839792842,2011
2135,69,169,14334461.2,n2n,,0.2964457942,2011
2136,71,175,13400000,n2n,,0.2999429,2011
2137,71,175,14334461.2,n2n,,0.3012904942,2011
2138,75,185,13400000,n2n,,0.3527611917,2011
2139,75,185,14334461.2,n2n,,0.3440777385,2011
2140,79,197,13400000,n2n,,0.3191060593,2011
2141,79,197,14334461.2,n2n,,0.2948628623,2011
2142,79,197,13400000,n2n,,0.3492775275,2011
2143,79,197,14334461.2,n2n,,0.3326807892,2011
2144,92,238,13400000,n2n,,0.02897770521,2011
2145,92,238,14334461.2,n2n,,-0.1175893156,2011
2146,31,69,13500000,n2n,,-0.07675598137,2012
2147,31,69,14445760.62,n2n,,-0.04095860768,2012
2148,31,71,13500000,n2n,,-0.02227639471,2012
2149,31,71,14445760.62,n2n,,0.02325245963,2012
2150,65,159,13500000,n2n,,0.2227164711,2014
2151,65,159,14445760.62,n2n,,0.2249213456,2014
2152,67,165,13500000,n2n,,0.08529057823,2014
2153,67,165,14800000,n2n,,0.1119342763,2014
2154,70,168,13500000,n2n,,0.221153322,2013
2155,70,168,14800000,n2n,,0.2819419334,2013
2156,70,170,13500000,n2n,,0.3064250276,2013
2157,70,170,14800000,n2n,,0.3300077009,2013
2158,70,176,13500000,n2n,,0.3287872004,2013
2159,70,176,14800000,n2n,,0.3161800989,2013
2160,39,89,13500000,n2n,,-0.1214782045,2016
2161,39,89,14445760.62,n2n,,-0.03245202378,2016
2162,62,154,13500000,n2n,,0.2151085811,2016
2163,62,154,14800000,n2n,,0.1894903137,2016
2164,66,156,13500000,n2n,,0.1592663311,2016
2165,66,156,14800000,n2n,,0.1967287226,2016
2166,66,158,13500000,n2n,,0.2723058444,2016
2167,66,158,14800000,n2n,,0.2685779719,2016
2168,28,60,14600000,n2n,,-0.3705904009,2015
2169,58,138,13500000,n2n,,0.1274287779,2015
2170,58,138,14445760.62,n2n,,0.1911714557,2015
2171,60,142,13500000,n2n,,0.1309766916,2015
2172,60,142,14445760.62,n2n,,0.163161375,2015
2173,60,148,13500000,n2n,,0.2317243833,2015
2174,60,148,14445760.62,n2n,,0.2083069624,2015
2175,60,150,13500000,n2n,,0.2496874278,2015
2176,60,150,14445760.62,n2n,,0.203032887,2015
2177,69,169,13500000,n2n,,0.2617385474,2014
2178,69,169,14800000,n2n,,0.2846562828,2014
2179,30,66,13500000,n2n,,-0.3196644866,1992
2180,30,66,14358324.01,n2n,,-0.1964063352,1992
2181,58,136,13500000,n2n,,0.09795107099,2015
2182,58,136,14445760.62,n2n,,0.1482940974,2015
2183,58,140,13500000,n2n,,0.2245330626,2015
2184,58,140,14800000,n2n,,0.268343914,2015
2185,58,142,13500000,n2n,,0.2474822607,2015
2186,58,142,14445760.62,n2n,,0.2307043136,2015
2187,40,90,14197071.3,n2n,,-0.1825999185,1996
2188,40,96,14219252.62,n2n,,0.1787611845,2003
2189,48,106,13400000,n2n,,0.04960561259,1995
2190,48,106,14306759.85,n2n,,0.05994188806,1995
2191,48,110,13400000,n2n,,0.09061070783,1995
2192,48,110,14306759.85,n2n,,0.09052257095,1995
2193,58,136,14545789.77,n2n,,0.1696744341,2019
2194,58,140,14545789.77,n2n,,0.2375437381,2019
2195,58,142,14545789.77,n2n,,0.279666944,2019
2196,56,132,13500000,n2n,,0.06333335895,2017
2197,56,132,14445760.62,n2n,,0.1253185781,2017
2198,56,134,13500000,n2n,,0.1325798477,2017
2199,56,134,14445760.62,n2n,,0.1643528558,2017
2200,63,153,13500000,n2n,,0.1655410767,2017
2201,63,153,14445760.62,n2n,,0.1785453145,2017
2202,63,153,13500000,n2n,,0.2487087356,2017
2203,63,153,14445760.62,n2n,,0.2521245525,2017
2204,71,175,14431168.02,n2n,,0.3049211619,2018
2205,49,113,13500000,n2n,,0.1489109931,2017
2206,49,113,14445760.62,n2n,,0.1717264537,2017
2207,49,115,13500000,n2n,,0.1176026917,2017
2208,49,115,14445760.62,n2n,,0.1589652604,2017
2209,46,110,13500000,n2n,,0.2208922492,2018
2210,46,110,14445760.62,n2n,,0.2250506961,2018
2211,32,76,13500000,n2n,,0.09551804232,2018
2212,32,76,14445760.62,n2n,,0.1089031277,2018
2213,63,151,13500000,n2n,,0.04060234011,2018
2214,63,151,14445760.62,n2n,,0.06707085605,2018
2215,51,123,13500000,n2n,,0.2161659023,2018
2216,51,123,14445760.62,n2n,,0.2599520599,2018
2217,80,196,13500000,n2n,,0.2214142378,2018
2218,80,196,14445760.62,n2n,,0.250541978,2018
2219,80,198,13500000,n2n,,0.2837533833,2018
2220,80,198,14445760.62,n2n,,0.2938043599,2018
2221,37,85,13500000,n2n,,-0.003488327846,2018
2222,37,85,14445760.62,n2n,,0.05134549934,2018
2223,37,87,13500000,n2n,,0.08742645704,2018
2224,37,87,14445760.62,n2n,,0.1245042248,2018
2225,53,127,14311292.17,n2n,,0.1816149517,2023
2226,55,133,14311292.17,n2n,,0.2031417191,2023
2227,37,85,12489996,n2n,,-0.2514243831,2020
2228,37,85,14491376.75,n2n,,0.02469086236,2020
2229,37,85,17145174.26,n2n,,0.1014033506,2020
2230,37,85,19497692.17,n2n,,0.1131073665,2020
2231,52,122,13500000,n2n,,0.009875633712,2020
2232,52,122,14445760.62,n2n,,0.04590946704,2020
2233,34,74,13500000,n2n,,-0.638272164,2020
2234,34,74,14445760.62,n2n,,-0.3570411206,2020
2235,42,92,13500000,n2n,,-1.026872146,2020
2236,42,92,14445760.62,n2n,,-0.8979094745,2020
2237,42,100,13500000,n2n,,0.1661339703,2020
2238,42,100,14445760.62,n2n,,0.1516762308,2020
2239,40,96,13500000,n2n,,0.1766699327,2020
2240,40,96,14430490.95,n2n,,0.1873326739,2020
2241,56,134,14200000,n2n,,0.252853031,1994
2242,56,132,14200000,n2n,,0.203032887,1994
2243,69,169,14300000,n2n,,0.2174049744,2015
2244,54,124,13500000,n2n,,-0.02594909721,2022
2245,54,124,14270217.8,n2n,,0.06239393725,2022
2246,54,126,13500000,n2n,,0.1613680022,2022
2247,54,126,14270217.8,n2n,,0.2184698572,2022
2248,54,128,13500000,n2n,,0.2143138974,2022
2249,54,128,14270217.8,n2n,,0.2260195992,2022
2250,74,182,13500000,n2n,,0.2933625547,2022
2251,74,182,14598630.07,n2n,,0.334152053,2022
2252,36,78,14800000,n2n,,-0.3331701383,2022
2253,26,54,14669418.29,n2n,,-2.121861349,2022
2254,54,136,13500000,n2n,,0.163757524,2022
2255,54,136,14270217.8,n2n,,0.1802692777,2022
2256,30,66,14000000,n2n,,-0.1833610551,2023
2257,54,124,13449907.06,n2n,,0.004772633521,2023
2258,54,124,14392993.63,n2n,,0.07651665392,2023
2259,36,78,13449907.06,n2n,,-0.9984826232,2023
2260,36,78,14392993.63,n2n,,-0.6171188328,2023
2261,54,134,13500000,n2n,,0.2324878664,2023
2262,54,134,14270217.8,n2n,,0.2273724423,2023
2263,35,81,13500000,n2n,,0.02938377769,2023
2264,35,81,14430490.95,n2n,,0.06942140876,2023
2265,35,79,13500000,n2n,,0.02036128265,2023
2266,35,79,14430490.95,n2n,,0.08552841749,2023
2267,90,232,9850000,n2n,,0.2360331471,2011
2268,90,232,15500000,n2n,,-0.03011835625,2012
2269,90,232,8040000,n2n,,0.1948721752,2012
2270,90,232,11900000,n2n,,0.3217909933,2012
2271,92,238,9850000,n2n,,0.1176026917,2012
2272,90,232,17280000,n2n,,-0.1830961606,2012
2273,69,169,12489996,n2n,,0.2639909327,2023
2274,69,169,14491376.75,n2n,,0.2934730482,2023
2275,69,169,16980369.5,n2n,,0.2464165068,2023
2276,69,169,19395875.85,n2n,,0.02284061088,2023
2277,77,191,13400000,n2n,,0.2876718699,2022
2278,77,191,14275909.33,n2n,,0.2949704975,2022
2279,77,191,13400000,n2n,,0.3141854458,2022
2280,77,191,14275909.33,n2n,,0.3261040559,2022
2281,90,232,12490000,n2n,,0.3516552542,2024
2282,90,232,17218536.52,n2n,,-0.1742818541,2024
2283,52,128,14235035.55,n2n,,0.1838959154,2024
2284,26,54,14700000,n2n,,-2,1993
2285,26,54,14700000,n2n,,-2.045757491,1993
2286,29,63,14700000,n2n,,-0.2510371387,1993
2287,29,63,14700000,n2n,,-0.2676062402,1993
2288,28,58,14700000,n2n,,-1.48148606,1993
2289,28,58,14700000,n2n,,-1.443697499,1993
2290,35,79,14700000,n2n,,0.005823753029,1993
2291,35,79,14700000,n2n,,0.03981055415,1993
2292,92,238,15500000,n2n,,-0.272458743,2014
2293,92,238,8040000,n2n,,0.01872129771,2014
2294,92,238,11900000,n2n,,0.09039562241,2014
2295,90,232,14800000,n2n,,0.2237554537,2015
2296,92,238,14800000,n2n,,-0.1594548124,2015
2297,42,100,11900000,n2n,,0.1178411404,2017
2298,42,100,15750000,n2n,,0.1717206045,2017
2299,90,232,8970000,n2n,,0.260071388,2018
2300,90,232,16520000,n2n,,-0.2076083105,2018
2301,27,59,11980000,n2n,,-0.6274561992,2018
2302,27,59,15750000,n2n,,-0.1366176516,2018
2303,31,69,14900000,n2n,,-0.08025266819,2019
2304,31,71,14900000,n2n,,0.06269853248,2019
2305,70,168,14770000,n2n,,0.2806716836,2022
2306,70,170,14770000,n2n,,0.3412188077,2022
2307,70,176,14770000,n2n,,0.3508370184,2022
2308,38,84,14770000,n2n,,-0.1836261112,2022
2309,34,76,14770000,n2n,,-0.0657086455,2023
2310,45,103,16860000,n2n,,0.1707749359,2023
2311,45,103,19890000,n2n,,0.01513752088,2023
2312,30,66,14770000,n2n,,-0.1405554619,2023
2313,30,64,14770000,n2n,,-0.8102851577,2023
2314,39,89,14770000,n2n,,-0.02692759179,2023
2315,42,100,14770000,n2n,,0.1938172465,2023
2316,90,232,10490000,n2n,,0.3344537512,2019
2317,90,232,14460000,n2n,,0.03342375549,2019
2318,90,232,18360000,n2n,,-0.3467874862,2019
2319,90,232,15030000,n2n,,0.0170333393,2019
2320,30,64,14540000,n2n,,-0.7537723222,2019
2321,39,89,14540000,n2n,,0.002420945897,2019
2322,73,181,14780000,n2n,,0.2624510897,2020
2323,28,58,14540000,n2n,,-1.607303047,2020
2324,46,110,14540000,n2n,,0.2799861609,2020
2325,46,102,14540000,n2n,,-0.03796231343,2020
2326,42,100,14540000,n2n,,0.1841375652,2020
2327,58,142,13500000,n2n,,0.3117538611,2020
2328,58,142,13500000,n2n,,0.3263358609,2020
2329,58,140,13500000,n2n,,0.2671717284,2020
2330,58,140,13500000,n2n,,0.2552725051,2020
2331,53,127,14920000,n2n,,0.1814090762,2020
2332,79,197,14020727.51,n2n,,0.3191060593,2020
2333,60,148,14540000,n2n,,0.2585415071,2020
2334,50,112,14500000,n2n,,-0.0390965706,2021
2335,29,65,14920000,n2n,,0.01318283615,2022
2336,42,100,13590000,n2n,,0.1676126727,2020
2337,60,142,14770000,n2n,,0.1868517872,2022
2338,60,148,14770000,n2n,,0.255577731,2022
2339,60,150,14770000,n2n,,0.2369175309,2022
2340,46,102,14770000,n2n,,-0.02273378757,2024
2341,75,185,14800000,n2n,,0.1583624921,1967
2342,75,185,14800000,n2n,,0.1492191127,1967
2343,31,69,14100000,n2n,,-0.004803708403,1972
2344,31,71,14100000,n2n,,0.06669855042,1972
2345,33,75,14100000,n2n,,-0.04095860768,1972
2346,62,144,14100000,n2n,,0.1673173347,1972
2347,62,154,14100000,n2n,,0.3053513694,1972
2348,64,160,14100000,n2n,,0.2931414835,1972
2349,42,100,14200000,n2n,,0.2833012287,1974
2350,53,127,14200000,n2n,,0.2900346114,1974
2351,55,133,14200000,n2n,,0.2442771208,1974
2352,74,182,14200000,n2n,,0.3117538611,1974
2353,79,197,14200000,n2n,,0.3508292736,1974
2354,82,204,14398611.04,n2n,,0.3096301674,1974
2355,27,59,14360000,n2n,,-0.2441251443,1971
2356,69,169,14800000,n2n,,0.2121876044,1972
2357,77,193,14800000,n2n,,0.2121876044,1972
2358,81,203,14800000,n2n,,0.2304489214,1972
2359,82,204,14800000,n2n,,0.3424226808,1972
2360,74,182,14800000,n2n,,0.357934847,1966
2361,74,182,14800000,n2n,,0.3765769571,1966
2362,74,186,14800000,n2n,,0.374748346,1966
2363,74,186,14800000,n2n,,0.3765769571,1966
2364,74,182,14800000,n2n,,0.361727836,1966
2365,74,186,14800000,n2n,,0.3598354823,1966
2366,26,54,14671345.34,n2n,,-1.535734066,1968
2367,26,54,16451863.68,n2n,,-1.065585723,1968
2368,26,54,14671345.34,n2n,,-1.668066827,1968
2369,26,54,16451863.68,n2n,,-1.054695578,1968
2370,29,63,14797257.82,n2n,,-0.2479515522,1968
2371,29,63,16451863.68,n2n,,-0.1299864718,1968
2372,29,63,14797257.82,n2n,,-0.2557070169,1968
2373,29,63,16451863.68,n2n,,-0.1396619934,1968
2374,92,238,15000000,n2n,,-0.04575749056,1958
2375,83,209,14000000,n2n,,0.383815366,1960
2376,90,232,14700000,n2n,,-0.1870866434,1961
2377,41,93,14300000,n2n,,0.1367205672,1983
2378,83,209,14500000,n2n,,-0.2218487496,1959
2379,83,209,14700000,n2n,,-0.1804560645,1961
2380,50,112,14100000,n2n,,0.206825876,1963
2381,41,93,14300000,n2n,,0.1335389084,1984
2382,41,93,14300000,n2n,,0.1383026982,1984
2383,92,238,14760000,n2n,,-0.151810883,1987
2384,92,238,14760000,n2n,,-0.1524273409,1987
2385,82,208,14100000,n2n,,0.3765769571,1992
2386,27,59,14100000,n2n,,-0.1791420106,1999
2387,28,58,14100000,n2n,,-1.627087997,1999
2388,29,65,14100000,n2n,,-0.05158703422,1999
2389,30,64,14100000,n2n,,-0.9863203027,1999
2390,39,89,14100000,n2n,,-0.07007043992,1999
2391,40,90,14100000,n2n,,-0.2168113089,1999
2392,40,96,14100000,n2n,,0.198657087,1999
2393,42,100,14100000,n2n,,0.1690863575,1999
2394,46,102,14100000,n2n,,-0.01863449092,1999
2395,48,106,14100000,n2n,,-0.3187587626,1999
2396,58,136,14100000,n2n,,0.1464381353,1999
2397,58,140,14100000,n2n,,0.2420442394,1999
2398,58,142,14100000,n2n,,0.2873537727,1999
2399,63,153,14100000,n2n,,0.1731862684,1999
2400,79,197,14100000,n2n,,0.3463529745,1999
2401,82,204,14100000,n2n,,0.3324384599,1999
2402,92,238,14100000,n2n,,-0.0268721464,1999
2403,90,232,14100000,n2n,,0.2405492483,1999
2404,26,56,14600000,n2n,,-0.3187587626,1978
2405,27,59,14600000,n2n,,-0.1804560645,1978
2406,74,186,14500000,n2n,,0.2955671,2003
2407,77,191,14500000,n2n,,0.2474822607,2003
2408,77,193,14500000,n2n,,0.3070679507,2003
2409,78,192,14500000,n2n,,0.2973227142,2003
2410,79,197,14500000,n2n,,0.3416323358,2003
2411,41,93,14600000,n2n,,0.1139433523,1977
2412,27,59,14173800.21,n2n,,-0.1662156253,2016
2413,28,58,13470000,n2n,,-1.93930216,2016
2414,28,58,14216799.9,n2n,,-1.582172571,2016
2415,29,65,14173800.21,n2n,,-0.04575749056,2016
2416,30,64,13470000,n2n,,-1.232844134,2016
2417,30,64,14240578.27,n2n,,-0.9358095159,2016
2418,34,74,13490000,n2n,,-0.7670038896,2016
2419,34,74,14286441.57,n2n,,-0.4636941276,2016
2420,34,76,13490000,n2n,,-0.2041199827,2016
2421,34,76,14286441.57,n2n,,-0.07109230976,2016
2422,34,82,13490000,n2n,,0.1338581252,2016
2423,34,82,14414491.69,n2n,,0.1714339009,2016
2424,39,89,13470000,n2n,,-0.1668528881,2016
2425,39,89,14259930.04,n2n,,-0.04555073289,2016
2426,40,90,14173800.21,n2n,,-0.19859629,2016
2427,40,96,14173800.21,n2n,,0.2063632043,2016
2428,42,100,13470000,n2n,,0.16790781,2016
2429,42,100,14248680.05,n2n,,0.1538584005,2016
2430,45,103,14181685.36,n2n,,0.1139433523,2016
2431,46,102,13460000,n2n,,-0.07727454201,2016
2432,46,102,14262708.08,n2n,,-0.004991945557,2016
2433,46,110,13450000,n2n,,0.1900514178,2016
2434,46,110,14469356.39,n2n,,0.1535099893,2016
2435,48,106,13470000,n2n,,-0.4001169279,2016
2436,48,106,14327555.61,n2n,,-0.2978927196,2016
2437,48,108,13450000,n2n,,0.04414762088,2016
2438,48,108,14438204.83,n2n,,0.1259689631,2016
2439,48,110,13450000,n2n,,0.1202447955,2016
2440,48,110,14316358.95,n2n,,0.1865796707,2016
2441,48,116,13450000,n2n,,0.1126050015,2016
2442,48,116,14153529.98,n2n,,0.1461280357,2016
2443,50,112,13470000,n2n,,-0.1931419705,2016
2444,50,112,14536428.46,n2n,,-0.1083510561,2016
2445,50,124,13450000,n2n,,0.2501759481,2016
2446,50,124,14375747.68,n2n,,0.2752729537,2016
2447,52,120,13480000,n2n,,-0.02456819149,2016
2448,52,120,14323097.01,n2n,,0.06669855042,2016
2449,52,122,14323097.01,n2n,,0.1736232577,2016
2450,52,130,13480000,n2n,,0.2143138974,2016
2451,52,130,14323097.01,n2n,,0.2355705277,2016
2452,58,136,13470000,n2n,,0.109915863,2016
2453,58,136,14259930.04,n2n,,0.157111233,2016
2454,58,140,13470000,n2n,,0.226084116,2016
2455,58,140,14259930.04,n2n,,0.2472014366,2016
2456,58,142,13470000,n2n,,0.2918126875,2016
2457,58,142,14259930.04,n2n,,0.286905353,2016
2458,63,151,14173800.21,n2n,,0.2177470733,2016
2459,63,153,14173800.21,n2n,,0.1749730635,2016
2460,63,153,14173800.21,n2n,,0.2498270611,2016
2461,74,186,14252835.1,n2n,,0.2924775937,2016
2462,75,185,14740000,n2n,,0.2659963705,2016
2463,77,191,14261675.93,n2n,,0.2433924302,2016
2464,77,191,14261675.93,n2n,,0.2737286229,2016
2465,77,193,14261675.93,n2n,,0.3079542351,2016
2466,78,192,13480000,n2n,,0.2830749747,2016
2467,78,192,14256117.99,n2n,,0.2884728006,2016
2468,79,197,13480000,n2n,,0.3506356083,2016
2469,79,197,14260247.45,n2n,,0.3443361234,2016
2470,82,204,13480000,n2n,,0.3106933123,2016
2471,82,204,14278369.2,n2n,,0.3395650046,2016
2472,83,209,14740000,n2n,,0.3604040547,2016
2473,90,232,13480000,n2n,,0.2835273649,2016
2474,90,232,14258941.76,n2n,,0.1647775937,2016
2475,92,238,13470000,n2n,,0.05880548668,2016
2476,92,238,14259930.04,n2n,,-0.07314329105,2016
