row,Z,A,energy_ev,quantity,spectrum,label,freeze_year,pub_year,compiled_year,entry,sub:capture,sub:n2n,sub:np,sub:na,sub:total,sub:elastic,sub:inelastic,sub:< 10 keV,sub:10-100 keV,sub:0.1-1 MeV,sub:1-10 MeV,sub:> 10 MeV,sub:E >= 100 keV (DATEDEXAM post-hoc subset)
0,5,10,6000000,elastic,,-0.06550154876,2020,2021,2021,14719,False,False,False,False,False,True,False,False,False,False,True,False,True
1,5,10,10000000,elastic,,-0.09205147839,2020,2021,2021,14719,False,False,False,False,False,True,False,False,False,False,False,True,True
2,5,11,6000000,elastic,,0.1335389084,2020,2021,2021,14719,False,False,False,False,False,True,False,False,False,False,True,False,True
3,5,11,10000000,elastic,,-0.04383156952,2020,2021,2021,14719,False,False,False,False,False,True,False,False,False,False,False,True,True
4,6,12,14100000,elastic,,-0.1023729087,2020,2025,2025,41788,False,False,False,False,False,True,False,False,False,False,False,True,True
5,6,12,6918767.112,inelastic,,-0.7454023818,2020,2023,2024,14820,False,False,False,False,False,False,True,False,False,False,True,False,True
6,6,12,7674122.661,inelastic,,-0.4557756378,2020,2023,2024,14820,False,False,False,False,False,False,True,False,False,False,True,False,True
7,6,12,8511944.16,inelastic,,-0.5524315217,2020,2023,2024,14820,False,False,False,False,False,False,True,False,False,False,True,False,True
8,6,12,9333162.03,inelastic,,-0.5476013034,2020,2023,2024,14820,False,False,False,False,False,False,True,False,False,False,True,False,True
9,6,12,10352108.86,inelastic,,-0.5224221076,2020,2023,2024,14820,False,False,False,False,False,False,True,False,False,False,False,True,True
10,6,12,11482320,inelastic,,-0.5582416489,2020,2023,2024,14820,False,False,False,False,False,False,True,False,False,False,False,True,True
11,6,12,12590103.24,inelastic,,-0.644407697,2020,2023,2024,14820,False,False,False,False,False,False,True,False,False,False,False,True,True
12,6,12,13964595.15,inelastic,,-0.7006278265,2020,2023,2024,14820,False,False,False,False,False,False,True,False,False,False,False,True,True
13,6,12,15489166.79,inelastic,,-0.8001043304,2020,2023,2024,14820,False,False,False,False,False,False,True,False,False,False,False,True,True
14,6,12,16407000,inelastic,,-0.9266042835,2020,2023,2024,14820,False,False,False,False,False,False,True,False,False,False,False,True,True
15,6,12,4842723.229,inelastic,,-1.676675695,2020,2023,2024,14820,False,False,False,False,False,False,True,False,False,False,True,False,True
16,6,12,5125749.018,inelastic,,-1.189126098,2020,2023,2024,14820,False,False,False,False,False,False,True,False,False,False,True,False,True
17,6,12,5665760.922,inelastic,,-0.826417352,2020,2023,2024,14820,False,False,False,False,False,False,True,False,False,False,True,False,True
18,6,12,6260389.565,inelastic,,-0.6113538945,2020,2023,2024,14820,False,False,False,False,False,False,True,False,False,False,True,False,True
19,6,12,6916122.588,inelastic,,-0.7135716682,2020,2023,2024,14820,False,False,False,False,False,False,True,False,False,False,True,False,True
20,6,12,7644839.784,inelastic,,-0.4864418394,2020,2023,2024,14820,False,False,False,False,False,False,True,False,False,False,True,False,True
21,6,12,8448802.416,inelastic,,-0.5247731458,2020,2023,2024,14820,False,False,False,False,False,False,True,False,False,False,True,False,True
22,6,12,9338464.19,inelastic,,-0.5407323101,2020,2023,2024,14820,False,False,False,False,False,False,True,False,False,False,True,False,True
23,6,12,10320172.4,inelastic,,-0.5069021472,2020,2023,2024,14820,False,False,False,False,False,False,True,False,False,False,False,True,True
24,6,12,11400281.94,inelastic,,-0.5309537061,2020,2023,2024,14820,False,False,False,False,False,False,True,False,False,False,False,True,True
25,6,12,12600633.45,inelastic,,-0.6070881386,2020,2023,2024,14820,False,False,False,False,False,False,True,False,False,False,False,True,True
26,6,12,13933048.65,inelastic,,-0.6608593821,2020,2023,2024,14820,False,False,False,False,False,False,True,False,False,False,False,True,True
27,6,12,15316589.92,inelastic,,-0.7414628358,2020,2023,2024,14820,False,False,False,False,False,False,True,False,False,False,False,True,True
28,7,14,104396.7987,total,,0.6104496222,2020,2025,2025,23672,False,False,False,False,True,False,False,False,False,True,False,False,True
29,7,14,114621.1463,total,,0.6003808872,2020,2025,2025,23672,False,False,False,False,True,False,False,False,False,True,False,False,True
30,7,14,126697.5941,total,,0.5951260423,2020,2025,2025,23672,False,False,False,False,True,False,False,False,False,True,False,False,True
31,7,14,140051.256,total,,0.5831944228,2020,2025,2025,23672,False,False,False,False,True,False,False,False,False,True,False,False,True
32,7,14,154776.5706,total,,0.5729699738,2020,2025,2025,23672,False,False,False,False,True,False,False,False,False,True,False,False,True
33,7,14,171014.6206,total,,0.5615908244,2020,2025,2025,23672,False,False,False,False,True,False,False,False,False,True,False,False,True
34,7,14,188986.9441,total,,0.5499053639,2020,2025,2025,23672,False,False,False,False,True,False,False,False,False,True,False,False,True
35,7,14,208905.044,total,,0.534529708,2020,2025,2025,23672,False,False,False,False,True,False,False,False,False,True,False,False,True
36,7,14,230846.3359,total,,0.5205105217,2020,2025,2025,23672,False,False,False,False,True,False,False,False,False,True,False,False,True
37,7,14,255128.7423,total,,0.5106051153,2020,2025,2025,23672,False,False,False,False,True,False,False,False,False,True,False,False,True
38,7,14,282049.6416,total,,0.4942185509,2020,2025,2025,23672,False,False,False,False,True,False,False,False,False,True,False,False,True
39,7,14,311701.4988,total,,0.4765943689,2020,2025,2025,23672,False,False,False,False,True,False,False,False,False,True,False,False,True
40,7,14,344394.1687,total,,0.460610709,2020,2025,2025,23672,False,False,False,False,True,False,False,False,False,True,False,False,True
41,7,14,380497.9112,total,,0.4426410468,2020,2025,2025,23672,False,False,False,False,True,False,False,False,False,True,False,False,True
42,7,14,420464.03,total,,0.5249239237,2020,2025,2025,23672,False,False,False,False,True,False,False,False,False,True,False,False,True
43,7,14,464849.7533,total,,0.4073671069,2020,2025,2025,23672,False,False,False,False,True,False,False,False,False,True,False,False,True
44,7,14,513773.3106,total,,0.3766474816,2020,2025,2025,23672,False,False,False,False,True,False,False,False,False,True,False,False,True
45,7,14,567848.3628,total,,0.3063791393,2020,2025,2025,23672,False,False,False,False,True,False,False,False,False,True,False,False,True
46,7,14,627820.7943,total,,0.2858936021,2020,2025,2025,23672,False,False,False,False,True,False,False,False,False,True,False,False,True
47,7,14,693763.2074,total,,0.3674474132,2020,2025,2025,23672,False,False,False,False,True,False,False,False,False,True,False,False,True
48,7,14,766476.1621,total,,0.3003226503,2020,2025,2025,23672,False,False,False,False,True,False,False,False,False,True,False,False,True
49,7,14,846997.764,total,,0.2264352876,2020,2025,2025,23672,False,False,False,False,True,False,False,False,False,True,False,False,True
50,7,14,935952.6614,total,,0.09195511289,2020,2025,2025,23672,False,False,False,False,True,False,False,False,False,True,False,False,True
51,7,14,1033959.642,total,,0.3429218638,2020,2025,2025,23672,False,False,False,False,True,False,False,False,False,False,True,False,True
52,7,14,1143449.648,total,,0.308710629,2020,2025,2025,23672,False,False,False,False,True,False,False,False,False,False,True,False,True
53,7,14,1264615.328,total,,0.2156120571,2020,2025,2025,23672,False,False,False,False,True,False,False,False,False,False,True,False,True
54,7,14,1397100.685,total,,0.4017839855,2020,2025,2025,23672,False,False,False,False,True,False,False,False,False,False,True,False,True
55,7,14,1544071.526,total,,0.3361894666,2020,2025,2025,23672,False,False,False,False,True,False,False,False,False,False,True,False,True
56,7,14,1706818.172,total,,0.3237225818,2020,2025,2025,23672,False,False,False,False,True,False,False,False,False,False,True,False,True
57,7,14,1886626.092,total,,0.2570691039,2020,2025,2025,23672,False,False,False,False,True,False,False,False,False,False,True,False,True
58,7,14,2084654.298,total,,0.1915113501,2020,2025,2025,23672,False,False,False,False,True,False,False,False,False,False,True,False,True
59,7,14,2301986.145,total,,0.2048825595,2020,2025,2025,23672,False,False,False,False,True,False,False,False,False,False,True,False,True
60,7,14,2542510.657,total,,0.1617983395,2020,2025,2025,23672,False,False,False,False,True,False,False,False,False,False,True,False,True
61,7,14,2828566.056,total,,0.1698854128,2020,2025,2025,23672,False,False,False,False,True,False,False,False,False,False,True,False,True
62,7,14,3109173.937,total,,0.2385478877,2020,2025,2025,23672,False,False,False,False,True,False,False,False,False,False,True,False,True
63,7,14,3436510.915,total,,0.227584833,2020,2025,2025,23672,False,False,False,False,True,False,False,False,False,False,True,False,True
64,7,14,3801063.604,total,,0.2529537444,2020,2025,2025,23672,False,False,False,False,True,False,False,False,False,False,True,False,True
65,7,14,4199988.111,total,,0.3203419728,2020,2025,2025,23672,False,False,False,False,True,False,False,False,False,False,True,False,True
66,7,14,4641917.84,total,,0.1605365563,2020,2025,2025,23672,False,False,False,False,True,False,False,False,False,False,True,False,True
67,7,14,5130244.941,total,,0.1344958558,2020,2025,2025,23672,False,False,False,False,True,False,False,False,False,False,True,False,True
68,7,14,5668437.19,total,,0.1568877685,2020,2025,2025,23672,False,False,False,False,True,False,False,False,False,False,True,False,True
69,7,14,6259321.057,total,,0.1545018774,2020,2025,2025,23672,False,False,False,False,True,False,False,False,False,False,True,False,True
70,7,14,6919696.361,total,,0.1134366026,2020,2025,2025,23672,False,False,False,False,True,False,False,False,False,False,True,False,True
71,7,14,7657307.933,total,,0.1919234242,2020,2025,2025,23672,False,False,False,False,True,False,False,False,False,False,True,False,True
72,7,14,8462077.319,total,,0.1084773811,2020,2025,2025,23672,False,False,False,False,True,False,False,False,False,False,True,False,True
73,7,14,9356381.87,total,,0.1122058851,2020,2025,2025,23672,False,False,False,False,True,False,False,False,False,False,True,False,True
74,7,14,10322509.19,total,,0.1484256671,2020,2025,2025,23672,False,False,False,False,True,False,False,False,False,False,False,True,True
75,7,14,11387338.34,total,,0.1519501778,2020,2025,2025,23672,False,False,False,False,True,False,False,False,False,False,False,True,True
76,8,16,14296852.8,np,,-1.392544977,2020,2021,2022,23779,False,False,True,False,False,False,False,False,False,False,False,True,True
77,8,17,14296852.8,np,,-1.468521083,2020,2021,2022,23779,False,False,True,False,False,False,False,False,False,False,False,True,True
78,9,19,117692.1433,inelastic,,-0.7817375807,2020,2025,2025,23674,False,False,False,False,False,False,True,False,False,True,False,False,True
79,9,19,126732.1019,inelastic,,-0.5232625973,2020,2025,2025,23674,False,False,False,False,False,False,True,False,False,True,False,False,True
80,9,19,140103.2377,inelastic,,-0.4965332998,2020,2025,2025,23674,False,False,False,False,False,False,True,False,False,True,False,False,True
81,9,19,155055.305,inelastic,,-0.490212314,2020,2025,2025,23674,False,False,False,False,False,False,True,False,False,True,False,False,True
82,9,19,171030.2217,inelastic,,-0.4075641165,2020,2025,2025,23674,False,False,False,False,False,False,True,False,False,True,False,False,True
83,9,19,188745.2015,inelastic,,-0.2349783911,2020,2025,2025,23674,False,False,False,False,False,False,True,False,False,True,False,False,True
84,9,19,208852.9255,inelastic,,0.002426005036,2020,2025,2025,23674,False,False,False,False,False,False,True,False,False,True,False,False,True
85,9,19,231174.9137,inelastic,,0.2106250669,2020,2025,2025,23674,False,False,False,False,False,False,True,False,False,True,False,False,True
86,9,19,255214.5375,inelastic,,0.3128394164,2020,2025,2025,23674,False,False,False,False,False,False,True,False,False,True,False,False,True
87,9,19,281635.8079,inelastic,,0.1771716131,2020,2025,2025,23674,False,False,False,False,False,False,True,False,False,True,False,False,True
88,9,19,311455.3671,inelastic,,-0.1042248182,2020,2025,2025,23674,False,False,False,False,False,False,True,False,False,True,False,False,True
89,9,19,344131.233,inelastic,,-0.002342266339,2020,2025,2025,23674,False,False,False,False,False,False,True,False,False,True,False,False,True
90,9,19,380998.0293,inelastic,,0.1918560553,2020,2025,2025,23674,False,False,False,False,False,False,True,False,False,True,False,False,True
91,9,19,421195.0179,inelastic,,0.1104764327,2020,2025,2025,23674,False,False,False,False,False,False,True,False,False,True,False,False,True
92,9,19,464767.6487,inelastic,,-0.0398023818,2020,2025,2025,23674,False,False,False,False,False,False,True,False,False,True,False,False,True
93,9,19,513504.2481,inelastic,,-0.1476332868,2020,2025,2025,23674,False,False,False,False,False,False,True,False,False,True,False,False,True
94,9,19,568079.7955,inelastic,,-0.2578631866,2020,2025,2025,23674,False,False,False,False,False,False,True,False,False,True,False,False,True
95,9,19,629176.1597,inelastic,,-0.3047180778,2020,2025,2025,23674,False,False,False,False,False,False,True,False,False,True,False,False,True
96,9,19,694528.913,inelastic,,-0.2295085556,2020,2025,2025,23674,False,False,False,False,False,False,True,False,False,True,False,False,True
97,9,19,767088.922,inelastic,,-0.09601441509,2020,2025,2025,23674,False,False,False,False,False,False,True,False,False,True,False,False,True
98,9,19,847473.9963,inelastic,,-0.1093076459,2020,2025,2025,23674,False,False,False,False,False,False,True,False,False,True,False,False,True
99,9,19,936426.7039,inelastic,,-0.1572651701,2020,2025,2025,23674,False,False,False,False,False,False,True,False,False,True,False,False,True
100,9,19,1034531.509,inelastic,,-0.1851234733,2020,2025,2025,23674,False,False,False,False,False,False,True,False,False,False,True,False,True
101,9,19,1142478.631,inelastic,,-0.05245818089,2020,2025,2025,23674,False,False,False,False,False,False,True,False,False,False,True,False,True
102,9,19,1260677.997,inelastic,,-0.1114664869,2020,2025,2025,23674,False,False,False,False,False,False,True,False,False,False,True,False,True
103,9,19,1389594.985,inelastic,,-0.2544390474,2020,2025,2025,23674,False,False,False,False,False,False,True,False,False,False,True,False,True
104,9,19,1539367.12,inelastic,,-0.03325876796,2020,2025,2025,23674,False,False,False,False,False,False,True,False,False,False,True,False,True
105,9,19,1702831.867,inelastic,,-0.2196464724,2020,2025,2025,23674,False,False,False,False,False,False,True,False,False,False,True,False,True
106,9,19,1880210.636,inelastic,,-0.1162054178,2020,2025,2025,23674,False,False,False,False,False,False,True,False,False,False,True,False,True
107,9,19,2086859.437,inelastic,,-0.0872576183,2020,2025,2025,23674,False,False,False,False,False,False,True,False,False,False,True,False,True
108,9,19,2310723.626,inelastic,,-0.06467036772,2020,2025,2025,23674,False,False,False,False,False,False,True,False,False,False,True,False,True
109,9,19,2551165.336,inelastic,,-0.06730635331,2020,2025,2025,23674,False,False,False,False,False,False,True,False,False,False,True,False,True
110,9,19,2805986.542,inelastic,,-0.121632188,2020,2025,2025,23674,False,False,False,False,False,False,True,False,False,False,True,False,True
111,9,19,3101534.93,inelastic,,-0.122905024,2020,2025,2025,23674,False,False,False,False,False,False,True,False,False,False,True,False,True
112,9,19,3445872.286,inelastic,,-0.08783121027,2020,2025,2025,23674,False,False,False,False,False,False,True,False,False,False,True,False,True
113,9,19,3811635.07,inelastic,,-0.1518398369,2020,2025,2025,23674,False,False,False,False,False,False,True,False,False,False,True,False,True
114,9,19,4192759.447,inelastic,,-0.1491045305,2020,2025,2025,23674,False,False,False,False,False,False,True,False,False,False,True,False,True
115,9,19,4635075.898,inelastic,,-0.1783240509,2020,2025,2025,23674,False,False,False,False,False,False,True,False,False,False,True,False,True
116,9,19,5150410.09,inelastic,,-0.180021987,2020,2025,2025,23674,False,False,False,False,False,False,True,False,False,False,True,False,True
117,9,19,5685010.34,inelastic,,-0.2261148629,2020,2025,2025,23674,False,False,False,False,False,False,True,False,False,False,True,False,True
118,9,19,6307703.815,inelastic,,-0.337052442,2020,2025,2025,23674,False,False,False,False,False,False,True,False,False,False,True,False,True
119,9,19,6940036.708,inelastic,,-0.3817084875,2020,2025,2025,23674,False,False,False,False,False,False,True,False,False,False,True,False,True
120,9,19,7674758.599,inelastic,,-0.4583861262,2020,2025,2025,23674,False,False,False,False,False,False,True,False,False,False,True,False,True
121,9,19,8530932.959,inelastic,,-0.5217640402,2020,2025,2025,23674,False,False,False,False,False,False,True,False,False,False,True,False,True
122,9,19,9385993.301,inelastic,,-0.622025091,2020,2025,2025,23674,False,False,False,False,False,False,True,False,False,False,True,False,True
123,9,19,10377156.98,inelastic,,-0.7219464056,2020,2025,2025,23674,False,False,False,False,False,False,True,False,False,False,False,True,True
124,9,19,11535153.04,inelastic,,-0.8490185424,2020,2025,2025,23674,False,False,False,False,False,False,True,False,False,False,False,True,True
125,9,19,12654018.56,inelastic,,-0.9770502112,2020,2025,2025,23674,False,False,False,False,False,False,True,False,False,False,False,True,True
126,9,19,13949890.29,inelastic,,-1.033229426,2020,2025,2025,23674,False,False,False,False,False,False,True,False,False,False,False,True,True
127,9,19,15451782.49,inelastic,,-1.233584178,2020,2025,2025,23674,False,False,False,False,False,False,True,False,False,False,False,True,True
128,9,19,16839333.41,inelastic,,-1.273971646,2020,2025,2025,23674,False,False,False,False,False,False,True,False,False,False,False,True,True
129,9,19,18005300,inelastic,,-1.353737467,2020,2025,2025,23674,False,False,False,False,False,False,True,False,False,False,False,True,True
130,9,19,17500000,n2n,,-0.9788107009,2020,2022,2021,31842,False,True,False,False,False,False,False,False,False,False,False,True,True
131,11,23,17500000,n2n,,-1.022276395,2020,2022,2021,31842,False,True,False,False,False,False,False,False,False,False,False,True,True
132,11,23,18500000,n2n,,-1.060480747,2020,2025,2024,31859,False,True,False,False,False,False,False,False,False,False,False,True,True
133,12,24,14050000,np,,-0.7328282716,2020,2023,2023,31858,False,False,True,False,False,False,False,False,False,False,False,True,True
134,13,26,83212.7995,na,,-1.365976406,2020,2021,2021,23752,False,False,False,True,False,False,False,False,True,False,False,False,False
135,13,26,93893.76976,na,,-0.9399635459,2020,2021,2021,23752,False,False,False,True,False,False,False,False,True,False,False,False,False
136,13,26,104109.093,na,,-0.9705891643,2020,2021,2021,23752,False,False,False,True,False,False,False,False,False,True,False,False,True
137,13,26,115487.1631,na,,-1.136260893,2020,2021,2021,23752,False,False,False,True,False,False,False,False,False,True,False,False,True
138,13,26,128099.0632,na,,-1.113546878,2020,2021,2021,23752,False,False,False,True,False,False,False,False,False,True,False,False,True
139,13,26,142060.3477,na,,-0.7296783714,2020,2021,2021,23752,False,False,False,True,False,False,False,False,False,True,False,False,True
140,13,26,154901.9044,na,,-0.9351490772,2020,2021,2021,23752,False,False,False,True,False,False,False,False,False,True,False,False,True
141,13,27,14134058.99,n2n,,-2.062195634,2020,2024,2025,32935,False,True,False,False,False,False,False,False,False,False,False,True,True
142,13,27,14854898.18,n2n,,-1.469800302,2020,2024,2025,32935,False,True,False,False,False,False,False,False,False,False,False,True,True
143,13,27,17500000,na,,-1.200659451,2020,2022,2021,31842,False,False,False,True,False,False,False,False,False,False,False,True,True
144,13,27,19800000,na,,-1.455931956,2020,2022,2021,31842,False,False,False,True,False,False,False,False,False,False,False,True,True
145,13,27,17500000,np,,-1.602059991,2020,2022,2021,31842,False,False,True,False,False,False,False,False,False,False,False,True,True
146,13,27,19800000,np,,-1.721246399,2020,2022,2021,31842,False,False,True,False,False,False,False,False,False,False,False,True,True
147,13,27,18500000,np,,-1.585026652,2020,2025,2024,31859,False,False,True,False,False,False,False,False,False,False,False,True,True
148,13,27,14100000,total,,0.2430380487,2020,2021,2022,31847,False,False,False,False,True,False,False,False,False,False,False,True,True
149,13,27,5745576.404,total,,0.3327327714,2020,2021,2024,32852,False,False,False,False,True,False,False,False,False,False,True,False,True
150,13,27,6297884.092,total,,0.3311913569,2020,2021,2024,32852,False,False,False,False,True,False,False,False,False,False,True,False,True
151,13,27,6905211.744,total,,0.3065215267,2020,2021,2024,32852,False,False,False,False,True,False,False,False,False,False,True,False,True
152,13,27,7657863.751,total,,0.2794821471,2020,2021,2024,32852,False,False,False,False,True,False,False,False,False,False,True,False,True
153,13,27,8494760.14,total,,0.2456933806,2020,2021,2024,32852,False,False,False,False,True,False,False,False,False,False,True,False,True
154,13,27,9314456.506,total,,0.241814719,2020,2021,2024,32852,False,False,False,False,True,False,False,False,False,False,True,False,True
155,13,27,10328590.86,total,,0.2194226179,2020,2021,2024,32852,False,False,False,False,True,False,False,False,False,False,False,True,True
156,13,27,11471008.28,total,,0.2441478031,2020,2021,2024,32852,False,False,False,False,True,False,False,False,False,False,False,True,True
157,13,27,12545516.1,total,,0.2755618368,2020,2021,2024,32852,False,False,False,False,True,False,False,False,False,False,False,True,True
158,13,27,13932172.68,total,,0.2700738957,2020,2021,2024,32852,False,False,False,False,True,False,False,False,False,False,False,True,True
159,13,27,15444738.87,total,,0.2801456814,2020,2021,2024,32852,False,False,False,False,True,False,False,False,False,False,False,True,True
160,13,27,16945204.8,total,,0.282505991,2020,2021,2024,32852,False,False,False,False,True,False,False,False,False,False,False,True,True
161,13,27,18810620.7,total,,0.2648631383,2020,2021,2024,32852,False,False,False,False,True,False,False,False,False,False,False,True,True
162,13,27,5745576.404,total,,0.323717093,2020,2021,2024,32852,False,False,False,False,True,False,False,False,False,False,True,False,True
163,13,27,6297884.092,total,,0.3186762388,2020,2021,2024,32852,False,False,False,False,True,False,False,False,False,False,True,False,True
164,13,27,6905211.744,total,,0.2969135225,2020,2021,2024,32852,False,False,False,False,True,False,False,False,False,False,True,False,True
165,13,27,7657863.751,total,,0.2742562474,2020,2021,2024,32852,False,False,False,False,True,False,False,False,False,False,True,False,True
166,13,27,8494760.14,total,,0.2416286501,2020,2021,2024,32852,False,False,False,False,True,False,False,False,False,False,True,False,True
167,13,27,9314456.506,total,,0.2351116272,2020,2021,2024,32852,False,False,False,False,True,False,False,False,False,False,True,False,True
168,13,27,10328590.86,total,,0.2307451624,2020,2021,2024,32852,False,False,False,False,True,False,False,False,False,False,False,True,True
169,13,27,11471008.28,total,,0.2416292725,2020,2021,2024,32852,False,False,False,False,True,False,False,False,False,False,False,True,True
170,13,27,12545516.1,total,,0.2715947782,2020,2021,2024,32852,False,False,False,False,True,False,False,False,False,False,False,True,True
171,13,27,13932172.68,total,,0.2716176665,2020,2021,2024,32852,False,False,False,False,True,False,False,False,False,False,False,True,True
172,13,27,15444738.87,total,,0.281475395,2020,2021,2024,32852,False,False,False,False,True,False,False,False,False,False,False,True,True
173,13,27,16945204.8,total,,0.2884957105,2020,2021,2024,32852,False,False,False,False,True,False,False,False,False,False,False,True,True
174,13,27,18810620.7,total,,0.2665661111,2020,2021,2024,32852,False,False,False,False,True,False,False,False,False,False,False,True,True
175,13,27,5752277.359,total,,0.2973161439,2020,2021,2024,32852,False,False,False,False,True,False,False,False,False,False,True,False,True
176,13,27,6232920.238,total,,0.3354468677,2020,2021,2024,32852,False,False,False,False,True,False,False,False,False,False,True,False,True
177,13,27,6916298.202,total,,0.274617773,2020,2021,2024,32852,False,False,False,False,True,False,False,False,False,False,True,False,True
178,13,27,7669947.819,total,,0.261562607,2020,2021,2024,32852,False,False,False,False,True,False,False,False,False,False,True,False,True
179,13,27,8412204.487,total,,0.2329389626,2020,2021,2024,32852,False,False,False,False,True,False,False,False,False,False,True,False,True
180,13,27,9331048.017,total,,0.2161833265,2020,2021,2024,32852,False,False,False,False,True,False,False,False,False,False,True,False,True
181,13,27,10346496.43,total,,0.2274933487,2020,2021,2024,32852,False,False,False,False,True,False,False,False,False,False,False,True,True
182,13,27,11346805.29,total,,0.2516114564,2020,2021,2024,32852,False,False,False,False,True,False,False,False,False,False,False,True,True
183,13,27,12592852.28,total,,0.2726240248,2020,2021,2024,32852,False,False,False,False,True,False,False,False,False,False,False,True,True
184,13,27,13945966.41,total,,0.2821835191,2020,2021,2024,32852,False,False,False,False,True,False,False,False,False,False,False,True,True
185,13,27,15295259.93,total,,0.277000317,2020,2021,2024,32852,False,False,False,False,True,False,False,False,False,False,False,True,True
186,13,27,16990581.97,total,,0.2780334468,2020,2021,2024,32852,False,False,False,False,True,False,False,False,False,False,False,True,True
187,13,27,18818852.41,total,,0.2643023826,2020,2021,2024,32852,False,False,False,False,True,False,False,False,False,False,False,True,True
188,13,27,19900000,total,,0.2498047228,2020,2021,2024,32852,False,False,False,False,True,False,False,False,False,False,False,True,True
189,13,27,5752277.359,total,,0.3107860369,2020,2021,2024,32852,False,False,False,False,True,False,False,False,False,False,True,False,True
190,13,27,6232920.238,total,,0.327680704,2020,2021,2024,32852,False,False,False,False,True,False,False,False,False,False,True,False,True
191,13,27,6916298.202,total,,0.2800713977,2020,2021,2024,32852,False,False,False,False,True,False,False,False,False,False,True,False,True
192,13,27,7669947.819,total,,0.2539979125,2020,2021,2024,32852,False,False,False,False,True,False,False,False,False,False,True,False,True
193,13,27,8412204.487,total,,0.2322303409,2020,2021,2024,32852,False,False,False,False,True,False,False,False,False,False,True,False,True
194,13,27,9331048.017,total,,0.2208191207,2020,2021,2024,32852,False,False,False,False,True,False,False,False,False,False,True,False,True
195,13,27,10346496.43,total,,0.2259150618,2020,2021,2024,32852,False,False,False,False,True,False,False,False,False,False,False,True,True
196,13,27,11346805.29,total,,0.2549050089,2020,2021,2024,32852,False,False,False,False,True,False,False,False,False,False,False,True,True
197,13,27,12592852.28,total,,0.2758275931,2020,2021,2024,32852,False,False,False,False,True,False,False,False,False,False,False,True,True
198,13,27,13945966.41,total,,0.2822356749,2020,2021,2024,32852,False,False,False,False,True,False,False,False,False,False,False,True,True
199,13,27,15295259.93,total,,0.2773174859,2020,2021,2024,32852,False,False,False,False,True,False,False,False,False,False,False,True,True
200,13,27,16990581.97,total,,0.271842071,2020,2021,2024,32852,False,False,False,False,True,False,False,False,False,False,False,True,True
201,13,27,18818852.41,total,,0.2638466563,2020,2021,2024,32852,False,False,False,False,True,False,False,False,False,False,False,True,True
202,13,27,19900000,total,,0.2578752825,2020,2021,2024,32852,False,False,False,False,True,False,False,False,False,False,False,True,True
203,17,35,2849561.37,na,,-1.740645073,2020,2024,2024,14840,False,False,False,True,False,False,False,False,False,False,True,False,True
204,17,35,3098924.358,na,,-1.487360067,2020,2024,2024,14840,False,False,False,True,False,False,False,False,False,False,True,False,True
205,17,35,3448187.32,na,,-1.223898382,2020,2024,2024,14840,False,False,False,True,False,False,False,False,False,False,True,False,True
206,17,35,3798683.983,na,,-1.087060913,2020,2024,2024,14840,False,False,False,True,False,False,False,False,False,False,True,False,True
207,17,35,4198809.355,na,,-0.9098830892,2020,2024,2024,14840,False,False,False,True,False,False,False,False,False,False,True,False,True
208,17,35,4598912.915,na,,-0.8583151127,2020,2024,2024,14840,False,False,False,True,False,False,False,False,False,False,True,False,True
209,17,35,5097384.28,na,,-0.7966950839,2020,2024,2024,14840,False,False,False,True,False,False,False,False,False,False,True,False,True
210,17,35,5623610.94,na,,-0.7395469824,2020,2024,2024,14840,False,False,False,True,False,False,False,False,False,False,True,False,True
211,17,35,6198185.218,na,,-0.739225243,2020,2024,2024,14840,False,False,False,True,False,False,False,False,False,False,True,False,True
212,17,35,6945680.77,na,,-0.734663222,2020,2024,2024,14840,False,False,False,True,False,False,False,False,False,False,True,False,True
213,17,35,7698538.822,na,,-0.7275317895,2020,2024,2024,14840,False,False,False,True,False,False,False,False,False,False,True,False,True
214,17,35,8496322.734,na,,-0.7336154096,2020,2024,2024,14840,False,False,False,True,False,False,False,False,False,False,True,False,True
215,17,35,9496709.957,na,,-0.7478875992,2020,2024,2024,14840,False,False,False,True,False,False,False,False,False,False,True,False,True
216,17,35,10497023.39,na,,-0.7493238883,2020,2024,2024,14840,False,False,False,True,False,False,False,False,False,False,False,True,True
217,17,35,11497282.29,na,,-0.7349933943,2020,2024,2024,14840,False,False,False,True,False,False,False,False,False,False,False,True,True
218,17,35,12250000,na,,-0.7567138539,2020,2024,2024,14840,False,False,False,True,False,False,False,False,False,False,False,True,True
219,17,35,2025000,na,,-2.954677021,2020,2024,2024,14840,False,False,False,True,False,False,False,False,False,False,True,False,True
220,17,35,2275000,na,,-2.583359493,2020,2024,2024,14840,False,False,False,True,False,False,False,False,False,False,True,False,True
221,17,35,2525000,na,,-2.140861703,2020,2024,2024,14840,False,False,False,True,False,False,False,False,False,False,True,False,True
222,17,35,2775000,na,,-1.782252927,2020,2024,2024,14840,False,False,False,True,False,False,False,False,False,False,True,False,True
223,17,35,3025000,na,,-1.561457651,2020,2024,2024,14840,False,False,False,True,False,False,False,False,False,False,True,False,True
224,17,35,3397701.429,na,,-1.255198681,2020,2024,2024,14840,False,False,False,True,False,False,False,False,False,False,True,False,True
225,17,35,3775000,na,,-1.076496933,2020,2024,2024,14840,False,False,False,True,False,False,False,False,False,False,True,False,True
226,17,35,4148117.043,na,,-0.9024130155,2020,2024,2024,14840,False,False,False,True,False,False,False,False,False,False,True,False,True
227,17,35,4648319.589,na,,-0.7859645857,2020,2024,2024,14840,False,False,False,True,False,False,False,False,False,False,True,False,True
228,17,35,5148482.786,na,,-0.7307790185,2020,2024,2024,14840,False,False,False,True,False,False,False,False,False,False,True,False,True
229,17,35,5648617.087,na,,-0.6936822189,2020,2024,2024,14840,False,False,False,True,False,False,False,False,False,False,True,False,True
230,17,35,6271678.189,na,,-0.7066374453,2020,2024,2024,14840,False,False,False,True,False,False,False,False,False,False,True,False,True
231,17,35,7022033.148,na,,-0.7170231053,2020,2024,2024,14840,False,False,False,True,False,False,False,False,False,False,True,False,True
232,17,35,7772319.548,na,,-0.7108199702,2020,2024,2024,14840,False,False,False,True,False,False,False,False,False,False,True,False,True
233,17,35,8522555.506,na,,-0.7054676427,2020,2024,2024,14840,False,False,False,True,False,False,False,False,False,False,True,False,True
234,17,35,9395842.319,na,,-0.6910729366,2020,2024,2024,14840,False,False,False,True,False,False,False,False,False,False,True,False,True
235,17,35,10025000,na,,-0.7109687649,2020,2024,2024,14840,False,False,False,True,False,False,False,False,False,False,False,True,True
236,17,35,3300000,na,,-1.360513511,2020,2021,2021,41744,False,False,False,True,False,False,False,False,False,False,True,False,True
237,17,35,3900000,na,,-1.255707017,2020,2021,2021,41744,False,False,False,True,False,False,False,False,False,False,True,False,True
238,17,35,4300000,na,,-1.129011186,2020,2021,2021,41744,False,False,False,True,False,False,False,False,False,False,True,False,True
239,17,35,4647580.015,na,,-1.026410377,2020,2021,2021,41744,False,False,False,True,False,False,False,False,False,False,True,False,True
240,17,35,5131827.11,na,,-0.969063119,2020,2021,2021,41744,False,False,False,True,False,False,False,False,False,False,True,False,True
241,17,35,321930.0978,np,,-2.1837587,2020,2024,2024,14840,False,False,True,False,False,False,False,False,False,True,False,False,True
242,17,35,337475.1089,np,,-1.755139969,2020,2024,2024,14840,False,False,True,False,False,False,False,False,False,True,False,False,True
243,17,35,376968.9475,np,,-2.214966916,2020,2024,2024,14840,False,False,True,False,False,False,False,False,False,True,False,False,True
244,17,35,418042.9895,np,,-2.490430933,2020,2024,2024,14840,False,False,True,False,False,False,False,False,False,True,False,False,True
245,17,35,468103.6712,np,,-2.120808514,2020,2024,2024,14840,False,False,True,False,False,False,False,False,False,True,False,False,True
246,17,35,514126.92,np,,-1.905478961,2020,2024,2024,14840,False,False,True,False,False,False,False,False,False,True,False,False,True
247,17,35,570111.5698,np,,-2.452225295,2020,2024,2024,14840,False,False,True,False,False,False,False,False,False,True,False,False,True
248,17,35,628704.5718,np,,-1.893701719,2020,2024,2024,14840,False,False,True,False,False,False,False,False,False,True,False,False,True
249,17,35,695093.3912,np,,-1.738089808,2020,2024,2024,14840,False,False,True,False,False,False,False,False,False,True,False,False,True
250,17,35,768037.566,np,,-1.586611473,2020,2024,2024,14840,False,False,True,False,False,False,False,False,False,True,False,False,True
251,17,35,847909.9869,np,,-1.487515724,2020,2024,2024,14840,False,False,True,False,False,False,False,False,False,True,False,False,True
252,17,35,934842.8664,np,,-1.549114803,2020,2024,2024,14840,False,False,True,False,False,False,False,False,False,True,False,False,True
253,17,35,1032396.251,np,,-1.348799546,2020,2024,2024,14840,False,False,True,False,False,False,False,False,False,False,True,False,True
254,17,35,1141948.337,np,,-1.310843418,2020,2024,2024,14840,False,False,True,False,False,False,False,False,False,False,True,False,True
255,17,35,1265198.072,np,,-1.420232731,2020,2024,2024,14840,False,False,True,False,False,False,False,False,False,False,True,False,True
256,17,35,1398346.979,np,,-1.325866353,2020,2024,2024,14840,False,False,True,False,False,False,False,False,False,False,True,False,True
257,17,35,1540951.511,np,,-1.150467983,2020,2024,2024,14840,False,False,True,False,False,False,False,False,False,False,True,False,True
258,17,35,1706541.653,np,,-1.155735156,2020,2024,2024,14840,False,False,True,False,False,False,False,False,False,False,True,False,True
259,17,35,1891591.785,np,,-1.055476951,2020,2024,2024,14840,False,False,True,False,False,False,False,False,False,False,True,False,True
260,17,35,2088166.971,np,,-1.076119,2020,2024,2024,14840,False,False,True,False,False,False,False,False,False,False,True,False,True
261,17,35,2305450.115,np,,-1.149402771,2020,2024,2024,14840,False,False,True,False,False,False,False,False,False,False,True,False,True
262,17,35,2544813.04,np,,-0.9611414984,2020,2024,2024,14840,False,False,True,False,False,False,False,False,False,False,True,False,True
263,17,35,2807890.936,np,,-0.8953460011,2020,2024,2024,14840,False,False,True,False,False,False,False,False,False,False,True,False,True
264,17,35,3114031.841,np,,-0.8599670845,2020,2024,2024,14840,False,False,True,False,False,False,False,False,False,False,True,False,True
265,17,35,3451500.337,np,,-0.7860176504,2020,2024,2024,14840,False,False,True,False,False,False,False,False,False,False,True,False,True
266,17,35,3768482.928,np,,-0.8280571841,2020,2024,2024,14840,False,False,True,False,False,False,False,False,False,False,True,False,True
267,17,35,4186088.908,np,,-0.7586693922,2020,2024,2024,14840,False,False,True,False,False,False,False,False,False,False,True,False,True
268,17,35,4622894.156,np,,-0.7044329,2020,2024,2024,14840,False,False,True,False,False,False,False,False,False,False,True,False,True
269,17,35,5123099.787,np,,-0.6872938544,2020,2024,2024,14840,False,False,True,False,False,False,False,False,False,False,True,False,True
270,17,35,5684851.374,np,,-0.6862888164,2020,2024,2024,14840,False,False,True,False,False,False,False,False,False,False,True,False,True
271,17,35,6309923.371,np,,-0.7144201893,2020,2024,2024,14840,False,False,True,False,False,False,False,False,False,False,True,False,True
272,17,35,6873583.742,np,,-0.7142402175,2020,2024,2024,14840,False,False,True,False,False,False,False,False,False,False,True,False,True
273,19,41,14920000,na,,-1.600499339,2020,2022,2021,33163,False,False,False,True,False,False,False,False,False,False,False,True,True
274,22,46,14050000,np,,-0.5670307091,2020,2023,2023,31858,False,False,True,False,False,False,False,False,False,False,False,True,True
275,22,48,14050000,np,,-1.208309351,2020,2023,2023,31858,False,False,True,False,False,False,False,False,False,False,False,True,True
276,22,48,14000000,np,,-1.194499142,2020,2023,2024,32893,False,False,True,False,False,False,False,False,False,False,False,True,True
277,22,50,14000000,na,,-2.060480747,2020,2023,2024,32893,False,False,False,True,False,False,False,False,False,False,False,True,True
278,23,51,14050000,na,,-1.823908741,2020,2023,2023,31858,False,False,False,True,False,False,False,False,False,False,False,True,True
279,23,51,7870000,np,,-1.93930216,2020,2021,2022,33168,False,False,True,False,False,False,False,False,False,False,True,False,True
280,23,51,13050000,np,,-1.527243551,2020,2021,2022,33168,False,False,True,False,False,False,False,False,False,False,False,True,True
281,23,51,16980000,np,,-1.573488739,2020,2021,2022,33168,False,False,True,False,False,False,False,False,False,False,False,True,True
282,24,52,5360000,inelastic,,0.1319873694,2020,2025,2025,32930,False,False,False,False,False,False,True,False,False,False,True,False,True
283,24,52,5990000,inelastic,,0.1625255752,2020,2025,2025,32930,False,False,False,False,False,False,True,False,False,False,True,False,True
284,24,52,7690000,inelastic,,0.1093118818,2020,2025,2025,32930,False,False,False,False,False,False,True,False,False,False,True,False,True
285,25,55,14050000,n2n,,-0.1636758843,2020,2023,2023,31858,False,True,False,False,False,False,False,False,False,False,False,True,True
286,26,54,2114190.495,elastic,,0.4272967267,2020,2024,2024,23661,False,False,False,False,False,True,False,False,False,False,True,False,True
287,26,54,2296599.909,elastic,,0.413150115,2020,2024,2024,23661,False,False,False,False,False,True,False,False,False,False,True,False,True
288,26,54,2544033.905,elastic,,0.4385825087,2020,2024,2024,23661,False,False,False,False,False,True,False,False,False,False,True,False,True
289,26,54,2821636.898,elastic,,0.3938690203,2020,2024,2024,23661,False,False,False,False,False,True,False,False,False,False,True,False,True
290,26,54,3119278.863,elastic,,0.3981184276,2020,2024,2024,23661,False,False,False,False,False,True,False,False,False,False,True,False,True
291,26,54,3434265.956,elastic,,0.3491725846,2020,2024,2024,23661,False,False,False,False,False,True,False,False,False,False,True,False,True
292,26,54,3781010.239,elastic,,0.3553633879,2020,2024,2024,23661,False,False,False,False,False,True,False,False,False,False,True,False,True
293,26,54,4183203.67,elastic,,0.3391452403,2020,2024,2024,23661,False,False,False,False,False,True,False,False,False,False,True,False,True
294,26,54,4627751.971,elastic,,0.3518907458,2020,2024,2024,23661,False,False,False,False,False,True,False,False,False,False,True,False,True
295,26,54,5118084.69,elastic,,0.3256684286,2020,2024,2024,23661,False,False,False,False,False,True,False,False,False,False,True,False,True
296,26,54,5656379.506,elastic,,0.3080706165,2020,2024,2024,23661,False,False,False,False,False,True,False,False,False,False,True,False,True
297,26,54,6245109.261,elastic,,0.2840809013,2020,2024,2024,23661,False,False,False,False,False,True,False,False,False,False,True,False,True
298,26,54,6931143.443,elastic,,0.2741953864,2020,2024,2024,23661,False,False,False,False,False,True,False,False,False,False,True,False,True
299,26,54,7628122.852,elastic,,0.2685428712,2020,2024,2024,23661,False,False,False,False,False,True,False,False,False,False,True,False,True
300,26,54,14510000,n2n,,-2.26760624,2020,2022,2025,32882,False,True,False,False,False,False,False,False,False,False,False,True,True
301,26,54,14749783.05,n2n,,-2.063989204,2020,2022,2025,32882,False,True,False,False,False,False,False,False,False,False,False,True,True
302,26,56,2595719.429,elastic,,0.4304244586,2020,2025,2025,23673,False,False,False,False,False,True,False,False,False,False,True,False,True
303,26,56,2797812.367,elastic,,0.3899571385,2020,2025,2025,23673,False,False,False,False,False,True,False,False,False,False,True,False,True
304,26,56,3105522.457,elastic,,0.3764005271,2020,2025,2025,23673,False,False,False,False,False,True,False,False,False,False,True,False,True
305,26,56,3434278.9,elastic,,0.3448675758,2020,2025,2025,23673,False,False,False,False,False,True,False,False,False,False,True,False,True
306,26,56,3781060.557,elastic,,0.3573248827,2020,2025,2025,23673,False,False,False,False,False,True,False,False,False,False,True,False,True
307,26,56,4183259.819,elastic,,0.3677508934,2020,2025,2025,23673,False,False,False,False,False,True,False,False,False,False,True,False,True
308,26,56,4653430.898,elastic,,0.3672813576,2020,2025,2025,23673,False,False,False,False,False,True,False,False,False,False,True,False,True
309,26,56,5147506.824,elastic,,0.3570482104,2020,2025,2025,23673,False,False,False,False,False,True,False,False,False,False,True,False,True
310,26,56,5656600.842,elastic,,0.3431426178,2020,2025,2025,23673,False,False,False,False,False,True,False,False,False,False,True,False,True
311,26,56,6245409.148,elastic,,0.3306065248,2020,2025,2025,23673,False,False,False,False,False,True,False,False,False,False,True,False,True
312,26,56,6931548.123,elastic,,0.3210648132,2020,2025,2025,23673,False,False,False,False,False,True,False,False,False,False,True,False,True
313,26,56,7628660.965,elastic,,0.3035416269,2020,2025,2025,23673,False,False,False,False,False,True,False,False,False,False,True,False,True
314,26,56,14050000,np,,-0.9507819773,2020,2023,2023,31858,False,False,True,False,False,False,False,False,False,False,False,True,True
315,27,59,14050000,n2n,,-0.1726307269,2020,2023,2023,31858,False,True,False,False,False,False,False,False,False,False,False,True,True
316,27,59,17500000,na,,-1.681936665,2020,2022,2021,31842,False,False,False,True,False,False,False,False,False,False,False,True,True
317,27,59,14050000,na,,-1.522878745,2020,2023,2023,31858,False,False,False,True,False,False,False,False,False,False,False,True,True
318,27,59,18500000,na,,-1.772113295,2020,2025,2024,31859,False,False,False,True,False,False,False,False,False,False,False,True,True
319,27,59,17500000,np,,-1.54668166,2020,2022,2021,31842,False,False,True,False,False,False,False,False,False,False,False,True,True
320,27,59,14050000,np,,-1.278189385,2020,2023,2023,31858,False,False,True,False,False,False,False,False,False,False,False,True,True
321,27,59,17600000,np,,-1.522878745,2020,2025,2024,31859,False,False,True,False,False,False,False,False,False,False,False,True,True
322,27,59,18500000,np,,-1.48148606,2020,2025,2024,31859,False,False,True,False,False,False,False,False,False,False,False,True,True
323,28,58,14050000,np,,-0.440093375,2020,2023,2023,31858,False,False,True,False,False,False,False,False,False,False,False,True,True
324,28,58,1660000,np,,-1.718512112,2020,2024,2024,33203,False,False,True,False,False,False,False,False,False,False,True,False,True
325,28,58,2060000,np,,-1.233884717,2020,2024,2024,33203,False,False,True,False,False,False,False,False,False,False,True,False,True
326,28,58,2660000,np,,-0.7762964365,2020,2024,2024,33203,False,False,True,False,False,False,False,False,False,False,True,False,True
327,28,58,1060000,np,,-2.540607512,2020,2024,2025,33212,False,False,True,False,False,False,False,False,False,False,True,False,True
328,28,58,1860000,np,,-1.231657941,2020,2024,2025,33212,False,False,True,False,False,False,False,False,False,False,True,False,True
329,28,58,2850000,np,,-0.8819668712,2020,2024,2025,33212,False,False,True,False,False,False,False,False,False,False,True,False,True
330,28,59,1400000,na,,-2.167491087,2020,2022,2022,14787,False,False,False,True,False,False,False,False,False,False,True,False,True
331,28,59,2000000,na,,-1.987162775,2020,2022,2022,14787,False,False,False,True,False,False,False,False,False,False,True,False,True
332,28,59,2600000,na,,-1.821023053,2020,2022,2022,14787,False,False,False,True,False,False,False,False,False,False,True,False,True
333,28,59,3200000,na,,-1.522878745,2020,2022,2022,14787,False,False,False,True,False,False,False,False,False,False,True,False,True
334,28,59,3800000,na,,-1.480172006,2020,2022,2022,14787,False,False,False,True,False,False,False,False,False,False,True,False,True
335,28,59,4400000,na,,-1.472370099,2020,2022,2022,14787,False,False,False,True,False,False,False,False,False,False,True,False,True
336,28,59,5000000,na,,-1.326979093,2020,2022,2022,14787,False,False,False,True,False,False,False,False,False,False,True,False,True
337,28,59,5600000,na,,-1.287350298,2020,2022,2022,14787,False,False,False,True,False,False,False,False,False,False,True,False,True
338,28,59,6200000,na,,-1.319664487,2020,2022,2022,14787,False,False,False,True,False,False,False,False,False,False,True,False,True
339,28,59,7000000,na,,-1.253365801,2020,2022,2022,14787,False,False,False,True,False,False,False,False,False,False,True,False,True
340,28,59,8000000,na,,-1.252588192,2020,2022,2022,14787,False,False,False,True,False,False,False,False,False,False,True,False,True
341,28,59,9000000,na,,-1.196542884,2020,2022,2022,14787,False,False,False,True,False,False,False,False,False,False,True,False,True
342,28,59,10000000,na,,-1.217527376,2020,2022,2022,14787,False,False,False,True,False,False,False,False,False,False,False,True,True
343,28,59,650000,np,,-1.777283529,2020,2022,2022,14787,False,False,True,False,False,False,False,False,False,True,False,False,True
344,28,59,950000,np,,-1.630784143,2020,2022,2022,14787,False,False,True,False,False,False,False,False,False,True,False,False,True
345,28,59,1250000,np,,-1.458420756,2020,2022,2022,14787,False,False,True,False,False,False,False,False,False,False,True,False,True
346,28,59,1550000,np,,-1.510041521,2020,2022,2022,14787,False,False,True,False,False,False,False,False,False,False,True,False,True
347,28,59,1850000,np,,-1.438898616,2020,2022,2022,14787,False,False,True,False,False,False,False,False,False,False,True,False,True
348,28,59,2150000,np,,-1.338187314,2020,2022,2022,14787,False,False,True,False,False,False,False,False,False,False,True,False,True
349,28,59,2450000,np,,-1.235077015,2020,2022,2022,14787,False,False,True,False,False,False,False,False,False,False,True,False,True
350,28,59,2750000,np,,-1.124938737,2020,2022,2022,14787,False,False,True,False,False,False,False,False,False,False,True,False,True
351,28,59,3050000,np,,-0.998699067,2020,2022,2022,14787,False,False,True,False,False,False,False,False,False,False,True,False,True
352,28,59,3350000,np,,-1.009217308,2020,2022,2022,14787,False,False,True,False,False,False,False,False,False,False,True,False,True
353,28,59,3797038.32,np,,-0.9471137647,2020,2022,2022,14787,False,False,True,False,False,False,False,False,False,False,True,False,True
354,28,59,4250000,np,,-0.8613815661,2020,2022,2022,14787,False,False,True,False,False,False,False,False,False,False,True,False,True
355,28,59,4697605.773,np,,-0.8365404482,2020,2022,2022,14787,False,False,True,False,False,False,False,False,False,False,True,False,True
356,28,59,5150000,np,,-0.8728952016,2020,2022,2022,14787,False,False,True,False,False,False,False,False,False,False,True,False,True
357,28,59,5597990.711,np,,-0.7887459324,2020,2022,2022,14787,False,False,True,False,False,False,False,False,False,False,True,False,True
358,28,59,6198185.218,np,,-0.7360090673,2020,2022,2022,14787,False,False,True,False,False,False,False,False,False,False,True,False,True
359,28,59,7000000,np,,-0.7734000948,2020,2022,2022,14787,False,False,True,False,False,False,False,False,False,False,True,False,True
360,28,59,8000000,np,,-0.7644715531,2020,2022,2022,14787,False,False,True,False,False,False,False,False,False,False,True,False,True
361,28,59,9000000,np,,-0.71828503,2020,2022,2022,14787,False,False,True,False,False,False,False,False,False,False,True,False,True
362,28,59,10000000,np,,-0.7265357274,2020,2022,2022,14787,False,False,True,False,False,False,False,False,False,False,False,True,True
363,29,63,5000000,na,,-2.835647144,2020,2023,2024,32903,False,False,False,True,False,False,False,False,False,False,True,False,True
364,29,63,5500000,na,,-2.498940738,2020,2023,2024,32903,False,False,False,True,False,False,False,False,False,False,True,False,True
365,29,63,8500000,na,,-1.695294102,2020,2023,2024,32903,False,False,False,True,False,False,False,False,False,False,True,False,True
366,29,63,9500000,na,,-1.574139855,2020,2023,2024,32903,False,False,False,True,False,False,False,False,False,False,True,False,True
367,29,63,10500000,na,,-1.491470281,2020,2023,2024,32903,False,False,False,True,False,False,False,False,False,False,False,True,True
368,29,63,8500000,na,,-1.648203693,2020,2023,2024,32903,False,False,False,True,False,False,False,False,False,False,True,False,True
369,29,63,10500000,na,,-1.474825572,2020,2023,2024,32903,False,False,False,True,False,False,False,False,False,False,False,True,True
370,29,65,14920000,n2n,,0.01318283615,2020,2022,2021,33163,False,True,False,False,False,False,False,False,False,False,False,True,True
371,29,65,14500000,np,,-1.653647026,2020,2022,2024,32872,False,False,True,False,False,False,False,False,False,False,False,True,True
372,29,65,14700000,np,,-1.668370282,2020,2022,2024,32872,False,False,True,False,False,False,False,False,False,False,False,True,True
373,30,64,14770000,n2n,,-0.8102851577,2020,2023,2024,33196,False,True,False,False,False,False,False,False,False,False,False,True,True
374,30,64,14000000,np,,-0.7444862872,2020,2023,2024,32884,False,False,True,False,False,False,False,False,False,False,False,True,True
375,30,66,14000000,n2n,,-0.1833610551,2020,2023,2024,32884,False,True,False,False,False,False,False,False,False,False,False,True,True
376,30,66,14770000,n2n,,-0.1405554619,2020,2023,2024,33196,False,True,False,False,False,False,False,False,False,False,False,True,True
377,30,66,14770000,np,,-1.229516191,2020,2023,2024,33196,False,False,True,False,False,False,False,False,False,False,False,True,True
378,30,67,14770000,np,,-1.294563953,2020,2023,2024,33196,False,False,True,False,False,False,False,False,False,False,False,True,True
379,30,68,6350000,na,,-2.939551478,2020,2025,2026,14862,False,False,False,True,False,False,False,False,False,False,True,False,True
380,30,68,6850000,na,,-2.795711761,2020,2025,2026,14862,False,False,False,True,False,False,False,False,False,False,True,False,True
381,30,68,7595887.045,na,,-2.539878269,2020,2025,2026,14862,False,False,False,True,False,False,False,False,False,False,True,False,True
382,30,68,8596365.511,na,,-2.369882446,2020,2025,2026,14862,False,False,False,True,False,False,False,False,False,False,True,False,True
383,30,68,9350000,na,,-2.306882722,2020,2025,2026,14862,False,False,False,True,False,False,False,False,False,False,True,False,True
384,30,68,10341942.2,na,,-2.234342371,2020,2025,2026,14862,False,False,False,True,False,False,False,False,False,False,False,True,True
385,30,68,11597305.72,na,,-2.056699674,2020,2025,2026,14862,False,False,False,True,False,False,False,False,False,False,False,True,True
386,30,68,12597519.6,na,,-1.971224457,2020,2025,2026,14862,False,False,False,True,False,False,False,False,False,False,False,True,True
387,30,68,14770000,na,,-2.010550182,2020,2023,2024,33196,False,False,False,True,False,False,False,False,False,False,False,True,True
388,30,68,6850000,np,,-2.938852992,2020,2025,2026,14862,False,False,True,False,False,False,False,False,False,False,True,False,True
389,30,68,7595887.045,np,,-2.440924474,2020,2025,2026,14862,False,False,True,False,False,False,False,False,False,False,True,False,True
390,30,68,8596365.511,np,,-2.166707829,2020,2025,2026,14862,False,False,True,False,False,False,False,False,False,False,True,False,True
391,30,68,9350000,np,,-1.989551628,2020,2025,2026,14862,False,False,True,False,False,False,False,False,False,False,True,False,True
392,30,68,10341942.2,np,,-1.883058142,2020,2025,2026,14862,False,False,True,False,False,False,False,False,False,False,False,True,True
393,30,68,11597305.72,np,,-1.671976338,2020,2025,2026,14862,False,False,True,False,False,False,False,False,False,False,False,True,True
394,30,68,12350000,np,,-1.834307659,2020,2025,2026,14862,False,False,True,False,False,False,False,False,False,False,False,True,True
395,31,71,2150000,capture,,-2.039053804,2020,2023,2023,33193,True,False,False,False,False,False,False,False,False,False,True,False,True
396,31,71,3190000,capture,,-2.241088108,2020,2023,2023,33193,True,False,False,False,False,False,False,False,False,False,True,False,True
397,32,70,124567,capture,,-1.371070837,2020,2022,2022,14791,True,False,False,False,False,False,False,False,False,True,False,False,True
398,32,70,141059.8301,capture,,-1.216819895,2020,2022,2022,14791,True,False,False,False,False,False,False,False,False,True,False,False,True
399,32,70,159736,capture,,-1.352398959,2020,2022,2022,14791,True,False,False,False,False,False,False,False,False,True,False,False,True
400,32,70,173541,capture,,-1.344567651,2020,2022,2022,14791,True,False,False,False,False,False,False,False,False,True,False,False,True
401,32,70,188540,capture,,-1.364949759,2020,2022,2022,14791,True,False,False,False,False,False,False,False,False,True,False,False,True
402,32,70,204834,capture,,-1.344148256,2020,2022,2022,14791,True,False,False,False,False,False,False,False,False,True,False,False,True
403,32,70,231954.2422,capture,,-1.377373127,2020,2022,2022,14791,True,False,False,False,False,False,False,False,False,True,False,False,True
404,32,70,262665,capture,,-1.398144175,2020,2022,2022,14791,True,False,False,False,False,False,False,False,False,True,False,False,True
405,32,70,285366,capture,,-1.405973384,2020,2022,2022,14791,True,False,False,False,False,False,False,False,False,True,False,False,True
406,32,70,310029,capture,,-1.408020997,2020,2022,2022,14791,True,False,False,False,False,False,False,False,False,True,False,False,True
407,32,70,336824,capture,,-1.416659508,2020,2022,2022,14791,True,False,False,False,False,False,False,False,False,True,False,False,True
408,32,70,381419.3506,capture,,-1.404256389,2020,2022,2022,14791,True,False,False,False,False,False,False,False,False,True,False,False,True
409,32,70,431920,capture,,-1.403329245,2020,2022,2022,14791,True,False,False,False,False,False,False,False,False,True,False,False,True
410,32,70,469249,capture,,-1.37271302,2020,2022,2022,14791,True,False,False,False,False,False,False,False,False,True,False,False,True
411,32,70,509804,capture,,-1.400187861,2020,2022,2022,14791,True,False,False,False,False,False,False,False,False,True,False,False,True
412,32,70,553864,capture,,-1.409795925,2020,2022,2022,14791,True,False,False,False,False,False,False,False,False,True,False,False,True
413,32,70,627195.721,capture,,-1.435193138,2020,2022,2022,14791,True,False,False,False,False,False,False,False,False,True,False,False,True
414,32,70,710236,capture,,-1.423405289,2020,2022,2022,14791,True,False,False,False,False,False,False,False,False,True,False,False,True
415,32,70,771619,capture,,-1.388432811,2020,2022,2022,14791,True,False,False,False,False,False,False,False,False,True,False,False,True
416,32,70,838307,capture,,-1.373057377,2020,2022,2022,14791,True,False,False,False,False,False,False,False,False,True,False,False,True
417,32,70,910758,capture,,-1.416720725,2020,2022,2022,14791,True,False,False,False,False,False,False,False,False,True,False,False,True
418,32,72,159736,capture,,-1.559473454,2020,2022,2022,14791,True,False,False,False,False,False,False,False,False,True,False,False,True
419,32,72,173541,capture,,-1.542003114,2020,2022,2022,14791,True,False,False,False,False,False,False,False,False,True,False,False,True
420,32,72,188540,capture,,-1.504047922,2020,2022,2022,14791,True,False,False,False,False,False,False,False,False,True,False,False,True
421,32,72,204834,capture,,-1.496729693,2020,2022,2022,14791,True,False,False,False,False,False,False,False,False,True,False,False,True
422,32,72,231954.2422,capture,,-1.548119963,2020,2022,2022,14791,True,False,False,False,False,False,False,False,False,True,False,False,True
423,32,72,262665,capture,,-1.575131425,2020,2022,2022,14791,True,False,False,False,False,False,False,False,False,True,False,False,True
424,32,72,285366,capture,,-1.586847821,2020,2022,2022,14791,True,False,False,False,False,False,False,False,False,True,False,False,True
425,32,72,310029,capture,,-1.602059991,2020,2022,2022,14791,True,False,False,False,False,False,False,False,False,True,False,False,True
426,32,72,336824,capture,,-1.584642638,2020,2022,2022,14791,True,False,False,False,False,False,False,False,False,True,False,False,True
427,32,72,381419.3506,capture,,-1.567335303,2020,2022,2022,14791,True,False,False,False,False,False,False,False,False,True,False,False,True
428,32,72,431920,capture,,-1.568369307,2020,2022,2022,14791,True,False,False,False,False,False,False,False,False,True,False,False,True
429,32,72,469249,capture,,-1.580637477,2020,2022,2022,14791,True,False,False,False,False,False,False,False,False,True,False,False,True
430,32,72,509804,capture,,-1.553744066,2020,2022,2022,14791,True,False,False,False,False,False,False,False,False,True,False,False,True
431,32,72,553864,capture,,-1.576437944,2020,2022,2022,14791,True,False,False,False,False,False,False,False,False,True,False,False,True
432,32,72,627195.721,capture,,-1.579639869,2020,2022,2022,14791,True,False,False,False,False,False,False,False,False,True,False,False,True
433,32,72,710236,capture,,-1.59003815,2020,2022,2022,14791,True,False,False,False,False,False,False,False,False,True,False,False,True
434,32,72,771619,capture,,-1.641324817,2020,2022,2022,14791,True,False,False,False,False,False,False,False,False,True,False,False,True
435,32,72,838307,capture,,-1.722088375,2020,2022,2022,14791,True,False,False,False,False,False,False,False,False,True,False,False,True
436,32,72,910758,capture,,-1.82716364,2020,2022,2022,14791,True,False,False,False,False,False,False,False,False,True,False,False,True
437,32,72,155625,capture,,-1.539944513,2020,2021,2021,23757,True,False,False,False,False,False,False,False,False,True,False,False,True
438,32,72,170348.9668,capture,,-1.624190122,2020,2021,2021,23757,True,False,False,False,False,False,False,False,False,True,False,False,True
439,32,72,190716.4183,capture,,-1.637150114,2020,2021,2021,23757,True,False,False,False,False,False,False,False,False,True,False,False,True
440,32,72,208721.9768,capture,,-1.605154481,2020,2021,2021,23757,True,False,False,False,False,False,False,False,False,True,False,False,True
441,32,72,228414.5059,capture,,-1.595722331,2020,2021,2021,23757,True,False,False,False,False,False,False,False,False,True,False,False,True
442,32,72,255627.485,capture,,-1.664341548,2020,2021,2021,23757,True,False,False,False,False,False,False,False,False,True,False,False,True
443,32,72,286040.2942,capture,,-1.693403433,2020,2021,2021,23757,True,False,False,False,False,False,False,False,False,True,False,False,True
444,32,72,305975,capture,,-1.630951211,2020,2021,2021,23757,True,False,False,False,False,False,False,False,False,True,False,False,True
445,32,72,17900000,np,,-1.458420756,2020,2024,2024,23907,False,False,True,False,False,False,False,False,False,False,False,True,True
446,32,72,17900000,np,,-1.552841969,2020,2024,2024,23907,False,False,True,False,False,False,False,False,False,False,False,True,True
447,32,76,17900000,n2n,,0.08278537032,2020,2024,2024,23907,False,True,False,False,False,False,False,False,False,False,False,True,True
448,32,76,17900000,n2n,,0.06069784035,2020,2024,2024,23907,False,True,False,False,False,False,False,False,False,False,False,True,True
449,33,75,14100000,n2n,,-0.01322826573,2020,2026,2026,14866,False,True,False,False,False,False,False,False,False,False,False,True,True
450,33,75,14100000,n2n,,-0.01682492796,2020,2026,2026,14866,False,True,False,False,False,False,False,False,False,False,False,True,True
451,33,75,14100000,n2n,,-0.03763066433,2020,2026,2026,14866,False,True,False,False,False,False,False,False,False,False,False,True,True
452,34,76,14770000,n2n,,-0.0657086455,2020,2023,2023,33192,False,True,False,False,False,False,False,False,False,False,False,True,True
453,34,76,14770000,np,,-1.330497166,2020,2023,2023,33192,False,False,True,False,False,False,False,False,False,False,False,True,True
454,34,77,20997.53359,capture,,-0.1882430709,2020,2023,2023,23655,True,False,False,False,False,False,False,False,True,False,False,False,False
455,34,77,23008.90611,capture,,-0.1800085112,2020,2023,2023,23655,True,False,False,False,False,False,False,False,True,False,False,False,False
456,34,77,25501.97476,capture,,-0.2188677284,2020,2023,2023,23655,True,False,False,False,False,False,False,False,True,False,False,False,False
457,34,77,28264.15258,capture,,-0.3014312519,2020,2023,2023,23655,True,False,False,False,False,False,False,False,True,False,False,False,False
458,34,77,31324.17845,capture,,-0.2329893685,2020,2023,2023,23655,True,False,False,False,False,False,False,False,True,False,False,False,False
459,34,77,34714.04191,capture,,-0.2356052804,2020,2023,2023,23655,True,False,False,False,False,False,False,False,True,False,False,False,False
460,34,77,38032.57035,capture,,-0.3300433088,2020,2023,2023,23655,True,False,False,False,False,False,False,False,True,False,False,False,False
461,34,77,42144.6901,capture,,-0.3552082098,2020,2023,2023,23655,True,False,False,False,False,False,False,False,True,False,False,False,False
462,34,77,46699.15336,capture,,-0.3327911145,2020,2023,2023,23655,True,False,False,False,False,False,False,False,True,False,False,False,False
463,34,77,51742.97105,capture,,-0.3540749476,2020,2023,2023,23655,True,False,False,False,False,False,False,False,True,False,False,False,False
464,34,77,57328.59037,capture,,-0.4037991727,2020,2023,2023,23655,True,False,False,False,False,False,False,False,True,False,False,False,False
465,34,77,62794.68958,capture,,-0.4348067714,2020,2023,2023,23655,True,False,False,False,False,False,False,False,True,False,False,False,False
466,34,77,69565.37641,capture,,-0.4635892932,2020,2023,2023,23655,True,False,False,False,False,False,False,False,True,False,False,False,False
467,34,77,77061.4065,capture,,-0.4801713502,2020,2023,2023,23655,True,False,False,False,False,False,False,False,True,False,False,False,False
468,34,77,84395.24372,capture,,-0.4887280882,2020,2023,2023,23655,True,False,False,False,False,False,False,False,True,False,False,False,False
469,34,77,93476.98591,capture,,-0.5392954538,2020,2023,2023,23655,True,False,False,False,False,False,False,False,True,False,False,False,False
470,34,77,103528.6979,capture,,-0.516449074,2020,2023,2023,23655,True,False,False,False,False,False,False,False,False,True,False,False,True
471,34,77,114652.4739,capture,,-0.5005584456,2020,2023,2023,23655,True,False,False,False,False,False,False,False,False,True,False,False,True
472,34,77,126961.0284,capture,,-0.5419997098,2020,2023,2023,23655,True,False,False,False,False,False,False,False,False,True,False,False,True
473,34,77,140578.9795,capture,,-0.5757091443,2020,2023,2023,23655,True,False,False,False,False,False,False,False,False,True,False,False,True
474,34,77,155644.2528,capture,,-0.579168702,2020,2023,2023,23655,True,False,False,False,False,False,False,False,False,True,False,False,True
475,34,77,170372.133,capture,,-0.6092030594,2020,2023,2023,23655,True,False,False,False,False,False,False,False,False,True,False,False,True
476,34,77,188595.3065,capture,,-0.6238330791,2020,2023,2023,23655,True,False,False,False,False,False,False,False,False,True,False,False,True
477,34,78,155697.2066,capture,,-1.30980392,2020,2024,2024,23666,True,False,False,False,False,False,False,False,False,True,False,False,True
478,34,78,170429.4973,capture,,-1.375305469,2020,2024,2024,23666,True,False,False,False,False,False,False,False,False,True,False,False,True
479,34,78,188659.601,capture,,-1.317629257,2020,2024,2024,23666,True,False,False,False,False,False,False,False,False,True,False,False,True
480,34,78,208817.5564,capture,,-1.36552273,2020,2024,2024,23666,True,False,False,False,False,False,False,False,False,True,False,False,True
481,34,78,231105.4368,capture,,-1.362760512,2020,2024,2024,23666,True,False,False,False,False,False,False,False,False,True,False,False,True
482,34,78,255742.2934,capture,,-1.38341947,2020,2024,2024,23666,True,False,False,False,False,False,False,False,False,True,False,False,True
483,34,78,282973.3532,capture,,-1.398483216,2020,2024,2024,23666,True,False,False,False,False,False,False,False,False,True,False,False,True
484,34,78,313063.6643,capture,,-1.42365865,2020,2024,2024,23666,True,False,False,False,False,False,False,False,False,True,False,False,True
485,34,78,346310.3342,capture,,-1.417652506,2020,2024,2024,23666,True,False,False,False,False,False,False,False,False,True,False,False,True
486,34,78,378771.6205,capture,,-1.411448194,2020,2024,2024,23666,True,False,False,False,False,False,False,False,False,True,False,False,True
487,34,78,418884.0158,capture,,-1.415216621,2020,2024,2024,23666,True,False,False,False,False,False,False,False,False,True,False,False,True
488,34,78,463177.9872,capture,,-1.453148998,2020,2024,2024,23666,True,False,False,False,False,False,False,False,False,True,False,False,True
489,34,78,512072.972,capture,,-1.416121402,2020,2024,2024,23666,True,False,False,False,False,False,False,False,False,True,False,False,True
490,34,78,566040.4396,capture,,-1.424235019,2020,2024,2024,23666,True,False,False,False,False,False,False,False,False,True,False,False,True
491,34,78,598401.344,capture,,-1.413412695,2020,2024,2024,23666,True,False,False,False,False,False,False,False,False,True,False,False,True
492,34,78,14770000,np,,-1.71828503,2020,2023,2023,33192,False,False,True,False,False,False,False,False,False,False,False,True,True
493,35,79,13994964.18,n2n,,0.06082370457,2020,2023,2024,32900,False,True,False,False,False,False,False,False,False,False,False,True,True
494,35,79,14800000,n2n,,0.09691001301,2020,2023,2024,32900,False,True,False,False,False,False,False,False,False,False,False,True,True
495,35,79,13994964.18,na,,-1.924453039,2020,2023,2024,32900,False,False,False,True,False,False,False,False,False,False,False,True,True
496,35,79,14800000,na,,-1.869666232,2020,2023,2024,32900,False,False,False,True,False,False,False,False,False,False,False,True,True
497,35,81,13994964.18,n2n,,0.05050864615,2020,2023,2024,32898,False,True,False,False,False,False,False,False,False,False,False,True,True
498,35,81,14800000,n2n,,0.08635983067,2020,2023,2024,32898,False,True,False,False,False,False,False,False,False,False,False,True,True
499,35,81,13994964.18,na,,-2.346787486,2020,2023,2024,32900,False,False,False,True,False,False,False,False,False,False,False,True,True
500,35,81,14800000,na,,-2.244125144,2020,2023,2024,32900,False,False,False,True,False,False,False,False,False,False,False,True,True
501,36,78,14800000,n2n,,-0.3331701383,2020,2022,2025,32875,False,True,False,False,False,False,False,False,False,False,False,True,True
502,36,78,13834047.09,n2n,,-0.7919888511,2020,2023,2024,32892,False,True,False,False,False,False,False,False,False,False,False,True,True
503,36,78,14849915.82,n2n,,-0.5222277917,2020,2023,2024,32892,False,True,False,False,False,False,False,False,False,False,False,True,True
504,38,84,14770000,n2n,,-0.1836261112,2020,2022,2022,33180,False,True,False,False,False,False,False,False,False,False,False,True,True
505,38,88,14770000,np,,-1.829738285,2020,2022,2022,33180,False,False,True,False,False,False,False,False,False,False,False,True,True
506,39,89,17500000,n2n,,0.04921802267,2020,2022,2021,31842,False,True,False,False,False,False,False,False,False,False,False,True,True
507,39,89,19800000,n2n,,0.04532297879,2020,2022,2021,31842,False,True,False,False,False,False,False,False,False,False,False,True,True
508,39,89,14050000,n2n,,-0.09963287134,2020,2023,2023,31858,False,True,False,False,False,False,False,False,False,False,False,True,True
509,39,89,17600000,n2n,,0.008600171762,2020,2025,2024,31859,False,True,False,False,False,False,False,False,False,False,False,True,True
510,39,89,18500000,n2n,,0.03742649794,2020,2025,2024,31859,False,True,False,False,False,False,False,False,False,False,False,True,True
511,39,89,14770000,n2n,,-0.02692759179,2020,2023,2024,33196,False,True,False,False,False,False,False,False,False,False,False,True,True
512,40,90,14050000,n2n,,-0.1817741064,2020,2023,2023,31858,False,True,False,False,False,False,False,False,False,False,False,True,True
513,40,91,65670,capture,,-1.42945706,2020,2024,2024,32922,True,False,False,False,False,False,False,False,True,False,False,False,False
514,40,91,101160,capture,,-1.721246399,2020,2024,2024,32922,True,False,False,False,False,False,False,False,False,True,False,False,True
515,40,91,176720,capture,,-1.696803943,2020,2024,2024,32922,True,False,False,False,False,False,False,False,False,True,False,False,True
516,41,93,14050000,n2n,,-0.3316140833,2020,2023,2023,31858,False,True,False,False,False,False,False,False,False,False,False,True,True
517,42,92,13796738.75,na,,-1.582528307,2020,2021,2022,32855,False,False,False,True,False,False,False,False,False,False,False,True,True
518,42,92,14800000,na,,-1.534617149,2020,2021,2022,32855,False,False,False,True,False,False,False,False,False,False,False,True,True
519,42,95,13796738.75,np,,-1.387216143,2020,2021,2022,32855,False,False,True,False,False,False,False,False,False,False,False,True,True
520,42,95,14800000,np,,-1.35261703,2020,2021,2022,32855,False,False,True,False,False,False,False,False,False,False,False,True,True
521,42,96,14770000,np,,-1.633017024,2020,2023,2024,33196,False,False,True,False,False,False,False,False,False,False,False,True,True
522,42,97,14770000,np,,-1.850165303,2020,2023,2024,33196,False,False,True,False,False,False,False,False,False,False,False,True,True
523,42,98,1670000,capture,,-1.964666338,2020,2023,2024,33197,True,False,False,False,False,False,False,False,False,False,True,False,True
524,42,98,2060000,capture,,-1.912190198,2020,2023,2024,33197,True,False,False,False,False,False,False,False,False,False,True,False,True
525,42,98,2660000,capture,,-2.0839147,2020,2023,2024,33197,True,False,False,False,False,False,False,False,False,False,True,False,True
526,42,100,14770000,n2n,,0.1938172465,2020,2023,2024,33196,False,True,False,False,False,False,False,False,False,False,False,True,True
527,45,103,16860000,n2n,,0.1707749359,2020,2023,2023,33195,False,True,False,False,False,False,False,False,False,False,False,True,True
528,45,103,19890000,n2n,,0.01513752088,2020,2023,2023,33195,False,True,False,False,False,False,False,False,False,False,False,True,True
529,46,102,14770000,n2n,,-0.02273378757,2020,2024,2026,33224,False,True,False,False,False,False,False,False,False,False,False,True,True
530,46,105,14770000,np,,-1.337242168,2020,2024,2026,33224,False,False,True,False,False,False,False,False,False,False,False,True,True
531,47,107,2889.57208,capture,,0.334834346,2020,2022,2024,32913,True,False,False,False,False,False,False,True,False,False,False,False,False
532,47,107,3136.933431,capture,,0.1905657138,2020,2022,2024,32913,True,False,False,False,False,False,False,True,False,False,False,False,False
533,47,107,3465.108732,capture,,0.1090097651,2020,2022,2024,32913,True,False,False,False,False,False,False,True,False,False,False,False,False
534,47,107,3827.514698,capture,,0.2607207682,2020,2022,2024,32913,True,False,False,False,False,False,False,True,False,False,False,False,False
535,47,107,4233.181287,capture,,0.174685145,2020,2022,2024,32913,True,False,False,False,False,False,False,True,False,False,False,False,False
536,47,107,4677.353567,capture,,0.2941578584,2020,2022,2024,32913,True,False,False,False,False,False,False,True,False,False,False,False,False
537,47,107,5168.131238,capture,,0.2112397617,2020,2022,2024,32913,True,False,False,False,False,False,False,True,False,False,False,False,False
538,47,107,5710.404418,capture,,0.1896218983,2020,2022,2024,32913,True,False,False,False,False,False,False,True,False,False,False,False,False
539,47,107,6309.576344,capture,,0.2179632764,2020,2022,2024,32913,True,False,False,False,False,False,False,True,False,False,False,False,False
540,47,107,6971.617215,capture,,0.09798147774,2020,2022,2024,32913,True,False,False,False,False,False,False,True,False,False,False,False,False
541,47,107,7703.123598,capture,,0.1634847039,2020,2022,2024,32913,True,False,False,False,False,False,False,True,False,False,False,False,False
542,47,107,8511.384302,capture,,0.1963882035,2020,2022,2024,32913,True,False,False,False,False,False,False,True,False,False,False,False,False
543,47,107,9413.479901,capture,,0.1769175713,2020,2022,2024,32913,True,False,False,False,False,False,False,True,False,False,False,False,False
544,47,107,10411.18587,capture,,0.1210711806,2020,2022,2024,32913,True,False,False,False,False,False,False,False,True,False,False,False,False
545,47,107,11503.59368,capture,,0.09318415247,2020,2022,2024,32913,True,False,False,False,False,False,False,False,True,False,False,False,False
546,47,107,12710.62385,capture,,0.1090420446,2020,2022,2024,32913,True,False,False,False,False,False,False,False,True,False,False,False,False
547,47,107,14044.3033,capture,,0.09261294146,2020,2022,2024,32913,True,False,False,False,False,False,False,False,True,False,False,False,False
548,47,107,15517.92088,capture,,0.08610694345,2020,2022,2024,32913,True,False,False,False,False,False,False,False,True,False,False,False,False
549,47,107,17146.15978,capture,,0.1029812027,2020,2022,2024,32913,True,False,False,False,False,False,False,False,True,False,False,False,False
550,47,107,18945.24387,capture,,0.08072331281,2020,2022,2024,32913,True,False,False,False,False,False,False,False,True,False,False,False,False
551,47,107,20953.19236,capture,,0.03376131782,2020,2022,2024,32913,True,False,False,False,False,False,False,False,True,False,False,False,False
552,47,107,23173.95717,capture,,-0.002357255211,2020,2022,2024,32913,True,False,False,False,False,False,False,False,True,False,False,False,False
553,47,107,25605.51607,capture,,-0.0776708903,2020,2022,2024,32913,True,False,False,False,False,False,False,False,True,False,False,False,False
554,47,107,28292.20958,capture,,0.02934011969,2020,2022,2024,32913,True,False,False,False,False,False,False,False,True,False,False,False,False
555,47,107,31260.80806,capture,,-0.02005943337,2020,2022,2024,32913,True,False,False,False,False,False,False,False,True,False,False,False,False
556,47,107,34540.89076,capture,,-0.07666330403,2020,2022,2024,32913,True,False,False,False,False,False,False,False,True,False,False,False,False
557,47,107,38165.14058,capture,,-0.07406858993,2020,2022,2024,32913,True,False,False,False,False,False,False,False,True,False,False,False,False
558,47,107,42169.66975,capture,,-0.144197115,2020,2022,2024,32913,True,False,False,False,False,False,False,False,True,False,False,False,False
559,47,107,46594.37957,capture,,-0.1523487531,2020,2022,2024,32913,True,False,False,False,False,False,False,False,True,False,False,False,False
560,47,107,51532.77544,capture,,-0.1709157425,2020,2022,2024,32913,True,False,False,False,False,False,False,False,True,False,False,False,False
561,47,107,56994.5768,capture,,-0.2062943771,2020,2022,2024,32913,True,False,False,False,False,False,False,False,True,False,False,False,False
562,47,107,62974.8101,capture,,-0.2550306854,2020,2022,2024,32913,True,False,False,False,False,False,False,False,True,False,False,False,False
563,47,107,69582.52749,capture,,-0.2877131713,2020,2022,2024,32913,True,False,False,False,False,False,False,False,True,False,False,False,False
564,47,107,76883.56861,capture,,-0.2992117414,2020,2022,2024,32913,True,False,False,False,False,False,False,False,True,False,False,False,False
565,47,107,84950.68136,capture,,-0.2899763709,2020,2022,2024,32913,True,False,False,False,False,False,False,False,True,False,False,False,False
566,47,107,93864.24687,capture,,-0.2941234971,2020,2022,2024,32913,True,False,False,False,False,False,False,False,True,False,False,False,False
567,47,107,99330.7085,capture,,-0.3188502843,2020,2022,2024,32913,True,False,False,False,False,False,False,False,True,False,False,False,False
568,48,112,14540000,np,,-1.726767166,2020,2024,2025,33209,False,False,True,False,False,False,False,False,False,False,False,True,True
569,48,112,14540000,np,,-1.654822383,2020,2024,2025,33209,False,False,True,False,False,False,False,False,False,False,False,True,True
570,50,112,14500000,n2n,,-0.0390965706,2020,2021,2021,33161,False,True,False,False,False,False,False,False,False,False,False,True,True
571,51,121,1660000,capture,,-1.126377183,2020,2025,2026,33221,True,False,False,False,False,False,False,False,False,False,True,False,True
572,51,121,2650000,capture,,-1.326822369,2020,2025,2026,33221,True,False,False,False,False,False,False,False,False,False,True,False,True
573,51,121,3050000,capture,,-1.324459944,2020,2025,2026,33221,True,False,False,False,False,False,False,False,False,False,True,False,True
574,52,128,13858246.53,n2n,,0.1775364999,2020,2024,2025,32936,False,True,False,False,False,False,False,False,False,False,False,True,True
575,52,128,14819514.16,n2n,,0.193263773,2020,2024,2025,32936,False,True,False,False,False,False,False,False,False,False,False,True,True
576,53,127,1564.863375,capture,,0.6170003411,2020,2024,2024,23615,True,False,False,False,False,False,False,True,False,False,False,False,False
577,53,127,1730.159269,capture,,0.352375495,2020,2024,2024,23615,True,False,False,False,False,False,False,True,False,False,False,False,False
578,53,127,1922.385581,capture,,0.7423322824,2020,2024,2024,23615,True,False,False,False,False,False,False,True,False,False,False,False,False
579,53,127,2100.536523,capture,,0.7493110862,2020,2024,2024,23615,True,False,False,False,False,False,False,True,False,False,False,False,False
580,53,127,2304.651699,capture,,0.4286206727,2020,2024,2024,23615,True,False,False,False,False,False,False,True,False,False,False,False,False
581,53,127,2540.032898,capture,,0.3984608496,2020,2024,2024,23615,True,False,False,False,False,False,False,True,False,False,False,False,False
582,53,127,2813.407627,capture,,0.6633710755,2020,2024,2024,23615,True,False,False,False,False,False,False,True,False,False,False,False,False
583,53,127,3133.416675,capture,,0.179838928,2020,2024,2024,23615,True,False,False,False,False,False,False,True,False,False,False,False,False
584,53,127,3511.30394,capture,,0.4272426022,2020,2024,2024,23615,True,False,False,False,False,False,False,True,False,False,False,False,False
585,53,127,3840.56,capture,,0.6835873176,2020,2024,2024,23615,True,False,False,False,False,False,False,True,False,False,False,False,False
586,53,127,4220.475168,capture,,0.485579477,2020,2024,2024,23615,True,False,False,False,False,False,False,True,False,False,False,False,False
587,53,127,4657.161,capture,,0.1849751907,2020,2024,2024,23615,True,False,False,False,False,False,False,True,False,False,False,False,False
588,53,127,5168.404503,capture,,0.08278537032,2020,2024,2024,23615,True,False,False,False,False,False,False,True,False,False,False,False,False
589,53,127,5764.851,capture,,0.1309766916,2020,2024,2024,23615,True,False,False,False,False,False,False,True,False,False,False,False,False
590,53,127,6223.179,capture,,0.1821292141,2020,2024,2024,23615,True,False,False,False,False,False,False,True,False,False,False,False,False
591,53,127,7023.386935,capture,,0.1963143854,2020,2024,2024,23615,True,False,False,False,False,False,False,True,False,False,False,False,False
592,53,127,7981.174,capture,,0.1152775914,2020,2024,2024,23615,True,False,False,False,False,False,False,True,False,False,False,False,False
593,53,127,8735.621,capture,,0.1583624921,2020,2024,2024,23615,True,False,False,False,False,False,False,True,False,False,False,False,False
594,53,127,9602.326,capture,,0.1095785469,2020,2024,2024,23615,True,False,False,False,False,False,False,True,False,False,False,False,False
595,53,127,10604.72,capture,,0.1122697684,2020,2024,2024,23615,True,False,False,False,False,False,False,False,True,False,False,False,False
596,53,127,11772.67,capture,,0.08421868674,2020,2024,2024,23615,True,False,False,False,False,False,False,False,True,False,False,False,False
597,53,127,13144.77,capture,,0.01619735351,2020,2024,2024,23615,True,False,False,False,False,False,False,False,True,False,False,False,False
598,53,127,14771.5,capture,,0.02242837119,2020,2024,2024,23615,True,False,False,False,False,False,False,False,True,False,False,False,False
599,53,127,16720,capture,,0.00259798072,2020,2024,2024,23615,True,False,False,False,False,False,False,False,True,False,False,False,False
600,53,127,19081.1,capture,,-0.01502287358,2020,2024,2024,23615,True,False,False,False,False,False,False,False,True,False,False,False,False
601,53,127,21980.06,capture,,-0.0752040042,2020,2024,2024,23615,True,False,False,False,False,False,False,False,True,False,False,False,False
602,53,127,25593.6,capture,,-0.05012229596,2020,2024,2024,23615,True,False,False,False,False,False,False,False,True,False,False,False,False
603,53,127,30177.39,capture,,-0.0840727883,2020,2024,2024,23615,True,False,False,False,False,False,False,False,True,False,False,False,False
604,53,127,36112.67,capture,,-0.2350770154,2020,2024,2024,23615,True,False,False,False,False,False,False,False,True,False,False,False,False
605,53,127,43988.04,capture,,-0.2225731776,2020,2024,2024,23615,True,False,False,False,False,False,False,False,True,False,False,False,False
606,53,127,54751.31,capture,,-0.2525881921,2020,2024,2024,23615,True,False,False,False,False,False,False,False,True,False,False,False,False
607,53,127,70008.55,capture,,-0.3605135107,2020,2024,2024,23615,True,False,False,False,False,False,False,False,True,False,False,False,False
608,53,127,92659.98,capture,,-0.5316526696,2020,2024,2024,23615,True,False,False,False,False,False,False,False,True,False,False,False,False
609,53,127,128387.2,capture,,-0.5833594927,2020,2024,2024,23615,True,False,False,False,False,False,False,False,False,True,False,False,True
610,53,127,189597.2,capture,,-0.6345120151,2020,2024,2024,23615,True,False,False,False,False,False,False,False,False,True,False,False,True
611,53,127,307848.1,capture,,-0.7904849855,2020,2024,2024,23615,True,False,False,False,False,False,False,False,False,True,False,False,True
612,53,127,584459.2,capture,,-1.207608311,2020,2024,2024,23615,True,False,False,False,False,False,False,False,False,True,False,False,True
613,53,127,51500,capture,,-0.2125395255,2020,2026,2025,23622,True,False,False,False,False,False,False,False,True,False,False,False,False
614,53,127,127700,capture,,-0.54668166,2020,2026,2025,23622,True,False,False,False,False,False,False,False,False,True,False,False,True
615,53,127,600000,capture,,-1.322575562,2020,2021,2021,33162,True,False,False,False,False,False,False,False,False,True,False,False,True
616,53,127,1260000,capture,,-1.500587874,2020,2021,2021,33162,True,False,False,False,False,False,False,False,False,False,True,False,True
617,53,127,2510000,capture,,-1.56320149,2020,2021,2021,33162,True,False,False,False,False,False,False,False,False,False,True,False,True
618,53,127,14077780.36,n2n,,0.1710972215,2020,2023,2025,32796,False,True,False,False,False,False,False,False,False,False,False,True,True
619,53,127,14790000,n2n,,0.2019157827,2020,2023,2025,32796,False,True,False,False,False,False,False,False,False,False,False,True,True
620,53,129,2100.53608,capture,,0.2227164711,2020,2024,2024,23615,True,False,False,False,False,False,False,True,False,False,False,False,False
621,53,129,2304.651187,capture,,0.3053513694,2020,2024,2024,23615,True,False,False,False,False,False,False,True,False,False,False,False,False
622,53,129,2540.031873,capture,,0.411619706,2020,2024,2024,23615,True,False,False,False,False,False,False,True,False,False,False,False,False
623,53,129,2813.408141,capture,,0.2900346114,2020,2024,2024,23615,True,False,False,False,False,False,False,True,False,False,False,False,False
624,53,129,3133.415619,capture,,-0.351639989,2020,2024,2024,23615,True,False,False,False,False,False,False,True,False,False,False,False,False
625,53,129,3511.304028,capture,,0.1628629933,2020,2024,2024,23615,True,False,False,False,False,False,False,True,False,False,False,False,False
626,53,129,3840.56,capture,,0.2405492483,2020,2024,2024,23615,True,False,False,False,False,False,False,True,False,False,False,False,False
627,53,129,4220.474136,capture,,0.220108088,2020,2024,2024,23615,True,False,False,False,False,False,False,True,False,False,False,False,False
628,53,129,4657.16,capture,,0.1553360375,2020,2024,2024,23615,True,False,False,False,False,False,False,True,False,False,False,False,False
629,53,129,5168.401948,capture,,-0.004364805402,2020,2024,2024,23615,True,False,False,False,False,False,False,True,False,False,False,False,False
630,53,129,5764.85,capture,,-0.04095860768,2020,2024,2024,23615,True,False,False,False,False,False,False,True,False,False,False,False,False
631,53,129,6223.18,capture,,0.03742649794,2020,2024,2024,23615,True,False,False,False,False,False,False,True,False,False,False,False,False
632,53,129,7023.384495,capture,,0.006466042249,2020,2024,2024,23615,True,False,False,False,False,False,False,True,False,False,False,False,False
633,53,129,7981.17,capture,,-0.04575749056,2020,2024,2024,23615,True,False,False,False,False,False,False,True,False,False,False,False,False
634,53,129,8735.62,capture,,-0.04095860768,2020,2024,2024,23615,True,False,False,False,False,False,False,True,False,False,False,False,False
635,53,129,9602.33,capture,,-0.1487416513,2020,2024,2024,23615,True,False,False,False,False,False,False,True,False,False,False,False,False
636,53,129,10604.7,capture,,-0.0268721464,2020,2024,2024,23615,True,False,False,False,False,False,False,False,True,False,False,False,False
637,53,129,11772.7,capture,,-0.06550154876,2020,2024,2024,23615,True,False,False,False,False,False,False,False,True,False,False,False,False
638,53,129,13144.8,capture,,-0.2441251443,2020,2024,2024,23615,True,False,False,False,False,False,False,False,True,False,False,False,False
639,53,129,14771.5,capture,,-0.193820026,2020,2024,2024,23615,True,False,False,False,False,False,False,False,True,False,False,False,False
640,53,129,16720,capture,,-0.1870866434,2020,2024,2024,23615,True,False,False,False,False,False,False,False,True,False,False,False,False
641,53,129,19081.1,capture,,-0.2291479884,2020,2024,2024,23615,True,False,False,False,False,False,False,False,True,False,False,False,False
642,53,129,21980.1,capture,,-0.3372421683,2020,2024,2024,23615,True,False,False,False,False,False,False,False,True,False,False,False,False
643,53,129,25593.6,capture,,-0.2596373105,2020,2024,2024,23615,True,False,False,False,False,False,False,False,True,False,False,False,False
644,53,129,30177.4,capture,,-0.3767507096,2020,2024,2024,23615,True,False,False,False,False,False,False,False,True,False,False,False,False
645,53,129,51500,capture,,-0.5559552041,2020,2026,2025,23622,True,False,False,False,False,False,False,False,True,False,False,False,False
646,53,129,127700,capture,,-0.8507808873,2020,2026,2025,23622,True,False,False,False,False,False,False,False,False,True,False,False,True
647,54,124,13945966.41,n2n,,0.02806265153,2020,2022,2024,32871,False,True,False,False,False,False,False,False,False,False,False,True,True
648,54,124,14800000,n2n,,0.1115985249,2020,2022,2024,32871,False,True,False,False,False,False,False,False,False,False,False,True,True
649,54,124,13834047.09,n2n,,0.03848504475,2020,2023,2024,32892,False,True,False,False,False,False,False,False,False,False,False,True,True
650,54,124,14849915.82,n2n,,0.1007323065,2020,2023,2024,32892,False,True,False,False,False,False,False,False,False,False,False,True,True
651,54,126,13945966.41,n2n,,0.1952075495,2020,2022,2024,32871,False,True,False,False,False,False,False,False,False,False,False,True,True
652,54,126,14800000,n2n,,0.2540644529,2020,2022,2024,32871,False,True,False,False,False,False,False,False,False,False,False,True,True
653,54,128,13945966.41,n2n,,0.2191914402,2020,2022,2024,32871,False,True,False,False,False,False,False,False,False,False,False,True,True
654,54,128,14800000,n2n,,0.2412973871,2020,2022,2024,32871,False,True,False,False,False,False,False,False,False,False,False,True,True
655,54,131,13945966.41,np,,-2.207608311,2020,2022,2024,32871,False,False,True,False,False,False,False,False,False,False,False,True,True
656,54,131,14800000,np,,-2.13667714,2020,2022,2024,32871,False,False,True,False,False,False,False,False,False,False,False,True,True
657,54,134,13945966.41,n2n,,0.2294898607,2020,2023,2024,32895,False,True,False,False,False,False,False,False,False,False,False,True,True
658,54,134,14800000,n2n,,0.2240148114,2020,2023,2024,32895,False,True,False,False,False,False,False,False,False,False,False,True,True
659,54,136,13945966.41,n2n,,0.1761636354,2020,2022,2025,32883,False,True,False,False,False,False,False,False,False,False,False,True,True
660,54,136,14800000,n2n,,0.1804126328,2020,2022,2025,32883,False,True,False,False,False,False,False,False,False,False,False,True,True
661,55,133,14077780.36,n2n,,0.1936532249,2020,2023,2025,32796,False,True,False,False,False,False,False,False,False,False,False,True,True
662,55,133,14790000,n2n,,0.2215185603,2020,2023,2025,32796,False,True,False,False,False,False,False,False,False,False,False,True,True
663,60,142,14770000,n2n,,0.1868517872,2020,2022,2022,33170,False,True,False,False,False,False,False,False,False,False,False,True,True
664,60,146,14770000,np,,-2.461928873,2020,2022,2022,33170,False,False,True,False,False,False,False,False,False,False,False,True,True
665,60,148,14770000,n2n,,0.255577731,2020,2022,2022,33170,False,True,False,False,False,False,False,False,False,False,False,True,True
666,60,150,14770000,n2n,,0.2369175309,2020,2022,2022,33170,False,True,False,False,False,False,False,False,False,False,False,True,True
667,65,159,2292.232515,capture,,0.7882454622,2020,2023,2024,32899,True,False,False,False,False,False,False,True,False,False,False,False,False
668,65,159,2542.49,capture,,0.762359664,2020,2023,2024,32899,True,False,False,False,False,False,False,True,False,False,False,False,False
669,65,159,2820.067802,capture,,0.7705405329,2020,2023,2024,32899,True,False,False,False,False,False,False,True,False,False,False,False,False
670,65,159,3127.94,capture,,0.8007782325,2020,2023,2024,32899,True,False,False,False,False,False,False,True,False,False,False,False,False
671,65,159,3469.435364,capture,,0.6641298266,2020,2023,2024,32899,True,False,False,False,False,False,False,True,False,False,False,False,False
672,65,159,3848.21,capture,,0.5820554046,2020,2023,2024,32899,True,False,False,False,False,False,False,True,False,False,False,False,False
673,65,159,4268.338753,capture,,0.5326117134,2020,2023,2024,32899,True,False,False,False,False,False,False,True,False,False,False,False,False
674,65,159,4734.34,capture,,0.5555961982,2020,2023,2024,32899,True,False,False,False,False,False,False,True,False,False,False,False,False
675,65,159,5072.93,capture,,0.6274846568,2020,2023,2024,32899,True,False,False,False,False,False,False,True,False,False,False,False,False
676,65,159,5626.763513,capture,,0.4586287854,2020,2023,2024,32899,True,False,False,False,False,False,False,True,False,False,False,False,False
677,65,159,6241.07,capture,,0.5063737772,2020,2023,2024,32899,True,False,False,False,False,False,False,True,False,False,False,False,False
678,65,159,6922.430606,capture,,0.4875915311,2020,2023,2024,32899,True,False,False,False,False,False,False,True,False,False,False,False,False
679,65,159,7678.19,capture,,0.4666467114,2020,2023,2024,32899,True,False,False,False,False,False,False,True,False,False,False,False,False
680,65,159,8516.459619,capture,,0.3825762195,2020,2023,2024,32899,True,False,False,False,False,False,False,True,False,False,False,False,False
681,65,159,9446.24,capture,,0.4524136377,2020,2023,2024,32899,True,False,False,False,False,False,False,True,False,False,False,False,False
682,65,159,10477.5,capture,,0.4107645838,2020,2023,2024,32899,True,False,False,False,False,False,False,False,True,False,False,False,False
683,65,159,11621.4,capture,,0.2664715981,2020,2023,2024,32899,True,False,False,False,False,False,False,False,True,False,False,False,False
684,65,159,12890.21072,capture,,0.3595926647,2020,2023,2024,32899,True,False,False,False,False,False,False,False,True,False,False,False,False
685,65,159,14297.5,capture,,0.3204267207,2020,2023,2024,32899,True,False,False,False,False,False,False,False,True,False,False,False,False
686,65,159,15320,capture,,0.2491934639,2020,2023,2024,32899,True,False,False,False,False,False,False,False,True,False,False,False,False
687,65,159,16992.56421,capture,,0.2711489702,2020,2023,2024,32899,True,False,False,False,False,False,False,False,True,False,False,False,False
688,65,159,18847.7,capture,,0.2349068602,2020,2023,2024,32899,True,False,False,False,False,False,False,False,True,False,False,False,False
689,65,159,20905.42914,capture,,0.2727591578,2020,2023,2024,32899,True,False,False,False,False,False,False,False,True,False,False,False,False
690,65,159,23187.8,capture,,0.1955039046,2020,2023,2024,32899,True,False,False,False,False,False,False,False,True,False,False,False,False
691,65,159,25719.25747,capture,,0.1518155625,2020,2023,2024,32899,True,False,False,False,False,False,False,False,True,False,False,False,False
692,65,159,28527.2,capture,,0.1019360059,2020,2023,2024,32899,True,False,False,False,False,False,False,False,True,False,False,False,False
693,65,159,31641.62437,capture,,0.1081081655,2020,2023,2024,32899,True,False,False,False,False,False,False,False,True,False,False,False,False
694,65,159,35096.1,capture,,0.101815786,2020,2023,2024,32899,True,False,False,False,False,False,False,False,True,False,False,False,False
695,65,159,37606.2,capture,,0.07269462861,2020,2023,2024,32899,True,False,False,False,False,False,False,False,True,False,False,False,False
696,65,159,41711.76832,capture,,0.07561629699,2020,2023,2024,32899,True,False,False,False,False,False,False,False,True,False,False,False,False
697,65,159,46265.7,capture,,0.06998242122,2020,2023,2024,32899,True,False,False,False,False,False,False,False,True,False,False,False,False
698,65,159,51316.73908,capture,,0.04603643516,2020,2023,2024,32899,True,False,False,False,False,False,False,False,True,False,False,False,False
699,65,159,56919.2,capture,,-0.0002658695873,2020,2023,2024,32899,True,False,False,False,False,False,False,False,True,False,False,False,False
700,65,159,63133.33889,capture,,-0.03087775507,2020,2023,2024,32899,True,False,False,False,False,False,False,False,True,False,False,False,False
701,65,159,70026,capture,,0.003555308261,2020,2023,2024,32899,True,False,False,False,False,False,False,False,True,False,False,False,False
702,65,159,77671.01903,capture,,-0.09787929912,2020,2023,2024,32899,True,False,False,False,False,False,False,False,True,False,False,False,False
703,65,159,86150.7,capture,,-0.0995766079,2020,2023,2024,32899,True,False,False,False,False,False,False,False,True,False,False,False,False
704,65,159,92312.2,capture,,-0.1521097558,2020,2023,2024,32899,True,False,False,False,False,False,False,False,True,False,False,False,False
705,65,159,102390.5647,capture,,-0.1812361917,2020,2023,2024,32899,True,False,False,False,False,False,False,False,False,True,False,False,True
706,65,159,113569,capture,,-0.1269818236,2020,2023,2024,32899,True,False,False,False,False,False,False,False,False,True,False,False,True
707,65,159,125967.3619,capture,,-0.2119759461,2020,2023,2024,32899,True,False,False,False,False,False,False,False,False,True,False,False,True
708,65,159,139720,capture,,-0.2313286066,2020,2023,2024,32899,True,False,False,False,False,False,False,False,False,True,False,False,True
709,65,159,154974.0606,capture,,-0.267588145,2020,2023,2024,32899,True,False,False,False,False,False,False,False,False,True,False,False,True
710,65,159,171893,capture,,-0.3131323474,2020,2023,2024,32899,True,False,False,False,False,False,False,False,False,True,False,False,True
711,65,159,190659.7659,capture,,-0.3182465069,2020,2023,2024,32899,True,False,False,False,False,False,False,False,False,True,False,False,True
712,65,159,211475,capture,,-0.349298196,2020,2023,2024,32899,True,False,False,False,False,False,False,False,False,True,False,False,True
713,65,159,226600,capture,,-0.3724999835,2020,2023,2024,32899,True,False,False,False,False,False,False,False,False,True,False,False,True
714,65,159,251338.5761,capture,,-0.3900679967,2020,2023,2024,32899,True,False,False,False,False,False,False,False,False,True,False,False,True
715,65,159,278778,capture,,-0.4003395882,2020,2023,2024,32899,True,False,False,False,False,False,False,False,False,True,False,False,True
716,65,159,309213.5464,capture,,-0.4033215505,2020,2023,2024,32899,True,False,False,False,False,False,False,False,False,True,False,False,True
717,65,159,342972,capture,,-0.4499001192,2020,2023,2024,32899,True,False,False,False,False,False,False,False,False,True,False,False,True
718,65,159,380416.0634,capture,,-0.5093919703,2020,2023,2024,32899,True,False,False,False,False,False,False,False,False,True,False,False,True
719,65,159,421948,capture,,-0.535166313,2020,2023,2024,32899,True,False,False,False,False,False,False,False,False,True,False,False,True
720,65,159,468013.8135,capture,,-0.5939139372,2020,2023,2024,32899,True,False,False,False,False,False,False,False,False,True,False,False,True
721,65,159,519110,capture,,-0.649275295,2020,2023,2024,32899,True,False,False,False,False,False,False,False,False,True,False,False,True
722,65,159,575783.0425,capture,,-0.6650167727,2020,2023,2024,32899,True,False,False,False,False,False,False,False,False,True,False,False,True
723,65,159,638644,capture,,-0.7242511155,2020,2023,2024,32899,True,False,False,False,False,False,False,False,False,True,False,False,True
724,65,159,684320,capture,,-0.7105492946,2020,2023,2024,32899,True,False,False,False,False,False,False,False,False,True,False,False,True
725,65,159,759030.2276,capture,,-0.7800790128,2020,2023,2024,32899,True,False,False,False,False,False,False,False,False,True,False,False,True
726,65,159,841897,capture,,-0.8286421951,2020,2023,2024,32899,True,False,False,False,False,False,False,False,False,True,False,False,True
727,65,159,902109,capture,,-0.8232375511,2020,2023,2024,32899,True,False,False,False,False,False,False,False,False,True,False,False,True
728,66,156,17100000,n2n,,0.2227164711,2020,2021,2023,23782,False,True,False,False,False,False,False,False,False,False,False,True,True
729,66,156,18544540.98,n2n,,0.2329961104,2020,2021,2023,23782,False,True,False,False,False,False,False,False,False,False,False,True,True
730,69,169,1047.133389,capture,,0.8842106264,2020,2025,2025,14855,True,False,False,False,False,False,False,True,False,False,False,False,False
731,69,169,1153.465168,capture,,0.8311708755,2020,2025,2025,14855,True,False,False,False,False,False,False,True,False,False,False,False,False
732,69,169,1276.467657,capture,,0.7862324361,2020,2025,2025,14855,True,False,False,False,False,False,False,True,False,False,False,False,False
733,69,169,1412.564907,capture,,0.9943651516,2020,2025,2025,14855,True,False,False,False,False,False,False,True,False,False,False,False,False
734,69,169,1555.975429,capture,,0.7551779017,2020,2025,2025,14855,True,False,False,False,False,False,False,True,False,False,False,False,False
735,69,169,1713.981958,capture,,0.7048085602,2020,2025,2025,14855,True,False,False,False,False,False,False,True,False,False,False,False,False
736,69,169,1896.722612,capture,,0.6771687877,2020,2025,2025,14855,True,False,False,False,False,False,False,True,False,False,False,False,False
737,69,169,2098.973224,capture,,0.7961597708,2020,2025,2025,14855,True,False,False,False,False,False,False,True,False,False,False,False,False
738,69,169,2322.760426,capture,,0.619803603,2020,2025,2025,14855,True,False,False,False,False,False,False,True,False,False,False,False,False
739,69,169,2570.418406,capture,,0.672737488,2020,2025,2025,14855,True,False,False,False,False,False,False,True,False,False,False,False,False
740,69,169,2844.493841,capture,,0.7287543142,2020,2025,2025,14855,True,False,False,False,False,False,False,True,False,False,False,False,False
741,69,169,3133.313278,capture,,0.5610274041,2020,2025,2025,14855,True,False,False,False,False,False,False,True,False,False,False,False,False
742,69,169,3451.463045,capture,,0.4555079168,2020,2025,2025,14855,True,False,False,False,False,False,False,True,False,False,False,False,False
743,69,169,3801.939616,capture,,0.555686814,2020,2025,2025,14855,True,False,False,False,False,False,False,True,False,False,False,False,False
744,69,169,4217.223016,capture,,0.5136064259,2020,2025,2025,14855,True,False,False,False,False,False,False,True,False,False,False,False,False
745,69,169,4677.650595,capture,,0.5230470018,2020,2025,2025,14855,True,False,False,False,False,False,False,True,False,False,False,False,False
746,69,169,5128.924976,capture,,0.4194476736,2020,2025,2025,14855,True,False,False,False,False,False,False,True,False,False,False,False,False
747,69,169,5688.903869,capture,,0.3888433457,2020,2025,2025,14855,True,False,False,False,False,False,False,True,False,False,False,False,False
748,69,169,6310.009431,capture,,0.4150735582,2020,2025,2025,14855,True,False,False,False,False,False,False,True,False,False,False,False,False
749,69,169,6998.889334,capture,,0.3369917688,2020,2025,2025,14855,True,False,False,False,False,False,False,True,False,False,False,False,False
750,69,169,7762.976826,capture,,0.3863294952,2020,2025,2025,14855,True,False,False,False,False,False,False,True,False,False,False,False,False
751,69,169,8511.954169,capture,,0.3035794069,2020,2025,2025,14855,True,False,False,False,False,False,False,True,False,False,False,False,False
752,69,169,9441.213496,capture,,0.2363155233,2020,2025,2025,14855,True,False,False,False,False,False,False,True,False,False,False,False,False
753,69,169,10471.77578,capture,,0.2147445316,2020,2025,2025,14855,True,False,False,False,False,False,False,False,True,False,False,False,False
754,69,169,11482.19006,capture,,0.1745467706,2020,2025,2025,14855,True,False,False,False,False,False,False,False,True,False,False,False,False
755,69,169,12736.04859,capture,,0.1183242597,2020,2025,2025,14855,True,False,False,False,False,False,False,False,True,False,False,False,False
756,69,169,14126.56949,capture,,0.1182647261,2020,2025,2025,14855,True,False,False,False,False,False,False,False,True,False,False,False,False
757,69,169,15489.35877,capture,,0.1146526772,2020,2025,2025,14855,True,False,False,False,False,False,False,False,True,False,False,False,False
758,69,169,17180.09022,capture,,0.06383605374,2020,2025,2025,14855,True,False,False,False,False,False,False,False,True,False,False,False,False
759,69,169,19056.18089,capture,,0.04412800461,2020,2025,2025,14855,True,False,False,False,False,False,False,False,True,False,False,False,False
760,69,169,20894.32273,capture,,0.008930025116,2020,2025,2025,14855,True,False,False,False,False,False,False,False,True,False,False,False,False
761,69,169,23175.3059,capture,,-0.03442016162,2020,2025,2025,14855,True,False,False,False,False,False,False,False,True,False,False,False,False
762,69,169,25705.48122,capture,,-0.07482977369,2020,2025,2025,14855,True,False,False,False,False,False,False,False,True,False,False,False,False
763,69,169,28185.66267,capture,,-0.06786629518,2020,2025,2025,14855,True,False,False,False,False,False,False,False,True,False,False,False,False
764,69,169,30551.2676,capture,,-0.05156747185,2020,2025,2025,14855,True,False,False,False,False,False,False,False,True,False,False,False,False
765,69,169,38907.42083,capture,,-0.1298771308,2020,2025,2025,14855,True,False,False,False,False,False,False,False,True,False,False,False,False
766,69,169,42172.23016,capture,,-0.1436034509,2020,2025,2025,14855,True,False,False,False,False,False,False,False,True,False,False,False,False
767,69,169,46776.50595,capture,,-0.1771097873,2020,2025,2025,14855,True,False,False,False,False,False,False,False,True,False,False,False,False
768,69,169,51289.24976,capture,,-0.2188660031,2020,2025,2025,14855,True,False,False,False,False,False,False,False,True,False,False,False,False
769,69,169,56889.03869,capture,,-0.2516708502,2020,2025,2025,14855,True,False,False,False,False,False,False,False,True,False,False,False,False
770,69,169,63100.09431,capture,,-0.2400659955,2020,2025,2025,14855,True,False,False,False,False,False,False,False,True,False,False,False,False
771,69,169,69187.82402,capture,,-0.2485572964,2020,2025,2025,14855,True,False,False,False,False,False,False,False,True,False,False,False,False
772,69,169,75862.60402,capture,,-0.2336949962,2020,2025,2025,14855,True,False,False,False,False,False,False,False,True,False,False,False,False
773,69,169,96611,capture,,-0.3474345843,2020,2025,2025,14855,True,False,False,False,False,False,False,False,True,False,False,False,False
774,69,169,103519.4953,capture,,-0.3367986592,2020,2025,2025,14855,True,False,False,False,False,False,False,False,False,True,False,False,True
775,69,169,114821.9006,capture,,-0.3608373601,2020,2025,2025,14855,True,False,False,False,False,False,False,False,False,True,False,False,True
776,69,169,125903.2634,capture,,-0.4140882897,2020,2025,2025,14855,True,False,False,False,False,False,False,False,False,True,False,False,True
777,69,169,146230,capture,,-0.4090801819,2020,2025,2025,14855,True,False,False,False,False,False,False,False,False,True,False,False,True
778,69,169,154893.5877,capture,,-0.4920328715,2020,2025,2025,14855,True,False,False,False,False,False,False,False,False,True,False,False,True
779,69,169,169833.754,capture,,-0.498875667,2020,2025,2025,14855,True,False,False,False,False,False,False,False,False,True,False,False,True
780,69,169,186223.2494,capture,,-0.4978290254,2020,2025,2025,14855,True,False,False,False,False,False,False,False,False,True,False,False,True
781,69,169,208943.2273,capture,,-0.5387454009,2020,2025,2025,14855,True,False,False,False,False,False,False,False,False,True,False,False,True
782,69,169,231753.059,capture,,-0.5819308365,2020,2025,2025,14855,True,False,False,False,False,False,False,False,False,True,False,False,True
783,69,169,251203.3764,capture,,-0.609479966,2020,2025,2025,14855,True,False,False,False,False,False,False,False,False,True,False,False,True
784,69,169,288420.8924,capture,,-0.6364820334,2020,2025,2025,14855,True,False,False,False,False,False,False,False,False,True,False,False,True
785,69,169,312628.2547,capture,,-0.6544616021,2020,2025,2025,14855,True,False,False,False,False,False,False,False,False,True,False,False,True
786,69,169,346762.5533,capture,,-0.6480491674,2020,2025,2025,14855,True,False,False,False,False,False,False,False,False,True,False,False,True
787,69,169,380216.4798,capture,,-0.6910889295,2020,2025,2025,14855,True,False,False,False,False,False,False,False,False,True,False,False,True
788,69,169,421722.3016,capture,,-0.7188302266,2020,2025,2025,14855,True,False,False,False,False,False,False,False,False,True,False,False,True
789,69,169,467765.0595,capture,,-0.8079973851,2020,2025,2025,14855,True,False,False,False,False,False,False,False,False,True,False,False,True
790,69,169,512892.4976,capture,,-0.8378689093,2020,2025,2025,14855,True,False,False,False,False,False,False,False,False,True,False,False,True
791,69,169,568890.3869,capture,,-0.8667230246,2020,2025,2025,14855,True,False,False,False,False,False,False,False,False,True,False,False,True
792,69,169,631000.9431,capture,,-0.8792451504,2020,2025,2025,14855,True,False,False,False,False,False,False,False,False,True,False,False,True
793,69,169,691878.2402,capture,,-0.898605246,2020,2025,2025,14855,True,False,False,False,False,False,False,False,False,True,False,False,True
794,69,169,767411.001,capture,,-0.93751579,2020,2025,2025,14855,True,False,False,False,False,False,False,False,False,True,False,False,True
795,69,169,851195.4169,capture,,-0.9490859224,2020,2025,2025,14855,True,False,False,False,False,False,False,False,False,True,False,False,True
796,69,169,933313.2365,capture,,-0.972796201,2020,2025,2025,14855,True,False,False,False,False,False,False,False,False,True,False,False,True
797,69,169,15243359.21,n2n,,0.3106614558,2020,2021,2021,14708,False,True,False,False,False,False,False,False,False,False,False,True,True
798,69,169,17045972.59,n2n,,0.2597730063,2020,2021,2021,14708,False,True,False,False,False,False,False,False,False,False,False,True,True
799,69,169,18421183.46,n2n,,0.1093253878,2020,2021,2021,14708,False,True,False,False,False,False,False,False,False,False,False,True,True
800,69,169,14050000,n2n,,0.3222192947,2020,2023,2023,31858,False,True,False,False,False,False,False,False,False,False,False,True,True
801,69,169,12489996,n2n,,0.2639909327,2020,2023,2025,32925,False,True,False,False,False,False,False,False,False,False,False,True,True
802,69,169,14000000,n2n,,0.2871296207,2020,2023,2025,32925,False,True,False,False,False,False,False,False,False,False,False,True,True
803,69,169,15491933.38,n2n,,0.3016809493,2020,2023,2025,32925,False,True,False,False,False,False,False,False,False,False,False,True,True
804,69,169,17000000,n2n,,0.2633993313,2020,2023,2025,32925,False,True,False,False,False,False,False,False,False,False,False,True,True
805,69,169,18493242.01,n2n,,0.116607744,2020,2023,2025,32925,False,True,False,False,False,False,False,False,False,False,False,True,True
806,69,169,19800000,n2n,,-0.02826040911,2020,2023,2025,32925,False,True,False,False,False,False,False,False,False,False,False,True,True
807,70,168,14770000,n2n,,0.2806716836,2020,2022,2022,33175,False,True,False,False,False,False,False,False,False,False,False,True,True
808,70,170,14770000,n2n,,0.3412188077,2020,2022,2022,33175,False,True,False,False,False,False,False,False,False,False,False,True,True
809,70,173,14770000,np,,-2.346787486,2020,2022,2022,33175,False,False,True,False,False,False,False,False,False,False,False,True,True
810,70,174,14770000,na,,-2.93930216,2020,2022,2022,33175,False,False,False,True,False,False,False,False,False,False,False,True,True
811,70,174,14770000,np,,-2.555955204,2020,2022,2022,33175,False,False,True,False,False,False,False,False,False,False,False,True,True
812,70,176,14770000,n2n,,0.3508370184,2020,2022,2022,33175,False,True,False,False,False,False,False,False,False,False,False,True,True
813,71,175,14600000,na,,-2.63638802,2020,2024,2025,32254,False,False,False,True,False,False,False,False,False,False,False,True,True
814,71,175,14620000,na,,-2.970616222,2020,2024,2025,32934,False,False,False,True,False,False,False,False,False,False,False,True,True
815,71,175,14860000,na,,-2.935542011,2020,2024,2025,32934,False,False,False,True,False,False,False,False,False,False,False,True,True
816,71,175,14600000,np,,-2.180456064,2020,2024,2025,32254,False,False,True,False,False,False,False,False,False,False,False,True,True
817,71,175,14066788.7,np,,-2.466821298,2020,2024,2025,32934,False,False,True,False,False,False,False,False,False,False,False,True,True
818,71,175,14860000,np,,-2.366531544,2020,2024,2025,32934,False,False,True,False,False,False,False,False,False,False,False,True,True
819,71,176,14600000,na,,-2.555955204,2020,2024,2025,32254,False,False,False,True,False,False,False,False,False,False,False,True,True
820,71,176,14860000,na,,-3,2020,2024,2025,32934,False,False,False,True,False,False,False,False,False,False,False,True,True
821,72,180,13796738.75,np,,-2.874518734,2020,2021,2021,32851,False,False,True,False,False,False,False,False,False,False,False,True,True
822,72,180,14800000,np,,-2.725842151,2020,2021,2021,32851,False,False,True,False,False,False,False,False,False,False,False,True,True
823,74,182,8606369.734,n2n,,-0.6546262694,2020,2025,2025,14856,False,True,False,False,False,False,False,False,False,False,True,False,True
824,74,182,9350000,n2n,,-0.09205147839,2020,2025,2025,14856,False,True,False,False,False,False,False,False,False,False,True,False,True
825,74,182,10315734.67,n2n,,0.1343896324,2020,2025,2025,14856,False,True,False,False,False,False,False,False,False,False,False,True,True
826,74,182,11542400.1,n2n,,0.2467447097,2020,2025,2025,14856,False,True,False,False,False,False,False,False,False,False,False,True,True
827,74,182,12517503.74,n2n,,0.2963360546,2020,2025,2025,14856,False,True,False,False,False,False,False,False,False,False,False,True,True
828,74,182,14700000,n2n,,0.3479151865,2020,2025,2025,14856,False,True,False,False,False,False,False,False,False,False,False,True,True
829,74,182,13942740.05,n2n,,0.3133398439,2020,2022,2024,32874,False,True,False,False,False,False,False,False,False,False,False,True,True
830,74,182,14800000,n2n,,0.3358589113,2020,2022,2024,32874,False,True,False,False,False,False,False,False,False,False,False,True,True
831,74,182,13994964.18,np,,-2.39218768,2020,2022,2024,32874,False,False,True,False,False,False,False,False,False,False,False,True,True
832,74,182,14800000,np,,-2.257274869,2020,2022,2024,32874,False,False,True,False,False,False,False,False,False,False,False,True,True
833,74,183,13994964.18,np,,-2.531160551,2020,2023,2025,32904,False,False,True,False,False,False,False,False,False,False,False,True,True
834,74,183,14800000,np,,-2.32330639,2020,2023,2025,32904,False,False,True,False,False,False,False,False,False,False,False,True,True
835,74,184,13994964.18,np,,-2.718966633,2020,2022,2024,32874,False,False,True,False,False,False,False,False,False,False,False,True,True
836,74,184,14800000,np,,-2.514278574,2020,2022,2024,32874,False,False,True,False,False,False,False,False,False,False,False,True,True
837,75,185,1044.652998,capture,,1.04857881,2020,2024,2025,32929,True,False,False,False,False,False,False,True,False,False,False,False,False
838,75,185,1151.453607,capture,,1.103381806,2020,2024,2025,32929,True,False,False,False,False,False,False,True,False,False,False,False,False
839,75,185,1269.665242,capture,,1.049839259,2020,2024,2025,32929,True,False,False,False,False,False,False,True,False,False,False,False,False
840,75,185,1399.356788,capture,,1.078279439,2020,2024,2025,32929,True,False,False,False,False,False,False,True,False,False,False,False,False
841,75,185,1561.212346,capture,,0.9807616105,2020,2024,2025,32929,True,False,False,False,False,False,False,True,False,False,False,False,False
842,75,185,1722.002037,capture,,0.8668050816,2020,2024,2025,32929,True,False,False,False,False,False,False,True,False,False,False,False,False
843,75,185,1899.157446,capture,,0.867522169,2020,2024,2025,32929,True,False,False,False,False,False,False,True,False,False,False,False,False
844,75,185,2089.365794,capture,,0.9414775176,2020,2024,2025,32929,True,False,False,False,False,False,False,True,False,False,False,False,False
845,75,185,2304.956272,capture,,0.9749632531,2020,2024,2025,32929,True,False,False,False,False,False,False,True,False,False,False,False,False
846,75,185,2566.82114,capture,,0.96867661,2020,2024,2025,32929,True,False,False,False,False,False,False,True,False,False,False,False,False
847,75,185,2829.204692,capture,,0.8939142653,2020,2024,2025,32929,True,False,False,False,False,False,False,True,False,False,False,False,False
848,75,185,3120.518639,capture,,0.8552028596,2020,2024,2025,32929,True,False,False,False,False,False,False,True,False,False,False,False,False
849,75,185,3476.381856,capture,,0.8243906272,2020,2024,2025,32929,True,False,False,False,False,False,False,True,False,False,False,False,False
850,75,185,3831.376381,capture,,0.811418149,2020,2024,2025,32929,True,False,False,False,False,False,False,True,False,False,False,False,False
851,75,185,4221.951508,capture,,0.8048454559,2020,2024,2025,32929,True,False,False,False,False,False,False,True,False,False,False,False,False
852,75,185,4707.875708,capture,,0.7434387353,2020,2024,2025,32929,True,False,False,False,False,False,False,True,False,False,False,False,False
853,75,185,5185.961517,capture,,0.7478548109,2020,2024,2025,32929,True,False,False,False,False,False,False,True,False,False,False,False,False
854,75,185,5719.398518,capture,,0.690248015,2020,2024,2025,32929,True,False,False,False,False,False,False,True,False,False,False,False,False
855,75,185,6303.165515,capture,,0.6115124807,2020,2024,2025,32929,True,False,False,False,False,False,False,True,False,False,False,False,False
856,75,185,6948.67607,capture,,0.6189876673,2020,2024,2025,32929,True,False,False,False,False,False,False,True,False,False,False,False,False
857,75,185,7740.397139,capture,,0.6181803533,2020,2024,2025,32929,True,False,False,False,False,False,False,True,False,False,False,False,False
858,75,185,8532.519697,capture,,0.5227760225,2020,2024,2025,32929,True,False,False,False,False,False,False,True,False,False,False,False,False
859,75,185,9405.619887,capture,,0.4916515937,2020,2024,2025,32929,True,False,False,False,False,False,False,True,False,False,False,False,False
860,75,185,10040,capture,,0.4801435373,2020,2024,2025,32929,True,False,False,False,False,False,False,False,True,False,False,False,False
861,75,187,1044.652998,capture,,1.334018535,2020,2024,2025,32929,True,False,False,False,False,False,False,True,False,False,False,False,False
862,75,187,1151.453607,capture,,1.195638444,2020,2024,2025,32929,True,False,False,False,False,False,False,True,False,False,False,False,False
863,75,187,1269.665242,capture,,1.135728562,2020,2024,2025,32929,True,False,False,False,False,False,False,True,False,False,False,False,False
864,75,187,1399.356788,capture,,1.285151943,2020,2024,2025,32929,True,False,False,False,False,False,False,True,False,False,False,False,False
865,75,187,1561.212346,capture,,1.106781843,2020,2024,2025,32929,True,False,False,False,False,False,False,True,False,False,False,False,False
866,75,187,1722.002037,capture,,1.085993997,2020,2024,2025,32929,True,False,False,False,False,False,False,True,False,False,False,False,False
867,75,187,1899.157446,capture,,1.090562623,2020,2024,2025,32929,True,False,False,False,False,False,False,True,False,False,False,False,False
868,75,187,2089.365794,capture,,1.050347657,2020,2024,2025,32929,True,False,False,False,False,False,False,True,False,False,False,False,False
869,75,187,2304.956272,capture,,1.003621295,2020,2024,2025,32929,True,False,False,False,False,False,False,True,False,False,False,False,False
870,75,187,2566.82114,capture,,1.090663299,2020,2024,2025,32929,True,False,False,False,False,False,False,True,False,False,False,False,False
871,75,187,2829.204692,capture,,1.022971827,2020,2024,2025,32929,True,False,False,False,False,False,False,True,False,False,False,False,False
872,75,187,3120.518639,capture,,0.9496275837,2020,2024,2025,32929,True,False,False,False,False,False,False,True,False,False,False,False,False
873,75,187,3476.381856,capture,,0.893613977,2020,2024,2025,32929,True,False,False,False,False,False,False,True,False,False,False,False,False
874,75,187,3831.376381,capture,,0.9067104419,2020,2024,2025,32929,True,False,False,False,False,False,False,True,False,False,False,False,False
875,75,187,4221.951508,capture,,0.869210474,2020,2024,2025,32929,True,False,False,False,False,False,False,True,False,False,False,False,False
876,75,187,4707.875708,capture,,0.7705720591,2020,2024,2025,32929,True,False,False,False,False,False,False,True,False,False,False,False,False
877,75,187,5185.961517,capture,,0.8441762029,2020,2024,2025,32929,True,False,False,False,False,False,False,True,False,False,False,False,False
878,75,187,5719.398518,capture,,0.7436632301,2020,2024,2025,32929,True,False,False,False,False,False,False,True,False,False,False,False,False
879,75,187,6303.165515,capture,,0.7014339202,2020,2024,2025,32929,True,False,False,False,False,False,False,True,False,False,False,False,False
880,75,187,6948.67607,capture,,0.7099273515,2020,2024,2025,32929,True,False,False,False,False,False,False,True,False,False,False,False,False
881,75,187,7740.397139,capture,,0.7217028111,2020,2024,2025,32929,True,False,False,False,False,False,False,True,False,False,False,False,False
882,75,187,8532.519697,capture,,0.509844078,2020,2024,2025,32929,True,False,False,False,False,False,False,True,False,False,False,False,False
883,75,187,9405.619887,capture,,0.5766642439,2020,2024,2025,32929,True,False,False,False,False,False,False,True,False,False,False,False,False
884,75,187,10040,capture,,0.5092253793,2020,2024,2025,32929,True,False,False,False,False,False,False,False,True,False,False,False,False
885,75,187,13994964.18,np,,-2.600326279,2020,2021,2025,32854,False,False,True,False,False,False,False,False,False,False,False,True,True
886,75,187,14800000,np,,-2.485452247,2020,2021,2025,32854,False,False,True,False,False,False,False,False,False,False,False,True,True
887,77,191,13994282.8,n2n,,0.3235149257,2020,2022,2025,32926,False,True,False,False,False,False,False,False,False,False,False,True,True
888,77,191,14829969.66,n2n,,0.3292493598,2020,2022,2025,32926,False,True,False,False,False,False,False,False,False,False,False,True,True
889,79,197,45000,capture,,-0.339134522,2020,2022,2022,23603,True,False,False,False,False,False,False,False,True,False,False,False,False
890,79,197,133400,capture,,-0.5287082889,2020,2022,2022,23603,True,False,False,False,False,False,False,False,False,True,False,False,True
891,79,197,21500,capture,,-0.2125395255,2020,2021,2021,23746,True,False,False,False,False,False,False,False,True,False,False,False,False
892,79,197,53000,capture,,-0.3946949539,2020,2021,2021,23746,True,False,False,False,False,False,False,False,True,False,False,False,False
893,79,197,128000,capture,,-0.5243288117,2020,2021,2021,23746,True,False,False,False,False,False,False,False,False,True,False,False,True
894,79,197,1593.125808,capture,,0.6555255293,2020,2021,2022,32856,True,False,False,False,False,False,False,True,False,False,False,False,False
895,79,197,1719.887633,capture,,0.6483014709,2020,2021,2022,32856,True,False,False,False,False,False,False,True,False,False,False,False,False
896,79,197,1899.984554,capture,,0.5876134974,2020,2021,2022,32856,True,False,False,False,False,False,False,True,False,False,False,False,False
897,79,197,2100.148805,capture,,0.6963752621,2020,2021,2022,32856,True,False,False,False,False,False,False,True,False,False,False,False,False
898,79,197,2321.400485,capture,,0.520184787,2020,2021,2022,32856,True,False,False,False,False,False,False,True,False,False,False,False,False
899,79,197,2565.961137,capture,,0.4935460644,2020,2021,2022,32856,True,False,False,False,False,False,False,True,False,False,False,False,False
900,79,197,2836.286321,capture,,0.4453153093,2020,2021,2022,32856,True,False,False,False,False,False,False,True,False,False,False,False,False
901,79,197,3135.090431,capture,,0.3622890999,2020,2021,2022,32856,True,False,False,False,False,False,False,True,False,False,False,False,False
902,79,197,3463.379435,capture,,0.5081918667,2020,2021,2022,32856,True,False,False,False,False,False,False,True,False,False,False,False,False
903,79,197,3826.044972,capture,,0.4308642417,2020,2021,2022,32856,True,False,False,False,False,False,False,True,False,False,False,False,False
904,79,197,4229.120654,capture,,0.384791221,2020,2021,2022,32856,True,False,False,False,False,False,False,True,False,False,False,False,False
905,79,197,4674.660525,capture,,0.3660510686,2020,2021,2022,32856,True,False,False,False,False,False,False,True,False,False,False,False,False
906,79,197,5167.138153,capture,,0.2293151793,2020,2021,2022,32856,True,False,False,False,False,False,False,True,False,False,False,False,False
907,79,197,5711.498589,capture,,0.3984361108,2020,2021,2022,32856,True,False,False,False,False,False,False,True,False,False,False,False,False
908,79,197,6313.207568,capture,,0.3043520724,2020,2021,2022,32856,True,False,False,False,False,False,False,True,False,False,False,False,False
909,79,197,6974.291129,capture,,0.3019950058,2020,2021,2022,32856,True,False,False,False,False,False,False,True,False,False,False,False,False
910,79,197,7704.599514,capture,,0.2644229505,2020,2021,2022,32856,True,False,False,False,False,False,False,True,False,False,False,False,False
911,79,197,8516.282726,capture,,0.2036586618,2020,2021,2022,32856,True,False,False,False,False,False,False,True,False,False,False,False,False
912,79,197,9413.477211,capture,,0.1354021335,2020,2021,2022,32856,True,False,False,False,False,False,False,True,False,False,False,False,False
913,79,197,10284.1985,capture,,0.1200290411,2020,2021,2022,32856,True,False,False,False,False,False,False,False,True,False,False,False,False
914,79,197,11481.56693,capture,,0.1352328905,2020,2021,2022,32856,True,False,False,False,False,False,False,False,True,False,False,False,False
915,79,197,12705.77521,capture,,0.07093491268,2020,2021,2022,32856,True,False,False,False,False,False,False,False,True,False,False,False,False
916,79,197,14060.51222,capture,,0.03104195976,2020,2021,2022,32856,True,False,False,False,False,False,False,False,True,False,False,False,False
917,79,197,15523.91058,capture,,-0.001816414323,2020,2021,2022,32856,True,False,False,False,False,False,False,False,True,False,False,False,False
918,79,197,17139.61849,capture,,-0.007436862971,2020,2021,2022,32856,True,False,False,False,False,False,False,False,True,False,False,False,False
919,79,197,18967.10929,capture,,-0.06375128359,2020,2021,2022,32856,True,False,False,False,False,False,False,False,True,False,False,False,False
920,79,197,20941.1804,capture,,-0.09421010551,2020,2021,2022,32856,True,False,False,False,False,False,False,False,True,False,False,False,False
921,79,197,23120.70946,capture,,-0.1191496553,2020,2021,2022,32856,True,False,False,False,False,False,False,False,True,False,False,False,False
922,79,197,25585.92639,capture,,-0.168216378,2020,2021,2022,32856,True,False,False,False,False,False,False,False,True,False,False,False,False
923,79,197,28313.99519,capture,,-0.1222234005,2020,2021,2022,32856,True,False,False,False,False,False,False,False,True,False,False,False,False
924,79,197,31260.8766,capture,,-0.1539846182,2020,2021,2022,32856,True,False,False,False,False,False,False,False,True,False,False,False,False
925,79,197,34514.46607,capture,,-0.2499260467,2020,2021,2022,32856,True,False,False,False,False,False,False,False,True,False,False,False,False
926,79,197,38194.5294,capture,,-0.1888578592,2020,2021,2022,32856,True,False,False,False,False,False,False,False,True,False,False,False,False
927,79,197,42169.76255,capture,,-0.2424848205,2020,2021,2022,32856,True,False,False,False,False,False,False,False,True,False,False,False,False
928,79,197,46558.73234,capture,,-0.2803283577,2020,2021,2022,32856,True,False,False,False,False,False,False,False,True,False,False,False,False
929,79,197,51522.99985,capture,,-0.2962997723,2020,2021,2022,32856,True,False,False,False,False,False,False,False,True,False,False,False,False
930,79,197,57016.57751,capture,,-0.3104253087,2020,2021,2022,32856,True,False,False,False,False,False,False,False,True,False,False,False,False
931,79,197,62950.7868,capture,,-0.3374825804,2020,2021,2022,32856,True,False,False,False,False,False,False,False,True,False,False,False,False
932,79,197,69502.6168,capture,,-0.3509082053,2020,2021,2022,32856,True,False,False,False,False,False,False,False,True,False,False,False,False
933,79,197,76913.24758,capture,,-0.3743453098,2020,2021,2022,32856,True,False,False,False,False,False,False,False,True,False,False,False,False
934,79,197,84918.27122,capture,,-0.3938473601,2020,2021,2022,32856,True,False,False,False,False,False,False,False,True,False,False,False,False
935,79,197,93756.44964,capture,,-0.3768437827,2020,2021,2022,32856,True,False,False,False,False,False,False,False,True,False,False,False,False
936,79,197,99083.46772,capture,,-0.3199837514,2020,2021,2022,32856,True,False,False,False,False,False,False,False,True,False,False,False,False
937,79,197,1594.456691,capture,,0.8193333175,2020,2024,2024,32920,True,False,False,False,False,False,False,True,False,False,False,False,False
938,79,197,1719.89398,capture,,0.8424032753,2020,2024,2024,32920,True,False,False,False,False,False,False,True,False,False,False,False,False
939,79,197,1895.770123,capture,,0.7901707683,2020,2024,2024,32920,True,False,False,False,False,False,False,True,False,False,False,False,False
940,79,197,2089.701851,capture,,0.8037656556,2020,2024,2024,32920,True,False,False,False,False,False,False,True,False,False,False,False,False
941,79,197,2328.489537,capture,,0.7512236586,2020,2024,2024,32920,True,False,False,False,False,False,False,True,False,False,False,False,False
942,79,197,2566.649032,capture,,0.7081084527,2020,2024,2024,32920,True,False,False,False,False,False,False,True,False,False,False,False,False
943,79,197,2829.13492,capture,,0.5212897986,2020,2024,2024,32920,True,False,False,False,False,False,False,True,False,False,False,False,False
944,79,197,3084.918623,capture,,0.4335244909,2020,2024,2024,32920,True,False,False,False,False,False,False,True,False,False,False,False,False
945,79,197,14050000,n2n,,0.3018977172,2020,2023,2023,31858,False,True,False,False,False,False,False,False,False,False,False,True,True
946,83,209,463457.4982,total,,0.8014551637,2020,2023,2024,32911,False,False,False,False,True,False,False,False,False,True,False,False,True
947,83,209,509878.5037,total,,0.7795784554,2020,2023,2024,32911,False,False,False,False,True,False,False,False,False,True,False,False,True
948,83,209,567678.6341,total,,0.7632632299,2020,2023,2024,32911,False,False,False,False,True,False,False,False,False,True,False,False,True
949,83,209,632030.0694,total,,0.7385229169,2020,2023,2024,32911,False,False,False,False,True,False,False,False,False,True,False,False,True
950,83,209,695329.9735,total,,0.7247263189,2020,2023,2024,32911,False,False,False,False,True,False,False,False,False,True,False,False,True
951,83,209,764970.1904,total,,0.6921857248,2020,2023,2024,32911,False,False,False,False,True,False,False,False,False,True,False,False,True
952,83,209,841590.4707,total,,0.6763734852,2020,2023,2024,32911,False,False,False,False,True,False,False,False,False,True,False,False,True
953,83,209,936992.2869,total,,0.664378687,2020,2023,2024,32911,False,False,False,False,True,False,False,False,False,True,False,False,True
954,83,209,1043178.642,total,,0.6723518921,2020,2023,2024,32911,False,False,False,False,True,False,False,False,False,False,True,False,True
955,83,209,1147691.269,total,,0.6622618864,2020,2023,2024,32911,False,False,False,False,True,False,False,False,False,False,True,False,True
956,83,209,1262649.872,total,,0.6610076909,2020,2023,2024,32911,False,False,False,False,True,False,False,False,False,False,True,False,True
957,83,209,1389106.006,total,,0.6657451102,2020,2023,2024,32911,False,False,False,False,True,False,False,False,False,False,True,False,True
958,83,209,1546579.072,total,,0.6791552413,2020,2023,2024,32911,False,False,False,False,True,False,False,False,False,False,True,False,True
959,83,209,1721887.028,total,,0.7137634664,2020,2023,2024,32911,False,False,False,False,True,False,False,False,False,False,True,False,True
960,83,209,1894350.241,total,,0.7501225268,2020,2023,2024,32911,False,False,False,False,True,False,False,False,False,False,True,False,True
961,83,209,2084083.556,total,,0.7610252517,2020,2023,2024,32911,False,False,False,False,True,False,False,False,False,False,True,False,True
962,83,209,2292808.731,total,,0.7953933349,2020,2023,2024,32911,False,False,False,False,True,False,False,False,False,False,True,False,True
963,83,209,2522452.325,total,,0.8215790279,2020,2023,2024,32911,False,False,False,False,True,False,False,False,False,False,True,False,True
964,83,209,2808400.447,total,,0.8564267725,2020,2023,2024,32911,False,False,False,False,True,False,False,False,False,False,True,False,True
965,83,209,3126762.021,total,,0.8512277635,2020,2023,2024,32911,False,False,False,False,True,False,False,False,False,False,True,False,True
966,83,209,3439925.698,total,,0.8849227459,2020,2023,2024,32911,False,False,False,False,True,False,False,False,False,False,True,False,True
967,83,209,3784477.864,total,,0.8852481078,2020,2023,2024,32911,False,False,False,False,True,False,False,False,False,False,True,False,True
968,83,209,4163493.141,total,,0.8761889637,2020,2023,2024,32911,False,False,False,False,True,False,False,False,False,False,True,False,True
969,83,209,4635479.554,total,,0.8626321995,2020,2023,2024,32911,False,False,False,False,True,False,False,False,False,False,True,False,True
970,83,209,5160938.317,total,,0.8314538293,2020,2023,2024,32911,False,False,False,False,True,False,False,False,False,False,True,False,True
971,83,209,5677853.66,total,,0.8138310862,2020,2023,2024,32911,False,False,False,False,True,False,False,False,False,False,True,False,True
972,83,209,6246526.338,total,,0.7733292447,2020,2023,2024,32911,False,False,False,False,True,False,False,False,False,False,True,False,True
973,83,209,6872128.712,total,,0.728637807,2020,2023,2024,32911,False,False,False,False,True,False,False,False,False,False,True,False,True
974,83,209,7651162.337,total,,0.7165875777,2020,2023,2024,32911,False,False,False,False,True,False,False,False,False,False,True,False,True
975,83,209,8518518.448,total,,0.6521496054,2020,2023,2024,32911,False,False,False,False,True,False,False,False,False,False,True,False,True
976,83,209,9371689.579,total,,0.6422913615,2020,2023,2024,32911,False,False,False,False,True,False,False,False,False,False,True,False,True
977,83,209,10310280.86,total,,0.7033988635,2020,2023,2024,32911,False,False,False,False,True,False,False,False,False,False,False,True,True
978,83,209,11342713.43,total,,0.6838796885,2020,2023,2024,32911,False,False,False,False,True,False,False,False,False,False,False,True,True
979,83,209,12628805.4,total,,0.6805893066,2020,2023,2024,32911,False,False,False,False,True,False,False,False,False,False,False,True,True
980,83,209,14060495.08,total,,0.7434901662,2020,2023,2024,32911,False,False,False,False,True,False,False,False,False,False,False,True,True
981,83,209,15468500.09,total,,0.6961160184,2020,2023,2024,32911,False,False,False,False,True,False,False,False,False,False,False,True,True
982,83,209,17017948.05,total,,0.7185639637,2020,2023,2024,32911,False,False,False,False,True,False,False,False,False,False,False,True,True
983,83,209,18722331.85,total,,0.6743558533,2020,2023,2024,32911,False,False,False,False,True,False,False,False,False,False,False,True,True
984,83,209,19873000,total,,0.6883308181,2020,2023,2024,32911,False,False,False,False,True,False,False,False,False,False,False,True,True
985,83,209,1046889.728,total,,0.7832602329,2020,2023,2024,32911,False,False,False,False,True,False,False,False,False,False,True,False,True
986,83,209,1140820.619,total,,0.7222636274,2020,2023,2024,32911,False,False,False,False,True,False,False,False,False,False,True,False,True
987,83,209,1258475.963,total,,0.6791779691,2020,2023,2024,32911,False,False,False,False,True,False,False,False,False,False,True,False,True
988,83,209,1388326.68,total,,0.7752644764,2020,2023,2024,32911,False,False,False,False,True,False,False,False,False,False,True,False,True
989,83,209,1531548.556,total,,0.7323133275,2020,2023,2024,32911,False,False,False,False,True,False,False,False,False,False,True,False,True
990,83,209,1689539.021,total,,0.7302572532,2020,2023,2024,32911,False,False,False,False,True,False,False,False,False,False,True,False,True
991,83,209,1886863.49,total,,0.7689930862,2020,2023,2024,32911,False,False,False,False,True,False,False,False,False,False,True,False,True
992,83,209,2107181.53,total,,0.7947319638,2020,2023,2024,32911,False,False,False,False,True,False,False,False,False,False,True,False,True
993,83,209,2324599.593,total,,0.8334499283,2020,2023,2024,32911,False,False,False,False,True,False,False,False,False,False,True,False,True
994,83,209,2564408.892,total,,0.8875188416,2020,2023,2024,32911,False,False,False,False,True,False,False,False,False,False,True,False,True
995,83,209,2828984.422,total,,0.8930262223,2020,2023,2024,32911,False,False,False,False,True,False,False,False,False,False,True,False,True
996,83,209,3120849.365,total,,0.872403954,2020,2023,2024,32911,False,False,False,False,True,False,False,False,False,False,True,False,True
997,83,209,3442778.239,total,,0.8978606679,2020,2023,2024,32911,False,False,False,False,True,False,False,False,False,False,True,False,True
998,83,209,3797945.099,total,,0.9200319687,2020,2023,2024,32911,False,False,False,False,True,False,False,False,False,False,True,False,True
999,83,209,4189772.209,total,,0.8901973862,2020,2023,2024,32911,False,False,False,False,True,False,False,False,False,False,True,False,True
1000,83,209,4621984.473,total,,0.8774289408,2020,2023,2024,32911,False,False,False,False,True,False,False,False,False,False,True,False,True
1001,83,209,5098805.099,total,,0.8559883278,2020,2023,2024,32911,False,False,False,False,True,False,False,False,False,False,True,False,True
1002,83,209,5624831.525,total,,0.8254910299,2020,2023,2024,32911,False,False,False,False,True,False,False,False,False,False,True,False,True
1003,83,209,6205088.485,total,,0.7810728887,2020,2023,2024,32911,False,False,False,False,True,False,False,False,False,False,True,False,True
1004,83,209,6845271.99,total,,0.6892200373,2020,2023,2024,32911,False,False,False,False,True,False,False,False,False,False,True,False,True
1005,83,209,7644712.804,total,,0.6980483227,2020,2023,2024,32911,False,False,False,False,True,False,False,False,False,False,True,False,True
1006,83,209,8537510.187,total,,0.6825060859,2020,2023,2024,32911,False,False,False,False,True,False,False,False,False,False,True,False,True
1007,83,209,9418277.983,total,,0.7311252167,2020,2023,2024,32911,False,False,False,False,True,False,False,False,False,False,True,False,True
1008,83,209,10389830.46,total,,0.7665615526,2020,2023,2024,32911,False,False,False,False,True,False,False,False,False,False,False,True,True
1009,83,209,11461677.23,total,,0.7571302078,2020,2023,2024,32911,False,False,False,False,True,False,False,False,False,False,False,True,True
1010,83,209,12643991.97,total,,0.7142249463,2020,2023,2024,32911,False,False,False,False,True,False,False,False,False,False,False,True,True
1011,83,209,13948489.27,total,,0.7732377469,2020,2023,2024,32911,False,False,False,False,True,False,False,False,False,False,False,True,True
1012,83,209,15387698.25,total,,0.6970767024,2020,2023,2024,32911,False,False,False,False,True,False,False,False,False,False,False,True,True
1013,83,209,16975099.59,total,,0.7089517577,2020,2023,2024,32911,False,False,False,False,True,False,False,False,False,False,False,True,True
1014,83,209,18726439.93,total,,0.7517216432,2020,2023,2024,32911,False,False,False,False,True,False,False,False,False,False,False,True,True
1015,83,209,19911000,total,,0.7492724083,2020,2023,2024,32911,False,False,False,False,True,False,False,False,False,False,False,True,True
1016,83,209,463457.4982,total,,0.8059424042,2020,2023,2024,32911,False,False,False,False,True,False,False,False,False,True,False,False,True
1017,83,209,509878.5037,total,,0.7857745811,2020,2023,2024,32911,False,False,False,False,True,False,False,False,False,True,False,False,True
1018,83,209,567678.6341,total,,0.7755521984,2020,2023,2024,32911,False,False,False,False,True,False,False,False,False,True,False,False,True
1019,83,209,632030.0694,total,,0.7581167238,2020,2023,2024,32911,False,False,False,False,True,False,False,False,False,True,False,False,True
1020,83,209,695329.9735,total,,0.7311252167,2020,2023,2024,32911,False,False,False,False,True,False,False,False,False,True,False,False,True
1021,83,209,764970.1904,total,,0.7076553235,2020,2023,2024,32911,False,False,False,False,True,False,False,False,False,True,False,False,True
1022,83,209,841590.4707,total,,0.6933971467,2020,2023,2024,32911,False,False,False,False,True,False,False,False,False,True,False,False,True
1023,83,209,936992.2869,total,,0.6899833123,2020,2023,2024,32911,False,False,False,False,True,False,False,False,False,True,False,False,True
1024,83,209,1043178.642,total,,0.6911257154,2020,2023,2024,32911,False,False,False,False,True,False,False,False,False,False,True,False,True
1025,83,209,1147691.269,total,,0.6838347212,2020,2023,2024,32911,False,False,False,False,True,False,False,False,False,False,True,False,True
1026,83,209,1262649.872,total,,0.6781995974,2020,2023,2024,32911,False,False,False,False,True,False,False,False,False,False,True,False,True
1027,83,209,1389106.006,total,,0.690151762,2020,2023,2024,32911,False,False,False,False,True,False,False,False,False,False,True,False,True
1028,83,209,1546579.072,total,,0.7106250151,2020,2023,2024,32911,False,False,False,False,True,False,False,False,False,False,True,False,True
1029,83,209,1721887.028,total,,0.736695226,2020,2023,2024,32911,False,False,False,False,True,False,False,False,False,False,True,False,True
1030,83,209,1894350.241,total,,0.7604224834,2020,2023,2024,32911,False,False,False,False,True,False,False,False,False,False,True,False,True
1031,83,209,2084083.556,total,,0.7946100224,2020,2023,2024,32911,False,False,False,False,True,False,False,False,False,False,True,False,True
1032,83,209,2292808.731,total,,0.8207759775,2020,2023,2024,32911,False,False,False,False,True,False,False,False,False,False,True,False,True
1033,83,209,2522452.325,total,,0.8491889985,2020,2023,2024,32911,False,False,False,False,True,False,False,False,False,False,True,False,True
1034,83,209,2808400.447,total,,0.8686091762,2020,2023,2024,32911,False,False,False,False,True,False,False,False,False,False,True,False,True
1035,83,209,3126762.021,total,,0.8804419973,2020,2023,2024,32911,False,False,False,False,True,False,False,False,False,False,True,False,True
1036,83,209,3439925.698,total,,0.8863073804,2020,2023,2024,32911,False,False,False,False,True,False,False,False,False,False,True,False,True
1037,83,209,3784477.864,total,,0.899574296,2020,2023,2024,32911,False,False,False,False,True,False,False,False,False,False,True,False,True
1038,83,209,4163493.141,total,,0.8885866297,2020,2023,2024,32911,False,False,False,False,True,False,False,False,False,False,True,False,True
1039,83,209,4635479.554,total,,0.8720280058,2020,2023,2024,32911,False,False,False,False,True,False,False,False,False,False,True,False,True
1040,83,209,5160938.317,total,,0.8404511336,2020,2023,2024,32911,False,False,False,False,True,False,False,False,False,False,True,False,True
1041,83,209,5677853.66,total,,0.8173174138,2020,2023,2024,32911,False,False,False,False,True,False,False,False,False,False,True,False,True
1042,83,209,6246526.338,total,,0.7854544098,2020,2023,2024,32911,False,False,False,False,True,False,False,False,False,False,True,False,True
1043,83,209,6872128.712,total,,0.7478000909,2020,2023,2024,32911,False,False,False,False,True,False,False,False,False,False,True,False,True
1044,83,209,7651162.337,total,,0.7183355789,2020,2023,2024,32911,False,False,False,False,True,False,False,False,False,False,True,False,True
1045,83,209,8518518.448,total,,0.6883975727,2020,2023,2024,32911,False,False,False,False,True,False,False,False,False,False,True,False,True
1046,83,209,9371689.579,total,,0.6982310754,2020,2023,2024,32911,False,False,False,False,True,False,False,False,False,False,True,False,True
1047,83,209,10310280.86,total,,0.7147278203,2020,2023,2024,32911,False,False,False,False,True,False,False,False,False,False,False,True,True
1048,83,209,11342713.43,total,,0.7084633926,2020,2023,2024,32911,False,False,False,False,True,False,False,False,False,False,False,True,True
1049,83,209,12628805.4,total,,0.7051449932,2020,2023,2024,32911,False,False,False,False,True,False,False,False,False,False,False,True,True
1050,83,209,14060495.08,total,,0.7373516958,2020,2023,2024,32911,False,False,False,False,True,False,False,False,False,False,False,True,True
1051,83,209,15468500.09,total,,0.7279680222,2020,2023,2024,32911,False,False,False,False,True,False,False,False,False,False,False,True,True
1052,83,209,17017948.05,total,,0.7328961248,2020,2023,2024,32911,False,False,False,False,True,False,False,False,False,False,False,True,True
1053,83,209,18722331.85,total,,0.7123760773,2020,2023,2024,32911,False,False,False,False,True,False,False,False,False,False,False,True,True
1054,83,209,19873000,total,,0.7271344238,2020,2023,2024,32911,False,False,False,False,True,False,False,False,False,False,False,True,True
1055,83,209,1046889.728,total,,0.7353327063,2020,2023,2024,32911,False,False,False,False,True,False,False,False,False,False,True,False,True
1056,83,209,1140820.619,total,,0.7277445308,2020,2023,2024,32911,False,False,False,False,True,False,False,False,False,False,True,False,True
1057,83,209,1258475.963,total,,0.71149088,2020,2023,2024,32911,False,False,False,False,True,False,False,False,False,False,True,False,True
1058,83,209,1388326.68,total,,0.7247672456,2020,2023,2024,32911,False,False,False,False,True,False,False,False,False,False,True,False,True
1059,83,209,1531548.556,total,,0.7306409859,2020,2023,2024,32911,False,False,False,False,True,False,False,False,False,False,True,False,True
1060,83,209,1689539.021,total,,0.7428429167,2020,2023,2024,32911,False,False,False,False,True,False,False,False,False,False,True,False,True
1061,83,209,1886863.49,total,,0.7814968746,2020,2023,2024,32911,False,False,False,False,True,False,False,False,False,False,True,False,True
1062,83,209,2107181.53,total,,0.8057386695,2020,2023,2024,32911,False,False,False,False,True,False,False,False,False,False,True,False,True
1063,83,209,2324599.593,total,,0.8437465243,2020,2023,2024,32911,False,False,False,False,True,False,False,False,False,False,True,False,True
1064,83,209,2564408.892,total,,0.8663316526,2020,2023,2024,32911,False,False,False,False,True,False,False,False,False,False,True,False,True
1065,83,209,2828984.422,total,,0.8797121746,2020,2023,2024,32911,False,False,False,False,True,False,False,False,False,False,True,False,True
1066,83,209,3120849.365,total,,0.8852622484,2020,2023,2024,32911,False,False,False,False,True,False,False,False,False,False,True,False,True
1067,83,209,3442778.239,total,,0.9030356968,2020,2023,2024,32911,False,False,False,False,True,False,False,False,False,False,True,False,True
1068,83,209,3797945.099,total,,0.9085922388,2020,2023,2024,32911,False,False,False,False,True,False,False,False,False,False,True,False,True
1069,83,209,4189772.209,total,,0.8976270913,2020,2023,2024,32911,False,False,False,False,True,False,False,False,False,False,True,False,True
1070,83,209,4621984.473,total,,0.8763766294,2020,2023,2024,32911,False,False,False,False,True,False,False,False,False,False,True,False,True
1071,83,209,5098805.099,total,,0.8579954956,2020,2023,2024,32911,False,False,False,False,True,False,False,False,False,False,True,False,True
1072,83,209,5624831.525,total,,0.8323172699,2020,2023,2024,32911,False,False,False,False,True,False,False,False,False,False,True,False,True
1073,83,209,6205088.485,total,,0.7959321296,2020,2023,2024,32911,False,False,False,False,True,False,False,False,False,False,True,False,True
1074,83,209,6845271.99,total,,0.7529506888,2020,2023,2024,32911,False,False,False,False,True,False,False,False,False,False,True,False,True
1075,83,209,7644712.804,total,,0.7294563821,2020,2023,2024,32911,False,False,False,False,True,False,False,False,False,False,True,False,True
1076,83,209,8537510.187,total,,0.7101808538,2020,2023,2024,32911,False,False,False,False,True,False,False,False,False,False,True,False,True
1077,83,209,9418277.983,total,,0.7261156701,2020,2023,2024,32911,False,False,False,False,True,False,False,False,False,False,True,False,True
1078,83,209,10389830.46,total,,0.7432745235,2020,2023,2024,32911,False,False,False,False,True,False,False,False,False,False,False,True,True
1079,83,209,11461677.23,total,,0.719124036,2020,2023,2024,32911,False,False,False,False,True,False,False,False,False,False,False,True,True
1080,83,209,12643991.97,total,,0.7213158806,2020,2023,2024,32911,False,False,False,False,True,False,False,False,False,False,False,True,True
1081,83,209,13948489.27,total,,0.7410333538,2020,2023,2024,32911,False,False,False,False,True,False,False,False,False,False,False,True,True
1082,83,209,15387698.25,total,,0.7196212723,2020,2023,2024,32911,False,False,False,False,True,False,False,False,False,False,False,True,True
1083,83,209,16975099.59,total,,0.726380776,2020,2023,2024,32911,False,False,False,False,True,False,False,False,False,False,False,True,True
1084,83,209,18726439.93,total,,0.738503092,2020,2023,2024,32911,False,False,False,False,True,False,False,False,False,False,False,True,True
1085,83,209,19911000,total,,0.7390974461,2020,2023,2024,32911,False,False,False,False,True,False,False,False,False,False,False,True,True
1086,90,232,10190,capture,,-0.05060999336,2020,2023,2024,32918,True,False,False,False,False,False,False,False,True,False,False,False,False
1087,90,232,11305,capture,,-0.1307682803,2020,2023,2024,32918,True,False,False,False,False,False,False,False,True,False,False,False,False
1088,90,232,12535,capture,,-0.08618614762,2020,2023,2024,32918,True,False,False,False,False,False,False,False,True,False,False,False,False
1089,90,232,13900,capture,,-0.08618614762,2020,2023,2024,32918,True,False,False,False,False,False,False,False,True,False,False,False,False
1090,90,232,15420,capture,,-0.1366771399,2020,2023,2024,32918,True,False,False,False,False,False,False,False,True,False,False,False,False
1091,90,232,17105,capture,,-0.1870866434,2020,2023,2024,32918,True,False,False,False,False,False,False,False,True,False,False,False,False
1092,90,232,18970,capture,,-0.1804560645,2020,2023,2024,32918,True,False,False,False,False,False,False,False,True,False,False,False,False
1093,90,232,21040,capture,,-0.1804560645,2020,2023,2024,32918,True,False,False,False,False,False,False,False,True,False,False,False,False
1094,90,232,23340,capture,,-0.251811973,2020,2023,2024,32918,True,False,False,False,False,False,False,False,True,False,False,False,False
1095,90,232,25890,capture,,-0.2676062402,2020,2023,2024,32918,True,False,False,False,False,False,False,False,True,False,False,False,False
1096,90,232,28715,capture,,-0.2757241304,2020,2023,2024,32918,True,False,False,False,False,False,False,False,True,False,False,False,False
1097,90,232,31850,capture,,-0.251811973,2020,2023,2024,32918,True,False,False,False,False,False,False,False,True,False,False,False,False
1098,90,232,35325,capture,,-0.2839966564,2020,2023,2024,32918,True,False,False,False,False,False,False,False,True,False,False,False,False
1099,90,232,39180,capture,,-0.3279021421,2020,2023,2024,32918,True,False,False,False,False,False,False,False,True,False,False,False,False
1100,90,232,43460,capture,,-0.3372421683,2020,2023,2024,32918,True,False,False,False,False,False,False,False,True,False,False,False,False
1101,90,232,48205,capture,,-0.3767507096,2020,2023,2024,32918,True,False,False,False,False,False,False,False,True,False,False,False,False
1102,90,232,53465,capture,,-0.4202164034,2020,2023,2024,32918,True,False,False,False,False,False,False,False,True,False,False,False,False
1103,90,232,59300,capture,,-0.4559319556,2020,2023,2024,32918,True,False,False,False,False,False,False,False,True,False,False,False,False
1104,90,232,65775,capture,,-0.5228787453,2020,2023,2024,32918,True,False,False,False,False,False,False,False,True,False,False,False,False
1105,90,232,72960,capture,,-0.5528419687,2020,2023,2024,32918,True,False,False,False,False,False,False,False,True,False,False,False,False
1106,90,232,80925,capture,,-0.585026652,2020,2023,2024,32918,True,False,False,False,False,False,False,False,True,False,False,False,False
1107,90,232,89760,capture,,-0.6197887583,2020,2023,2024,32918,True,False,False,False,False,False,False,False,True,False,False,False,False
1108,90,232,99560,capture,,-0.6777807053,2020,2023,2024,32918,True,False,False,False,False,False,False,False,True,False,False,False,False
1109,90,232,110425,capture,,-0.6777807053,2020,2023,2024,32918,True,False,False,False,False,False,False,False,False,True,False,False,True
1110,90,232,122480,capture,,-0.721246399,2020,2023,2024,32918,True,False,False,False,False,False,False,False,False,True,False,False,True
1111,90,232,135855,capture,,-0.721246399,2020,2023,2024,32918,True,False,False,False,False,False,False,False,False,True,False,False,True
1112,90,232,150690,capture,,-0.7447274949,2020,2023,2024,32918,True,False,False,False,False,False,False,False,False,True,False,False,True
1113,90,232,167140,capture,,-0.7695510786,2020,2023,2024,32918,True,False,False,False,False,False,False,False,False,True,False,False,True
1114,90,232,185385,capture,,-0.7958800173,2020,2023,2024,32918,True,False,False,False,False,False,False,False,False,True,False,False,True
1115,90,232,3994,capture,,0.07605759576,2020,2022,2025,32923,True,False,False,False,False,False,False,True,False,False,False,False,False
1116,90,232,4482,capture,,0.09824558429,2020,2022,2025,32923,True,False,False,False,False,False,False,True,False,False,False,False,False
1117,90,232,5028,capture,,0.1157203194,2020,2022,2025,32923,True,False,False,False,False,False,False,True,False,False,False,False,False
1118,90,232,5642,capture,,-0.1567011793,2020,2022,2025,32923,True,False,False,False,False,False,False,True,False,False,False,False,False
1119,90,232,6331,capture,,0.0006596264233,2020,2022,2025,32923,True,False,False,False,False,False,False,True,False,False,False,False,False
1120,90,232,7103,capture,,-0.1669000827,2020,2022,2025,32923,True,False,False,False,False,False,False,True,False,False,False,False,False
1121,90,232,7970,capture,,-0.06218983489,2020,2022,2025,32923,True,False,False,False,False,False,False,True,False,False,False,False,False
1122,90,232,8942,capture,,-0.1202253848,2020,2022,2025,32923,True,False,False,False,False,False,False,True,False,False,False,False,False
1123,90,232,10033,capture,,-0.1370538901,2020,2022,2025,32923,True,False,False,False,False,False,False,False,True,False,False,False,False
1124,90,232,11257,capture,,-0.1370973594,2020,2022,2025,32923,True,False,False,False,False,False,False,False,True,False,False,False,False
1125,90,232,12631,capture,,-0.2623208383,2020,2022,2025,32923,True,False,False,False,False,False,False,False,True,False,False,False,False
1126,90,232,14172,capture,,-0.05560074014,2020,2022,2025,32923,True,False,False,False,False,False,False,False,True,False,False,False,False
1127,90,232,15902,capture,,-0.2682251485,2020,2022,2025,32923,True,False,False,False,False,False,False,False,True,False,False,False,False
1128,90,232,17842,capture,,-0.08348288594,2020,2022,2025,32923,True,False,False,False,False,False,False,False,True,False,False,False,False
1129,90,232,20019,capture,,-0.2053028731,2020,2022,2025,32923,True,False,False,False,False,False,False,False,True,False,False,False,False
1130,90,232,22461,capture,,-0.3086231819,2020,2022,2025,32923,True,False,False,False,False,False,False,False,True,False,False,False,False
1131,90,232,25202,capture,,-0.2259767317,2020,2022,2025,32923,True,False,False,False,False,False,False,False,True,False,False,False,False
1132,90,232,28999,capture,,-0.3629547992,2020,2022,2025,32923,True,False,False,False,False,False,False,False,True,False,False,False,False
1133,90,232,31728,capture,,-0.3413133473,2020,2022,2025,32923,True,False,False,False,False,False,False,False,True,False,False,False,False
1134,90,232,35599,capture,,-0.4107677441,2020,2022,2025,32923,True,False,False,False,False,False,False,False,True,False,False,False,False
1135,90,232,39943,capture,,-0.3650302713,2020,2022,2025,32923,True,False,False,False,False,False,False,False,True,False,False,False,False
1136,90,232,44816,capture,,-0.3906873867,2020,2022,2025,32923,True,False,False,False,False,False,False,False,True,False,False,False,False
1137,90,232,50285,capture,,-0.5144773158,2020,2022,2025,32923,True,False,False,False,False,False,False,False,True,False,False,False,False
1138,90,232,56421,capture,,-0.4624642329,2020,2022,2025,32923,True,False,False,False,False,False,False,False,True,False,False,False,False
1139,90,232,63305,capture,,-0.5212128062,2020,2022,2025,32923,True,False,False,False,False,False,False,False,True,False,False,False,False
1140,90,232,71029,capture,,-0.6739059363,2020,2022,2025,32923,True,False,False,False,False,False,False,False,True,False,False,False,False
1141,90,232,79696,capture,,-0.6909045141,2020,2022,2025,32923,True,False,False,False,False,False,False,False,True,False,False,False,False
1142,90,232,89421,capture,,-0.7289976011,2020,2022,2025,32923,True,False,False,False,False,False,False,False,True,False,False,False,False
1143,90,232,100330,capture,,-0.5926158947,2020,2022,2025,32923,True,False,False,False,False,False,False,False,False,True,False,False,True
1144,90,232,112570,capture,,-0.6807335834,2020,2022,2025,32923,True,False,False,False,False,False,False,False,False,True,False,False,True
1145,90,232,126310,capture,,-0.6411042925,2020,2022,2025,32923,True,False,False,False,False,False,False,False,False,True,False,False,True
1146,90,232,12490000,n2n,,0.3516552542,2020,2024,2025,32933,False,True,False,False,False,False,False,False,False,False,False,True,True
1147,90,232,16380000,n2n,,-0.07591722494,2020,2024,2025,32933,False,True,False,False,False,False,False,False,False,False,False,True,True
1148,90,232,18100000,n2n,,-0.3016558304,2020,2024,2025,32933,False,True,False,False,False,False,False,False,False,False,False,True,True
1149,90,232,3380931.676,total,,0.9054477658,2020,2024,2024,14825,False,False,False,False,True,False,False,False,False,False,True,False,True
1150,90,232,3736330.285,total,,0.906502046,2020,2024,2024,14825,False,False,False,False,True,False,False,False,False,False,True,False,True
1151,90,232,4129715.729,total,,0.9013138958,2020,2024,2024,14825,False,False,False,False,True,False,False,False,False,False,True,False,True
1152,90,232,4563576.339,total,,0.8939558478,2020,2024,2024,14825,False,False,False,False,True,False,False,False,False,False,True,False,True
1153,90,232,5043426.316,total,,0.8837068492,2020,2024,2024,14825,False,False,False,False,True,False,False,False,False,False,True,False,True
1154,90,232,5574267.216,total,,0.8677001885,2020,2024,2024,14825,False,False,False,False,True,False,False,False,False,False,True,False,True
1155,90,232,6160075.324,total,,0.8486539636,2020,2024,2024,14825,False,False,False,False,True,False,False,False,False,False,True,False,True
1156,90,232,6808365.443,total,,0.8274306645,2020,2024,2024,14825,False,False,False,False,True,False,False,False,False,False,True,False,True
1157,90,232,7524651.819,total,,0.8077953914,2020,2024,2024,14825,False,False,False,False,True,False,False,False,False,False,True,False,True
1158,90,232,8315398.968,total,,0.789355046,2020,2024,2024,14825,False,False,False,False,True,False,False,False,False,False,True,False,True
1159,90,232,9190122.36,total,,0.7750385357,2020,2024,2024,14825,False,False,False,False,True,False,False,False,False,False,True,False,True
1160,90,232,10154873.71,total,,0.7636750219,2020,2024,2024,14825,False,False,False,False,True,False,False,False,False,False,False,True,True
1161,90,232,11226508.81,total,,0.7596942792,2020,2024,2024,14825,False,False,False,False,True,False,False,False,False,False,False,True,True
1162,90,232,12406127.52,total,,0.7595809771,2020,2024,2024,14825,False,False,False,False,True,False,False,False,False,False,False,True,True
1163,90,232,13710660.09,total,,0.7665801372,2020,2024,2024,14825,False,False,False,False,True,False,False,False,False,False,False,True,True
1164,90,232,15155236.72,total,,0.7748088303,2020,2024,2024,14825,False,False,False,False,True,False,False,False,False,False,False,True,True
1165,90,232,16744733.5,total,,0.7831028254,2020,2024,2024,14825,False,False,False,False,True,False,False,False,False,False,False,True,True
1166,90,232,18509159.89,total,,0.7904364721,2020,2024,2024,14825,False,False,False,False,True,False,False,False,False,False,False,True,True
1167,90,232,19950000,total,,0.7962342571,2020,2024,2024,14825,False,False,False,False,True,False,False,False,False,False,False,True,True
1168,92,235,3197256.011,total,,0.8955523729,2020,2024,2024,14825,False,False,False,False,True,False,False,False,False,False,True,False,True
1169,92,235,3443188.928,total,,0.8962188509,2020,2024,2024,14825,False,False,False,False,True,False,False,False,False,False,True,False,True
1170,92,235,3800806.754,total,,0.8977438953,2020,2024,2024,14825,False,False,False,False,True,False,False,False,False,False,True,False,True
1171,92,235,4195648.579,total,,0.8961774845,2020,2024,2024,14825,False,False,False,False,True,False,False,False,False,False,True,False,True
1172,92,235,4631234.391,total,,0.8898365359,2020,2024,2024,14825,False,False,False,False,True,False,False,False,False,False,True,False,True
1173,92,235,5111800.312,total,,0.8778692894,2020,2024,2024,14825,False,False,False,False,True,False,False,False,False,False,True,False,True
1174,92,235,5642348.084,total,,0.8630238079,2020,2024,2024,14825,False,False,False,False,True,False,False,False,False,False,True,False,True
1175,92,235,6228380.123,total,,0.843566004,2020,2024,2024,14825,False,False,False,False,True,False,False,False,False,False,True,False,True
1176,92,235,6874632.714,total,,0.8237219542,2020,2024,2024,14825,False,False,False,False,True,False,False,False,False,False,True,False,True
1177,92,235,7588608.563,total,,0.8054736714,2020,2024,2024,14825,False,False,False,False,True,False,False,False,False,False,True,False,True
1178,92,235,8376063.032,total,,0.7834229466,2020,2024,2024,14825,False,False,False,False,True,False,False,False,False,False,True,False,True
1179,92,235,9245974.85,total,,0.7702074528,2020,2024,2024,14825,False,False,False,False,True,False,False,False,False,False,True,False,True
1180,92,235,10204877.47,total,,0.7603470785,2020,2024,2024,14825,False,False,False,False,True,False,False,False,False,False,False,True,True
1181,92,235,11407130.04,total,,0.7557636011,2020,2024,2024,14825,False,False,False,False,True,False,False,False,False,False,False,True,True
1182,92,235,12745104.86,total,,0.7577963518,2020,2024,2024,14825,False,False,False,False,True,False,False,False,False,False,False,True,True
1183,92,235,14069683.68,total,,0.7600283483,2020,2024,2024,14825,False,False,False,False,True,False,False,False,False,False,False,True,True
1184,92,235,15526596.21,total,,0.7708115247,2020,2024,2024,14825,False,False,False,False,True,False,False,False,False,False,False,True,True
1185,92,235,17140978.38,total,,0.7794395542,2020,2024,2024,14825,False,False,False,False,True,False,False,False,False,False,False,True,True
1186,92,235,18920296.75,total,,0.7850752354,2020,2024,2024,14825,False,False,False,False,True,False,False,False,False,False,False,True,True
1187,92,238,3622000,capture,,-1.92226882,2020,2023,2024,32896,True,False,False,False,False,False,False,False,False,False,True,False,True
1188,92,238,4626000,capture,,-2.352910571,2020,2023,2024,32896,True,False,False,False,False,False,False,False,False,False,True,False,True
1189,92,238,6117000,capture,,-2.978397284,2020,2023,2024,32896,True,False,False,False,False,False,False,False,False,False,True,False,True
1190,92,238,3380931.676,total,,0.895988528,2020,2024,2024,14825,False,False,False,False,True,False,False,False,False,False,True,False,True
1191,92,238,3736330.285,total,,0.8965041715,2020,2024,2024,14825,False,False,False,False,True,False,False,False,False,False,True,False,True
1192,92,238,4129715.729,total,,0.8957456603,2020,2024,2024,14825,False,False,False,False,True,False,False,False,False,False,True,False,True
1193,92,238,4563576.339,total,,0.8896685964,2020,2024,2024,14825,False,False,False,False,True,False,False,False,False,False,True,False,True
1194,92,238,5043426.316,total,,0.8798553738,2020,2024,2024,14825,False,False,False,False,True,False,False,False,False,False,True,False,True
1195,92,238,5574267.216,total,,0.8647542653,2020,2024,2024,14825,False,False,False,False,True,False,False,False,False,False,True,False,True
1196,92,238,6160075.324,total,,0.8474338355,2020,2024,2024,14825,False,False,False,False,True,False,False,False,False,False,True,False,True
1197,92,238,6808365.443,total,,0.827456511,2020,2024,2024,14825,False,False,False,False,True,False,False,False,False,False,True,False,True
1198,92,238,7524651.819,total,,0.8089128413,2020,2024,2024,14825,False,False,False,False,True,False,False,False,False,False,True,False,True
1199,92,238,8315398.968,total,,0.7917152046,2020,2024,2024,14825,False,False,False,False,True,False,False,False,False,False,True,False,True
1200,92,238,9190122.36,total,,0.7782815192,2020,2024,2024,14825,False,False,False,False,True,False,False,False,False,False,True,False,True
1201,92,238,10154873.71,total,,0.7666284535,2020,2024,2024,14825,False,False,False,False,True,False,False,False,False,False,False,True,True
1202,92,238,11226508.81,total,,0.7620255061,2020,2024,2024,14825,False,False,False,False,True,False,False,False,False,False,False,True,True
1203,92,238,12406127.52,total,,0.7612134454,2020,2024,2024,14825,False,False,False,False,True,False,False,False,False,False,False,True,True
1204,92,238,13710660.09,total,,0.7662529319,2020,2024,2024,14825,False,False,False,False,True,False,False,False,False,False,False,True,True
1205,92,238,15155236.72,total,,0.7732597081,2020,2024,2024,14825,False,False,False,False,True,False,False,False,False,False,False,True,True
1206,92,238,16744733.5,total,,0.7802632921,2020,2024,2024,14825,False,False,False,False,True,False,False,False,False,False,False,True,True
1207,92,238,18509159.89,total,,0.7871486341,2020,2024,2024,14825,False,False,False,False,True,False,False,False,False,False,False,True,True
1208,92,238,19950000,total,,0.7917327434,2020,2024,2024,14825,False,False,False,False,True,False,False,False,False,False,False,True,True
1209,93,237,1065.3873,capture,,1.111104499,2020,2022,2022,23601,True,False,False,False,False,False,False,True,False,False,False,False,False
1210,93,237,1218.084,capture,,1.060131,2020,2022,2022,23601,True,False,False,False,False,False,False,True,False,False,False,False,False
1211,93,237,1406.1765,capture,,1.05927556,2020,2022,2022,23601,True,False,False,False,False,False,False,True,False,False,False,False,False
1212,93,237,1641.535,capture,,0.9698444036,2020,2022,2022,23601,True,False,False,False,False,False,False,True,False,False,False,False,False
1213,93,237,1904.08,capture,,0.9387448195,2020,2022,2022,23601,True,False,False,False,False,False,False,True,False,False,False,False,False
1214,93,237,2198.1735,capture,,0.9066043717,2020,2022,2022,23601,True,False,False,False,False,False,False,True,False,False,False,False,False
1215,93,237,2566.189,capture,,0.895218059,2020,2022,2022,23601,True,False,False,False,False,False,False,True,False,False,False,False,False
1216,93,237,3035.2015,capture,,0.8480289221,2020,2022,2022,23601,True,False,False,False,False,False,False,True,False,False,False,False,False
1217,93,237,3645.9535,capture,,0.7869004192,2020,2022,2022,23601,True,False,False,False,False,False,False,True,False,False,False,False,False
1218,93,237,4462.078,capture,,0.7301521725,2020,2022,2022,23601,True,False,False,False,False,False,False,True,False,False,False,False,False
1219,93,237,5587.5275,capture,,0.6992131412,2020,2022,2022,23601,True,False,False,False,False,False,False,True,False,False,False,False,False
1220,93,237,7201.782,capture,,0.6261144344,2020,2022,2022,23601,True,False,False,False,False,False,False,True,False,False,False,False,False
1221,93,237,9637.1795,capture,,0.5778937383,2020,2022,2022,23601,True,False,False,False,False,False,False,True,False,False,False,False,False
1222,93,237,13568.19,capture,,0.5162576539,2020,2022,2022,23601,True,False,False,False,False,False,False,False,True,False,False,False,False
1223,93,237,18483.46,capture,,0.4431690758,2020,2022,2022,23601,True,False,False,False,False,False,False,False,True,False,False,False,False
1224,93,237,24743.96,capture,,0.3905818786,2020,2022,2022,23601,True,False,False,False,False,False,False,False,True,False,False,False,False
1225,93,237,34856.615,capture,,0.3442546926,2020,2022,2022,23601,True,False,False,False,False,False,False,False,True,False,False,False,False
1226,93,237,52830.615,capture,,0.2659963705,2020,2022,2022,23601,True,False,False,False,False,False,False,False,True,False,False,False,False
1227,93,237,74437.595,capture,,0.2312656484,2020,2022,2022,23601,True,False,False,False,False,False,False,False,True,False,False,False,False
1228,93,237,99758.45,capture,,0.1317148785,2020,2022,2022,23601,True,False,False,False,False,False,False,False,True,False,False,False,False
1229,93,237,140741,capture,,0.06307052564,2020,2022,2022,23601,True,False,False,False,False,False,False,False,False,True,False,False,True
1230,93,237,213794.15,capture,,-0.06565307326,2020,2022,2022,23601,True,False,False,False,False,False,False,False,False,True,False,False,True
1231,93,237,364803.75,capture,,-0.2621714941,2020,2022,2022,23601,True,False,False,False,False,False,False,False,False,True,False,False,True
1232,93,237,770144.85,capture,,-0.6876110506,2020,2022,2022,23601,True,False,False,False,False,False,False,False,False,True,False,False,True
1233,93,237,1065.3873,capture,,1.108138638,2020,2022,2022,23601,True,False,False,False,False,False,False,True,False,False,False,False,False
1234,93,237,1218.084,capture,,1.057167634,2020,2022,2022,23601,True,False,False,False,False,False,False,True,False,False,False,False,False
1235,93,237,1406.1765,capture,,1.056313961,2020,2022,2022,23601,True,False,False,False,False,False,False,True,False,False,False,False,False
1236,93,237,1641.535,capture,,0.9668782347,2020,2022,2022,23601,True,False,False,False,False,False,False,True,False,False,False,False,False
1237,93,237,1904.08,capture,,0.9362874885,2020,2022,2022,23601,True,False,False,False,False,False,False,True,False,False,False,False,False
1238,93,237,2198.1735,capture,,0.9041527072,2020,2022,2022,23601,True,False,False,False,False,False,False,True,False,False,False,False,False
1239,93,237,2566.189,capture,,0.8927622346,2020,2022,2022,23601,True,False,False,False,False,False,False,True,False,False,False,False,False
1240,93,237,3035.2015,capture,,0.845569304,2020,2022,2022,23601,True,False,False,False,False,False,False,True,False,False,False,False,False
1241,93,237,3645.9535,capture,,0.7844389742,2020,2022,2022,23601,True,False,False,False,False,False,False,True,False,False,False,False,False
1242,93,237,4462.078,capture,,0.7276957538,2020,2022,2022,23601,True,False,False,False,False,False,False,True,False,False,False,False,False
1243,93,237,5587.5275,capture,,0.6967581655,2020,2022,2022,23601,True,False,False,False,False,False,False,True,False,False,False,False,False
1244,93,237,7201.782,capture,,0.6236523767,2020,2022,2022,23601,True,False,False,False,False,False,False,True,False,False,False,False,False
1245,93,237,9637.1795,capture,,0.5754418791,2020,2022,2022,23601,True,False,False,False,False,False,False,True,False,False,False,False,False
1246,93,237,13568.19,capture,,0.513790065,2020,2022,2022,23601,True,False,False,False,False,False,False,False,True,False,False,False,False
1247,93,237,18483.46,capture,,0.4398377609,2020,2022,2022,23601,True,False,False,False,False,False,False,False,True,False,False,False,False
1248,93,237,24743.96,capture,,0.3872474114,2020,2022,2022,23601,True,False,False,False,False,False,False,False,True,False,False,False,False
1249,93,237,34856.615,capture,,0.3409197934,2020,2022,2022,23601,True,False,False,False,False,False,False,False,True,False,False,False,False
1250,93,237,52830.615,capture,,0.2626646247,2020,2022,2022,23601,True,False,False,False,False,False,False,False,True,False,False,False,False
1251,93,237,74437.595,capture,,0.2279380974,2020,2022,2022,23601,True,False,False,False,False,False,False,False,True,False,False,False,False
1252,93,237,99758.46,capture,,0.1283669539,2020,2022,2022,23601,True,False,False,False,False,False,False,False,True,False,False,False,False
1253,93,237,140741,capture,,0.05975269421,2020,2022,2022,23601,True,False,False,False,False,False,False,False,False,True,False,False,True
1254,93,237,213794.15,capture,,-0.06900005804,2020,2022,2022,23601,True,False,False,False,False,False,False,False,False,True,False,False,True
1255,93,237,364803.75,capture,,-0.2655202106,2020,2022,2022,23601,True,False,False,False,False,False,False,False,False,True,False,False,True
1256,93,237,770144.85,capture,,-0.691008971,2020,2022,2022,23601,True,False,False,False,False,False,False,False,False,True,False,False,True
1257,93,237,3197256.011,total,,0.8894501778,2020,2024,2024,14825,False,False,False,False,True,False,False,False,False,False,True,False,True
1258,93,237,3443188.928,total,,0.8934676956,2020,2024,2024,14825,False,False,False,False,True,False,False,False,False,False,True,False,True
1259,93,237,3800806.754,total,,0.8949844392,2020,2024,2024,14825,False,False,False,False,True,False,False,False,False,False,True,False,True
1260,93,237,4195648.579,total,,0.8922713468,2020,2024,2024,14825,False,False,False,False,True,False,False,False,False,False,True,False,True
1261,93,237,4631234.391,total,,0.8853866662,2020,2024,2024,14825,False,False,False,False,True,False,False,False,False,False,True,False,True
1262,93,237,5111800.312,total,,0.8753246555,2020,2024,2024,14825,False,False,False,False,True,False,False,False,False,False,True,False,True
1263,93,237,5642348.084,total,,0.8588739159,2020,2024,2024,14825,False,False,False,False,True,False,False,False,False,False,True,False,True
1264,93,237,6228380.123,total,,0.8419394981,2020,2024,2024,14825,False,False,False,False,True,False,False,False,False,False,True,False,True
1265,93,237,6874632.714,total,,0.8216739847,2020,2024,2024,14825,False,False,False,False,True,False,False,False,False,False,True,False,True
1266,93,237,7588608.563,total,,0.8047934494,2020,2024,2024,14825,False,False,False,False,True,False,False,False,False,False,True,False,True
1267,93,237,8376063.032,total,,0.7869784449,2020,2024,2024,14825,False,False,False,False,True,False,False,False,False,False,True,False,True
1268,93,237,9245974.85,total,,0.7720942294,2020,2024,2024,14825,False,False,False,False,True,False,False,False,False,False,True,False,True
1269,93,237,10204877.47,total,,0.7632201564,2020,2024,2024,14825,False,False,False,False,True,False,False,False,False,False,False,True,True
1270,93,237,11407130.04,total,,0.7563058885,2020,2024,2024,14825,False,False,False,False,True,False,False,False,False,False,False,True,True
1271,93,237,12745104.86,total,,0.7548870465,2020,2024,2024,14825,False,False,False,False,True,False,False,False,False,False,False,True,True
1272,93,237,14069683.68,total,,0.7589705258,2020,2024,2024,14825,False,False,False,False,True,False,False,False,False,False,False,True,True
1273,93,237,15526596.21,total,,0.767391509,2020,2024,2024,14825,False,False,False,False,True,False,False,False,False,False,False,True,True
1274,93,237,17140978.38,total,,0.7772219524,2020,2024,2024,14825,False,False,False,False,True,False,False,False,False,False,False,True,True
1275,93,237,18920296.75,total,,0.7845263594,2020,2024,2024,14825,False,False,False,False,True,False,False,False,False,False,False,True,True
1276,94,239,7100000,n2n,,-0.8477116556,2020,2021,2022,23777,False,True,False,False,False,False,False,False,False,False,True,False,True
1277,94,239,7720000,n2n,,-0.6834006979,2020,2021,2022,23777,False,True,False,False,False,False,False,False,False,False,True,False,True
1278,94,239,9340000,n2n,,-0.57024772,2020,2021,2022,23777,False,True,False,False,False,False,False,False,False,False,True,False,True
1279,94,239,3433928.556,total,,0.8946907385,2020,2024,2024,14825,False,False,False,False,True,False,False,False,False,False,True,False,True
1280,94,239,3879349.172,total,,0.894792196,2020,2024,2024,14825,False,False,False,False,True,False,False,False,False,False,True,False,True
1281,94,239,4277223.632,total,,0.8927149778,2020,2024,2024,14825,False,False,False,False,True,False,False,False,False,False,True,False,True
1282,94,239,4715597.947,total,,0.8867698248,2020,2024,2024,14825,False,False,False,False,True,False,False,False,False,False,True,False,True
1283,94,239,5198961.242,total,,0.8748817179,2020,2024,2024,14825,False,False,False,False,True,False,False,False,False,False,True,False,True
1284,94,239,5731802.683,total,,0.8602361601,2020,2024,2024,14825,False,False,False,False,True,False,False,False,False,False,True,False,True
1285,94,239,6319123.753,total,,0.8420504125,2020,2024,2024,14825,False,False,False,False,True,False,False,False,False,False,True,False,True
1286,94,239,6966926.223,total,,0.8228673581,2020,2024,2024,14825,False,False,False,False,True,False,False,False,False,False,True,False,True
1287,94,239,7681211.884,total,,0.8060374477,2020,2024,2024,14825,False,False,False,False,True,False,False,False,False,False,True,False,True
1288,94,239,8468470.464,total,,0.7901056373,2020,2024,2024,14825,False,False,False,False,True,False,False,False,False,False,True,False,True
1289,94,239,9336216.418,total,,0.7756504901,2020,2024,2024,14825,False,False,False,False,True,False,False,False,False,False,True,False,True
1290,94,239,10296965.57,total,,0.7659292022,2020,2024,2024,14825,False,False,False,False,True,False,False,False,False,False,False,True,True
1291,94,239,11346545.73,total,,0.7612924624,2020,2024,2024,14825,False,False,False,False,True,False,False,False,False,False,False,True,True
1292,94,239,12511282.91,total,,0.7567501811,2020,2024,2024,14825,False,False,False,False,True,False,False,False,False,False,False,True,True
1293,94,239,13790931.8,total,,0.7621043756,2020,2024,2024,14825,False,False,False,False,True,False,False,False,False,False,False,True,True
1294,94,239,15205499.01,total,,0.7718042066,2020,2024,2024,14825,False,False,False,False,True,False,False,False,False,False,False,True,True
1295,94,239,16764987.32,total,,0.7792464618,2020,2024,2024,14825,False,False,False,False,True,False,False,False,False,False,False,True,True
1296,94,239,18484523.26,total,,0.7833496436,2020,2024,2024,14825,False,False,False,False,True,False,False,False,False,False,False,True,True
1297,94,239,19890000,total,,0.7895807122,2020,2024,2024,14825,False,False,False,False,True,False,False,False,False,False,False,True,True
1298,95,241,23500,capture,,0.434568904,2020,2023,2023,23606,True,False,False,False,False,False,False,False,True,False,False,False,False
1299,95,241,51500,capture,,0.3304137733,2020,2023,2023,23606,True,False,False,False,False,False,False,False,True,False,False,False,False
1300,95,241,127700,capture,,0.1205739312,2020,2023,2023,23606,True,False,False,False,False,False,False,False,False,True,False,False,True
1301,95,241,1041.128371,capture,,1.146748014,2020,2024,2025,23620,True,False,False,False,False,False,False,True,False,False,False,False,False
1302,95,241,1148.579498,capture,,1.09852836,2020,2024,2025,23620,True,False,False,False,False,False,False,True,False,False,False,False,False
1303,95,241,1273.571169,capture,,1.089551883,2020,2024,2025,23620,True,False,False,False,False,False,False,True,False,False,False,False,False
1304,95,241,1420.140065,capture,,1.044931546,2020,2024,2025,23620,True,False,False,False,False,False,False,True,False,False,False,False,False
1305,95,241,1562.269623,capture,,1.036029731,2020,2024,2025,23620,True,False,False,False,False,False,False,True,False,False,False,False,False
1306,95,241,1727.443179,capture,,0.9879640328,2020,2024,2025,23620,True,False,False,False,False,False,False,True,False,False,False,False,False
1307,95,241,1919.561574,capture,,1.01911629,2020,2024,2025,23620,True,False,False,False,False,False,False,True,False,False,False,False,False
1308,95,241,2097.647087,capture,,0.9997827985,2020,2024,2025,23620,True,False,False,False,False,False,False,True,False,False,False,False,False
1309,95,241,2301.726714,capture,,0.98788961,2020,2024,2025,23620,True,False,False,False,False,False,False,True,False,False,False,False,False
1310,95,241,2474.619,capture,,0.903089987,2020,2024,2025,23620,True,False,False,False,False,False,False,True,False,False,False,False,False
1311,95,241,2810.578045,capture,,0.8779469516,2020,2024,2025,23620,True,False,False,False,False,False,False,True,False,False,False,False,False
1312,95,241,3130.78131,capture,,0.8512583487,2020,2024,2025,23620,True,False,False,False,False,False,False,True,False,False,False,False,False
1313,95,241,3509.030763,capture,,0.656098202,2020,2024,2025,23620,True,False,False,False,False,False,False,True,False,False,False,False,False
1314,95,241,3838.7155,capture,,0.806179974,2020,2024,2025,23620,True,False,False,False,False,False,False,True,False,False,False,False,False
1315,95,241,4219.267447,capture,,0.7948364578,2020,2024,2025,23620,True,False,False,False,False,False,False,True,False,False,False,False,False
1316,95,241,4656.853,capture,,0.7015679851,2020,2024,2025,23620,True,False,False,False,False,False,False,True,False,False,False,False,False
1317,95,241,5169.404838,capture,,0.7976137302,2020,2024,2025,23620,True,False,False,False,False,False,False,True,False,False,False,False,False
1318,95,241,5767.687,capture,,0.6674529529,2020,2024,2025,23620,True,False,False,False,False,False,False,True,False,False,False,False,False
1319,95,241,6227.672,capture,,0.6848453616,2020,2024,2025,23620,True,False,False,False,False,False,False,True,False,False,False,False,False
1320,95,241,7031.290772,capture,,0.6910814921,2020,2024,2025,23620,True,False,False,False,False,False,False,True,False,False,False,False,False
1321,95,241,7993.945,capture,,0.5965970956,2020,2024,2025,23620,True,False,False,False,False,False,False,True,False,False,False,False,False
1322,95,241,8752.878,capture,,0.6646419756,2020,2024,2025,23620,True,False,False,False,False,False,False,True,False,False,False,False,False
1323,95,241,9625.43,capture,,0.622214023,2020,2024,2025,23620,True,False,False,False,False,False,False,True,False,False,False,False,False
1324,95,241,10635.5005,capture,,0.6937269489,2020,2024,2025,23620,True,False,False,False,False,False,False,False,True,False,False,False,False
1325,95,241,11813.645,capture,,0.4727564493,2020,2024,2025,23620,True,False,False,False,False,False,False,False,True,False,False,False,False
1326,95,241,13199.425,capture,,0.480006943,2020,2024,2025,23620,True,False,False,False,False,False,False,False,True,False,False,False,False
1327,95,241,14844.76,capture,,0.4048337166,2020,2024,2025,23620,True,False,False,False,False,False,False,False,True,False,False,False,False
1328,95,241,16818.965,capture,,0.4727564493,2020,2024,2025,23620,True,False,False,False,False,False,False,False,True,False,False,False,False
1329,95,241,19216.19,capture,,0.4517864355,2020,2024,2025,23620,True,False,False,False,False,False,False,False,True,False,False,False,False
1330,95,241,22166.975,capture,,0.4048337166,2020,2024,2025,23620,True,False,False,False,False,False,False,False,True,False,False,False,False
1331,95,241,25856.625,capture,,0.3138672204,2020,2024,2025,23620,True,False,False,False,False,False,False,False,True,False,False,False,False
1332,95,241,30555.405,capture,,0.3463529745,2020,2024,2025,23620,True,False,False,False,False,False,False,False,True,False,False,False,False
1333,95,241,36670.245,capture,,0.4248816366,2020,2024,2025,23620,True,False,False,False,False,False,False,False,True,False,False,False,False
1334,95,241,44837.485,capture,,0.3304137733,2020,2024,2025,23620,True,False,False,False,False,False,False,False,True,False,False,False,False
1335,95,241,56099.02,capture,,0.3384564936,2020,2024,2025,23620,True,False,False,False,False,False,False,False,True,False,False,False,False
1336,95,241,72260.66,capture,,0.2479732664,2020,2024,2025,23620,True,False,False,False,False,False,False,False,True,False,False,False,False
1337,95,241,96688.115,capture,,0.05307844348,2020,2024,2025,23620,True,False,False,False,False,False,False,False,True,False,False,False,False
1338,95,241,136288.415,capture,,0.1430148003,2020,2024,2025,23620,True,False,False,False,False,False,False,False,False,True,False,False,True
1339,95,241,207277.8,capture,,0.1367205672,2020,2024,2025,23620,True,False,False,False,False,False,False,False,False,True,False,False,True
1340,95,241,356323.6,capture,,-0.1307682803,2020,2024,2025,23620,True,False,False,False,False,False,False,False,False,True,False,False,True
1341,95,241,774386.6,capture,,-0.4948500217,2020,2024,2025,23620,True,False,False,False,False,False,False,False,False,True,False,False,True
1342,95,243,23400,capture,,0.4014005408,2020,2021,2022,23748,True,False,False,False,False,False,False,False,True,False,False,False,False
