row,Z,A,energy_ev,quantity,spectrum,label,freeze_year,pub_year,compiled_year,entry,sub:capture,sub:n2n,sub:np,sub:na,sub:total,sub:elastic,sub:inelastic,sub:< 10 keV,sub:10-100 keV,sub:0.1-1 MeV,sub:1-10 MeV,sub:> 10 MeV,sub:E >= 100 keV (DATEDEXAM post-hoc subset)
0,6,12,14100000,elastic,,-0.1023729087,2021,2025,2025,41788,False,False,False,False,False,True,False,False,False,False,False,True,True
1,6,12,6918767.112,inelastic,,-0.7454023818,2021,2023,2024,14820,False,False,False,False,False,False,True,False,False,False,True,False,True
2,6,12,7674122.661,inelastic,,-0.4557756378,2021,2023,2024,14820,False,False,False,False,False,False,True,False,False,False,True,False,True
3,6,12,8511944.16,inelastic,,-0.5524315217,2021,2023,2024,14820,False,False,False,False,False,False,True,False,False,False,True,False,True
4,6,12,9333162.03,inelastic,,-0.5476013034,2021,2023,2024,14820,False,False,False,False,False,False,True,False,False,False,True,False,True
5,6,12,10352108.86,inelastic,,-0.5224221076,2021,2023,2024,14820,False,False,False,False,False,False,True,False,False,False,False,True,True
6,6,12,11482320,inelastic,,-0.5582416489,2021,2023,2024,14820,False,False,False,False,False,False,True,False,False,False,False,True,True
7,6,12,12590103.24,inelastic,,-0.644407697,2021,2023,2024,14820,False,False,False,False,False,False,True,False,False,False,False,True,True
8,6,12,13964595.15,inelastic,,-0.7006278265,2021,2023,2024,14820,False,False,False,False,False,False,True,False,False,False,False,True,True
9,6,12,15489166.79,inelastic,,-0.8001043304,2021,2023,2024,14820,False,False,False,False,False,False,True,False,False,False,False,True,True
10,6,12,16407000,inelastic,,-0.9266042835,2021,2023,2024,14820,False,False,False,False,False,False,True,False,False,False,False,True,True
11,6,12,4842723.229,inelastic,,-1.676675695,2021,2023,2024,14820,False,False,False,False,False,False,True,False,False,False,True,False,True
12,6,12,5125749.018,inelastic,,-1.189126098,2021,2023,2024,14820,False,False,False,False,False,False,True,False,False,False,True,False,True
13,6,12,5665760.922,inelastic,,-0.826417352,2021,2023,2024,14820,False,False,False,False,False,False,True,False,False,False,True,False,True
14,6,12,6260389.565,inelastic,,-0.6113538945,2021,2023,2024,14820,False,False,False,False,False,False,True,False,False,False,True,False,True
15,6,12,6916122.588,inelastic,,-0.7135716682,2021,2023,2024,14820,False,False,False,False,False,False,True,False,False,False,True,False,True
16,6,12,7644839.784,inelastic,,-0.4864418394,2021,2023,2024,14820,False,False,False,False,False,False,True,False,False,False,True,False,True
17,6,12,8448802.416,inelastic,,-0.5247731458,2021,2023,2024,14820,False,False,False,False,False,False,True,False,False,False,True,False,True
18,6,12,9338464.19,inelastic,,-0.5407323101,2021,2023,2024,14820,False,False,False,False,False,False,True,False,False,False,True,False,True
19,6,12,10320172.4,inelastic,,-0.5069021472,2021,2023,2024,14820,False,False,False,False,False,False,True,False,False,False,False,True,True
20,6,12,11400281.94,inelastic,,-0.5309537061,2021,2023,2024,14820,False,False,False,False,False,False,True,False,False,False,False,True,True
21,6,12,12600633.45,inelastic,,-0.6070881386,2021,2023,2024,14820,False,False,False,False,False,False,True,False,False,False,False,True,True
22,6,12,13933048.65,inelastic,,-0.6608593821,2021,2023,2024,14820,False,False,False,False,False,False,True,False,False,False,False,True,True
23,6,12,15316589.92,inelastic,,-0.7414628358,2021,2023,2024,14820,False,False,False,False,False,False,True,False,False,False,False,True,True
24,7,14,104396.7987,total,,0.6104496222,2021,2025,2025,23672,False,False,False,False,True,False,False,False,False,True,False,False,True
25,7,14,114621.1463,total,,0.6003808872,2021,2025,2025,23672,False,False,False,False,True,False,False,False,False,True,False,False,True
26,7,14,126697.5941,total,,0.5951260423,2021,2025,2025,23672,False,False,False,False,True,False,False,False,False,True,False,False,True
27,7,14,140051.256,total,,0.5831944228,2021,2025,2025,23672,False,False,False,False,True,False,False,False,False,True,False,False,True
28,7,14,154776.5706,total,,0.5729699738,2021,2025,2025,23672,False,False,False,False,True,False,False,False,False,True,False,False,True
29,7,14,171014.6206,total,,0.5615908244,2021,2025,2025,23672,False,False,False,False,True,False,False,False,False,True,False,False,True
30,7,14,188986.9441,total,,0.5499053639,2021,2025,2025,23672,False,False,False,False,True,False,False,False,False,True,False,False,True
31,7,14,208905.044,total,,0.534529708,2021,2025,2025,23672,False,False,False,False,True,False,False,False,False,True,False,False,True
32,7,14,230846.3359,total,,0.5205105217,2021,2025,2025,23672,False,False,False,False,True,False,False,False,False,True,False,False,True
33,7,14,255128.7423,total,,0.5106051153,2021,2025,2025,23672,False,False,False,False,True,False,False,False,False,True,False,False,True
34,7,14,282049.6416,total,,0.4942185509,2021,2025,2025,23672,False,False,False,False,True,False,False,False,False,True,False,False,True
35,7,14,311701.4988,total,,0.4765943689,2021,2025,2025,23672,False,False,False,False,True,False,False,False,False,True,False,False,True
36,7,14,344394.1687,total,,0.460610709,2021,2025,2025,23672,False,False,False,False,True,False,False,False,False,True,False,False,True
37,7,14,380497.9112,total,,0.4426410468,2021,2025,2025,23672,False,False,False,False,True,False,False,False,False,True,False,False,True
38,7,14,420464.03,total,,0.5249239237,2021,2025,2025,23672,False,False,False,False,True,False,False,False,False,True,False,False,True
39,7,14,464849.7533,total,,0.4073671069,2021,2025,2025,23672,False,False,False,False,True,False,False,False,False,True,False,False,True
40,7,14,513773.3106,total,,0.3766474816,2021,2025,2025,23672,False,False,False,False,True,False,False,False,False,True,False,False,True
41,7,14,567848.3628,total,,0.3063791393,2021,2025,2025,23672,False,False,False,False,True,False,False,False,False,True,False,False,True
42,7,14,627820.7943,total,,0.2858936021,2021,2025,2025,23672,False,False,False,False,True,False,False,False,False,True,False,False,True
43,7,14,693763.2074,total,,0.3674474132,2021,2025,2025,23672,False,False,False,False,True,False,False,False,False,True,False,False,True
44,7,14,766476.1621,total,,0.3003226503,2021,2025,2025,23672,False,False,False,False,True,False,False,False,False,True,False,False,True
45,7,14,846997.764,total,,0.2264352876,2021,2025,2025,23672,False,False,False,False,True,False,False,False,False,True,False,False,True
46,7,14,935952.6614,total,,0.09195511289,2021,2025,2025,23672,False,False,False,False,True,False,False,False,False,True,False,False,True
47,7,14,1033959.642,total,,0.3429218638,2021,2025,2025,23672,False,False,False,False,True,False,False,False,False,False,True,False,True
48,7,14,1143449.648,total,,0.308710629,2021,2025,2025,23672,False,False,False,False,True,False,False,False,False,False,True,False,True
49,7,14,1264615.328,total,,0.2156120571,2021,2025,2025,23672,False,False,False,False,True,False,False,False,False,False,True,False,True
50,7,14,1397100.685,total,,0.4017839855,2021,2025,2025,23672,False,False,False,False,True,False,False,False,False,False,True,False,True
51,7,14,1544071.526,total,,0.3361894666,2021,2025,2025,23672,False,False,False,False,True,False,False,False,False,False,True,False,True
52,7,14,1706818.172,total,,0.3237225818,2021,2025,2025,23672,False,False,False,False,True,False,False,False,False,False,True,False,True
53,7,14,1886626.092,total,,0.2570691039,2021,2025,2025,23672,False,False,False,False,True,False,False,False,False,False,True,False,True
54,7,14,2084654.298,total,,0.1915113501,2021,2025,2025,23672,False,False,False,False,True,False,False,False,False,False,True,False,True
55,7,14,2301986.145,total,,0.2048825595,2021,2025,2025,23672,False,False,False,False,True,False,False,False,False,False,True,False,True
56,7,14,2542510.657,total,,0.1617983395,2021,2025,2025,23672,False,False,False,False,True,False,False,False,False,False,True,False,True
57,7,14,2828566.056,total,,0.1698854128,2021,2025,2025,23672,False,False,False,False,True,False,False,False,False,False,True,False,True
58,7,14,3109173.937,total,,0.2385478877,2021,2025,2025,23672,False,False,False,False,True,False,False,False,False,False,True,False,True
59,7,14,3436510.915,total,,0.227584833,2021,2025,2025,23672,False,False,False,False,True,False,False,False,False,False,True,False,True
60,7,14,3801063.604,total,,0.2529537444,2021,2025,2025,23672,False,False,False,False,True,False,False,False,False,False,True,False,True
61,7,14,4199988.111,total,,0.3203419728,2021,2025,2025,23672,False,False,False,False,True,False,False,False,False,False,True,False,True
62,7,14,4641917.84,total,,0.1605365563,2021,2025,2025,23672,False,False,False,False,True,False,False,False,False,False,True,False,True
63,7,14,5130244.941,total,,0.1344958558,2021,2025,2025,23672,False,False,False,False,True,False,False,False,False,False,True,False,True
64,7,14,5668437.19,total,,0.1568877685,2021,2025,2025,23672,False,False,False,False,True,False,False,False,False,False,True,False,True
65,7,14,6259321.057,total,,0.1545018774,2021,2025,2025,23672,False,False,False,False,True,False,False,False,False,False,True,False,True
66,7,14,6919696.361,total,,0.1134366026,2021,2025,2025,23672,False,False,False,False,True,False,False,False,False,False,True,False,True
67,7,14,7657307.933,total,,0.1919234242,2021,2025,2025,23672,False,False,False,False,True,False,False,False,False,False,True,False,True
68,7,14,8462077.319,total,,0.1084773811,2021,2025,2025,23672,False,False,False,False,True,False,False,False,False,False,True,False,True
69,7,14,9356381.87,total,,0.1122058851,2021,2025,2025,23672,False,False,False,False,True,False,False,False,False,False,True,False,True
70,7,14,10322509.19,total,,0.1484256671,2021,2025,2025,23672,False,False,False,False,True,False,False,False,False,False,False,True,True
71,7,14,11387338.34,total,,0.1519501778,2021,2025,2025,23672,False,False,False,False,True,False,False,False,False,False,False,True,True
72,9,19,117692.1433,inelastic,,-0.7817375807,2021,2025,2025,23674,False,False,False,False,False,False,True,False,False,True,False,False,True
73,9,19,126732.1019,inelastic,,-0.5232625973,2021,2025,2025,23674,False,False,False,False,False,False,True,False,False,True,False,False,True
74,9,19,140103.2377,inelastic,,-0.4965332998,2021,2025,2025,23674,False,False,False,False,False,False,True,False,False,True,False,False,True
75,9,19,155055.305,inelastic,,-0.490212314,2021,2025,2025,23674,False,False,False,False,False,False,True,False,False,True,False,False,True
76,9,19,171030.2217,inelastic,,-0.4075641165,2021,2025,2025,23674,False,False,False,False,False,False,True,False,False,True,False,False,True
77,9,19,188745.2015,inelastic,,-0.2349783911,2021,2025,2025,23674,False,False,False,False,False,False,True,False,False,True,False,False,True
78,9,19,208852.9255,inelastic,,0.002426005036,2021,2025,2025,23674,False,False,False,False,False,False,True,False,False,True,False,False,True
79,9,19,231174.9137,inelastic,,0.2106250669,2021,2025,2025,23674,False,False,False,False,False,False,True,False,False,True,False,False,True
80,9,19,255214.5375,inelastic,,0.3128394164,2021,2025,2025,23674,False,False,False,False,False,False,True,False,False,True,False,False,True
81,9,19,281635.8079,inelastic,,0.1771716131,2021,2025,2025,23674,False,False,False,False,False,False,True,False,False,True,False,False,True
82,9,19,311455.3671,inelastic,,-0.1042248182,2021,2025,2025,23674,False,False,False,False,False,False,True,False,False,True,False,False,True
83,9,19,344131.233,inelastic,,-0.002342266339,2021,2025,2025,23674,False,False,False,False,False,False,True,False,False,True,False,False,True
84,9,19,380998.0293,inelastic,,0.1918560553,2021,2025,2025,23674,False,False,False,False,False,False,True,False,False,True,False,False,True
85,9,19,421195.0179,inelastic,,0.1104764327,2021,2025,2025,23674,False,False,False,False,False,False,True,False,False,True,False,False,True
86,9,19,464767.6487,inelastic,,-0.0398023818,2021,2025,2025,23674,False,False,False,False,False,False,True,False,False,True,False,False,True
87,9,19,513504.2481,inelastic,,-0.1476332868,2021,2025,2025,23674,False,False,False,False,False,False,True,False,False,True,False,False,True
88,9,19,568079.7955,inelastic,,-0.2578631866,2021,2025,2025,23674,False,False,False,False,False,False,True,False,False,True,False,False,True
89,9,19,629176.1597,inelastic,,-0.3047180778,2021,2025,2025,23674,False,False,False,False,False,False,True,False,False,True,False,False,True
90,9,19,694528.913,inelastic,,-0.2295085556,2021,2025,2025,23674,False,False,False,False,False,False,True,False,False,True,False,False,True
91,9,19,767088.922,inelastic,,-0.09601441509,2021,2025,2025,23674,False,False,False,False,False,False,True,False,False,True,False,False,True
92,9,19,847473.9963,inelastic,,-0.1093076459,2021,2025,2025,23674,False,False,False,False,False,False,True,False,False,True,False,False,True
93,9,19,936426.7039,inelastic,,-0.1572651701,2021,2025,2025,23674,False,False,False,False,False,False,True,False,False,True,False,False,True
94,9,19,1034531.509,inelastic,,-0.1851234733,2021,2025,2025,23674,False,False,False,False,False,False,True,False,False,False,True,False,True
95,9,19,1142478.631,inelastic,,-0.05245818089,2021,2025,2025,23674,False,False,False,False,False,False,True,False,False,False,True,False,True
96,9,19,1260677.997,inelastic,,-0.1114664869,2021,2025,2025,23674,False,False,False,False,False,False,True,False,False,False,True,False,True
97,9,19,1389594.985,inelastic,,-0.2544390474,2021,2025,2025,23674,False,False,False,False,False,False,True,False,False,False,True,False,True
98,9,19,1539367.12,inelastic,,-0.03325876796,2021,2025,2025,23674,False,False,False,False,False,False,True,False,False,False,True,False,True
99,9,19,1702831.867,inelastic,,-0.2196464724,2021,2025,2025,23674,False,False,False,False,False,False,True,False,False,False,True,False,True
100,9,19,1880210.636,inelastic,,-0.1162054178,2021,2025,2025,23674,False,False,False,False,False,False,True,False,False,False,True,False,True
101,9,19,2086859.437,inelastic,,-0.0872576183,2021,2025,2025,23674,False,False,False,False,False,False,True,False,False,False,True,False,True
102,9,19,2310723.626,inelastic,,-0.06467036772,2021,2025,2025,23674,False,False,False,False,False,False,True,False,False,False,True,False,True
103,9,19,2551165.336,inelastic,,-0.06730635331,2021,2025,2025,23674,False,False,False,False,False,False,True,False,False,False,True,False,True
104,9,19,2805986.542,inelastic,,-0.121632188,2021,2025,2025,23674,False,False,False,False,False,False,True,False,False,False,True,False,True
105,9,19,3101534.93,inelastic,,-0.122905024,2021,2025,2025,23674,False,False,False,False,False,False,True,False,False,False,True,False,True
106,9,19,3445872.286,inelastic,,-0.08783121027,2021,2025,2025,23674,False,False,False,False,False,False,True,False,False,False,True,False,True
107,9,19,3811635.07,inelastic,,-0.1518398369,2021,2025,2025,23674,False,False,False,False,False,False,True,False,False,False,True,False,True
108,9,19,4192759.447,inelastic,,-0.1491045305,2021,2025,2025,23674,False,False,False,False,False,False,True,False,False,False,True,False,True
109,9,19,4635075.898,inelastic,,-0.1783240509,2021,2025,2025,23674,False,False,False,False,False,False,True,False,False,False,True,False,True
110,9,19,5150410.09,inelastic,,-0.180021987,2021,2025,2025,23674,False,False,False,False,False,False,True,False,False,False,True,False,True
111,9,19,5685010.34,inelastic,,-0.2261148629,2021,2025,2025,23674,False,False,False,False,False,False,True,False,False,False,True,False,True
112,9,19,6307703.815,inelastic,,-0.337052442,2021,2025,2025,23674,False,False,False,False,False,False,True,False,False,False,True,False,True
113,9,19,6940036.708,inelastic,,-0.3817084875,2021,2025,2025,23674,False,False,False,False,False,False,True,False,False,False,True,False,True
114,9,19,7674758.599,inelastic,,-0.4583861262,2021,2025,2025,23674,False,False,False,False,False,False,True,False,False,False,True,False,True
115,9,19,8530932.959,inelastic,,-0.5217640402,2021,2025,2025,23674,False,False,False,False,False,False,True,False,False,False,True,False,True
116,9,19,9385993.301,inelastic,,-0.622025091,2021,2025,2025,23674,False,False,False,False,False,False,True,False,False,False,True,False,True
117,9,19,10377156.98,inelastic,,-0.7219464056,2021,2025,2025,23674,False,False,False,False,False,False,True,False,False,False,False,True,True
118,9,19,11535153.04,inelastic,,-0.8490185424,2021,2025,2025,23674,False,False,False,False,False,False,True,False,False,False,False,True,True
119,9,19,12654018.56,inelastic,,-0.9770502112,2021,2025,2025,23674,False,False,False,False,False,False,True,False,False,False,False,True,True
120,9,19,13949890.29,inelastic,,-1.033229426,2021,2025,2025,23674,False,False,False,False,False,False,True,False,False,False,False,True,True
121,9,19,15451782.49,inelastic,,-1.233584178,2021,2025,2025,23674,False,False,False,False,False,False,True,False,False,False,False,True,True
122,9,19,16839333.41,inelastic,,-1.273971646,2021,2025,2025,23674,False,False,False,False,False,False,True,False,False,False,False,True,True
123,9,19,18005300,inelastic,,-1.353737467,2021,2025,2025,23674,False,False,False,False,False,False,True,False,False,False,False,True,True
124,11,23,18500000,n2n,,-1.060480747,2021,2025,2024,31859,False,True,False,False,False,False,False,False,False,False,False,True,True
125,12,24,14050000,np,,-0.7328282716,2021,2023,2023,31858,False,False,True,False,False,False,False,False,False,False,False,True,True
126,13,27,14134058.99,n2n,,-2.062195634,2021,2024,2025,32935,False,True,False,False,False,False,False,False,False,False,False,True,True
127,13,27,14854898.18,n2n,,-1.469800302,2021,2024,2025,32935,False,True,False,False,False,False,False,False,False,False,False,True,True
128,13,27,18500000,np,,-1.585026652,2021,2025,2024,31859,False,False,True,False,False,False,False,False,False,False,False,True,True
129,17,35,2849561.37,na,,-1.740645073,2021,2024,2024,14840,False,False,False,True,False,False,False,False,False,False,True,False,True
130,17,35,3098924.358,na,,-1.487360067,2021,2024,2024,14840,False,False,False,True,False,False,False,False,False,False,True,False,True
131,17,35,3448187.32,na,,-1.223898382,2021,2024,2024,14840,False,False,False,True,False,False,False,False,False,False,True,False,True
132,17,35,3798683.983,na,,-1.087060913,2021,2024,2024,14840,False,False,False,True,False,False,False,False,False,False,True,False,True
133,17,35,4198809.355,na,,-0.9098830892,2021,2024,2024,14840,False,False,False,True,False,False,False,False,False,False,True,False,True
134,17,35,4598912.915,na,,-0.8583151127,2021,2024,2024,14840,False,False,False,True,False,False,False,False,False,False,True,False,True
135,17,35,5097384.28,na,,-0.7966950839,2021,2024,2024,14840,False,False,False,True,False,False,False,False,False,False,True,False,True
136,17,35,5623610.94,na,,-0.7395469824,2021,2024,2024,14840,False,False,False,True,False,False,False,False,False,False,True,False,True
137,17,35,6198185.218,na,,-0.739225243,2021,2024,2024,14840,False,False,False,True,False,False,False,False,False,False,True,False,True
138,17,35,6945680.77,na,,-0.734663222,2021,2024,2024,14840,False,False,False,True,False,False,False,False,False,False,True,False,True
139,17,35,7698538.822,na,,-0.7275317895,2021,2024,2024,14840,False,False,False,True,False,False,False,False,False,False,True,False,True
140,17,35,8496322.734,na,,-0.7336154096,2021,2024,2024,14840,False,False,False,True,False,False,False,False,False,False,True,False,True
141,17,35,9496709.957,na,,-0.7478875992,2021,2024,2024,14840,False,False,False,True,False,False,False,False,False,False,True,False,True
142,17,35,10497023.39,na,,-0.7493238883,2021,2024,2024,14840,False,False,False,True,False,False,False,False,False,False,False,True,True
143,17,35,11497282.29,na,,-0.7349933943,2021,2024,2024,14840,False,False,False,True,False,False,False,False,False,False,False,True,True
144,17,35,12250000,na,,-0.7567138539,2021,2024,2024,14840,False,False,False,True,False,False,False,False,False,False,False,True,True
145,17,35,2025000,na,,-2.954677021,2021,2024,2024,14840,False,False,False,True,False,False,False,False,False,False,True,False,True
146,17,35,2275000,na,,-2.583359493,2021,2024,2024,14840,False,False,False,True,False,False,False,False,False,False,True,False,True
147,17,35,2525000,na,,-2.140861703,2021,2024,2024,14840,False,False,False,True,False,False,False,False,False,False,True,False,True
148,17,35,2775000,na,,-1.782252927,2021,2024,2024,14840,False,False,False,True,False,False,False,False,False,False,True,False,True
149,17,35,3025000,na,,-1.561457651,2021,2024,2024,14840,False,False,False,True,False,False,False,False,False,False,True,False,True
150,17,35,3397701.429,na,,-1.255198681,2021,2024,2024,14840,False,False,False,True,False,False,False,False,False,False,True,False,True
151,17,35,3775000,na,,-1.076496933,2021,2024,2024,14840,False,False,False,True,False,False,False,False,False,False,True,False,True
152,17,35,4148117.043,na,,-0.9024130155,2021,2024,2024,14840,False,False,False,True,False,False,False,False,False,False,True,False,True
153,17,35,4648319.589,na,,-0.7859645857,2021,2024,2024,14840,False,False,False,True,False,False,False,False,False,False,True,False,True
154,17,35,5148482.786,na,,-0.7307790185,2021,2024,2024,14840,False,False,False,True,False,False,False,False,False,False,True,False,True
155,17,35,5648617.087,na,,-0.6936822189,2021,2024,2024,14840,False,False,False,True,False,False,False,False,False,False,True,False,True
156,17,35,6271678.189,na,,-0.7066374453,2021,2024,2024,14840,False,False,False,True,False,False,False,False,False,False,True,False,True
157,17,35,7022033.148,na,,-0.7170231053,2021,2024,2024,14840,False,False,False,True,False,False,False,False,False,False,True,False,True
158,17,35,7772319.548,na,,-0.7108199702,2021,2024,2024,14840,False,False,False,True,False,False,False,False,False,False,True,False,True
159,17,35,8522555.506,na,,-0.7054676427,2021,2024,2024,14840,False,False,False,True,False,False,False,False,False,False,True,False,True
160,17,35,9395842.319,na,,-0.6910729366,2021,2024,2024,14840,False,False,False,True,False,False,False,False,False,False,True,False,True
161,17,35,10025000,na,,-0.7109687649,2021,2024,2024,14840,False,False,False,True,False,False,False,False,False,False,False,True,True
162,17,35,321930.0978,np,,-2.1837587,2021,2024,2024,14840,False,False,True,False,False,False,False,False,False,True,False,False,True
163,17,35,337475.1089,np,,-1.755139969,2021,2024,2024,14840,False,False,True,False,False,False,False,False,False,True,False,False,True
164,17,35,376968.9475,np,,-2.214966916,2021,2024,2024,14840,False,False,True,False,False,False,False,False,False,True,False,False,True
165,17,35,418042.9895,np,,-2.490430933,2021,2024,2024,14840,False,False,True,False,False,False,False,False,False,True,False,False,True
166,17,35,468103.6712,np,,-2.120808514,2021,2024,2024,14840,False,False,True,False,False,False,False,False,False,True,False,False,True
167,17,35,514126.92,np,,-1.905478961,2021,2024,2024,14840,False,False,True,False,False,False,False,False,False,True,False,False,True
168,17,35,570111.5698,np,,-2.452225295,2021,2024,2024,14840,False,False,True,False,False,False,False,False,False,True,False,False,True
169,17,35,628704.5718,np,,-1.893701719,2021,2024,2024,14840,False,False,True,False,False,False,False,False,False,True,False,False,True
170,17,35,695093.3912,np,,-1.738089808,2021,2024,2024,14840,False,False,True,False,False,False,False,False,False,True,False,False,True
171,17,35,768037.566,np,,-1.586611473,2021,2024,2024,14840,False,False,True,False,False,False,False,False,False,True,False,False,True
172,17,35,847909.9869,np,,-1.487515724,2021,2024,2024,14840,False,False,True,False,False,False,False,False,False,True,False,False,True
173,17,35,934842.8664,np,,-1.549114803,2021,2024,2024,14840,False,False,True,False,False,False,False,False,False,True,False,False,True
174,17,35,1032396.251,np,,-1.348799546,2021,2024,2024,14840,False,False,True,False,False,False,False,False,False,False,True,False,True
175,17,35,1141948.337,np,,-1.310843418,2021,2024,2024,14840,False,False,True,False,False,False,False,False,False,False,True,False,True
176,17,35,1265198.072,np,,-1.420232731,2021,2024,2024,14840,False,False,True,False,False,False,False,False,False,False,True,False,True
177,17,35,1398346.979,np,,-1.325866353,2021,2024,2024,14840,False,False,True,False,False,False,False,False,False,False,True,False,True
178,17,35,1540951.511,np,,-1.150467983,2021,2024,2024,14840,False,False,True,False,False,False,False,False,False,False,True,False,True
179,17,35,1706541.653,np,,-1.155735156,2021,2024,2024,14840,False,False,True,False,False,False,False,False,False,False,True,False,True
180,17,35,1891591.785,np,,-1.055476951,2021,2024,2024,14840,False,False,True,False,False,False,False,False,False,False,True,False,True
181,17,35,2088166.971,np,,-1.076119,2021,2024,2024,14840,False,False,True,False,False,False,False,False,False,False,True,False,True
182,17,35,2305450.115,np,,-1.149402771,2021,2024,2024,14840,False,False,True,False,False,False,False,False,False,False,True,False,True
183,17,35,2544813.04,np,,-0.9611414984,2021,2024,2024,14840,False,False,True,False,False,False,False,False,False,False,True,False,True
184,17,35,2807890.936,np,,-0.8953460011,2021,2024,2024,14840,False,False,True,False,False,False,False,False,False,False,True,False,True
185,17,35,3114031.841,np,,-0.8599670845,2021,2024,2024,14840,False,False,True,False,False,False,False,False,False,False,True,False,True
186,17,35,3451500.337,np,,-0.7860176504,2021,2024,2024,14840,False,False,True,False,False,False,False,False,False,False,True,False,True
187,17,35,3768482.928,np,,-0.8280571841,2021,2024,2024,14840,False,False,True,False,False,False,False,False,False,False,True,False,True
188,17,35,4186088.908,np,,-0.7586693922,2021,2024,2024,14840,False,False,True,False,False,False,False,False,False,False,True,False,True
189,17,35,4622894.156,np,,-0.7044329,2021,2024,2024,14840,False,False,True,False,False,False,False,False,False,False,True,False,True
190,17,35,5123099.787,np,,-0.6872938544,2021,2024,2024,14840,False,False,True,False,False,False,False,False,False,False,True,False,True
191,17,35,5684851.374,np,,-0.6862888164,2021,2024,2024,14840,False,False,True,False,False,False,False,False,False,False,True,False,True
192,17,35,6309923.371,np,,-0.7144201893,2021,2024,2024,14840,False,False,True,False,False,False,False,False,False,False,True,False,True
193,17,35,6873583.742,np,,-0.7142402175,2021,2024,2024,14840,False,False,True,False,False,False,False,False,False,False,True,False,True
194,22,46,14050000,np,,-0.5670307091,2021,2023,2023,31858,False,False,True,False,False,False,False,False,False,False,False,True,True
195,22,48,14050000,np,,-1.208309351,2021,2023,2023,31858,False,False,True,False,False,False,False,False,False,False,False,True,True
196,22,48,14000000,np,,-1.194499142,2021,2023,2024,32893,False,False,True,False,False,False,False,False,False,False,False,True,True
197,22,50,14000000,na,,-2.060480747,2021,2023,2024,32893,False,False,False,True,False,False,False,False,False,False,False,True,True
198,23,51,14050000,na,,-1.823908741,2021,2023,2023,31858,False,False,False,True,False,False,False,False,False,False,False,True,True
199,24,52,5360000,inelastic,,0.1319873694,2021,2025,2025,32930,False,False,False,False,False,False,True,False,False,False,True,False,True
200,24,52,5990000,inelastic,,0.1625255752,2021,2025,2025,32930,False,False,False,False,False,False,True,False,False,False,True,False,True
201,24,52,7690000,inelastic,,0.1093118818,2021,2025,2025,32930,False,False,False,False,False,False,True,False,False,False,True,False,True
202,25,55,14050000,n2n,,-0.1636758843,2021,2023,2023,31858,False,True,False,False,False,False,False,False,False,False,False,True,True
203,26,54,2114190.495,elastic,,0.4272967267,2021,2024,2024,23661,False,False,False,False,False,True,False,False,False,False,True,False,True
204,26,54,2296599.909,elastic,,0.413150115,2021,2024,2024,23661,False,False,False,False,False,True,False,False,False,False,True,False,True
205,26,54,2544033.905,elastic,,0.4385825087,2021,2024,2024,23661,False,False,False,False,False,True,False,False,False,False,True,False,True
206,26,54,2821636.898,elastic,,0.3938690203,2021,2024,2024,23661,False,False,False,False,False,True,False,False,False,False,True,False,True
207,26,54,3119278.863,elastic,,0.3981184276,2021,2024,2024,23661,False,False,False,False,False,True,False,False,False,False,True,False,True
208,26,54,3434265.956,elastic,,0.3491725846,2021,2024,2024,23661,False,False,False,False,False,True,False,False,False,False,True,False,True
209,26,54,3781010.239,elastic,,0.3553633879,2021,2024,2024,23661,False,False,False,False,False,True,False,False,False,False,True,False,True
210,26,54,4183203.67,elastic,,0.3391452403,2021,2024,2024,23661,False,False,False,False,False,True,False,False,False,False,True,False,True
211,26,54,4627751.971,elastic,,0.3518907458,2021,2024,2024,23661,False,False,False,False,False,True,False,False,False,False,True,False,True
212,26,54,5118084.69,elastic,,0.3256684286,2021,2024,2024,23661,False,False,False,False,False,True,False,False,False,False,True,False,True
213,26,54,5656379.506,elastic,,0.3080706165,2021,2024,2024,23661,False,False,False,False,False,True,False,False,False,False,True,False,True
214,26,54,6245109.261,elastic,,0.2840809013,2021,2024,2024,23661,False,False,False,False,False,True,False,False,False,False,True,False,True
215,26,54,6931143.443,elastic,,0.2741953864,2021,2024,2024,23661,False,False,False,False,False,True,False,False,False,False,True,False,True
216,26,54,7628122.852,elastic,,0.2685428712,2021,2024,2024,23661,False,False,False,False,False,True,False,False,False,False,True,False,True
217,26,54,14510000,n2n,,-2.26760624,2021,2022,2025,32882,False,True,False,False,False,False,False,False,False,False,False,True,True
218,26,54,14749783.05,n2n,,-2.063989204,2021,2022,2025,32882,False,True,False,False,False,False,False,False,False,False,False,True,True
219,26,56,2595719.429,elastic,,0.4304244586,2021,2025,2025,23673,False,False,False,False,False,True,False,False,False,False,True,False,True
220,26,56,2797812.367,elastic,,0.3899571385,2021,2025,2025,23673,False,False,False,False,False,True,False,False,False,False,True,False,True
221,26,56,3105522.457,elastic,,0.3764005271,2021,2025,2025,23673,False,False,False,False,False,True,False,False,False,False,True,False,True
222,26,56,3434278.9,elastic,,0.3448675758,2021,2025,2025,23673,False,False,False,False,False,True,False,False,False,False,True,False,True
223,26,56,3781060.557,elastic,,0.3573248827,2021,2025,2025,23673,False,False,False,False,False,True,False,False,False,False,True,False,True
224,26,56,4183259.819,elastic,,0.3677508934,2021,2025,2025,23673,False,False,False,False,False,True,False,False,False,False,True,False,True
225,26,56,4653430.898,elastic,,0.3672813576,2021,2025,2025,23673,False,False,False,False,False,True,False,False,False,False,True,False,True
226,26,56,5147506.824,elastic,,0.3570482104,2021,2025,2025,23673,False,False,False,False,False,True,False,False,False,False,True,False,True
227,26,56,5656600.842,elastic,,0.3431426178,2021,2025,2025,23673,False,False,False,False,False,True,False,False,False,False,True,False,True
228,26,56,6245409.148,elastic,,0.3306065248,2021,2025,2025,23673,False,False,False,False,False,True,False,False,False,False,True,False,True
229,26,56,6931548.123,elastic,,0.3210648132,2021,2025,2025,23673,False,False,False,False,False,True,False,False,False,False,True,False,True
230,26,56,7628660.965,elastic,,0.3035416269,2021,2025,2025,23673,False,False,False,False,False,True,False,False,False,False,True,False,True
231,26,56,14050000,np,,-0.9507819773,2021,2023,2023,31858,False,False,True,False,False,False,False,False,False,False,False,True,True
232,27,59,14050000,n2n,,-0.1726307269,2021,2023,2023,31858,False,True,False,False,False,False,False,False,False,False,False,True,True
233,27,59,14050000,na,,-1.522878745,2021,2023,2023,31858,False,False,False,True,False,False,False,False,False,False,False,True,True
234,27,59,18500000,na,,-1.772113295,2021,2025,2024,31859,False,False,False,True,False,False,False,False,False,False,False,True,True
235,27,59,14050000,np,,-1.278189385,2021,2023,2023,31858,False,False,True,False,False,False,False,False,False,False,False,True,True
236,27,59,17600000,np,,-1.522878745,2021,2025,2024,31859,False,False,True,False,False,False,False,False,False,False,False,True,True
237,27,59,18500000,np,,-1.48148606,2021,2025,2024,31859,False,False,True,False,False,False,False,False,False,False,False,True,True
238,28,58,14050000,np,,-0.440093375,2021,2023,2023,31858,False,False,True,False,False,False,False,False,False,False,False,True,True
239,28,58,1660000,np,,-1.718512112,2021,2024,2024,33203,False,False,True,False,False,False,False,False,False,False,True,False,True
240,28,58,2060000,np,,-1.233884717,2021,2024,2024,33203,False,False,True,False,False,False,False,False,False,False,True,False,True
241,28,58,2660000,np,,-0.7762964365,2021,2024,2024,33203,False,False,True,False,False,False,False,False,False,False,True,False,True
242,28,58,1060000,np,,-2.540607512,2021,2024,2025,33212,False,False,True,False,False,False,False,False,False,False,True,False,True
243,28,58,1860000,np,,-1.231657941,2021,2024,2025,33212,False,False,True,False,False,False,False,False,False,False,True,False,True
244,28,58,2850000,np,,-0.8819668712,2021,2024,2025,33212,False,False,True,False,False,False,False,False,False,False,True,False,True
245,28,59,1400000,na,,-2.167491087,2021,2022,2022,14787,False,False,False,True,False,False,False,False,False,False,True,False,True
246,28,59,2000000,na,,-1.987162775,2021,2022,2022,14787,False,False,False,True,False,False,False,False,False,False,True,False,True
247,28,59,2600000,na,,-1.821023053,2021,2022,2022,14787,False,False,False,True,False,False,False,False,False,False,True,False,True
248,28,59,3200000,na,,-1.522878745,2021,2022,2022,14787,False,False,False,True,False,False,False,False,False,False,True,False,True
249,28,59,3800000,na,,-1.480172006,2021,2022,2022,14787,False,False,False,True,False,False,False,False,False,False,True,False,True
250,28,59,4400000,na,,-1.472370099,2021,2022,2022,14787,False,False,False,True,False,False,False,False,False,False,True,False,True
251,28,59,5000000,na,,-1.326979093,2021,2022,2022,14787,False,False,False,True,False,False,False,False,False,False,True,False,True
252,28,59,5600000,na,,-1.287350298,2021,2022,2022,14787,False,False,False,True,False,False,False,False,False,False,True,False,True
253,28,59,6200000,na,,-1.319664487,2021,2022,2022,14787,False,False,False,True,False,False,False,False,False,False,True,False,True
254,28,59,7000000,na,,-1.253365801,2021,2022,2022,14787,False,False,False,True,False,False,False,False,False,False,True,False,True
255,28,59,8000000,na,,-1.252588192,2021,2022,2022,14787,False,False,False,True,False,False,False,False,False,False,True,False,True
256,28,59,9000000,na,,-1.196542884,2021,2022,2022,14787,False,False,False,True,False,False,False,False,False,False,True,False,True
257,28,59,10000000,na,,-1.217527376,2021,2022,2022,14787,False,False,False,True,False,False,False,False,False,False,False,True,True
258,28,59,650000,np,,-1.777283529,2021,2022,2022,14787,False,False,True,False,False,False,False,False,False,True,False,False,True
259,28,59,950000,np,,-1.630784143,2021,2022,2022,14787,False,False,True,False,False,False,False,False,False,True,False,False,True
260,28,59,1250000,np,,-1.458420756,2021,2022,2022,14787,False,False,True,False,False,False,False,False,False,False,True,False,True
261,28,59,1550000,np,,-1.510041521,2021,2022,2022,14787,False,False,True,False,False,False,False,False,False,False,True,False,True
262,28,59,1850000,np,,-1.438898616,2021,2022,2022,14787,False,False,True,False,False,False,False,False,False,False,True,False,True
263,28,59,2150000,np,,-1.338187314,2021,2022,2022,14787,False,False,True,False,False,False,False,False,False,False,True,False,True
264,28,59,2450000,np,,-1.235077015,2021,2022,2022,14787,False,False,True,False,False,False,False,False,False,False,True,False,True
265,28,59,2750000,np,,-1.124938737,2021,2022,2022,14787,False,False,True,False,False,False,False,False,False,False,True,False,True
266,28,59,3050000,np,,-0.998699067,2021,2022,2022,14787,False,False,True,False,False,False,False,False,False,False,True,False,True
267,28,59,3350000,np,,-1.009217308,2021,2022,2022,14787,False,False,True,False,False,False,False,False,False,False,True,False,True
268,28,59,3797038.32,np,,-0.9471137647,2021,2022,2022,14787,False,False,True,False,False,False,False,False,False,False,True,False,True
269,28,59,4250000,np,,-0.8613815661,2021,2022,2022,14787,False,False,True,False,False,False,False,False,False,False,True,False,True
270,28,59,4697605.773,np,,-0.8365404482,2021,2022,2022,14787,False,False,True,False,False,False,False,False,False,False,True,False,True
271,28,59,5150000,np,,-0.8728952016,2021,2022,2022,14787,False,False,True,False,False,False,False,False,False,False,True,False,True
272,28,59,5597990.711,np,,-0.7887459324,2021,2022,2022,14787,False,False,True,False,False,False,False,False,False,False,True,False,True
273,28,59,6198185.218,np,,-0.7360090673,2021,2022,2022,14787,False,False,True,False,False,False,False,False,False,False,True,False,True
274,28,59,7000000,np,,-0.7734000948,2021,2022,2022,14787,False,False,True,False,False,False,False,False,False,False,True,False,True
275,28,59,8000000,np,,-0.7644715531,2021,2022,2022,14787,False,False,True,False,False,False,False,False,False,False,True,False,True
276,28,59,9000000,np,,-0.71828503,2021,2022,2022,14787,False,False,True,False,False,False,False,False,False,False,True,False,True
277,28,59,10000000,np,,-0.7265357274,2021,2022,2022,14787,False,False,True,False,False,False,False,False,False,False,False,True,True
278,29,63,5000000,na,,-2.835647144,2021,2023,2024,32903,False,False,False,True,False,False,False,False,False,False,True,False,True
279,29,63,5500000,na,,-2.498940738,2021,2023,2024,32903,False,False,False,True,False,False,False,False,False,False,True,False,True
280,29,63,8500000,na,,-1.695294102,2021,2023,2024,32903,False,False,False,True,False,False,False,False,False,False,True,False,True
281,29,63,9500000,na,,-1.574139855,2021,2023,2024,32903,False,False,False,True,False,False,False,False,False,False,True,False,True
282,29,63,10500000,na,,-1.491470281,2021,2023,2024,32903,False,False,False,True,False,False,False,False,False,False,False,True,True
283,29,63,8500000,na,,-1.648203693,2021,2023,2024,32903,False,False,False,True,False,False,False,False,False,False,True,False,True
284,29,63,10500000,na,,-1.474825572,2021,2023,2024,32903,False,False,False,True,False,False,False,False,False,False,False,True,True
285,29,65,14500000,np,,-1.653647026,2021,2022,2024,32872,False,False,True,False,False,False,False,False,False,False,False,True,True
286,29,65,14700000,np,,-1.668370282,2021,2022,2024,32872,False,False,True,False,False,False,False,False,False,False,False,True,True
287,30,64,14770000,n2n,,-0.8102851577,2021,2023,2024,33196,False,True,False,False,False,False,False,False,False,False,False,True,True
288,30,64,14000000,np,,-0.7444862872,2021,2023,2024,32884,False,False,True,False,False,False,False,False,False,False,False,True,True
289,30,66,14000000,n2n,,-0.1833610551,2021,2023,2024,32884,False,True,False,False,False,False,False,False,False,False,False,True,True
290,30,66,14770000,n2n,,-0.1405554619,2021,2023,2024,33196,False,True,False,False,False,False,False,False,False,False,False,True,True
291,30,66,14770000,np,,-1.229516191,2021,2023,2024,33196,False,False,True,False,False,False,False,False,False,False,False,True,True
292,30,67,14770000,np,,-1.294563953,2021,2023,2024,33196,False,False,True,False,False,False,False,False,False,False,False,True,True
293,30,68,6350000,na,,-2.939551478,2021,2025,2026,14862,False,False,False,True,False,False,False,False,False,False,True,False,True
294,30,68,6850000,na,,-2.795711761,2021,2025,2026,14862,False,False,False,True,False,False,False,False,False,False,True,False,True
295,30,68,7595887.045,na,,-2.539878269,2021,2025,2026,14862,False,False,False,True,False,False,False,False,False,False,True,False,True
296,30,68,8596365.511,na,,-2.369882446,2021,2025,2026,14862,False,False,False,True,False,False,False,False,False,False,True,False,True
297,30,68,9350000,na,,-2.306882722,2021,2025,2026,14862,False,False,False,True,False,False,False,False,False,False,True,False,True
298,30,68,10341942.2,na,,-2.234342371,2021,2025,2026,14862,False,False,False,True,False,False,False,False,False,False,False,True,True
299,30,68,11597305.72,na,,-2.056699674,2021,2025,2026,14862,False,False,False,True,False,False,False,False,False,False,False,True,True
300,30,68,12597519.6,na,,-1.971224457,2021,2025,2026,14862,False,False,False,True,False,False,False,False,False,False,False,True,True
301,30,68,14770000,na,,-2.010550182,2021,2023,2024,33196,False,False,False,True,False,False,False,False,False,False,False,True,True
302,30,68,6850000,np,,-2.938852992,2021,2025,2026,14862,False,False,True,False,False,False,False,False,False,False,True,False,True
303,30,68,7595887.045,np,,-2.440924474,2021,2025,2026,14862,False,False,True,False,False,False,False,False,False,False,True,False,True
304,30,68,8596365.511,np,,-2.166707829,2021,2025,2026,14862,False,False,True,False,False,False,False,False,False,False,True,False,True
305,30,68,9350000,np,,-1.989551628,2021,2025,2026,14862,False,False,True,False,False,False,False,False,False,False,True,False,True
306,30,68,10341942.2,np,,-1.883058142,2021,2025,2026,14862,False,False,True,False,False,False,False,False,False,False,False,True,True
307,30,68,11597305.72,np,,-1.671976338,2021,2025,2026,14862,False,False,True,False,False,False,False,False,False,False,False,True,True
308,30,68,12350000,np,,-1.834307659,2021,2025,2026,14862,False,False,True,False,False,False,False,False,False,False,False,True,True
309,31,71,2150000,capture,,-2.039053804,2021,2023,2023,33193,True,False,False,False,False,False,False,False,False,False,True,False,True
310,31,71,3190000,capture,,-2.241088108,2021,2023,2023,33193,True,False,False,False,False,False,False,False,False,False,True,False,True
311,32,70,124567,capture,,-1.371070837,2021,2022,2022,14791,True,False,False,False,False,False,False,False,False,True,False,False,True
312,32,70,141059.8301,capture,,-1.216819895,2021,2022,2022,14791,True,False,False,False,False,False,False,False,False,True,False,False,True
313,32,70,159736,capture,,-1.352398959,2021,2022,2022,14791,True,False,False,False,False,False,False,False,False,True,False,False,True
314,32,70,173541,capture,,-1.344567651,2021,2022,2022,14791,True,False,False,False,False,False,False,False,False,True,False,False,True
315,32,70,188540,capture,,-1.364949759,2021,2022,2022,14791,True,False,False,False,False,False,False,False,False,True,False,False,True
316,32,70,204834,capture,,-1.344148256,2021,2022,2022,14791,True,False,False,False,False,False,False,False,False,True,False,False,True
317,32,70,231954.2422,capture,,-1.377373127,2021,2022,2022,14791,True,False,False,False,False,False,False,False,False,True,False,False,True
318,32,70,262665,capture,,-1.398144175,2021,2022,2022,14791,True,False,False,False,False,False,False,False,False,True,False,False,True
319,32,70,285366,capture,,-1.405973384,2021,2022,2022,14791,True,False,False,False,False,False,False,False,False,True,False,False,True
320,32,70,310029,capture,,-1.408020997,2021,2022,2022,14791,True,False,False,False,False,False,False,False,False,True,False,False,True
321,32,70,336824,capture,,-1.416659508,2021,2022,2022,14791,True,False,False,False,False,False,False,False,False,True,False,False,True
322,32,70,381419.3506,capture,,-1.404256389,2021,2022,2022,14791,True,False,False,False,False,False,False,False,False,True,False,False,True
323,32,70,431920,capture,,-1.403329245,2021,2022,2022,14791,True,False,False,False,False,False,False,False,False,True,False,False,True
324,32,70,469249,capture,,-1.37271302,2021,2022,2022,14791,True,False,False,False,False,False,False,False,False,True,False,False,True
325,32,70,509804,capture,,-1.400187861,2021,2022,2022,14791,True,False,False,False,False,False,False,False,False,True,False,False,True
326,32,70,553864,capture,,-1.409795925,2021,2022,2022,14791,True,False,False,False,False,False,False,False,False,True,False,False,True
327,32,70,627195.721,capture,,-1.435193138,2021,2022,2022,14791,True,False,False,False,False,False,False,False,False,True,False,False,True
328,32,70,710236,capture,,-1.423405289,2021,2022,2022,14791,True,False,False,False,False,False,False,False,False,True,False,False,True
329,32,70,771619,capture,,-1.388432811,2021,2022,2022,14791,True,False,False,False,False,False,False,False,False,True,False,False,True
330,32,70,838307,capture,,-1.373057377,2021,2022,2022,14791,True,False,False,False,False,False,False,False,False,True,False,False,True
331,32,70,910758,capture,,-1.416720725,2021,2022,2022,14791,True,False,False,False,False,False,False,False,False,True,False,False,True
332,32,72,159736,capture,,-1.559473454,2021,2022,2022,14791,True,False,False,False,False,False,False,False,False,True,False,False,True
333,32,72,173541,capture,,-1.542003114,2021,2022,2022,14791,True,False,False,False,False,False,False,False,False,True,False,False,True
334,32,72,188540,capture,,-1.504047922,2021,2022,2022,14791,True,False,False,False,False,False,False,False,False,True,False,False,True
335,32,72,204834,capture,,-1.496729693,2021,2022,2022,14791,True,False,False,False,False,False,False,False,False,True,False,False,True
336,32,72,231954.2422,capture,,-1.548119963,2021,2022,2022,14791,True,False,False,False,False,False,False,False,False,True,False,False,True
337,32,72,262665,capture,,-1.575131425,2021,2022,2022,14791,True,False,False,False,False,False,False,False,False,True,False,False,True
338,32,72,285366,capture,,-1.586847821,2021,2022,2022,14791,True,False,False,False,False,False,False,False,False,True,False,False,True
339,32,72,310029,capture,,-1.602059991,2021,2022,2022,14791,True,False,False,False,False,False,False,False,False,True,False,False,True
340,32,72,336824,capture,,-1.584642638,2021,2022,2022,14791,True,False,False,False,False,False,False,False,False,True,False,False,True
341,32,72,381419.3506,capture,,-1.567335303,2021,2022,2022,14791,True,False,False,False,False,False,False,False,False,True,False,False,True
342,32,72,431920,capture,,-1.568369307,2021,2022,2022,14791,True,False,False,False,False,False,False,False,False,True,False,False,True
343,32,72,469249,capture,,-1.580637477,2021,2022,2022,14791,True,False,False,False,False,False,False,False,False,True,False,False,True
344,32,72,509804,capture,,-1.553744066,2021,2022,2022,14791,True,False,False,False,False,False,False,False,False,True,False,False,True
345,32,72,553864,capture,,-1.576437944,2021,2022,2022,14791,True,False,False,False,False,False,False,False,False,True,False,False,True
346,32,72,627195.721,capture,,-1.579639869,2021,2022,2022,14791,True,False,False,False,False,False,False,False,False,True,False,False,True
347,32,72,710236,capture,,-1.59003815,2021,2022,2022,14791,True,False,False,False,False,False,False,False,False,True,False,False,True
348,32,72,771619,capture,,-1.641324817,2021,2022,2022,14791,True,False,False,False,False,False,False,False,False,True,False,False,True
349,32,72,838307,capture,,-1.722088375,2021,2022,2022,14791,True,False,False,False,False,False,False,False,False,True,False,False,True
350,32,72,910758,capture,,-1.82716364,2021,2022,2022,14791,True,False,False,False,False,False,False,False,False,True,False,False,True
351,32,72,17900000,np,,-1.458420756,2021,2024,2024,23907,False,False,True,False,False,False,False,False,False,False,False,True,True
352,32,72,17900000,np,,-1.552841969,2021,2024,2024,23907,False,False,True,False,False,False,False,False,False,False,False,True,True
353,32,76,17900000,n2n,,0.08278537032,2021,2024,2024,23907,False,True,False,False,False,False,False,False,False,False,False,True,True
354,32,76,17900000,n2n,,0.06069784035,2021,2024,2024,23907,False,True,False,False,False,False,False,False,False,False,False,True,True
355,33,75,14100000,n2n,,-0.01322826573,2021,2026,2026,14866,False,True,False,False,False,False,False,False,False,False,False,True,True
356,33,75,14100000,n2n,,-0.01682492796,2021,2026,2026,14866,False,True,False,False,False,False,False,False,False,False,False,True,True
357,33,75,14100000,n2n,,-0.03763066433,2021,2026,2026,14866,False,True,False,False,False,False,False,False,False,False,False,True,True
358,34,76,14770000,n2n,,-0.0657086455,2021,2023,2023,33192,False,True,False,False,False,False,False,False,False,False,False,True,True
359,34,76,14770000,np,,-1.330497166,2021,2023,2023,33192,False,False,True,False,False,False,False,False,False,False,False,True,True
360,34,77,20997.53359,capture,,-0.1882430709,2021,2023,2023,23655,True,False,False,False,False,False,False,False,True,False,False,False,False
361,34,77,23008.90611,capture,,-0.1800085112,2021,2023,2023,23655,True,False,False,False,False,False,False,False,True,False,False,False,False
362,34,77,25501.97476,capture,,-0.2188677284,2021,2023,2023,23655,True,False,False,False,False,False,False,False,True,False,False,False,False
363,34,77,28264.15258,capture,,-0.3014312519,2021,2023,2023,23655,True,False,False,False,False,False,False,False,True,False,False,False,False
364,34,77,31324.17845,capture,,-0.2329893685,2021,2023,2023,23655,True,False,False,False,False,False,False,False,True,False,False,False,False
365,34,77,34714.04191,capture,,-0.2356052804,2021,2023,2023,23655,True,False,False,False,False,False,False,False,True,False,False,False,False
366,34,77,38032.57035,capture,,-0.3300433088,2021,2023,2023,23655,True,False,False,False,False,False,False,False,True,False,False,False,False
367,34,77,42144.6901,capture,,-0.3552082098,2021,2023,2023,23655,True,False,False,False,False,False,False,False,True,False,False,False,False
368,34,77,46699.15336,capture,,-0.3327911145,2021,2023,2023,23655,True,False,False,False,False,False,False,False,True,False,False,False,False
369,34,77,51742.97105,capture,,-0.3540749476,2021,2023,2023,23655,True,False,False,False,False,False,False,False,True,False,False,False,False
370,34,77,57328.59037,capture,,-0.4037991727,2021,2023,2023,23655,True,False,False,False,False,False,False,False,True,False,False,False,False
371,34,77,62794.68958,capture,,-0.4348067714,2021,2023,2023,23655,True,False,False,False,False,False,False,False,True,False,False,False,False
372,34,77,69565.37641,capture,,-0.4635892932,2021,2023,2023,23655,True,False,False,False,False,False,False,False,True,False,False,False,False
373,34,77,77061.4065,capture,,-0.4801713502,2021,2023,2023,23655,True,False,False,False,False,False,False,False,True,False,False,False,False
374,34,77,84395.24372,capture,,-0.4887280882,2021,2023,2023,23655,True,False,False,False,False,False,False,False,True,False,False,False,False
375,34,77,93476.98591,capture,,-0.5392954538,2021,2023,2023,23655,True,False,False,False,False,False,False,False,True,False,False,False,False
376,34,77,103528.6979,capture,,-0.516449074,2021,2023,2023,23655,True,False,False,False,False,False,False,False,False,True,False,False,True
377,34,77,114652.4739,capture,,-0.5005584456,2021,2023,2023,23655,True,False,False,False,False,False,False,False,False,True,False,False,True
378,34,77,126961.0284,capture,,-0.5419997098,2021,2023,2023,23655,True,False,False,False,False,False,False,False,False,True,False,False,True
379,34,77,140578.9795,capture,,-0.5757091443,2021,2023,2023,23655,True,False,False,False,False,False,False,False,False,True,False,False,True
380,34,77,155644.2528,capture,,-0.579168702,2021,2023,2023,23655,True,False,False,False,False,False,False,False,False,True,False,False,True
381,34,77,170372.133,capture,,-0.6092030594,2021,2023,2023,23655,True,False,False,False,False,False,False,False,False,True,False,False,True
382,34,77,188595.3065,capture,,-0.6238330791,2021,2023,2023,23655,True,False,False,False,False,False,False,False,False,True,False,False,True
383,34,78,155697.2066,capture,,-1.30980392,2021,2024,2024,23666,True,False,False,False,False,False,False,False,False,True,False,False,True
384,34,78,170429.4973,capture,,-1.375305469,2021,2024,2024,23666,True,False,False,False,False,False,False,False,False,True,False,False,True
385,34,78,188659.601,capture,,-1.317629257,2021,2024,2024,23666,True,False,False,False,False,False,False,False,False,True,False,False,True
386,34,78,208817.5564,capture,,-1.36552273,2021,2024,2024,23666,True,False,False,False,False,False,False,False,False,True,False,False,True
387,34,78,231105.4368,capture,,-1.362760512,2021,2024,2024,23666,True,False,False,False,False,False,False,False,False,True,False,False,True
388,34,78,255742.2934,capture,,-1.38341947,2021,2024,2024,23666,True,False,False,False,False,False,False,False,False,True,False,False,True
389,34,78,282973.3532,capture,,-1.398483216,2021,2024,2024,23666,True,False,False,False,False,False,False,False,False,True,False,False,True
390,34,78,313063.6643,capture,,-1.42365865,2021,2024,2024,23666,True,False,False,False,False,False,False,False,False,True,False,False,True
391,34,78,346310.3342,capture,,-1.417652506,2021,2024,2024,23666,True,False,False,False,False,False,False,False,False,True,False,False,True
392,34,78,378771.6205,capture,,-1.411448194,2021,2024,2024,23666,True,False,False,False,False,False,False,False,False,True,False,False,True
393,34,78,418884.0158,capture,,-1.415216621,2021,2024,2024,23666,True,False,False,False,False,False,False,False,False,True,False,False,True
394,34,78,463177.9872,capture,,-1.453148998,2021,2024,2024,23666,True,False,False,False,False,False,False,False,False,True,False,False,True
395,34,78,512072.972,capture,,-1.416121402,2021,2024,2024,23666,True,False,False,False,False,False,False,False,False,True,False,False,True
396,34,78,566040.4396,capture,,-1.424235019,2021,2024,2024,23666,True,False,False,False,False,False,False,False,False,True,False,False,True
397,34,78,598401.344,capture,,-1.413412695,2021,2024,2024,23666,True,False,False,False,False,False,False,False,False,True,False,False,True
398,34,78,14770000,np,,-1.71828503,2021,2023,2023,33192,False,False,True,False,False,False,False,False,False,False,False,True,True
399,35,79,13994964.18,n2n,,0.06082370457,2021,2023,2024,32900,False,True,False,False,False,False,False,False,False,False,False,True,True
400,35,79,14800000,n2n,,0.09691001301,2021,2023,2024,32900,False,True,False,False,False,False,False,False,False,False,False,True,True
401,35,79,13994964.18,na,,-1.924453039,2021,2023,2024,32900,False,False,False,True,False,False,False,False,False,False,False,True,True
402,35,79,14800000,na,,-1.869666232,2021,2023,2024,32900,False,False,False,True,False,False,False,False,False,False,False,True,True
403,35,81,13994964.18,n2n,,0.05050864615,2021,2023,2024,32898,False,True,False,False,False,False,False,False,False,False,False,True,True
404,35,81,14800000,n2n,,0.08635983067,2021,2023,2024,32898,False,True,False,False,False,False,False,False,False,False,False,True,True
405,35,81,13994964.18,na,,-2.346787486,2021,2023,2024,32900,False,False,False,True,False,False,False,False,False,False,False,True,True
406,35,81,14800000,na,,-2.244125144,2021,2023,2024,32900,False,False,False,True,False,False,False,False,False,False,False,True,True
407,36,78,14800000,n2n,,-0.3331701383,2021,2022,2025,32875,False,True,False,False,False,False,False,False,False,False,False,True,True
408,36,78,13834047.09,n2n,,-0.7919888511,2021,2023,2024,32892,False,True,False,False,False,False,False,False,False,False,False,True,True
409,36,78,14849915.82,n2n,,-0.5222277917,2021,2023,2024,32892,False,True,False,False,False,False,False,False,False,False,False,True,True
410,38,84,14770000,n2n,,-0.1836261112,2021,2022,2022,33180,False,True,False,False,False,False,False,False,False,False,False,True,True
411,38,88,14770000,np,,-1.829738285,2021,2022,2022,33180,False,False,True,False,False,False,False,False,False,False,False,True,True
412,39,89,14050000,n2n,,-0.09963287134,2021,2023,2023,31858,False,True,False,False,False,False,False,False,False,False,False,True,True
413,39,89,17600000,n2n,,0.008600171762,2021,2025,2024,31859,False,True,False,False,False,False,False,False,False,False,False,True,True
414,39,89,18500000,n2n,,0.03742649794,2021,2025,2024,31859,False,True,False,False,False,False,False,False,False,False,False,True,True
415,39,89,14770000,n2n,,-0.02692759179,2021,2023,2024,33196,False,True,False,False,False,False,False,False,False,False,False,True,True
416,40,90,14050000,n2n,,-0.1817741064,2021,2023,2023,31858,False,True,False,False,False,False,False,False,False,False,False,True,True
417,40,91,65670,capture,,-1.42945706,2021,2024,2024,32922,True,False,False,False,False,False,False,False,True,False,False,False,False
418,40,91,101160,capture,,-1.721246399,2021,2024,2024,32922,True,False,False,False,False,False,False,False,False,True,False,False,True
419,40,91,176720,capture,,-1.696803943,2021,2024,2024,32922,True,False,False,False,False,False,False,False,False,True,False,False,True
420,41,93,14050000,n2n,,-0.3316140833,2021,2023,2023,31858,False,True,False,False,False,False,False,False,False,False,False,True,True
421,42,96,14770000,np,,-1.633017024,2021,2023,2024,33196,False,False,True,False,False,False,False,False,False,False,False,True,True
422,42,97,14770000,np,,-1.850165303,2021,2023,2024,33196,False,False,True,False,False,False,False,False,False,False,False,True,True
423,42,98,1670000,capture,,-1.964666338,2021,2023,2024,33197,True,False,False,False,False,False,False,False,False,False,True,False,True
424,42,98,2060000,capture,,-1.912190198,2021,2023,2024,33197,True,False,False,False,False,False,False,False,False,False,True,False,True
425,42,98,2660000,capture,,-2.0839147,2021,2023,2024,33197,True,False,False,False,False,False,False,False,False,False,True,False,True
426,42,100,14770000,n2n,,0.1938172465,2021,2023,2024,33196,False,True,False,False,False,False,False,False,False,False,False,True,True
427,45,103,16860000,n2n,,0.1707749359,2021,2023,2023,33195,False,True,False,False,False,False,False,False,False,False,False,True,True
428,45,103,19890000,n2n,,0.01513752088,2021,2023,2023,33195,False,True,False,False,False,False,False,False,False,False,False,True,True
429,46,102,14770000,n2n,,-0.02273378757,2021,2024,2026,33224,False,True,False,False,False,False,False,False,False,False,False,True,True
430,46,105,14770000,np,,-1.337242168,2021,2024,2026,33224,False,False,True,False,False,False,False,False,False,False,False,True,True
431,47,107,2889.57208,capture,,0.334834346,2021,2022,2024,32913,True,False,False,False,False,False,False,True,False,False,False,False,False
432,47,107,3136.933431,capture,,0.1905657138,2021,2022,2024,32913,True,False,False,False,False,False,False,True,False,False,False,False,False
433,47,107,3465.108732,capture,,0.1090097651,2021,2022,2024,32913,True,False,False,False,False,False,False,True,False,False,False,False,False
434,47,107,3827.514698,capture,,0.2607207682,2021,2022,2024,32913,True,False,False,False,False,False,False,True,False,False,False,False,False
435,47,107,4233.181287,capture,,0.174685145,2021,2022,2024,32913,True,False,False,False,False,False,False,True,False,False,False,False,False
436,47,107,4677.353567,capture,,0.2941578584,2021,2022,2024,32913,True,False,False,False,False,False,False,True,False,False,False,False,False
437,47,107,5168.131238,capture,,0.2112397617,2021,2022,2024,32913,True,False,False,False,False,False,False,True,False,False,False,False,False
438,47,107,5710.404418,capture,,0.1896218983,2021,2022,2024,32913,True,False,False,False,False,False,False,True,False,False,False,False,False
439,47,107,6309.576344,capture,,0.2179632764,2021,2022,2024,32913,True,False,False,False,False,False,False,True,False,False,False,False,False
440,47,107,6971.617215,capture,,0.09798147774,2021,2022,2024,32913,True,False,False,False,False,False,False,True,False,False,False,False,False
441,47,107,7703.123598,capture,,0.1634847039,2021,2022,2024,32913,True,False,False,False,False,False,False,True,False,False,False,False,False
442,47,107,8511.384302,capture,,0.1963882035,2021,2022,2024,32913,True,False,False,False,False,False,False,True,False,False,False,False,False
443,47,107,9413.479901,capture,,0.1769175713,2021,2022,2024,32913,True,False,False,False,False,False,False,True,False,False,False,False,False
444,47,107,10411.18587,capture,,0.1210711806,2021,2022,2024,32913,True,False,False,False,False,False,False,False,True,False,False,False,False
445,47,107,11503.59368,capture,,0.09318415247,2021,2022,2024,32913,True,False,False,False,False,False,False,False,True,False,False,False,False
446,47,107,12710.62385,capture,,0.1090420446,2021,2022,2024,32913,True,False,False,False,False,False,False,False,True,False,False,False,False
447,47,107,14044.3033,capture,,0.09261294146,2021,2022,2024,32913,True,False,False,False,False,False,False,False,True,False,False,False,False
448,47,107,15517.92088,capture,,0.08610694345,2021,2022,2024,32913,True,False,False,False,False,False,False,False,True,False,False,False,False
449,47,107,17146.15978,capture,,0.1029812027,2021,2022,2024,32913,True,False,False,False,False,False,False,False,True,False,False,False,False
450,47,107,18945.24387,capture,,0.08072331281,2021,2022,2024,32913,True,False,False,False,False,False,False,False,True,False,False,False,False
451,47,107,20953.19236,capture,,0.03376131782,2021,2022,2024,32913,True,False,False,False,False,False,False,False,True,False,False,False,False
452,47,107,23173.95717,capture,,-0.002357255211,2021,2022,2024,32913,True,False,False,False,False,False,False,False,True,False,False,False,False
453,47,107,25605.51607,capture,,-0.0776708903,2021,2022,2024,32913,True,False,False,False,False,False,False,False,True,False,False,False,False
454,47,107,28292.20958,capture,,0.02934011969,2021,2022,2024,32913,True,False,False,False,False,False,False,False,True,False,False,False,False
455,47,107,31260.80806,capture,,-0.02005943337,2021,2022,2024,32913,True,False,False,False,False,False,False,False,True,False,False,False,False
456,47,107,34540.89076,capture,,-0.07666330403,2021,2022,2024,32913,True,False,False,False,False,False,False,False,True,False,False,False,False
457,47,107,38165.14058,capture,,-0.07406858993,2021,2022,2024,32913,True,False,False,False,False,False,False,False,True,False,False,False,False
458,47,107,42169.66975,capture,,-0.144197115,2021,2022,2024,32913,True,False,False,False,False,False,False,False,True,False,False,False,False
459,47,107,46594.37957,capture,,-0.1523487531,2021,2022,2024,32913,True,False,False,False,False,False,False,False,True,False,False,False,False
460,47,107,51532.77544,capture,,-0.1709157425,2021,2022,2024,32913,True,False,False,False,False,False,False,False,True,False,False,False,False
461,47,107,56994.5768,capture,,-0.2062943771,2021,2022,2024,32913,True,False,False,False,False,False,False,False,True,False,False,False,False
462,47,107,62974.8101,capture,,-0.2550306854,2021,2022,2024,32913,True,False,False,False,False,False,False,False,True,False,False,False,False
463,47,107,69582.52749,capture,,-0.2877131713,2021,2022,2024,32913,True,False,False,False,False,False,False,False,True,False,False,False,False
464,47,107,76883.56861,capture,,-0.2992117414,2021,2022,2024,32913,True,False,False,False,False,False,False,False,True,False,False,False,False
465,47,107,84950.68136,capture,,-0.2899763709,2021,2022,2024,32913,True,False,False,False,False,False,False,False,True,False,False,False,False
466,47,107,93864.24687,capture,,-0.2941234971,2021,2022,2024,32913,True,False,False,False,False,False,False,False,True,False,False,False,False
467,47,107,99330.7085,capture,,-0.3188502843,2021,2022,2024,32913,True,False,False,False,False,False,False,False,True,False,False,False,False
468,48,112,14540000,np,,-1.726767166,2021,2024,2025,33209,False,False,True,False,False,False,False,False,False,False,False,True,True
469,48,112,14540000,np,,-1.654822383,2021,2024,2025,33209,False,False,True,False,False,False,False,False,False,False,False,True,True
470,51,121,1660000,capture,,-1.126377183,2021,2025,2026,33221,True,False,False,False,False,False,False,False,False,False,True,False,True
471,51,121,2650000,capture,,-1.326822369,2021,2025,2026,33221,True,False,False,False,False,False,False,False,False,False,True,False,True
472,51,121,3050000,capture,,-1.324459944,2021,2025,2026,33221,True,False,False,False,False,False,False,False,False,False,True,False,True
473,52,128,13858246.53,n2n,,0.1775364999,2021,2024,2025,32936,False,True,False,False,False,False,False,False,False,False,False,True,True
474,52,128,14819514.16,n2n,,0.193263773,2021,2024,2025,32936,False,True,False,False,False,False,False,False,False,False,False,True,True
475,53,127,1564.863375,capture,,0.6170003411,2021,2024,2024,23615,True,False,False,False,False,False,False,True,False,False,False,False,False
476,53,127,1730.159269,capture,,0.352375495,2021,2024,2024,23615,True,False,False,False,False,False,False,True,False,False,False,False,False
477,53,127,1922.385581,capture,,0.7423322824,2021,2024,2024,23615,True,False,False,False,False,False,False,True,False,False,False,False,False
478,53,127,2100.536523,capture,,0.7493110862,2021,2024,2024,23615,True,False,False,False,False,False,False,True,False,False,False,False,False
479,53,127,2304.651699,capture,,0.4286206727,2021,2024,2024,23615,True,False,False,False,False,False,False,True,False,False,False,False,False
480,53,127,2540.032898,capture,,0.3984608496,2021,2024,2024,23615,True,False,False,False,False,False,False,True,False,False,False,False,False
481,53,127,2813.407627,capture,,0.6633710755,2021,2024,2024,23615,True,False,False,False,False,False,False,True,False,False,False,False,False
482,53,127,3133.416675,capture,,0.179838928,2021,2024,2024,23615,True,False,False,False,False,False,False,True,False,False,False,False,False
483,53,127,3511.30394,capture,,0.4272426022,2021,2024,2024,23615,True,False,False,False,False,False,False,True,False,False,False,False,False
484,53,127,3840.56,capture,,0.6835873176,2021,2024,2024,23615,True,False,False,False,False,False,False,True,False,False,False,False,False
485,53,127,4220.475168,capture,,0.485579477,2021,2024,2024,23615,True,False,False,False,False,False,False,True,False,False,False,False,False
486,53,127,4657.161,capture,,0.1849751907,2021,2024,2024,23615,True,False,False,False,False,False,False,True,False,False,False,False,False
487,53,127,5168.404503,capture,,0.08278537032,2021,2024,2024,23615,True,False,False,False,False,False,False,True,False,False,False,False,False
488,53,127,5764.851,capture,,0.1309766916,2021,2024,2024,23615,True,False,False,False,False,False,False,True,False,False,False,False,False
489,53,127,6223.179,capture,,0.1821292141,2021,2024,2024,23615,True,False,False,False,False,False,False,True,False,False,False,False,False
490,53,127,7023.386935,capture,,0.1963143854,2021,2024,2024,23615,True,False,False,False,False,False,False,True,False,False,False,False,False
491,53,127,7981.174,capture,,0.1152775914,2021,2024,2024,23615,True,False,False,False,False,False,False,True,False,False,False,False,False
492,53,127,8735.621,capture,,0.1583624921,2021,2024,2024,23615,True,False,False,False,False,False,False,True,False,False,False,False,False
493,53,127,9602.326,capture,,0.1095785469,2021,2024,2024,23615,True,False,False,False,False,False,False,True,False,False,False,False,False
494,53,127,10604.72,capture,,0.1122697684,2021,2024,2024,23615,True,False,False,False,False,False,False,False,True,False,False,False,False
495,53,127,11772.67,capture,,0.08421868674,2021,2024,2024,23615,True,False,False,False,False,False,False,False,True,False,False,False,False
496,53,127,13144.77,capture,,0.01619735351,2021,2024,2024,23615,True,False,False,False,False,False,False,False,True,False,False,False,False
497,53,127,14771.5,capture,,0.02242837119,2021,2024,2024,23615,True,False,False,False,False,False,False,False,True,False,False,False,False
498,53,127,16720,capture,,0.00259798072,2021,2024,2024,23615,True,False,False,False,False,False,False,False,True,False,False,False,False
499,53,127,19081.1,capture,,-0.01502287358,2021,2024,2024,23615,True,False,False,False,False,False,False,False,True,False,False,False,False
500,53,127,21980.06,capture,,-0.0752040042,2021,2024,2024,23615,True,False,False,False,False,False,False,False,True,False,False,False,False
501,53,127,25593.6,capture,,-0.05012229596,2021,2024,2024,23615,True,False,False,False,False,False,False,False,True,False,False,False,False
502,53,127,30177.39,capture,,-0.0840727883,2021,2024,2024,23615,True,False,False,False,False,False,False,False,True,False,False,False,False
503,53,127,36112.67,capture,,-0.2350770154,2021,2024,2024,23615,True,False,False,False,False,False,False,False,True,False,False,False,False
504,53,127,43988.04,capture,,-0.2225731776,2021,2024,2024,23615,True,False,False,False,False,False,False,False,True,False,False,False,False
505,53,127,54751.31,capture,,-0.2525881921,2021,2024,2024,23615,True,False,False,False,False,False,False,False,True,False,False,False,False
506,53,127,70008.55,capture,,-0.3605135107,2021,2024,2024,23615,True,False,False,False,False,False,False,False,True,False,False,False,False
507,53,127,92659.98,capture,,-0.5316526696,2021,2024,2024,23615,True,False,False,False,False,False,False,False,True,False,False,False,False
508,53,127,128387.2,capture,,-0.5833594927,2021,2024,2024,23615,True,False,False,False,False,False,False,False,False,True,False,False,True
509,53,127,189597.2,capture,,-0.6345120151,2021,2024,2024,23615,True,False,False,False,False,False,False,False,False,True,False,False,True
510,53,127,307848.1,capture,,-0.7904849855,2021,2024,2024,23615,True,False,False,False,False,False,False,False,False,True,False,False,True
511,53,127,584459.2,capture,,-1.207608311,2021,2024,2024,23615,True,False,False,False,False,False,False,False,False,True,False,False,True
512,53,127,51500,capture,,-0.2125395255,2021,2026,2025,23622,True,False,False,False,False,False,False,False,True,False,False,False,False
513,53,127,127700,capture,,-0.54668166,2021,2026,2025,23622,True,False,False,False,False,False,False,False,False,True,False,False,True
514,53,127,14077780.36,n2n,,0.1710972215,2021,2023,2025,32796,False,True,False,False,False,False,False,False,False,False,False,True,True
515,53,127,14790000,n2n,,0.2019157827,2021,2023,2025,32796,False,True,False,False,False,False,False,False,False,False,False,True,True
516,53,129,2100.53608,capture,,0.2227164711,2021,2024,2024,23615,True,False,False,False,False,False,False,True,False,False,False,False,False
517,53,129,2304.651187,capture,,0.3053513694,2021,2024,2024,23615,True,False,False,False,False,False,False,True,False,False,False,False,False
518,53,129,2540.031873,capture,,0.411619706,2021,2024,2024,23615,True,False,False,False,False,False,False,True,False,False,False,False,False
519,53,129,2813.408141,capture,,0.2900346114,2021,2024,2024,23615,True,False,False,False,False,False,False,True,False,False,False,False,False
520,53,129,3133.415619,capture,,-0.351639989,2021,2024,2024,23615,True,False,False,False,False,False,False,True,False,False,False,False,False
521,53,129,3511.304028,capture,,0.1628629933,2021,2024,2024,23615,True,False,False,False,False,False,False,True,False,False,False,False,False
522,53,129,3840.56,capture,,0.2405492483,2021,2024,2024,23615,True,False,False,False,False,False,False,True,False,False,False,False,False
523,53,129,4220.474136,capture,,0.220108088,2021,2024,2024,23615,True,False,False,False,False,False,False,True,False,False,False,False,False
524,53,129,4657.16,capture,,0.1553360375,2021,2024,2024,23615,True,False,False,False,False,False,False,True,False,False,False,False,False
525,53,129,5168.401948,capture,,-0.004364805402,2021,2024,2024,23615,True,False,False,False,False,False,False,True,False,False,False,False,False
526,53,129,5764.85,capture,,-0.04095860768,2021,2024,2024,23615,True,False,False,False,False,False,False,True,False,False,False,False,False
527,53,129,6223.18,capture,,0.03742649794,2021,2024,2024,23615,True,False,False,False,False,False,False,True,False,False,False,False,False
528,53,129,7023.384495,capture,,0.006466042249,2021,2024,2024,23615,True,False,False,False,False,False,False,True,False,False,False,False,False
529,53,129,7981.17,capture,,-0.04575749056,2021,2024,2024,23615,True,False,False,False,False,False,False,True,False,False,False,False,False
530,53,129,8735.62,capture,,-0.04095860768,2021,2024,2024,23615,True,False,False,False,False,False,False,True,False,False,False,False,False
531,53,129,9602.33,capture,,-0.1487416513,2021,2024,2024,23615,True,False,False,False,False,False,False,True,False,False,False,False,False
532,53,129,10604.7,capture,,-0.0268721464,2021,2024,2024,23615,True,False,False,False,False,False,False,False,True,False,False,False,False
533,53,129,11772.7,capture,,-0.06550154876,2021,2024,2024,23615,True,False,False,False,False,False,False,False,True,False,False,False,False
534,53,129,13144.8,capture,,-0.2441251443,2021,2024,2024,23615,True,False,False,False,False,False,False,False,True,False,False,False,False
535,53,129,14771.5,capture,,-0.193820026,2021,2024,2024,23615,True,False,False,False,False,False,False,False,True,False,False,False,False
536,53,129,16720,capture,,-0.1870866434,2021,2024,2024,23615,True,False,False,False,False,False,False,False,True,False,False,False,False
537,53,129,19081.1,capture,,-0.2291479884,2021,2024,2024,23615,True,False,False,False,False,False,False,False,True,False,False,False,False
538,53,129,21980.1,capture,,-0.3372421683,2021,2024,2024,23615,True,False,False,False,False,False,False,False,True,False,False,False,False
539,53,129,25593.6,capture,,-0.2596373105,2021,2024,2024,23615,True,False,False,False,False,False,False,False,True,False,False,False,False
540,53,129,30177.4,capture,,-0.3767507096,2021,2024,2024,23615,True,False,False,False,False,False,False,False,True,False,False,False,False
541,53,129,51500,capture,,-0.5559552041,2021,2026,2025,23622,True,False,False,False,False,False,False,False,True,False,False,False,False
542,53,129,127700,capture,,-0.8507808873,2021,2026,2025,23622,True,False,False,False,False,False,False,False,False,True,False,False,True
543,54,124,13945966.41,n2n,,0.02806265153,2021,2022,2024,32871,False,True,False,False,False,False,False,False,False,False,False,True,True
544,54,124,14800000,n2n,,0.1115985249,2021,2022,2024,32871,False,True,False,False,False,False,False,False,False,False,False,True,True
545,54,124,13834047.09,n2n,,0.03848504475,2021,2023,2024,32892,False,True,False,False,False,False,False,False,False,False,False,True,True
546,54,124,14849915.82,n2n,,0.1007323065,2021,2023,2024,32892,False,True,False,False,False,False,False,False,False,False,False,True,True
547,54,126,13945966.41,n2n,,0.1952075495,2021,2022,2024,32871,False,True,False,False,False,False,False,False,False,False,False,True,True
548,54,126,14800000,n2n,,0.2540644529,2021,2022,2024,32871,False,True,False,False,False,False,False,False,False,False,False,True,True
549,54,128,13945966.41,n2n,,0.2191914402,2021,2022,2024,32871,False,True,False,False,False,False,False,False,False,False,False,True,True
550,54,128,14800000,n2n,,0.2412973871,2021,2022,2024,32871,False,True,False,False,False,False,False,False,False,False,False,True,True
551,54,131,13945966.41,np,,-2.207608311,2021,2022,2024,32871,False,False,True,False,False,False,False,False,False,False,False,True,True
552,54,131,14800000,np,,-2.13667714,2021,2022,2024,32871,False,False,True,False,False,False,False,False,False,False,False,True,True
553,54,134,13945966.41,n2n,,0.2294898607,2021,2023,2024,32895,False,True,False,False,False,False,False,False,False,False,False,True,True
554,54,134,14800000,n2n,,0.2240148114,2021,2023,2024,32895,False,True,False,False,False,False,False,False,False,False,False,True,True
555,54,136,13945966.41,n2n,,0.1761636354,2021,2022,2025,32883,False,True,False,False,False,False,False,False,False,False,False,True,True
556,54,136,14800000,n2n,,0.1804126328,2021,2022,2025,32883,False,True,False,False,False,False,False,False,False,False,False,True,True
557,55,133,14077780.36,n2n,,0.1936532249,2021,2023,2025,32796,False,True,False,False,False,False,False,False,False,False,False,True,True
558,55,133,14790000,n2n,,0.2215185603,2021,2023,2025,32796,False,True,False,False,False,False,False,False,False,False,False,True,True
559,60,142,14770000,n2n,,0.1868517872,2021,2022,2022,33170,False,True,False,False,False,False,False,False,False,False,False,True,True
560,60,146,14770000,np,,-2.461928873,2021,2022,2022,33170,False,False,True,False,False,False,False,False,False,False,False,True,True
561,60,148,14770000,n2n,,0.255577731,2021,2022,2022,33170,False,True,False,False,False,False,False,False,False,False,False,True,True
562,60,150,14770000,n2n,,0.2369175309,2021,2022,2022,33170,False,True,False,False,False,False,False,False,False,False,False,True,True
563,65,159,2292.232515,capture,,0.7882454622,2021,2023,2024,32899,True,False,False,False,False,False,False,True,False,False,False,False,False
564,65,159,2542.49,capture,,0.762359664,2021,2023,2024,32899,True,False,False,False,False,False,False,True,False,False,False,False,False
565,65,159,2820.067802,capture,,0.7705405329,2021,2023,2024,32899,True,False,False,False,False,False,False,True,False,False,False,False,False
566,65,159,3127.94,capture,,0.8007782325,2021,2023,2024,32899,True,False,False,False,False,False,False,True,False,False,False,False,False
567,65,159,3469.435364,capture,,0.6641298266,2021,2023,2024,32899,True,False,False,False,False,False,False,True,False,False,False,False,False
568,65,159,3848.21,capture,,0.5820554046,2021,2023,2024,32899,True,False,False,False,False,False,False,True,False,False,False,False,False
569,65,159,4268.338753,capture,,0.5326117134,2021,2023,2024,32899,True,False,False,False,False,False,False,True,False,False,False,False,False
570,65,159,4734.34,capture,,0.5555961982,2021,2023,2024,32899,True,False,False,False,False,False,False,True,False,False,False,False,False
571,65,159,5072.93,capture,,0.6274846568,2021,2023,2024,32899,True,False,False,False,False,False,False,True,False,False,False,False,False
572,65,159,5626.763513,capture,,0.4586287854,2021,2023,2024,32899,True,False,False,False,False,False,False,True,False,False,False,False,False
573,65,159,6241.07,capture,,0.5063737772,2021,2023,2024,32899,True,False,False,False,False,False,False,True,False,False,False,False,False
574,65,159,6922.430606,capture,,0.4875915311,2021,2023,2024,32899,True,False,False,False,False,False,False,True,False,False,False,False,False
575,65,159,7678.19,capture,,0.4666467114,2021,2023,2024,32899,True,False,False,False,False,False,False,True,False,False,False,False,False
576,65,159,8516.459619,capture,,0.3825762195,2021,2023,2024,32899,True,False,False,False,False,False,False,True,False,False,False,False,False
577,65,159,9446.24,capture,,0.4524136377,2021,2023,2024,32899,True,False,False,False,False,False,False,True,False,False,False,False,False
578,65,159,10477.5,capture,,0.4107645838,2021,2023,2024,32899,True,False,False,False,False,False,False,False,True,False,False,False,False
579,65,159,11621.4,capture,,0.2664715981,2021,2023,2024,32899,True,False,False,False,False,False,False,False,True,False,False,False,False
580,65,159,12890.21072,capture,,0.3595926647,2021,2023,2024,32899,True,False,False,False,False,False,False,False,True,False,False,False,False
581,65,159,14297.5,capture,,0.3204267207,2021,2023,2024,32899,True,False,False,False,False,False,False,False,True,False,False,False,False
582,65,159,15320,capture,,0.2491934639,2021,2023,2024,32899,True,False,False,False,False,False,False,False,True,False,False,False,False
583,65,159,16992.56421,capture,,0.2711489702,2021,2023,2024,32899,True,False,False,False,False,False,False,False,True,False,False,False,False
584,65,159,18847.7,capture,,0.2349068602,2021,2023,2024,32899,True,False,False,False,False,False,False,False,True,False,False,False,False
585,65,159,20905.42914,capture,,0.2727591578,2021,2023,2024,32899,True,False,False,False,False,False,False,False,True,False,False,False,False
586,65,159,23187.8,capture,,0.1955039046,2021,2023,2024,32899,True,False,False,False,False,False,False,False,True,False,False,False,False
587,65,159,25719.25747,capture,,0.1518155625,2021,2023,2024,32899,True,False,False,False,False,False,False,False,True,False,False,False,False
588,65,159,28527.2,capture,,0.1019360059,2021,2023,2024,32899,True,False,False,False,False,False,False,False,True,False,False,False,False
589,65,159,31641.62437,capture,,0.1081081655,2021,2023,2024,32899,True,False,False,False,False,False,False,False,True,False,False,False,False
590,65,159,35096.1,capture,,0.101815786,2021,2023,2024,32899,True,False,False,False,False,False,False,False,True,False,False,False,False
591,65,159,37606.2,capture,,0.07269462861,2021,2023,2024,32899,True,False,False,False,False,False,False,False,True,False,False,False,False
592,65,159,41711.76832,capture,,0.07561629699,2021,2023,2024,32899,True,False,False,False,False,False,False,False,True,False,False,False,False
593,65,159,46265.7,capture,,0.06998242122,2021,2023,2024,32899,True,False,False,False,False,False,False,False,True,False,False,False,False
594,65,159,51316.73908,capture,,0.04603643516,2021,2023,2024,32899,True,False,False,False,False,False,False,False,True,False,False,False,False
595,65,159,56919.2,capture,,-0.0002658695873,2021,2023,2024,32899,True,False,False,False,False,False,False,False,True,False,False,False,False
596,65,159,63133.33889,capture,,-0.03087775507,2021,2023,2024,32899,True,False,False,False,False,False,False,False,True,False,False,False,False
597,65,159,70026,capture,,0.003555308261,2021,2023,2024,32899,True,False,False,False,False,False,False,False,True,False,False,False,False
598,65,159,77671.01903,capture,,-0.09787929912,2021,2023,2024,32899,True,False,False,False,False,False,False,False,True,False,False,False,False
599,65,159,86150.7,capture,,-0.0995766079,2021,2023,2024,32899,True,False,False,False,False,False,False,False,True,False,False,False,False
600,65,159,92312.2,capture,,-0.1521097558,2021,2023,2024,32899,True,False,False,False,False,False,False,False,True,False,False,False,False
601,65,159,102390.5647,capture,,-0.1812361917,2021,2023,2024,32899,True,False,False,False,False,False,False,False,False,True,False,False,True
602,65,159,113569,capture,,-0.1269818236,2021,2023,2024,32899,True,False,False,False,False,False,False,False,False,True,False,False,True
603,65,159,125967.3619,capture,,-0.2119759461,2021,2023,2024,32899,True,False,False,False,False,False,False,False,False,True,False,False,True
604,65,159,139720,capture,,-0.2313286066,2021,2023,2024,32899,True,False,False,False,False,False,False,False,False,True,False,False,True
605,65,159,154974.0606,capture,,-0.267588145,2021,2023,2024,32899,True,False,False,False,False,False,False,False,False,True,False,False,True
606,65,159,171893,capture,,-0.3131323474,2021,2023,2024,32899,True,False,False,False,False,False,False,False,False,True,False,False,True
607,65,159,190659.7659,capture,,-0.3182465069,2021,2023,2024,32899,True,False,False,False,False,False,False,False,False,True,False,False,True
608,65,159,211475,capture,,-0.349298196,2021,2023,2024,32899,True,False,False,False,False,False,False,False,False,True,False,False,True
609,65,159,226600,capture,,-0.3724999835,2021,2023,2024,32899,True,False,False,False,False,False,False,False,False,True,False,False,True
610,65,159,251338.5761,capture,,-0.3900679967,2021,2023,2024,32899,True,False,False,False,False,False,False,False,False,True,False,False,True
611,65,159,278778,capture,,-0.4003395882,2021,2023,2024,32899,True,False,False,False,False,False,False,False,False,True,False,False,True
612,65,159,309213.5464,capture,,-0.4033215505,2021,2023,2024,32899,True,False,False,False,False,False,False,False,False,True,False,False,True
613,65,159,342972,capture,,-0.4499001192,2021,2023,2024,32899,True,False,False,False,False,False,False,False,False,True,False,False,True
614,65,159,380416.0634,capture,,-0.5093919703,2021,2023,2024,32899,True,False,False,False,False,False,False,False,False,True,False,False,True
615,65,159,421948,capture,,-0.535166313,2021,2023,2024,32899,True,False,False,False,False,False,False,False,False,True,False,False,True
616,65,159,468013.8135,capture,,-0.5939139372,2021,2023,2024,32899,True,False,False,False,False,False,False,False,False,True,False,False,True
617,65,159,519110,capture,,-0.649275295,2021,2023,2024,32899,True,False,False,False,False,False,False,False,False,True,False,False,True
618,65,159,575783.0425,capture,,-0.6650167727,2021,2023,2024,32899,True,False,False,False,False,False,False,False,False,True,False,False,True
619,65,159,638644,capture,,-0.7242511155,2021,2023,2024,32899,True,False,False,False,False,False,False,False,False,True,False,False,True
620,65,159,684320,capture,,-0.7105492946,2021,2023,2024,32899,True,False,False,False,False,False,False,False,False,True,False,False,True
621,65,159,759030.2276,capture,,-0.7800790128,2021,2023,2024,32899,True,False,False,False,False,False,False,False,False,True,False,False,True
622,65,159,841897,capture,,-0.8286421951,2021,2023,2024,32899,True,False,False,False,False,False,False,False,False,True,False,False,True
623,65,159,902109,capture,,-0.8232375511,2021,2023,2024,32899,True,False,False,False,False,False,False,False,False,True,False,False,True
624,69,169,1047.133389,capture,,0.8842106264,2021,2025,2025,14855,True,False,False,False,False,False,False,True,False,False,False,False,False
625,69,169,1153.465168,capture,,0.8311708755,2021,2025,2025,14855,True,False,False,False,False,False,False,True,False,False,False,False,False
626,69,169,1276.467657,capture,,0.7862324361,2021,2025,2025,14855,True,False,False,False,False,False,False,True,False,False,False,False,False
627,69,169,1412.564907,capture,,0.9943651516,2021,2025,2025,14855,True,False,False,False,False,False,False,True,False,False,False,False,False
628,69,169,1555.975429,capture,,0.7551779017,2021,2025,2025,14855,True,False,False,False,False,False,False,True,False,False,False,False,False
629,69,169,1713.981958,capture,,0.7048085602,2021,2025,2025,14855,True,False,False,False,False,False,False,True,False,False,False,False,False
630,69,169,1896.722612,capture,,0.6771687877,2021,2025,2025,14855,True,False,False,False,False,False,False,True,False,False,False,False,False
631,69,169,2098.973224,capture,,0.7961597708,2021,2025,2025,14855,True,False,False,False,False,False,False,True,False,False,False,False,False
632,69,169,2322.760426,capture,,0.619803603,2021,2025,2025,14855,True,False,False,False,False,False,False,True,False,False,False,False,False
633,69,169,2570.418406,capture,,0.672737488,2021,2025,2025,14855,True,False,False,False,False,False,False,True,False,False,False,False,False
634,69,169,2844.493841,capture,,0.7287543142,2021,2025,2025,14855,True,False,False,False,False,False,False,True,False,False,False,False,False
635,69,169,3133.313278,capture,,0.5610274041,2021,2025,2025,14855,True,False,False,False,False,False,False,True,False,False,False,False,False
636,69,169,3451.463045,capture,,0.4555079168,2021,2025,2025,14855,True,False,False,False,False,False,False,True,False,False,False,False,False
637,69,169,3801.939616,capture,,0.555686814,2021,2025,2025,14855,True,False,False,False,False,False,False,True,False,False,False,False,False
638,69,169,4217.223016,capture,,0.5136064259,2021,2025,2025,14855,True,False,False,False,False,False,False,True,False,False,False,False,False
639,69,169,4677.650595,capture,,0.5230470018,2021,2025,2025,14855,True,False,False,False,False,False,False,True,False,False,False,False,False
640,69,169,5128.924976,capture,,0.4194476736,2021,2025,2025,14855,True,False,False,False,False,False,False,True,False,False,False,False,False
641,69,169,5688.903869,capture,,0.3888433457,2021,2025,2025,14855,True,False,False,False,False,False,False,True,False,False,False,False,False
642,69,169,6310.009431,capture,,0.4150735582,2021,2025,2025,14855,True,False,False,False,False,False,False,True,False,False,False,False,False
643,69,169,6998.889334,capture,,0.3369917688,2021,2025,2025,14855,True,False,False,False,False,False,False,True,False,False,False,False,False
644,69,169,7762.976826,capture,,0.3863294952,2021,2025,2025,14855,True,False,False,False,False,False,False,True,False,False,False,False,False
645,69,169,8511.954169,capture,,0.3035794069,2021,2025,2025,14855,True,False,False,False,False,False,False,True,False,False,False,False,False
646,69,169,9441.213496,capture,,0.2363155233,2021,2025,2025,14855,True,False,False,False,False,False,False,True,False,False,False,False,False
647,69,169,10471.77578,capture,,0.2147445316,2021,2025,2025,14855,True,False,False,False,False,False,False,False,True,False,False,False,False
648,69,169,11482.19006,capture,,0.1745467706,2021,2025,2025,14855,True,False,False,False,False,False,False,False,True,False,False,False,False
649,69,169,12736.04859,capture,,0.1183242597,2021,2025,2025,14855,True,False,False,False,False,False,False,False,True,False,False,False,False
650,69,169,14126.56949,capture,,0.1182647261,2021,2025,2025,14855,True,False,False,False,False,False,False,False,True,False,False,False,False
651,69,169,15489.35877,capture,,0.1146526772,2021,2025,2025,14855,True,False,False,False,False,False,False,False,True,False,False,False,False
652,69,169,17180.09022,capture,,0.06383605374,2021,2025,2025,14855,True,False,False,False,False,False,False,False,True,False,False,False,False
653,69,169,19056.18089,capture,,0.04412800461,2021,2025,2025,14855,True,False,False,False,False,False,False,False,True,False,False,False,False
654,69,169,20894.32273,capture,,0.008930025116,2021,2025,2025,14855,True,False,False,False,False,False,False,False,True,False,False,False,False
655,69,169,23175.3059,capture,,-0.03442016162,2021,2025,2025,14855,True,False,False,False,False,False,False,False,True,False,False,False,False
656,69,169,25705.48122,capture,,-0.07482977369,2021,2025,2025,14855,True,False,False,False,False,False,False,False,True,False,False,False,False
657,69,169,28185.66267,capture,,-0.06786629518,2021,2025,2025,14855,True,False,False,False,False,False,False,False,True,False,False,False,False
658,69,169,30551.2676,capture,,-0.05156747185,2021,2025,2025,14855,True,False,False,False,False,False,False,False,True,False,False,False,False
659,69,169,38907.42083,capture,,-0.1298771308,2021,2025,2025,14855,True,False,False,False,False,False,False,False,True,False,False,False,False
660,69,169,42172.23016,capture,,-0.1436034509,2021,2025,2025,14855,True,False,False,False,False,False,False,False,True,False,False,False,False
661,69,169,46776.50595,capture,,-0.1771097873,2021,2025,2025,14855,True,False,False,False,False,False,False,False,True,False,False,False,False
662,69,169,51289.24976,capture,,-0.2188660031,2021,2025,2025,14855,True,False,False,False,False,False,False,False,True,False,False,False,False
663,69,169,56889.03869,capture,,-0.2516708502,2021,2025,2025,14855,True,False,False,False,False,False,False,False,True,False,False,False,False
664,69,169,63100.09431,capture,,-0.2400659955,2021,2025,2025,14855,True,False,False,False,False,False,False,False,True,False,False,False,False
665,69,169,69187.82402,capture,,-0.2485572964,2021,2025,2025,14855,True,False,False,False,False,False,False,False,True,False,False,False,False
666,69,169,75862.60402,capture,,-0.2336949962,2021,2025,2025,14855,True,False,False,False,False,False,False,False,True,False,False,False,False
667,69,169,96611,capture,,-0.3474345843,2021,2025,2025,14855,True,False,False,False,False,False,False,False,True,False,False,False,False
668,69,169,103519.4953,capture,,-0.3367986592,2021,2025,2025,14855,True,False,False,False,False,False,False,False,False,True,False,False,True
669,69,169,114821.9006,capture,,-0.3608373601,2021,2025,2025,14855,True,False,False,False,False,False,False,False,False,True,False,False,True
670,69,169,125903.2634,capture,,-0.4140882897,2021,2025,2025,14855,True,False,False,False,False,False,False,False,False,True,False,False,True
671,69,169,146230,capture,,-0.4090801819,2021,2025,2025,14855,True,False,False,False,False,False,False,False,False,True,False,False,True
672,69,169,154893.5877,capture,,-0.4920328715,2021,2025,2025,14855,True,False,False,False,False,False,False,False,False,True,False,False,True
673,69,169,169833.754,capture,,-0.498875667,2021,2025,2025,14855,True,False,False,False,False,False,False,False,False,True,False,False,True
674,69,169,186223.2494,capture,,-0.4978290254,2021,2025,2025,14855,True,False,False,False,False,False,False,False,False,True,False,False,True
675,69,169,208943.2273,capture,,-0.5387454009,2021,2025,2025,14855,True,False,False,False,False,False,False,False,False,True,False,False,True
676,69,169,231753.059,capture,,-0.5819308365,2021,2025,2025,14855,True,False,False,False,False,False,False,False,False,True,False,False,True
677,69,169,251203.3764,capture,,-0.609479966,2021,2025,2025,14855,True,False,False,False,False,False,False,False,False,True,False,False,True
678,69,169,288420.8924,capture,,-0.6364820334,2021,2025,2025,14855,True,False,False,False,False,False,False,False,False,True,False,False,True
679,69,169,312628.2547,capture,,-0.6544616021,2021,2025,2025,14855,True,False,False,False,False,False,False,False,False,True,False,False,True
680,69,169,346762.5533,capture,,-0.6480491674,2021,2025,2025,14855,True,False,False,False,False,False,False,False,False,True,False,False,True
681,69,169,380216.4798,capture,,-0.6910889295,2021,2025,2025,14855,True,False,False,False,False,False,False,False,False,True,False,False,True
682,69,169,421722.3016,capture,,-0.7188302266,2021,2025,2025,14855,True,False,False,False,False,False,False,False,False,True,False,False,True
683,69,169,467765.0595,capture,,-0.8079973851,2021,2025,2025,14855,True,False,False,False,False,False,False,False,False,True,False,False,True
684,69,169,512892.4976,capture,,-0.8378689093,2021,2025,2025,14855,True,False,False,False,False,False,False,False,False,True,False,False,True
685,69,169,568890.3869,capture,,-0.8667230246,2021,2025,2025,14855,True,False,False,False,False,False,False,False,False,True,False,False,True
686,69,169,631000.9431,capture,,-0.8792451504,2021,2025,2025,14855,True,False,False,False,False,False,False,False,False,True,False,False,True
687,69,169,691878.2402,capture,,-0.898605246,2021,2025,2025,14855,True,False,False,False,False,False,False,False,False,True,False,False,True
688,69,169,767411.001,capture,,-0.93751579,2021,2025,2025,14855,True,False,False,False,False,False,False,False,False,True,False,False,True
689,69,169,851195.4169,capture,,-0.9490859224,2021,2025,2025,14855,True,False,False,False,False,False,False,False,False,True,False,False,True
690,69,169,933313.2365,capture,,-0.972796201,2021,2025,2025,14855,True,False,False,False,False,False,False,False,False,True,False,False,True
691,69,169,14050000,n2n,,0.3222192947,2021,2023,2023,31858,False,True,False,False,False,False,False,False,False,False,False,True,True
692,69,169,12489996,n2n,,0.2639909327,2021,2023,2025,32925,False,True,False,False,False,False,False,False,False,False,False,True,True
693,69,169,14000000,n2n,,0.2871296207,2021,2023,2025,32925,False,True,False,False,False,False,False,False,False,False,False,True,True
694,69,169,15491933.38,n2n,,0.3016809493,2021,2023,2025,32925,False,True,False,False,False,False,False,False,False,False,False,True,True
695,69,169,17000000,n2n,,0.2633993313,2021,2023,2025,32925,False,True,False,False,False,False,False,False,False,False,False,True,True
696,69,169,18493242.01,n2n,,0.116607744,2021,2023,2025,32925,False,True,False,False,False,False,False,False,False,False,False,True,True
697,69,169,19800000,n2n,,-0.02826040911,2021,2023,2025,32925,False,True,False,False,False,False,False,False,False,False,False,True,True
698,70,168,14770000,n2n,,0.2806716836,2021,2022,2022,33175,False,True,False,False,False,False,False,False,False,False,False,True,True
699,70,170,14770000,n2n,,0.3412188077,2021,2022,2022,33175,False,True,False,False,False,False,False,False,False,False,False,True,True
700,70,173,14770000,np,,-2.346787486,2021,2022,2022,33175,False,False,True,False,False,False,False,False,False,False,False,True,True
701,70,174,14770000,na,,-2.93930216,2021,2022,2022,33175,False,False,False,True,False,False,False,False,False,False,False,True,True
702,70,174,14770000,np,,-2.555955204,2021,2022,2022,33175,False,False,True,False,False,False,False,False,False,False,False,True,True
703,70,176,14770000,n2n,,0.3508370184,2021,2022,2022,33175,False,True,False,False,False,False,False,False,False,False,False,True,True
704,71,175,14600000,na,,-2.63638802,2021,2024,2025,32254,False,False,False,True,False,False,False,False,False,False,False,True,True
705,71,175,14620000,na,,-2.970616222,2021,2024,2025,32934,False,False,False,True,False,False,False,False,False,False,False,True,True
706,71,175,14860000,na,,-2.935542011,2021,2024,2025,32934,False,False,False,True,False,False,False,False,False,False,False,True,True
707,71,175,14600000,np,,-2.180456064,2021,2024,2025,32254,False,False,True,False,False,False,False,False,False,False,False,True,True
708,71,175,14066788.7,np,,-2.466821298,2021,2024,2025,32934,False,False,True,False,False,False,False,False,False,False,False,True,True
709,71,175,14860000,np,,-2.366531544,2021,2024,2025,32934,False,False,True,False,False,False,False,False,False,False,False,True,True
710,71,176,14600000,na,,-2.555955204,2021,2024,2025,32254,False,False,False,True,False,False,False,False,False,False,False,True,True
711,71,176,14860000,na,,-3,2021,2024,2025,32934,False,False,False,True,False,False,False,False,False,False,False,True,True
712,74,182,8606369.734,n2n,,-0.6546262694,2021,2025,2025,14856,False,True,False,False,False,False,False,False,False,False,True,False,True
713,74,182,9350000,n2n,,-0.09205147839,2021,2025,2025,14856,False,True,False,False,False,False,False,False,False,False,True,False,True
714,74,182,10315734.67,n2n,,0.1343896324,2021,2025,2025,14856,False,True,False,False,False,False,False,False,False,False,False,True,True
715,74,182,11542400.1,n2n,,0.2467447097,2021,2025,2025,14856,False,True,False,False,False,False,False,False,False,False,False,True,True
716,74,182,12517503.74,n2n,,0.2963360546,2021,2025,2025,14856,False,True,False,False,False,False,False,False,False,False,False,True,True
717,74,182,14700000,n2n,,0.3479151865,2021,2025,2025,14856,False,True,False,False,False,False,False,False,False,False,False,True,True
718,74,182,13942740.05,n2n,,0.3133398439,2021,2022,2024,32874,False,True,False,False,False,False,False,False,False,False,False,True,True
719,74,182,14800000,n2n,,0.3358589113,2021,2022,2024,32874,False,True,False,False,False,False,False,False,False,False,False,True,True
720,74,182,13994964.18,np,,-2.39218768,2021,2022,2024,32874,False,False,True,False,False,False,False,False,False,False,False,True,True
721,74,182,14800000,np,,-2.257274869,2021,2022,2024,32874,False,False,True,False,False,False,False,False,False,False,False,True,True
722,74,183,13994964.18,np,,-2.531160551,2021,2023,2025,32904,False,False,True,False,False,False,False,False,False,False,False,True,True
723,74,183,14800000,np,,-2.32330639,2021,2023,2025,32904,False,False,True,False,False,False,False,False,False,False,False,True,True
724,74,184,13994964.18,np,,-2.718966633,2021,2022,2024,32874,False,False,True,False,False,False,False,False,False,False,False,True,True
725,74,184,14800000,np,,-2.514278574,2021,2022,2024,32874,False,False,True,False,False,False,False,False,False,False,False,True,True
726,75,185,1044.652998,capture,,1.04857881,2021,2024,2025,32929,True,False,False,False,False,False,False,True,False,False,False,False,False
727,75,185,1151.453607,capture,,1.103381806,2021,2024,2025,32929,True,False,False,False,False,False,False,True,False,False,False,False,False
728,75,185,1269.665242,capture,,1.049839259,2021,2024,2025,32929,True,False,False,False,False,False,False,True,False,False,False,False,False
729,75,185,1399.356788,capture,,1.078279439,2021,2024,2025,32929,True,False,False,False,False,False,False,True,False,False,False,False,False
730,75,185,1561.212346,capture,,0.9807616105,2021,2024,2025,32929,True,False,False,False,False,False,False,True,False,False,False,False,False
731,75,185,1722.002037,capture,,0.8668050816,2021,2024,2025,32929,True,False,False,False,False,False,False,True,False,False,False,False,False
732,75,185,1899.157446,capture,,0.867522169,2021,2024,2025,32929,True,False,False,False,False,False,False,True,False,False,False,False,False
733,75,185,2089.365794,capture,,0.9414775176,2021,2024,2025,32929,True,False,False,False,False,False,False,True,False,False,False,False,False
734,75,185,2304.956272,capture,,0.9749632531,2021,2024,2025,32929,True,False,False,False,False,False,False,True,False,False,False,False,False
735,75,185,2566.82114,capture,,0.96867661,2021,2024,2025,32929,True,False,False,False,False,False,False,True,False,False,False,False,False
736,75,185,2829.204692,capture,,0.8939142653,2021,2024,2025,32929,True,False,False,False,False,False,False,True,False,False,False,False,False
737,75,185,3120.518639,capture,,0.8552028596,2021,2024,2025,32929,True,False,False,False,False,False,False,True,False,False,False,False,False
738,75,185,3476.381856,capture,,0.8243906272,2021,2024,2025,32929,True,False,False,False,False,False,False,True,False,False,False,False,False
739,75,185,3831.376381,capture,,0.811418149,2021,2024,2025,32929,True,False,False,False,False,False,False,True,False,False,False,False,False
740,75,185,4221.951508,capture,,0.8048454559,2021,2024,2025,32929,True,False,False,False,False,False,False,True,False,False,False,False,False
741,75,185,4707.875708,capture,,0.7434387353,2021,2024,2025,32929,True,False,False,False,False,False,False,True,False,False,False,False,False
742,75,185,5185.961517,capture,,0.7478548109,2021,2024,2025,32929,True,False,False,False,False,False,False,True,False,False,False,False,False
743,75,185,5719.398518,capture,,0.690248015,2021,2024,2025,32929,True,False,False,False,False,False,False,True,False,False,False,False,False
744,75,185,6303.165515,capture,,0.6115124807,2021,2024,2025,32929,True,False,False,False,False,False,False,True,False,False,False,False,False
745,75,185,6948.67607,capture,,0.6189876673,2021,2024,2025,32929,True,False,False,False,False,False,False,True,False,False,False,False,False
746,75,185,7740.397139,capture,,0.6181803533,2021,2024,2025,32929,True,False,False,False,False,False,False,True,False,False,False,False,False
747,75,185,8532.519697,capture,,0.5227760225,2021,2024,2025,32929,True,False,False,False,False,False,False,True,False,False,False,False,False
748,75,185,9405.619887,capture,,0.4916515937,2021,2024,2025,32929,True,False,False,False,False,False,False,True,False,False,False,False,False
749,75,185,10040,capture,,0.4801435373,2021,2024,2025,32929,True,False,False,False,False,False,False,False,True,False,False,False,False
750,75,187,1044.652998,capture,,1.334018535,2021,2024,2025,32929,True,False,False,False,False,False,False,True,False,False,False,False,False
751,75,187,1151.453607,capture,,1.195638444,2021,2024,2025,32929,True,False,False,False,False,False,False,True,False,False,False,False,False
752,75,187,1269.665242,capture,,1.135728562,2021,2024,2025,32929,True,False,False,False,False,False,False,True,False,False,False,False,False
753,75,187,1399.356788,capture,,1.285151943,2021,2024,2025,32929,True,False,False,False,False,False,False,True,False,False,False,False,False
754,75,187,1561.212346,capture,,1.106781843,2021,2024,2025,32929,True,False,False,False,False,False,False,True,False,False,False,False,False
755,75,187,1722.002037,capture,,1.085993997,2021,2024,2025,32929,True,False,False,False,False,False,False,True,False,False,False,False,False
756,75,187,1899.157446,capture,,1.090562623,2021,2024,2025,32929,True,False,False,False,False,False,False,True,False,False,False,False,False
757,75,187,2089.365794,capture,,1.050347657,2021,2024,2025,32929,True,False,False,False,False,False,False,True,False,False,False,False,False
758,75,187,2304.956272,capture,,1.003621295,2021,2024,2025,32929,True,False,False,False,False,False,False,True,False,False,False,False,False
759,75,187,2566.82114,capture,,1.090663299,2021,2024,2025,32929,True,False,False,False,False,False,False,True,False,False,False,False,False
760,75,187,2829.204692,capture,,1.022971827,2021,2024,2025,32929,True,False,False,False,False,False,False,True,False,False,False,False,False
761,75,187,3120.518639,capture,,0.9496275837,2021,2024,2025,32929,True,False,False,False,False,False,False,True,False,False,False,False,False
762,75,187,3476.381856,capture,,0.893613977,2021,2024,2025,32929,True,False,False,False,False,False,False,True,False,False,False,False,False
763,75,187,3831.376381,capture,,0.9067104419,2021,2024,2025,32929,True,False,False,False,False,False,False,True,False,False,False,False,False
764,75,187,4221.951508,capture,,0.869210474,2021,2024,2025,32929,True,False,False,False,False,False,False,True,False,False,False,False,False
765,75,187,4707.875708,capture,,0.7705720591,2021,2024,2025,32929,True,False,False,False,False,False,False,True,False,False,False,False,False
766,75,187,5185.961517,capture,,0.8441762029,2021,2024,2025,32929,True,False,False,False,False,False,False,True,False,False,False,False,False
767,75,187,5719.398518,capture,,0.7436632301,2021,2024,2025,32929,True,False,False,False,False,False,False,True,False,False,False,False,False
768,75,187,6303.165515,capture,,0.7014339202,2021,2024,2025,32929,True,False,False,False,False,False,False,True,False,False,False,False,False
769,75,187,6948.67607,capture,,0.7099273515,2021,2024,2025,32929,True,False,False,False,False,False,False,True,False,False,False,False,False
770,75,187,7740.397139,capture,,0.7217028111,2021,2024,2025,32929,True,False,False,False,False,False,False,True,False,False,False,False,False
771,75,187,8532.519697,capture,,0.509844078,2021,2024,2025,32929,True,False,False,False,False,False,False,True,False,False,False,False,False
772,75,187,9405.619887,capture,,0.5766642439,2021,2024,2025,32929,True,False,False,False,False,False,False,True,False,False,False,False,False
773,75,187,10040,capture,,0.5092253793,2021,2024,2025,32929,True,False,False,False,False,False,False,False,True,False,False,False,False
774,77,191,13994282.8,n2n,,0.3235149257,2021,2022,2025,32926,False,True,False,False,False,False,False,False,False,False,False,True,True
775,77,191,14829969.66,n2n,,0.3292493598,2021,2022,2025,32926,False,True,False,False,False,False,False,False,False,False,False,True,True
776,79,197,45000,capture,,-0.339134522,2021,2022,2022,23603,True,False,False,False,False,False,False,False,True,False,False,False,False
777,79,197,133400,capture,,-0.5287082889,2021,2022,2022,23603,True,False,False,False,False,False,False,False,False,True,False,False,True
778,79,197,1594.456691,capture,,0.8193333175,2021,2024,2024,32920,True,False,False,False,False,False,False,True,False,False,False,False,False
779,79,197,1719.89398,capture,,0.8424032753,2021,2024,2024,32920,True,False,False,False,False,False,False,True,False,False,False,False,False
780,79,197,1895.770123,capture,,0.7901707683,2021,2024,2024,32920,True,False,False,False,False,False,False,True,False,False,False,False,False
781,79,197,2089.701851,capture,,0.8037656556,2021,2024,2024,32920,True,False,False,False,False,False,False,True,False,False,False,False,False
782,79,197,2328.489537,capture,,0.7512236586,2021,2024,2024,32920,True,False,False,False,False,False,False,True,False,False,False,False,False
783,79,197,2566.649032,capture,,0.7081084527,2021,2024,2024,32920,True,False,False,False,False,False,False,True,False,False,False,False,False
784,79,197,2829.13492,capture,,0.5212897986,2021,2024,2024,32920,True,False,False,False,False,False,False,True,False,False,False,False,False
785,79,197,3084.918623,capture,,0.4335244909,2021,2024,2024,32920,True,False,False,False,False,False,False,True,False,False,False,False,False
786,79,197,14050000,n2n,,0.3018977172,2021,2023,2023,31858,False,True,False,False,False,False,False,False,False,False,False,True,True
787,83,209,463457.4982,total,,0.8014551637,2021,2023,2024,32911,False,False,False,False,True,False,False,False,False,True,False,False,True
788,83,209,509878.5037,total,,0.7795784554,2021,2023,2024,32911,False,False,False,False,True,False,False,False,False,True,False,False,True
789,83,209,567678.6341,total,,0.7632632299,2021,2023,2024,32911,False,False,False,False,True,False,False,False,False,True,False,False,True
790,83,209,632030.0694,total,,0.7385229169,2021,2023,2024,32911,False,False,False,False,True,False,False,False,False,True,False,False,True
791,83,209,695329.9735,total,,0.7247263189,2021,2023,2024,32911,False,False,False,False,True,False,False,False,False,True,False,False,True
792,83,209,764970.1904,total,,0.6921857248,2021,2023,2024,32911,False,False,False,False,True,False,False,False,False,True,False,False,True
793,83,209,841590.4707,total,,0.6763734852,2021,2023,2024,32911,False,False,False,False,True,False,False,False,False,True,False,False,True
794,83,209,936992.2869,total,,0.664378687,2021,2023,2024,32911,False,False,False,False,True,False,False,False,False,True,False,False,True
795,83,209,1043178.642,total,,0.6723518921,2021,2023,2024,32911,False,False,False,False,True,False,False,False,False,False,True,False,True
796,83,209,1147691.269,total,,0.6622618864,2021,2023,2024,32911,False,False,False,False,True,False,False,False,False,False,True,False,True
797,83,209,1262649.872,total,,0.6610076909,2021,2023,2024,32911,False,False,False,False,True,False,False,False,False,False,True,False,True
798,83,209,1389106.006,total,,0.6657451102,2021,2023,2024,32911,False,False,False,False,True,False,False,False,False,False,True,False,True
799,83,209,1546579.072,total,,0.6791552413,2021,2023,2024,32911,False,False,False,False,True,False,False,False,False,False,True,False,True
800,83,209,1721887.028,total,,0.7137634664,2021,2023,2024,32911,False,False,False,False,True,False,False,False,False,False,True,False,True
801,83,209,1894350.241,total,,0.7501225268,2021,2023,2024,32911,False,False,False,False,True,False,False,False,False,False,True,False,True
802,83,209,2084083.556,total,,0.7610252517,2021,2023,2024,32911,False,False,False,False,True,False,False,False,False,False,True,False,True
803,83,209,2292808.731,total,,0.7953933349,2021,2023,2024,32911,False,False,False,False,True,False,False,False,False,False,True,False,True
804,83,209,2522452.325,total,,0.8215790279,2021,2023,2024,32911,False,False,False,False,True,False,False,False,False,False,True,False,True
805,83,209,2808400.447,total,,0.8564267725,2021,2023,2024,32911,False,False,False,False,True,False,False,False,False,False,True,False,True
806,83,209,3126762.021,total,,0.8512277635,2021,2023,2024,32911,False,False,False,False,True,False,False,False,False,False,True,False,True
807,83,209,3439925.698,total,,0.8849227459,2021,2023,2024,32911,False,False,False,False,True,False,False,False,False,False,True,False,True
808,83,209,3784477.864,total,,0.8852481078,2021,2023,2024,32911,False,False,False,False,True,False,False,False,False,False,True,False,True
809,83,209,4163493.141,total,,0.8761889637,2021,2023,2024,32911,False,False,False,False,True,False,False,False,False,False,True,False,True
810,83,209,4635479.554,total,,0.8626321995,2021,2023,2024,32911,False,False,False,False,True,False,False,False,False,False,True,False,True
811,83,209,5160938.317,total,,0.8314538293,2021,2023,2024,32911,False,False,False,False,True,False,False,False,False,False,True,False,True
812,83,209,5677853.66,total,,0.8138310862,2021,2023,2024,32911,False,False,False,False,True,False,False,False,False,False,True,False,True
813,83,209,6246526.338,total,,0.7733292447,2021,2023,2024,32911,False,False,False,False,True,False,False,False,False,False,True,False,True
814,83,209,6872128.712,total,,0.728637807,2021,2023,2024,32911,False,False,False,False,True,False,False,False,False,False,True,False,True
815,83,209,7651162.337,total,,0.7165875777,2021,2023,2024,32911,False,False,False,False,True,False,False,False,False,False,True,False,True
816,83,209,8518518.448,total,,0.6521496054,2021,2023,2024,32911,False,False,False,False,True,False,False,False,False,False,True,False,True
817,83,209,9371689.579,total,,0.6422913615,2021,2023,2024,32911,False,False,False,False,True,False,False,False,False,False,True,False,True
818,83,209,10310280.86,total,,0.7033988635,2021,2023,2024,32911,False,False,False,False,True,False,False,False,False,False,False,True,True
819,83,209,11342713.43,total,,0.6838796885,2021,2023,2024,32911,False,False,False,False,True,False,False,False,False,False,False,True,True
820,83,209,12628805.4,total,,0.6805893066,2021,2023,2024,32911,False,False,False,False,True,False,False,False,False,False,False,True,True
821,83,209,14060495.08,total,,0.7434901662,2021,2023,2024,32911,False,False,False,False,True,False,False,False,False,False,False,True,True
822,83,209,15468500.09,total,,0.6961160184,2021,2023,2024,32911,False,False,False,False,True,False,False,False,False,False,False,True,True
823,83,209,17017948.05,total,,0.7185639637,2021,2023,2024,32911,False,False,False,False,True,False,False,False,False,False,False,True,True
824,83,209,18722331.85,total,,0.6743558533,2021,2023,2024,32911,False,False,False,False,True,False,False,False,False,False,False,True,True
825,83,209,19873000,total,,0.6883308181,2021,2023,2024,32911,False,False,False,False,True,False,False,False,False,False,False,True,True
826,83,209,1046889.728,total,,0.7832602329,2021,2023,2024,32911,False,False,False,False,True,False,False,False,False,False,True,False,True
827,83,209,1140820.619,total,,0.7222636274,2021,2023,2024,32911,False,False,False,False,True,False,False,False,False,False,True,False,True
828,83,209,1258475.963,total,,0.6791779691,2021,2023,2024,32911,False,False,False,False,True,False,False,False,False,False,True,False,True
829,83,209,1388326.68,total,,0.7752644764,2021,2023,2024,32911,False,False,False,False,True,False,False,False,False,False,True,False,True
830,83,209,1531548.556,total,,0.7323133275,2021,2023,2024,32911,False,False,False,False,True,False,False,False,False,False,True,False,True
831,83,209,1689539.021,total,,0.7302572532,2021,2023,2024,32911,False,False,False,False,True,False,False,False,False,False,True,False,True
832,83,209,1886863.49,total,,0.7689930862,2021,2023,2024,32911,False,False,False,False,True,False,False,False,False,False,True,False,True
833,83,209,2107181.53,total,,0.7947319638,2021,2023,2024,32911,False,False,False,False,True,False,False,False,False,False,True,False,True
834,83,209,2324599.593,total,,0.8334499283,2021,2023,2024,32911,False,False,False,False,True,False,False,False,False,False,True,False,True
835,83,209,2564408.892,total,,0.8875188416,2021,2023,2024,32911,False,False,False,False,True,False,False,False,False,False,True,False,True
836,83,209,2828984.422,total,,0.8930262223,2021,2023,2024,32911,False,False,False,False,True,False,False,False,False,False,True,False,True
837,83,209,3120849.365,total,,0.872403954,2021,2023,2024,32911,False,False,False,False,True,False,False,False,False,False,True,False,True
838,83,209,3442778.239,total,,0.8978606679,2021,2023,2024,32911,False,False,False,False,True,False,False,False,False,False,True,False,True
839,83,209,3797945.099,total,,0.9200319687,2021,2023,2024,32911,False,False,False,False,True,False,False,False,False,False,True,False,True
840,83,209,4189772.209,total,,0.8901973862,2021,2023,2024,32911,False,False,False,False,True,False,False,False,False,False,True,False,True
841,83,209,4621984.473,total,,0.8774289408,2021,2023,2024,32911,False,False,False,False,True,False,False,False,False,False,True,False,True
842,83,209,5098805.099,total,,0.8559883278,2021,2023,2024,32911,False,False,False,False,True,False,False,False,False,False,True,False,True
843,83,209,5624831.525,total,,0.8254910299,2021,2023,2024,32911,False,False,False,False,True,False,False,False,False,False,True,False,True
844,83,209,6205088.485,total,,0.7810728887,2021,2023,2024,32911,False,False,False,False,True,False,False,False,False,False,True,False,True
845,83,209,6845271.99,total,,0.6892200373,2021,2023,2024,32911,False,False,False,False,True,False,False,False,False,False,True,False,True
846,83,209,7644712.804,total,,0.6980483227,2021,2023,2024,32911,False,False,False,False,True,False,False,False,False,False,True,False,True
847,83,209,8537510.187,total,,0.6825060859,2021,2023,2024,32911,False,False,False,False,True,False,False,False,False,False,True,False,True
848,83,209,9418277.983,total,,0.7311252167,2021,2023,2024,32911,False,False,False,False,True,False,False,False,False,False,True,False,True
849,83,209,10389830.46,total,,0.7665615526,2021,2023,2024,32911,False,False,False,False,True,False,False,False,False,False,False,True,True
850,83,209,11461677.23,total,,0.7571302078,2021,2023,2024,32911,False,False,False,False,True,False,False,False,False,False,False,True,True
851,83,209,12643991.97,total,,0.7142249463,2021,2023,2024,32911,False,False,False,False,True,False,False,False,False,False,False,True,True
852,83,209,13948489.27,total,,0.7732377469,2021,2023,2024,32911,False,False,False,False,True,False,False,False,False,False,False,True,True
853,83,209,15387698.25,total,,0.6970767024,2021,2023,2024,32911,False,False,False,False,True,False,False,False,False,False,False,True,True
854,83,209,16975099.59,total,,0.7089517577,2021,2023,2024,32911,False,False,False,False,True,False,False,False,False,False,False,True,True
855,83,209,18726439.93,total,,0.7517216432,2021,2023,2024,32911,False,False,False,False,True,False,False,False,False,False,False,True,True
856,83,209,19911000,total,,0.7492724083,2021,2023,2024,32911,False,False,False,False,True,False,False,False,False,False,False,True,True
857,83,209,463457.4982,total,,0.8059424042,2021,2023,2024,32911,False,False,False,False,True,False,False,False,False,True,False,False,True
858,83,209,509878.5037,total,,0.7857745811,2021,2023,2024,32911,False,False,False,False,True,False,False,False,False,True,False,False,True
859,83,209,567678.6341,total,,0.7755521984,2021,2023,2024,32911,False,False,False,False,True,False,False,False,False,True,False,False,True
860,83,209,632030.0694,total,,0.7581167238,2021,2023,2024,32911,False,False,False,False,True,False,False,False,False,True,False,False,True
861,83,209,695329.9735,total,,0.7311252167,2021,2023,2024,32911,False,False,False,False,True,False,False,False,False,True,False,False,True
862,83,209,764970.1904,total,,0.7076553235,2021,2023,2024,32911,False,False,False,False,True,False,False,False,False,True,False,False,True
863,83,209,841590.4707,total,,0.6933971467,2021,2023,2024,32911,False,False,False,False,True,False,False,False,False,True,False,False,True
864,83,209,936992.2869,total,,0.6899833123,2021,2023,2024,32911,False,False,False,False,True,False,False,False,False,True,False,False,True
865,83,209,1043178.642,total,,0.6911257154,2021,2023,2024,32911,False,False,False,False,True,False,False,False,False,False,True,False,True
866,83,209,1147691.269,total,,0.6838347212,2021,2023,2024,32911,False,False,False,False,True,False,False,False,False,False,True,False,True
867,83,209,1262649.872,total,,0.6781995974,2021,2023,2024,32911,False,False,False,False,True,False,False,False,False,False,True,False,True
868,83,209,1389106.006,total,,0.690151762,2021,2023,2024,32911,False,False,False,False,True,False,False,False,False,False,True,False,True
869,83,209,1546579.072,total,,0.7106250151,2021,2023,2024,32911,False,False,False,False,True,False,False,False,False,False,True,False,True
870,83,209,1721887.028,total,,0.736695226,2021,2023,2024,32911,False,False,False,False,True,False,False,False,False,False,True,False,True
871,83,209,1894350.241,total,,0.7604224834,2021,2023,2024,32911,False,False,False,False,True,False,False,False,False,False,True,False,True
872,83,209,2084083.556,total,,0.7946100224,2021,2023,2024,32911,False,False,False,False,True,False,False,False,False,False,True,False,True
873,83,209,2292808.731,total,,0.8207759775,2021,2023,2024,32911,False,False,False,False,True,False,False,False,False,False,True,False,True
874,83,209,2522452.325,total,,0.8491889985,2021,2023,2024,32911,False,False,False,False,True,False,False,False,False,False,True,False,True
875,83,209,2808400.447,total,,0.8686091762,2021,2023,2024,32911,False,False,False,False,True,False,False,False,False,False,True,False,True
876,83,209,3126762.021,total,,0.8804419973,2021,2023,2024,32911,False,False,False,False,True,False,False,False,False,False,True,False,True
877,83,209,3439925.698,total,,0.8863073804,2021,2023,2024,32911,False,False,False,False,True,False,False,False,False,False,True,False,True
878,83,209,3784477.864,total,,0.899574296,2021,2023,2024,32911,False,False,False,False,True,False,False,False,False,False,True,False,True
879,83,209,4163493.141,total,,0.8885866297,2021,2023,2024,32911,False,False,False,False,True,False,False,False,False,False,True,False,True
880,83,209,4635479.554,total,,0.8720280058,2021,2023,2024,32911,False,False,False,False,True,False,False,False,False,False,True,False,True
881,83,209,5160938.317,total,,0.8404511336,2021,2023,2024,32911,False,False,False,False,True,False,False,False,False,False,True,False,True
882,83,209,5677853.66,total,,0.8173174138,2021,2023,2024,32911,False,False,False,False,True,False,False,False,False,False,True,False,True
883,83,209,6246526.338,total,,0.7854544098,2021,2023,2024,32911,False,False,False,False,True,False,False,False,False,False,True,False,True
884,83,209,6872128.712,total,,0.7478000909,2021,2023,2024,32911,False,False,False,False,True,False,False,False,False,False,True,False,True
885,83,209,7651162.337,total,,0.7183355789,2021,2023,2024,32911,False,False,False,False,True,False,False,False,False,False,True,False,True
886,83,209,8518518.448,total,,0.6883975727,2021,2023,2024,32911,False,False,False,False,True,False,False,False,False,False,True,False,True
887,83,209,9371689.579,total,,0.6982310754,2021,2023,2024,32911,False,False,False,False,True,False,False,False,False,False,True,False,True
888,83,209,10310280.86,total,,0.7147278203,2021,2023,2024,32911,False,False,False,False,True,False,False,False,False,False,False,True,True
889,83,209,11342713.43,total,,0.7084633926,2021,2023,2024,32911,False,False,False,False,True,False,False,False,False,False,False,True,True
890,83,209,12628805.4,total,,0.7051449932,2021,2023,2024,32911,False,False,False,False,True,False,False,False,False,False,False,True,True
891,83,209,14060495.08,total,,0.7373516958,2021,2023,2024,32911,False,False,False,False,True,False,False,False,False,False,False,True,True
892,83,209,15468500.09,total,,0.7279680222,2021,2023,2024,32911,False,False,False,False,True,False,False,False,False,False,False,True,True
893,83,209,17017948.05,total,,0.7328961248,2021,2023,2024,32911,False,False,False,False,True,False,False,False,False,False,False,True,True
894,83,209,18722331.85,total,,0.7123760773,2021,2023,2024,32911,False,False,False,False,True,False,False,False,False,False,False,True,True
895,83,209,19873000,total,,0.7271344238,2021,2023,2024,32911,False,False,False,False,True,False,False,False,False,False,False,True,True
896,83,209,1046889.728,total,,0.7353327063,2021,2023,2024,32911,False,False,False,False,True,False,False,False,False,False,True,False,True
897,83,209,1140820.619,total,,0.7277445308,2021,2023,2024,32911,False,False,False,False,True,False,False,False,False,False,True,False,True
898,83,209,1258475.963,total,,0.71149088,2021,2023,2024,32911,False,False,False,False,True,False,False,False,False,False,True,False,True
899,83,209,1388326.68,total,,0.7247672456,2021,2023,2024,32911,False,False,False,False,True,False,False,False,False,False,True,False,True
900,83,209,1531548.556,total,,0.7306409859,2021,2023,2024,32911,False,False,False,False,True,False,False,False,False,False,True,False,True
901,83,209,1689539.021,total,,0.7428429167,2021,2023,2024,32911,False,False,False,False,True,False,False,False,False,False,True,False,True
902,83,209,1886863.49,total,,0.7814968746,2021,2023,2024,32911,False,False,False,False,True,False,False,False,False,False,True,False,True
903,83,209,2107181.53,total,,0.8057386695,2021,2023,2024,32911,False,False,False,False,True,False,False,False,False,False,True,False,True
904,83,209,2324599.593,total,,0.8437465243,2021,2023,2024,32911,False,False,False,False,True,False,False,False,False,False,True,False,True
905,83,209,2564408.892,total,,0.8663316526,2021,2023,2024,32911,False,False,False,False,True,False,False,False,False,False,True,False,True
906,83,209,2828984.422,total,,0.8797121746,2021,2023,2024,32911,False,False,False,False,True,False,False,False,False,False,True,False,True
907,83,209,3120849.365,total,,0.8852622484,2021,2023,2024,32911,False,False,False,False,True,False,False,False,False,False,True,False,True
908,83,209,3442778.239,total,,0.9030356968,2021,2023,2024,32911,False,False,False,False,True,False,False,False,False,False,True,False,True
909,83,209,3797945.099,total,,0.9085922388,2021,2023,2024,32911,False,False,False,False,True,False,False,False,False,False,True,False,True
910,83,209,4189772.209,total,,0.8976270913,2021,2023,2024,32911,False,False,False,False,True,False,False,False,False,False,True,False,True
911,83,209,4621984.473,total,,0.8763766294,2021,2023,2024,32911,False,False,False,False,True,False,False,False,False,False,True,False,True
912,83,209,5098805.099,total,,0.8579954956,2021,2023,2024,32911,False,False,False,False,True,False,False,False,False,False,True,False,True
913,83,209,5624831.525,total,,0.8323172699,2021,2023,2024,32911,False,False,False,False,True,False,False,False,False,False,True,False,True
914,83,209,6205088.485,total,,0.7959321296,2021,2023,2024,32911,False,False,False,False,True,False,False,False,False,False,True,False,True
915,83,209,6845271.99,total,,0.7529506888,2021,2023,2024,32911,False,False,False,False,True,False,False,False,False,False,True,False,True
916,83,209,7644712.804,total,,0.7294563821,2021,2023,2024,32911,False,False,False,False,True,False,False,False,False,False,True,False,True
917,83,209,8537510.187,total,,0.7101808538,2021,2023,2024,32911,False,False,False,False,True,False,False,False,False,False,True,False,True
918,83,209,9418277.983,total,,0.7261156701,2021,2023,2024,32911,False,False,False,False,True,False,False,False,False,False,True,False,True
919,83,209,10389830.46,total,,0.7432745235,2021,2023,2024,32911,False,False,False,False,True,False,False,False,False,False,False,True,True
920,83,209,11461677.23,total,,0.719124036,2021,2023,2024,32911,False,False,False,False,True,False,False,False,False,False,False,True,True
921,83,209,12643991.97,total,,0.7213158806,2021,2023,2024,32911,False,False,False,False,True,False,False,False,False,False,False,True,True
922,83,209,13948489.27,total,,0.7410333538,2021,2023,2024,32911,False,False,False,False,True,False,False,False,False,False,False,True,True
923,83,209,15387698.25,total,,0.7196212723,2021,2023,2024,32911,False,False,False,False,True,False,False,False,False,False,False,True,True
924,83,209,16975099.59,total,,0.726380776,2021,2023,2024,32911,False,False,False,False,True,False,False,False,False,False,False,True,True
925,83,209,18726439.93,total,,0.738503092,2021,2023,2024,32911,False,False,False,False,True,False,False,False,False,False,False,True,True
926,83,209,19911000,total,,0.7390974461,2021,2023,2024,32911,False,False,False,False,True,False,False,False,False,False,False,True,True
927,90,232,10190,capture,,-0.05060999336,2021,2023,2024,32918,True,False,False,False,False,False,False,False,True,False,False,False,False
928,90,232,11305,capture,,-0.1307682803,2021,2023,2024,32918,True,False,False,False,False,False,False,False,True,False,False,False,False
929,90,232,12535,capture,,-0.08618614762,2021,2023,2024,32918,True,False,False,False,False,False,False,False,True,False,False,False,False
930,90,232,13900,capture,,-0.08618614762,2021,2023,2024,32918,True,False,False,False,False,False,False,False,True,False,False,False,False
931,90,232,15420,capture,,-0.1366771399,2021,2023,2024,32918,True,False,False,False,False,False,False,False,True,False,False,False,False
932,90,232,17105,capture,,-0.1870866434,2021,2023,2024,32918,True,False,False,False,False,False,False,False,True,False,False,False,False
933,90,232,18970,capture,,-0.1804560645,2021,2023,2024,32918,True,False,False,False,False,False,False,False,True,False,False,False,False
934,90,232,21040,capture,,-0.1804560645,2021,2023,2024,32918,True,False,False,False,False,False,False,False,True,False,False,False,False
935,90,232,23340,capture,,-0.251811973,2021,2023,2024,32918,True,False,False,False,False,False,False,False,True,False,False,False,False
936,90,232,25890,capture,,-0.2676062402,2021,2023,2024,32918,True,False,False,False,False,False,False,False,True,False,False,False,False
937,90,232,28715,capture,,-0.2757241304,2021,2023,2024,32918,True,False,False,False,False,False,False,False,True,False,False,False,False
938,90,232,31850,capture,,-0.251811973,2021,2023,2024,32918,True,False,False,False,False,False,False,False,True,False,False,False,False
939,90,232,35325,capture,,-0.2839966564,2021,2023,2024,32918,True,False,False,False,False,False,False,False,True,False,False,False,False
940,90,232,39180,capture,,-0.3279021421,2021,2023,2024,32918,True,False,False,False,False,False,False,False,True,False,False,False,False
941,90,232,43460,capture,,-0.3372421683,2021,2023,2024,32918,True,False,False,False,False,False,False,False,True,False,False,False,False
942,90,232,48205,capture,,-0.3767507096,2021,2023,2024,32918,True,False,False,False,False,False,False,False,True,False,False,False,False
943,90,232,53465,capture,,-0.4202164034,2021,2023,2024,32918,True,False,False,False,False,False,False,False,True,False,False,False,False
944,90,232,59300,capture,,-0.4559319556,2021,2023,2024,32918,True,False,False,False,False,False,False,False,True,False,False,False,False
945,90,232,65775,capture,,-0.5228787453,2021,2023,2024,32918,True,False,False,False,False,False,False,False,True,False,False,False,False
946,90,232,72960,capture,,-0.5528419687,2021,2023,2024,32918,True,False,False,False,False,False,False,False,True,False,False,False,False
947,90,232,80925,capture,,-0.585026652,2021,2023,2024,32918,True,False,False,False,False,False,False,False,True,False,False,False,False
948,90,232,89760,capture,,-0.6197887583,2021,2023,2024,32918,True,False,False,False,False,False,False,False,True,False,False,False,False
949,90,232,99560,capture,,-0.6777807053,2021,2023,2024,32918,True,False,False,False,False,False,False,False,True,False,False,False,False
950,90,232,110425,capture,,-0.6777807053,2021,2023,2024,32918,True,False,False,False,False,False,False,False,False,True,False,False,True
951,90,232,122480,capture,,-0.721246399,2021,2023,2024,32918,True,False,False,False,False,False,False,False,False,True,False,False,True
952,90,232,135855,capture,,-0.721246399,2021,2023,2024,32918,True,False,False,False,False,False,False,False,False,True,False,False,True
953,90,232,150690,capture,,-0.7447274949,2021,2023,2024,32918,True,False,False,False,False,False,False,False,False,True,False,False,True
954,90,232,167140,capture,,-0.7695510786,2021,2023,2024,32918,True,False,False,False,False,False,False,False,False,True,False,False,True
955,90,232,185385,capture,,-0.7958800173,2021,2023,2024,32918,True,False,False,False,False,False,False,False,False,True,False,False,True
956,90,232,3994,capture,,0.07605759576,2021,2022,2025,32923,True,False,False,False,False,False,False,True,False,False,False,False,False
957,90,232,4482,capture,,0.09824558429,2021,2022,2025,32923,True,False,False,False,False,False,False,True,False,False,False,False,False
958,90,232,5028,capture,,0.1157203194,2021,2022,2025,32923,True,False,False,False,False,False,False,True,False,False,False,False,False
959,90,232,5642,capture,,-0.1567011793,2021,2022,2025,32923,True,False,False,False,False,False,False,True,False,False,False,False,False
960,90,232,6331,capture,,0.0006596264233,2021,2022,2025,32923,True,False,False,False,False,False,False,True,False,False,False,False,False
961,90,232,7103,capture,,-0.1669000827,2021,2022,2025,32923,True,False,False,False,False,False,False,True,False,False,False,False,False
962,90,232,7970,capture,,-0.06218983489,2021,2022,2025,32923,True,False,False,False,False,False,False,True,False,False,False,False,False
963,90,232,8942,capture,,-0.1202253848,2021,2022,2025,32923,True,False,False,False,False,False,False,True,False,False,False,False,False
964,90,232,10033,capture,,-0.1370538901,2021,2022,2025,32923,True,False,False,False,False,False,False,False,True,False,False,False,False
965,90,232,11257,capture,,-0.1370973594,2021,2022,2025,32923,True,False,False,False,False,False,False,False,True,False,False,False,False
966,90,232,12631,capture,,-0.2623208383,2021,2022,2025,32923,True,False,False,False,False,False,False,False,True,False,False,False,False
967,90,232,14172,capture,,-0.05560074014,2021,2022,2025,32923,True,False,False,False,False,False,False,False,True,False,False,False,False
968,90,232,15902,capture,,-0.2682251485,2021,2022,2025,32923,True,False,False,False,False,False,False,False,True,False,False,False,False
969,90,232,17842,capture,,-0.08348288594,2021,2022,2025,32923,True,False,False,False,False,False,False,False,True,False,False,False,False
970,90,232,20019,capture,,-0.2053028731,2021,2022,2025,32923,True,False,False,False,False,False,False,False,True,False,False,False,False
971,90,232,22461,capture,,-0.3086231819,2021,2022,2025,32923,True,False,False,False,False,False,False,False,True,False,False,False,False
972,90,232,25202,capture,,-0.2259767317,2021,2022,2025,32923,True,False,False,False,False,False,False,False,True,False,False,False,False
973,90,232,28999,capture,,-0.3629547992,2021,2022,2025,32923,True,False,False,False,False,False,False,False,True,False,False,False,False
974,90,232,31728,capture,,-0.3413133473,2021,2022,2025,32923,True,False,False,False,False,False,False,False,True,False,False,False,False
975,90,232,35599,capture,,-0.4107677441,2021,2022,2025,32923,True,False,False,False,False,False,False,False,True,False,False,False,False
976,90,232,39943,capture,,-0.3650302713,2021,2022,2025,32923,True,False,False,False,False,False,False,False,True,False,False,False,False
977,90,232,44816,capture,,-0.3906873867,2021,2022,2025,32923,True,False,False,False,False,False,False,False,True,False,False,False,False
978,90,232,50285,capture,,-0.5144773158,2021,2022,2025,32923,True,False,False,False,False,False,False,False,True,False,False,False,False
979,90,232,56421,capture,,-0.4624642329,2021,2022,2025,32923,True,False,False,False,False,False,False,False,True,False,False,False,False
980,90,232,63305,capture,,-0.5212128062,2021,2022,2025,32923,True,False,False,False,False,False,False,False,True,False,False,False,False
981,90,232,71029,capture,,-0.6739059363,2021,2022,2025,32923,True,False,False,False,False,False,False,False,True,False,False,False,False
982,90,232,79696,capture,,-0.6909045141,2021,2022,2025,32923,True,False,False,False,False,False,False,False,True,False,False,False,False
983,90,232,89421,capture,,-0.7289976011,2021,2022,2025,32923,True,False,False,False,False,False,False,False,True,False,False,False,False
984,90,232,100330,capture,,-0.5926158947,2021,2022,2025,32923,True,False,False,False,False,False,False,False,False,True,False,False,True
985,90,232,112570,capture,,-0.6807335834,2021,2022,2025,32923,True,False,False,False,False,False,False,False,False,True,False,False,True
986,90,232,126310,capture,,-0.6411042925,2021,2022,2025,32923,True,False,False,False,False,False,False,False,False,True,False,False,True
987,90,232,12490000,n2n,,0.3516552542,2021,2024,2025,32933,False,True,False,False,False,False,False,False,False,False,False,True,True
988,90,232,16380000,n2n,,-0.07591722494,2021,2024,2025,32933,False,True,False,False,False,False,False,False,False,False,False,True,True
989,90,232,18100000,n2n,,-0.3016558304,2021,2024,2025,32933,False,True,False,False,False,False,False,False,False,False,False,True,True
990,90,232,3380931.676,total,,0.9054477658,2021,2024,2024,14825,False,False,False,False,True,False,False,False,False,False,True,False,True
991,90,232,3736330.285,total,,0.906502046,2021,2024,2024,14825,False,False,False,False,True,False,False,False,False,False,True,False,True
992,90,232,4129715.729,total,,0.9013138958,2021,2024,2024,14825,False,False,False,False,True,False,False,False,False,False,True,False,True
993,90,232,4563576.339,total,,0.8939558478,2021,2024,2024,14825,False,False,False,False,True,False,False,False,False,False,True,False,True
994,90,232,5043426.316,total,,0.8837068492,2021,2024,2024,14825,False,False,False,False,True,False,False,False,False,False,True,False,True
995,90,232,5574267.216,total,,0.8677001885,2021,2024,2024,14825,False,False,False,False,True,False,False,False,False,False,True,False,True
996,90,232,6160075.324,total,,0.8486539636,2021,2024,2024,14825,False,False,False,False,True,False,False,False,False,False,True,False,True
997,90,232,6808365.443,total,,0.8274306645,2021,2024,2024,14825,False,False,False,False,True,False,False,False,False,False,True,False,True
998,90,232,7524651.819,total,,0.8077953914,2021,2024,2024,14825,False,False,False,False,True,False,False,False,False,False,True,False,True
999,90,232,8315398.968,total,,0.789355046,2021,2024,2024,14825,False,False,False,False,True,False,False,False,False,False,True,False,True
1000,90,232,9190122.36,total,,0.7750385357,2021,2024,2024,14825,False,False,False,False,True,False,False,False,False,False,True,False,True
1001,90,232,10154873.71,total,,0.7636750219,2021,2024,2024,14825,False,False,False,False,True,False,False,False,False,False,False,True,True
1002,90,232,11226508.81,total,,0.7596942792,2021,2024,2024,14825,False,False,False,False,True,False,False,False,False,False,False,True,True
1003,90,232,12406127.52,total,,0.7595809771,2021,2024,2024,14825,False,False,False,False,True,False,False,False,False,False,False,True,True
1004,90,232,13710660.09,total,,0.7665801372,2021,2024,2024,14825,False,False,False,False,True,False,False,False,False,False,False,True,True
1005,90,232,15155236.72,total,,0.7748088303,2021,2024,2024,14825,False,False,False,False,True,False,False,False,False,False,False,True,True
1006,90,232,16744733.5,total,,0.7831028254,2021,2024,2024,14825,False,False,False,False,True,False,False,False,False,False,False,True,True
1007,90,232,18509159.89,total,,0.7904364721,2021,2024,2024,14825,False,False,False,False,True,False,False,False,False,False,False,True,True
1008,90,232,19950000,total,,0.7962342571,2021,2024,2024,14825,False,False,False,False,True,False,False,False,False,False,False,True,True
1009,92,235,3197256.011,total,,0.8955523729,2021,2024,2024,14825,False,False,False,False,True,False,False,False,False,False,True,False,True
1010,92,235,3443188.928,total,,0.8962188509,2021,2024,2024,14825,False,False,False,False,True,False,False,False,False,False,True,False,True
1011,92,235,3800806.754,total,,0.8977438953,2021,2024,2024,14825,False,False,False,False,True,False,False,False,False,False,True,False,True
1012,92,235,4195648.579,total,,0.8961774845,2021,2024,2024,14825,False,False,False,False,True,False,False,False,False,False,True,False,True
1013,92,235,4631234.391,total,,0.8898365359,2021,2024,2024,14825,False,False,False,False,True,False,False,False,False,False,True,False,True
1014,92,235,5111800.312,total,,0.8778692894,2021,2024,2024,14825,False,False,False,False,True,False,False,False,False,False,True,False,True
1015,92,235,5642348.084,total,,0.8630238079,2021,2024,2024,14825,False,False,False,False,True,False,False,False,False,False,True,False,True
1016,92,235,6228380.123,total,,0.843566004,2021,2024,2024,14825,False,False,False,False,True,False,False,False,False,False,True,False,True
1017,92,235,6874632.714,total,,0.8237219542,2021,2024,2024,14825,False,False,False,False,True,False,False,False,False,False,True,False,True
1018,92,235,7588608.563,total,,0.8054736714,2021,2024,2024,14825,False,False,False,False,True,False,False,False,False,False,True,False,True
1019,92,235,8376063.032,total,,0.7834229466,2021,2024,2024,14825,False,False,False,False,True,False,False,False,False,False,True,False,True
1020,92,235,9245974.85,total,,0.7702074528,2021,2024,2024,14825,False,False,False,False,True,False,False,False,False,False,True,False,True
1021,92,235,10204877.47,total,,0.7603470785,2021,2024,2024,14825,False,False,False,False,True,False,False,False,False,False,False,True,True
1022,92,235,11407130.04,total,,0.7557636011,2021,2024,2024,14825,False,False,False,False,True,False,False,False,False,False,False,True,True
1023,92,235,12745104.86,total,,0.7577963518,2021,2024,2024,14825,False,False,False,False,True,False,False,False,False,False,False,True,True
1024,92,235,14069683.68,total,,0.7600283483,2021,2024,2024,14825,False,False,False,False,True,False,False,False,False,False,False,True,True
1025,92,235,15526596.21,total,,0.7708115247,2021,2024,2024,14825,False,False,False,False,True,False,False,False,False,False,False,True,True
1026,92,235,17140978.38,total,,0.7794395542,2021,2024,2024,14825,False,False,False,False,True,False,False,False,False,False,False,True,True
1027,92,235,18920296.75,total,,0.7850752354,2021,2024,2024,14825,False,False,False,False,True,False,False,False,False,False,False,True,True
1028,92,238,3622000,capture,,-1.92226882,2021,2023,2024,32896,True,False,False,False,False,False,False,False,False,False,True,False,True
1029,92,238,4626000,capture,,-2.352910571,2021,2023,2024,32896,True,False,False,False,False,False,False,False,False,False,True,False,True
1030,92,238,6117000,capture,,-2.978397284,2021,2023,2024,32896,True,False,False,False,False,False,False,False,False,False,True,False,True
1031,92,238,3380931.676,total,,0.895988528,2021,2024,2024,14825,False,False,False,False,True,False,False,False,False,False,True,False,True
1032,92,238,3736330.285,total,,0.8965041715,2021,2024,2024,14825,False,False,False,False,True,False,False,False,False,False,True,False,True
1033,92,238,4129715.729,total,,0.8957456603,2021,2024,2024,14825,False,False,False,False,True,False,False,False,False,False,True,False,True
1034,92,238,4563576.339,total,,0.8896685964,2021,2024,2024,14825,False,False,False,False,True,False,False,False,False,False,True,False,True
1035,92,238,5043426.316,total,,0.8798553738,2021,2024,2024,14825,False,False,False,False,True,False,False,False,False,False,True,False,True
1036,92,238,5574267.216,total,,0.8647542653,2021,2024,2024,14825,False,False,False,False,True,False,False,False,False,False,True,False,True
1037,92,238,6160075.324,total,,0.8474338355,2021,2024,2024,14825,False,False,False,False,True,False,False,False,False,False,True,False,True
1038,92,238,6808365.443,total,,0.827456511,2021,2024,2024,14825,False,False,False,False,True,False,False,False,False,False,True,False,True
1039,92,238,7524651.819,total,,0.8089128413,2021,2024,2024,14825,False,False,False,False,True,False,False,False,False,False,True,False,True
1040,92,238,8315398.968,total,,0.7917152046,2021,2024,2024,14825,False,False,False,False,True,False,False,False,False,False,True,False,True
1041,92,238,9190122.36,total,,0.7782815192,2021,2024,2024,14825,False,False,False,False,True,False,False,False,False,False,True,False,True
1042,92,238,10154873.71,total,,0.7666284535,2021,2024,2024,14825,False,False,False,False,True,False,False,False,False,False,False,True,True
1043,92,238,11226508.81,total,,0.7620255061,2021,2024,2024,14825,False,False,False,False,True,False,False,False,False,False,False,True,True
1044,92,238,12406127.52,total,,0.7612134454,2021,2024,2024,14825,False,False,False,False,True,False,False,False,False,False,False,True,True
1045,92,238,13710660.09,total,,0.7662529319,2021,2024,2024,14825,False,False,False,False,True,False,False,False,False,False,False,True,True
1046,92,238,15155236.72,total,,0.7732597081,2021,2024,2024,14825,False,False,False,False,True,False,False,False,False,False,False,True,True
1047,92,238,16744733.5,total,,0.7802632921,2021,2024,2024,14825,False,False,False,False,True,False,False,False,False,False,False,True,True
1048,92,238,18509159.89,total,,0.7871486341,2021,2024,2024,14825,False,False,False,False,True,False,False,False,False,False,False,True,True
1049,92,238,19950000,total,,0.7917327434,2021,2024,2024,14825,False,False,False,False,True,False,False,False,False,False,False,True,True
1050,93,237,1065.3873,capture,,1.111104499,2021,2022,2022,23601,True,False,False,False,False,False,False,True,False,False,False,False,False
1051,93,237,1218.084,capture,,1.060131,2021,2022,2022,23601,True,False,False,False,False,False,False,True,False,False,False,False,False
1052,93,237,1406.1765,capture,,1.05927556,2021,2022,2022,23601,True,False,False,False,False,False,False,True,False,False,False,False,False
1053,93,237,1641.535,capture,,0.9698444036,2021,2022,2022,23601,True,False,False,False,False,False,False,True,False,False,False,False,False
1054,93,237,1904.08,capture,,0.9387448195,2021,2022,2022,23601,True,False,False,False,False,False,False,True,False,False,False,False,False
1055,93,237,2198.1735,capture,,0.9066043717,2021,2022,2022,23601,True,False,False,False,False,False,False,True,False,False,False,False,False
1056,93,237,2566.189,capture,,0.895218059,2021,2022,2022,23601,True,False,False,False,False,False,False,True,False,False,False,False,False
1057,93,237,3035.2015,capture,,0.8480289221,2021,2022,2022,23601,True,False,False,False,False,False,False,True,False,False,False,False,False
1058,93,237,3645.9535,capture,,0.7869004192,2021,2022,2022,23601,True,False,False,False,False,False,False,True,False,False,False,False,False
1059,93,237,4462.078,capture,,0.7301521725,2021,2022,2022,23601,True,False,False,False,False,False,False,True,False,False,False,False,False
1060,93,237,5587.5275,capture,,0.6992131412,2021,2022,2022,23601,True,False,False,False,False,False,False,True,False,False,False,False,False
1061,93,237,7201.782,capture,,0.6261144344,2021,2022,2022,23601,True,False,False,False,False,False,False,True,False,False,False,False,False
1062,93,237,9637.1795,capture,,0.5778937383,2021,2022,2022,23601,True,False,False,False,False,False,False,True,False,False,False,False,False
1063,93,237,13568.19,capture,,0.5162576539,2021,2022,2022,23601,True,False,False,False,False,False,False,False,True,False,False,False,False
1064,93,237,18483.46,capture,,0.4431690758,2021,2022,2022,23601,True,False,False,False,False,False,False,False,True,False,False,False,False
1065,93,237,24743.96,capture,,0.3905818786,2021,2022,2022,23601,True,False,False,False,False,False,False,False,True,False,False,False,False
1066,93,237,34856.615,capture,,0.3442546926,2021,2022,2022,23601,True,False,False,False,False,False,False,False,True,False,False,False,False
1067,93,237,52830.615,capture,,0.2659963705,2021,2022,2022,23601,True,False,False,False,False,False,False,False,True,False,False,False,False
1068,93,237,74437.595,capture,,0.2312656484,2021,2022,2022,23601,True,False,False,False,False,False,False,False,True,False,False,False,False
1069,93,237,99758.45,capture,,0.1317148785,2021,2022,2022,23601,True,False,False,False,False,False,False,False,True,False,False,False,False
1070,93,237,140741,capture,,0.06307052564,2021,2022,2022,23601,True,False,False,False,False,False,False,False,False,True,False,False,True
1071,93,237,213794.15,capture,,-0.06565307326,2021,2022,2022,23601,True,False,False,False,False,False,False,False,False,True,False,False,True
1072,93,237,364803.75,capture,,-0.2621714941,2021,2022,2022,23601,True,False,False,False,False,False,False,False,False,True,False,False,True
1073,93,237,770144.85,capture,,-0.6876110506,2021,2022,2022,23601,True,False,False,False,False,False,False,False,False,True,False,False,True
1074,93,237,1065.3873,capture,,1.108138638,2021,2022,2022,23601,True,False,False,False,False,False,False,True,False,False,False,False,False
1075,93,237,1218.084,capture,,1.057167634,2021,2022,2022,23601,True,False,False,False,False,False,False,True,False,False,False,False,False
1076,93,237,1406.1765,capture,,1.056313961,2021,2022,2022,23601,True,False,False,False,False,False,False,True,False,False,False,False,False
1077,93,237,1641.535,capture,,0.9668782347,2021,2022,2022,23601,True,False,False,False,False,False,False,True,False,False,False,False,False
1078,93,237,1904.08,capture,,0.9362874885,2021,2022,2022,23601,True,False,False,False,False,False,False,True,False,False,False,False,False
1079,93,237,2198.1735,capture,,0.9041527072,2021,2022,2022,23601,True,False,False,False,False,False,False,True,False,False,False,False,False
1080,93,237,2566.189,capture,,0.8927622346,2021,2022,2022,23601,True,False,False,False,False,False,False,True,False,False,False,False,False
1081,93,237,3035.2015,capture,,0.845569304,2021,2022,2022,23601,True,False,False,False,False,False,False,True,False,False,False,False,False
1082,93,237,3645.9535,capture,,0.7844389742,2021,2022,2022,23601,True,False,False,False,False,False,False,True,False,False,False,False,False
1083,93,237,4462.078,capture,,0.7276957538,2021,2022,2022,23601,True,False,False,False,False,False,False,True,False,False,False,False,False
1084,93,237,5587.5275,capture,,0.6967581655,2021,2022,2022,23601,True,False,False,False,False,False,False,True,False,False,False,False,False
1085,93,237,7201.782,capture,,0.6236523767,2021,2022,2022,23601,True,False,False,False,False,False,False,True,False,False,False,False,False
1086,93,237,9637.1795,capture,,0.5754418791,2021,2022,2022,23601,True,False,False,False,False,False,False,True,False,False,False,False,False
1087,93,237,13568.19,capture,,0.513790065,2021,2022,2022,23601,True,False,False,False,False,False,False,False,True,False,False,False,False
1088,93,237,18483.46,capture,,0.4398377609,2021,2022,2022,23601,True,False,False,False,False,False,False,False,True,False,False,False,False
1089,93,237,24743.96,capture,,0.3872474114,2021,2022,2022,23601,True,False,False,False,False,False,False,False,True,False,False,False,False
1090,93,237,34856.615,capture,,0.3409197934,2021,2022,2022,23601,True,False,False,False,False,False,False,False,True,False,False,False,False
1091,93,237,52830.615,capture,,0.2626646247,2021,2022,2022,23601,True,False,False,False,False,False,False,False,True,False,False,False,False
1092,93,237,74437.595,capture,,0.2279380974,2021,2022,2022,23601,True,False,False,False,False,False,False,False,True,False,False,False,False
1093,93,237,99758.46,capture,,0.1283669539,2021,2022,2022,23601,True,False,False,False,False,False,False,False,True,False,False,False,False
1094,93,237,140741,capture,,0.05975269421,2021,2022,2022,23601,True,False,False,False,False,False,False,False,False,True,False,False,True
1095,93,237,213794.15,capture,,-0.06900005804,2021,2022,2022,23601,True,False,False,False,False,False,False,False,False,True,False,False,True
1096,93,237,364803.75,capture,,-0.2655202106,2021,2022,2022,23601,True,False,False,False,False,False,False,False,False,True,False,False,True
1097,93,237,770144.85,capture,,-0.691008971,2021,2022,2022,23601,True,False,False,False,False,False,False,False,False,True,False,False,True
1098,93,237,3197256.011,total,,0.8894501778,2021,2024,2024,14825,False,False,False,False,True,False,False,False,False,False,True,False,True
1099,93,237,3443188.928,total,,0.8934676956,2021,2024,2024,14825,False,False,False,False,True,False,False,False,False,False,True,False,True
1100,93,237,3800806.754,total,,0.8949844392,2021,2024,2024,14825,False,False,False,False,True,False,False,False,False,False,True,False,True
1101,93,237,4195648.579,total,,0.8922713468,2021,2024,2024,14825,False,False,False,False,True,False,False,False,False,False,True,False,True
1102,93,237,4631234.391,total,,0.8853866662,2021,2024,2024,14825,False,False,False,False,True,False,False,False,False,False,True,False,True
1103,93,237,5111800.312,total,,0.8753246555,2021,2024,2024,14825,False,False,False,False,True,False,False,False,False,False,True,False,True
1104,93,237,5642348.084,total,,0.8588739159,2021,2024,2024,14825,False,False,False,False,True,False,False,False,False,False,True,False,True
1105,93,237,6228380.123,total,,0.8419394981,2021,2024,2024,14825,False,False,False,False,True,False,False,False,False,False,True,False,True
1106,93,237,6874632.714,total,,0.8216739847,2021,2024,2024,14825,False,False,False,False,True,False,False,False,False,False,True,False,True
1107,93,237,7588608.563,total,,0.8047934494,2021,2024,2024,14825,False,False,False,False,True,False,False,False,False,False,True,False,True
1108,93,237,8376063.032,total,,0.7869784449,2021,2024,2024,14825,False,False,False,False,True,False,False,False,False,False,True,False,True
1109,93,237,9245974.85,total,,0.7720942294,2021,2024,2024,14825,False,False,False,False,True,False,False,False,False,False,True,False,True
1110,93,237,10204877.47,total,,0.7632201564,2021,2024,2024,14825,False,False,False,False,True,False,False,False,False,False,False,True,True
1111,93,237,11407130.04,total,,0.7563058885,2021,2024,2024,14825,False,False,False,False,True,False,False,False,False,False,False,True,True
1112,93,237,12745104.86,total,,0.7548870465,2021,2024,2024,14825,False,False,False,False,True,False,False,False,False,False,False,True,True
1113,93,237,14069683.68,total,,0.7589705258,2021,2024,2024,14825,False,False,False,False,True,False,False,False,False,False,False,True,True
1114,93,237,15526596.21,total,,0.767391509,2021,2024,2024,14825,False,False,False,False,True,False,False,False,False,False,False,True,True
1115,93,237,17140978.38,total,,0.7772219524,2021,2024,2024,14825,False,False,False,False,True,False,False,False,False,False,False,True,True
1116,93,237,18920296.75,total,,0.7845263594,2021,2024,2024,14825,False,False,False,False,True,False,False,False,False,False,False,True,True
1117,94,239,3433928.556,total,,0.8946907385,2021,2024,2024,14825,False,False,False,False,True,False,False,False,False,False,True,False,True
1118,94,239,3879349.172,total,,0.894792196,2021,2024,2024,14825,False,False,False,False,True,False,False,False,False,False,True,False,True
1119,94,239,4277223.632,total,,0.8927149778,2021,2024,2024,14825,False,False,False,False,True,False,False,False,False,False,True,False,True
1120,94,239,4715597.947,total,,0.8867698248,2021,2024,2024,14825,False,False,False,False,True,False,False,False,False,False,True,False,True
1121,94,239,5198961.242,total,,0.8748817179,2021,2024,2024,14825,False,False,False,False,True,False,False,False,False,False,True,False,True
1122,94,239,5731802.683,total,,0.8602361601,2021,2024,2024,14825,False,False,False,False,True,False,False,False,False,False,True,False,True
1123,94,239,6319123.753,total,,0.8420504125,2021,2024,2024,14825,False,False,False,False,True,False,False,False,False,False,True,False,True
1124,94,239,6966926.223,total,,0.8228673581,2021,2024,2024,14825,False,False,False,False,True,False,False,False,False,False,True,False,True
1125,94,239,7681211.884,total,,0.8060374477,2021,2024,2024,14825,False,False,False,False,True,False,False,False,False,False,True,False,True
1126,94,239,8468470.464,total,,0.7901056373,2021,2024,2024,14825,False,False,False,False,True,False,False,False,False,False,True,False,True
1127,94,239,9336216.418,total,,0.7756504901,2021,2024,2024,14825,False,False,False,False,True,False,False,False,False,False,True,False,True
1128,94,239,10296965.57,total,,0.7659292022,2021,2024,2024,14825,False,False,False,False,True,False,False,False,False,False,False,True,True
1129,94,239,11346545.73,total,,0.7612924624,2021,2024,2024,14825,False,False,False,False,True,False,False,False,False,False,False,True,True
1130,94,239,12511282.91,total,,0.7567501811,2021,2024,2024,14825,False,False,False,False,True,False,False,False,False,False,False,True,True
1131,94,239,13790931.8,total,,0.7621043756,2021,2024,2024,14825,False,False,False,False,True,False,False,False,False,False,False,True,True
1132,94,239,15205499.01,total,,0.7718042066,2021,2024,2024,14825,False,False,False,False,True,False,False,False,False,False,False,True,True
1133,94,239,16764987.32,total,,0.7792464618,2021,2024,2024,14825,False,False,False,False,True,False,False,False,False,False,False,True,True
1134,94,239,18484523.26,total,,0.7833496436,2021,2024,2024,14825,False,False,False,False,True,False,False,False,False,False,False,True,True
1135,94,239,19890000,total,,0.7895807122,2021,2024,2024,14825,False,False,False,False,True,False,False,False,False,False,False,True,True
1136,95,241,23500,capture,,0.434568904,2021,2023,2023,23606,True,False,False,False,False,False,False,False,True,False,False,False,False
1137,95,241,51500,capture,,0.3304137733,2021,2023,2023,23606,True,False,False,False,False,False,False,False,True,False,False,False,False
1138,95,241,127700,capture,,0.1205739312,2021,2023,2023,23606,True,False,False,False,False,False,False,False,False,True,False,False,True
1139,95,241,1041.128371,capture,,1.146748014,2021,2024,2025,23620,True,False,False,False,False,False,False,True,False,False,False,False,False
1140,95,241,1148.579498,capture,,1.09852836,2021,2024,2025,23620,True,False,False,False,False,False,False,True,False,False,False,False,False
1141,95,241,1273.571169,capture,,1.089551883,2021,2024,2025,23620,True,False,False,False,False,False,False,True,False,False,False,False,False
1142,95,241,1420.140065,capture,,1.044931546,2021,2024,2025,23620,True,False,False,False,False,False,False,True,False,False,False,False,False
1143,95,241,1562.269623,capture,,1.036029731,2021,2024,2025,23620,True,False,False,False,False,False,False,True,False,False,False,False,False
1144,95,241,1727.443179,capture,,0.9879640328,2021,2024,2025,23620,True,False,False,False,False,False,False,True,False,False,False,False,False
1145,95,241,1919.561574,capture,,1.01911629,2021,2024,2025,23620,True,False,False,False,False,False,False,True,False,False,False,False,False
1146,95,241,2097.647087,capture,,0.9997827985,2021,2024,2025,23620,True,False,False,False,False,False,False,True,False,False,False,False,False
1147,95,241,2301.726714,capture,,0.98788961,2021,2024,2025,23620,True,False,False,False,False,False,False,True,False,False,False,False,False
1148,95,241,2474.619,capture,,0.903089987,2021,2024,2025,23620,True,False,False,False,False,False,False,True,False,False,False,False,False
1149,95,241,2810.578045,capture,,0.8779469516,2021,2024,2025,23620,True,False,False,False,False,False,False,True,False,False,False,False,False
1150,95,241,3130.78131,capture,,0.8512583487,2021,2024,2025,23620,True,False,False,False,False,False,False,True,False,False,False,False,False
1151,95,241,3509.030763,capture,,0.656098202,2021,2024,2025,23620,True,False,False,False,False,False,False,True,False,False,False,False,False
1152,95,241,3838.7155,capture,,0.806179974,2021,2024,2025,23620,True,False,False,False,False,False,False,True,False,False,False,False,False
1153,95,241,4219.267447,capture,,0.7948364578,2021,2024,2025,23620,True,False,False,False,False,False,False,True,False,False,False,False,False
1154,95,241,4656.853,capture,,0.7015679851,2021,2024,2025,23620,True,False,False,False,False,False,False,True,False,False,False,False,False
1155,95,241,5169.404838,capture,,0.7976137302,2021,2024,2025,23620,True,False,False,False,False,False,False,True,False,False,False,False,False
1156,95,241,5767.687,capture,,0.6674529529,2021,2024,2025,23620,True,False,False,False,False,False,False,True,False,False,False,False,False
1157,95,241,6227.672,capture,,0.6848453616,2021,2024,2025,23620,True,False,False,False,False,False,False,True,False,False,False,False,False
1158,95,241,7031.290772,capture,,0.6910814921,2021,2024,2025,23620,True,False,False,False,False,False,False,True,False,False,False,False,False
1159,95,241,7993.945,capture,,0.5965970956,2021,2024,2025,23620,True,False,False,False,False,False,False,True,False,False,False,False,False
1160,95,241,8752.878,capture,,0.6646419756,2021,2024,2025,23620,True,False,False,False,False,False,False,True,False,False,False,False,False
1161,95,241,9625.43,capture,,0.622214023,2021,2024,2025,23620,True,False,False,False,False,False,False,True,False,False,False,False,False
1162,95,241,10635.5005,capture,,0.6937269489,2021,2024,2025,23620,True,False,False,False,False,False,False,False,True,False,False,False,False
1163,95,241,11813.645,capture,,0.4727564493,2021,2024,2025,23620,True,False,False,False,False,False,False,False,True,False,False,False,False
1164,95,241,13199.425,capture,,0.480006943,2021,2024,2025,23620,True,False,False,False,False,False,False,False,True,False,False,False,False
1165,95,241,14844.76,capture,,0.4048337166,2021,2024,2025,23620,True,False,False,False,False,False,False,False,True,False,False,False,False
1166,95,241,16818.965,capture,,0.4727564493,2021,2024,2025,23620,True,False,False,False,False,False,False,False,True,False,False,False,False
1167,95,241,19216.19,capture,,0.4517864355,2021,2024,2025,23620,True,False,False,False,False,False,False,False,True,False,False,False,False
1168,95,241,22166.975,capture,,0.4048337166,2021,2024,2025,23620,True,False,False,False,False,False,False,False,True,False,False,False,False
1169,95,241,25856.625,capture,,0.3138672204,2021,2024,2025,23620,True,False,False,False,False,False,False,False,True,False,False,False,False
1170,95,241,30555.405,capture,,0.3463529745,2021,2024,2025,23620,True,False,False,False,False,False,False,False,True,False,False,False,False
1171,95,241,36670.245,capture,,0.4248816366,2021,2024,2025,23620,True,False,False,False,False,False,False,False,True,False,False,False,False
1172,95,241,44837.485,capture,,0.3304137733,2021,2024,2025,23620,True,False,False,False,False,False,False,False,True,False,False,False,False
1173,95,241,56099.02,capture,,0.3384564936,2021,2024,2025,23620,True,False,False,False,False,False,False,False,True,False,False,False,False
1174,95,241,72260.66,capture,,0.2479732664,2021,2024,2025,23620,True,False,False,False,False,False,False,False,True,False,False,False,False
1175,95,241,96688.115,capture,,0.05307844348,2021,2024,2025,23620,True,False,False,False,False,False,False,False,True,False,False,False,False
1176,95,241,136288.415,capture,,0.1430148003,2021,2024,2025,23620,True,False,False,False,False,False,False,False,False,True,False,False,True
1177,95,241,207277.8,capture,,0.1367205672,2021,2024,2025,23620,True,False,False,False,False,False,False,False,False,True,False,False,True
1178,95,241,356323.6,capture,,-0.1307682803,2021,2024,2025,23620,True,False,False,False,False,False,False,False,False,True,False,False,True
1179,95,241,774386.6,capture,,-0.4948500217,2021,2024,2025,23620,True,False,False,False,False,False,False,False,False,True,False,False,True
