row,Z,A,energy_ev,quantity,spectrum,label,freeze_year,pub_year,compiled_year,entry,sub:capture,sub:n2n,sub:np,sub:na,sub:total,sub:elastic,sub:inelastic,sub:< 10 keV,sub:10-100 keV,sub:0.1-1 MeV,sub:1-10 MeV,sub:> 10 MeV,sub:E >= 100 keV (DATEDEXAM post-hoc subset)
0,5,10,6000000,elastic,,-0.06550154876,2019,2021,2021,14719,False,False,False,False,False,True,False,False,False,False,True,False,True
1,5,10,10000000,elastic,,-0.09205147839,2019,2021,2021,14719,False,False,False,False,False,True,False,False,False,False,False,True,True
2,5,11,6000000,elastic,,0.1335389084,2019,2021,2021,14719,False,False,False,False,False,True,False,False,False,False,True,False,True
3,5,11,10000000,elastic,,-0.04383156952,2019,2021,2021,14719,False,False,False,False,False,True,False,False,False,False,False,True,True
4,6,12,14100000,elastic,,-0.1023729087,2019,2025,2025,41788,False,False,False,False,False,True,False,False,False,False,False,True,True
5,6,12,6918767.112,inelastic,,-0.7454023818,2019,2023,2024,14820,False,False,False,False,False,False,True,False,False,False,True,False,True
6,6,12,7674122.661,inelastic,,-0.4557756378,2019,2023,2024,14820,False,False,False,False,False,False,True,False,False,False,True,False,True
7,6,12,8511944.16,inelastic,,-0.5524315217,2019,2023,2024,14820,False,False,False,False,False,False,True,False,False,False,True,False,True
8,6,12,9333162.03,inelastic,,-0.5476013034,2019,2023,2024,14820,False,False,False,False,False,False,True,False,False,False,True,False,True
9,6,12,10352108.86,inelastic,,-0.5224221076,2019,2023,2024,14820,False,False,False,False,False,False,True,False,False,False,False,True,True
10,6,12,11482320,inelastic,,-0.5582416489,2019,2023,2024,14820,False,False,False,False,False,False,True,False,False,False,False,True,True
11,6,12,12590103.24,inelastic,,-0.644407697,2019,2023,2024,14820,False,False,False,False,False,False,True,False,False,False,False,True,True
12,6,12,13964595.15,inelastic,,-0.7006278265,2019,2023,2024,14820,False,False,False,False,False,False,True,False,False,False,False,True,True
13,6,12,15489166.79,inelastic,,-0.8001043304,2019,2023,2024,14820,False,False,False,False,False,False,True,False,False,False,False,True,True
14,6,12,16407000,inelastic,,-0.9266042835,2019,2023,2024,14820,False,False,False,False,False,False,True,False,False,False,False,True,True
15,6,12,4842723.229,inelastic,,-1.676675695,2019,2023,2024,14820,False,False,False,False,False,False,True,False,False,False,True,False,True
16,6,12,5125749.018,inelastic,,-1.189126098,2019,2023,2024,14820,False,False,False,False,False,False,True,False,False,False,True,False,True
17,6,12,5665760.922,inelastic,,-0.826417352,2019,2023,2024,14820,False,False,False,False,False,False,True,False,False,False,True,False,True
18,6,12,6260389.565,inelastic,,-0.6113538945,2019,2023,2024,14820,False,False,False,False,False,False,True,False,False,False,True,False,True
19,6,12,6916122.588,inelastic,,-0.7135716682,2019,2023,2024,14820,False,False,False,False,False,False,True,False,False,False,True,False,True
20,6,12,7644839.784,inelastic,,-0.4864418394,2019,2023,2024,14820,False,False,False,False,False,False,True,False,False,False,True,False,True
21,6,12,8448802.416,inelastic,,-0.5247731458,2019,2023,2024,14820,False,False,False,False,False,False,True,False,False,False,True,False,True
22,6,12,9338464.19,inelastic,,-0.5407323101,2019,2023,2024,14820,False,False,False,False,False,False,True,False,False,False,True,False,True
23,6,12,10320172.4,inelastic,,-0.5069021472,2019,2023,2024,14820,False,False,False,False,False,False,True,False,False,False,False,True,True
24,6,12,11400281.94,inelastic,,-0.5309537061,2019,2023,2024,14820,False,False,False,False,False,False,True,False,False,False,False,True,True
25,6,12,12600633.45,inelastic,,-0.6070881386,2019,2023,2024,14820,False,False,False,False,False,False,True,False,False,False,False,True,True
26,6,12,13933048.65,inelastic,,-0.6608593821,2019,2023,2024,14820,False,False,False,False,False,False,True,False,False,False,False,True,True
27,6,12,15316589.92,inelastic,,-0.7414628358,2019,2023,2024,14820,False,False,False,False,False,False,True,False,False,False,False,True,True
28,6,12,2584461.575,total,,0.219842023,2019,2020,2020,14661,False,False,False,False,True,False,False,False,False,False,True,False,True
29,6,12,2809252.091,total,,0.3427026801,2019,2020,2020,14661,False,False,False,False,True,False,False,False,False,False,True,False,True
30,6,12,3108163.818,total,,0.2362531138,2019,2020,2020,14661,False,False,False,False,True,False,False,False,False,False,True,False,True
31,6,12,3435325.325,total,,0.4044926593,2019,2020,2020,14661,False,False,False,False,True,False,False,False,False,False,True,False,True
32,6,12,3791528.281,total,,0.360394929,2019,2020,2020,14661,False,False,False,False,True,False,False,False,False,False,True,False,True
33,6,12,4196370.367,total,,0.2936503816,2019,2020,2020,14661,False,False,False,False,True,False,False,False,False,False,True,False,True
34,6,12,4646452.128,total,,0.1709580821,2019,2020,2020,14661,False,False,False,False,True,False,False,False,False,False,True,False,True
35,6,12,5132842.259,total,,0.0852665367,2019,2020,2020,14661,False,False,False,False,True,False,False,False,False,False,True,False,True
36,6,12,5668716.927,total,,0.04276206106,2019,2020,2020,14661,False,False,False,False,True,False,False,False,False,False,True,False,True
37,6,12,6257030.423,total,,0.1080129511,2019,2020,2020,14661,False,False,False,False,True,False,False,False,False,False,True,False,True
38,6,12,6921428.708,total,,-0.08783454396,2019,2020,2020,14661,False,False,False,False,True,False,False,False,False,False,True,False,True
39,6,12,7648210.956,total,,0.2755977178,2019,2020,2020,14661,False,False,False,False,True,False,False,False,False,False,True,False,True
40,6,12,8440002.567,total,,0.1013311341,2019,2020,2020,14661,False,False,False,False,True,False,False,False,False,False,True,False,True
41,6,12,9328420.124,total,,0.09195019903,2019,2020,2020,14661,False,False,False,False,True,False,False,False,False,False,True,False,True
42,6,12,10327595.46,total,,0.08319050572,2019,2020,2020,14661,False,False,False,False,True,False,False,False,False,False,False,True,True
43,6,12,11406427.44,total,,0.1423068025,2019,2020,2020,14661,False,False,False,False,True,False,False,False,False,False,False,True,True
44,6,12,12561848.22,total,,0.144217857,2019,2020,2020,14661,False,False,False,False,True,False,False,False,False,False,False,True,True
45,6,12,13903370,total,,0.125724641,2019,2020,2020,14661,False,False,False,False,True,False,False,False,False,False,False,True,True
46,6,12,15402638.41,total,,0.163727736,2019,2020,2020,14661,False,False,False,False,True,False,False,False,False,False,False,True,True
47,6,12,16995573.77,total,,0.1502875171,2019,2020,2020,14661,False,False,False,False,True,False,False,False,False,False,False,True,True
48,6,12,18758520.98,total,,0.1667015001,2019,2020,2020,14661,False,False,False,False,True,False,False,False,False,False,False,True,True
49,6,12,19843930,total,,0.174030718,2019,2020,2020,14661,False,False,False,False,True,False,False,False,False,False,False,True,True
50,6,12,14100000,total,,0.1553360375,2019,2020,2020,31807,False,False,False,False,True,False,False,False,False,False,False,True,True
51,7,14,104396.7987,total,,0.6104496222,2019,2025,2025,23672,False,False,False,False,True,False,False,False,False,True,False,False,True
52,7,14,114621.1463,total,,0.6003808872,2019,2025,2025,23672,False,False,False,False,True,False,False,False,False,True,False,False,True
53,7,14,126697.5941,total,,0.5951260423,2019,2025,2025,23672,False,False,False,False,True,False,False,False,False,True,False,False,True
54,7,14,140051.256,total,,0.5831944228,2019,2025,2025,23672,False,False,False,False,True,False,False,False,False,True,False,False,True
55,7,14,154776.5706,total,,0.5729699738,2019,2025,2025,23672,False,False,False,False,True,False,False,False,False,True,False,False,True
56,7,14,171014.6206,total,,0.5615908244,2019,2025,2025,23672,False,False,False,False,True,False,False,False,False,True,False,False,True
57,7,14,188986.9441,total,,0.5499053639,2019,2025,2025,23672,False,False,False,False,True,False,False,False,False,True,False,False,True
58,7,14,208905.044,total,,0.534529708,2019,2025,2025,23672,False,False,False,False,True,False,False,False,False,True,False,False,True
59,7,14,230846.3359,total,,0.5205105217,2019,2025,2025,23672,False,False,False,False,True,False,False,False,False,True,False,False,True
60,7,14,255128.7423,total,,0.5106051153,2019,2025,2025,23672,False,False,False,False,True,False,False,False,False,True,False,False,True
61,7,14,282049.6416,total,,0.4942185509,2019,2025,2025,23672,False,False,False,False,True,False,False,False,False,True,False,False,True
62,7,14,311701.4988,total,,0.4765943689,2019,2025,2025,23672,False,False,False,False,True,False,False,False,False,True,False,False,True
63,7,14,344394.1687,total,,0.460610709,2019,2025,2025,23672,False,False,False,False,True,False,False,False,False,True,False,False,True
64,7,14,380497.9112,total,,0.4426410468,2019,2025,2025,23672,False,False,False,False,True,False,False,False,False,True,False,False,True
65,7,14,420464.03,total,,0.5249239237,2019,2025,2025,23672,False,False,False,False,True,False,False,False,False,True,False,False,True
66,7,14,464849.7533,total,,0.4073671069,2019,2025,2025,23672,False,False,False,False,True,False,False,False,False,True,False,False,True
67,7,14,513773.3106,total,,0.3766474816,2019,2025,2025,23672,False,False,False,False,True,False,False,False,False,True,False,False,True
68,7,14,567848.3628,total,,0.3063791393,2019,2025,2025,23672,False,False,False,False,True,False,False,False,False,True,False,False,True
69,7,14,627820.7943,total,,0.2858936021,2019,2025,2025,23672,False,False,False,False,True,False,False,False,False,True,False,False,True
70,7,14,693763.2074,total,,0.3674474132,2019,2025,2025,23672,False,False,False,False,True,False,False,False,False,True,False,False,True
71,7,14,766476.1621,total,,0.3003226503,2019,2025,2025,23672,False,False,False,False,True,False,False,False,False,True,False,False,True
72,7,14,846997.764,total,,0.2264352876,2019,2025,2025,23672,False,False,False,False,True,False,False,False,False,True,False,False,True
73,7,14,935952.6614,total,,0.09195511289,2019,2025,2025,23672,False,False,False,False,True,False,False,False,False,True,False,False,True
74,7,14,1033959.642,total,,0.3429218638,2019,2025,2025,23672,False,False,False,False,True,False,False,False,False,False,True,False,True
75,7,14,1143449.648,total,,0.308710629,2019,2025,2025,23672,False,False,False,False,True,False,False,False,False,False,True,False,True
76,7,14,1264615.328,total,,0.2156120571,2019,2025,2025,23672,False,False,False,False,True,False,False,False,False,False,True,False,True
77,7,14,1397100.685,total,,0.4017839855,2019,2025,2025,23672,False,False,False,False,True,False,False,False,False,False,True,False,True
78,7,14,1544071.526,total,,0.3361894666,2019,2025,2025,23672,False,False,False,False,True,False,False,False,False,False,True,False,True
79,7,14,1706818.172,total,,0.3237225818,2019,2025,2025,23672,False,False,False,False,True,False,False,False,False,False,True,False,True
80,7,14,1886626.092,total,,0.2570691039,2019,2025,2025,23672,False,False,False,False,True,False,False,False,False,False,True,False,True
81,7,14,2084654.298,total,,0.1915113501,2019,2025,2025,23672,False,False,False,False,True,False,False,False,False,False,True,False,True
82,7,14,2301986.145,total,,0.2048825595,2019,2025,2025,23672,False,False,False,False,True,False,False,False,False,False,True,False,True
83,7,14,2542510.657,total,,0.1617983395,2019,2025,2025,23672,False,False,False,False,True,False,False,False,False,False,True,False,True
84,7,14,2828566.056,total,,0.1698854128,2019,2025,2025,23672,False,False,False,False,True,False,False,False,False,False,True,False,True
85,7,14,3109173.937,total,,0.2385478877,2019,2025,2025,23672,False,False,False,False,True,False,False,False,False,False,True,False,True
86,7,14,3436510.915,total,,0.227584833,2019,2025,2025,23672,False,False,False,False,True,False,False,False,False,False,True,False,True
87,7,14,3801063.604,total,,0.2529537444,2019,2025,2025,23672,False,False,False,False,True,False,False,False,False,False,True,False,True
88,7,14,4199988.111,total,,0.3203419728,2019,2025,2025,23672,False,False,False,False,True,False,False,False,False,False,True,False,True
89,7,14,4641917.84,total,,0.1605365563,2019,2025,2025,23672,False,False,False,False,True,False,False,False,False,False,True,False,True
90,7,14,5130244.941,total,,0.1344958558,2019,2025,2025,23672,False,False,False,False,True,False,False,False,False,False,True,False,True
91,7,14,5668437.19,total,,0.1568877685,2019,2025,2025,23672,False,False,False,False,True,False,False,False,False,False,True,False,True
92,7,14,6259321.057,total,,0.1545018774,2019,2025,2025,23672,False,False,False,False,True,False,False,False,False,False,True,False,True
93,7,14,6919696.361,total,,0.1134366026,2019,2025,2025,23672,False,False,False,False,True,False,False,False,False,False,True,False,True
94,7,14,7657307.933,total,,0.1919234242,2019,2025,2025,23672,False,False,False,False,True,False,False,False,False,False,True,False,True
95,7,14,8462077.319,total,,0.1084773811,2019,2025,2025,23672,False,False,False,False,True,False,False,False,False,False,True,False,True
96,7,14,9356381.87,total,,0.1122058851,2019,2025,2025,23672,False,False,False,False,True,False,False,False,False,False,True,False,True
97,7,14,10322509.19,total,,0.1484256671,2019,2025,2025,23672,False,False,False,False,True,False,False,False,False,False,False,True,True
98,7,14,11387338.34,total,,0.1519501778,2019,2025,2025,23672,False,False,False,False,True,False,False,False,False,False,False,True,True
99,8,16,14296852.8,np,,-1.392544977,2019,2021,2022,23779,False,False,True,False,False,False,False,False,False,False,False,True,True
100,8,17,14296852.8,np,,-1.468521083,2019,2021,2022,23779,False,False,True,False,False,False,False,False,False,False,False,True,True
101,9,19,117692.1433,inelastic,,-0.7817375807,2019,2025,2025,23674,False,False,False,False,False,False,True,False,False,True,False,False,True
102,9,19,126732.1019,inelastic,,-0.5232625973,2019,2025,2025,23674,False,False,False,False,False,False,True,False,False,True,False,False,True
103,9,19,140103.2377,inelastic,,-0.4965332998,2019,2025,2025,23674,False,False,False,False,False,False,True,False,False,True,False,False,True
104,9,19,155055.305,inelastic,,-0.490212314,2019,2025,2025,23674,False,False,False,False,False,False,True,False,False,True,False,False,True
105,9,19,171030.2217,inelastic,,-0.4075641165,2019,2025,2025,23674,False,False,False,False,False,False,True,False,False,True,False,False,True
106,9,19,188745.2015,inelastic,,-0.2349783911,2019,2025,2025,23674,False,False,False,False,False,False,True,False,False,True,False,False,True
107,9,19,208852.9255,inelastic,,0.002426005036,2019,2025,2025,23674,False,False,False,False,False,False,True,False,False,True,False,False,True
108,9,19,231174.9137,inelastic,,0.2106250669,2019,2025,2025,23674,False,False,False,False,False,False,True,False,False,True,False,False,True
109,9,19,255214.5375,inelastic,,0.3128394164,2019,2025,2025,23674,False,False,False,False,False,False,True,False,False,True,False,False,True
110,9,19,281635.8079,inelastic,,0.1771716131,2019,2025,2025,23674,False,False,False,False,False,False,True,False,False,True,False,False,True
111,9,19,311455.3671,inelastic,,-0.1042248182,2019,2025,2025,23674,False,False,False,False,False,False,True,False,False,True,False,False,True
112,9,19,344131.233,inelastic,,-0.002342266339,2019,2025,2025,23674,False,False,False,False,False,False,True,False,False,True,False,False,True
113,9,19,380998.0293,inelastic,,0.1918560553,2019,2025,2025,23674,False,False,False,False,False,False,True,False,False,True,False,False,True
114,9,19,421195.0179,inelastic,,0.1104764327,2019,2025,2025,23674,False,False,False,False,False,False,True,False,False,True,False,False,True
115,9,19,464767.6487,inelastic,,-0.0398023818,2019,2025,2025,23674,False,False,False,False,False,False,True,False,False,True,False,False,True
116,9,19,513504.2481,inelastic,,-0.1476332868,2019,2025,2025,23674,False,False,False,False,False,False,True,False,False,True,False,False,True
117,9,19,568079.7955,inelastic,,-0.2578631866,2019,2025,2025,23674,False,False,False,False,False,False,True,False,False,True,False,False,True
118,9,19,629176.1597,inelastic,,-0.3047180778,2019,2025,2025,23674,False,False,False,False,False,False,True,False,False,True,False,False,True
119,9,19,694528.913,inelastic,,-0.2295085556,2019,2025,2025,23674,False,False,False,False,False,False,True,False,False,True,False,False,True
120,9,19,767088.922,inelastic,,-0.09601441509,2019,2025,2025,23674,False,False,False,False,False,False,True,False,False,True,False,False,True
121,9,19,847473.9963,inelastic,,-0.1093076459,2019,2025,2025,23674,False,False,False,False,False,False,True,False,False,True,False,False,True
122,9,19,936426.7039,inelastic,,-0.1572651701,2019,2025,2025,23674,False,False,False,False,False,False,True,False,False,True,False,False,True
123,9,19,1034531.509,inelastic,,-0.1851234733,2019,2025,2025,23674,False,False,False,False,False,False,True,False,False,False,True,False,True
124,9,19,1142478.631,inelastic,,-0.05245818089,2019,2025,2025,23674,False,False,False,False,False,False,True,False,False,False,True,False,True
125,9,19,1260677.997,inelastic,,-0.1114664869,2019,2025,2025,23674,False,False,False,False,False,False,True,False,False,False,True,False,True
126,9,19,1389594.985,inelastic,,-0.2544390474,2019,2025,2025,23674,False,False,False,False,False,False,True,False,False,False,True,False,True
127,9,19,1539367.12,inelastic,,-0.03325876796,2019,2025,2025,23674,False,False,False,False,False,False,True,False,False,False,True,False,True
128,9,19,1702831.867,inelastic,,-0.2196464724,2019,2025,2025,23674,False,False,False,False,False,False,True,False,False,False,True,False,True
129,9,19,1880210.636,inelastic,,-0.1162054178,2019,2025,2025,23674,False,False,False,False,False,False,True,False,False,False,True,False,True
130,9,19,2086859.437,inelastic,,-0.0872576183,2019,2025,2025,23674,False,False,False,False,False,False,True,False,False,False,True,False,True
131,9,19,2310723.626,inelastic,,-0.06467036772,2019,2025,2025,23674,False,False,False,False,False,False,True,False,False,False,True,False,True
132,9,19,2551165.336,inelastic,,-0.06730635331,2019,2025,2025,23674,False,False,False,False,False,False,True,False,False,False,True,False,True
133,9,19,2805986.542,inelastic,,-0.121632188,2019,2025,2025,23674,False,False,False,False,False,False,True,False,False,False,True,False,True
134,9,19,3101534.93,inelastic,,-0.122905024,2019,2025,2025,23674,False,False,False,False,False,False,True,False,False,False,True,False,True
135,9,19,3445872.286,inelastic,,-0.08783121027,2019,2025,2025,23674,False,False,False,False,False,False,True,False,False,False,True,False,True
136,9,19,3811635.07,inelastic,,-0.1518398369,2019,2025,2025,23674,False,False,False,False,False,False,True,False,False,False,True,False,True
137,9,19,4192759.447,inelastic,,-0.1491045305,2019,2025,2025,23674,False,False,False,False,False,False,True,False,False,False,True,False,True
138,9,19,4635075.898,inelastic,,-0.1783240509,2019,2025,2025,23674,False,False,False,False,False,False,True,False,False,False,True,False,True
139,9,19,5150410.09,inelastic,,-0.180021987,2019,2025,2025,23674,False,False,False,False,False,False,True,False,False,False,True,False,True
140,9,19,5685010.34,inelastic,,-0.2261148629,2019,2025,2025,23674,False,False,False,False,False,False,True,False,False,False,True,False,True
141,9,19,6307703.815,inelastic,,-0.337052442,2019,2025,2025,23674,False,False,False,False,False,False,True,False,False,False,True,False,True
142,9,19,6940036.708,inelastic,,-0.3817084875,2019,2025,2025,23674,False,False,False,False,False,False,True,False,False,False,True,False,True
143,9,19,7674758.599,inelastic,,-0.4583861262,2019,2025,2025,23674,False,False,False,False,False,False,True,False,False,False,True,False,True
144,9,19,8530932.959,inelastic,,-0.5217640402,2019,2025,2025,23674,False,False,False,False,False,False,True,False,False,False,True,False,True
145,9,19,9385993.301,inelastic,,-0.622025091,2019,2025,2025,23674,False,False,False,False,False,False,True,False,False,False,True,False,True
146,9,19,10377156.98,inelastic,,-0.7219464056,2019,2025,2025,23674,False,False,False,False,False,False,True,False,False,False,False,True,True
147,9,19,11535153.04,inelastic,,-0.8490185424,2019,2025,2025,23674,False,False,False,False,False,False,True,False,False,False,False,True,True
148,9,19,12654018.56,inelastic,,-0.9770502112,2019,2025,2025,23674,False,False,False,False,False,False,True,False,False,False,False,True,True
149,9,19,13949890.29,inelastic,,-1.033229426,2019,2025,2025,23674,False,False,False,False,False,False,True,False,False,False,False,True,True
150,9,19,15451782.49,inelastic,,-1.233584178,2019,2025,2025,23674,False,False,False,False,False,False,True,False,False,False,False,True,True
151,9,19,16839333.41,inelastic,,-1.273971646,2019,2025,2025,23674,False,False,False,False,False,False,True,False,False,False,False,True,True
152,9,19,18005300,inelastic,,-1.353737467,2019,2025,2025,23674,False,False,False,False,False,False,True,False,False,False,False,True,True
153,9,19,17500000,n2n,,-0.9788107009,2019,2022,2021,31842,False,True,False,False,False,False,False,False,False,False,False,True,True
154,9,19,14100000,total,,0.318063335,2019,2020,2020,31807,False,False,False,False,True,False,False,False,False,False,False,True,True
155,11,23,14920000,capture,,-3.537602002,2019,2020,2020,33150,True,False,False,False,False,False,False,False,False,False,False,True,True
156,11,23,17500000,n2n,,-1.022276395,2019,2022,2021,31842,False,True,False,False,False,False,False,False,False,False,False,True,True
157,11,23,18500000,n2n,,-1.060480747,2019,2025,2024,31859,False,True,False,False,False,False,False,False,False,False,False,True,True
158,12,24,14050000,np,,-0.7328282716,2019,2023,2023,31858,False,False,True,False,False,False,False,False,False,False,False,True,True
159,13,26,83212.7995,na,,-1.365976406,2019,2021,2021,23752,False,False,False,True,False,False,False,False,True,False,False,False,False
160,13,26,93893.76976,na,,-0.9399635459,2019,2021,2021,23752,False,False,False,True,False,False,False,False,True,False,False,False,False
161,13,26,104109.093,na,,-0.9705891643,2019,2021,2021,23752,False,False,False,True,False,False,False,False,False,True,False,False,True
162,13,26,115487.1631,na,,-1.136260893,2019,2021,2021,23752,False,False,False,True,False,False,False,False,False,True,False,False,True
163,13,26,128099.0632,na,,-1.113546878,2019,2021,2021,23752,False,False,False,True,False,False,False,False,False,True,False,False,True
164,13,26,142060.3477,na,,-0.7296783714,2019,2021,2021,23752,False,False,False,True,False,False,False,False,False,True,False,False,True
165,13,26,154901.9044,na,,-0.9351490772,2019,2021,2021,23752,False,False,False,True,False,False,False,False,False,True,False,False,True
166,13,27,14134058.99,n2n,,-2.062195634,2019,2024,2025,32935,False,True,False,False,False,False,False,False,False,False,False,True,True
167,13,27,14854898.18,n2n,,-1.469800302,2019,2024,2025,32935,False,True,False,False,False,False,False,False,False,False,False,True,True
168,13,27,17500000,na,,-1.200659451,2019,2022,2021,31842,False,False,False,True,False,False,False,False,False,False,False,True,True
169,13,27,19800000,na,,-1.455931956,2019,2022,2021,31842,False,False,False,True,False,False,False,False,False,False,False,True,True
170,13,27,17500000,np,,-1.602059991,2019,2022,2021,31842,False,False,True,False,False,False,False,False,False,False,False,True,True
171,13,27,19800000,np,,-1.721246399,2019,2022,2021,31842,False,False,True,False,False,False,False,False,False,False,False,True,True
172,13,27,18500000,np,,-1.585026652,2019,2025,2024,31859,False,False,True,False,False,False,False,False,False,False,False,True,True
173,13,27,14100000,total,,0.2430380487,2019,2021,2022,31847,False,False,False,False,True,False,False,False,False,False,False,True,True
174,13,27,5745576.404,total,,0.3327327714,2019,2021,2024,32852,False,False,False,False,True,False,False,False,False,False,True,False,True
175,13,27,6297884.092,total,,0.3311913569,2019,2021,2024,32852,False,False,False,False,True,False,False,False,False,False,True,False,True
176,13,27,6905211.744,total,,0.3065215267,2019,2021,2024,32852,False,False,False,False,True,False,False,False,False,False,True,False,True
177,13,27,7657863.751,total,,0.2794821471,2019,2021,2024,32852,False,False,False,False,True,False,False,False,False,False,True,False,True
178,13,27,8494760.14,total,,0.2456933806,2019,2021,2024,32852,False,False,False,False,True,False,False,False,False,False,True,False,True
179,13,27,9314456.506,total,,0.241814719,2019,2021,2024,32852,False,False,False,False,True,False,False,False,False,False,True,False,True
180,13,27,10328590.86,total,,0.2194226179,2019,2021,2024,32852,False,False,False,False,True,False,False,False,False,False,False,True,True
181,13,27,11471008.28,total,,0.2441478031,2019,2021,2024,32852,False,False,False,False,True,False,False,False,False,False,False,True,True
182,13,27,12545516.1,total,,0.2755618368,2019,2021,2024,32852,False,False,False,False,True,False,False,False,False,False,False,True,True
183,13,27,13932172.68,total,,0.2700738957,2019,2021,2024,32852,False,False,False,False,True,False,False,False,False,False,False,True,True
184,13,27,15444738.87,total,,0.2801456814,2019,2021,2024,32852,False,False,False,False,True,False,False,False,False,False,False,True,True
185,13,27,16945204.8,total,,0.282505991,2019,2021,2024,32852,False,False,False,False,True,False,False,False,False,False,False,True,True
186,13,27,18810620.7,total,,0.2648631383,2019,2021,2024,32852,False,False,False,False,True,False,False,False,False,False,False,True,True
187,13,27,5745576.404,total,,0.323717093,2019,2021,2024,32852,False,False,False,False,True,False,False,False,False,False,True,False,True
188,13,27,6297884.092,total,,0.3186762388,2019,2021,2024,32852,False,False,False,False,True,False,False,False,False,False,True,False,True
189,13,27,6905211.744,total,,0.2969135225,2019,2021,2024,32852,False,False,False,False,True,False,False,False,False,False,True,False,True
190,13,27,7657863.751,total,,0.2742562474,2019,2021,2024,32852,False,False,False,False,True,False,False,False,False,False,True,False,True
191,13,27,8494760.14,total,,0.2416286501,2019,2021,2024,32852,False,False,False,False,True,False,False,False,False,False,True,False,True
192,13,27,9314456.506,total,,0.2351116272,2019,2021,2024,32852,False,False,False,False,True,False,False,False,False,False,True,False,True
193,13,27,10328590.86,total,,0.2307451624,2019,2021,2024,32852,False,False,False,False,True,False,False,False,False,False,False,True,True
194,13,27,11471008.28,total,,0.2416292725,2019,2021,2024,32852,False,False,False,False,True,False,False,False,False,False,False,True,True
195,13,27,12545516.1,total,,0.2715947782,2019,2021,2024,32852,False,False,False,False,True,False,False,False,False,False,False,True,True
196,13,27,13932172.68,total,,0.2716176665,2019,2021,2024,32852,False,False,False,False,True,False,False,False,False,False,False,True,True
197,13,27,15444738.87,total,,0.281475395,2019,2021,2024,32852,False,False,False,False,True,False,False,False,False,False,False,True,True
198,13,27,16945204.8,total,,0.2884957105,2019,2021,2024,32852,False,False,False,False,True,False,False,False,False,False,False,True,True
199,13,27,18810620.7,total,,0.2665661111,2019,2021,2024,32852,False,False,False,False,True,False,False,False,False,False,False,True,True
200,13,27,5752277.359,total,,0.2973161439,2019,2021,2024,32852,False,False,False,False,True,False,False,False,False,False,True,False,True
201,13,27,6232920.238,total,,0.3354468677,2019,2021,2024,32852,False,False,False,False,True,False,False,False,False,False,True,False,True
202,13,27,6916298.202,total,,0.274617773,2019,2021,2024,32852,False,False,False,False,True,False,False,False,False,False,True,False,True
203,13,27,7669947.819,total,,0.261562607,2019,2021,2024,32852,False,False,False,False,True,False,False,False,False,False,True,False,True
204,13,27,8412204.487,total,,0.2329389626,2019,2021,2024,32852,False,False,False,False,True,False,False,False,False,False,True,False,True
205,13,27,9331048.017,total,,0.2161833265,2019,2021,2024,32852,False,False,False,False,True,False,False,False,False,False,True,False,True
206,13,27,10346496.43,total,,0.2274933487,2019,2021,2024,32852,False,False,False,False,True,False,False,False,False,False,False,True,True
207,13,27,11346805.29,total,,0.2516114564,2019,2021,2024,32852,False,False,False,False,True,False,False,False,False,False,False,True,True
208,13,27,12592852.28,total,,0.2726240248,2019,2021,2024,32852,False,False,False,False,True,False,False,False,False,False,False,True,True
209,13,27,13945966.41,total,,0.2821835191,2019,2021,2024,32852,False,False,False,False,True,False,False,False,False,False,False,True,True
210,13,27,15295259.93,total,,0.277000317,2019,2021,2024,32852,False,False,False,False,True,False,False,False,False,False,False,True,True
211,13,27,16990581.97,total,,0.2780334468,2019,2021,2024,32852,False,False,False,False,True,False,False,False,False,False,False,True,True
212,13,27,18818852.41,total,,0.2643023826,2019,2021,2024,32852,False,False,False,False,True,False,False,False,False,False,False,True,True
213,13,27,19900000,total,,0.2498047228,2019,2021,2024,32852,False,False,False,False,True,False,False,False,False,False,False,True,True
214,13,27,5752277.359,total,,0.3107860369,2019,2021,2024,32852,False,False,False,False,True,False,False,False,False,False,True,False,True
215,13,27,6232920.238,total,,0.327680704,2019,2021,2024,32852,False,False,False,False,True,False,False,False,False,False,True,False,True
216,13,27,6916298.202,total,,0.2800713977,2019,2021,2024,32852,False,False,False,False,True,False,False,False,False,False,True,False,True
217,13,27,7669947.819,total,,0.2539979125,2019,2021,2024,32852,False,False,False,False,True,False,False,False,False,False,True,False,True
218,13,27,8412204.487,total,,0.2322303409,2019,2021,2024,32852,False,False,False,False,True,False,False,False,False,False,True,False,True
219,13,27,9331048.017,total,,0.2208191207,2019,2021,2024,32852,False,False,False,False,True,False,False,False,False,False,True,False,True
220,13,27,10346496.43,total,,0.2259150618,2019,2021,2024,32852,False,False,False,False,True,False,False,False,False,False,False,True,True
221,13,27,11346805.29,total,,0.2549050089,2019,2021,2024,32852,False,False,False,False,True,False,False,False,False,False,False,True,True
222,13,27,12592852.28,total,,0.2758275931,2019,2021,2024,32852,False,False,False,False,True,False,False,False,False,False,False,True,True
223,13,27,13945966.41,total,,0.2822356749,2019,2021,2024,32852,False,False,False,False,True,False,False,False,False,False,False,True,True
224,13,27,15295259.93,total,,0.2773174859,2019,2021,2024,32852,False,False,False,False,True,False,False,False,False,False,False,True,True
225,13,27,16990581.97,total,,0.271842071,2019,2021,2024,32852,False,False,False,False,True,False,False,False,False,False,False,True,True
226,13,27,18818852.41,total,,0.2638466563,2019,2021,2024,32852,False,False,False,False,True,False,False,False,False,False,False,True,True
227,13,27,19900000,total,,0.2578752825,2019,2021,2024,32852,False,False,False,False,True,False,False,False,False,False,False,True,True
228,17,35,2849561.37,na,,-1.740645073,2019,2024,2024,14840,False,False,False,True,False,False,False,False,False,False,True,False,True
229,17,35,3098924.358,na,,-1.487360067,2019,2024,2024,14840,False,False,False,True,False,False,False,False,False,False,True,False,True
230,17,35,3448187.32,na,,-1.223898382,2019,2024,2024,14840,False,False,False,True,False,False,False,False,False,False,True,False,True
231,17,35,3798683.983,na,,-1.087060913,2019,2024,2024,14840,False,False,False,True,False,False,False,False,False,False,True,False,True
232,17,35,4198809.355,na,,-0.9098830892,2019,2024,2024,14840,False,False,False,True,False,False,False,False,False,False,True,False,True
233,17,35,4598912.915,na,,-0.8583151127,2019,2024,2024,14840,False,False,False,True,False,False,False,False,False,False,True,False,True
234,17,35,5097384.28,na,,-0.7966950839,2019,2024,2024,14840,False,False,False,True,False,False,False,False,False,False,True,False,True
235,17,35,5623610.94,na,,-0.7395469824,2019,2024,2024,14840,False,False,False,True,False,False,False,False,False,False,True,False,True
236,17,35,6198185.218,na,,-0.739225243,2019,2024,2024,14840,False,False,False,True,False,False,False,False,False,False,True,False,True
237,17,35,6945680.77,na,,-0.734663222,2019,2024,2024,14840,False,False,False,True,False,False,False,False,False,False,True,False,True
238,17,35,7698538.822,na,,-0.7275317895,2019,2024,2024,14840,False,False,False,True,False,False,False,False,False,False,True,False,True
239,17,35,8496322.734,na,,-0.7336154096,2019,2024,2024,14840,False,False,False,True,False,False,False,False,False,False,True,False,True
240,17,35,9496709.957,na,,-0.7478875992,2019,2024,2024,14840,False,False,False,True,False,False,False,False,False,False,True,False,True
241,17,35,10497023.39,na,,-0.7493238883,2019,2024,2024,14840,False,False,False,True,False,False,False,False,False,False,False,True,True
242,17,35,11497282.29,na,,-0.7349933943,2019,2024,2024,14840,False,False,False,True,False,False,False,False,False,False,False,True,True
243,17,35,12250000,na,,-0.7567138539,2019,2024,2024,14840,False,False,False,True,False,False,False,False,False,False,False,True,True
244,17,35,2025000,na,,-2.954677021,2019,2024,2024,14840,False,False,False,True,False,False,False,False,False,False,True,False,True
245,17,35,2275000,na,,-2.583359493,2019,2024,2024,14840,False,False,False,True,False,False,False,False,False,False,True,False,True
246,17,35,2525000,na,,-2.140861703,2019,2024,2024,14840,False,False,False,True,False,False,False,False,False,False,True,False,True
247,17,35,2775000,na,,-1.782252927,2019,2024,2024,14840,False,False,False,True,False,False,False,False,False,False,True,False,True
248,17,35,3025000,na,,-1.561457651,2019,2024,2024,14840,False,False,False,True,False,False,False,False,False,False,True,False,True
249,17,35,3397701.429,na,,-1.255198681,2019,2024,2024,14840,False,False,False,True,False,False,False,False,False,False,True,False,True
250,17,35,3775000,na,,-1.076496933,2019,2024,2024,14840,False,False,False,True,False,False,False,False,False,False,True,False,True
251,17,35,4148117.043,na,,-0.9024130155,2019,2024,2024,14840,False,False,False,True,False,False,False,False,False,False,True,False,True
252,17,35,4648319.589,na,,-0.7859645857,2019,2024,2024,14840,False,False,False,True,False,False,False,False,False,False,True,False,True
253,17,35,5148482.786,na,,-0.7307790185,2019,2024,2024,14840,False,False,False,True,False,False,False,False,False,False,True,False,True
254,17,35,5648617.087,na,,-0.6936822189,2019,2024,2024,14840,False,False,False,True,False,False,False,False,False,False,True,False,True
255,17,35,6271678.189,na,,-0.7066374453,2019,2024,2024,14840,False,False,False,True,False,False,False,False,False,False,True,False,True
256,17,35,7022033.148,na,,-0.7170231053,2019,2024,2024,14840,False,False,False,True,False,False,False,False,False,False,True,False,True
257,17,35,7772319.548,na,,-0.7108199702,2019,2024,2024,14840,False,False,False,True,False,False,False,False,False,False,True,False,True
258,17,35,8522555.506,na,,-0.7054676427,2019,2024,2024,14840,False,False,False,True,False,False,False,False,False,False,True,False,True
259,17,35,9395842.319,na,,-0.6910729366,2019,2024,2024,14840,False,False,False,True,False,False,False,False,False,False,True,False,True
260,17,35,10025000,na,,-0.7109687649,2019,2024,2024,14840,False,False,False,True,False,False,False,False,False,False,False,True,True
261,17,35,3300000,na,,-1.360513511,2019,2021,2021,41744,False,False,False,True,False,False,False,False,False,False,True,False,True
262,17,35,3900000,na,,-1.255707017,2019,2021,2021,41744,False,False,False,True,False,False,False,False,False,False,True,False,True
263,17,35,4300000,na,,-1.129011186,2019,2021,2021,41744,False,False,False,True,False,False,False,False,False,False,True,False,True
264,17,35,4647580.015,na,,-1.026410377,2019,2021,2021,41744,False,False,False,True,False,False,False,False,False,False,True,False,True
265,17,35,5131827.11,na,,-0.969063119,2019,2021,2021,41744,False,False,False,True,False,False,False,False,False,False,True,False,True
266,17,35,321930.0978,np,,-2.1837587,2019,2024,2024,14840,False,False,True,False,False,False,False,False,False,True,False,False,True
267,17,35,337475.1089,np,,-1.755139969,2019,2024,2024,14840,False,False,True,False,False,False,False,False,False,True,False,False,True
268,17,35,376968.9475,np,,-2.214966916,2019,2024,2024,14840,False,False,True,False,False,False,False,False,False,True,False,False,True
269,17,35,418042.9895,np,,-2.490430933,2019,2024,2024,14840,False,False,True,False,False,False,False,False,False,True,False,False,True
270,17,35,468103.6712,np,,-2.120808514,2019,2024,2024,14840,False,False,True,False,False,False,False,False,False,True,False,False,True
271,17,35,514126.92,np,,-1.905478961,2019,2024,2024,14840,False,False,True,False,False,False,False,False,False,True,False,False,True
272,17,35,570111.5698,np,,-2.452225295,2019,2024,2024,14840,False,False,True,False,False,False,False,False,False,True,False,False,True
273,17,35,628704.5718,np,,-1.893701719,2019,2024,2024,14840,False,False,True,False,False,False,False,False,False,True,False,False,True
274,17,35,695093.3912,np,,-1.738089808,2019,2024,2024,14840,False,False,True,False,False,False,False,False,False,True,False,False,True
275,17,35,768037.566,np,,-1.586611473,2019,2024,2024,14840,False,False,True,False,False,False,False,False,False,True,False,False,True
276,17,35,847909.9869,np,,-1.487515724,2019,2024,2024,14840,False,False,True,False,False,False,False,False,False,True,False,False,True
277,17,35,934842.8664,np,,-1.549114803,2019,2024,2024,14840,False,False,True,False,False,False,False,False,False,True,False,False,True
278,17,35,1032396.251,np,,-1.348799546,2019,2024,2024,14840,False,False,True,False,False,False,False,False,False,False,True,False,True
279,17,35,1141948.337,np,,-1.310843418,2019,2024,2024,14840,False,False,True,False,False,False,False,False,False,False,True,False,True
280,17,35,1265198.072,np,,-1.420232731,2019,2024,2024,14840,False,False,True,False,False,False,False,False,False,False,True,False,True
281,17,35,1398346.979,np,,-1.325866353,2019,2024,2024,14840,False,False,True,False,False,False,False,False,False,False,True,False,True
282,17,35,1540951.511,np,,-1.150467983,2019,2024,2024,14840,False,False,True,False,False,False,False,False,False,False,True,False,True
283,17,35,1706541.653,np,,-1.155735156,2019,2024,2024,14840,False,False,True,False,False,False,False,False,False,False,True,False,True
284,17,35,1891591.785,np,,-1.055476951,2019,2024,2024,14840,False,False,True,False,False,False,False,False,False,False,True,False,True
285,17,35,2088166.971,np,,-1.076119,2019,2024,2024,14840,False,False,True,False,False,False,False,False,False,False,True,False,True
286,17,35,2305450.115,np,,-1.149402771,2019,2024,2024,14840,False,False,True,False,False,False,False,False,False,False,True,False,True
287,17,35,2544813.04,np,,-0.9611414984,2019,2024,2024,14840,False,False,True,False,False,False,False,False,False,False,True,False,True
288,17,35,2807890.936,np,,-0.8953460011,2019,2024,2024,14840,False,False,True,False,False,False,False,False,False,False,True,False,True
289,17,35,3114031.841,np,,-0.8599670845,2019,2024,2024,14840,False,False,True,False,False,False,False,False,False,False,True,False,True
290,17,35,3451500.337,np,,-0.7860176504,2019,2024,2024,14840,False,False,True,False,False,False,False,False,False,False,True,False,True
291,17,35,3768482.928,np,,-0.8280571841,2019,2024,2024,14840,False,False,True,False,False,False,False,False,False,False,True,False,True
292,17,35,4186088.908,np,,-0.7586693922,2019,2024,2024,14840,False,False,True,False,False,False,False,False,False,False,True,False,True
293,17,35,4622894.156,np,,-0.7044329,2019,2024,2024,14840,False,False,True,False,False,False,False,False,False,False,True,False,True
294,17,35,5123099.787,np,,-0.6872938544,2019,2024,2024,14840,False,False,True,False,False,False,False,False,False,False,True,False,True
295,17,35,5684851.374,np,,-0.6862888164,2019,2024,2024,14840,False,False,True,False,False,False,False,False,False,False,True,False,True
296,17,35,6309923.371,np,,-0.7144201893,2019,2024,2024,14840,False,False,True,False,False,False,False,False,False,False,True,False,True
297,17,35,6873583.742,np,,-0.7142402175,2019,2024,2024,14840,False,False,True,False,False,False,False,False,False,False,True,False,True
298,19,41,14920000,na,,-1.600499339,2019,2022,2021,33163,False,False,False,True,False,False,False,False,False,False,False,True,True
299,19,41,14920000,np,,-1.376337293,2019,2020,2020,33150,False,False,True,False,False,False,False,False,False,False,False,True,True
300,22,46,14050000,np,,-0.5670307091,2019,2023,2023,31858,False,False,True,False,False,False,False,False,False,False,False,True,True
301,22,48,14050000,np,,-1.208309351,2019,2023,2023,31858,False,False,True,False,False,False,False,False,False,False,False,True,True
302,22,48,14000000,np,,-1.194499142,2019,2023,2024,32893,False,False,True,False,False,False,False,False,False,False,False,True,True
303,22,50,14000000,na,,-2.060480747,2019,2023,2024,32893,False,False,False,True,False,False,False,False,False,False,False,True,True
304,23,51,14050000,na,,-1.823908741,2019,2023,2023,31858,False,False,False,True,False,False,False,False,False,False,False,True,True
305,23,51,7870000,np,,-1.93930216,2019,2021,2022,33168,False,False,True,False,False,False,False,False,False,False,True,False,True
306,23,51,13050000,np,,-1.527243551,2019,2021,2022,33168,False,False,True,False,False,False,False,False,False,False,False,True,True
307,23,51,16980000,np,,-1.573488739,2019,2021,2022,33168,False,False,True,False,False,False,False,False,False,False,False,True,True
308,24,50,14540000,n2n,,-1.756961951,2019,2020,2021,33151,False,True,False,False,False,False,False,False,False,False,False,True,True
309,24,52,5360000,inelastic,,0.1319873694,2019,2025,2025,32930,False,False,False,False,False,False,True,False,False,False,True,False,True
310,24,52,5990000,inelastic,,0.1625255752,2019,2025,2025,32930,False,False,False,False,False,False,True,False,False,False,True,False,True
311,24,52,7690000,inelastic,,0.1093118818,2019,2025,2025,32930,False,False,False,False,False,False,True,False,False,False,True,False,True
312,24,52,14540000,n2n,,-0.4137503611,2019,2020,2021,33151,False,True,False,False,False,False,False,False,False,False,False,True,True
313,24,52,14540000,np,,-1.018181393,2019,2020,2021,33151,False,False,True,False,False,False,False,False,False,False,False,True,True
314,25,55,14540000,capture,,-3.161150909,2019,2020,2021,33151,True,False,False,False,False,False,False,False,False,False,False,True,True
315,25,55,14050000,n2n,,-0.1636758843,2019,2023,2023,31858,False,True,False,False,False,False,False,False,False,False,False,True,True
316,25,55,14540000,n2n,,-0.1801929354,2019,2020,2021,33151,False,True,False,False,False,False,False,False,False,False,False,True,True
317,25,55,14540000,na,,-1.559090918,2019,2020,2021,33151,False,False,False,True,False,False,False,False,False,False,False,True,True
318,26,54,2114190.495,elastic,,0.4272967267,2019,2024,2024,23661,False,False,False,False,False,True,False,False,False,False,True,False,True
319,26,54,2296599.909,elastic,,0.413150115,2019,2024,2024,23661,False,False,False,False,False,True,False,False,False,False,True,False,True
320,26,54,2544033.905,elastic,,0.4385825087,2019,2024,2024,23661,False,False,False,False,False,True,False,False,False,False,True,False,True
321,26,54,2821636.898,elastic,,0.3938690203,2019,2024,2024,23661,False,False,False,False,False,True,False,False,False,False,True,False,True
322,26,54,3119278.863,elastic,,0.3981184276,2019,2024,2024,23661,False,False,False,False,False,True,False,False,False,False,True,False,True
323,26,54,3434265.956,elastic,,0.3491725846,2019,2024,2024,23661,False,False,False,False,False,True,False,False,False,False,True,False,True
324,26,54,3781010.239,elastic,,0.3553633879,2019,2024,2024,23661,False,False,False,False,False,True,False,False,False,False,True,False,True
325,26,54,4183203.67,elastic,,0.3391452403,2019,2024,2024,23661,False,False,False,False,False,True,False,False,False,False,True,False,True
326,26,54,4627751.971,elastic,,0.3518907458,2019,2024,2024,23661,False,False,False,False,False,True,False,False,False,False,True,False,True
327,26,54,5118084.69,elastic,,0.3256684286,2019,2024,2024,23661,False,False,False,False,False,True,False,False,False,False,True,False,True
328,26,54,5656379.506,elastic,,0.3080706165,2019,2024,2024,23661,False,False,False,False,False,True,False,False,False,False,True,False,True
329,26,54,6245109.261,elastic,,0.2840809013,2019,2024,2024,23661,False,False,False,False,False,True,False,False,False,False,True,False,True
330,26,54,6931143.443,elastic,,0.2741953864,2019,2024,2024,23661,False,False,False,False,False,True,False,False,False,False,True,False,True
331,26,54,7628122.852,elastic,,0.2685428712,2019,2024,2024,23661,False,False,False,False,False,True,False,False,False,False,True,False,True
332,26,54,14510000,n2n,,-2.26760624,2019,2022,2025,32882,False,True,False,False,False,False,False,False,False,False,False,True,True
333,26,54,14749783.05,n2n,,-2.063989204,2019,2022,2025,32882,False,True,False,False,False,False,False,False,False,False,False,True,True
334,26,56,2595719.429,elastic,,0.4304244586,2019,2025,2025,23673,False,False,False,False,False,True,False,False,False,False,True,False,True
335,26,56,2797812.367,elastic,,0.3899571385,2019,2025,2025,23673,False,False,False,False,False,True,False,False,False,False,True,False,True
336,26,56,3105522.457,elastic,,0.3764005271,2019,2025,2025,23673,False,False,False,False,False,True,False,False,False,False,True,False,True
337,26,56,3434278.9,elastic,,0.3448675758,2019,2025,2025,23673,False,False,False,False,False,True,False,False,False,False,True,False,True
338,26,56,3781060.557,elastic,,0.3573248827,2019,2025,2025,23673,False,False,False,False,False,True,False,False,False,False,True,False,True
339,26,56,4183259.819,elastic,,0.3677508934,2019,2025,2025,23673,False,False,False,False,False,True,False,False,False,False,True,False,True
340,26,56,4653430.898,elastic,,0.3672813576,2019,2025,2025,23673,False,False,False,False,False,True,False,False,False,False,True,False,True
341,26,56,5147506.824,elastic,,0.3570482104,2019,2025,2025,23673,False,False,False,False,False,True,False,False,False,False,True,False,True
342,26,56,5656600.842,elastic,,0.3431426178,2019,2025,2025,23673,False,False,False,False,False,True,False,False,False,False,True,False,True
343,26,56,6245409.148,elastic,,0.3306065248,2019,2025,2025,23673,False,False,False,False,False,True,False,False,False,False,True,False,True
344,26,56,6931548.123,elastic,,0.3210648132,2019,2025,2025,23673,False,False,False,False,False,True,False,False,False,False,True,False,True
345,26,56,7628660.965,elastic,,0.3035416269,2019,2025,2025,23673,False,False,False,False,False,True,False,False,False,False,True,False,True
346,26,56,14050000,np,,-0.9507819773,2019,2023,2023,31858,False,False,True,False,False,False,False,False,False,False,False,True,True
347,27,59,14050000,n2n,,-0.1726307269,2019,2023,2023,31858,False,True,False,False,False,False,False,False,False,False,False,True,True
348,27,59,17500000,na,,-1.681936665,2019,2022,2021,31842,False,False,False,True,False,False,False,False,False,False,False,True,True
349,27,59,14050000,na,,-1.522878745,2019,2023,2023,31858,False,False,False,True,False,False,False,False,False,False,False,True,True
350,27,59,18500000,na,,-1.772113295,2019,2025,2024,31859,False,False,False,True,False,False,False,False,False,False,False,True,True
351,27,59,17500000,np,,-1.54668166,2019,2022,2021,31842,False,False,True,False,False,False,False,False,False,False,False,True,True
352,27,59,14050000,np,,-1.278189385,2019,2023,2023,31858,False,False,True,False,False,False,False,False,False,False,False,True,True
353,27,59,17600000,np,,-1.522878745,2019,2025,2024,31859,False,False,True,False,False,False,False,False,False,False,False,True,True
354,27,59,18500000,np,,-1.48148606,2019,2025,2024,31859,False,False,True,False,False,False,False,False,False,False,False,True,True
355,28,58,14540000,n2n,,-1.607303047,2019,2020,2020,33143,False,True,False,False,False,False,False,False,False,False,False,True,True
356,28,58,4623310.502,na,,-1.563589021,2019,2020,2021,32813,False,False,False,True,False,False,False,False,False,False,True,False,True
357,28,58,5123475.383,na,,-1.388468097,2019,2020,2021,32813,False,False,False,True,False,False,False,False,False,False,True,False,True
358,28,58,5500000,na,,-1.28666793,2019,2020,2021,32813,False,False,False,True,False,False,False,False,False,False,True,False,True
359,28,58,14050000,np,,-0.440093375,2019,2023,2023,31858,False,False,True,False,False,False,False,False,False,False,False,True,True
360,28,58,14540000,np,,-0.4597957002,2019,2020,2020,33143,False,False,True,False,False,False,False,False,False,False,False,True,True
361,28,58,1660000,np,,-1.718512112,2019,2024,2024,33203,False,False,True,False,False,False,False,False,False,False,True,False,True
362,28,58,2060000,np,,-1.233884717,2019,2024,2024,33203,False,False,True,False,False,False,False,False,False,False,True,False,True
363,28,58,2660000,np,,-0.7762964365,2019,2024,2024,33203,False,False,True,False,False,False,False,False,False,False,True,False,True
364,28,58,1060000,np,,-2.540607512,2019,2024,2025,33212,False,False,True,False,False,False,False,False,False,False,True,False,True
365,28,58,1860000,np,,-1.231657941,2019,2024,2025,33212,False,False,True,False,False,False,False,False,False,False,True,False,True
366,28,58,2850000,np,,-0.8819668712,2019,2024,2025,33212,False,False,True,False,False,False,False,False,False,False,True,False,True
367,28,58,2584461.575,total,,0.5073930821,2019,2020,2020,14661,False,False,False,False,True,False,False,False,False,False,True,False,True
368,28,58,2809252.091,total,,0.5220760458,2019,2020,2020,14661,False,False,False,False,True,False,False,False,False,False,True,False,True
369,28,58,3108163.818,total,,0.5139049463,2019,2020,2020,14661,False,False,False,False,True,False,False,False,False,False,True,False,True
370,28,58,3435325.325,total,,0.5387770432,2019,2020,2020,14661,False,False,False,False,True,False,False,False,False,False,True,False,True
371,28,58,3791528.281,total,,0.5407367833,2019,2020,2020,14661,False,False,False,False,True,False,False,False,False,False,True,False,True
372,28,58,4196370.367,total,,0.5436149009,2019,2020,2020,14661,False,False,False,False,True,False,False,False,False,False,True,False,True
373,28,58,4646452.128,total,,0.5591993338,2019,2020,2020,14661,False,False,False,False,True,False,False,False,False,False,True,False,True
374,28,58,5132842.259,total,,0.5659951879,2019,2020,2020,14661,False,False,False,False,True,False,False,False,False,False,True,False,True
375,28,58,5668716.927,total,,0.568032277,2019,2020,2020,14661,False,False,False,False,True,False,False,False,False,False,True,False,True
376,28,58,6257030.423,total,,0.5692595196,2019,2020,2020,14661,False,False,False,False,True,False,False,False,False,False,True,False,True
377,28,58,6921428.708,total,,0.559540512,2019,2020,2020,14661,False,False,False,False,True,False,False,False,False,False,True,False,True
378,28,58,7648210.956,total,,0.5491489021,2019,2020,2020,14661,False,False,False,False,True,False,False,False,False,False,True,False,True
379,28,58,8440002.567,total,,0.5353180077,2019,2020,2020,14661,False,False,False,False,True,False,False,False,False,False,True,False,True
380,28,58,9328420.124,total,,0.5209927651,2019,2020,2020,14661,False,False,False,False,True,False,False,False,False,False,True,False,True
381,28,58,10327595.46,total,,0.5027220123,2019,2020,2020,14661,False,False,False,False,True,False,False,False,False,False,False,True,True
382,28,58,11406427.44,total,,0.4848766169,2019,2020,2020,14661,False,False,False,False,True,False,False,False,False,False,False,True,True
383,28,58,12561848.22,total,,0.4624283226,2019,2020,2020,14661,False,False,False,False,True,False,False,False,False,False,False,True,True
384,28,58,13903370,total,,0.4358227409,2019,2020,2020,14661,False,False,False,False,True,False,False,False,False,False,False,True,True
385,28,58,15402638.41,total,,0.4086345991,2019,2020,2020,14661,False,False,False,False,True,False,False,False,False,False,False,True,True
386,28,58,16995573.77,total,,0.3900775003,2019,2020,2020,14661,False,False,False,False,True,False,False,False,False,False,False,True,True
387,28,58,18758520.98,total,,0.3759054715,2019,2020,2020,14661,False,False,False,False,True,False,False,False,False,False,False,True,True
388,28,58,19843930,total,,0.3695757643,2019,2020,2020,14661,False,False,False,False,True,False,False,False,False,False,False,True,True
389,28,59,1400000,na,,-2.167491087,2019,2022,2022,14787,False,False,False,True,False,False,False,False,False,False,True,False,True
390,28,59,2000000,na,,-1.987162775,2019,2022,2022,14787,False,False,False,True,False,False,False,False,False,False,True,False,True
391,28,59,2600000,na,,-1.821023053,2019,2022,2022,14787,False,False,False,True,False,False,False,False,False,False,True,False,True
392,28,59,3200000,na,,-1.522878745,2019,2022,2022,14787,False,False,False,True,False,False,False,False,False,False,True,False,True
393,28,59,3800000,na,,-1.480172006,2019,2022,2022,14787,False,False,False,True,False,False,False,False,False,False,True,False,True
394,28,59,4400000,na,,-1.472370099,2019,2022,2022,14787,False,False,False,True,False,False,False,False,False,False,True,False,True
395,28,59,5000000,na,,-1.326979093,2019,2022,2022,14787,False,False,False,True,False,False,False,False,False,False,True,False,True
396,28,59,5600000,na,,-1.287350298,2019,2022,2022,14787,False,False,False,True,False,False,False,False,False,False,True,False,True
397,28,59,6200000,na,,-1.319664487,2019,2022,2022,14787,False,False,False,True,False,False,False,False,False,False,True,False,True
398,28,59,7000000,na,,-1.253365801,2019,2022,2022,14787,False,False,False,True,False,False,False,False,False,False,True,False,True
399,28,59,8000000,na,,-1.252588192,2019,2022,2022,14787,False,False,False,True,False,False,False,False,False,False,True,False,True
400,28,59,9000000,na,,-1.196542884,2019,2022,2022,14787,False,False,False,True,False,False,False,False,False,False,True,False,True
401,28,59,10000000,na,,-1.217527376,2019,2022,2022,14787,False,False,False,True,False,False,False,False,False,False,False,True,True
402,28,59,650000,np,,-1.777283529,2019,2022,2022,14787,False,False,True,False,False,False,False,False,False,True,False,False,True
403,28,59,950000,np,,-1.630784143,2019,2022,2022,14787,False,False,True,False,False,False,False,False,False,True,False,False,True
404,28,59,1250000,np,,-1.458420756,2019,2022,2022,14787,False,False,True,False,False,False,False,False,False,False,True,False,True
405,28,59,1550000,np,,-1.510041521,2019,2022,2022,14787,False,False,True,False,False,False,False,False,False,False,True,False,True
406,28,59,1850000,np,,-1.438898616,2019,2022,2022,14787,False,False,True,False,False,False,False,False,False,False,True,False,True
407,28,59,2150000,np,,-1.338187314,2019,2022,2022,14787,False,False,True,False,False,False,False,False,False,False,True,False,True
408,28,59,2450000,np,,-1.235077015,2019,2022,2022,14787,False,False,True,False,False,False,False,False,False,False,True,False,True
409,28,59,2750000,np,,-1.124938737,2019,2022,2022,14787,False,False,True,False,False,False,False,False,False,False,True,False,True
410,28,59,3050000,np,,-0.998699067,2019,2022,2022,14787,False,False,True,False,False,False,False,False,False,False,True,False,True
411,28,59,3350000,np,,-1.009217308,2019,2022,2022,14787,False,False,True,False,False,False,False,False,False,False,True,False,True
412,28,59,3797038.32,np,,-0.9471137647,2019,2022,2022,14787,False,False,True,False,False,False,False,False,False,False,True,False,True
413,28,59,4250000,np,,-0.8613815661,2019,2022,2022,14787,False,False,True,False,False,False,False,False,False,False,True,False,True
414,28,59,4697605.773,np,,-0.8365404482,2019,2022,2022,14787,False,False,True,False,False,False,False,False,False,False,True,False,True
415,28,59,5150000,np,,-0.8728952016,2019,2022,2022,14787,False,False,True,False,False,False,False,False,False,False,True,False,True
416,28,59,5597990.711,np,,-0.7887459324,2019,2022,2022,14787,False,False,True,False,False,False,False,False,False,False,True,False,True
417,28,59,6198185.218,np,,-0.7360090673,2019,2022,2022,14787,False,False,True,False,False,False,False,False,False,False,True,False,True
418,28,59,7000000,np,,-0.7734000948,2019,2022,2022,14787,False,False,True,False,False,False,False,False,False,False,True,False,True
419,28,59,8000000,np,,-0.7644715531,2019,2022,2022,14787,False,False,True,False,False,False,False,False,False,False,True,False,True
420,28,59,9000000,np,,-0.71828503,2019,2022,2022,14787,False,False,True,False,False,False,False,False,False,False,True,False,True
421,28,59,10000000,np,,-0.7265357274,2019,2022,2022,14787,False,False,True,False,False,False,False,False,False,False,False,True,True
422,28,60,5000000,na,,-2.37413345,2019,2020,2021,32813,False,False,False,True,False,False,False,False,False,False,True,False,True
423,28,60,5500000,na,,-2.10418374,2019,2020,2021,32813,False,False,False,True,False,False,False,False,False,False,True,False,True
424,28,61,5000000,na,,-2.026318048,2019,2020,2021,32813,False,False,False,True,False,False,False,False,False,False,True,False,True
425,28,61,5500000,na,,-1.924611511,2019,2020,2021,32813,False,False,False,True,False,False,False,False,False,False,True,False,True
426,28,64,2584461.575,total,,0.5249458371,2019,2020,2020,14661,False,False,False,False,True,False,False,False,False,False,True,False,True
427,28,64,2809252.091,total,,0.5287217973,2019,2020,2020,14661,False,False,False,False,True,False,False,False,False,False,True,False,True
428,28,64,3108163.818,total,,0.5232465064,2019,2020,2020,14661,False,False,False,False,True,False,False,False,False,False,True,False,True
429,28,64,3435325.325,total,,0.5598856094,2019,2020,2020,14661,False,False,False,False,True,False,False,False,False,False,True,False,True
430,28,64,3791528.281,total,,0.5652554634,2019,2020,2020,14661,False,False,False,False,True,False,False,False,False,False,True,False,True
431,28,64,4196370.367,total,,0.5730080236,2019,2020,2020,14661,False,False,False,False,True,False,False,False,False,False,True,False,True
432,28,64,4646452.128,total,,0.5791823685,2019,2020,2020,14661,False,False,False,False,True,False,False,False,False,False,True,False,True
433,28,64,5132842.259,total,,0.6009608079,2019,2020,2020,14661,False,False,False,False,True,False,False,False,False,False,True,False,True
434,28,64,5668716.927,total,,0.6028203058,2019,2020,2020,14661,False,False,False,False,True,False,False,False,False,False,True,False,True
435,28,64,6257030.423,total,,0.5970336283,2019,2020,2020,14661,False,False,False,False,True,False,False,False,False,False,True,False,True
436,28,64,6921428.708,total,,0.5858299053,2019,2020,2020,14661,False,False,False,False,True,False,False,False,False,False,True,False,True
437,28,64,7648210.956,total,,0.5770865757,2019,2020,2020,14661,False,False,False,False,True,False,False,False,False,False,True,False,True
438,28,64,8440002.567,total,,0.5629444121,2019,2020,2020,14661,False,False,False,False,True,False,False,False,False,False,True,False,True
439,28,64,9328420.124,total,,0.5483062194,2019,2020,2020,14661,False,False,False,False,True,False,False,False,False,False,True,False,True
440,28,64,10327595.46,total,,0.5316999313,2019,2020,2020,14661,False,False,False,False,True,False,False,False,False,False,False,True,True
441,28,64,11406427.44,total,,0.5151207893,2019,2020,2020,14661,False,False,False,False,True,False,False,False,False,False,False,True,True
442,28,64,12561848.22,total,,0.4895492909,2019,2020,2020,14661,False,False,False,False,True,False,False,False,False,False,False,True,True
443,28,64,13903370,total,,0.4620808971,2019,2020,2020,14661,False,False,False,False,True,False,False,False,False,False,False,True,True
444,28,64,15402638.41,total,,0.4339056342,2019,2020,2020,14661,False,False,False,False,True,False,False,False,False,False,False,True,True
445,28,64,16995573.77,total,,0.4118290595,2019,2020,2020,14661,False,False,False,False,True,False,False,False,False,False,False,True,True
446,28,64,18758520.98,total,,0.3965234645,2019,2020,2020,14661,False,False,False,False,True,False,False,False,False,False,False,True,True
447,28,64,19843930,total,,0.3892742014,2019,2020,2020,14661,False,False,False,False,True,False,False,False,False,False,False,True,True
448,29,63,5000000,na,,-2.835647144,2019,2023,2024,32903,False,False,False,True,False,False,False,False,False,False,True,False,True
449,29,63,5500000,na,,-2.498940738,2019,2023,2024,32903,False,False,False,True,False,False,False,False,False,False,True,False,True
450,29,63,8500000,na,,-1.695294102,2019,2023,2024,32903,False,False,False,True,False,False,False,False,False,False,True,False,True
451,29,63,9500000,na,,-1.574139855,2019,2023,2024,32903,False,False,False,True,False,False,False,False,False,False,True,False,True
452,29,63,10500000,na,,-1.491470281,2019,2023,2024,32903,False,False,False,True,False,False,False,False,False,False,False,True,True
453,29,63,8500000,na,,-1.648203693,2019,2023,2024,32903,False,False,False,True,False,False,False,False,False,False,True,False,True
454,29,63,10500000,na,,-1.474825572,2019,2023,2024,32903,False,False,False,True,False,False,False,False,False,False,False,True,True
455,29,65,14920000,n2n,,0.01318283615,2019,2022,2021,33163,False,True,False,False,False,False,False,False,False,False,False,True,True
456,29,65,14500000,np,,-1.653647026,2019,2022,2024,32872,False,False,True,False,False,False,False,False,False,False,False,True,True
457,29,65,14700000,np,,-1.668370282,2019,2022,2024,32872,False,False,True,False,False,False,False,False,False,False,False,True,True
458,29,65,14920000,np,,-1.648977147,2019,2020,2020,33150,False,False,True,False,False,False,False,False,False,False,False,True,True
459,30,64,14770000,n2n,,-0.8102851577,2019,2023,2024,33196,False,True,False,False,False,False,False,False,False,False,False,True,True
460,30,64,14000000,np,,-0.7444862872,2019,2023,2024,32884,False,False,True,False,False,False,False,False,False,False,False,True,True
461,30,66,14000000,n2n,,-0.1833610551,2019,2023,2024,32884,False,True,False,False,False,False,False,False,False,False,False,True,True
462,30,66,14770000,n2n,,-0.1405554619,2019,2023,2024,33196,False,True,False,False,False,False,False,False,False,False,False,True,True
463,30,66,14770000,np,,-1.229516191,2019,2023,2024,33196,False,False,True,False,False,False,False,False,False,False,False,True,True
464,30,67,14770000,np,,-1.294563953,2019,2023,2024,33196,False,False,True,False,False,False,False,False,False,False,False,True,True
465,30,68,6350000,na,,-2.939551478,2019,2025,2026,14862,False,False,False,True,False,False,False,False,False,False,True,False,True
466,30,68,6850000,na,,-2.795711761,2019,2025,2026,14862,False,False,False,True,False,False,False,False,False,False,True,False,True
467,30,68,7595887.045,na,,-2.539878269,2019,2025,2026,14862,False,False,False,True,False,False,False,False,False,False,True,False,True
468,30,68,8596365.511,na,,-2.369882446,2019,2025,2026,14862,False,False,False,True,False,False,False,False,False,False,True,False,True
469,30,68,9350000,na,,-2.306882722,2019,2025,2026,14862,False,False,False,True,False,False,False,False,False,False,True,False,True
470,30,68,10341942.2,na,,-2.234342371,2019,2025,2026,14862,False,False,False,True,False,False,False,False,False,False,False,True,True
471,30,68,11597305.72,na,,-2.056699674,2019,2025,2026,14862,False,False,False,True,False,False,False,False,False,False,False,True,True
472,30,68,12597519.6,na,,-1.971224457,2019,2025,2026,14862,False,False,False,True,False,False,False,False,False,False,False,True,True
473,30,68,14770000,na,,-2.010550182,2019,2023,2024,33196,False,False,False,True,False,False,False,False,False,False,False,True,True
474,30,68,6850000,np,,-2.938852992,2019,2025,2026,14862,False,False,True,False,False,False,False,False,False,False,True,False,True
475,30,68,7595887.045,np,,-2.440924474,2019,2025,2026,14862,False,False,True,False,False,False,False,False,False,False,True,False,True
476,30,68,8596365.511,np,,-2.166707829,2019,2025,2026,14862,False,False,True,False,False,False,False,False,False,False,True,False,True
477,30,68,9350000,np,,-1.989551628,2019,2025,2026,14862,False,False,True,False,False,False,False,False,False,False,True,False,True
478,30,68,10341942.2,np,,-1.883058142,2019,2025,2026,14862,False,False,True,False,False,False,False,False,False,False,False,True,True
479,30,68,11597305.72,np,,-1.671976338,2019,2025,2026,14862,False,False,True,False,False,False,False,False,False,False,False,True,True
480,30,68,12350000,np,,-1.834307659,2019,2025,2026,14862,False,False,True,False,False,False,False,False,False,False,False,True,True
481,31,71,2150000,capture,,-2.039053804,2019,2023,2023,33193,True,False,False,False,False,False,False,False,False,False,True,False,True
482,31,71,3190000,capture,,-2.241088108,2019,2023,2023,33193,True,False,False,False,False,False,False,False,False,False,True,False,True
483,32,70,124567,capture,,-1.371070837,2019,2022,2022,14791,True,False,False,False,False,False,False,False,False,True,False,False,True
484,32,70,141059.8301,capture,,-1.216819895,2019,2022,2022,14791,True,False,False,False,False,False,False,False,False,True,False,False,True
485,32,70,159736,capture,,-1.352398959,2019,2022,2022,14791,True,False,False,False,False,False,False,False,False,True,False,False,True
486,32,70,173541,capture,,-1.344567651,2019,2022,2022,14791,True,False,False,False,False,False,False,False,False,True,False,False,True
487,32,70,188540,capture,,-1.364949759,2019,2022,2022,14791,True,False,False,False,False,False,False,False,False,True,False,False,True
488,32,70,204834,capture,,-1.344148256,2019,2022,2022,14791,True,False,False,False,False,False,False,False,False,True,False,False,True
489,32,70,231954.2422,capture,,-1.377373127,2019,2022,2022,14791,True,False,False,False,False,False,False,False,False,True,False,False,True
490,32,70,262665,capture,,-1.398144175,2019,2022,2022,14791,True,False,False,False,False,False,False,False,False,True,False,False,True
491,32,70,285366,capture,,-1.405973384,2019,2022,2022,14791,True,False,False,False,False,False,False,False,False,True,False,False,True
492,32,70,310029,capture,,-1.408020997,2019,2022,2022,14791,True,False,False,False,False,False,False,False,False,True,False,False,True
493,32,70,336824,capture,,-1.416659508,2019,2022,2022,14791,True,False,False,False,False,False,False,False,False,True,False,False,True
494,32,70,381419.3506,capture,,-1.404256389,2019,2022,2022,14791,True,False,False,False,False,False,False,False,False,True,False,False,True
495,32,70,431920,capture,,-1.403329245,2019,2022,2022,14791,True,False,False,False,False,False,False,False,False,True,False,False,True
496,32,70,469249,capture,,-1.37271302,2019,2022,2022,14791,True,False,False,False,False,False,False,False,False,True,False,False,True
497,32,70,509804,capture,,-1.400187861,2019,2022,2022,14791,True,False,False,False,False,False,False,False,False,True,False,False,True
498,32,70,553864,capture,,-1.409795925,2019,2022,2022,14791,True,False,False,False,False,False,False,False,False,True,False,False,True
499,32,70,627195.721,capture,,-1.435193138,2019,2022,2022,14791,True,False,False,False,False,False,False,False,False,True,False,False,True
500,32,70,710236,capture,,-1.423405289,2019,2022,2022,14791,True,False,False,False,False,False,False,False,False,True,False,False,True
501,32,70,771619,capture,,-1.388432811,2019,2022,2022,14791,True,False,False,False,False,False,False,False,False,True,False,False,True
502,32,70,838307,capture,,-1.373057377,2019,2022,2022,14791,True,False,False,False,False,False,False,False,False,True,False,False,True
503,32,70,910758,capture,,-1.416720725,2019,2022,2022,14791,True,False,False,False,False,False,False,False,False,True,False,False,True
504,32,72,159736,capture,,-1.559473454,2019,2022,2022,14791,True,False,False,False,False,False,False,False,False,True,False,False,True
505,32,72,173541,capture,,-1.542003114,2019,2022,2022,14791,True,False,False,False,False,False,False,False,False,True,False,False,True
506,32,72,188540,capture,,-1.504047922,2019,2022,2022,14791,True,False,False,False,False,False,False,False,False,True,False,False,True
507,32,72,204834,capture,,-1.496729693,2019,2022,2022,14791,True,False,False,False,False,False,False,False,False,True,False,False,True
508,32,72,231954.2422,capture,,-1.548119963,2019,2022,2022,14791,True,False,False,False,False,False,False,False,False,True,False,False,True
509,32,72,262665,capture,,-1.575131425,2019,2022,2022,14791,True,False,False,False,False,False,False,False,False,True,False,False,True
510,32,72,285366,capture,,-1.586847821,2019,2022,2022,14791,True,False,False,False,False,False,False,False,False,True,False,False,True
511,32,72,310029,capture,,-1.602059991,2019,2022,2022,14791,True,False,False,False,False,False,False,False,False,True,False,False,True
512,32,72,336824,capture,,-1.584642638,2019,2022,2022,14791,True,False,False,False,False,False,False,False,False,True,False,False,True
513,32,72,381419.3506,capture,,-1.567335303,2019,2022,2022,14791,True,False,False,False,False,False,False,False,False,True,False,False,True
514,32,72,431920,capture,,-1.568369307,2019,2022,2022,14791,True,False,False,False,False,False,False,False,False,True,False,False,True
515,32,72,469249,capture,,-1.580637477,2019,2022,2022,14791,True,False,False,False,False,False,False,False,False,True,False,False,True
516,32,72,509804,capture,,-1.553744066,2019,2022,2022,14791,True,False,False,False,False,False,False,False,False,True,False,False,True
517,32,72,553864,capture,,-1.576437944,2019,2022,2022,14791,True,False,False,False,False,False,False,False,False,True,False,False,True
518,32,72,627195.721,capture,,-1.579639869,2019,2022,2022,14791,True,False,False,False,False,False,False,False,False,True,False,False,True
519,32,72,710236,capture,,-1.59003815,2019,2022,2022,14791,True,False,False,False,False,False,False,False,False,True,False,False,True
520,32,72,771619,capture,,-1.641324817,2019,2022,2022,14791,True,False,False,False,False,False,False,False,False,True,False,False,True
521,32,72,838307,capture,,-1.722088375,2019,2022,2022,14791,True,False,False,False,False,False,False,False,False,True,False,False,True
522,32,72,910758,capture,,-1.82716364,2019,2022,2022,14791,True,False,False,False,False,False,False,False,False,True,False,False,True
523,32,72,155625,capture,,-1.539944513,2019,2021,2021,23757,True,False,False,False,False,False,False,False,False,True,False,False,True
524,32,72,170348.9668,capture,,-1.624190122,2019,2021,2021,23757,True,False,False,False,False,False,False,False,False,True,False,False,True
525,32,72,190716.4183,capture,,-1.637150114,2019,2021,2021,23757,True,False,False,False,False,False,False,False,False,True,False,False,True
526,32,72,208721.9768,capture,,-1.605154481,2019,2021,2021,23757,True,False,False,False,False,False,False,False,False,True,False,False,True
527,32,72,228414.5059,capture,,-1.595722331,2019,2021,2021,23757,True,False,False,False,False,False,False,False,False,True,False,False,True
528,32,72,255627.485,capture,,-1.664341548,2019,2021,2021,23757,True,False,False,False,False,False,False,False,False,True,False,False,True
529,32,72,286040.2942,capture,,-1.693403433,2019,2021,2021,23757,True,False,False,False,False,False,False,False,False,True,False,False,True
530,32,72,305975,capture,,-1.630951211,2019,2021,2021,23757,True,False,False,False,False,False,False,False,False,True,False,False,True
531,32,72,17900000,np,,-1.458420756,2019,2024,2024,23907,False,False,True,False,False,False,False,False,False,False,False,True,True
532,32,72,17900000,np,,-1.552841969,2019,2024,2024,23907,False,False,True,False,False,False,False,False,False,False,False,True,True
533,32,76,17900000,n2n,,0.08278537032,2019,2024,2024,23907,False,True,False,False,False,False,False,False,False,False,False,True,True
534,32,76,17900000,n2n,,0.06069784035,2019,2024,2024,23907,False,True,False,False,False,False,False,False,False,False,False,True,True
535,33,75,14100000,n2n,,-0.01322826573,2019,2026,2026,14866,False,True,False,False,False,False,False,False,False,False,False,True,True
536,33,75,14100000,n2n,,-0.01682492796,2019,2026,2026,14866,False,True,False,False,False,False,False,False,False,False,False,True,True
537,33,75,14100000,n2n,,-0.03763066433,2019,2026,2026,14866,False,True,False,False,False,False,False,False,False,False,False,True,True
538,34,74,13796738.75,n2n,,-0.5279753023,2019,2020,2021,32805,False,True,False,False,False,False,False,False,False,False,False,True,True
539,34,74,14800000,n2n,,-0.2873502984,2019,2020,2021,32805,False,True,False,False,False,False,False,False,False,False,False,True,True
540,34,76,14770000,n2n,,-0.0657086455,2019,2023,2023,33192,False,True,False,False,False,False,False,False,False,False,False,True,True
541,34,76,14770000,np,,-1.330497166,2019,2023,2023,33192,False,False,True,False,False,False,False,False,False,False,False,True,True
542,34,77,20997.53359,capture,,-0.1882430709,2019,2023,2023,23655,True,False,False,False,False,False,False,False,True,False,False,False,False
543,34,77,23008.90611,capture,,-0.1800085112,2019,2023,2023,23655,True,False,False,False,False,False,False,False,True,False,False,False,False
544,34,77,25501.97476,capture,,-0.2188677284,2019,2023,2023,23655,True,False,False,False,False,False,False,False,True,False,False,False,False
545,34,77,28264.15258,capture,,-0.3014312519,2019,2023,2023,23655,True,False,False,False,False,False,False,False,True,False,False,False,False
546,34,77,31324.17845,capture,,-0.2329893685,2019,2023,2023,23655,True,False,False,False,False,False,False,False,True,False,False,False,False
547,34,77,34714.04191,capture,,-0.2356052804,2019,2023,2023,23655,True,False,False,False,False,False,False,False,True,False,False,False,False
548,34,77,38032.57035,capture,,-0.3300433088,2019,2023,2023,23655,True,False,False,False,False,False,False,False,True,False,False,False,False
549,34,77,42144.6901,capture,,-0.3552082098,2019,2023,2023,23655,True,False,False,False,False,False,False,False,True,False,False,False,False
550,34,77,46699.15336,capture,,-0.3327911145,2019,2023,2023,23655,True,False,False,False,False,False,False,False,True,False,False,False,False
551,34,77,51742.97105,capture,,-0.3540749476,2019,2023,2023,23655,True,False,False,False,False,False,False,False,True,False,False,False,False
552,34,77,57328.59037,capture,,-0.4037991727,2019,2023,2023,23655,True,False,False,False,False,False,False,False,True,False,False,False,False
553,34,77,62794.68958,capture,,-0.4348067714,2019,2023,2023,23655,True,False,False,False,False,False,False,False,True,False,False,False,False
554,34,77,69565.37641,capture,,-0.4635892932,2019,2023,2023,23655,True,False,False,False,False,False,False,False,True,False,False,False,False
555,34,77,77061.4065,capture,,-0.4801713502,2019,2023,2023,23655,True,False,False,False,False,False,False,False,True,False,False,False,False
556,34,77,84395.24372,capture,,-0.4887280882,2019,2023,2023,23655,True,False,False,False,False,False,False,False,True,False,False,False,False
557,34,77,93476.98591,capture,,-0.5392954538,2019,2023,2023,23655,True,False,False,False,False,False,False,False,True,False,False,False,False
558,34,77,103528.6979,capture,,-0.516449074,2019,2023,2023,23655,True,False,False,False,False,False,False,False,False,True,False,False,True
559,34,77,114652.4739,capture,,-0.5005584456,2019,2023,2023,23655,True,False,False,False,False,False,False,False,False,True,False,False,True
560,34,77,126961.0284,capture,,-0.5419997098,2019,2023,2023,23655,True,False,False,False,False,False,False,False,False,True,False,False,True
561,34,77,140578.9795,capture,,-0.5757091443,2019,2023,2023,23655,True,False,False,False,False,False,False,False,False,True,False,False,True
562,34,77,155644.2528,capture,,-0.579168702,2019,2023,2023,23655,True,False,False,False,False,False,False,False,False,True,False,False,True
563,34,77,170372.133,capture,,-0.6092030594,2019,2023,2023,23655,True,False,False,False,False,False,False,False,False,True,False,False,True
564,34,77,188595.3065,capture,,-0.6238330791,2019,2023,2023,23655,True,False,False,False,False,False,False,False,False,True,False,False,True
565,34,78,155697.2066,capture,,-1.30980392,2019,2024,2024,23666,True,False,False,False,False,False,False,False,False,True,False,False,True
566,34,78,170429.4973,capture,,-1.375305469,2019,2024,2024,23666,True,False,False,False,False,False,False,False,False,True,False,False,True
567,34,78,188659.601,capture,,-1.317629257,2019,2024,2024,23666,True,False,False,False,False,False,False,False,False,True,False,False,True
568,34,78,208817.5564,capture,,-1.36552273,2019,2024,2024,23666,True,False,False,False,False,False,False,False,False,True,False,False,True
569,34,78,231105.4368,capture,,-1.362760512,2019,2024,2024,23666,True,False,False,False,False,False,False,False,False,True,False,False,True
570,34,78,255742.2934,capture,,-1.38341947,2019,2024,2024,23666,True,False,False,False,False,False,False,False,False,True,False,False,True
571,34,78,282973.3532,capture,,-1.398483216,2019,2024,2024,23666,True,False,False,False,False,False,False,False,False,True,False,False,True
572,34,78,313063.6643,capture,,-1.42365865,2019,2024,2024,23666,True,False,False,False,False,False,False,False,False,True,False,False,True
573,34,78,346310.3342,capture,,-1.417652506,2019,2024,2024,23666,True,False,False,False,False,False,False,False,False,True,False,False,True
574,34,78,378771.6205,capture,,-1.411448194,2019,2024,2024,23666,True,False,False,False,False,False,False,False,False,True,False,False,True
575,34,78,418884.0158,capture,,-1.415216621,2019,2024,2024,23666,True,False,False,False,False,False,False,False,False,True,False,False,True
576,34,78,463177.9872,capture,,-1.453148998,2019,2024,2024,23666,True,False,False,False,False,False,False,False,False,True,False,False,True
577,34,78,512072.972,capture,,-1.416121402,2019,2024,2024,23666,True,False,False,False,False,False,False,False,False,True,False,False,True
578,34,78,566040.4396,capture,,-1.424235019,2019,2024,2024,23666,True,False,False,False,False,False,False,False,False,True,False,False,True
579,34,78,598401.344,capture,,-1.413412695,2019,2024,2024,23666,True,False,False,False,False,False,False,False,False,True,False,False,True
580,34,78,14770000,np,,-1.71828503,2019,2023,2023,33192,False,False,True,False,False,False,False,False,False,False,False,True,True
581,35,79,13994964.18,n2n,,0.06082370457,2019,2023,2024,32900,False,True,False,False,False,False,False,False,False,False,False,True,True
582,35,79,14800000,n2n,,0.09691001301,2019,2023,2024,32900,False,True,False,False,False,False,False,False,False,False,False,True,True
583,35,79,13994964.18,na,,-1.924453039,2019,2023,2024,32900,False,False,False,True,False,False,False,False,False,False,False,True,True
584,35,79,14800000,na,,-1.869666232,2019,2023,2024,32900,False,False,False,True,False,False,False,False,False,False,False,True,True
585,35,81,13994964.18,n2n,,0.05050864615,2019,2023,2024,32898,False,True,False,False,False,False,False,False,False,False,False,True,True
586,35,81,14800000,n2n,,0.08635983067,2019,2023,2024,32898,False,True,False,False,False,False,False,False,False,False,False,True,True
587,35,81,13994964.18,na,,-2.346787486,2019,2023,2024,32900,False,False,False,True,False,False,False,False,False,False,False,True,True
588,35,81,14800000,na,,-2.244125144,2019,2023,2024,32900,False,False,False,True,False,False,False,False,False,False,False,True,True
589,36,78,14800000,n2n,,-0.3331701383,2019,2022,2025,32875,False,True,False,False,False,False,False,False,False,False,False,True,True
590,36,78,13834047.09,n2n,,-0.7919888511,2019,2023,2024,32892,False,True,False,False,False,False,False,False,False,False,False,True,True
591,36,78,14849915.82,n2n,,-0.5222277917,2019,2023,2024,32892,False,True,False,False,False,False,False,False,False,False,False,True,True
592,37,85,12489996,n2n,,-0.2514243831,2019,2020,2021,32801,False,True,False,False,False,False,False,False,False,False,False,True,True
593,37,85,14000000,n2n,,-0.003926345515,2019,2020,2021,32801,False,True,False,False,False,False,False,False,False,False,False,True,True
594,37,85,15540270.27,n2n,,0.06818586175,2019,2020,2021,32801,False,True,False,False,False,False,False,False,False,False,False,True,True
595,37,85,17200000,n2n,,0.1068705445,2019,2020,2021,32801,False,True,False,False,False,False,False,False,False,False,False,True,True
596,37,85,18693314.31,n2n,,0.1124374173,2019,2020,2021,32801,False,True,False,False,False,False,False,False,False,False,False,True,True
597,37,85,19800000,n2n,,0.1139433523,2019,2020,2021,32801,False,True,False,False,False,False,False,False,False,False,False,True,True
598,38,84,14770000,n2n,,-0.1836261112,2019,2022,2022,33180,False,True,False,False,False,False,False,False,False,False,False,True,True
599,38,88,14770000,np,,-1.829738285,2019,2022,2022,33180,False,False,True,False,False,False,False,False,False,False,False,True,True
600,39,89,17500000,n2n,,0.04921802267,2019,2022,2021,31842,False,True,False,False,False,False,False,False,False,False,False,True,True
601,39,89,19800000,n2n,,0.04532297879,2019,2022,2021,31842,False,True,False,False,False,False,False,False,False,False,False,True,True
602,39,89,14050000,n2n,,-0.09963287134,2019,2023,2023,31858,False,True,False,False,False,False,False,False,False,False,False,True,True
603,39,89,17600000,n2n,,0.008600171762,2019,2025,2024,31859,False,True,False,False,False,False,False,False,False,False,False,True,True
604,39,89,18500000,n2n,,0.03742649794,2019,2025,2024,31859,False,True,False,False,False,False,False,False,False,False,False,True,True
605,39,89,14770000,n2n,,-0.02692759179,2019,2023,2024,33196,False,True,False,False,False,False,False,False,False,False,False,True,True
606,40,90,14050000,n2n,,-0.1817741064,2019,2023,2023,31858,False,True,False,False,False,False,False,False,False,False,False,True,True
607,40,91,65670,capture,,-1.42945706,2019,2024,2024,32922,True,False,False,False,False,False,False,False,True,False,False,False,False
608,40,91,101160,capture,,-1.721246399,2019,2024,2024,32922,True,False,False,False,False,False,False,False,False,True,False,False,True
609,40,91,176720,capture,,-1.696803943,2019,2024,2024,32922,True,False,False,False,False,False,False,False,False,True,False,False,True
610,40,92,13994964.18,np,,-1.725842151,2019,2020,2022,32814,False,False,True,False,False,False,False,False,False,False,False,True,True
611,40,92,14800000,np,,-1.694648631,2019,2020,2022,32814,False,False,True,False,False,False,False,False,False,False,False,True,True
612,40,94,13994964.18,na,,-2.372292851,2019,2020,2022,32814,False,False,False,True,False,False,False,False,False,False,False,True,True
613,40,94,14800000,na,,-2.293282218,2019,2020,2022,32814,False,False,False,True,False,False,False,False,False,False,False,True,True
614,40,94,13796738.75,np,,-2.232844134,2019,2020,2022,32814,False,False,True,False,False,False,False,False,False,False,False,True,True
615,40,94,14800000,np,,-2.13667714,2019,2020,2022,32814,False,False,True,False,False,False,False,False,False,False,False,True,True
616,40,96,13994964.18,capture,,-2.669586227,2019,2020,2022,32814,True,False,False,False,False,False,False,False,False,False,False,True,True
617,40,96,14800000,capture,,-2.735182177,2019,2020,2022,32814,True,False,False,False,False,False,False,False,False,False,False,True,True
618,40,96,13994964.18,n2n,,0.1802214821,2019,2020,2022,32814,False,True,False,False,False,False,False,False,False,False,False,True,True
619,40,96,14800000,n2n,,0.1978316933,2019,2020,2022,32814,False,True,False,False,False,False,False,False,False,False,False,True,True
620,41,93,14050000,n2n,,-0.3316140833,2019,2023,2023,31858,False,True,False,False,False,False,False,False,False,False,False,True,True
621,42,92,13796738.75,n2n,,-0.9871627753,2019,2020,2022,32812,False,True,False,False,False,False,False,False,False,False,False,True,True
622,42,92,14800000,n2n,,-0.8507808873,2019,2020,2022,32812,False,True,False,False,False,False,False,False,False,False,False,True,True
623,42,92,13796738.75,na,,-1.582528307,2019,2021,2022,32855,False,False,False,True,False,False,False,False,False,False,False,True,True
624,42,92,14800000,na,,-1.534617149,2019,2021,2022,32855,False,False,False,True,False,False,False,False,False,False,False,True,True
625,42,92,13520000,na,,-1.590066877,2019,2020,2020,33141,False,False,False,True,False,False,False,False,False,False,False,True,True
626,42,95,13796738.75,np,,-1.387216143,2019,2021,2022,32855,False,False,True,False,False,False,False,False,False,False,False,True,True
627,42,95,14800000,np,,-1.35261703,2019,2021,2022,32855,False,False,True,False,False,False,False,False,False,False,False,True,True
628,42,96,13796738.75,np,,-1.619788758,2019,2020,2022,32812,False,False,True,False,False,False,False,False,False,False,False,True,True
629,42,96,14800000,np,,-1.537602002,2019,2020,2022,32812,False,False,True,False,False,False,False,False,False,False,False,True,True
630,42,96,14540000,np,,-1.600326279,2019,2020,2020,33147,False,False,True,False,False,False,False,False,False,False,False,True,True
631,42,96,14770000,np,,-1.633017024,2019,2023,2024,33196,False,False,True,False,False,False,False,False,False,False,False,True,True
632,42,97,13796738.75,np,,-1.765735876,2019,2020,2022,32812,False,False,True,False,False,False,False,False,False,False,False,True,True
633,42,97,14800000,np,,-1.709965389,2019,2020,2022,32812,False,False,True,False,False,False,False,False,False,False,False,True,True
634,42,97,13520000,np,,-1.747146969,2019,2020,2020,33141,False,False,True,False,False,False,False,False,False,False,False,True,True
635,42,97,14540000,np,,-1.732828272,2019,2020,2021,33153,False,False,True,False,False,False,False,False,False,False,False,True,True
636,42,97,14770000,np,,-1.850165303,2019,2023,2024,33196,False,False,True,False,False,False,False,False,False,False,False,True,True
637,42,98,1670000,capture,,-1.964666338,2019,2023,2024,33197,True,False,False,False,False,False,False,False,False,False,True,False,True
638,42,98,2060000,capture,,-1.912190198,2019,2023,2024,33197,True,False,False,False,False,False,False,False,False,False,True,False,True
639,42,98,2660000,capture,,-2.0839147,2019,2023,2024,33197,True,False,False,False,False,False,False,False,False,False,True,False,True
640,42,98,13796738.75,na,,-2.255707017,2019,2020,2022,32812,False,False,False,True,False,False,False,False,False,False,False,True,True
641,42,98,14800000,na,,-2.236572006,2019,2020,2022,32812,False,False,False,True,False,False,False,False,False,False,False,True,True
642,42,100,13796738.75,n2n,,0.1562461904,2019,2020,2022,32812,False,True,False,False,False,False,False,False,False,False,False,True,True
643,42,100,14800000,n2n,,0.1571544399,2019,2020,2022,32812,False,True,False,False,False,False,False,False,False,False,False,True,True
644,42,100,14540000,n2n,,0.1841375652,2019,2020,2020,33147,False,True,False,False,False,False,False,False,False,False,False,True,True
645,42,100,13590000,n2n,,0.1676126727,2019,2020,2021,33164,False,True,False,False,False,False,False,False,False,False,False,True,True
646,42,100,14770000,n2n,,0.1938172465,2019,2023,2024,33196,False,True,False,False,False,False,False,False,False,False,False,True,True
647,42,100,13796738.75,na,,-2.709965389,2019,2020,2022,32812,False,False,False,True,False,False,False,False,False,False,False,True,True
648,42,100,14800000,na,,-2.638272164,2019,2020,2022,32812,False,False,False,True,False,False,False,False,False,False,False,True,True
649,43,99,1500,total,,1.12904506,2019,2020,2021,23730,False,False,False,False,True,False,False,True,False,False,False,False,False
650,43,99,1700,total,,1.088844563,2019,2020,2021,23730,False,False,False,False,True,False,False,True,False,False,False,False,False
651,43,99,1900,total,,1.045322979,2019,2020,2021,23730,False,False,False,False,True,False,False,True,False,False,False,False,False
652,43,99,2250,total,,1.01911629,2019,2020,2021,23730,False,False,False,False,True,False,False,True,False,False,False,False,False
653,43,99,2750,total,,1.063708559,2019,2020,2021,23730,False,False,False,False,True,False,False,True,False,False,False,False,False
654,43,99,3250,total,,1.009025742,2019,2020,2021,23730,False,False,False,False,True,False,False,True,False,False,False,False,False
655,43,99,3750,total,,1.003460532,2019,2020,2021,23730,False,False,False,False,True,False,False,True,False,False,False,False,False
656,43,99,4250,total,,0.9995654882,2019,2020,2021,23730,False,False,False,False,True,False,False,True,False,False,False,False,False
657,43,99,4750,total,,0.9795483747,2019,2020,2021,23730,False,False,False,False,True,False,False,True,False,False,False,False,False
658,43,99,6250,total,,0.9840770339,2019,2020,2021,23730,False,False,False,False,True,False,False,True,False,False,False,False,False
659,43,99,8750,total,,0.9777236053,2019,2020,2021,23730,False,False,False,False,True,False,False,True,False,False,False,False,False
660,43,99,12500,total,,0.9726655923,2019,2020,2021,23730,False,False,False,False,True,False,False,False,True,False,False,False,False
661,43,99,17500,total,,0.9703468762,2019,2020,2021,23730,False,False,False,False,True,False,False,False,True,False,False,False,False
662,43,99,22500,total,,0.9786369484,2019,2020,2021,23730,False,False,False,False,True,False,False,False,True,False,False,False,False
663,43,99,27500,total,,0.9885589569,2019,2020,2021,23730,False,False,False,False,True,False,False,False,True,False,False,False,False
664,43,99,35000,total,,0.9929950984,2019,2020,2021,23730,False,False,False,False,True,False,False,False,True,False,False,False,False
665,43,99,45000,total,,0.9898945637,2019,2020,2021,23730,False,False,False,False,True,False,False,False,True,False,False,False,False
666,43,99,55000,total,,0.9907826918,2019,2020,2021,23730,False,False,False,False,True,False,False,False,True,False,False,False,False
667,43,99,65000,total,,0.9938769149,2019,2020,2021,23730,False,False,False,False,True,False,False,False,True,False,False,False,False
668,43,99,75000,total,,1.000434077,2019,2020,2021,23730,False,False,False,False,True,False,False,False,True,False,False,False,False
669,43,99,85000,total,,0.9973863844,2019,2020,2021,23730,False,False,False,False,True,False,False,False,True,False,False,False,False
670,43,99,105000,total,,0.9876662649,2019,2020,2021,23730,False,False,False,False,True,False,False,False,False,True,False,False,True
671,43,99,125000,total,,0.9956351946,2019,2020,2021,23730,False,False,False,False,True,False,False,False,False,True,False,False,True
672,43,99,139910.6858,total,,0.9993480692,2019,2020,2021,23730,False,False,False,False,True,False,False,False,False,True,False,False,True
673,43,99,155000,total,,0.9854264741,2019,2020,2021,23730,False,False,False,False,True,False,False,False,False,True,False,False,True
674,43,99,165000,total,,0.9772662124,2019,2020,2021,23730,False,False,False,False,True,False,False,False,False,True,False,False,True
675,45,103,16860000,n2n,,0.1707749359,2019,2023,2023,33195,False,True,False,False,False,False,False,False,False,False,False,True,True
676,45,103,19890000,n2n,,0.01513752088,2019,2023,2023,33195,False,True,False,False,False,False,False,False,False,False,False,True,True
677,45,103,2584461.575,total,,0.6246651009,2019,2020,2020,14661,False,False,False,False,True,False,False,False,False,False,True,False,True
678,45,103,2809252.091,total,,0.6120132582,2019,2020,2020,14661,False,False,False,False,True,False,False,False,False,False,True,False,True
679,45,103,3108163.818,total,,0.6029745639,2019,2020,2020,14661,False,False,False,False,True,False,False,False,False,False,True,False,True
680,45,103,3435325.325,total,,0.5980441788,2019,2020,2020,14661,False,False,False,False,True,False,False,False,False,False,True,False,True
681,45,103,3791528.281,total,,0.5869763691,2019,2020,2020,14661,False,False,False,False,True,False,False,False,False,False,True,False,True
682,45,103,4196370.367,total,,0.5784322744,2019,2020,2020,14661,False,False,False,False,True,False,False,False,False,False,True,False,True
683,45,103,4646452.128,total,,0.5801254118,2019,2020,2020,14661,False,False,False,False,True,False,False,False,False,False,True,False,True
684,45,103,5132842.259,total,,0.5855331554,2019,2020,2020,14661,False,False,False,False,True,False,False,False,False,False,True,False,True
685,45,103,5668716.927,total,,0.5894620645,2019,2020,2020,14661,False,False,False,False,True,False,False,False,False,False,True,False,True
686,45,103,6257030.423,total,,0.591457456,2019,2020,2020,14661,False,False,False,False,True,False,False,False,False,False,True,False,True
687,45,103,6921428.708,total,,0.5998805687,2019,2020,2020,14661,False,False,False,False,True,False,False,False,False,False,True,False,True
688,45,103,7648210.956,total,,0.6105522147,2019,2020,2020,14661,False,False,False,False,True,False,False,False,False,False,True,False,True
689,45,103,8440002.567,total,,0.6146435224,2019,2020,2020,14661,False,False,False,False,True,False,False,False,False,False,True,False,True
690,45,103,9328420.124,total,,0.624668103,2019,2020,2020,14661,False,False,False,False,True,False,False,False,False,False,True,False,True
691,45,103,10327595.46,total,,0.6288878995,2019,2020,2020,14661,False,False,False,False,True,False,False,False,False,False,False,True,True
692,45,103,11406427.44,total,,0.6225490295,2019,2020,2020,14661,False,False,False,False,True,False,False,False,False,False,False,True,True
693,45,103,12561848.22,total,,0.6161741515,2019,2020,2020,14661,False,False,False,False,True,False,False,False,False,False,False,True,True
694,45,103,13903370,total,,0.6090861011,2019,2020,2020,14661,False,False,False,False,True,False,False,False,False,False,False,True,True
695,45,103,15402638.41,total,,0.5876225056,2019,2020,2020,14661,False,False,False,False,True,False,False,False,False,False,False,True,True
696,45,103,16995573.77,total,,0.5738545029,2019,2020,2020,14661,False,False,False,False,True,False,False,False,False,False,False,True,True
697,45,103,18758520.98,total,,0.5477482532,2019,2020,2020,14661,False,False,False,False,True,False,False,False,False,False,False,True,True
698,45,103,19843930,total,,0.5293995522,2019,2020,2020,14661,False,False,False,False,True,False,False,False,False,False,False,True,True
699,46,102,14540000,n2n,,-0.03796231343,2019,2020,2020,33146,False,True,False,False,False,False,False,False,False,False,False,True,True
700,46,102,14770000,n2n,,-0.02273378757,2019,2024,2026,33224,False,True,False,False,False,False,False,False,False,False,False,True,True
701,46,105,14540000,np,,-1.363512104,2019,2020,2020,33146,False,False,True,False,False,False,False,False,False,False,False,True,True
702,46,105,14770000,np,,-1.337242168,2019,2024,2026,33224,False,False,True,False,False,False,False,False,False,False,False,True,True
703,46,110,14540000,n2n,,0.2799861609,2019,2020,2020,33146,False,True,False,False,False,False,False,False,False,False,False,True,True
704,47,107,2889.57208,capture,,0.334834346,2019,2022,2024,32913,True,False,False,False,False,False,False,True,False,False,False,False,False
705,47,107,3136.933431,capture,,0.1905657138,2019,2022,2024,32913,True,False,False,False,False,False,False,True,False,False,False,False,False
706,47,107,3465.108732,capture,,0.1090097651,2019,2022,2024,32913,True,False,False,False,False,False,False,True,False,False,False,False,False
707,47,107,3827.514698,capture,,0.2607207682,2019,2022,2024,32913,True,False,False,False,False,False,False,True,False,False,False,False,False
708,47,107,4233.181287,capture,,0.174685145,2019,2022,2024,32913,True,False,False,False,False,False,False,True,False,False,False,False,False
709,47,107,4677.353567,capture,,0.2941578584,2019,2022,2024,32913,True,False,False,False,False,False,False,True,False,False,False,False,False
710,47,107,5168.131238,capture,,0.2112397617,2019,2022,2024,32913,True,False,False,False,False,False,False,True,False,False,False,False,False
711,47,107,5710.404418,capture,,0.1896218983,2019,2022,2024,32913,True,False,False,False,False,False,False,True,False,False,False,False,False
712,47,107,6309.576344,capture,,0.2179632764,2019,2022,2024,32913,True,False,False,False,False,False,False,True,False,False,False,False,False
713,47,107,6971.617215,capture,,0.09798147774,2019,2022,2024,32913,True,False,False,False,False,False,False,True,False,False,False,False,False
714,47,107,7703.123598,capture,,0.1634847039,2019,2022,2024,32913,True,False,False,False,False,False,False,True,False,False,False,False,False
715,47,107,8511.384302,capture,,0.1963882035,2019,2022,2024,32913,True,False,False,False,False,False,False,True,False,False,False,False,False
716,47,107,9413.479901,capture,,0.1769175713,2019,2022,2024,32913,True,False,False,False,False,False,False,True,False,False,False,False,False
717,47,107,10411.18587,capture,,0.1210711806,2019,2022,2024,32913,True,False,False,False,False,False,False,False,True,False,False,False,False
718,47,107,11503.59368,capture,,0.09318415247,2019,2022,2024,32913,True,False,False,False,False,False,False,False,True,False,False,False,False
719,47,107,12710.62385,capture,,0.1090420446,2019,2022,2024,32913,True,False,False,False,False,False,False,False,True,False,False,False,False
720,47,107,14044.3033,capture,,0.09261294146,2019,2022,2024,32913,True,False,False,False,False,False,False,False,True,False,False,False,False
721,47,107,15517.92088,capture,,0.08610694345,2019,2022,2024,32913,True,False,False,False,False,False,False,False,True,False,False,False,False
722,47,107,17146.15978,capture,,0.1029812027,2019,2022,2024,32913,True,False,False,False,False,False,False,False,True,False,False,False,False
723,47,107,18945.24387,capture,,0.08072331281,2019,2022,2024,32913,True,False,False,False,False,False,False,False,True,False,False,False,False
724,47,107,20953.19236,capture,,0.03376131782,2019,2022,2024,32913,True,False,False,False,False,False,False,False,True,False,False,False,False
725,47,107,23173.95717,capture,,-0.002357255211,2019,2022,2024,32913,True,False,False,False,False,False,False,False,True,False,False,False,False
726,47,107,25605.51607,capture,,-0.0776708903,2019,2022,2024,32913,True,False,False,False,False,False,False,False,True,False,False,False,False
727,47,107,28292.20958,capture,,0.02934011969,2019,2022,2024,32913,True,False,False,False,False,False,False,False,True,False,False,False,False
728,47,107,31260.80806,capture,,-0.02005943337,2019,2022,2024,32913,True,False,False,False,False,False,False,False,True,False,False,False,False
729,47,107,34540.89076,capture,,-0.07666330403,2019,2022,2024,32913,True,False,False,False,False,False,False,False,True,False,False,False,False
730,47,107,38165.14058,capture,,-0.07406858993,2019,2022,2024,32913,True,False,False,False,False,False,False,False,True,False,False,False,False
731,47,107,42169.66975,capture,,-0.144197115,2019,2022,2024,32913,True,False,False,False,False,False,False,False,True,False,False,False,False
732,47,107,46594.37957,capture,,-0.1523487531,2019,2022,2024,32913,True,False,False,False,False,False,False,False,True,False,False,False,False
733,47,107,51532.77544,capture,,-0.1709157425,2019,2022,2024,32913,True,False,False,False,False,False,False,False,True,False,False,False,False
734,47,107,56994.5768,capture,,-0.2062943771,2019,2022,2024,32913,True,False,False,False,False,False,False,False,True,False,False,False,False
735,47,107,62974.8101,capture,,-0.2550306854,2019,2022,2024,32913,True,False,False,False,False,False,False,False,True,False,False,False,False
736,47,107,69582.52749,capture,,-0.2877131713,2019,2022,2024,32913,True,False,False,False,False,False,False,False,True,False,False,False,False
737,47,107,76883.56861,capture,,-0.2992117414,2019,2022,2024,32913,True,False,False,False,False,False,False,False,True,False,False,False,False
738,47,107,84950.68136,capture,,-0.2899763709,2019,2022,2024,32913,True,False,False,False,False,False,False,False,True,False,False,False,False
739,47,107,93864.24687,capture,,-0.2941234971,2019,2022,2024,32913,True,False,False,False,False,False,False,False,True,False,False,False,False
740,47,107,99330.7085,capture,,-0.3188502843,2019,2022,2024,32913,True,False,False,False,False,False,False,False,True,False,False,False,False
741,48,112,14540000,np,,-1.726767166,2019,2024,2025,33209,False,False,True,False,False,False,False,False,False,False,False,True,True
742,48,112,14540000,np,,-1.654822383,2019,2024,2025,33209,False,False,True,False,False,False,False,False,False,False,False,True,True
743,50,112,14500000,n2n,,-0.0390965706,2019,2021,2021,33161,False,True,False,False,False,False,False,False,False,False,False,True,True
744,50,112,3128503.737,total,,0.6368568833,2019,2020,2020,14661,False,False,False,False,True,False,False,False,False,False,True,False,True
745,50,112,3430398.192,total,,0.6224077658,2019,2020,2020,14661,False,False,False,False,True,False,False,False,False,False,True,False,True
746,50,112,3793428.459,total,,0.6110394941,2019,2020,2020,14661,False,False,False,False,True,False,False,False,False,False,True,False,True
747,50,112,4199448.443,total,,0.6073425478,2019,2020,2020,14661,False,False,False,False,True,False,False,False,False,False,True,False,True
748,50,112,4643049.72,total,,0.5994039233,2019,2020,2020,14661,False,False,False,False,True,False,False,False,False,False,True,False,True
749,50,112,5124738.318,total,,0.6029509832,2019,2020,2020,14661,False,False,False,False,True,False,False,False,False,False,True,False,True
750,50,112,5657520.78,total,,0.6054792678,2019,2020,2020,14661,False,False,False,False,True,False,False,False,False,False,True,False,True
751,50,112,6262329.486,total,,0.607796266,2019,2020,2020,14661,False,False,False,False,True,False,False,False,False,False,True,False,True
752,50,112,6931239.215,total,,0.6130473547,2019,2020,2020,14661,False,False,False,False,True,False,False,False,False,False,True,False,True
753,50,112,7647552.843,total,,0.6216775762,2019,2020,2020,14661,False,False,False,False,True,False,False,False,False,False,True,False,True
754,50,112,8456004.443,total,,0.6279671742,2019,2020,2020,14661,False,False,False,False,True,False,False,False,False,False,True,False,True
755,50,112,9340287.126,total,,0.6432263896,2019,2020,2020,14661,False,False,False,False,True,False,False,False,False,False,True,False,True
756,50,112,10302230.55,total,,0.6441062583,2019,2020,2020,14661,False,False,False,False,True,False,False,False,False,False,False,True,True
757,50,112,11381747.29,total,,0.6461405629,2019,2020,2020,14661,False,False,False,False,True,False,False,False,False,False,False,True,True
758,50,112,12594944.32,total,,0.6467165548,2019,2020,2020,14661,False,False,False,False,True,False,False,False,False,False,False,True,True
759,50,112,13960067.13,total,,0.6433292798,2019,2020,2020,14661,False,False,False,False,True,False,False,False,False,False,False,True,True
760,50,112,15432810.1,total,,0.6305999822,2019,2020,2020,14661,False,False,False,False,True,False,False,False,False,False,False,True,True
761,50,112,17006603.13,total,,0.6137982077,2019,2020,2020,14661,False,False,False,False,True,False,False,False,False,False,False,True,True
762,50,112,18750306.32,total,,0.5979765487,2019,2020,2020,14661,False,False,False,False,True,False,False,False,False,False,False,True,True
763,50,112,19814810,total,,0.5921667607,2019,2020,2020,14661,False,False,False,False,True,False,False,False,False,False,False,True,True
764,50,124,3128503.737,total,,0.646757275,2019,2020,2020,14661,False,False,False,False,True,False,False,False,False,False,True,False,True
765,50,124,3430398.192,total,,0.6349992646,2019,2020,2020,14661,False,False,False,False,True,False,False,False,False,False,True,False,True
766,50,124,3793428.459,total,,0.6258980037,2019,2020,2020,14661,False,False,False,False,True,False,False,False,False,False,True,False,True
767,50,124,4199448.443,total,,0.6230364426,2019,2020,2020,14661,False,False,False,False,True,False,False,False,False,False,True,False,True
768,50,124,4643049.72,total,,0.6201687181,2019,2020,2020,14661,False,False,False,False,True,False,False,False,False,False,True,False,True
769,50,124,5124738.318,total,,0.6213495593,2019,2020,2020,14661,False,False,False,False,True,False,False,False,False,False,True,False,True
770,50,124,5657520.78,total,,0.6206508105,2019,2020,2020,14661,False,False,False,False,True,False,False,False,False,False,True,False,True
771,50,124,6262329.486,total,,0.6197681549,2019,2020,2020,14661,False,False,False,False,True,False,False,False,False,False,True,False,True
772,50,124,6931239.215,total,,0.6204082571,2019,2020,2020,14661,False,False,False,False,True,False,False,False,False,False,True,False,True
773,50,124,7647552.843,total,,0.629762013,2019,2020,2020,14661,False,False,False,False,True,False,False,False,False,False,True,False,True
774,50,124,8456004.443,total,,0.6400085943,2019,2020,2020,14661,False,False,False,False,True,False,False,False,False,False,True,False,True
775,50,124,9340287.126,total,,0.6567622701,2019,2020,2020,14661,False,False,False,False,True,False,False,False,False,False,True,False,True
776,50,124,10302230.55,total,,0.6670677388,2019,2020,2020,14661,False,False,False,False,True,False,False,False,False,False,False,True,True
777,50,124,11381747.29,total,,0.6711553145,2019,2020,2020,14661,False,False,False,False,True,False,False,False,False,False,False,True,True
778,50,124,12594944.32,total,,0.6726776301,2019,2020,2020,14661,False,False,False,False,True,False,False,False,False,False,False,True,True
779,50,124,13960067.13,total,,0.6659064997,2019,2020,2020,14661,False,False,False,False,True,False,False,False,False,False,False,True,True
780,50,124,15432810.1,total,,0.6549500716,2019,2020,2020,14661,False,False,False,False,True,False,False,False,False,False,False,True,True
781,50,124,17006603.13,total,,0.6412758474,2019,2020,2020,14661,False,False,False,False,True,False,False,False,False,False,False,True,True
782,50,124,18750306.32,total,,0.6220113866,2019,2020,2020,14661,False,False,False,False,True,False,False,False,False,False,False,True,True
783,50,124,19814810,total,,0.6155134347,2019,2020,2020,14661,False,False,False,False,True,False,False,False,False,False,False,True,True
784,51,121,1660000,capture,,-1.126377183,2019,2025,2026,33221,True,False,False,False,False,False,False,False,False,False,True,False,True
785,51,121,2650000,capture,,-1.326822369,2019,2025,2026,33221,True,False,False,False,False,False,False,False,False,False,True,False,True
786,51,121,3050000,capture,,-1.324459944,2019,2025,2026,33221,True,False,False,False,False,False,False,False,False,False,True,False,True
787,52,122,13796738.75,n2n,,0.01786771896,2019,2020,2020,32803,False,True,False,False,False,False,False,False,False,False,False,True,True
788,52,122,14800000,n2n,,0.06520612805,2019,2020,2020,32803,False,True,False,False,False,False,False,False,False,False,False,True,True
789,52,128,13858246.53,n2n,,0.1775364999,2019,2024,2025,32936,False,True,False,False,False,False,False,False,False,False,False,True,True
790,52,128,14819514.16,n2n,,0.193263773,2019,2024,2025,32936,False,True,False,False,False,False,False,False,False,False,False,True,True
791,53,127,1564.863375,capture,,0.6170003411,2019,2024,2024,23615,True,False,False,False,False,False,False,True,False,False,False,False,False
792,53,127,1730.159269,capture,,0.352375495,2019,2024,2024,23615,True,False,False,False,False,False,False,True,False,False,False,False,False
793,53,127,1922.385581,capture,,0.7423322824,2019,2024,2024,23615,True,False,False,False,False,False,False,True,False,False,False,False,False
794,53,127,2100.536523,capture,,0.7493110862,2019,2024,2024,23615,True,False,False,False,False,False,False,True,False,False,False,False,False
795,53,127,2304.651699,capture,,0.4286206727,2019,2024,2024,23615,True,False,False,False,False,False,False,True,False,False,False,False,False
796,53,127,2540.032898,capture,,0.3984608496,2019,2024,2024,23615,True,False,False,False,False,False,False,True,False,False,False,False,False
797,53,127,2813.407627,capture,,0.6633710755,2019,2024,2024,23615,True,False,False,False,False,False,False,True,False,False,False,False,False
798,53,127,3133.416675,capture,,0.179838928,2019,2024,2024,23615,True,False,False,False,False,False,False,True,False,False,False,False,False
799,53,127,3511.30394,capture,,0.4272426022,2019,2024,2024,23615,True,False,False,False,False,False,False,True,False,False,False,False,False
800,53,127,3840.56,capture,,0.6835873176,2019,2024,2024,23615,True,False,False,False,False,False,False,True,False,False,False,False,False
801,53,127,4220.475168,capture,,0.485579477,2019,2024,2024,23615,True,False,False,False,False,False,False,True,False,False,False,False,False
802,53,127,4657.161,capture,,0.1849751907,2019,2024,2024,23615,True,False,False,False,False,False,False,True,False,False,False,False,False
803,53,127,5168.404503,capture,,0.08278537032,2019,2024,2024,23615,True,False,False,False,False,False,False,True,False,False,False,False,False
804,53,127,5764.851,capture,,0.1309766916,2019,2024,2024,23615,True,False,False,False,False,False,False,True,False,False,False,False,False
805,53,127,6223.179,capture,,0.1821292141,2019,2024,2024,23615,True,False,False,False,False,False,False,True,False,False,False,False,False
806,53,127,7023.386935,capture,,0.1963143854,2019,2024,2024,23615,True,False,False,False,False,False,False,True,False,False,False,False,False
807,53,127,7981.174,capture,,0.1152775914,2019,2024,2024,23615,True,False,False,False,False,False,False,True,False,False,False,False,False
808,53,127,8735.621,capture,,0.1583624921,2019,2024,2024,23615,True,False,False,False,False,False,False,True,False,False,False,False,False
809,53,127,9602.326,capture,,0.1095785469,2019,2024,2024,23615,True,False,False,False,False,False,False,True,False,False,False,False,False
810,53,127,10604.72,capture,,0.1122697684,2019,2024,2024,23615,True,False,False,False,False,False,False,False,True,False,False,False,False
811,53,127,11772.67,capture,,0.08421868674,2019,2024,2024,23615,True,False,False,False,False,False,False,False,True,False,False,False,False
812,53,127,13144.77,capture,,0.01619735351,2019,2024,2024,23615,True,False,False,False,False,False,False,False,True,False,False,False,False
813,53,127,14771.5,capture,,0.02242837119,2019,2024,2024,23615,True,False,False,False,False,False,False,False,True,False,False,False,False
814,53,127,16720,capture,,0.00259798072,2019,2024,2024,23615,True,False,False,False,False,False,False,False,True,False,False,False,False
815,53,127,19081.1,capture,,-0.01502287358,2019,2024,2024,23615,True,False,False,False,False,False,False,False,True,False,False,False,False
816,53,127,21980.06,capture,,-0.0752040042,2019,2024,2024,23615,True,False,False,False,False,False,False,False,True,False,False,False,False
817,53,127,25593.6,capture,,-0.05012229596,2019,2024,2024,23615,True,False,False,False,False,False,False,False,True,False,False,False,False
818,53,127,30177.39,capture,,-0.0840727883,2019,2024,2024,23615,True,False,False,False,False,False,False,False,True,False,False,False,False
819,53,127,36112.67,capture,,-0.2350770154,2019,2024,2024,23615,True,False,False,False,False,False,False,False,True,False,False,False,False
820,53,127,43988.04,capture,,-0.2225731776,2019,2024,2024,23615,True,False,False,False,False,False,False,False,True,False,False,False,False
821,53,127,54751.31,capture,,-0.2525881921,2019,2024,2024,23615,True,False,False,False,False,False,False,False,True,False,False,False,False
822,53,127,70008.55,capture,,-0.3605135107,2019,2024,2024,23615,True,False,False,False,False,False,False,False,True,False,False,False,False
823,53,127,92659.98,capture,,-0.5316526696,2019,2024,2024,23615,True,False,False,False,False,False,False,False,True,False,False,False,False
824,53,127,128387.2,capture,,-0.5833594927,2019,2024,2024,23615,True,False,False,False,False,False,False,False,False,True,False,False,True
825,53,127,189597.2,capture,,-0.6345120151,2019,2024,2024,23615,True,False,False,False,False,False,False,False,False,True,False,False,True
826,53,127,307848.1,capture,,-0.7904849855,2019,2024,2024,23615,True,False,False,False,False,False,False,False,False,True,False,False,True
827,53,127,584459.2,capture,,-1.207608311,2019,2024,2024,23615,True,False,False,False,False,False,False,False,False,True,False,False,True
828,53,127,51500,capture,,-0.2125395255,2019,2026,2025,23622,True,False,False,False,False,False,False,False,True,False,False,False,False
829,53,127,127700,capture,,-0.54668166,2019,2026,2025,23622,True,False,False,False,False,False,False,False,False,True,False,False,True
830,53,127,600000,capture,,-1.322575562,2019,2021,2021,33162,True,False,False,False,False,False,False,False,False,True,False,False,True
831,53,127,1260000,capture,,-1.500587874,2019,2021,2021,33162,True,False,False,False,False,False,False,False,False,False,True,False,True
832,53,127,2510000,capture,,-1.56320149,2019,2021,2021,33162,True,False,False,False,False,False,False,False,False,False,True,False,True
833,53,127,14077780.36,n2n,,0.1710972215,2019,2023,2025,32796,False,True,False,False,False,False,False,False,False,False,False,True,True
834,53,127,14790000,n2n,,0.2019157827,2019,2023,2025,32796,False,True,False,False,False,False,False,False,False,False,False,True,True
835,53,127,14920000,n2n,,0.1814090762,2019,2020,2020,33150,False,True,False,False,False,False,False,False,False,False,False,True,True
836,53,129,2100.53608,capture,,0.2227164711,2019,2024,2024,23615,True,False,False,False,False,False,False,True,False,False,False,False,False
837,53,129,2304.651187,capture,,0.3053513694,2019,2024,2024,23615,True,False,False,False,False,False,False,True,False,False,False,False,False
838,53,129,2540.031873,capture,,0.411619706,2019,2024,2024,23615,True,False,False,False,False,False,False,True,False,False,False,False,False
839,53,129,2813.408141,capture,,0.2900346114,2019,2024,2024,23615,True,False,False,False,False,False,False,True,False,False,False,False,False
840,53,129,3133.415619,capture,,-0.351639989,2019,2024,2024,23615,True,False,False,False,False,False,False,True,False,False,False,False,False
841,53,129,3511.304028,capture,,0.1628629933,2019,2024,2024,23615,True,False,False,False,False,False,False,True,False,False,False,False,False
842,53,129,3840.56,capture,,0.2405492483,2019,2024,2024,23615,True,False,False,False,False,False,False,True,False,False,False,False,False
843,53,129,4220.474136,capture,,0.220108088,2019,2024,2024,23615,True,False,False,False,False,False,False,True,False,False,False,False,False
844,53,129,4657.16,capture,,0.1553360375,2019,2024,2024,23615,True,False,False,False,False,False,False,True,False,False,False,False,False
845,53,129,5168.401948,capture,,-0.004364805402,2019,2024,2024,23615,True,False,False,False,False,False,False,True,False,False,False,False,False
846,53,129,5764.85,capture,,-0.04095860768,2019,2024,2024,23615,True,False,False,False,False,False,False,True,False,False,False,False,False
847,53,129,6223.18,capture,,0.03742649794,2019,2024,2024,23615,True,False,False,False,False,False,False,True,False,False,False,False,False
848,53,129,7023.384495,capture,,0.006466042249,2019,2024,2024,23615,True,False,False,False,False,False,False,True,False,False,False,False,False
849,53,129,7981.17,capture,,-0.04575749056,2019,2024,2024,23615,True,False,False,False,False,False,False,True,False,False,False,False,False
850,53,129,8735.62,capture,,-0.04095860768,2019,2024,2024,23615,True,False,False,False,False,False,False,True,False,False,False,False,False
851,53,129,9602.33,capture,,-0.1487416513,2019,2024,2024,23615,True,False,False,False,False,False,False,True,False,False,False,False,False
852,53,129,10604.7,capture,,-0.0268721464,2019,2024,2024,23615,True,False,False,False,False,False,False,False,True,False,False,False,False
853,53,129,11772.7,capture,,-0.06550154876,2019,2024,2024,23615,True,False,False,False,False,False,False,False,True,False,False,False,False
854,53,129,13144.8,capture,,-0.2441251443,2019,2024,2024,23615,True,False,False,False,False,False,False,False,True,False,False,False,False
855,53,129,14771.5,capture,,-0.193820026,2019,2024,2024,23615,True,False,False,False,False,False,False,False,True,False,False,False,False
856,53,129,16720,capture,,-0.1870866434,2019,2024,2024,23615,True,False,False,False,False,False,False,False,True,False,False,False,False
857,53,129,19081.1,capture,,-0.2291479884,2019,2024,2024,23615,True,False,False,False,False,False,False,False,True,False,False,False,False
858,53,129,21980.1,capture,,-0.3372421683,2019,2024,2024,23615,True,False,False,False,False,False,False,False,True,False,False,False,False
859,53,129,25593.6,capture,,-0.2596373105,2019,2024,2024,23615,True,False,False,False,False,False,False,False,True,False,False,False,False
860,53,129,30177.4,capture,,-0.3767507096,2019,2024,2024,23615,True,False,False,False,False,False,False,False,True,False,False,False,False
861,53,129,51500,capture,,-0.5559552041,2019,2026,2025,23622,True,False,False,False,False,False,False,False,True,False,False,False,False
862,53,129,127700,capture,,-0.8507808873,2019,2026,2025,23622,True,False,False,False,False,False,False,False,False,True,False,False,True
863,54,124,13945966.41,n2n,,0.02806265153,2019,2022,2024,32871,False,True,False,False,False,False,False,False,False,False,False,True,True
864,54,124,14800000,n2n,,0.1115985249,2019,2022,2024,32871,False,True,False,False,False,False,False,False,False,False,False,True,True
865,54,124,13834047.09,n2n,,0.03848504475,2019,2023,2024,32892,False,True,False,False,False,False,False,False,False,False,False,True,True
866,54,124,14849915.82,n2n,,0.1007323065,2019,2023,2024,32892,False,True,False,False,False,False,False,False,False,False,False,True,True
867,54,126,13945966.41,n2n,,0.1952075495,2019,2022,2024,32871,False,True,False,False,False,False,False,False,False,False,False,True,True
868,54,126,14800000,n2n,,0.2540644529,2019,2022,2024,32871,False,True,False,False,False,False,False,False,False,False,False,True,True
869,54,128,13945966.41,n2n,,0.2191914402,2019,2022,2024,32871,False,True,False,False,False,False,False,False,False,False,False,True,True
870,54,128,14800000,n2n,,0.2412973871,2019,2022,2024,32871,False,True,False,False,False,False,False,False,False,False,False,True,True
871,54,131,13945966.41,np,,-2.207608311,2019,2022,2024,32871,False,False,True,False,False,False,False,False,False,False,False,True,True
872,54,131,14800000,np,,-2.13667714,2019,2022,2024,32871,False,False,True,False,False,False,False,False,False,False,False,True,True
873,54,134,13945966.41,n2n,,0.2294898607,2019,2023,2024,32895,False,True,False,False,False,False,False,False,False,False,False,True,True
874,54,134,14800000,n2n,,0.2240148114,2019,2023,2024,32895,False,True,False,False,False,False,False,False,False,False,False,True,True
875,54,136,13945966.41,n2n,,0.1761636354,2019,2022,2025,32883,False,True,False,False,False,False,False,False,False,False,False,True,True
876,54,136,14800000,n2n,,0.1804126328,2019,2022,2025,32883,False,True,False,False,False,False,False,False,False,False,False,True,True
877,55,133,14077780.36,n2n,,0.1936532249,2019,2023,2025,32796,False,True,False,False,False,False,False,False,False,False,False,True,True
878,55,133,14790000,n2n,,0.2215185603,2019,2023,2025,32796,False,True,False,False,False,False,False,False,False,False,False,True,True
879,58,140,13500000,n2n,,0.2671717284,2019,2020,2021,33149,False,True,False,False,False,False,False,False,False,False,False,True,True
880,58,140,13500000,n2n,,0.2552725051,2019,2020,2021,33149,False,True,False,False,False,False,False,False,False,False,False,True,True
881,58,142,13500000,n2n,,0.3117538611,2019,2020,2021,33149,False,True,False,False,False,False,False,False,False,False,False,True,True
882,58,142,13500000,n2n,,0.3263358609,2019,2020,2021,33149,False,True,False,False,False,False,False,False,False,False,False,True,True
883,60,142,14770000,n2n,,0.1868517872,2019,2022,2022,33170,False,True,False,False,False,False,False,False,False,False,False,True,True
884,60,146,14540000,np,,-2.387216143,2019,2020,2021,33153,False,False,True,False,False,False,False,False,False,False,False,True,True
885,60,146,14770000,np,,-2.461928873,2019,2022,2022,33170,False,False,True,False,False,False,False,False,False,False,False,True,True
886,60,148,14540000,n2n,,0.2585415071,2019,2020,2021,33153,False,True,False,False,False,False,False,False,False,False,False,True,True
887,60,148,14770000,n2n,,0.255577731,2019,2022,2022,33170,False,True,False,False,False,False,False,False,False,False,False,True,True
888,60,150,14770000,n2n,,0.2369175309,2019,2022,2022,33170,False,True,False,False,False,False,False,False,False,False,False,True,True
889,63,153,13796738.75,na,,-2.868060705,2019,2020,2020,32808,False,False,False,True,False,False,False,False,False,False,False,True,True
890,63,153,14800000,na,,-2.76700389,2019,2020,2020,32808,False,False,False,True,False,False,False,False,False,False,False,True,True
891,63,153,13796738.75,np,,-2.431798276,2019,2020,2020,32808,False,False,True,False,False,False,False,False,False,False,False,True,True
892,63,153,14800000,np,,-2.346787486,2019,2020,2020,32808,False,False,True,False,False,False,False,False,False,False,False,True,True
893,65,159,2292.232515,capture,,0.7882454622,2019,2023,2024,32899,True,False,False,False,False,False,False,True,False,False,False,False,False
894,65,159,2542.49,capture,,0.762359664,2019,2023,2024,32899,True,False,False,False,False,False,False,True,False,False,False,False,False
895,65,159,2820.067802,capture,,0.7705405329,2019,2023,2024,32899,True,False,False,False,False,False,False,True,False,False,False,False,False
896,65,159,3127.94,capture,,0.8007782325,2019,2023,2024,32899,True,False,False,False,False,False,False,True,False,False,False,False,False
897,65,159,3469.435364,capture,,0.6641298266,2019,2023,2024,32899,True,False,False,False,False,False,False,True,False,False,False,False,False
898,65,159,3848.21,capture,,0.5820554046,2019,2023,2024,32899,True,False,False,False,False,False,False,True,False,False,False,False,False
899,65,159,4268.338753,capture,,0.5326117134,2019,2023,2024,32899,True,False,False,False,False,False,False,True,False,False,False,False,False
900,65,159,4734.34,capture,,0.5555961982,2019,2023,2024,32899,True,False,False,False,False,False,False,True,False,False,False,False,False
901,65,159,5072.93,capture,,0.6274846568,2019,2023,2024,32899,True,False,False,False,False,False,False,True,False,False,False,False,False
902,65,159,5626.763513,capture,,0.4586287854,2019,2023,2024,32899,True,False,False,False,False,False,False,True,False,False,False,False,False
903,65,159,6241.07,capture,,0.5063737772,2019,2023,2024,32899,True,False,False,False,False,False,False,True,False,False,False,False,False
904,65,159,6922.430606,capture,,0.4875915311,2019,2023,2024,32899,True,False,False,False,False,False,False,True,False,False,False,False,False
905,65,159,7678.19,capture,,0.4666467114,2019,2023,2024,32899,True,False,False,False,False,False,False,True,False,False,False,False,False
906,65,159,8516.459619,capture,,0.3825762195,2019,2023,2024,32899,True,False,False,False,False,False,False,True,False,False,False,False,False
907,65,159,9446.24,capture,,0.4524136377,2019,2023,2024,32899,True,False,False,False,False,False,False,True,False,False,False,False,False
908,65,159,10477.5,capture,,0.4107645838,2019,2023,2024,32899,True,False,False,False,False,False,False,False,True,False,False,False,False
909,65,159,11621.4,capture,,0.2664715981,2019,2023,2024,32899,True,False,False,False,False,False,False,False,True,False,False,False,False
910,65,159,12890.21072,capture,,0.3595926647,2019,2023,2024,32899,True,False,False,False,False,False,False,False,True,False,False,False,False
911,65,159,14297.5,capture,,0.3204267207,2019,2023,2024,32899,True,False,False,False,False,False,False,False,True,False,False,False,False
912,65,159,15320,capture,,0.2491934639,2019,2023,2024,32899,True,False,False,False,False,False,False,False,True,False,False,False,False
913,65,159,16992.56421,capture,,0.2711489702,2019,2023,2024,32899,True,False,False,False,False,False,False,False,True,False,False,False,False
914,65,159,18847.7,capture,,0.2349068602,2019,2023,2024,32899,True,False,False,False,False,False,False,False,True,False,False,False,False
915,65,159,20905.42914,capture,,0.2727591578,2019,2023,2024,32899,True,False,False,False,False,False,False,False,True,False,False,False,False
916,65,159,23187.8,capture,,0.1955039046,2019,2023,2024,32899,True,False,False,False,False,False,False,False,True,False,False,False,False
917,65,159,25719.25747,capture,,0.1518155625,2019,2023,2024,32899,True,False,False,False,False,False,False,False,True,False,False,False,False
918,65,159,28527.2,capture,,0.1019360059,2019,2023,2024,32899,True,False,False,False,False,False,False,False,True,False,False,False,False
919,65,159,31641.62437,capture,,0.1081081655,2019,2023,2024,32899,True,False,False,False,False,False,False,False,True,False,False,False,False
920,65,159,35096.1,capture,,0.101815786,2019,2023,2024,32899,True,False,False,False,False,False,False,False,True,False,False,False,False
921,65,159,37606.2,capture,,0.07269462861,2019,2023,2024,32899,True,False,False,False,False,False,False,False,True,False,False,False,False
922,65,159,41711.76832,capture,,0.07561629699,2019,2023,2024,32899,True,False,False,False,False,False,False,False,True,False,False,False,False
923,65,159,46265.7,capture,,0.06998242122,2019,2023,2024,32899,True,False,False,False,False,False,False,False,True,False,False,False,False
924,65,159,51316.73908,capture,,0.04603643516,2019,2023,2024,32899,True,False,False,False,False,False,False,False,True,False,False,False,False
925,65,159,56919.2,capture,,-0.0002658695873,2019,2023,2024,32899,True,False,False,False,False,False,False,False,True,False,False,False,False
926,65,159,63133.33889,capture,,-0.03087775507,2019,2023,2024,32899,True,False,False,False,False,False,False,False,True,False,False,False,False
927,65,159,70026,capture,,0.003555308261,2019,2023,2024,32899,True,False,False,False,False,False,False,False,True,False,False,False,False
928,65,159,77671.01903,capture,,-0.09787929912,2019,2023,2024,32899,True,False,False,False,False,False,False,False,True,False,False,False,False
929,65,159,86150.7,capture,,-0.0995766079,2019,2023,2024,32899,True,False,False,False,False,False,False,False,True,False,False,False,False
930,65,159,92312.2,capture,,-0.1521097558,2019,2023,2024,32899,True,False,False,False,False,False,False,False,True,False,False,False,False
931,65,159,102390.5647,capture,,-0.1812361917,2019,2023,2024,32899,True,False,False,False,False,False,False,False,False,True,False,False,True
932,65,159,113569,capture,,-0.1269818236,2019,2023,2024,32899,True,False,False,False,False,False,False,False,False,True,False,False,True
933,65,159,125967.3619,capture,,-0.2119759461,2019,2023,2024,32899,True,False,False,False,False,False,False,False,False,True,False,False,True
934,65,159,139720,capture,,-0.2313286066,2019,2023,2024,32899,True,False,False,False,False,False,False,False,False,True,False,False,True
935,65,159,154974.0606,capture,,-0.267588145,2019,2023,2024,32899,True,False,False,False,False,False,False,False,False,True,False,False,True
936,65,159,171893,capture,,-0.3131323474,2019,2023,2024,32899,True,False,False,False,False,False,False,False,False,True,False,False,True
937,65,159,190659.7659,capture,,-0.3182465069,2019,2023,2024,32899,True,False,False,False,False,False,False,False,False,True,False,False,True
938,65,159,211475,capture,,-0.349298196,2019,2023,2024,32899,True,False,False,False,False,False,False,False,False,True,False,False,True
939,65,159,226600,capture,,-0.3724999835,2019,2023,2024,32899,True,False,False,False,False,False,False,False,False,True,False,False,True
940,65,159,251338.5761,capture,,-0.3900679967,2019,2023,2024,32899,True,False,False,False,False,False,False,False,False,True,False,False,True
941,65,159,278778,capture,,-0.4003395882,2019,2023,2024,32899,True,False,False,False,False,False,False,False,False,True,False,False,True
942,65,159,309213.5464,capture,,-0.4033215505,2019,2023,2024,32899,True,False,False,False,False,False,False,False,False,True,False,False,True
943,65,159,342972,capture,,-0.4499001192,2019,2023,2024,32899,True,False,False,False,False,False,False,False,False,True,False,False,True
944,65,159,380416.0634,capture,,-0.5093919703,2019,2023,2024,32899,True,False,False,False,False,False,False,False,False,True,False,False,True
945,65,159,421948,capture,,-0.535166313,2019,2023,2024,32899,True,False,False,False,False,False,False,False,False,True,False,False,True
946,65,159,468013.8135,capture,,-0.5939139372,2019,2023,2024,32899,True,False,False,False,False,False,False,False,False,True,False,False,True
947,65,159,519110,capture,,-0.649275295,2019,2023,2024,32899,True,False,False,False,False,False,False,False,False,True,False,False,True
948,65,159,575783.0425,capture,,-0.6650167727,2019,2023,2024,32899,True,False,False,False,False,False,False,False,False,True,False,False,True
949,65,159,638644,capture,,-0.7242511155,2019,2023,2024,32899,True,False,False,False,False,False,False,False,False,True,False,False,True
950,65,159,684320,capture,,-0.7105492946,2019,2023,2024,32899,True,False,False,False,False,False,False,False,False,True,False,False,True
951,65,159,759030.2276,capture,,-0.7800790128,2019,2023,2024,32899,True,False,False,False,False,False,False,False,False,True,False,False,True
952,65,159,841897,capture,,-0.8286421951,2019,2023,2024,32899,True,False,False,False,False,False,False,False,False,True,False,False,True
953,65,159,902109,capture,,-0.8232375511,2019,2023,2024,32899,True,False,False,False,False,False,False,False,False,True,False,False,True
954,66,156,17100000,n2n,,0.2227164711,2019,2021,2023,23782,False,True,False,False,False,False,False,False,False,False,False,True,True
955,66,156,18544540.98,n2n,,0.2329961104,2019,2021,2023,23782,False,True,False,False,False,False,False,False,False,False,False,True,True
956,69,169,1047.133389,capture,,0.8842106264,2019,2025,2025,14855,True,False,False,False,False,False,False,True,False,False,False,False,False
957,69,169,1153.465168,capture,,0.8311708755,2019,2025,2025,14855,True,False,False,False,False,False,False,True,False,False,False,False,False
958,69,169,1276.467657,capture,,0.7862324361,2019,2025,2025,14855,True,False,False,False,False,False,False,True,False,False,False,False,False
959,69,169,1412.564907,capture,,0.9943651516,2019,2025,2025,14855,True,False,False,False,False,False,False,True,False,False,False,False,False
960,69,169,1555.975429,capture,,0.7551779017,2019,2025,2025,14855,True,False,False,False,False,False,False,True,False,False,False,False,False
961,69,169,1713.981958,capture,,0.7048085602,2019,2025,2025,14855,True,False,False,False,False,False,False,True,False,False,False,False,False
962,69,169,1896.722612,capture,,0.6771687877,2019,2025,2025,14855,True,False,False,False,False,False,False,True,False,False,False,False,False
963,69,169,2098.973224,capture,,0.7961597708,2019,2025,2025,14855,True,False,False,False,False,False,False,True,False,False,False,False,False
964,69,169,2322.760426,capture,,0.619803603,2019,2025,2025,14855,True,False,False,False,False,False,False,True,False,False,False,False,False
965,69,169,2570.418406,capture,,0.672737488,2019,2025,2025,14855,True,False,False,False,False,False,False,True,False,False,False,False,False
966,69,169,2844.493841,capture,,0.7287543142,2019,2025,2025,14855,True,False,False,False,False,False,False,True,False,False,False,False,False
967,69,169,3133.313278,capture,,0.5610274041,2019,2025,2025,14855,True,False,False,False,False,False,False,True,False,False,False,False,False
968,69,169,3451.463045,capture,,0.4555079168,2019,2025,2025,14855,True,False,False,False,False,False,False,True,False,False,False,False,False
969,69,169,3801.939616,capture,,0.555686814,2019,2025,2025,14855,True,False,False,False,False,False,False,True,False,False,False,False,False
970,69,169,4217.223016,capture,,0.5136064259,2019,2025,2025,14855,True,False,False,False,False,False,False,True,False,False,False,False,False
971,69,169,4677.650595,capture,,0.5230470018,2019,2025,2025,14855,True,False,False,False,False,False,False,True,False,False,False,False,False
972,69,169,5128.924976,capture,,0.4194476736,2019,2025,2025,14855,True,False,False,False,False,False,False,True,False,False,False,False,False
973,69,169,5688.903869,capture,,0.3888433457,2019,2025,2025,14855,True,False,False,False,False,False,False,True,False,False,False,False,False
974,69,169,6310.009431,capture,,0.4150735582,2019,2025,2025,14855,True,False,False,False,False,False,False,True,False,False,False,False,False
975,69,169,6998.889334,capture,,0.3369917688,2019,2025,2025,14855,True,False,False,False,False,False,False,True,False,False,False,False,False
976,69,169,7762.976826,capture,,0.3863294952,2019,2025,2025,14855,True,False,False,False,False,False,False,True,False,False,False,False,False
977,69,169,8511.954169,capture,,0.3035794069,2019,2025,2025,14855,True,False,False,False,False,False,False,True,False,False,False,False,False
978,69,169,9441.213496,capture,,0.2363155233,2019,2025,2025,14855,True,False,False,False,False,False,False,True,False,False,False,False,False
979,69,169,10471.77578,capture,,0.2147445316,2019,2025,2025,14855,True,False,False,False,False,False,False,False,True,False,False,False,False
980,69,169,11482.19006,capture,,0.1745467706,2019,2025,2025,14855,True,False,False,False,False,False,False,False,True,False,False,False,False
981,69,169,12736.04859,capture,,0.1183242597,2019,2025,2025,14855,True,False,False,False,False,False,False,False,True,False,False,False,False
982,69,169,14126.56949,capture,,0.1182647261,2019,2025,2025,14855,True,False,False,False,False,False,False,False,True,False,False,False,False
983,69,169,15489.35877,capture,,0.1146526772,2019,2025,2025,14855,True,False,False,False,False,False,False,False,True,False,False,False,False
984,69,169,17180.09022,capture,,0.06383605374,2019,2025,2025,14855,True,False,False,False,False,False,False,False,True,False,False,False,False
985,69,169,19056.18089,capture,,0.04412800461,2019,2025,2025,14855,True,False,False,False,False,False,False,False,True,False,False,False,False
986,69,169,20894.32273,capture,,0.008930025116,2019,2025,2025,14855,True,False,False,False,False,False,False,False,True,False,False,False,False
987,69,169,23175.3059,capture,,-0.03442016162,2019,2025,2025,14855,True,False,False,False,False,False,False,False,True,False,False,False,False
988,69,169,25705.48122,capture,,-0.07482977369,2019,2025,2025,14855,True,False,False,False,False,False,False,False,True,False,False,False,False
989,69,169,28185.66267,capture,,-0.06786629518,2019,2025,2025,14855,True,False,False,False,False,False,False,False,True,False,False,False,False
990,69,169,30551.2676,capture,,-0.05156747185,2019,2025,2025,14855,True,False,False,False,False,False,False,False,True,False,False,False,False
991,69,169,38907.42083,capture,,-0.1298771308,2019,2025,2025,14855,True,False,False,False,False,False,False,False,True,False,False,False,False
992,69,169,42172.23016,capture,,-0.1436034509,2019,2025,2025,14855,True,False,False,False,False,False,False,False,True,False,False,False,False
993,69,169,46776.50595,capture,,-0.1771097873,2019,2025,2025,14855,True,False,False,False,False,False,False,False,True,False,False,False,False
994,69,169,51289.24976,capture,,-0.2188660031,2019,2025,2025,14855,True,False,False,False,False,False,False,False,True,False,False,False,False
995,69,169,56889.03869,capture,,-0.2516708502,2019,2025,2025,14855,True,False,False,False,False,False,False,False,True,False,False,False,False
996,69,169,63100.09431,capture,,-0.2400659955,2019,2025,2025,14855,True,False,False,False,False,False,False,False,True,False,False,False,False
997,69,169,69187.82402,capture,,-0.2485572964,2019,2025,2025,14855,True,False,False,False,False,False,False,False,True,False,False,False,False
998,69,169,75862.60402,capture,,-0.2336949962,2019,2025,2025,14855,True,False,False,False,False,False,False,False,True,False,False,False,False
999,69,169,96611,capture,,-0.3474345843,2019,2025,2025,14855,True,False,False,False,False,False,False,False,True,False,False,False,False
1000,69,169,103519.4953,capture,,-0.3367986592,2019,2025,2025,14855,True,False,False,False,False,False,False,False,False,True,False,False,True
1001,69,169,114821.9006,capture,,-0.3608373601,2019,2025,2025,14855,True,False,False,False,False,False,False,False,False,True,False,False,True
1002,69,169,125903.2634,capture,,-0.4140882897,2019,2025,2025,14855,True,False,False,False,False,False,False,False,False,True,False,False,True
1003,69,169,146230,capture,,-0.4090801819,2019,2025,2025,14855,True,False,False,False,False,False,False,False,False,True,False,False,True
1004,69,169,154893.5877,capture,,-0.4920328715,2019,2025,2025,14855,True,False,False,False,False,False,False,False,False,True,False,False,True
1005,69,169,169833.754,capture,,-0.498875667,2019,2025,2025,14855,True,False,False,False,False,False,False,False,False,True,False,False,True
1006,69,169,186223.2494,capture,,-0.4978290254,2019,2025,2025,14855,True,False,False,False,False,False,False,False,False,True,False,False,True
1007,69,169,208943.2273,capture,,-0.5387454009,2019,2025,2025,14855,True,False,False,False,False,False,False,False,False,True,False,False,True
1008,69,169,231753.059,capture,,-0.5819308365,2019,2025,2025,14855,True,False,False,False,False,False,False,False,False,True,False,False,True
1009,69,169,251203.3764,capture,,-0.609479966,2019,2025,2025,14855,True,False,False,False,False,False,False,False,False,True,False,False,True
1010,69,169,288420.8924,capture,,-0.6364820334,2019,2025,2025,14855,True,False,False,False,False,False,False,False,False,True,False,False,True
1011,69,169,312628.2547,capture,,-0.6544616021,2019,2025,2025,14855,True,False,False,False,False,False,False,False,False,True,False,False,True
1012,69,169,346762.5533,capture,,-0.6480491674,2019,2025,2025,14855,True,False,False,False,False,False,False,False,False,True,False,False,True
1013,69,169,380216.4798,capture,,-0.6910889295,2019,2025,2025,14855,True,False,False,False,False,False,False,False,False,True,False,False,True
1014,69,169,421722.3016,capture,,-0.7188302266,2019,2025,2025,14855,True,False,False,False,False,False,False,False,False,True,False,False,True
1015,69,169,467765.0595,capture,,-0.8079973851,2019,2025,2025,14855,True,False,False,False,False,False,False,False,False,True,False,False,True
1016,69,169,512892.4976,capture,,-0.8378689093,2019,2025,2025,14855,True,False,False,False,False,False,False,False,False,True,False,False,True
1017,69,169,568890.3869,capture,,-0.8667230246,2019,2025,2025,14855,True,False,False,False,False,False,False,False,False,True,False,False,True
1018,69,169,631000.9431,capture,,-0.8792451504,2019,2025,2025,14855,True,False,False,False,False,False,False,False,False,True,False,False,True
1019,69,169,691878.2402,capture,,-0.898605246,2019,2025,2025,14855,True,False,False,False,False,False,False,False,False,True,False,False,True
1020,69,169,767411.001,capture,,-0.93751579,2019,2025,2025,14855,True,False,False,False,False,False,False,False,False,True,False,False,True
1021,69,169,851195.4169,capture,,-0.9490859224,2019,2025,2025,14855,True,False,False,False,False,False,False,False,False,True,False,False,True
1022,69,169,933313.2365,capture,,-0.972796201,2019,2025,2025,14855,True,False,False,False,False,False,False,False,False,True,False,False,True
1023,69,169,15243359.21,n2n,,0.3106614558,2019,2021,2021,14708,False,True,False,False,False,False,False,False,False,False,False,True,True
1024,69,169,17045972.59,n2n,,0.2597730063,2019,2021,2021,14708,False,True,False,False,False,False,False,False,False,False,False,True,True
1025,69,169,18421183.46,n2n,,0.1093253878,2019,2021,2021,14708,False,True,False,False,False,False,False,False,False,False,False,True,True
1026,69,169,14050000,n2n,,0.3222192947,2019,2023,2023,31858,False,True,False,False,False,False,False,False,False,False,False,True,True
1027,69,169,12489996,n2n,,0.2639909327,2019,2023,2025,32925,False,True,False,False,False,False,False,False,False,False,False,True,True
1028,69,169,14000000,n2n,,0.2871296207,2019,2023,2025,32925,False,True,False,False,False,False,False,False,False,False,False,True,True
1029,69,169,15491933.38,n2n,,0.3016809493,2019,2023,2025,32925,False,True,False,False,False,False,False,False,False,False,False,True,True
1030,69,169,17000000,n2n,,0.2633993313,2019,2023,2025,32925,False,True,False,False,False,False,False,False,False,False,False,True,True
1031,69,169,18493242.01,n2n,,0.116607744,2019,2023,2025,32925,False,True,False,False,False,False,False,False,False,False,False,True,True
1032,69,169,19800000,n2n,,-0.02826040911,2019,2023,2025,32925,False,True,False,False,False,False,False,False,False,False,False,True,True
1033,70,168,14770000,n2n,,0.2806716836,2019,2022,2022,33175,False,True,False,False,False,False,False,False,False,False,False,True,True
1034,70,170,14770000,n2n,,0.3412188077,2019,2022,2022,33175,False,True,False,False,False,False,False,False,False,False,False,True,True
1035,70,173,14770000,np,,-2.346787486,2019,2022,2022,33175,False,False,True,False,False,False,False,False,False,False,False,True,True
1036,70,174,14770000,na,,-2.93930216,2019,2022,2022,33175,False,False,False,True,False,False,False,False,False,False,False,True,True
1037,70,174,14770000,np,,-2.555955204,2019,2022,2022,33175,False,False,True,False,False,False,False,False,False,False,False,True,True
1038,70,176,14770000,n2n,,0.3508370184,2019,2022,2022,33175,False,True,False,False,False,False,False,False,False,False,False,True,True
1039,71,175,14600000,na,,-2.63638802,2019,2024,2025,32254,False,False,False,True,False,False,False,False,False,False,False,True,True
1040,71,175,14620000,na,,-2.970616222,2019,2024,2025,32934,False,False,False,True,False,False,False,False,False,False,False,True,True
1041,71,175,14860000,na,,-2.935542011,2019,2024,2025,32934,False,False,False,True,False,False,False,False,False,False,False,True,True
1042,71,175,14600000,np,,-2.180456064,2019,2024,2025,32254,False,False,True,False,False,False,False,False,False,False,False,True,True
1043,71,175,14066788.7,np,,-2.466821298,2019,2024,2025,32934,False,False,True,False,False,False,False,False,False,False,False,True,True
1044,71,175,14860000,np,,-2.366531544,2019,2024,2025,32934,False,False,True,False,False,False,False,False,False,False,False,True,True
1045,71,176,14600000,na,,-2.555955204,2019,2024,2025,32254,False,False,False,True,False,False,False,False,False,False,False,True,True
1046,71,176,14860000,na,,-3,2019,2024,2025,32934,False,False,False,True,False,False,False,False,False,False,False,True,True
1047,72,180,13796738.75,np,,-2.874518734,2019,2021,2021,32851,False,False,True,False,False,False,False,False,False,False,False,True,True
1048,72,180,14800000,np,,-2.725842151,2019,2021,2021,32851,False,False,True,False,False,False,False,False,False,False,False,True,True
1049,73,181,14780000,n2n,,0.2624510897,2019,2020,2020,33142,False,True,False,False,False,False,False,False,False,False,False,True,True
1050,74,182,8606369.734,n2n,,-0.6546262694,2019,2025,2025,14856,False,True,False,False,False,False,False,False,False,False,True,False,True
1051,74,182,9350000,n2n,,-0.09205147839,2019,2025,2025,14856,False,True,False,False,False,False,False,False,False,False,True,False,True
1052,74,182,10315734.67,n2n,,0.1343896324,2019,2025,2025,14856,False,True,False,False,False,False,False,False,False,False,False,True,True
1053,74,182,11542400.1,n2n,,0.2467447097,2019,2025,2025,14856,False,True,False,False,False,False,False,False,False,False,False,True,True
1054,74,182,12517503.74,n2n,,0.2963360546,2019,2025,2025,14856,False,True,False,False,False,False,False,False,False,False,False,True,True
1055,74,182,14700000,n2n,,0.3479151865,2019,2025,2025,14856,False,True,False,False,False,False,False,False,False,False,False,True,True
1056,74,182,13942740.05,n2n,,0.3133398439,2019,2022,2024,32874,False,True,False,False,False,False,False,False,False,False,False,True,True
1057,74,182,14800000,n2n,,0.3358589113,2019,2022,2024,32874,False,True,False,False,False,False,False,False,False,False,False,True,True
1058,74,182,13994964.18,np,,-2.39218768,2019,2022,2024,32874,False,False,True,False,False,False,False,False,False,False,False,True,True
1059,74,182,14800000,np,,-2.257274869,2019,2022,2024,32874,False,False,True,False,False,False,False,False,False,False,False,True,True
1060,74,183,13994964.18,np,,-2.531160551,2019,2023,2025,32904,False,False,True,False,False,False,False,False,False,False,False,True,True
1061,74,183,14800000,np,,-2.32330639,2019,2023,2025,32904,False,False,True,False,False,False,False,False,False,False,False,True,True
1062,74,184,13994964.18,np,,-2.718966633,2019,2022,2024,32874,False,False,True,False,False,False,False,False,False,False,False,True,True
1063,74,184,14800000,np,,-2.514278574,2019,2022,2024,32874,False,False,True,False,False,False,False,False,False,False,False,True,True
1064,75,185,1044.652998,capture,,1.04857881,2019,2024,2025,32929,True,False,False,False,False,False,False,True,False,False,False,False,False
1065,75,185,1151.453607,capture,,1.103381806,2019,2024,2025,32929,True,False,False,False,False,False,False,True,False,False,False,False,False
1066,75,185,1269.665242,capture,,1.049839259,2019,2024,2025,32929,True,False,False,False,False,False,False,True,False,False,False,False,False
1067,75,185,1399.356788,capture,,1.078279439,2019,2024,2025,32929,True,False,False,False,False,False,False,True,False,False,False,False,False
1068,75,185,1561.212346,capture,,0.9807616105,2019,2024,2025,32929,True,False,False,False,False,False,False,True,False,False,False,False,False
1069,75,185,1722.002037,capture,,0.8668050816,2019,2024,2025,32929,True,False,False,False,False,False,False,True,False,False,False,False,False
1070,75,185,1899.157446,capture,,0.867522169,2019,2024,2025,32929,True,False,False,False,False,False,False,True,False,False,False,False,False
1071,75,185,2089.365794,capture,,0.9414775176,2019,2024,2025,32929,True,False,False,False,False,False,False,True,False,False,False,False,False
1072,75,185,2304.956272,capture,,0.9749632531,2019,2024,2025,32929,True,False,False,False,False,False,False,True,False,False,False,False,False
1073,75,185,2566.82114,capture,,0.96867661,2019,2024,2025,32929,True,False,False,False,False,False,False,True,False,False,False,False,False
1074,75,185,2829.204692,capture,,0.8939142653,2019,2024,2025,32929,True,False,False,False,False,False,False,True,False,False,False,False,False
1075,75,185,3120.518639,capture,,0.8552028596,2019,2024,2025,32929,True,False,False,False,False,False,False,True,False,False,False,False,False
1076,75,185,3476.381856,capture,,0.8243906272,2019,2024,2025,32929,True,False,False,False,False,False,False,True,False,False,False,False,False
1077,75,185,3831.376381,capture,,0.811418149,2019,2024,2025,32929,True,False,False,False,False,False,False,True,False,False,False,False,False
1078,75,185,4221.951508,capture,,0.8048454559,2019,2024,2025,32929,True,False,False,False,False,False,False,True,False,False,False,False,False
1079,75,185,4707.875708,capture,,0.7434387353,2019,2024,2025,32929,True,False,False,False,False,False,False,True,False,False,False,False,False
1080,75,185,5185.961517,capture,,0.7478548109,2019,2024,2025,32929,True,False,False,False,False,False,False,True,False,False,False,False,False
1081,75,185,5719.398518,capture,,0.690248015,2019,2024,2025,32929,True,False,False,False,False,False,False,True,False,False,False,False,False
1082,75,185,6303.165515,capture,,0.6115124807,2019,2024,2025,32929,True,False,False,False,False,False,False,True,False,False,False,False,False
1083,75,185,6948.67607,capture,,0.6189876673,2019,2024,2025,32929,True,False,False,False,False,False,False,True,False,False,False,False,False
1084,75,185,7740.397139,capture,,0.6181803533,2019,2024,2025,32929,True,False,False,False,False,False,False,True,False,False,False,False,False
1085,75,185,8532.519697,capture,,0.5227760225,2019,2024,2025,32929,True,False,False,False,False,False,False,True,False,False,False,False,False
1086,75,185,9405.619887,capture,,0.4916515937,2019,2024,2025,32929,True,False,False,False,False,False,False,True,False,False,False,False,False
1087,75,185,10040,capture,,0.4801435373,2019,2024,2025,32929,True,False,False,False,False,False,False,False,True,False,False,False,False
1088,75,187,1044.652998,capture,,1.334018535,2019,2024,2025,32929,True,False,False,False,False,False,False,True,False,False,False,False,False
1089,75,187,1151.453607,capture,,1.195638444,2019,2024,2025,32929,True,False,False,False,False,False,False,True,False,False,False,False,False
1090,75,187,1269.665242,capture,,1.135728562,2019,2024,2025,32929,True,False,False,False,False,False,False,True,False,False,False,False,False
1091,75,187,1399.356788,capture,,1.285151943,2019,2024,2025,32929,True,False,False,False,False,False,False,True,False,False,False,False,False
1092,75,187,1561.212346,capture,,1.106781843,2019,2024,2025,32929,True,False,False,False,False,False,False,True,False,False,False,False,False
1093,75,187,1722.002037,capture,,1.085993997,2019,2024,2025,32929,True,False,False,False,False,False,False,True,False,False,False,False,False
1094,75,187,1899.157446,capture,,1.090562623,2019,2024,2025,32929,True,False,False,False,False,False,False,True,False,False,False,False,False
1095,75,187,2089.365794,capture,,1.050347657,2019,2024,2025,32929,True,False,False,False,False,False,False,True,False,False,False,False,False
1096,75,187,2304.956272,capture,,1.003621295,2019,2024,2025,32929,True,False,False,False,False,False,False,True,False,False,False,False,False
1097,75,187,2566.82114,capture,,1.090663299,2019,2024,2025,32929,True,False,False,False,False,False,False,True,False,False,False,False,False
1098,75,187,2829.204692,capture,,1.022971827,2019,2024,2025,32929,True,False,False,False,False,False,False,True,False,False,False,False,False
1099,75,187,3120.518639,capture,,0.9496275837,2019,2024,2025,32929,True,False,False,False,False,False,False,True,False,False,False,False,False
1100,75,187,3476.381856,capture,,0.893613977,2019,2024,2025,32929,True,False,False,False,False,False,False,True,False,False,False,False,False
1101,75,187,3831.376381,capture,,0.9067104419,2019,2024,2025,32929,True,False,False,False,False,False,False,True,False,False,False,False,False
1102,75,187,4221.951508,capture,,0.869210474,2019,2024,2025,32929,True,False,False,False,False,False,False,True,False,False,False,False,False
1103,75,187,4707.875708,capture,,0.7705720591,2019,2024,2025,32929,True,False,False,False,False,False,False,True,False,False,False,False,False
1104,75,187,5185.961517,capture,,0.8441762029,2019,2024,2025,32929,True,False,False,False,False,False,False,True,False,False,False,False,False
1105,75,187,5719.398518,capture,,0.7436632301,2019,2024,2025,32929,True,False,False,False,False,False,False,True,False,False,False,False,False
1106,75,187,6303.165515,capture,,0.7014339202,2019,2024,2025,32929,True,False,False,False,False,False,False,True,False,False,False,False,False
1107,75,187,6948.67607,capture,,0.7099273515,2019,2024,2025,32929,True,False,False,False,False,False,False,True,False,False,False,False,False
1108,75,187,7740.397139,capture,,0.7217028111,2019,2024,2025,32929,True,False,False,False,False,False,False,True,False,False,False,False,False
1109,75,187,8532.519697,capture,,0.509844078,2019,2024,2025,32929,True,False,False,False,False,False,False,True,False,False,False,False,False
1110,75,187,9405.619887,capture,,0.5766642439,2019,2024,2025,32929,True,False,False,False,False,False,False,True,False,False,False,False,False
1111,75,187,10040,capture,,0.5092253793,2019,2024,2025,32929,True,False,False,False,False,False,False,False,True,False,False,False,False
1112,75,187,18100000,np,,-2.30980392,2019,2020,2021,23723,False,False,True,False,False,False,False,False,False,False,False,True,True
1113,75,187,15390746.11,np,,-2.451815389,2019,2020,2021,23723,False,False,True,False,False,False,False,False,False,False,False,True,True
1114,75,187,17048167.06,np,,-2.341988603,2019,2020,2021,23723,False,False,True,False,False,False,False,False,False,False,False,True,True
1115,75,187,18300000,np,,-2.30980392,2019,2020,2021,23723,False,False,True,False,False,False,False,False,False,False,False,True,True
1116,75,187,13994964.18,np,,-2.600326279,2019,2021,2025,32854,False,False,True,False,False,False,False,False,False,False,False,True,True
1117,75,187,14800000,np,,-2.485452247,2019,2021,2025,32854,False,False,True,False,False,False,False,False,False,False,False,True,True
1118,77,191,13994282.8,n2n,,0.3235149257,2019,2022,2025,32926,False,True,False,False,False,False,False,False,False,False,False,True,True
1119,77,191,14829969.66,n2n,,0.3292493598,2019,2022,2025,32926,False,True,False,False,False,False,False,False,False,False,False,True,True
1120,79,197,45000,capture,,-0.339134522,2019,2022,2022,23603,True,False,False,False,False,False,False,False,True,False,False,False,False
1121,79,197,133400,capture,,-0.5287082889,2019,2022,2022,23603,True,False,False,False,False,False,False,False,False,True,False,False,True
1122,79,197,21500,capture,,-0.2125395255,2019,2021,2021,23746,True,False,False,False,False,False,False,False,True,False,False,False,False
1123,79,197,53000,capture,,-0.3946949539,2019,2021,2021,23746,True,False,False,False,False,False,False,False,True,False,False,False,False
1124,79,197,128000,capture,,-0.5243288117,2019,2021,2021,23746,True,False,False,False,False,False,False,False,False,True,False,False,True
1125,79,197,1593.125808,capture,,0.6555255293,2019,2021,2022,32856,True,False,False,False,False,False,False,True,False,False,False,False,False
1126,79,197,1719.887633,capture,,0.6483014709,2019,2021,2022,32856,True,False,False,False,False,False,False,True,False,False,False,False,False
1127,79,197,1899.984554,capture,,0.5876134974,2019,2021,2022,32856,True,False,False,False,False,False,False,True,False,False,False,False,False
1128,79,197,2100.148805,capture,,0.6963752621,2019,2021,2022,32856,True,False,False,False,False,False,False,True,False,False,False,False,False
1129,79,197,2321.400485,capture,,0.520184787,2019,2021,2022,32856,True,False,False,False,False,False,False,True,False,False,False,False,False
1130,79,197,2565.961137,capture,,0.4935460644,2019,2021,2022,32856,True,False,False,False,False,False,False,True,False,False,False,False,False
1131,79,197,2836.286321,capture,,0.4453153093,2019,2021,2022,32856,True,False,False,False,False,False,False,True,False,False,False,False,False
1132,79,197,3135.090431,capture,,0.3622890999,2019,2021,2022,32856,True,False,False,False,False,False,False,True,False,False,False,False,False
1133,79,197,3463.379435,capture,,0.5081918667,2019,2021,2022,32856,True,False,False,False,False,False,False,True,False,False,False,False,False
1134,79,197,3826.044972,capture,,0.4308642417,2019,2021,2022,32856,True,False,False,False,False,False,False,True,False,False,False,False,False
1135,79,197,4229.120654,capture,,0.384791221,2019,2021,2022,32856,True,False,False,False,False,False,False,True,False,False,False,False,False
1136,79,197,4674.660525,capture,,0.3660510686,2019,2021,2022,32856,True,False,False,False,False,False,False,True,False,False,False,False,False
1137,79,197,5167.138153,capture,,0.2293151793,2019,2021,2022,32856,True,False,False,False,False,False,False,True,False,False,False,False,False
1138,79,197,5711.498589,capture,,0.3984361108,2019,2021,2022,32856,True,False,False,False,False,False,False,True,False,False,False,False,False
1139,79,197,6313.207568,capture,,0.3043520724,2019,2021,2022,32856,True,False,False,False,False,False,False,True,False,False,False,False,False
1140,79,197,6974.291129,capture,,0.3019950058,2019,2021,2022,32856,True,False,False,False,False,False,False,True,False,False,False,False,False
1141,79,197,7704.599514,capture,,0.2644229505,2019,2021,2022,32856,True,False,False,False,False,False,False,True,False,False,False,False,False
1142,79,197,8516.282726,capture,,0.2036586618,2019,2021,2022,32856,True,False,False,False,False,False,False,True,False,False,False,False,False
1143,79,197,9413.477211,capture,,0.1354021335,2019,2021,2022,32856,True,False,False,False,False,False,False,True,False,False,False,False,False
1144,79,197,10284.1985,capture,,0.1200290411,2019,2021,2022,32856,True,False,False,False,False,False,False,False,True,False,False,False,False
1145,79,197,11481.56693,capture,,0.1352328905,2019,2021,2022,32856,True,False,False,False,False,False,False,False,True,False,False,False,False
1146,79,197,12705.77521,capture,,0.07093491268,2019,2021,2022,32856,True,False,False,False,False,False,False,False,True,False,False,False,False
1147,79,197,14060.51222,capture,,0.03104195976,2019,2021,2022,32856,True,False,False,False,False,False,False,False,True,False,False,False,False
1148,79,197,15523.91058,capture,,-0.001816414323,2019,2021,2022,32856,True,False,False,False,False,False,False,False,True,False,False,False,False
1149,79,197,17139.61849,capture,,-0.007436862971,2019,2021,2022,32856,True,False,False,False,False,False,False,False,True,False,False,False,False
1150,79,197,18967.10929,capture,,-0.06375128359,2019,2021,2022,32856,True,False,False,False,False,False,False,False,True,False,False,False,False
1151,79,197,20941.1804,capture,,-0.09421010551,2019,2021,2022,32856,True,False,False,False,False,False,False,False,True,False,False,False,False
1152,79,197,23120.70946,capture,,-0.1191496553,2019,2021,2022,32856,True,False,False,False,False,False,False,False,True,False,False,False,False
1153,79,197,25585.92639,capture,,-0.168216378,2019,2021,2022,32856,True,False,False,False,False,False,False,False,True,False,False,False,False
1154,79,197,28313.99519,capture,,-0.1222234005,2019,2021,2022,32856,True,False,False,False,False,False,False,False,True,False,False,False,False
1155,79,197,31260.8766,capture,,-0.1539846182,2019,2021,2022,32856,True,False,False,False,False,False,False,False,True,False,False,False,False
1156,79,197,34514.46607,capture,,-0.2499260467,2019,2021,2022,32856,True,False,False,False,False,False,False,False,True,False,False,False,False
1157,79,197,38194.5294,capture,,-0.1888578592,2019,2021,2022,32856,True,False,False,False,False,False,False,False,True,False,False,False,False
1158,79,197,42169.76255,capture,,-0.2424848205,2019,2021,2022,32856,True,False,False,False,False,False,False,False,True,False,False,False,False
1159,79,197,46558.73234,capture,,-0.2803283577,2019,2021,2022,32856,True,False,False,False,False,False,False,False,True,False,False,False,False
1160,79,197,51522.99985,capture,,-0.2962997723,2019,2021,2022,32856,True,False,False,False,False,False,False,False,True,False,False,False,False
1161,79,197,57016.57751,capture,,-0.3104253087,2019,2021,2022,32856,True,False,False,False,False,False,False,False,True,False,False,False,False
1162,79,197,62950.7868,capture,,-0.3374825804,2019,2021,2022,32856,True,False,False,False,False,False,False,False,True,False,False,False,False
1163,79,197,69502.6168,capture,,-0.3509082053,2019,2021,2022,32856,True,False,False,False,False,False,False,False,True,False,False,False,False
1164,79,197,76913.24758,capture,,-0.3743453098,2019,2021,2022,32856,True,False,False,False,False,False,False,False,True,False,False,False,False
1165,79,197,84918.27122,capture,,-0.3938473601,2019,2021,2022,32856,True,False,False,False,False,False,False,False,True,False,False,False,False
1166,79,197,93756.44964,capture,,-0.3768437827,2019,2021,2022,32856,True,False,False,False,False,False,False,False,True,False,False,False,False
1167,79,197,99083.46772,capture,,-0.3199837514,2019,2021,2022,32856,True,False,False,False,False,False,False,False,True,False,False,False,False
1168,79,197,1594.456691,capture,,0.8193333175,2019,2024,2024,32920,True,False,False,False,False,False,False,True,False,False,False,False,False
1169,79,197,1719.89398,capture,,0.8424032753,2019,2024,2024,32920,True,False,False,False,False,False,False,True,False,False,False,False,False
1170,79,197,1895.770123,capture,,0.7901707683,2019,2024,2024,32920,True,False,False,False,False,False,False,True,False,False,False,False,False
1171,79,197,2089.701851,capture,,0.8037656556,2019,2024,2024,32920,True,False,False,False,False,False,False,True,False,False,False,False,False
1172,79,197,2328.489537,capture,,0.7512236586,2019,2024,2024,32920,True,False,False,False,False,False,False,True,False,False,False,False,False
1173,79,197,2566.649032,capture,,0.7081084527,2019,2024,2024,32920,True,False,False,False,False,False,False,True,False,False,False,False,False
1174,79,197,2829.13492,capture,,0.5212897986,2019,2024,2024,32920,True,False,False,False,False,False,False,True,False,False,False,False,False
1175,79,197,3084.918623,capture,,0.4335244909,2019,2024,2024,32920,True,False,False,False,False,False,False,True,False,False,False,False,False
1176,79,197,14100000,n2n,,0.3271545124,2019,2020,2025,14747,False,True,False,False,False,False,False,False,False,False,False,True,True
1177,79,197,14050000,n2n,,0.3018977172,2019,2023,2023,31858,False,True,False,False,False,False,False,False,False,False,False,True,True
1178,79,197,14020727.51,n2n,,0.3191060593,2019,2020,2021,33152,False,True,False,False,False,False,False,False,False,False,False,True,True
1179,83,209,463457.4982,total,,0.8014551637,2019,2023,2024,32911,False,False,False,False,True,False,False,False,False,True,False,False,True
1180,83,209,509878.5037,total,,0.7795784554,2019,2023,2024,32911,False,False,False,False,True,False,False,False,False,True,False,False,True
1181,83,209,567678.6341,total,,0.7632632299,2019,2023,2024,32911,False,False,False,False,True,False,False,False,False,True,False,False,True
1182,83,209,632030.0694,total,,0.7385229169,2019,2023,2024,32911,False,False,False,False,True,False,False,False,False,True,False,False,True
1183,83,209,695329.9735,total,,0.7247263189,2019,2023,2024,32911,False,False,False,False,True,False,False,False,False,True,False,False,True
1184,83,209,764970.1904,total,,0.6921857248,2019,2023,2024,32911,False,False,False,False,True,False,False,False,False,True,False,False,True
1185,83,209,841590.4707,total,,0.6763734852,2019,2023,2024,32911,False,False,False,False,True,False,False,False,False,True,False,False,True
1186,83,209,936992.2869,total,,0.664378687,2019,2023,2024,32911,False,False,False,False,True,False,False,False,False,True,False,False,True
1187,83,209,1043178.642,total,,0.6723518921,2019,2023,2024,32911,False,False,False,False,True,False,False,False,False,False,True,False,True
1188,83,209,1147691.269,total,,0.6622618864,2019,2023,2024,32911,False,False,False,False,True,False,False,False,False,False,True,False,True
1189,83,209,1262649.872,total,,0.6610076909,2019,2023,2024,32911,False,False,False,False,True,False,False,False,False,False,True,False,True
1190,83,209,1389106.006,total,,0.6657451102,2019,2023,2024,32911,False,False,False,False,True,False,False,False,False,False,True,False,True
1191,83,209,1546579.072,total,,0.6791552413,2019,2023,2024,32911,False,False,False,False,True,False,False,False,False,False,True,False,True
1192,83,209,1721887.028,total,,0.7137634664,2019,2023,2024,32911,False,False,False,False,True,False,False,False,False,False,True,False,True
1193,83,209,1894350.241,total,,0.7501225268,2019,2023,2024,32911,False,False,False,False,True,False,False,False,False,False,True,False,True
1194,83,209,2084083.556,total,,0.7610252517,2019,2023,2024,32911,False,False,False,False,True,False,False,False,False,False,True,False,True
1195,83,209,2292808.731,total,,0.7953933349,2019,2023,2024,32911,False,False,False,False,True,False,False,False,False,False,True,False,True
1196,83,209,2522452.325,total,,0.8215790279,2019,2023,2024,32911,False,False,False,False,True,False,False,False,False,False,True,False,True
1197,83,209,2808400.447,total,,0.8564267725,2019,2023,2024,32911,False,False,False,False,True,False,False,False,False,False,True,False,True
1198,83,209,3126762.021,total,,0.8512277635,2019,2023,2024,32911,False,False,False,False,True,False,False,False,False,False,True,False,True
1199,83,209,3439925.698,total,,0.8849227459,2019,2023,2024,32911,False,False,False,False,True,False,False,False,False,False,True,False,True
1200,83,209,3784477.864,total,,0.8852481078,2019,2023,2024,32911,False,False,False,False,True,False,False,False,False,False,True,False,True
1201,83,209,4163493.141,total,,0.8761889637,2019,2023,2024,32911,False,False,False,False,True,False,False,False,False,False,True,False,True
1202,83,209,4635479.554,total,,0.8626321995,2019,2023,2024,32911,False,False,False,False,True,False,False,False,False,False,True,False,True
1203,83,209,5160938.317,total,,0.8314538293,2019,2023,2024,32911,False,False,False,False,True,False,False,False,False,False,True,False,True
1204,83,209,5677853.66,total,,0.8138310862,2019,2023,2024,32911,False,False,False,False,True,False,False,False,False,False,True,False,True
1205,83,209,6246526.338,total,,0.7733292447,2019,2023,2024,32911,False,False,False,False,True,False,False,False,False,False,True,False,True
1206,83,209,6872128.712,total,,0.728637807,2019,2023,2024,32911,False,False,False,False,True,False,False,False,False,False,True,False,True
1207,83,209,7651162.337,total,,0.7165875777,2019,2023,2024,32911,False,False,False,False,True,False,False,False,False,False,True,False,True
1208,83,209,8518518.448,total,,0.6521496054,2019,2023,2024,32911,False,False,False,False,True,False,False,False,False,False,True,False,True
1209,83,209,9371689.579,total,,0.6422913615,2019,2023,2024,32911,False,False,False,False,True,False,False,False,False,False,True,False,True
1210,83,209,10310280.86,total,,0.7033988635,2019,2023,2024,32911,False,False,False,False,True,False,False,False,False,False,False,True,True
1211,83,209,11342713.43,total,,0.6838796885,2019,2023,2024,32911,False,False,False,False,True,False,False,False,False,False,False,True,True
1212,83,209,12628805.4,total,,0.6805893066,2019,2023,2024,32911,False,False,False,False,True,False,False,False,False,False,False,True,True
1213,83,209,14060495.08,total,,0.7434901662,2019,2023,2024,32911,False,False,False,False,True,False,False,False,False,False,False,True,True
1214,83,209,15468500.09,total,,0.6961160184,2019,2023,2024,32911,False,False,False,False,True,False,False,False,False,False,False,True,True
1215,83,209,17017948.05,total,,0.7185639637,2019,2023,2024,32911,False,False,False,False,True,False,False,False,False,False,False,True,True
1216,83,209,18722331.85,total,,0.6743558533,2019,2023,2024,32911,False,False,False,False,True,False,False,False,False,False,False,True,True
1217,83,209,19873000,total,,0.6883308181,2019,2023,2024,32911,False,False,False,False,True,False,False,False,False,False,False,True,True
1218,83,209,1046889.728,total,,0.7832602329,2019,2023,2024,32911,False,False,False,False,True,False,False,False,False,False,True,False,True
1219,83,209,1140820.619,total,,0.7222636274,2019,2023,2024,32911,False,False,False,False,True,False,False,False,False,False,True,False,True
1220,83,209,1258475.963,total,,0.6791779691,2019,2023,2024,32911,False,False,False,False,True,False,False,False,False,False,True,False,True
1221,83,209,1388326.68,total,,0.7752644764,2019,2023,2024,32911,False,False,False,False,True,False,False,False,False,False,True,False,True
1222,83,209,1531548.556,total,,0.7323133275,2019,2023,2024,32911,False,False,False,False,True,False,False,False,False,False,True,False,True
1223,83,209,1689539.021,total,,0.7302572532,2019,2023,2024,32911,False,False,False,False,True,False,False,False,False,False,True,False,True
1224,83,209,1886863.49,total,,0.7689930862,2019,2023,2024,32911,False,False,False,False,True,False,False,False,False,False,True,False,True
1225,83,209,2107181.53,total,,0.7947319638,2019,2023,2024,32911,False,False,False,False,True,False,False,False,False,False,True,False,True
1226,83,209,2324599.593,total,,0.8334499283,2019,2023,2024,32911,False,False,False,False,True,False,False,False,False,False,True,False,True
1227,83,209,2564408.892,total,,0.8875188416,2019,2023,2024,32911,False,False,False,False,True,False,False,False,False,False,True,False,True
1228,83,209,2828984.422,total,,0.8930262223,2019,2023,2024,32911,False,False,False,False,True,False,False,False,False,False,True,False,True
1229,83,209,3120849.365,total,,0.872403954,2019,2023,2024,32911,False,False,False,False,True,False,False,False,False,False,True,False,True
1230,83,209,3442778.239,total,,0.8978606679,2019,2023,2024,32911,False,False,False,False,True,False,False,False,False,False,True,False,True
1231,83,209,3797945.099,total,,0.9200319687,2019,2023,2024,32911,False,False,False,False,True,False,False,False,False,False,True,False,True
1232,83,209,4189772.209,total,,0.8901973862,2019,2023,2024,32911,False,False,False,False,True,False,False,False,False,False,True,False,True
1233,83,209,4621984.473,total,,0.8774289408,2019,2023,2024,32911,False,False,False,False,True,False,False,False,False,False,True,False,True
1234,83,209,5098805.099,total,,0.8559883278,2019,2023,2024,32911,False,False,False,False,True,False,False,False,False,False,True,False,True
1235,83,209,5624831.525,total,,0.8254910299,2019,2023,2024,32911,False,False,False,False,True,False,False,False,False,False,True,False,True
1236,83,209,6205088.485,total,,0.7810728887,2019,2023,2024,32911,False,False,False,False,True,False,False,False,False,False,True,False,True
1237,83,209,6845271.99,total,,0.6892200373,2019,2023,2024,32911,False,False,False,False,True,False,False,False,False,False,True,False,True
1238,83,209,7644712.804,total,,0.6980483227,2019,2023,2024,32911,False,False,False,False,True,False,False,False,False,False,True,False,True
1239,83,209,8537510.187,total,,0.6825060859,2019,2023,2024,32911,False,False,False,False,True,False,False,False,False,False,True,False,True
1240,83,209,9418277.983,total,,0.7311252167,2019,2023,2024,32911,False,False,False,False,True,False,False,False,False,False,True,False,True
1241,83,209,10389830.46,total,,0.7665615526,2019,2023,2024,32911,False,False,False,False,True,False,False,False,False,False,False,True,True
1242,83,209,11461677.23,total,,0.7571302078,2019,2023,2024,32911,False,False,False,False,True,False,False,False,False,False,False,True,True
1243,83,209,12643991.97,total,,0.7142249463,2019,2023,2024,32911,False,False,False,False,True,False,False,False,False,False,False,True,True
1244,83,209,13948489.27,total,,0.7732377469,2019,2023,2024,32911,False,False,False,False,True,False,False,False,False,False,False,True,True
1245,83,209,15387698.25,total,,0.6970767024,2019,2023,2024,32911,False,False,False,False,True,False,False,False,False,False,False,True,True
1246,83,209,16975099.59,total,,0.7089517577,2019,2023,2024,32911,False,False,False,False,True,False,False,False,False,False,False,True,True
1247,83,209,18726439.93,total,,0.7517216432,2019,2023,2024,32911,False,False,False,False,True,False,False,False,False,False,False,True,True
1248,83,209,19911000,total,,0.7492724083,2019,2023,2024,32911,False,False,False,False,True,False,False,False,False,False,False,True,True
1249,83,209,463457.4982,total,,0.8059424042,2019,2023,2024,32911,False,False,False,False,True,False,False,False,False,True,False,False,True
1250,83,209,509878.5037,total,,0.7857745811,2019,2023,2024,32911,False,False,False,False,True,False,False,False,False,True,False,False,True
1251,83,209,567678.6341,total,,0.7755521984,2019,2023,2024,32911,False,False,False,False,True,False,False,False,False,True,False,False,True
1252,83,209,632030.0694,total,,0.7581167238,2019,2023,2024,32911,False,False,False,False,True,False,False,False,False,True,False,False,True
1253,83,209,695329.9735,total,,0.7311252167,2019,2023,2024,32911,False,False,False,False,True,False,False,False,False,True,False,False,True
1254,83,209,764970.1904,total,,0.7076553235,2019,2023,2024,32911,False,False,False,False,True,False,False,False,False,True,False,False,True
1255,83,209,841590.4707,total,,0.6933971467,2019,2023,2024,32911,False,False,False,False,True,False,False,False,False,True,False,False,True
1256,83,209,936992.2869,total,,0.6899833123,2019,2023,2024,32911,False,False,False,False,True,False,False,False,False,True,False,False,True
1257,83,209,1043178.642,total,,0.6911257154,2019,2023,2024,32911,False,False,False,False,True,False,False,False,False,False,True,False,True
1258,83,209,1147691.269,total,,0.6838347212,2019,2023,2024,32911,False,False,False,False,True,False,False,False,False,False,True,False,True
1259,83,209,1262649.872,total,,0.6781995974,2019,2023,2024,32911,False,False,False,False,True,False,False,False,False,False,True,False,True
1260,83,209,1389106.006,total,,0.690151762,2019,2023,2024,32911,False,False,False,False,True,False,False,False,False,False,True,False,True
1261,83,209,1546579.072,total,,0.7106250151,2019,2023,2024,32911,False,False,False,False,True,False,False,False,False,False,True,False,True
1262,83,209,1721887.028,total,,0.736695226,2019,2023,2024,32911,False,False,False,False,True,False,False,False,False,False,True,False,True
1263,83,209,1894350.241,total,,0.7604224834,2019,2023,2024,32911,False,False,False,False,True,False,False,False,False,False,True,False,True
1264,83,209,2084083.556,total,,0.7946100224,2019,2023,2024,32911,False,False,False,False,True,False,False,False,False,False,True,False,True
1265,83,209,2292808.731,total,,0.8207759775,2019,2023,2024,32911,False,False,False,False,True,False,False,False,False,False,True,False,True
1266,83,209,2522452.325,total,,0.8491889985,2019,2023,2024,32911,False,False,False,False,True,False,False,False,False,False,True,False,True
1267,83,209,2808400.447,total,,0.8686091762,2019,2023,2024,32911,False,False,False,False,True,False,False,False,False,False,True,False,True
1268,83,209,3126762.021,total,,0.8804419973,2019,2023,2024,32911,False,False,False,False,True,False,False,False,False,False,True,False,True
1269,83,209,3439925.698,total,,0.8863073804,2019,2023,2024,32911,False,False,False,False,True,False,False,False,False,False,True,False,True
1270,83,209,3784477.864,total,,0.899574296,2019,2023,2024,32911,False,False,False,False,True,False,False,False,False,False,True,False,True
1271,83,209,4163493.141,total,,0.8885866297,2019,2023,2024,32911,False,False,False,False,True,False,False,False,False,False,True,False,True
1272,83,209,4635479.554,total,,0.8720280058,2019,2023,2024,32911,False,False,False,False,True,False,False,False,False,False,True,False,True
1273,83,209,5160938.317,total,,0.8404511336,2019,2023,2024,32911,False,False,False,False,True,False,False,False,False,False,True,False,True
1274,83,209,5677853.66,total,,0.8173174138,2019,2023,2024,32911,False,False,False,False,True,False,False,False,False,False,True,False,True
1275,83,209,6246526.338,total,,0.7854544098,2019,2023,2024,32911,False,False,False,False,True,False,False,False,False,False,True,False,True
1276,83,209,6872128.712,total,,0.7478000909,2019,2023,2024,32911,False,False,False,False,True,False,False,False,False,False,True,False,True
1277,83,209,7651162.337,total,,0.7183355789,2019,2023,2024,32911,False,False,False,False,True,False,False,False,False,False,True,False,True
1278,83,209,8518518.448,total,,0.6883975727,2019,2023,2024,32911,False,False,False,False,True,False,False,False,False,False,True,False,True
1279,83,209,9371689.579,total,,0.6982310754,2019,2023,2024,32911,False,False,False,False,True,False,False,False,False,False,True,False,True
1280,83,209,10310280.86,total,,0.7147278203,2019,2023,2024,32911,False,False,False,False,True,False,False,False,False,False,False,True,True
1281,83,209,11342713.43,total,,0.7084633926,2019,2023,2024,32911,False,False,False,False,True,False,False,False,False,False,False,True,True
1282,83,209,12628805.4,total,,0.7051449932,2019,2023,2024,32911,False,False,False,False,True,False,False,False,False,False,False,True,True
1283,83,209,14060495.08,total,,0.7373516958,2019,2023,2024,32911,False,False,False,False,True,False,False,False,False,False,False,True,True
1284,83,209,15468500.09,total,,0.7279680222,2019,2023,2024,32911,False,False,False,False,True,False,False,False,False,False,False,True,True
1285,83,209,17017948.05,total,,0.7328961248,2019,2023,2024,32911,False,False,False,False,True,False,False,False,False,False,False,True,True
1286,83,209,18722331.85,total,,0.7123760773,2019,2023,2024,32911,False,False,False,False,True,False,False,False,False,False,False,True,True
1287,83,209,19873000,total,,0.7271344238,2019,2023,2024,32911,False,False,False,False,True,False,False,False,False,False,False,True,True
1288,83,209,1046889.728,total,,0.7353327063,2019,2023,2024,32911,False,False,False,False,True,False,False,False,False,False,True,False,True
1289,83,209,1140820.619,total,,0.7277445308,2019,2023,2024,32911,False,False,False,False,True,False,False,False,False,False,True,False,True
1290,83,209,1258475.963,total,,0.71149088,2019,2023,2024,32911,False,False,False,False,True,False,False,False,False,False,True,False,True
1291,83,209,1388326.68,total,,0.7247672456,2019,2023,2024,32911,False,False,False,False,True,False,False,False,False,False,True,False,True
1292,83,209,1531548.556,total,,0.7306409859,2019,2023,2024,32911,False,False,False,False,True,False,False,False,False,False,True,False,True
1293,83,209,1689539.021,total,,0.7428429167,2019,2023,2024,32911,False,False,False,False,True,False,False,False,False,False,True,False,True
1294,83,209,1886863.49,total,,0.7814968746,2019,2023,2024,32911,False,False,False,False,True,False,False,False,False,False,True,False,True
1295,83,209,2107181.53,total,,0.8057386695,2019,2023,2024,32911,False,False,False,False,True,False,False,False,False,False,True,False,True
1296,83,209,2324599.593,total,,0.8437465243,2019,2023,2024,32911,False,False,False,False,True,False,False,False,False,False,True,False,True
1297,83,209,2564408.892,total,,0.8663316526,2019,2023,2024,32911,False,False,False,False,True,False,False,False,False,False,True,False,True
1298,83,209,2828984.422,total,,0.8797121746,2019,2023,2024,32911,False,False,False,False,True,False,False,False,False,False,True,False,True
1299,83,209,3120849.365,total,,0.8852622484,2019,2023,2024,32911,False,False,False,False,True,False,False,False,False,False,True,False,True
1300,83,209,3442778.239,total,,0.9030356968,2019,2023,2024,32911,False,False,False,False,True,False,False,False,False,False,True,False,True
1301,83,209,3797945.099,total,,0.9085922388,2019,2023,2024,32911,False,False,False,False,True,False,False,False,False,False,True,False,True
1302,83,209,4189772.209,total,,0.8976270913,2019,2023,2024,32911,False,False,False,False,True,False,False,False,False,False,True,False,True
1303,83,209,4621984.473,total,,0.8763766294,2019,2023,2024,32911,False,False,False,False,True,False,False,False,False,False,True,False,True
1304,83,209,5098805.099,total,,0.8579954956,2019,2023,2024,32911,False,False,False,False,True,False,False,False,False,False,True,False,True
1305,83,209,5624831.525,total,,0.8323172699,2019,2023,2024,32911,False,False,False,False,True,False,False,False,False,False,True,False,True
1306,83,209,6205088.485,total,,0.7959321296,2019,2023,2024,32911,False,False,False,False,True,False,False,False,False,False,True,False,True
1307,83,209,6845271.99,total,,0.7529506888,2019,2023,2024,32911,False,False,False,False,True,False,False,False,False,False,True,False,True
1308,83,209,7644712.804,total,,0.7294563821,2019,2023,2024,32911,False,False,False,False,True,False,False,False,False,False,True,False,True
1309,83,209,8537510.187,total,,0.7101808538,2019,2023,2024,32911,False,False,False,False,True,False,False,False,False,False,True,False,True
1310,83,209,9418277.983,total,,0.7261156701,2019,2023,2024,32911,False,False,False,False,True,False,False,False,False,False,True,False,True
1311,83,209,10389830.46,total,,0.7432745235,2019,2023,2024,32911,False,False,False,False,True,False,False,False,False,False,False,True,True
1312,83,209,11461677.23,total,,0.719124036,2019,2023,2024,32911,False,False,False,False,True,False,False,False,False,False,False,True,True
1313,83,209,12643991.97,total,,0.7213158806,2019,2023,2024,32911,False,False,False,False,True,False,False,False,False,False,False,True,True
1314,83,209,13948489.27,total,,0.7410333538,2019,2023,2024,32911,False,False,False,False,True,False,False,False,False,False,False,True,True
1315,83,209,15387698.25,total,,0.7196212723,2019,2023,2024,32911,False,False,False,False,True,False,False,False,False,False,False,True,True
1316,83,209,16975099.59,total,,0.726380776,2019,2023,2024,32911,False,False,False,False,True,False,False,False,False,False,False,True,True
1317,83,209,18726439.93,total,,0.738503092,2019,2023,2024,32911,False,False,False,False,True,False,False,False,False,False,False,True,True
1318,83,209,19911000,total,,0.7390974461,2019,2023,2024,32911,False,False,False,False,True,False,False,False,False,False,False,True,True
1319,90,232,2060000,capture,,-1.277695213,2019,2020,2021,32806,True,False,False,False,False,False,False,False,False,False,True,False,True
1320,90,232,3520000,capture,,-2.095284455,2019,2020,2021,32806,True,False,False,False,False,False,False,False,False,False,True,False,True
1321,90,232,4360000,capture,,-2.659555885,2019,2020,2021,32806,True,False,False,False,False,False,False,False,False,False,True,False,True
1322,90,232,10190,capture,,-0.05060999336,2019,2023,2024,32918,True,False,False,False,False,False,False,False,True,False,False,False,False
1323,90,232,11305,capture,,-0.1307682803,2019,2023,2024,32918,True,False,False,False,False,False,False,False,True,False,False,False,False
1324,90,232,12535,capture,,-0.08618614762,2019,2023,2024,32918,True,False,False,False,False,False,False,False,True,False,False,False,False
1325,90,232,13900,capture,,-0.08618614762,2019,2023,2024,32918,True,False,False,False,False,False,False,False,True,False,False,False,False
1326,90,232,15420,capture,,-0.1366771399,2019,2023,2024,32918,True,False,False,False,False,False,False,False,True,False,False,False,False
1327,90,232,17105,capture,,-0.1870866434,2019,2023,2024,32918,True,False,False,False,False,False,False,False,True,False,False,False,False
1328,90,232,18970,capture,,-0.1804560645,2019,2023,2024,32918,True,False,False,False,False,False,False,False,True,False,False,False,False
1329,90,232,21040,capture,,-0.1804560645,2019,2023,2024,32918,True,False,False,False,False,False,False,False,True,False,False,False,False
1330,90,232,23340,capture,,-0.251811973,2019,2023,2024,32918,True,False,False,False,False,False,False,False,True,False,False,False,False
1331,90,232,25890,capture,,-0.2676062402,2019,2023,2024,32918,True,False,False,False,False,False,False,False,True,False,False,False,False
1332,90,232,28715,capture,,-0.2757241304,2019,2023,2024,32918,True,False,False,False,False,False,False,False,True,False,False,False,False
1333,90,232,31850,capture,,-0.251811973,2019,2023,2024,32918,True,False,False,False,False,False,False,False,True,False,False,False,False
1334,90,232,35325,capture,,-0.2839966564,2019,2023,2024,32918,True,False,False,False,False,False,False,False,True,False,False,False,False
1335,90,232,39180,capture,,-0.3279021421,2019,2023,2024,32918,True,False,False,False,False,False,False,False,True,False,False,False,False
1336,90,232,43460,capture,,-0.3372421683,2019,2023,2024,32918,True,False,False,False,False,False,False,False,True,False,False,False,False
1337,90,232,48205,capture,,-0.3767507096,2019,2023,2024,32918,True,False,False,False,False,False,False,False,True,False,False,False,False
1338,90,232,53465,capture,,-0.4202164034,2019,2023,2024,32918,True,False,False,False,False,False,False,False,True,False,False,False,False
1339,90,232,59300,capture,,-0.4559319556,2019,2023,2024,32918,True,False,False,False,False,False,False,False,True,False,False,False,False
1340,90,232,65775,capture,,-0.5228787453,2019,2023,2024,32918,True,False,False,False,False,False,False,False,True,False,False,False,False
1341,90,232,72960,capture,,-0.5528419687,2019,2023,2024,32918,True,False,False,False,False,False,False,False,True,False,False,False,False
1342,90,232,80925,capture,,-0.585026652,2019,2023,2024,32918,True,False,False,False,False,False,False,False,True,False,False,False,False
1343,90,232,89760,capture,,-0.6197887583,2019,2023,2024,32918,True,False,False,False,False,False,False,False,True,False,False,False,False
1344,90,232,99560,capture,,-0.6777807053,2019,2023,2024,32918,True,False,False,False,False,False,False,False,True,False,False,False,False
1345,90,232,110425,capture,,-0.6777807053,2019,2023,2024,32918,True,False,False,False,False,False,False,False,False,True,False,False,True
1346,90,232,122480,capture,,-0.721246399,2019,2023,2024,32918,True,False,False,False,False,False,False,False,False,True,False,False,True
1347,90,232,135855,capture,,-0.721246399,2019,2023,2024,32918,True,False,False,False,False,False,False,False,False,True,False,False,True
1348,90,232,150690,capture,,-0.7447274949,2019,2023,2024,32918,True,False,False,False,False,False,False,False,False,True,False,False,True
1349,90,232,167140,capture,,-0.7695510786,2019,2023,2024,32918,True,False,False,False,False,False,False,False,False,True,False,False,True
1350,90,232,185385,capture,,-0.7958800173,2019,2023,2024,32918,True,False,False,False,False,False,False,False,False,True,False,False,True
1351,90,232,3994,capture,,0.07605759576,2019,2022,2025,32923,True,False,False,False,False,False,False,True,False,False,False,False,False
1352,90,232,4482,capture,,0.09824558429,2019,2022,2025,32923,True,False,False,False,False,False,False,True,False,False,False,False,False
1353,90,232,5028,capture,,0.1157203194,2019,2022,2025,32923,True,False,False,False,False,False,False,True,False,False,False,False,False
1354,90,232,5642,capture,,-0.1567011793,2019,2022,2025,32923,True,False,False,False,False,False,False,True,False,False,False,False,False
1355,90,232,6331,capture,,0.0006596264233,2019,2022,2025,32923,True,False,False,False,False,False,False,True,False,False,False,False,False
1356,90,232,7103,capture,,-0.1669000827,2019,2022,2025,32923,True,False,False,False,False,False,False,True,False,False,False,False,False
1357,90,232,7970,capture,,-0.06218983489,2019,2022,2025,32923,True,False,False,False,False,False,False,True,False,False,False,False,False
1358,90,232,8942,capture,,-0.1202253848,2019,2022,2025,32923,True,False,False,False,False,False,False,True,False,False,False,False,False
1359,90,232,10033,capture,,-0.1370538901,2019,2022,2025,32923,True,False,False,False,False,False,False,False,True,False,False,False,False
1360,90,232,11257,capture,,-0.1370973594,2019,2022,2025,32923,True,False,False,False,False,False,False,False,True,False,False,False,False
1361,90,232,12631,capture,,-0.2623208383,2019,2022,2025,32923,True,False,False,False,False,False,False,False,True,False,False,False,False
1362,90,232,14172,capture,,-0.05560074014,2019,2022,2025,32923,True,False,False,False,False,False,False,False,True,False,False,False,False
1363,90,232,15902,capture,,-0.2682251485,2019,2022,2025,32923,True,False,False,False,False,False,False,False,True,False,False,False,False
1364,90,232,17842,capture,,-0.08348288594,2019,2022,2025,32923,True,False,False,False,False,False,False,False,True,False,False,False,False
1365,90,232,20019,capture,,-0.2053028731,2019,2022,2025,32923,True,False,False,False,False,False,False,False,True,False,False,False,False
1366,90,232,22461,capture,,-0.3086231819,2019,2022,2025,32923,True,False,False,False,False,False,False,False,True,False,False,False,False
1367,90,232,25202,capture,,-0.2259767317,2019,2022,2025,32923,True,False,False,False,False,False,False,False,True,False,False,False,False
1368,90,232,28999,capture,,-0.3629547992,2019,2022,2025,32923,True,False,False,False,False,False,False,False,True,False,False,False,False
1369,90,232,31728,capture,,-0.3413133473,2019,2022,2025,32923,True,False,False,False,False,False,False,False,True,False,False,False,False
1370,90,232,35599,capture,,-0.4107677441,2019,2022,2025,32923,True,False,False,False,False,False,False,False,True,False,False,False,False
1371,90,232,39943,capture,,-0.3650302713,2019,2022,2025,32923,True,False,False,False,False,False,False,False,True,False,False,False,False
1372,90,232,44816,capture,,-0.3906873867,2019,2022,2025,32923,True,False,False,False,False,False,False,False,True,False,False,False,False
1373,90,232,50285,capture,,-0.5144773158,2019,2022,2025,32923,True,False,False,False,False,False,False,False,True,False,False,False,False
1374,90,232,56421,capture,,-0.4624642329,2019,2022,2025,32923,True,False,False,False,False,False,False,False,True,False,False,False,False
1375,90,232,63305,capture,,-0.5212128062,2019,2022,2025,32923,True,False,False,False,False,False,False,False,True,False,False,False,False
1376,90,232,71029,capture,,-0.6739059363,2019,2022,2025,32923,True,False,False,False,False,False,False,False,True,False,False,False,False
1377,90,232,79696,capture,,-0.6909045141,2019,2022,2025,32923,True,False,False,False,False,False,False,False,True,False,False,False,False
1378,90,232,89421,capture,,-0.7289976011,2019,2022,2025,32923,True,False,False,False,False,False,False,False,True,False,False,False,False
1379,90,232,100330,capture,,-0.5926158947,2019,2022,2025,32923,True,False,False,False,False,False,False,False,False,True,False,False,True
1380,90,232,112570,capture,,-0.6807335834,2019,2022,2025,32923,True,False,False,False,False,False,False,False,False,True,False,False,True
1381,90,232,126310,capture,,-0.6411042925,2019,2022,2025,32923,True,False,False,False,False,False,False,False,False,True,False,False,True
1382,90,232,12490000,n2n,,0.3516552542,2019,2024,2025,32933,False,True,False,False,False,False,False,False,False,False,False,True,True
1383,90,232,16380000,n2n,,-0.07591722494,2019,2024,2025,32933,False,True,False,False,False,False,False,False,False,False,False,True,True
1384,90,232,18100000,n2n,,-0.3016558304,2019,2024,2025,32933,False,True,False,False,False,False,False,False,False,False,False,True,True
1385,90,232,3380931.676,total,,0.9054477658,2019,2024,2024,14825,False,False,False,False,True,False,False,False,False,False,True,False,True
1386,90,232,3736330.285,total,,0.906502046,2019,2024,2024,14825,False,False,False,False,True,False,False,False,False,False,True,False,True
1387,90,232,4129715.729,total,,0.9013138958,2019,2024,2024,14825,False,False,False,False,True,False,False,False,False,False,True,False,True
1388,90,232,4563576.339,total,,0.8939558478,2019,2024,2024,14825,False,False,False,False,True,False,False,False,False,False,True,False,True
1389,90,232,5043426.316,total,,0.8837068492,2019,2024,2024,14825,False,False,False,False,True,False,False,False,False,False,True,False,True
1390,90,232,5574267.216,total,,0.8677001885,2019,2024,2024,14825,False,False,False,False,True,False,False,False,False,False,True,False,True
1391,90,232,6160075.324,total,,0.8486539636,2019,2024,2024,14825,False,False,False,False,True,False,False,False,False,False,True,False,True
1392,90,232,6808365.443,total,,0.8274306645,2019,2024,2024,14825,False,False,False,False,True,False,False,False,False,False,True,False,True
1393,90,232,7524651.819,total,,0.8077953914,2019,2024,2024,14825,False,False,False,False,True,False,False,False,False,False,True,False,True
1394,90,232,8315398.968,total,,0.789355046,2019,2024,2024,14825,False,False,False,False,True,False,False,False,False,False,True,False,True
1395,90,232,9190122.36,total,,0.7750385357,2019,2024,2024,14825,False,False,False,False,True,False,False,False,False,False,True,False,True
1396,90,232,10154873.71,total,,0.7636750219,2019,2024,2024,14825,False,False,False,False,True,False,False,False,False,False,False,True,True
1397,90,232,11226508.81,total,,0.7596942792,2019,2024,2024,14825,False,False,False,False,True,False,False,False,False,False,False,True,True
1398,90,232,12406127.52,total,,0.7595809771,2019,2024,2024,14825,False,False,False,False,True,False,False,False,False,False,False,True,True
1399,90,232,13710660.09,total,,0.7665801372,2019,2024,2024,14825,False,False,False,False,True,False,False,False,False,False,False,True,True
1400,90,232,15155236.72,total,,0.7748088303,2019,2024,2024,14825,False,False,False,False,True,False,False,False,False,False,False,True,True
1401,90,232,16744733.5,total,,0.7831028254,2019,2024,2024,14825,False,False,False,False,True,False,False,False,False,False,False,True,True
1402,90,232,18509159.89,total,,0.7904364721,2019,2024,2024,14825,False,False,False,False,True,False,False,False,False,False,False,True,True
1403,90,232,19950000,total,,0.7962342571,2019,2024,2024,14825,False,False,False,False,True,False,False,False,False,False,False,True,True
1404,92,235,3197256.011,total,,0.8955523729,2019,2024,2024,14825,False,False,False,False,True,False,False,False,False,False,True,False,True
1405,92,235,3443188.928,total,,0.8962188509,2019,2024,2024,14825,False,False,False,False,True,False,False,False,False,False,True,False,True
1406,92,235,3800806.754,total,,0.8977438953,2019,2024,2024,14825,False,False,False,False,True,False,False,False,False,False,True,False,True
1407,92,235,4195648.579,total,,0.8961774845,2019,2024,2024,14825,False,False,False,False,True,False,False,False,False,False,True,False,True
1408,92,235,4631234.391,total,,0.8898365359,2019,2024,2024,14825,False,False,False,False,True,False,False,False,False,False,True,False,True
1409,92,235,5111800.312,total,,0.8778692894,2019,2024,2024,14825,False,False,False,False,True,False,False,False,False,False,True,False,True
1410,92,235,5642348.084,total,,0.8630238079,2019,2024,2024,14825,False,False,False,False,True,False,False,False,False,False,True,False,True
1411,92,235,6228380.123,total,,0.843566004,2019,2024,2024,14825,False,False,False,False,True,False,False,False,False,False,True,False,True
1412,92,235,6874632.714,total,,0.8237219542,2019,2024,2024,14825,False,False,False,False,True,False,False,False,False,False,True,False,True
1413,92,235,7588608.563,total,,0.8054736714,2019,2024,2024,14825,False,False,False,False,True,False,False,False,False,False,True,False,True
1414,92,235,8376063.032,total,,0.7834229466,2019,2024,2024,14825,False,False,False,False,True,False,False,False,False,False,True,False,True
1415,92,235,9245974.85,total,,0.7702074528,2019,2024,2024,14825,False,False,False,False,True,False,False,False,False,False,True,False,True
1416,92,235,10204877.47,total,,0.7603470785,2019,2024,2024,14825,False,False,False,False,True,False,False,False,False,False,False,True,True
1417,92,235,11407130.04,total,,0.7557636011,2019,2024,2024,14825,False,False,False,False,True,False,False,False,False,False,False,True,True
1418,92,235,12745104.86,total,,0.7577963518,2019,2024,2024,14825,False,False,False,False,True,False,False,False,False,False,False,True,True
1419,92,235,14069683.68,total,,0.7600283483,2019,2024,2024,14825,False,False,False,False,True,False,False,False,False,False,False,True,True
1420,92,235,15526596.21,total,,0.7708115247,2019,2024,2024,14825,False,False,False,False,True,False,False,False,False,False,False,True,True
1421,92,235,17140978.38,total,,0.7794395542,2019,2024,2024,14825,False,False,False,False,True,False,False,False,False,False,False,True,True
1422,92,235,18920296.75,total,,0.7850752354,2019,2024,2024,14825,False,False,False,False,True,False,False,False,False,False,False,True,True
1423,92,238,2040000,capture,,-1.410385459,2019,2020,2021,32802,True,False,False,False,False,False,False,False,False,False,True,False,True
1424,92,238,3020000,capture,,-1.818156412,2019,2020,2021,32802,True,False,False,False,False,False,False,False,False,False,True,False,True
1425,92,238,4380000,capture,,-2.283162277,2019,2020,2021,32802,True,False,False,False,False,False,False,False,False,False,True,False,True
1426,92,238,3622000,capture,,-1.92226882,2019,2023,2024,32896,True,False,False,False,False,False,False,False,False,False,True,False,True
1427,92,238,4626000,capture,,-2.352910571,2019,2023,2024,32896,True,False,False,False,False,False,False,False,False,False,True,False,True
1428,92,238,6117000,capture,,-2.978397284,2019,2023,2024,32896,True,False,False,False,False,False,False,False,False,False,True,False,True
1429,92,238,3380931.676,total,,0.895988528,2019,2024,2024,14825,False,False,False,False,True,False,False,False,False,False,True,False,True
1430,92,238,3736330.285,total,,0.8965041715,2019,2024,2024,14825,False,False,False,False,True,False,False,False,False,False,True,False,True
1431,92,238,4129715.729,total,,0.8957456603,2019,2024,2024,14825,False,False,False,False,True,False,False,False,False,False,True,False,True
1432,92,238,4563576.339,total,,0.8896685964,2019,2024,2024,14825,False,False,False,False,True,False,False,False,False,False,True,False,True
1433,92,238,5043426.316,total,,0.8798553738,2019,2024,2024,14825,False,False,False,False,True,False,False,False,False,False,True,False,True
1434,92,238,5574267.216,total,,0.8647542653,2019,2024,2024,14825,False,False,False,False,True,False,False,False,False,False,True,False,True
1435,92,238,6160075.324,total,,0.8474338355,2019,2024,2024,14825,False,False,False,False,True,False,False,False,False,False,True,False,True
1436,92,238,6808365.443,total,,0.827456511,2019,2024,2024,14825,False,False,False,False,True,False,False,False,False,False,True,False,True
1437,92,238,7524651.819,total,,0.8089128413,2019,2024,2024,14825,False,False,False,False,True,False,False,False,False,False,True,False,True
1438,92,238,8315398.968,total,,0.7917152046,2019,2024,2024,14825,False,False,False,False,True,False,False,False,False,False,True,False,True
1439,92,238,9190122.36,total,,0.7782815192,2019,2024,2024,14825,False,False,False,False,True,False,False,False,False,False,True,False,True
1440,92,238,10154873.71,total,,0.7666284535,2019,2024,2024,14825,False,False,False,False,True,False,False,False,False,False,False,True,True
1441,92,238,11226508.81,total,,0.7620255061,2019,2024,2024,14825,False,False,False,False,True,False,False,False,False,False,False,True,True
1442,92,238,12406127.52,total,,0.7612134454,2019,2024,2024,14825,False,False,False,False,True,False,False,False,False,False,False,True,True
1443,92,238,13710660.09,total,,0.7662529319,2019,2024,2024,14825,False,False,False,False,True,False,False,False,False,False,False,True,True
1444,92,238,15155236.72,total,,0.7732597081,2019,2024,2024,14825,False,False,False,False,True,False,False,False,False,False,False,True,True
1445,92,238,16744733.5,total,,0.7802632921,2019,2024,2024,14825,False,False,False,False,True,False,False,False,False,False,False,True,True
1446,92,238,18509159.89,total,,0.7871486341,2019,2024,2024,14825,False,False,False,False,True,False,False,False,False,False,False,True,True
1447,92,238,19950000,total,,0.7917327434,2019,2024,2024,14825,False,False,False,False,True,False,False,False,False,False,False,True,True
1448,93,237,1065.3873,capture,,1.111104499,2019,2022,2022,23601,True,False,False,False,False,False,False,True,False,False,False,False,False
1449,93,237,1218.084,capture,,1.060131,2019,2022,2022,23601,True,False,False,False,False,False,False,True,False,False,False,False,False
1450,93,237,1406.1765,capture,,1.05927556,2019,2022,2022,23601,True,False,False,False,False,False,False,True,False,False,False,False,False
1451,93,237,1641.535,capture,,0.9698444036,2019,2022,2022,23601,True,False,False,False,False,False,False,True,False,False,False,False,False
1452,93,237,1904.08,capture,,0.9387448195,2019,2022,2022,23601,True,False,False,False,False,False,False,True,False,False,False,False,False
1453,93,237,2198.1735,capture,,0.9066043717,2019,2022,2022,23601,True,False,False,False,False,False,False,True,False,False,False,False,False
1454,93,237,2566.189,capture,,0.895218059,2019,2022,2022,23601,True,False,False,False,False,False,False,True,False,False,False,False,False
1455,93,237,3035.2015,capture,,0.8480289221,2019,2022,2022,23601,True,False,False,False,False,False,False,True,False,False,False,False,False
1456,93,237,3645.9535,capture,,0.7869004192,2019,2022,2022,23601,True,False,False,False,False,False,False,True,False,False,False,False,False
1457,93,237,4462.078,capture,,0.7301521725,2019,2022,2022,23601,True,False,False,False,False,False,False,True,False,False,False,False,False
1458,93,237,5587.5275,capture,,0.6992131412,2019,2022,2022,23601,True,False,False,False,False,False,False,True,False,False,False,False,False
1459,93,237,7201.782,capture,,0.6261144344,2019,2022,2022,23601,True,False,False,False,False,False,False,True,False,False,False,False,False
1460,93,237,9637.1795,capture,,0.5778937383,2019,2022,2022,23601,True,False,False,False,False,False,False,True,False,False,False,False,False
1461,93,237,13568.19,capture,,0.5162576539,2019,2022,2022,23601,True,False,False,False,False,False,False,False,True,False,False,False,False
1462,93,237,18483.46,capture,,0.4431690758,2019,2022,2022,23601,True,False,False,False,False,False,False,False,True,False,False,False,False
1463,93,237,24743.96,capture,,0.3905818786,2019,2022,2022,23601,True,False,False,False,False,False,False,False,True,False,False,False,False
1464,93,237,34856.615,capture,,0.3442546926,2019,2022,2022,23601,True,False,False,False,False,False,False,False,True,False,False,False,False
1465,93,237,52830.615,capture,,0.2659963705,2019,2022,2022,23601,True,False,False,False,False,False,False,False,True,False,False,False,False
1466,93,237,74437.595,capture,,0.2312656484,2019,2022,2022,23601,True,False,False,False,False,False,False,False,True,False,False,False,False
1467,93,237,99758.45,capture,,0.1317148785,2019,2022,2022,23601,True,False,False,False,False,False,False,False,True,False,False,False,False
1468,93,237,140741,capture,,0.06307052564,2019,2022,2022,23601,True,False,False,False,False,False,False,False,False,True,False,False,True
1469,93,237,213794.15,capture,,-0.06565307326,2019,2022,2022,23601,True,False,False,False,False,False,False,False,False,True,False,False,True
1470,93,237,364803.75,capture,,-0.2621714941,2019,2022,2022,23601,True,False,False,False,False,False,False,False,False,True,False,False,True
1471,93,237,770144.85,capture,,-0.6876110506,2019,2022,2022,23601,True,False,False,False,False,False,False,False,False,True,False,False,True
1472,93,237,1065.3873,capture,,1.108138638,2019,2022,2022,23601,True,False,False,False,False,False,False,True,False,False,False,False,False
1473,93,237,1218.084,capture,,1.057167634,2019,2022,2022,23601,True,False,False,False,False,False,False,True,False,False,False,False,False
1474,93,237,1406.1765,capture,,1.056313961,2019,2022,2022,23601,True,False,False,False,False,False,False,True,False,False,False,False,False
1475,93,237,1641.535,capture,,0.9668782347,2019,2022,2022,23601,True,False,False,False,False,False,False,True,False,False,False,False,False
1476,93,237,1904.08,capture,,0.9362874885,2019,2022,2022,23601,True,False,False,False,False,False,False,True,False,False,False,False,False
1477,93,237,2198.1735,capture,,0.9041527072,2019,2022,2022,23601,True,False,False,False,False,False,False,True,False,False,False,False,False
1478,93,237,2566.189,capture,,0.8927622346,2019,2022,2022,23601,True,False,False,False,False,False,False,True,False,False,False,False,False
1479,93,237,3035.2015,capture,,0.845569304,2019,2022,2022,23601,True,False,False,False,False,False,False,True,False,False,False,False,False
1480,93,237,3645.9535,capture,,0.7844389742,2019,2022,2022,23601,True,False,False,False,False,False,False,True,False,False,False,False,False
1481,93,237,4462.078,capture,,0.7276957538,2019,2022,2022,23601,True,False,False,False,False,False,False,True,False,False,False,False,False
1482,93,237,5587.5275,capture,,0.6967581655,2019,2022,2022,23601,True,False,False,False,False,False,False,True,False,False,False,False,False
1483,93,237,7201.782,capture,,0.6236523767,2019,2022,2022,23601,True,False,False,False,False,False,False,True,False,False,False,False,False
1484,93,237,9637.1795,capture,,0.5754418791,2019,2022,2022,23601,True,False,False,False,False,False,False,True,False,False,False,False,False
1485,93,237,13568.19,capture,,0.513790065,2019,2022,2022,23601,True,False,False,False,False,False,False,False,True,False,False,False,False
1486,93,237,18483.46,capture,,0.4398377609,2019,2022,2022,23601,True,False,False,False,False,False,False,False,True,False,False,False,False
1487,93,237,24743.96,capture,,0.3872474114,2019,2022,2022,23601,True,False,False,False,False,False,False,False,True,False,False,False,False
1488,93,237,34856.615,capture,,0.3409197934,2019,2022,2022,23601,True,False,False,False,False,False,False,False,True,False,False,False,False
1489,93,237,52830.615,capture,,0.2626646247,2019,2022,2022,23601,True,False,False,False,False,False,False,False,True,False,False,False,False
1490,93,237,74437.595,capture,,0.2279380974,2019,2022,2022,23601,True,False,False,False,False,False,False,False,True,False,False,False,False
1491,93,237,99758.46,capture,,0.1283669539,2019,2022,2022,23601,True,False,False,False,False,False,False,False,True,False,False,False,False
1492,93,237,140741,capture,,0.05975269421,2019,2022,2022,23601,True,False,False,False,False,False,False,False,False,True,False,False,True
1493,93,237,213794.15,capture,,-0.06900005804,2019,2022,2022,23601,True,False,False,False,False,False,False,False,False,True,False,False,True
1494,93,237,364803.75,capture,,-0.2655202106,2019,2022,2022,23601,True,False,False,False,False,False,False,False,False,True,False,False,True
1495,93,237,770144.85,capture,,-0.691008971,2019,2022,2022,23601,True,False,False,False,False,False,False,False,False,True,False,False,True
1496,93,237,3197256.011,total,,0.8894501778,2019,2024,2024,14825,False,False,False,False,True,False,False,False,False,False,True,False,True
1497,93,237,3443188.928,total,,0.8934676956,2019,2024,2024,14825,False,False,False,False,True,False,False,False,False,False,True,False,True
1498,93,237,3800806.754,total,,0.8949844392,2019,2024,2024,14825,False,False,False,False,True,False,False,False,False,False,True,False,True
1499,93,237,4195648.579,total,,0.8922713468,2019,2024,2024,14825,False,False,False,False,True,False,False,False,False,False,True,False,True
1500,93,237,4631234.391,total,,0.8853866662,2019,2024,2024,14825,False,False,False,False,True,False,False,False,False,False,True,False,True
1501,93,237,5111800.312,total,,0.8753246555,2019,2024,2024,14825,False,False,False,False,True,False,False,False,False,False,True,False,True
1502,93,237,5642348.084,total,,0.8588739159,2019,2024,2024,14825,False,False,False,False,True,False,False,False,False,False,True,False,True
1503,93,237,6228380.123,total,,0.8419394981,2019,2024,2024,14825,False,False,False,False,True,False,False,False,False,False,True,False,True
1504,93,237,6874632.714,total,,0.8216739847,2019,2024,2024,14825,False,False,False,False,True,False,False,False,False,False,True,False,True
1505,93,237,7588608.563,total,,0.8047934494,2019,2024,2024,14825,False,False,False,False,True,False,False,False,False,False,True,False,True
1506,93,237,8376063.032,total,,0.7869784449,2019,2024,2024,14825,False,False,False,False,True,False,False,False,False,False,True,False,True
1507,93,237,9245974.85,total,,0.7720942294,2019,2024,2024,14825,False,False,False,False,True,False,False,False,False,False,True,False,True
1508,93,237,10204877.47,total,,0.7632201564,2019,2024,2024,14825,False,False,False,False,True,False,False,False,False,False,False,True,True
1509,93,237,11407130.04,total,,0.7563058885,2019,2024,2024,14825,False,False,False,False,True,False,False,False,False,False,False,True,True
1510,93,237,12745104.86,total,,0.7548870465,2019,2024,2024,14825,False,False,False,False,True,False,False,False,False,False,False,True,True
1511,93,237,14069683.68,total,,0.7589705258,2019,2024,2024,14825,False,False,False,False,True,False,False,False,False,False,False,True,True
1512,93,237,15526596.21,total,,0.767391509,2019,2024,2024,14825,False,False,False,False,True,False,False,False,False,False,False,True,True
1513,93,237,17140978.38,total,,0.7772219524,2019,2024,2024,14825,False,False,False,False,True,False,False,False,False,False,False,True,True
1514,93,237,18920296.75,total,,0.7845263594,2019,2024,2024,14825,False,False,False,False,True,False,False,False,False,False,False,True,True
1515,94,239,7100000,n2n,,-0.8477116556,2019,2021,2022,23777,False,True,False,False,False,False,False,False,False,False,True,False,True
1516,94,239,7720000,n2n,,-0.6834006979,2019,2021,2022,23777,False,True,False,False,False,False,False,False,False,False,True,False,True
1517,94,239,9340000,n2n,,-0.57024772,2019,2021,2022,23777,False,True,False,False,False,False,False,False,False,False,True,False,True
1518,94,239,3433928.556,total,,0.8946907385,2019,2024,2024,14825,False,False,False,False,True,False,False,False,False,False,True,False,True
1519,94,239,3879349.172,total,,0.894792196,2019,2024,2024,14825,False,False,False,False,True,False,False,False,False,False,True,False,True
1520,94,239,4277223.632,total,,0.8927149778,2019,2024,2024,14825,False,False,False,False,True,False,False,False,False,False,True,False,True
1521,94,239,4715597.947,total,,0.8867698248,2019,2024,2024,14825,False,False,False,False,True,False,False,False,False,False,True,False,True
1522,94,239,5198961.242,total,,0.8748817179,2019,2024,2024,14825,False,False,False,False,True,False,False,False,False,False,True,False,True
1523,94,239,5731802.683,total,,0.8602361601,2019,2024,2024,14825,False,False,False,False,True,False,False,False,False,False,True,False,True
1524,94,239,6319123.753,total,,0.8420504125,2019,2024,2024,14825,False,False,False,False,True,False,False,False,False,False,True,False,True
1525,94,239,6966926.223,total,,0.8228673581,2019,2024,2024,14825,False,False,False,False,True,False,False,False,False,False,True,False,True
1526,94,239,7681211.884,total,,0.8060374477,2019,2024,2024,14825,False,False,False,False,True,False,False,False,False,False,True,False,True
1527,94,239,8468470.464,total,,0.7901056373,2019,2024,2024,14825,False,False,False,False,True,False,False,False,False,False,True,False,True
1528,94,239,9336216.418,total,,0.7756504901,2019,2024,2024,14825,False,False,False,False,True,False,False,False,False,False,True,False,True
1529,94,239,10296965.57,total,,0.7659292022,2019,2024,2024,14825,False,False,False,False,True,False,False,False,False,False,False,True,True
1530,94,239,11346545.73,total,,0.7612924624,2019,2024,2024,14825,False,False,False,False,True,False,False,False,False,False,False,True,True
1531,94,239,12511282.91,total,,0.7567501811,2019,2024,2024,14825,False,False,False,False,True,False,False,False,False,False,False,True,True
1532,94,239,13790931.8,total,,0.7621043756,2019,2024,2024,14825,False,False,False,False,True,False,False,False,False,False,False,True,True
1533,94,239,15205499.01,total,,0.7718042066,2019,2024,2024,14825,False,False,False,False,True,False,False,False,False,False,False,True,True
1534,94,239,16764987.32,total,,0.7792464618,2019,2024,2024,14825,False,False,False,False,True,False,False,False,False,False,False,True,True
1535,94,239,18484523.26,total,,0.7833496436,2019,2024,2024,14825,False,False,False,False,True,False,False,False,False,False,False,True,True
1536,94,239,19890000,total,,0.7895807122,2019,2024,2024,14825,False,False,False,False,True,False,False,False,False,False,False,True,True
1537,95,241,23500,capture,,0.434568904,2019,2023,2023,23606,True,False,False,False,False,False,False,False,True,False,False,False,False
1538,95,241,51500,capture,,0.3304137733,2019,2023,2023,23606,True,False,False,False,False,False,False,False,True,False,False,False,False
1539,95,241,127700,capture,,0.1205739312,2019,2023,2023,23606,True,False,False,False,False,False,False,False,False,True,False,False,True
1540,95,241,1041.128371,capture,,1.146748014,2019,2024,2025,23620,True,False,False,False,False,False,False,True,False,False,False,False,False
1541,95,241,1148.579498,capture,,1.09852836,2019,2024,2025,23620,True,False,False,False,False,False,False,True,False,False,False,False,False
1542,95,241,1273.571169,capture,,1.089551883,2019,2024,2025,23620,True,False,False,False,False,False,False,True,False,False,False,False,False
1543,95,241,1420.140065,capture,,1.044931546,2019,2024,2025,23620,True,False,False,False,False,False,False,True,False,False,False,False,False
1544,95,241,1562.269623,capture,,1.036029731,2019,2024,2025,23620,True,False,False,False,False,False,False,True,False,False,False,False,False
1545,95,241,1727.443179,capture,,0.9879640328,2019,2024,2025,23620,True,False,False,False,False,False,False,True,False,False,False,False,False
1546,95,241,1919.561574,capture,,1.01911629,2019,2024,2025,23620,True,False,False,False,False,False,False,True,False,False,False,False,False
1547,95,241,2097.647087,capture,,0.9997827985,2019,2024,2025,23620,True,False,False,False,False,False,False,True,False,False,False,False,False
1548,95,241,2301.726714,capture,,0.98788961,2019,2024,2025,23620,True,False,False,False,False,False,False,True,False,False,False,False,False
1549,95,241,2474.619,capture,,0.903089987,2019,2024,2025,23620,True,False,False,False,False,False,False,True,False,False,False,False,False
1550,95,241,2810.578045,capture,,0.8779469516,2019,2024,2025,23620,True,False,False,False,False,False,False,True,False,False,False,False,False
1551,95,241,3130.78131,capture,,0.8512583487,2019,2024,2025,23620,True,False,False,False,False,False,False,True,False,False,False,False,False
1552,95,241,3509.030763,capture,,0.656098202,2019,2024,2025,23620,True,False,False,False,False,False,False,True,False,False,False,False,False
1553,95,241,3838.7155,capture,,0.806179974,2019,2024,2025,23620,True,False,False,False,False,False,False,True,False,False,False,False,False
1554,95,241,4219.267447,capture,,0.7948364578,2019,2024,2025,23620,True,False,False,False,False,False,False,True,False,False,False,False,False
1555,95,241,4656.853,capture,,0.7015679851,2019,2024,2025,23620,True,False,False,False,False,False,False,True,False,False,False,False,False
1556,95,241,5169.404838,capture,,0.7976137302,2019,2024,2025,23620,True,False,False,False,False,False,False,True,False,False,False,False,False
1557,95,241,5767.687,capture,,0.6674529529,2019,2024,2025,23620,True,False,False,False,False,False,False,True,False,False,False,False,False
1558,95,241,6227.672,capture,,0.6848453616,2019,2024,2025,23620,True,False,False,False,False,False,False,True,False,False,False,False,False
1559,95,241,7031.290772,capture,,0.6910814921,2019,2024,2025,23620,True,False,False,False,False,False,False,True,False,False,False,False,False
1560,95,241,7993.945,capture,,0.5965970956,2019,2024,2025,23620,True,False,False,False,False,False,False,True,False,False,False,False,False
1561,95,241,8752.878,capture,,0.6646419756,2019,2024,2025,23620,True,False,False,False,False,False,False,True,False,False,False,False,False
1562,95,241,9625.43,capture,,0.622214023,2019,2024,2025,23620,True,False,False,False,False,False,False,True,False,False,False,False,False
1563,95,241,10635.5005,capture,,0.6937269489,2019,2024,2025,23620,True,False,False,False,False,False,False,False,True,False,False,False,False
1564,95,241,11813.645,capture,,0.4727564493,2019,2024,2025,23620,True,False,False,False,False,False,False,False,True,False,False,False,False
1565,95,241,13199.425,capture,,0.480006943,2019,2024,2025,23620,True,False,False,False,False,False,False,False,True,False,False,False,False
1566,95,241,14844.76,capture,,0.4048337166,2019,2024,2025,23620,True,False,False,False,False,False,False,False,True,False,False,False,False
1567,95,241,16818.965,capture,,0.4727564493,2019,2024,2025,23620,True,False,False,False,False,False,False,False,True,False,False,False,False
1568,95,241,19216.19,capture,,0.4517864355,2019,2024,2025,23620,True,False,False,False,False,False,False,False,True,False,False,False,False
1569,95,241,22166.975,capture,,0.4048337166,2019,2024,2025,23620,True,False,False,False,False,False,False,False,True,False,False,False,False
1570,95,241,25856.625,capture,,0.3138672204,2019,2024,2025,23620,True,False,False,False,False,False,False,False,True,False,False,False,False
1571,95,241,30555.405,capture,,0.3463529745,2019,2024,2025,23620,True,False,False,False,False,False,False,False,True,False,False,False,False
1572,95,241,36670.245,capture,,0.4248816366,2019,2024,2025,23620,True,False,False,False,False,False,False,False,True,False,False,False,False
1573,95,241,44837.485,capture,,0.3304137733,2019,2024,2025,23620,True,False,False,False,False,False,False,False,True,False,False,False,False
1574,95,241,56099.02,capture,,0.3384564936,2019,2024,2025,23620,True,False,False,False,False,False,False,False,True,False,False,False,False
1575,95,241,72260.66,capture,,0.2479732664,2019,2024,2025,23620,True,False,False,False,False,False,False,False,True,False,False,False,False
1576,95,241,96688.115,capture,,0.05307844348,2019,2024,2025,23620,True,False,False,False,False,False,False,False,True,False,False,False,False
1577,95,241,136288.415,capture,,0.1430148003,2019,2024,2025,23620,True,False,False,False,False,False,False,False,False,True,False,False,True
1578,95,241,207277.8,capture,,0.1367205672,2019,2024,2025,23620,True,False,False,False,False,False,False,False,False,True,False,False,True
1579,95,241,356323.6,capture,,-0.1307682803,2019,2024,2025,23620,True,False,False,False,False,False,False,False,False,True,False,False,True
1580,95,241,774386.6,capture,,-0.4948500217,2019,2024,2025,23620,True,False,False,False,False,False,False,False,False,True,False,False,True
1581,95,243,23400,capture,,0.4014005408,2019,2021,2022,23748,True,False,False,False,False,False,False,False,True,False,False,False,False
