row,Z,A,energy_ev,quantity,spectrum,label,freeze_year,pub_year,compiled_year,entry,sub:capture,sub:n2n,sub:np,sub:na,sub:total,sub:elastic,sub:inelastic,sub:< 10 keV,sub:10-100 keV,sub:0.1-1 MeV,sub:1-10 MeV,sub:> 10 MeV,sub:E >= 100 keV (DATEDEXAM post-hoc subset)
0,4,7,1292.45,np,,2.318683015,2011,2018,2018,23399,False,False,True,False,False,False,False,True,False,False,False,False,False
1,4,7,2048.39,np,,2.125767448,2011,2018,2018,23399,False,False,True,False,False,False,False,True,False,False,False,False,False
2,4,7,3246.48,np,,2.005557996,2011,2018,2018,23399,False,False,True,False,False,False,False,True,False,False,False,False,False
3,4,7,5145.32,np,,1.870378151,2011,2018,2018,23399,False,False,True,False,False,False,False,True,False,False,False,False,False
4,4,7,8154.79,np,,1.785527003,2011,2018,2018,23399,False,False,True,False,False,False,False,True,False,False,False,False,False
5,4,7,12924.5,np,,1.523628125,2011,2018,2018,23399,False,False,True,False,False,False,False,False,True,False,False,False,False
6,4,7,20483.9,np,,1.416677113,2011,2018,2018,23399,False,False,True,False,False,False,False,False,True,False,False,False,False
7,4,7,32464.8,np,,1.356637647,2011,2018,2018,23399,False,False,True,False,False,False,False,False,True,False,False,False,False
8,4,7,51453.2,np,,1.027251728,2011,2018,2018,23399,False,False,True,False,False,False,False,False,True,False,False,False,False
9,4,7,81547.9,np,,0.795431594,2011,2018,2018,23399,False,False,True,False,False,False,False,False,True,False,False,False,False
10,4,7,129245,np,,0.3990815701,2011,2018,2018,23399,False,False,True,False,False,False,False,False,False,True,False,False,True
11,4,7,204839,np,,0.5799892663,2011,2018,2018,23399,False,False,True,False,False,False,False,False,False,True,False,False,True
12,4,7,324648,np,,0.6018558249,2011,2018,2018,23399,False,False,True,False,False,False,False,False,False,True,False,False,True
13,4,9,400149.9844,total,,0.5783526415,2011,2012,2012,14349,False,False,False,False,True,False,False,False,False,True,False,False,True
14,4,9,420699.3978,total,,0.5670568034,2011,2012,2012,14349,False,False,False,False,True,False,False,False,False,True,False,False,True
15,4,9,464943.149,total,,0.5520503331,2011,2012,2012,14349,False,False,False,False,True,False,False,False,False,True,False,False,True
16,4,9,513851.4322,total,,0.5395460412,2011,2012,2012,14349,False,False,False,False,True,False,False,False,False,True,False,False,True
17,4,9,567862.8032,total,,0.5623008232,2011,2012,2012,14349,False,False,False,False,True,False,False,False,False,True,False,False,True
18,4,9,627542.8067,total,,0.7492724083,2011,2012,2012,14349,False,False,False,False,True,False,False,False,False,True,False,False,True
19,4,9,693557.0319,total,,0.5535650836,2011,2012,2012,14349,False,False,False,False,True,False,False,False,False,True,False,False,True
20,4,9,766539.605,total,,0.5458822268,2011,2012,2012,14349,False,False,False,False,True,False,False,False,False,True,False,False,True
21,4,9,847179.6132,total,,0.5734163206,2011,2012,2012,14349,False,False,False,False,True,False,False,False,False,True,False,False,True
22,4,9,936207.4642,total,,0.5341350938,2011,2012,2012,14349,False,False,False,False,True,False,False,False,False,True,False,False,True
23,4,9,1034903.428,total,,0.5141783431,2011,2012,2012,14349,False,False,False,False,True,False,False,False,False,False,True,False,True
24,4,9,1143832.667,total,,0.4772797777,2011,2012,2012,14349,False,False,False,False,True,False,False,False,False,False,True,False,True
25,4,9,1263964.12,total,,0.4290770483,2011,2012,2012,14349,False,False,False,False,True,False,False,False,False,False,True,False,True
26,4,9,1396717.53,total,,0.3733379527,2011,2012,2012,14349,False,False,False,False,True,False,False,False,False,False,True,False,True
27,4,9,1543480.275,total,,0.3140293613,2011,2012,2012,14349,False,False,False,False,True,False,False,False,False,False,True,False,True
28,4,9,1706222.216,total,,0.2607191877,2011,2012,2012,14349,False,False,False,False,True,False,False,False,False,False,True,False,True
29,4,9,1885145.844,total,,0.2246109058,2011,2012,2012,14349,False,False,False,False,True,False,False,False,False,False,True,False,True
30,4,9,2083161.19,total,,0.2347235716,2011,2012,2012,14349,False,False,False,False,True,False,False,False,False,False,True,False,True
31,4,9,2302486.718,total,,0.306062602,2011,2012,2012,14349,False,False,False,False,True,False,False,False,False,False,True,False,True
32,4,9,2544808.896,total,,0.437292676,2011,2012,2012,14349,False,False,False,False,True,False,False,False,False,False,True,False,True
33,4,9,2812885.605,total,,0.5798262393,2011,2012,2012,14349,False,False,False,False,True,False,False,False,False,False,True,False,True
34,4,9,3108628.87,total,,0.4631227769,2011,2012,2012,14349,False,False,False,False,True,False,False,False,False,False,True,False,True
35,4,9,3435200.899,total,,0.3853107648,2011,2012,2012,14349,False,False,False,False,True,False,False,False,False,False,True,False,True
36,4,9,3796474.424,total,,0.3273589344,2011,2012,2012,14349,False,False,False,False,True,False,False,False,False,False,True,False,True
37,4,9,4196919.605,total,,0.2906820271,2011,2012,2012,14349,False,False,False,False,True,False,False,False,False,False,True,False,True
38,4,9,4637632.976,total,,0.2895632275,2011,2012,2012,14349,False,False,False,False,True,False,False,False,False,False,True,False,True
39,4,9,5123345.955,total,,0.2760438114,2011,2012,2012,14349,False,False,False,False,True,False,False,False,False,False,True,False,True
40,4,9,5662802.545,total,,0.2737199297,2011,2012,2012,14349,False,False,False,False,True,False,False,False,False,False,True,False,True
41,4,9,6260846.881,total,,0.2605218872,2011,2012,2012,14349,False,False,False,False,True,False,False,False,False,False,True,False,True
42,4,9,6918625.024,total,,0.2509937071,2011,2012,2012,14349,False,False,False,False,True,False,False,False,False,False,True,False,True
43,4,9,7643764.127,total,,0.2462736003,2011,2012,2012,14349,False,False,False,False,True,False,False,False,False,False,True,False,True
44,4,9,8445795.795,total,,0.2361510445,2011,2012,2012,14349,False,False,False,False,True,False,False,False,False,False,True,False,True
45,4,9,9337039.896,total,,0.2333048871,2011,2012,2012,14349,False,False,False,False,True,False,False,False,False,False,True,False,True
46,4,9,10326326.96,total,,0.2237554537,2011,2012,2012,14349,False,False,False,False,True,False,False,False,False,False,False,True,True
47,4,9,11412550.57,total,,0.2148839695,2011,2012,2012,14349,False,False,False,False,True,False,False,False,False,False,False,True,True
48,4,9,12611085.85,total,,0.1848716173,2011,2012,2012,14349,False,False,False,False,True,False,False,False,False,False,False,True,True
49,4,9,13940648.59,total,,0.1765735406,2011,2012,2012,14349,False,False,False,False,True,False,False,False,False,False,False,True,True
50,4,9,15397532.75,total,,0.1585778625,2011,2012,2012,14349,False,False,False,False,True,False,False,False,False,False,False,True,True
51,4,9,17003087.98,total,,0.1428469749,2011,2012,2012,14349,False,False,False,False,True,False,False,False,False,False,False,True,True
52,4,9,18804464.01,total,,0.1054774313,2011,2012,2012,14349,False,False,False,False,True,False,False,False,False,False,False,True,True
53,4,9,19889919.56,total,,0.06213053462,2011,2012,2012,14349,False,False,False,False,True,False,False,False,False,False,False,True,True
54,4,9,400149.9844,total,,0.5777789367,2011,2012,2012,14349,False,False,False,False,True,False,False,False,False,True,False,False,True
55,4,9,420699.3978,total,,0.565325255,2011,2012,2012,14349,False,False,False,False,True,False,False,False,False,True,False,False,True
56,4,9,464943.149,total,,0.5521165769,2011,2012,2012,14349,False,False,False,False,True,False,False,False,False,True,False,False,True
57,4,9,513851.4322,total,,0.5417614493,2011,2012,2012,14349,False,False,False,False,True,False,False,False,False,True,False,False,True
58,4,9,567862.8032,total,,0.5623883601,2011,2012,2012,14349,False,False,False,False,True,False,False,False,False,True,False,False,True
59,4,9,627542.8067,total,,0.7486666844,2011,2012,2012,14349,False,False,False,False,True,False,False,False,False,True,False,False,True
60,4,9,693557.0319,total,,0.5532962178,2011,2012,2012,14349,False,False,False,False,True,False,False,False,False,True,False,False,True
61,4,9,766539.605,total,,0.5456618578,2011,2012,2012,14349,False,False,False,False,True,False,False,False,False,True,False,False,True
62,4,9,847179.6132,total,,0.5730658845,2011,2012,2012,14349,False,False,False,False,True,False,False,False,False,True,False,False,True
63,4,9,936207.4642,total,,0.5339988548,2011,2012,2012,14349,False,False,False,False,True,False,False,False,False,True,False,False,True
64,4,9,1034903.428,total,,0.5158382171,2011,2012,2012,14349,False,False,False,False,True,False,False,False,False,False,True,False,True
65,4,9,1143832.667,total,,0.4775140102,2011,2012,2012,14349,False,False,False,False,True,False,False,False,False,False,True,False,True
66,4,9,1263964.12,total,,0.4296317799,2011,2012,2012,14349,False,False,False,False,True,False,False,False,False,False,True,False,True
67,4,9,1396717.53,total,,0.3736474722,2011,2012,2012,14349,False,False,False,False,True,False,False,False,False,False,True,False,True
68,4,9,1543480.275,total,,0.3158896441,2011,2012,2012,14349,False,False,False,False,True,False,False,False,False,False,True,False,True
69,4,9,1706222.216,total,,0.2611596905,2011,2012,2012,14349,False,False,False,False,True,False,False,False,False,False,True,False,True
70,4,9,1885145.844,total,,0.2251189269,2011,2012,2012,14349,False,False,False,False,True,False,False,False,False,False,True,False,True
71,4,9,2083161.19,total,,0.2353354128,2011,2012,2012,14349,False,False,False,False,True,False,False,False,False,False,True,False,True
72,4,9,2302486.718,total,,0.3042896131,2011,2012,2012,14349,False,False,False,False,True,False,False,False,False,False,True,False,True
73,4,9,2544808.896,total,,0.4395439509,2011,2012,2012,14349,False,False,False,False,True,False,False,False,False,False,True,False,True
74,4,9,2812885.605,total,,0.5797068292,2011,2012,2012,14349,False,False,False,False,True,False,False,False,False,False,True,False,True
75,4,9,3108628.87,total,,0.46439406,2011,2012,2012,14349,False,False,False,False,True,False,False,False,False,False,True,False,True
76,4,9,3435200.899,total,,0.3858572981,2011,2012,2012,14349,False,False,False,False,True,False,False,False,False,False,True,False,True
77,4,9,3796474.424,total,,0.3295732031,2011,2012,2012,14349,False,False,False,False,True,False,False,False,False,False,True,False,True
78,4,9,4196919.605,total,,0.2892239821,2011,2012,2012,14349,False,False,False,False,True,False,False,False,False,False,True,False,True
79,4,9,4637632.976,total,,0.2875864236,2011,2012,2012,14349,False,False,False,False,True,False,False,False,False,False,True,False,True
80,4,9,5123345.955,total,,0.2762760793,2011,2012,2012,14349,False,False,False,False,True,False,False,False,False,False,True,False,True
81,4,9,5662802.545,total,,0.272696397,2011,2012,2012,14349,False,False,False,False,True,False,False,False,False,False,True,False,True
82,4,9,6260846.881,total,,0.2619233928,2011,2012,2012,14349,False,False,False,False,True,False,False,False,False,False,True,False,True
83,4,9,6918625.024,total,,0.2499604922,2011,2012,2012,14349,False,False,False,False,True,False,False,False,False,False,True,False,True
84,4,9,7643764.127,total,,0.2461823587,2011,2012,2012,14349,False,False,False,False,True,False,False,False,False,False,True,False,True
85,4,9,8445795.795,total,,0.2378178274,2011,2012,2012,14349,False,False,False,False,True,False,False,False,False,False,True,False,True
86,4,9,9337039.896,total,,0.2343325603,2011,2012,2012,14349,False,False,False,False,True,False,False,False,False,False,True,False,True
87,4,9,10326326.96,total,,0.2229764499,2011,2012,2012,14349,False,False,False,False,True,False,False,False,False,False,False,True,True
88,4,9,11412550.57,total,,0.2099615899,2011,2012,2012,14349,False,False,False,False,True,False,False,False,False,False,False,True,True
89,4,9,12611085.85,total,,0.1902427399,2011,2012,2012,14349,False,False,False,False,True,False,False,False,False,False,False,True,True
90,4,9,13940648.59,total,,0.1791207296,2011,2012,2012,14349,False,False,False,False,True,False,False,False,False,False,False,True,True
91,4,9,15397532.75,total,,0.1703665035,2011,2012,2012,14349,False,False,False,False,True,False,False,False,False,False,False,True,True
92,4,9,17003087.98,total,,0.1482483666,2011,2012,2012,14349,False,False,False,False,True,False,False,False,False,False,False,True,True
93,4,9,18804464.01,total,,0.1347531357,2011,2012,2012,14349,False,False,False,False,True,False,False,False,False,False,False,True,True
94,4,9,19889919.56,total,,0.123851641,2011,2012,2012,14349,False,False,False,False,True,False,False,False,False,False,False,True,True
95,4,9,400149.9844,total,,0.5754765086,2011,2012,2012,14349,False,False,False,False,True,False,False,False,False,True,False,False,True
96,4,9,420399.0432,total,,0.5644432133,2011,2012,2012,14349,False,False,False,False,True,False,False,False,False,True,False,False,True
97,4,9,465009.0438,total,,0.5529703956,2011,2012,2012,14349,False,False,False,False,True,False,False,False,False,True,False,False,True
98,4,9,513851.4322,total,,0.5412463237,2011,2012,2012,14349,False,False,False,False,True,False,False,False,False,True,False,False,True
99,4,9,567862.8032,total,,0.5618708405,2011,2012,2012,14349,False,False,False,False,True,False,False,False,False,True,False,False,True
100,4,9,627723.838,total,,0.7312003177,2011,2012,2012,14349,False,False,False,False,True,False,False,False,False,True,False,False,True
101,4,9,693557.0319,total,,0.553686019,2011,2012,2012,14349,False,False,False,False,True,False,False,False,False,True,False,False,True
102,4,9,766539.605,total,,0.5454989045,2011,2012,2012,14349,False,False,False,False,True,False,False,False,False,True,False,False,True
103,4,9,847179.6132,total,,0.5703713611,2011,2012,2012,14349,False,False,False,False,True,False,False,False,False,True,False,False,True
104,4,9,936207.4642,total,,0.5341296451,2011,2012,2012,14349,False,False,False,False,True,False,False,False,False,True,False,False,True
105,4,9,1034903.428,total,,0.5143213777,2011,2012,2012,14349,False,False,False,False,True,False,False,False,False,False,True,False,True
106,4,9,1143832.667,total,,0.4766660411,2011,2012,2012,14349,False,False,False,False,True,False,False,False,False,False,True,False,True
107,4,9,1263964.12,total,,0.4284974415,2011,2012,2012,14349,False,False,False,False,True,False,False,False,False,False,True,False,True
108,4,9,1396717.53,total,,0.3727570085,2011,2012,2012,14349,False,False,False,False,True,False,False,False,False,False,True,False,True
109,4,9,1543480.275,total,,0.3152088502,2011,2012,2012,14349,False,False,False,False,True,False,False,False,False,False,True,False,True
110,4,9,1706222.216,total,,0.2603471655,2011,2012,2012,14349,False,False,False,False,True,False,False,False,False,False,True,False,True
111,4,9,1885145.844,total,,0.2234497537,2011,2012,2012,14349,False,False,False,False,True,False,False,False,False,False,True,False,True
112,4,9,2083161.19,total,,0.2338849159,2011,2012,2012,14349,False,False,False,False,True,False,False,False,False,False,True,False,True
113,4,9,2302486.718,total,,0.3037067261,2011,2012,2012,14349,False,False,False,False,True,False,False,False,False,False,True,False,True
114,4,9,2544808.896,total,,0.4370803207,2011,2012,2012,14349,False,False,False,False,True,False,False,False,False,False,True,False,True
115,4,9,2812885.605,total,,0.5807122593,2011,2012,2012,14349,False,False,False,False,True,False,False,False,False,False,True,False,True
116,4,9,3108628.87,total,,0.4643591203,2011,2012,2012,14349,False,False,False,False,True,False,False,False,False,False,True,False,True
117,4,9,3435200.899,total,,0.3860639152,2011,2012,2012,14349,False,False,False,False,True,False,False,False,False,False,True,False,True
118,4,9,3796474.424,total,,0.3288539255,2011,2012,2012,14349,False,False,False,False,True,False,False,False,False,False,True,False,True
119,4,9,4196919.605,total,,0.2892239821,2011,2012,2012,14349,False,False,False,False,True,False,False,False,False,False,True,False,True
120,4,9,4637632.976,total,,0.285189327,2011,2012,2012,14349,False,False,False,False,True,False,False,False,False,False,True,False,True
121,4,9,5123345.955,total,,0.2751600588,2011,2012,2012,14349,False,False,False,False,True,False,False,False,False,False,True,False,True
122,4,9,5662802.545,total,,0.2714747521,2011,2012,2012,14349,False,False,False,False,True,False,False,False,False,False,True,False,True
123,4,9,6260846.881,total,,0.2613421847,2011,2012,2012,14349,False,False,False,False,True,False,False,False,False,False,True,False,True
124,4,9,6918625.024,total,,0.2477133913,2011,2012,2012,14349,False,False,False,False,True,False,False,False,False,False,True,False,True
125,4,9,7643764.127,total,,0.2442618451,2011,2012,2012,14349,False,False,False,False,True,False,False,False,False,False,True,False,True
126,4,9,8445795.795,total,,0.2378504456,2011,2012,2012,14349,False,False,False,False,True,False,False,False,False,False,True,False,True
127,4,9,9337039.896,total,,0.2330304298,2011,2012,2012,14349,False,False,False,False,True,False,False,False,False,False,True,False,True
128,4,9,10326326.96,total,,0.223681323,2011,2012,2012,14349,False,False,False,False,True,False,False,False,False,False,False,True,True
129,4,9,11412550.57,total,,0.2104077065,2011,2012,2012,14349,False,False,False,False,True,False,False,False,False,False,False,True,True
130,4,9,12611085.85,total,,0.1900647685,2011,2012,2012,14349,False,False,False,False,True,False,False,False,False,False,False,True,True
131,4,9,13940648.59,total,,0.1776326785,2011,2012,2012,14349,False,False,False,False,True,False,False,False,False,False,False,True,True
132,4,9,15397532.75,total,,0.1601361123,2011,2012,2012,14349,False,False,False,False,True,False,False,False,False,False,False,True,True
133,4,9,17003087.98,total,,0.1428411866,2011,2012,2012,14349,False,False,False,False,True,False,False,False,False,False,False,True,True
134,4,9,18804464.01,total,,0.1095720575,2011,2012,2012,14349,False,False,False,False,True,False,False,False,False,False,False,True,True
135,4,9,19889919.56,total,,0.07554696139,2011,2012,2012,14349,False,False,False,False,True,False,False,False,False,False,False,True,True
136,5,10,6000000,elastic,,-0.06550154876,2011,2021,2021,14719,False,False,False,False,False,True,False,False,False,False,True,False,True
137,5,10,10000000,elastic,,-0.09205147839,2011,2021,2021,14719,False,False,False,False,False,True,False,False,False,False,False,True,True
138,5,10,160000,na,,0.3040594662,2011,2017,2019,23409,False,False,False,True,False,False,False,False,False,True,False,False,True
139,5,10,220000,na,,0.2319790268,2011,2017,2019,23409,False,False,False,True,False,False,False,False,False,True,False,False,True
140,5,10,270000,na,,0.1280760127,2011,2017,2019,23409,False,False,False,True,False,False,False,False,False,True,False,False,True
141,5,10,320000,na,,0.05614226206,2011,2017,2019,23409,False,False,False,True,False,False,False,False,False,True,False,False,True
142,5,10,370000,na,,-0.04000516167,2011,2017,2019,23409,False,False,False,True,False,False,False,False,False,True,False,False,True
143,5,10,420000,na,,-0.03198428601,2011,2017,2019,23409,False,False,False,True,False,False,False,False,False,True,False,False,True
144,5,10,470000,na,,-0.05601112493,2011,2017,2019,23409,False,False,False,True,False,False,False,False,False,True,False,False,True
145,5,10,530000,na,,-0.136082623,2011,2017,2019,23409,False,False,False,True,False,False,False,False,False,True,False,False,True
146,5,10,570000,na,,-0.208309351,2011,2017,2019,23409,False,False,False,True,False,False,False,False,False,True,False,False,True
147,5,10,694550.2142,na,,-0.4388986164,2011,2017,2019,23409,False,False,False,True,False,False,False,False,False,True,False,False,True
148,5,10,770000,na,,-0.5114492835,2011,2017,2019,23409,False,False,False,True,False,False,False,False,False,True,False,False,True
149,5,10,849470.4233,na,,-0.5670307091,2011,2017,2019,23409,False,False,False,True,False,False,False,False,False,True,False,False,True
150,5,10,944669.2543,na,,-0.6556077263,2011,2017,2019,23409,False,False,False,True,False,False,False,False,False,True,False,False,True
151,5,10,1044700.914,na,,-0.6757175447,2011,2017,2019,23409,False,False,False,True,False,False,False,False,False,False,True,False,True
152,5,10,1139824.548,na,,-0.6882461389,2011,2017,2019,23409,False,False,False,True,False,False,False,False,False,False,True,False,True
153,5,10,1269343.493,na,,-0.6932176754,2011,2017,2019,23409,False,False,False,True,False,False,False,False,False,False,True,False,True
154,5,10,1394775.968,na,,-0.6439741428,2011,2017,2019,23409,False,False,False,True,False,False,False,False,False,False,True,False,True
155,5,10,1543987.917,na,,-0.4861168144,2011,2017,2019,23409,False,False,False,True,False,False,False,False,False,False,True,False,True
156,5,10,1719515.367,na,,-0.348721986,2011,2017,2019,23409,False,False,False,True,False,False,False,False,False,False,True,False,True
157,5,10,1894175.052,na,,-0.3384239227,2011,2017,2019,23409,False,False,False,True,False,False,False,False,False,False,True,False,True
158,5,10,2096662.45,na,,-0.4720480417,2011,2017,2019,23409,False,False,False,True,False,False,False,False,False,False,True,False,True
159,5,10,2318921.813,na,,-0.5843590201,2011,2017,2019,23409,False,False,False,True,False,False,False,False,False,False,True,False,True
160,5,10,2569026.795,na,,-0.6241535637,2011,2017,2019,23409,False,False,False,True,False,False,False,False,False,False,True,False,True
161,5,10,2819113.14,na,,-0.6318991483,2011,2017,2019,23409,False,False,False,True,False,False,False,False,False,False,True,False,True
162,5,10,3044076.215,na,,-0.7110803943,2011,2017,2019,23409,False,False,False,True,False,False,False,False,False,False,True,False,True
163,5,10,4000000,na,,-0.5597207868,2011,2017,2018,32771,False,False,False,True,False,False,False,False,False,False,True,False,True
164,5,10,4500000,na,,-0.6428277423,2011,2017,2018,32771,False,False,False,True,False,False,False,False,False,False,True,False,True
165,5,10,5000000,na,,-0.7544873322,2011,2017,2018,32771,False,False,False,True,False,False,False,False,False,False,True,False,True
166,5,10,1000,na,,1.245512668,2011,2019,2020,32804,False,False,False,True,False,False,False,True,False,False,False,False,False
167,5,10,1260,na,,1.193124598,2011,2019,2020,32804,False,False,False,True,False,False,False,True,False,False,False,False,False
168,5,10,1580,na,,1.149219113,2011,2019,2020,32804,False,False,False,True,False,False,False,True,False,False,False,False,False
169,5,10,2000,na,,1.103803721,2011,2019,2020,32804,False,False,False,True,False,False,False,True,False,False,False,False,False
170,5,10,2510,na,,1.056904851,2011,2019,2020,32804,False,False,False,True,False,False,False,True,False,False,False,False,False
171,5,10,3160,na,,1.017033339,2011,2019,2020,32804,False,False,False,True,False,False,False,True,False,False,False,False,False
172,5,10,3980,na,,0.9604707775,2011,2019,2020,32804,False,False,False,True,False,False,False,True,False,False,False,False,False
173,5,10,5010,na,,0.8859263398,2011,2019,2020,32804,False,False,False,True,False,False,False,True,False,False,False,False,False
174,5,10,6310,na,,0.8536982118,2011,2019,2020,32804,False,False,False,True,False,False,False,True,False,False,False,False,False
175,5,10,7940,na,,0.8048206787,2011,2019,2020,32804,False,False,False,True,False,False,False,True,False,False,False,False,False
176,5,10,10000,na,,0.7774268224,2011,2019,2020,32804,False,False,False,True,False,False,False,False,True,False,False,False,False
177,5,10,12600,na,,0.7250945211,2011,2019,2020,32804,False,False,False,True,False,False,False,False,True,False,False,False,False
178,5,10,15800,na,,0.6730209071,2011,2019,2020,32804,False,False,False,True,False,False,False,False,True,False,False,False,False
179,5,10,20000,na,,0.6364878964,2011,2019,2020,32804,False,False,False,True,False,False,False,False,True,False,False,False,False
180,5,10,25100,na,,0.5774917998,2011,2019,2020,32804,False,False,False,True,False,False,False,False,True,False,False,False,False
181,5,10,31600,na,,0.4913616938,2011,2019,2020,32804,False,False,False,True,False,False,False,False,True,False,False,False,False
182,5,10,39800,na,,0.4668676204,2011,2019,2020,32804,False,False,False,True,False,False,False,False,True,False,False,False,False
183,5,10,50100,na,,0.4183012913,2011,2019,2020,32804,False,False,False,True,False,False,False,False,True,False,False,False,False
184,5,10,63100,na,,0.3710678623,2011,2019,2020,32804,False,False,False,True,False,False,False,False,True,False,False,False,False
185,5,10,79400,na,,0.3263358609,2011,2019,2020,32804,False,False,False,True,False,False,False,False,True,False,False,False,False
186,5,10,100000,na,,0.2922560714,2011,2019,2020,32804,False,False,False,True,False,False,False,False,False,True,False,False,True
187,5,10,200000,na,,0.1430148003,2011,2019,2020,32804,False,False,False,True,False,False,False,False,False,True,False,False,True
188,5,10,300000,na,,0.0170333393,2011,2019,2020,32804,False,False,False,True,False,False,False,False,False,True,False,False,True
189,5,10,400000,na,,-0.06148027482,2011,2019,2020,32804,False,False,False,True,False,False,False,False,False,True,False,False,True
190,5,10,500000,na,,-0.1135092748,2011,2019,2020,32804,False,False,False,True,False,False,False,False,False,True,False,False,True
191,5,10,600000,na,,-0.272458743,2011,2019,2020,32804,False,False,False,True,False,False,False,False,False,True,False,False,True
192,5,10,700000,na,,-0.4353339357,2011,2019,2020,32804,False,False,False,True,False,False,False,False,False,True,False,False,True
193,5,10,800000,na,,-0.5575202309,2011,2019,2020,32804,False,False,False,True,False,False,False,False,False,True,False,False,True
194,5,10,900000,na,,-0.6038006529,2011,2019,2020,32804,False,False,False,True,False,False,False,False,False,True,False,False,True
195,5,10,1000000,na,,-0.6090648929,2011,2019,2020,32804,False,False,False,True,False,False,False,False,False,True,False,False,True
196,5,10,1200000,na,,-0.7077439286,2011,2019,2020,32804,False,False,False,True,False,False,False,False,False,False,True,False,True
197,5,10,1400000,na,,-0.588380294,2011,2019,2020,32804,False,False,False,True,False,False,False,False,False,False,True,False,True
198,5,10,1600000,na,,-0.359518563,2011,2019,2020,32804,False,False,False,True,False,False,False,False,False,False,True,False,True
199,5,10,1800000,na,,-0.2510371387,2011,2019,2020,32804,False,False,False,True,False,False,False,False,False,False,True,False,True
200,5,10,2000000,na,,-0.3565473235,2011,2019,2020,32804,False,False,False,True,False,False,False,False,False,False,True,False,True
201,5,10,2297825.059,na,,-0.530177984,2011,2019,2020,32804,False,False,False,True,False,False,False,False,False,False,True,False,True
202,5,11,6000000,elastic,,0.1335389084,2011,2021,2021,14719,False,False,False,False,False,True,False,False,False,False,True,False,True
203,5,11,10000000,elastic,,-0.04383156952,2011,2021,2021,14719,False,False,False,False,False,True,False,False,False,False,False,True,True
204,6,12,14100000,elastic,,-0.1023729087,2011,2025,2025,41788,False,False,False,False,False,True,False,False,False,False,False,True,True
205,6,12,6918767.112,inelastic,,-0.7454023818,2011,2023,2024,14820,False,False,False,False,False,False,True,False,False,False,True,False,True
206,6,12,7674122.661,inelastic,,-0.4557756378,2011,2023,2024,14820,False,False,False,False,False,False,True,False,False,False,True,False,True
207,6,12,8511944.16,inelastic,,-0.5524315217,2011,2023,2024,14820,False,False,False,False,False,False,True,False,False,False,True,False,True
208,6,12,9333162.03,inelastic,,-0.5476013034,2011,2023,2024,14820,False,False,False,False,False,False,True,False,False,False,True,False,True
209,6,12,10352108.86,inelastic,,-0.5224221076,2011,2023,2024,14820,False,False,False,False,False,False,True,False,False,False,False,True,True
210,6,12,11482320,inelastic,,-0.5582416489,2011,2023,2024,14820,False,False,False,False,False,False,True,False,False,False,False,True,True
211,6,12,12590103.24,inelastic,,-0.644407697,2011,2023,2024,14820,False,False,False,False,False,False,True,False,False,False,False,True,True
212,6,12,13964595.15,inelastic,,-0.7006278265,2011,2023,2024,14820,False,False,False,False,False,False,True,False,False,False,False,True,True
213,6,12,15489166.79,inelastic,,-0.8001043304,2011,2023,2024,14820,False,False,False,False,False,False,True,False,False,False,False,True,True
214,6,12,16407000,inelastic,,-0.9266042835,2011,2023,2024,14820,False,False,False,False,False,False,True,False,False,False,False,True,True
215,6,12,4842723.229,inelastic,,-1.676675695,2011,2023,2024,14820,False,False,False,False,False,False,True,False,False,False,True,False,True
216,6,12,5125749.018,inelastic,,-1.189126098,2011,2023,2024,14820,False,False,False,False,False,False,True,False,False,False,True,False,True
217,6,12,5665760.922,inelastic,,-0.826417352,2011,2023,2024,14820,False,False,False,False,False,False,True,False,False,False,True,False,True
218,6,12,6260389.565,inelastic,,-0.6113538945,2011,2023,2024,14820,False,False,False,False,False,False,True,False,False,False,True,False,True
219,6,12,6916122.588,inelastic,,-0.7135716682,2011,2023,2024,14820,False,False,False,False,False,False,True,False,False,False,True,False,True
220,6,12,7644839.784,inelastic,,-0.4864418394,2011,2023,2024,14820,False,False,False,False,False,False,True,False,False,False,True,False,True
221,6,12,8448802.416,inelastic,,-0.5247731458,2011,2023,2024,14820,False,False,False,False,False,False,True,False,False,False,True,False,True
222,6,12,9338464.19,inelastic,,-0.5407323101,2011,2023,2024,14820,False,False,False,False,False,False,True,False,False,False,True,False,True
223,6,12,10320172.4,inelastic,,-0.5069021472,2011,2023,2024,14820,False,False,False,False,False,False,True,False,False,False,False,True,True
224,6,12,11400281.94,inelastic,,-0.5309537061,2011,2023,2024,14820,False,False,False,False,False,False,True,False,False,False,False,True,True
225,6,12,12600633.45,inelastic,,-0.6070881386,2011,2023,2024,14820,False,False,False,False,False,False,True,False,False,False,False,True,True
226,6,12,13933048.65,inelastic,,-0.6608593821,2011,2023,2024,14820,False,False,False,False,False,False,True,False,False,False,False,True,True
227,6,12,15316589.92,inelastic,,-0.7414628358,2011,2023,2024,14820,False,False,False,False,False,False,True,False,False,False,False,True,True
228,6,12,400149.9844,total,,0.560205623,2011,2012,2012,14349,False,False,False,False,True,False,False,False,False,True,False,False,True
229,6,12,420726.3969,total,,0.5541130389,2011,2012,2012,14349,False,False,False,False,True,False,False,False,False,True,False,False,True
230,6,12,464972.4223,total,,0.5395119719,2011,2012,2012,14349,False,False,False,False,True,False,False,False,False,True,False,False,True
231,6,12,513805.199,total,,0.5276422132,2011,2012,2012,14349,False,False,False,False,True,False,False,False,False,True,False,False,True
232,6,12,567804.6847,total,,0.5127510825,2011,2012,2012,14349,False,False,False,False,True,False,False,False,False,True,False,False,True
233,6,12,627589.1316,total,,0.4994555515,2011,2012,2012,14349,False,False,False,False,True,False,False,False,False,True,False,False,True
234,6,12,693612.7449,total,,0.4836478165,2011,2012,2012,14349,False,False,False,False,True,False,False,False,False,True,False,False,True
235,6,12,766606.2177,total,,0.4671031053,2011,2012,2012,14349,False,False,False,False,True,False,False,False,False,True,False,False,True
236,6,12,847249.0155,total,,0.4482771439,2011,2012,2012,14349,False,False,False,False,True,False,False,False,False,True,False,False,True
237,6,12,936292.7871,total,,0.429475028,2011,2012,2012,14349,False,False,False,False,True,False,False,False,False,True,False,False,True
238,6,12,1034795.85,total,,0.4075057395,2011,2012,2012,14349,False,False,False,False,True,False,False,False,False,False,True,False,True
239,6,12,1143404.43,total,,0.383156845,2011,2012,2012,14349,False,False,False,False,True,False,False,False,False,False,True,False,True
240,6,12,1263768.584,total,,0.3591871903,2011,2012,2012,14349,False,False,False,False,True,False,False,False,False,False,True,False,True
241,6,12,1396864.933,total,,0.3319597812,2011,2012,2012,14349,False,False,False,False,True,False,False,False,False,False,True,False,True
242,6,12,1543628.333,total,,0.3033503635,2011,2012,2012,14349,False,False,False,False,True,False,False,False,False,False,True,False,True
243,6,12,1706378.731,total,,0.2755975892,2011,2012,2012,14349,False,False,False,False,True,False,False,False,False,False,True,False,True
244,6,12,1885415.92,total,,0.2459514638,2011,2012,2012,14349,False,False,False,False,True,False,False,False,False,False,True,False,True
245,6,12,2083453.655,total,,0.2800038721,2011,2012,2012,14349,False,False,False,False,True,False,False,False,False,False,True,False,True
246,6,12,2302803.294,total,,0.2070263182,2011,2012,2012,14349,False,False,False,False,True,False,False,False,False,False,True,False,True
247,6,12,2544312.028,total,,0.2108628425,2011,2012,2012,14349,False,False,False,False,True,False,False,False,False,False,True,False,True
248,6,12,2812297.79,total,,0.3415883855,2011,2012,2012,14349,False,False,False,False,True,False,False,False,False,False,True,False,True
249,6,12,3109160.228,total,,0.2355876218,2011,2012,2012,14349,False,False,False,False,True,False,False,False,False,False,True,False,True
250,6,12,3435811.479,total,,0.4038575987,2011,2012,2012,14349,False,False,False,False,True,False,False,False,False,False,True,False,True
251,6,12,3795520.858,total,,0.3620889138,2011,2012,2012,14349,False,False,False,False,True,False,False,False,False,False,True,False,True
252,6,12,4193939.467,total,,0.2945864572,2011,2012,2012,14349,False,False,False,False,True,False,False,False,False,False,True,False,True
253,6,12,4636381.926,total,,0.1819796238,2011,2012,2012,14349,False,False,False,False,True,False,False,False,False,False,True,False,True
254,6,12,5124454.453,total,,0.08291586746,2011,2012,2012,14349,False,False,False,False,True,False,False,False,False,False,True,False,True
255,6,12,5663990.736,total,,0.04309328174,2011,2012,2012,14349,False,False,False,False,True,False,False,False,False,False,True,False,True
256,6,12,6258809.182,total,,0.1112171889,2011,2012,2012,14349,False,False,False,False,True,False,False,False,False,False,True,False,True
257,6,12,6916378.071,total,,-0.09756067942,2011,2012,2012,14349,False,False,False,False,True,False,False,False,False,False,True,False,True
258,6,12,7645776.131,total,,0.2742148845,2011,2012,2012,14349,False,False,False,False,True,False,False,False,False,False,True,False,True
259,6,12,8448157.535,total,,0.1052756666,2011,2012,2012,14349,False,False,False,False,True,False,False,False,False,False,True,False,True
260,6,12,9339793.609,total,,0.09313761594,2011,2012,2012,14349,False,False,False,False,True,False,False,False,False,False,True,False,True
261,6,12,10321511.9,total,,0.07839376717,2011,2012,2012,14349,False,False,False,False,True,False,False,False,False,False,False,True,True
262,6,12,11399077.69,total,,0.1480976285,2011,2012,2012,14349,False,False,False,False,True,False,False,False,False,False,False,True,True
263,6,12,12594754.03,total,,0.1542741922,2011,2012,2012,14349,False,False,False,False,True,False,False,False,False,False,False,True,True
264,6,12,13921670.77,total,,0.1343896324,2011,2012,2012,14349,False,False,False,False,True,False,False,False,False,False,False,True,True
265,6,12,15390223.95,total,,0.167576414,2011,2012,2012,14349,False,False,False,False,True,False,False,False,False,False,False,True,True
266,6,12,17010322.75,total,,0.1535890515,2011,2012,2012,14349,False,False,False,False,True,False,False,False,False,False,False,True,True
267,6,12,18793447.63,total,,0.17688532,2011,2012,2012,14349,False,False,False,False,True,False,False,False,False,False,False,True,True
268,6,12,19879882.63,total,,0.227458195,2011,2012,2012,14349,False,False,False,False,True,False,False,False,False,False,False,True,True
269,6,12,400199.9917,total,,0.4847742189,2011,2012,2012,14349,False,False,False,False,True,False,False,False,False,True,False,False,True
270,6,12,420072.8854,total,,0.5738595127,2011,2012,2012,14349,False,False,False,False,True,False,False,False,False,True,False,False,True
271,6,12,465278.8994,total,,0.5531732424,2011,2012,2012,14349,False,False,False,False,True,False,False,False,False,True,False,False,True
272,6,12,513805.199,total,,0.5329246985,2011,2012,2012,14349,False,False,False,False,True,False,False,False,False,True,False,False,True
273,6,12,567804.6847,total,,0.5140472067,2011,2012,2012,14349,False,False,False,False,True,False,False,False,False,True,False,False,True
274,6,12,627589.1316,total,,0.4986973885,2011,2012,2012,14349,False,False,False,False,True,False,False,False,False,True,False,False,True
275,6,12,693612.7449,total,,0.483721481,2011,2012,2012,14349,False,False,False,False,True,False,False,False,False,True,False,False,True
276,6,12,766606.2177,total,,0.4664020184,2011,2012,2012,14349,False,False,False,False,True,False,False,False,False,True,False,False,True
277,6,12,847249.0155,total,,0.4481760997,2011,2012,2012,14349,False,False,False,False,True,False,False,False,False,True,False,False,True
278,6,12,936292.7871,total,,0.4277033733,2011,2012,2012,14349,False,False,False,False,True,False,False,False,False,True,False,False,True
279,6,12,1034795.85,total,,0.4060028297,2011,2012,2012,14349,False,False,False,False,True,False,False,False,False,False,True,False,True
280,6,12,1143404.43,total,,0.3826772928,2011,2012,2012,14349,False,False,False,False,True,False,False,False,False,False,True,False,True
281,6,12,1263768.584,total,,0.3561016205,2011,2012,2012,14349,False,False,False,False,True,False,False,False,False,False,True,False,True
282,6,12,1396864.933,total,,0.3300504632,2011,2012,2012,14349,False,False,False,False,True,False,False,False,False,False,True,False,True
283,6,12,1543628.333,total,,0.3018643753,2011,2012,2012,14349,False,False,False,False,True,False,False,False,False,False,True,False,True
284,6,12,1706378.731,total,,0.2728740612,2011,2012,2012,14349,False,False,False,False,True,False,False,False,False,False,True,False,True
285,6,12,1885415.92,total,,0.2443909684,2011,2012,2012,14349,False,False,False,False,True,False,False,False,False,False,True,False,True
286,6,12,2083453.655,total,,0.2723147104,2011,2012,2012,14349,False,False,False,False,True,False,False,False,False,False,True,False,True
287,6,12,2302803.294,total,,0.2058770767,2011,2012,2012,14349,False,False,False,False,True,False,False,False,False,False,True,False,True
288,6,12,2544312.028,total,,0.209876111,2011,2012,2012,14349,False,False,False,False,True,False,False,False,False,False,True,False,True
289,6,12,2812297.79,total,,0.337126341,2011,2012,2012,14349,False,False,False,False,True,False,False,False,False,False,True,False,True
290,6,12,3109160.228,total,,0.2316248726,2011,2012,2012,14349,False,False,False,False,True,False,False,False,False,False,True,False,True
291,6,12,3435811.479,total,,0.4027089147,2011,2012,2012,14349,False,False,False,False,True,False,False,False,False,False,True,False,True
292,6,12,3795520.858,total,,0.3619904678,2011,2012,2012,14349,False,False,False,False,True,False,False,False,False,False,True,False,True
293,6,12,4193939.467,total,,0.2960665761,2011,2012,2012,14349,False,False,False,False,True,False,False,False,False,False,True,False,True
294,6,12,4636381.926,total,,0.1775777219,2011,2012,2012,14349,False,False,False,False,True,False,False,False,False,False,True,False,True
295,6,12,5124454.453,total,,0.07775318652,2011,2012,2012,14349,False,False,False,False,True,False,False,False,False,False,True,False,True
296,6,12,5663990.736,total,,0.0430518829,2011,2012,2012,14349,False,False,False,False,True,False,False,False,False,False,True,False,True
297,6,12,6258809.182,total,,0.105747408,2011,2012,2012,14349,False,False,False,False,True,False,False,False,False,False,True,False,True
298,6,12,6916378.071,total,,-0.1060512435,2011,2012,2012,14349,False,False,False,False,True,False,False,False,False,False,True,False,True
299,6,12,7645776.131,total,,0.270894399,2011,2012,2012,14349,False,False,False,False,True,False,False,False,False,False,True,False,True
300,6,12,8448157.535,total,,0.1041144863,2011,2012,2012,14349,False,False,False,False,True,False,False,False,False,False,True,False,True
301,6,12,9339793.609,total,,0.08914101275,2011,2012,2012,14349,False,False,False,False,True,False,False,False,False,False,True,False,True
302,6,12,10321511.9,total,,0.07765749638,2011,2012,2012,14349,False,False,False,False,True,False,False,False,False,False,False,True,True
303,6,12,11399077.69,total,,0.1413072182,2011,2012,2012,14349,False,False,False,False,True,False,False,False,False,False,False,True,True
304,6,12,12594754.03,total,,0.1463741646,2011,2012,2012,14349,False,False,False,False,True,False,False,False,False,False,False,True,True
305,6,12,13921670.77,total,,0.1269967515,2011,2012,2012,14349,False,False,False,False,True,False,False,False,False,False,False,True,True
306,6,12,15390223.95,total,,0.1632555582,2011,2012,2012,14349,False,False,False,False,True,False,False,False,False,False,False,True,True
307,6,12,17010322.75,total,,0.1504721599,2011,2012,2012,14349,False,False,False,False,True,False,False,False,False,False,False,True,True
308,6,12,18793447.63,total,,0.1621307976,2011,2012,2012,14349,False,False,False,False,True,False,False,False,False,False,False,True,True
309,6,12,19879882.63,total,,0.1780171801,2011,2012,2012,14349,False,False,False,False,True,False,False,False,False,False,False,True,True
310,6,12,419686.5002,total,,0.294691121,2011,2012,2012,14349,False,False,False,False,True,False,False,False,False,True,False,False,True
311,6,12,466440.9732,total,,0.3611538153,2011,2012,2012,14349,False,False,False,False,True,False,False,False,False,True,False,False,True
312,6,12,513410.3136,total,,0.4265112614,2011,2012,2012,14349,False,False,False,False,True,False,False,False,False,True,False,False,True
313,6,12,569295.814,total,,0.4511388284,2011,2012,2012,14349,False,False,False,False,True,False,False,False,False,True,False,False,True
314,6,12,629128.1369,total,,0.4625995467,2011,2012,2012,14349,False,False,False,False,True,False,False,False,False,True,False,False,True
315,6,12,696031.5517,total,,0.483587297,2011,2012,2012,14349,False,False,False,False,True,False,False,False,False,True,False,False,True
316,6,12,765651.9468,total,,0.477940815,2011,2012,2012,14349,False,False,False,False,True,False,False,False,False,True,False,False,True
317,6,12,850817.0507,total,,0.4572008612,2011,2012,2012,14349,False,False,False,False,True,False,False,False,False,True,False,False,True
318,6,12,935325.3005,total,,0.4485874166,2011,2012,2012,14349,False,False,False,False,True,False,False,False,False,True,False,False,True
319,6,12,1035834.163,total,,0.4228359688,2011,2012,2012,14349,False,False,False,False,True,False,False,False,False,False,True,False,True
320,6,12,1143404.43,total,,0.3894529869,2011,2012,2012,14349,False,False,False,False,True,False,False,False,False,False,True,False,True
321,6,12,1263768.584,total,,0.3613256985,2011,2012,2012,14349,False,False,False,False,True,False,False,False,False,False,True,False,True
322,6,12,1396864.933,total,,0.3341785261,2011,2012,2012,14349,False,False,False,False,True,False,False,False,False,False,True,False,True
323,6,12,1543628.333,total,,0.3041210726,2011,2012,2012,14349,False,False,False,False,True,False,False,False,False,False,True,False,True
324,6,12,1706378.731,total,,0.2739307881,2011,2012,2012,14349,False,False,False,False,True,False,False,False,False,False,True,False,True
325,6,12,1885415.92,total,,0.2453309673,2011,2012,2012,14349,False,False,False,False,True,False,False,False,False,False,True,False,True
326,6,12,2083644.24,total,,0.2554162874,2011,2012,2012,14349,False,False,False,False,True,False,False,False,False,False,True,False,True
327,6,12,2302803.294,total,,0.2079907907,2011,2012,2012,14349,False,False,False,False,True,False,False,False,False,False,True,False,True
328,6,12,2544312.028,total,,0.2129616639,2011,2012,2012,14349,False,False,False,False,True,False,False,False,False,False,True,False,True
329,6,12,2797859.07,total,,0.327384695,2011,2012,2012,14349,False,False,False,False,True,False,False,False,False,False,True,False,True
330,6,12,3110364.059,total,,0.2346129273,2011,2012,2012,14349,False,False,False,False,True,False,False,False,False,False,True,False,True
331,6,12,3409281.275,total,,0.4230686651,2011,2012,2012,14349,False,False,False,False,True,False,False,False,False,False,True,False,True
332,6,12,3818545.712,total,,0.3715898268,2011,2012,2012,14349,False,False,False,False,True,False,False,False,False,False,True,False,True
333,6,12,4192657.943,total,,0.3104886886,2011,2012,2012,14349,False,False,False,False,True,False,False,False,False,False,True,False,True
334,6,12,4636381.926,total,,0.1820340262,2011,2012,2012,14349,False,False,False,False,True,False,False,False,False,False,True,False,True
335,6,12,5124454.453,total,,0.07661470302,2011,2012,2012,14349,False,False,False,False,True,False,False,False,False,False,True,False,True
336,6,12,5663990.736,total,,0.04540534072,2011,2012,2012,14349,False,False,False,False,True,False,False,False,False,False,True,False,True
337,6,12,6258809.182,total,,0.09977372582,2011,2012,2012,14349,False,False,False,False,True,False,False,False,False,False,True,False,True
338,6,12,6916378.071,total,,-0.1075623961,2011,2012,2012,14349,False,False,False,False,True,False,False,False,False,False,True,False,True
339,6,12,7645776.131,total,,0.2762064119,2011,2012,2012,14349,False,False,False,False,True,False,False,False,False,False,True,False,True
340,6,12,8448157.535,total,,0.1086177326,2011,2012,2012,14349,False,False,False,False,True,False,False,False,False,False,True,False,True
341,6,12,9339793.609,total,,0.09190449766,2011,2012,2012,14349,False,False,False,False,True,False,False,False,False,False,True,False,True
342,6,12,10321511.9,total,,0.08137862072,2011,2012,2012,14349,False,False,False,False,True,False,False,False,False,False,False,True,True
343,6,12,11399077.69,total,,0.1434879395,2011,2012,2012,14349,False,False,False,False,True,False,False,False,False,False,False,True,True
344,6,12,12594754.03,total,,0.1516081649,2011,2012,2012,14349,False,False,False,False,True,False,False,False,False,False,False,True,True
345,6,12,13921670.77,total,,0.1265642949,2011,2012,2012,14349,False,False,False,False,True,False,False,False,False,False,False,True,True
346,6,12,15390223.95,total,,0.1690760332,2011,2012,2012,14349,False,False,False,False,True,False,False,False,False,False,False,True,True
347,6,12,17010322.75,total,,0.1497891278,2011,2012,2012,14349,False,False,False,False,True,False,False,False,False,False,False,True,True
348,6,12,18793447.63,total,,0.1545612032,2011,2012,2012,14349,False,False,False,False,True,False,False,False,False,False,False,True,True
349,6,12,19879882.63,total,,0.1430148003,2011,2012,2012,14349,False,False,False,False,True,False,False,False,False,False,False,True,True
350,6,12,155000,total,,0.6269559514,2011,2013,2015,14356,False,False,False,False,True,False,False,False,False,True,False,False,True
351,6,12,169926.4547,total,,0.6176292978,2011,2013,2015,14356,False,False,False,False,True,False,False,False,False,True,False,False,True
352,6,12,189934.1991,total,,0.6118294795,2011,2013,2015,14356,False,False,False,False,True,False,False,False,False,True,False,False,True
353,6,12,209940.4678,total,,0.6033609243,2011,2013,2015,14356,False,False,False,False,True,False,False,False,False,True,False,False,True
354,6,12,229945.6458,total,,0.6006462357,2011,2013,2015,14356,False,False,False,False,True,False,False,False,False,True,False,False,True
355,6,12,254869.214,total,,0.5939871671,2011,2013,2015,14356,False,False,False,False,True,False,False,False,False,True,False,False,True
356,6,12,284882.9929,total,,0.5870371177,2011,2013,2015,14356,False,False,False,False,True,False,False,False,False,True,False,False,True
357,6,12,314894.1443,total,,0.580848977,2011,2013,2015,14356,False,False,False,False,True,False,False,False,False,True,False,False,True
358,6,12,344903.3546,total,,0.5691397255,2011,2013,2015,14356,False,False,False,False,True,False,False,False,False,True,False,False,True
359,6,12,379835.4451,total,,0.5600860485,2011,2013,2015,14356,False,False,False,False,True,False,False,False,False,True,False,False,True
360,6,12,419851.1303,total,,0.5497693488,2011,2013,2015,14356,False,False,False,False,True,False,False,False,False,True,False,False,True
361,6,12,464784.8268,total,,0.5400289943,2011,2013,2015,14356,False,False,False,False,True,False,False,False,False,True,False,False,True
362,6,12,514805.7373,total,,0.5242922425,2011,2013,2015,14356,False,False,False,False,True,False,False,False,False,True,False,False,True
363,6,12,569744.0105,total,,0.5150344563,2011,2013,2015,14356,False,False,False,False,True,False,False,False,False,True,False,False,True
364,6,12,619899.1749,total,,0.5018463068,2011,2013,2015,14356,False,False,False,False,True,False,False,False,False,True,False,False,True
365,6,12,2584461.575,total,,0.219842023,2011,2020,2020,14661,False,False,False,False,True,False,False,False,False,False,True,False,True
366,6,12,2809252.091,total,,0.3427026801,2011,2020,2020,14661,False,False,False,False,True,False,False,False,False,False,True,False,True
367,6,12,3108163.818,total,,0.2362531138,2011,2020,2020,14661,False,False,False,False,True,False,False,False,False,False,True,False,True
368,6,12,3435325.325,total,,0.4044926593,2011,2020,2020,14661,False,False,False,False,True,False,False,False,False,False,True,False,True
369,6,12,3791528.281,total,,0.360394929,2011,2020,2020,14661,False,False,False,False,True,False,False,False,False,False,True,False,True
370,6,12,4196370.367,total,,0.2936503816,2011,2020,2020,14661,False,False,False,False,True,False,False,False,False,False,True,False,True
371,6,12,4646452.128,total,,0.1709580821,2011,2020,2020,14661,False,False,False,False,True,False,False,False,False,False,True,False,True
372,6,12,5132842.259,total,,0.0852665367,2011,2020,2020,14661,False,False,False,False,True,False,False,False,False,False,True,False,True
373,6,12,5668716.927,total,,0.04276206106,2011,2020,2020,14661,False,False,False,False,True,False,False,False,False,False,True,False,True
374,6,12,6257030.423,total,,0.1080129511,2011,2020,2020,14661,False,False,False,False,True,False,False,False,False,False,True,False,True
375,6,12,6921428.708,total,,-0.08783454396,2011,2020,2020,14661,False,False,False,False,True,False,False,False,False,False,True,False,True
376,6,12,7648210.956,total,,0.2755977178,2011,2020,2020,14661,False,False,False,False,True,False,False,False,False,False,True,False,True
377,6,12,8440002.567,total,,0.1013311341,2011,2020,2020,14661,False,False,False,False,True,False,False,False,False,False,True,False,True
378,6,12,9328420.124,total,,0.09195019903,2011,2020,2020,14661,False,False,False,False,True,False,False,False,False,False,True,False,True
379,6,12,10327595.46,total,,0.08319050572,2011,2020,2020,14661,False,False,False,False,True,False,False,False,False,False,False,True,True
380,6,12,11406427.44,total,,0.1423068025,2011,2020,2020,14661,False,False,False,False,True,False,False,False,False,False,False,True,True
381,6,12,12561848.22,total,,0.144217857,2011,2020,2020,14661,False,False,False,False,True,False,False,False,False,False,False,True,True
382,6,12,13903370,total,,0.125724641,2011,2020,2020,14661,False,False,False,False,True,False,False,False,False,False,False,True,True
383,6,12,15402638.41,total,,0.163727736,2011,2020,2020,14661,False,False,False,False,True,False,False,False,False,False,False,True,True
384,6,12,16995573.77,total,,0.1502875171,2011,2020,2020,14661,False,False,False,False,True,False,False,False,False,False,False,True,True
385,6,12,18758520.98,total,,0.1667015001,2011,2020,2020,14661,False,False,False,False,True,False,False,False,False,False,False,True,True
386,6,12,19843930,total,,0.174030718,2011,2020,2020,14661,False,False,False,False,True,False,False,False,False,False,False,True,True
387,6,12,14100000,total,,0.1553360375,2011,2020,2020,31807,False,False,False,False,True,False,False,False,False,False,False,True,True
388,7,14,104396.7987,total,,0.6104496222,2011,2025,2025,23672,False,False,False,False,True,False,False,False,False,True,False,False,True
389,7,14,114621.1463,total,,0.6003808872,2011,2025,2025,23672,False,False,False,False,True,False,False,False,False,True,False,False,True
390,7,14,126697.5941,total,,0.5951260423,2011,2025,2025,23672,False,False,False,False,True,False,False,False,False,True,False,False,True
391,7,14,140051.256,total,,0.5831944228,2011,2025,2025,23672,False,False,False,False,True,False,False,False,False,True,False,False,True
392,7,14,154776.5706,total,,0.5729699738,2011,2025,2025,23672,False,False,False,False,True,False,False,False,False,True,False,False,True
393,7,14,171014.6206,total,,0.5615908244,2011,2025,2025,23672,False,False,False,False,True,False,False,False,False,True,False,False,True
394,7,14,188986.9441,total,,0.5499053639,2011,2025,2025,23672,False,False,False,False,True,False,False,False,False,True,False,False,True
395,7,14,208905.044,total,,0.534529708,2011,2025,2025,23672,False,False,False,False,True,False,False,False,False,True,False,False,True
396,7,14,230846.3359,total,,0.5205105217,2011,2025,2025,23672,False,False,False,False,True,False,False,False,False,True,False,False,True
397,7,14,255128.7423,total,,0.5106051153,2011,2025,2025,23672,False,False,False,False,True,False,False,False,False,True,False,False,True
398,7,14,282049.6416,total,,0.4942185509,2011,2025,2025,23672,False,False,False,False,True,False,False,False,False,True,False,False,True
399,7,14,311701.4988,total,,0.4765943689,2011,2025,2025,23672,False,False,False,False,True,False,False,False,False,True,False,False,True
400,7,14,344394.1687,total,,0.460610709,2011,2025,2025,23672,False,False,False,False,True,False,False,False,False,True,False,False,True
401,7,14,380497.9112,total,,0.4426410468,2011,2025,2025,23672,False,False,False,False,True,False,False,False,False,True,False,False,True
402,7,14,420464.03,total,,0.5249239237,2011,2025,2025,23672,False,False,False,False,True,False,False,False,False,True,False,False,True
403,7,14,464849.7533,total,,0.4073671069,2011,2025,2025,23672,False,False,False,False,True,False,False,False,False,True,False,False,True
404,7,14,513773.3106,total,,0.3766474816,2011,2025,2025,23672,False,False,False,False,True,False,False,False,False,True,False,False,True
405,7,14,567848.3628,total,,0.3063791393,2011,2025,2025,23672,False,False,False,False,True,False,False,False,False,True,False,False,True
406,7,14,627820.7943,total,,0.2858936021,2011,2025,2025,23672,False,False,False,False,True,False,False,False,False,True,False,False,True
407,7,14,693763.2074,total,,0.3674474132,2011,2025,2025,23672,False,False,False,False,True,False,False,False,False,True,False,False,True
408,7,14,766476.1621,total,,0.3003226503,2011,2025,2025,23672,False,False,False,False,True,False,False,False,False,True,False,False,True
409,7,14,846997.764,total,,0.2264352876,2011,2025,2025,23672,False,False,False,False,True,False,False,False,False,True,False,False,True
410,7,14,935952.6614,total,,0.09195511289,2011,2025,2025,23672,False,False,False,False,True,False,False,False,False,True,False,False,True
411,7,14,1033959.642,total,,0.3429218638,2011,2025,2025,23672,False,False,False,False,True,False,False,False,False,False,True,False,True
412,7,14,1143449.648,total,,0.308710629,2011,2025,2025,23672,False,False,False,False,True,False,False,False,False,False,True,False,True
413,7,14,1264615.328,total,,0.2156120571,2011,2025,2025,23672,False,False,False,False,True,False,False,False,False,False,True,False,True
414,7,14,1397100.685,total,,0.4017839855,2011,2025,2025,23672,False,False,False,False,True,False,False,False,False,False,True,False,True
415,7,14,1544071.526,total,,0.3361894666,2011,2025,2025,23672,False,False,False,False,True,False,False,False,False,False,True,False,True
416,7,14,1706818.172,total,,0.3237225818,2011,2025,2025,23672,False,False,False,False,True,False,False,False,False,False,True,False,True
417,7,14,1886626.092,total,,0.2570691039,2011,2025,2025,23672,False,False,False,False,True,False,False,False,False,False,True,False,True
418,7,14,2084654.298,total,,0.1915113501,2011,2025,2025,23672,False,False,False,False,True,False,False,False,False,False,True,False,True
419,7,14,2301986.145,total,,0.2048825595,2011,2025,2025,23672,False,False,False,False,True,False,False,False,False,False,True,False,True
420,7,14,2542510.657,total,,0.1617983395,2011,2025,2025,23672,False,False,False,False,True,False,False,False,False,False,True,False,True
421,7,14,2828566.056,total,,0.1698854128,2011,2025,2025,23672,False,False,False,False,True,False,False,False,False,False,True,False,True
422,7,14,3109173.937,total,,0.2385478877,2011,2025,2025,23672,False,False,False,False,True,False,False,False,False,False,True,False,True
423,7,14,3436510.915,total,,0.227584833,2011,2025,2025,23672,False,False,False,False,True,False,False,False,False,False,True,False,True
424,7,14,3801063.604,total,,0.2529537444,2011,2025,2025,23672,False,False,False,False,True,False,False,False,False,False,True,False,True
425,7,14,4199988.111,total,,0.3203419728,2011,2025,2025,23672,False,False,False,False,True,False,False,False,False,False,True,False,True
426,7,14,4641917.84,total,,0.1605365563,2011,2025,2025,23672,False,False,False,False,True,False,False,False,False,False,True,False,True
427,7,14,5130244.941,total,,0.1344958558,2011,2025,2025,23672,False,False,False,False,True,False,False,False,False,False,True,False,True
428,7,14,5668437.19,total,,0.1568877685,2011,2025,2025,23672,False,False,False,False,True,False,False,False,False,False,True,False,True
429,7,14,6259321.057,total,,0.1545018774,2011,2025,2025,23672,False,False,False,False,True,False,False,False,False,False,True,False,True
430,7,14,6919696.361,total,,0.1134366026,2011,2025,2025,23672,False,False,False,False,True,False,False,False,False,False,True,False,True
431,7,14,7657307.933,total,,0.1919234242,2011,2025,2025,23672,False,False,False,False,True,False,False,False,False,False,True,False,True
432,7,14,8462077.319,total,,0.1084773811,2011,2025,2025,23672,False,False,False,False,True,False,False,False,False,False,True,False,True
433,7,14,9356381.87,total,,0.1122058851,2011,2025,2025,23672,False,False,False,False,True,False,False,False,False,False,True,False,True
434,7,14,10322509.19,total,,0.1484256671,2011,2025,2025,23672,False,False,False,False,True,False,False,False,False,False,False,True,True
435,7,14,11387338.34,total,,0.1519501778,2011,2025,2025,23672,False,False,False,False,True,False,False,False,False,False,False,True,True
436,8,16,14296852.8,np,,-1.392544977,2011,2021,2022,23779,False,False,True,False,False,False,False,False,False,False,False,True,True
437,8,17,14296852.8,np,,-1.468521083,2011,2021,2022,23779,False,False,True,False,False,False,False,False,False,False,False,True,True
438,9,19,117692.1433,inelastic,,-0.7817375807,2011,2025,2025,23674,False,False,False,False,False,False,True,False,False,True,False,False,True
439,9,19,126732.1019,inelastic,,-0.5232625973,2011,2025,2025,23674,False,False,False,False,False,False,True,False,False,True,False,False,True
440,9,19,140103.2377,inelastic,,-0.4965332998,2011,2025,2025,23674,False,False,False,False,False,False,True,False,False,True,False,False,True
441,9,19,155055.305,inelastic,,-0.490212314,2011,2025,2025,23674,False,False,False,False,False,False,True,False,False,True,False,False,True
442,9,19,171030.2217,inelastic,,-0.4075641165,2011,2025,2025,23674,False,False,False,False,False,False,True,False,False,True,False,False,True
443,9,19,188745.2015,inelastic,,-0.2349783911,2011,2025,2025,23674,False,False,False,False,False,False,True,False,False,True,False,False,True
444,9,19,208852.9255,inelastic,,0.002426005036,2011,2025,2025,23674,False,False,False,False,False,False,True,False,False,True,False,False,True
445,9,19,231174.9137,inelastic,,0.2106250669,2011,2025,2025,23674,False,False,False,False,False,False,True,False,False,True,False,False,True
446,9,19,255214.5375,inelastic,,0.3128394164,2011,2025,2025,23674,False,False,False,False,False,False,True,False,False,True,False,False,True
447,9,19,281635.8079,inelastic,,0.1771716131,2011,2025,2025,23674,False,False,False,False,False,False,True,False,False,True,False,False,True
448,9,19,311455.3671,inelastic,,-0.1042248182,2011,2025,2025,23674,False,False,False,False,False,False,True,False,False,True,False,False,True
449,9,19,344131.233,inelastic,,-0.002342266339,2011,2025,2025,23674,False,False,False,False,False,False,True,False,False,True,False,False,True
450,9,19,380998.0293,inelastic,,0.1918560553,2011,2025,2025,23674,False,False,False,False,False,False,True,False,False,True,False,False,True
451,9,19,421195.0179,inelastic,,0.1104764327,2011,2025,2025,23674,False,False,False,False,False,False,True,False,False,True,False,False,True
452,9,19,464767.6487,inelastic,,-0.0398023818,2011,2025,2025,23674,False,False,False,False,False,False,True,False,False,True,False,False,True
453,9,19,513504.2481,inelastic,,-0.1476332868,2011,2025,2025,23674,False,False,False,False,False,False,True,False,False,True,False,False,True
454,9,19,568079.7955,inelastic,,-0.2578631866,2011,2025,2025,23674,False,False,False,False,False,False,True,False,False,True,False,False,True
455,9,19,629176.1597,inelastic,,-0.3047180778,2011,2025,2025,23674,False,False,False,False,False,False,True,False,False,True,False,False,True
456,9,19,694528.913,inelastic,,-0.2295085556,2011,2025,2025,23674,False,False,False,False,False,False,True,False,False,True,False,False,True
457,9,19,767088.922,inelastic,,-0.09601441509,2011,2025,2025,23674,False,False,False,False,False,False,True,False,False,True,False,False,True
458,9,19,847473.9963,inelastic,,-0.1093076459,2011,2025,2025,23674,False,False,False,False,False,False,True,False,False,True,False,False,True
459,9,19,936426.7039,inelastic,,-0.1572651701,2011,2025,2025,23674,False,False,False,False,False,False,True,False,False,True,False,False,True
460,9,19,1034531.509,inelastic,,-0.1851234733,2011,2025,2025,23674,False,False,False,False,False,False,True,False,False,False,True,False,True
461,9,19,1142478.631,inelastic,,-0.05245818089,2011,2025,2025,23674,False,False,False,False,False,False,True,False,False,False,True,False,True
462,9,19,1260677.997,inelastic,,-0.1114664869,2011,2025,2025,23674,False,False,False,False,False,False,True,False,False,False,True,False,True
463,9,19,1389594.985,inelastic,,-0.2544390474,2011,2025,2025,23674,False,False,False,False,False,False,True,False,False,False,True,False,True
464,9,19,1539367.12,inelastic,,-0.03325876796,2011,2025,2025,23674,False,False,False,False,False,False,True,False,False,False,True,False,True
465,9,19,1702831.867,inelastic,,-0.2196464724,2011,2025,2025,23674,False,False,False,False,False,False,True,False,False,False,True,False,True
466,9,19,1880210.636,inelastic,,-0.1162054178,2011,2025,2025,23674,False,False,False,False,False,False,True,False,False,False,True,False,True
467,9,19,2086859.437,inelastic,,-0.0872576183,2011,2025,2025,23674,False,False,False,False,False,False,True,False,False,False,True,False,True
468,9,19,2310723.626,inelastic,,-0.06467036772,2011,2025,2025,23674,False,False,False,False,False,False,True,False,False,False,True,False,True
469,9,19,2551165.336,inelastic,,-0.06730635331,2011,2025,2025,23674,False,False,False,False,False,False,True,False,False,False,True,False,True
470,9,19,2805986.542,inelastic,,-0.121632188,2011,2025,2025,23674,False,False,False,False,False,False,True,False,False,False,True,False,True
471,9,19,3101534.93,inelastic,,-0.122905024,2011,2025,2025,23674,False,False,False,False,False,False,True,False,False,False,True,False,True
472,9,19,3445872.286,inelastic,,-0.08783121027,2011,2025,2025,23674,False,False,False,False,False,False,True,False,False,False,True,False,True
473,9,19,3811635.07,inelastic,,-0.1518398369,2011,2025,2025,23674,False,False,False,False,False,False,True,False,False,False,True,False,True
474,9,19,4192759.447,inelastic,,-0.1491045305,2011,2025,2025,23674,False,False,False,False,False,False,True,False,False,False,True,False,True
475,9,19,4635075.898,inelastic,,-0.1783240509,2011,2025,2025,23674,False,False,False,False,False,False,True,False,False,False,True,False,True
476,9,19,5150410.09,inelastic,,-0.180021987,2011,2025,2025,23674,False,False,False,False,False,False,True,False,False,False,True,False,True
477,9,19,5685010.34,inelastic,,-0.2261148629,2011,2025,2025,23674,False,False,False,False,False,False,True,False,False,False,True,False,True
478,9,19,6307703.815,inelastic,,-0.337052442,2011,2025,2025,23674,False,False,False,False,False,False,True,False,False,False,True,False,True
479,9,19,6940036.708,inelastic,,-0.3817084875,2011,2025,2025,23674,False,False,False,False,False,False,True,False,False,False,True,False,True
480,9,19,7674758.599,inelastic,,-0.4583861262,2011,2025,2025,23674,False,False,False,False,False,False,True,False,False,False,True,False,True
481,9,19,8530932.959,inelastic,,-0.5217640402,2011,2025,2025,23674,False,False,False,False,False,False,True,False,False,False,True,False,True
482,9,19,9385993.301,inelastic,,-0.622025091,2011,2025,2025,23674,False,False,False,False,False,False,True,False,False,False,True,False,True
483,9,19,10377156.98,inelastic,,-0.7219464056,2011,2025,2025,23674,False,False,False,False,False,False,True,False,False,False,False,True,True
484,9,19,11535153.04,inelastic,,-0.8490185424,2011,2025,2025,23674,False,False,False,False,False,False,True,False,False,False,False,True,True
485,9,19,12654018.56,inelastic,,-0.9770502112,2011,2025,2025,23674,False,False,False,False,False,False,True,False,False,False,False,True,True
486,9,19,13949890.29,inelastic,,-1.033229426,2011,2025,2025,23674,False,False,False,False,False,False,True,False,False,False,False,True,True
487,9,19,15451782.49,inelastic,,-1.233584178,2011,2025,2025,23674,False,False,False,False,False,False,True,False,False,False,False,True,True
488,9,19,16839333.41,inelastic,,-1.273971646,2011,2025,2025,23674,False,False,False,False,False,False,True,False,False,False,False,True,True
489,9,19,18005300,inelastic,,-1.353737467,2011,2025,2025,23674,False,False,False,False,False,False,True,False,False,False,False,True,True
490,9,19,17500000,n2n,,-0.9788107009,2011,2022,2021,31842,False,True,False,False,False,False,False,False,False,False,False,True,True
491,9,19,4198014.681,na,,-1.250890936,2011,2013,2013,41572,False,False,False,True,False,False,False,False,False,False,True,False,True
492,9,19,4648207.007,na,,-1.076312815,2011,2013,2013,41572,False,False,False,True,False,False,False,False,False,False,True,False,True
493,9,19,5116315.949,na,,-1.124497428,2011,2013,2013,41572,False,False,False,True,False,False,False,False,False,False,True,False,True
494,9,19,5712801.32,na,,-1.033919308,2011,2013,2013,41572,False,False,False,True,False,False,False,False,False,False,True,False,True
495,9,19,6272625.009,na,,-0.9720696824,2011,2013,2013,41572,False,False,False,True,False,False,False,False,False,False,True,False,True
496,9,19,6922065.185,na,,-0.7740799597,2011,2013,2013,41572,False,False,False,True,False,False,False,False,False,False,True,False,True
497,9,19,7324957.338,na,,-0.7136221325,2011,2013,2013,41572,False,False,False,True,False,False,False,False,False,False,True,False,True
498,9,19,14100000,total,,0.318063335,2011,2020,2020,31807,False,False,False,False,True,False,False,False,False,False,False,True,True
499,11,23,14920000,capture,,-3.537602002,2011,2020,2020,33150,True,False,False,False,False,False,False,False,False,False,False,True,True
500,11,23,17500000,n2n,,-1.022276395,2011,2022,2021,31842,False,True,False,False,False,False,False,False,False,False,False,True,True
501,11,23,18500000,n2n,,-1.060480747,2011,2025,2024,31859,False,True,False,False,False,False,False,False,False,False,False,True,True
502,11,23,14075212.23,n2n,,-1.726960126,2011,2016,2016,41614,False,True,False,False,False,False,False,False,False,False,False,True,True
503,11,23,14780000,n2n,,-1.42365865,2011,2016,2016,41614,False,True,False,False,False,False,False,False,False,False,False,True,True
504,12,24,1450777.381,inelastic,,-2.415768464,2011,2014,2014,23258,False,False,False,False,False,False,True,False,False,False,True,False,True
505,12,24,1543662.009,inelastic,,-0.7409543581,2011,2014,2014,23258,False,False,False,False,False,False,True,False,False,False,True,False,True
506,12,24,1705621.713,inelastic,,-0.7539885375,2011,2014,2014,23258,False,False,False,False,False,False,True,False,False,False,True,False,True
507,12,24,1885859.857,inelastic,,-0.6285816716,2011,2014,2014,23258,False,False,False,False,False,False,True,False,False,False,True,False,True
508,12,24,2084245.792,inelastic,,-0.3950314531,2011,2014,2014,23258,False,False,False,False,False,False,True,False,False,False,True,False,True
509,12,24,2304067.21,inelastic,,-0.233975827,2011,2014,2014,23258,False,False,False,False,False,False,True,False,False,False,True,False,True
510,12,24,2547062.804,inelastic,,-0.2042105619,2011,2014,2014,23258,False,False,False,False,False,False,True,False,False,False,True,False,True
511,12,24,2814961.236,inelastic,,-0.328748907,2011,2014,2014,23258,False,False,False,False,False,False,True,False,False,False,True,False,True
512,12,24,3109204.097,inelastic,,-0.2648865694,2011,2014,2014,23258,False,False,False,False,False,False,True,False,False,False,True,False,True
513,12,24,3435283.078,inelastic,,-0.2427257656,2011,2014,2014,23258,False,False,False,False,False,False,True,False,False,False,True,False,True
514,12,24,3795765.969,inelastic,,-0.1862123415,2011,2014,2014,23258,False,False,False,False,False,False,True,False,False,False,True,False,True
515,12,24,4193406.978,inelastic,,-0.2434950612,2011,2014,2014,23258,False,False,False,False,False,False,True,False,False,False,True,False,True
516,12,24,4637084.893,inelastic,,0.004659672259,2011,2014,2014,23258,False,False,False,False,False,False,True,False,False,False,True,False,True
517,12,24,5124272.953,inelastic,,-0.04373530809,2011,2014,2014,23258,False,False,False,False,False,False,True,False,False,False,True,False,True
518,12,24,5665763.69,inelastic,,-0.03734047191,2011,2014,2014,23258,False,False,False,False,False,False,True,False,False,False,True,False,True
519,12,24,6266599.248,inelastic,,-0.1456407325,2011,2014,2014,23258,False,False,False,False,False,False,True,False,False,False,True,False,True
520,12,24,6919921.967,inelastic,,-0.1065406497,2011,2014,2014,23258,False,False,False,False,False,False,True,False,False,False,True,False,True
521,12,24,7639153.248,inelastic,,-0.1623803515,2011,2014,2014,23258,False,False,False,False,False,False,True,False,False,False,True,False,True
522,12,24,8444335.744,inelastic,,-0.2176851243,2011,2014,2014,23258,False,False,False,False,False,False,True,False,False,False,True,False,True
523,12,24,9346278.095,inelastic,,-0.2438944657,2011,2014,2014,23258,False,False,False,False,False,False,True,False,False,False,True,False,True
524,12,24,10334569.56,inelastic,,-0.2313985713,2011,2014,2014,23258,False,False,False,False,False,False,True,False,False,False,False,True,True
525,12,24,11411832.57,inelastic,,-0.2519491922,2011,2014,2014,23258,False,False,False,False,False,False,True,False,False,False,False,True,True
526,12,24,12607815.47,inelastic,,-0.2727617782,2011,2014,2014,23258,False,False,False,False,False,False,True,False,False,False,False,True,True
527,12,24,13933698.09,inelastic,,-0.3464946775,2011,2014,2014,23258,False,False,False,False,False,False,True,False,False,False,False,True,True
528,12,24,15400715.62,inelastic,,-0.3990516239,2011,2014,2014,23258,False,False,False,False,False,False,True,False,False,False,False,True,True
529,12,24,17019785.12,inelastic,,-0.5418299303,2011,2014,2014,23258,False,False,False,False,False,False,True,False,False,False,False,True,True
530,12,24,14050000,np,,-0.7328282716,2011,2023,2023,31858,False,False,True,False,False,False,False,False,False,False,False,True,True
531,12,25,4000000,na,,-1.65130581,2011,2018,2019,32783,False,False,False,True,False,False,False,False,False,False,True,False,True
532,12,25,4500000,na,,-1.573326112,2011,2018,2019,32783,False,False,False,True,False,False,False,False,False,False,True,False,True
533,12,25,5000000,na,,-1.532984182,2011,2018,2019,32783,False,False,False,True,False,False,False,False,False,False,True,False,True
534,12,25,5500000,na,,-1.426316307,2011,2018,2019,32783,False,False,False,True,False,False,False,False,False,False,True,False,True
535,12,25,6000000,na,,-1.403842919,2011,2018,2019,32783,False,False,False,True,False,False,False,False,False,False,True,False,True
536,12,26,14096954.74,na,,-1.286719515,2011,2016,2016,41614,False,False,False,True,False,False,False,False,False,False,False,True,True
537,12,26,14784857.12,na,,-1.27083521,2011,2016,2016,41614,False,False,False,True,False,False,False,False,False,False,False,True,True
538,13,26,83212.7995,na,,-1.365976406,2011,2021,2021,23752,False,False,False,True,False,False,False,False,True,False,False,False,False
539,13,26,93893.76976,na,,-0.9399635459,2011,2021,2021,23752,False,False,False,True,False,False,False,False,True,False,False,False,False
540,13,26,104109.093,na,,-0.9705891643,2011,2021,2021,23752,False,False,False,True,False,False,False,False,False,True,False,False,True
541,13,26,115487.1631,na,,-1.136260893,2011,2021,2021,23752,False,False,False,True,False,False,False,False,False,True,False,False,True
542,13,26,128099.0632,na,,-1.113546878,2011,2021,2021,23752,False,False,False,True,False,False,False,False,False,True,False,False,True
543,13,26,142060.3477,na,,-0.7296783714,2011,2021,2021,23752,False,False,False,True,False,False,False,False,False,True,False,False,True
544,13,26,154901.9044,na,,-0.9351490772,2011,2021,2021,23752,False,False,False,True,False,False,False,False,False,True,False,False,True
545,13,27,14134058.99,n2n,,-2.062195634,2011,2024,2025,32935,False,True,False,False,False,False,False,False,False,False,False,True,True
546,13,27,14854898.18,n2n,,-1.469800302,2011,2024,2025,32935,False,True,False,False,False,False,False,False,False,False,False,True,True
547,13,27,17500000,na,,-1.200659451,2011,2022,2021,31842,False,False,False,True,False,False,False,False,False,False,False,True,True
548,13,27,19800000,na,,-1.455931956,2011,2022,2021,31842,False,False,False,True,False,False,False,False,False,False,False,True,True
549,13,27,17500000,np,,-1.602059991,2011,2022,2021,31842,False,False,True,False,False,False,False,False,False,False,False,True,True
550,13,27,19800000,np,,-1.721246399,2011,2022,2021,31842,False,False,True,False,False,False,False,False,False,False,False,True,True
551,13,27,18500000,np,,-1.585026652,2011,2025,2024,31859,False,False,True,False,False,False,False,False,False,False,False,True,True
552,13,27,14048944.67,np,,-1.135150024,2011,2016,2016,41614,False,False,True,False,False,False,False,False,False,False,False,True,True
553,13,27,14810000,np,,-1.193820026,2011,2016,2016,41614,False,False,True,False,False,False,False,False,False,False,False,True,True
554,13,27,14100000,total,,0.2430380487,2011,2021,2022,31847,False,False,False,False,True,False,False,False,False,False,False,True,True
555,13,27,5745576.404,total,,0.3327327714,2011,2021,2024,32852,False,False,False,False,True,False,False,False,False,False,True,False,True
556,13,27,6297884.092,total,,0.3311913569,2011,2021,2024,32852,False,False,False,False,True,False,False,False,False,False,True,False,True
557,13,27,6905211.744,total,,0.3065215267,2011,2021,2024,32852,False,False,False,False,True,False,False,False,False,False,True,False,True
558,13,27,7657863.751,total,,0.2794821471,2011,2021,2024,32852,False,False,False,False,True,False,False,False,False,False,True,False,True
559,13,27,8494760.14,total,,0.2456933806,2011,2021,2024,32852,False,False,False,False,True,False,False,False,False,False,True,False,True
560,13,27,9314456.506,total,,0.241814719,2011,2021,2024,32852,False,False,False,False,True,False,False,False,False,False,True,False,True
561,13,27,10328590.86,total,,0.2194226179,2011,2021,2024,32852,False,False,False,False,True,False,False,False,False,False,False,True,True
562,13,27,11471008.28,total,,0.2441478031,2011,2021,2024,32852,False,False,False,False,True,False,False,False,False,False,False,True,True
563,13,27,12545516.1,total,,0.2755618368,2011,2021,2024,32852,False,False,False,False,True,False,False,False,False,False,False,True,True
564,13,27,13932172.68,total,,0.2700738957,2011,2021,2024,32852,False,False,False,False,True,False,False,False,False,False,False,True,True
565,13,27,15444738.87,total,,0.2801456814,2011,2021,2024,32852,False,False,False,False,True,False,False,False,False,False,False,True,True
566,13,27,16945204.8,total,,0.282505991,2011,2021,2024,32852,False,False,False,False,True,False,False,False,False,False,False,True,True
567,13,27,18810620.7,total,,0.2648631383,2011,2021,2024,32852,False,False,False,False,True,False,False,False,False,False,False,True,True
568,13,27,5745576.404,total,,0.323717093,2011,2021,2024,32852,False,False,False,False,True,False,False,False,False,False,True,False,True
569,13,27,6297884.092,total,,0.3186762388,2011,2021,2024,32852,False,False,False,False,True,False,False,False,False,False,True,False,True
570,13,27,6905211.744,total,,0.2969135225,2011,2021,2024,32852,False,False,False,False,True,False,False,False,False,False,True,False,True
571,13,27,7657863.751,total,,0.2742562474,2011,2021,2024,32852,False,False,False,False,True,False,False,False,False,False,True,False,True
572,13,27,8494760.14,total,,0.2416286501,2011,2021,2024,32852,False,False,False,False,True,False,False,False,False,False,True,False,True
573,13,27,9314456.506,total,,0.2351116272,2011,2021,2024,32852,False,False,False,False,True,False,False,False,False,False,True,False,True
574,13,27,10328590.86,total,,0.2307451624,2011,2021,2024,32852,False,False,False,False,True,False,False,False,False,False,False,True,True
575,13,27,11471008.28,total,,0.2416292725,2011,2021,2024,32852,False,False,False,False,True,False,False,False,False,False,False,True,True
576,13,27,12545516.1,total,,0.2715947782,2011,2021,2024,32852,False,False,False,False,True,False,False,False,False,False,False,True,True
577,13,27,13932172.68,total,,0.2716176665,2011,2021,2024,32852,False,False,False,False,True,False,False,False,False,False,False,True,True
578,13,27,15444738.87,total,,0.281475395,2011,2021,2024,32852,False,False,False,False,True,False,False,False,False,False,False,True,True
579,13,27,16945204.8,total,,0.2884957105,2011,2021,2024,32852,False,False,False,False,True,False,False,False,False,False,False,True,True
580,13,27,18810620.7,total,,0.2665661111,2011,2021,2024,32852,False,False,False,False,True,False,False,False,False,False,False,True,True
581,13,27,5752277.359,total,,0.2973161439,2011,2021,2024,32852,False,False,False,False,True,False,False,False,False,False,True,False,True
582,13,27,6232920.238,total,,0.3354468677,2011,2021,2024,32852,False,False,False,False,True,False,False,False,False,False,True,False,True
583,13,27,6916298.202,total,,0.274617773,2011,2021,2024,32852,False,False,False,False,True,False,False,False,False,False,True,False,True
584,13,27,7669947.819,total,,0.261562607,2011,2021,2024,32852,False,False,False,False,True,False,False,False,False,False,True,False,True
585,13,27,8412204.487,total,,0.2329389626,2011,2021,2024,32852,False,False,False,False,True,False,False,False,False,False,True,False,True
586,13,27,9331048.017,total,,0.2161833265,2011,2021,2024,32852,False,False,False,False,True,False,False,False,False,False,True,False,True
587,13,27,10346496.43,total,,0.2274933487,2011,2021,2024,32852,False,False,False,False,True,False,False,False,False,False,False,True,True
588,13,27,11346805.29,total,,0.2516114564,2011,2021,2024,32852,False,False,False,False,True,False,False,False,False,False,False,True,True
589,13,27,12592852.28,total,,0.2726240248,2011,2021,2024,32852,False,False,False,False,True,False,False,False,False,False,False,True,True
590,13,27,13945966.41,total,,0.2821835191,2011,2021,2024,32852,False,False,False,False,True,False,False,False,False,False,False,True,True
591,13,27,15295259.93,total,,0.277000317,2011,2021,2024,32852,False,False,False,False,True,False,False,False,False,False,False,True,True
592,13,27,16990581.97,total,,0.2780334468,2011,2021,2024,32852,False,False,False,False,True,False,False,False,False,False,False,True,True
593,13,27,18818852.41,total,,0.2643023826,2011,2021,2024,32852,False,False,False,False,True,False,False,False,False,False,False,True,True
594,13,27,19900000,total,,0.2498047228,2011,2021,2024,32852,False,False,False,False,True,False,False,False,False,False,False,True,True
595,13,27,5752277.359,total,,0.3107860369,2011,2021,2024,32852,False,False,False,False,True,False,False,False,False,False,True,False,True
596,13,27,6232920.238,total,,0.327680704,2011,2021,2024,32852,False,False,False,False,True,False,False,False,False,False,True,False,True
597,13,27,6916298.202,total,,0.2800713977,2011,2021,2024,32852,False,False,False,False,True,False,False,False,False,False,True,False,True
598,13,27,7669947.819,total,,0.2539979125,2011,2021,2024,32852,False,False,False,False,True,False,False,False,False,False,True,False,True
599,13,27,8412204.487,total,,0.2322303409,2011,2021,2024,32852,False,False,False,False,True,False,False,False,False,False,True,False,True
600,13,27,9331048.017,total,,0.2208191207,2011,2021,2024,32852,False,False,False,False,True,False,False,False,False,False,True,False,True
601,13,27,10346496.43,total,,0.2259150618,2011,2021,2024,32852,False,False,False,False,True,False,False,False,False,False,False,True,True
602,13,27,11346805.29,total,,0.2549050089,2011,2021,2024,32852,False,False,False,False,True,False,False,False,False,False,False,True,True
603,13,27,12592852.28,total,,0.2758275931,2011,2021,2024,32852,False,False,False,False,True,False,False,False,False,False,False,True,True
604,13,27,13945966.41,total,,0.2822356749,2011,2021,2024,32852,False,False,False,False,True,False,False,False,False,False,False,True,True
605,13,27,15295259.93,total,,0.2773174859,2011,2021,2024,32852,False,False,False,False,True,False,False,False,False,False,False,True,True
606,13,27,16990581.97,total,,0.271842071,2011,2021,2024,32852,False,False,False,False,True,False,False,False,False,False,False,True,True
607,13,27,18818852.41,total,,0.2638466563,2011,2021,2024,32852,False,False,False,False,True,False,False,False,False,False,False,True,True
608,13,27,19900000,total,,0.2578752825,2011,2021,2024,32852,False,False,False,False,True,False,False,False,False,False,False,True,True
609,14,28,14053361.84,np,,-0.5662301661,2011,2016,2016,41614,False,False,True,False,False,False,False,False,False,False,False,True,True
610,14,28,14810000,np,,-0.6575773192,2011,2016,2016,41614,False,False,True,False,False,False,False,False,False,False,False,True,True
611,14,30,14014073.73,na,,-1.185530429,2011,2016,2016,41614,False,False,False,True,False,False,False,False,False,False,False,True,True
612,14,30,14810000,na,,-1.150580586,2011,2016,2016,41614,False,False,False,True,False,False,False,False,False,False,False,True,True
613,17,35,2740000,na,,-2.377785977,2011,2019,2019,14556,False,False,False,True,False,False,False,False,False,False,True,False,True
614,17,35,2420000,na,,-2.920818754,2011,2019,2019,14556,False,False,False,True,False,False,False,False,False,False,True,False,True
615,17,35,2579534.8,na,,-2.303934986,2011,2019,2019,14556,False,False,False,True,False,False,False,False,False,False,True,False,True
616,17,35,2420000,na,,-2.853871964,2011,2019,2019,14556,False,False,False,True,False,False,False,False,False,False,True,False,True
617,17,35,2579534.8,na,,-2.350016456,2011,2019,2019,14556,False,False,False,True,False,False,False,False,False,False,True,False,True
618,17,35,2849561.37,na,,-1.740645073,2011,2024,2024,14840,False,False,False,True,False,False,False,False,False,False,True,False,True
619,17,35,3098924.358,na,,-1.487360067,2011,2024,2024,14840,False,False,False,True,False,False,False,False,False,False,True,False,True
620,17,35,3448187.32,na,,-1.223898382,2011,2024,2024,14840,False,False,False,True,False,False,False,False,False,False,True,False,True
621,17,35,3798683.983,na,,-1.087060913,2011,2024,2024,14840,False,False,False,True,False,False,False,False,False,False,True,False,True
622,17,35,4198809.355,na,,-0.9098830892,2011,2024,2024,14840,False,False,False,True,False,False,False,False,False,False,True,False,True
623,17,35,4598912.915,na,,-0.8583151127,2011,2024,2024,14840,False,False,False,True,False,False,False,False,False,False,True,False,True
624,17,35,5097384.28,na,,-0.7966950839,2011,2024,2024,14840,False,False,False,True,False,False,False,False,False,False,True,False,True
625,17,35,5623610.94,na,,-0.7395469824,2011,2024,2024,14840,False,False,False,True,False,False,False,False,False,False,True,False,True
626,17,35,6198185.218,na,,-0.739225243,2011,2024,2024,14840,False,False,False,True,False,False,False,False,False,False,True,False,True
627,17,35,6945680.77,na,,-0.734663222,2011,2024,2024,14840,False,False,False,True,False,False,False,False,False,False,True,False,True
628,17,35,7698538.822,na,,-0.7275317895,2011,2024,2024,14840,False,False,False,True,False,False,False,False,False,False,True,False,True
629,17,35,8496322.734,na,,-0.7336154096,2011,2024,2024,14840,False,False,False,True,False,False,False,False,False,False,True,False,True
630,17,35,9496709.957,na,,-0.7478875992,2011,2024,2024,14840,False,False,False,True,False,False,False,False,False,False,True,False,True
631,17,35,10497023.39,na,,-0.7493238883,2011,2024,2024,14840,False,False,False,True,False,False,False,False,False,False,False,True,True
632,17,35,11497282.29,na,,-0.7349933943,2011,2024,2024,14840,False,False,False,True,False,False,False,False,False,False,False,True,True
633,17,35,12250000,na,,-0.7567138539,2011,2024,2024,14840,False,False,False,True,False,False,False,False,False,False,False,True,True
634,17,35,2025000,na,,-2.954677021,2011,2024,2024,14840,False,False,False,True,False,False,False,False,False,False,True,False,True
635,17,35,2275000,na,,-2.583359493,2011,2024,2024,14840,False,False,False,True,False,False,False,False,False,False,True,False,True
636,17,35,2525000,na,,-2.140861703,2011,2024,2024,14840,False,False,False,True,False,False,False,False,False,False,True,False,True
637,17,35,2775000,na,,-1.782252927,2011,2024,2024,14840,False,False,False,True,False,False,False,False,False,False,True,False,True
638,17,35,3025000,na,,-1.561457651,2011,2024,2024,14840,False,False,False,True,False,False,False,False,False,False,True,False,True
639,17,35,3397701.429,na,,-1.255198681,2011,2024,2024,14840,False,False,False,True,False,False,False,False,False,False,True,False,True
640,17,35,3775000,na,,-1.076496933,2011,2024,2024,14840,False,False,False,True,False,False,False,False,False,False,True,False,True
641,17,35,4148117.043,na,,-0.9024130155,2011,2024,2024,14840,False,False,False,True,False,False,False,False,False,False,True,False,True
642,17,35,4648319.589,na,,-0.7859645857,2011,2024,2024,14840,False,False,False,True,False,False,False,False,False,False,True,False,True
643,17,35,5148482.786,na,,-0.7307790185,2011,2024,2024,14840,False,False,False,True,False,False,False,False,False,False,True,False,True
644,17,35,5648617.087,na,,-0.6936822189,2011,2024,2024,14840,False,False,False,True,False,False,False,False,False,False,True,False,True
645,17,35,6271678.189,na,,-0.7066374453,2011,2024,2024,14840,False,False,False,True,False,False,False,False,False,False,True,False,True
646,17,35,7022033.148,na,,-0.7170231053,2011,2024,2024,14840,False,False,False,True,False,False,False,False,False,False,True,False,True
647,17,35,7772319.548,na,,-0.7108199702,2011,2024,2024,14840,False,False,False,True,False,False,False,False,False,False,True,False,True
648,17,35,8522555.506,na,,-0.7054676427,2011,2024,2024,14840,False,False,False,True,False,False,False,False,False,False,True,False,True
649,17,35,9395842.319,na,,-0.6910729366,2011,2024,2024,14840,False,False,False,True,False,False,False,False,False,False,True,False,True
650,17,35,10025000,na,,-0.7109687649,2011,2024,2024,14840,False,False,False,True,False,False,False,False,False,False,False,True,True
651,17,35,3300000,na,,-1.360513511,2011,2021,2021,41744,False,False,False,True,False,False,False,False,False,False,True,False,True
652,17,35,3900000,na,,-1.255707017,2011,2021,2021,41744,False,False,False,True,False,False,False,False,False,False,True,False,True
653,17,35,4300000,na,,-1.129011186,2011,2021,2021,41744,False,False,False,True,False,False,False,False,False,False,True,False,True
654,17,35,4647580.015,na,,-1.026410377,2011,2021,2021,41744,False,False,False,True,False,False,False,False,False,False,True,False,True
655,17,35,5131827.11,na,,-0.969063119,2011,2021,2021,41744,False,False,False,True,False,False,False,False,False,False,True,False,True
656,17,35,2740000,np,,-1.548981548,2011,2019,2019,14556,False,False,True,False,False,False,False,False,False,False,True,False,True
657,17,35,2420000,np,,-1.779891912,2011,2019,2019,14556,False,False,True,False,False,False,False,False,False,False,True,False,True
658,17,35,2579534.8,np,,-1.395413985,2011,2019,2019,14556,False,False,True,False,False,False,False,False,False,False,True,False,True
659,17,35,2740000,np,,-1.501689446,2011,2019,2019,14556,False,False,True,False,False,False,False,False,False,False,True,False,True
660,17,35,2420000,np,,-1.707743929,2011,2019,2019,14556,False,False,True,False,False,False,False,False,False,False,True,False,True
661,17,35,2579534.8,np,,-1.415668776,2011,2019,2019,14556,False,False,True,False,False,False,False,False,False,False,True,False,True
662,17,35,2740000,np,,-1.48945499,2011,2019,2019,14556,False,False,True,False,False,False,False,False,False,False,True,False,True
663,17,35,321930.0978,np,,-2.1837587,2011,2024,2024,14840,False,False,True,False,False,False,False,False,False,True,False,False,True
664,17,35,337475.1089,np,,-1.755139969,2011,2024,2024,14840,False,False,True,False,False,False,False,False,False,True,False,False,True
665,17,35,376968.9475,np,,-2.214966916,2011,2024,2024,14840,False,False,True,False,False,False,False,False,False,True,False,False,True
666,17,35,418042.9895,np,,-2.490430933,2011,2024,2024,14840,False,False,True,False,False,False,False,False,False,True,False,False,True
667,17,35,468103.6712,np,,-2.120808514,2011,2024,2024,14840,False,False,True,False,False,False,False,False,False,True,False,False,True
668,17,35,514126.92,np,,-1.905478961,2011,2024,2024,14840,False,False,True,False,False,False,False,False,False,True,False,False,True
669,17,35,570111.5698,np,,-2.452225295,2011,2024,2024,14840,False,False,True,False,False,False,False,False,False,True,False,False,True
670,17,35,628704.5718,np,,-1.893701719,2011,2024,2024,14840,False,False,True,False,False,False,False,False,False,True,False,False,True
671,17,35,695093.3912,np,,-1.738089808,2011,2024,2024,14840,False,False,True,False,False,False,False,False,False,True,False,False,True
672,17,35,768037.566,np,,-1.586611473,2011,2024,2024,14840,False,False,True,False,False,False,False,False,False,True,False,False,True
673,17,35,847909.9869,np,,-1.487515724,2011,2024,2024,14840,False,False,True,False,False,False,False,False,False,True,False,False,True
674,17,35,934842.8664,np,,-1.549114803,2011,2024,2024,14840,False,False,True,False,False,False,False,False,False,True,False,False,True
675,17,35,1032396.251,np,,-1.348799546,2011,2024,2024,14840,False,False,True,False,False,False,False,False,False,False,True,False,True
676,17,35,1141948.337,np,,-1.310843418,2011,2024,2024,14840,False,False,True,False,False,False,False,False,False,False,True,False,True
677,17,35,1265198.072,np,,-1.420232731,2011,2024,2024,14840,False,False,True,False,False,False,False,False,False,False,True,False,True
678,17,35,1398346.979,np,,-1.325866353,2011,2024,2024,14840,False,False,True,False,False,False,False,False,False,False,True,False,True
679,17,35,1540951.511,np,,-1.150467983,2011,2024,2024,14840,False,False,True,False,False,False,False,False,False,False,True,False,True
680,17,35,1706541.653,np,,-1.155735156,2011,2024,2024,14840,False,False,True,False,False,False,False,False,False,False,True,False,True
681,17,35,1891591.785,np,,-1.055476951,2011,2024,2024,14840,False,False,True,False,False,False,False,False,False,False,True,False,True
682,17,35,2088166.971,np,,-1.076119,2011,2024,2024,14840,False,False,True,False,False,False,False,False,False,False,True,False,True
683,17,35,2305450.115,np,,-1.149402771,2011,2024,2024,14840,False,False,True,False,False,False,False,False,False,False,True,False,True
684,17,35,2544813.04,np,,-0.9611414984,2011,2024,2024,14840,False,False,True,False,False,False,False,False,False,False,True,False,True
685,17,35,2807890.936,np,,-0.8953460011,2011,2024,2024,14840,False,False,True,False,False,False,False,False,False,False,True,False,True
686,17,35,3114031.841,np,,-0.8599670845,2011,2024,2024,14840,False,False,True,False,False,False,False,False,False,False,True,False,True
687,17,35,3451500.337,np,,-0.7860176504,2011,2024,2024,14840,False,False,True,False,False,False,False,False,False,False,True,False,True
688,17,35,3768482.928,np,,-0.8280571841,2011,2024,2024,14840,False,False,True,False,False,False,False,False,False,False,True,False,True
689,17,35,4186088.908,np,,-0.7586693922,2011,2024,2024,14840,False,False,True,False,False,False,False,False,False,False,True,False,True
690,17,35,4622894.156,np,,-0.7044329,2011,2024,2024,14840,False,False,True,False,False,False,False,False,False,False,True,False,True
691,17,35,5123099.787,np,,-0.6872938544,2011,2024,2024,14840,False,False,True,False,False,False,False,False,False,False,True,False,True
692,17,35,5684851.374,np,,-0.6862888164,2011,2024,2024,14840,False,False,True,False,False,False,False,False,False,False,True,False,True
693,17,35,6309923.371,np,,-0.7144201893,2011,2024,2024,14840,False,False,True,False,False,False,False,False,False,False,True,False,True
694,17,35,6873583.742,np,,-0.7142402175,2011,2024,2024,14840,False,False,True,False,False,False,False,False,False,False,True,False,True
695,18,40,5460000,capture,,-3.431798276,2011,2014,2014,14398,True,False,False,False,False,False,False,False,False,False,True,False,True
696,18,40,6000000,capture,,-3.443697499,2011,2014,2014,14398,True,False,False,False,False,False,False,False,False,False,True,False,True
697,18,40,7040000,capture,,-3.508638306,2011,2014,2014,14398,True,False,False,False,False,False,False,False,False,False,True,False,True
698,18,40,14800000,capture,,-3.346787486,2011,2014,2014,14398,True,False,False,False,False,False,False,False,False,False,False,True,True
699,18,40,9370000,np,,-2.747146969,2011,2012,2012,14326,False,False,True,False,False,False,False,False,False,False,True,False,True
700,18,40,10112032.44,np,,-2.446723954,2011,2012,2012,14326,False,False,True,False,False,False,False,False,False,False,False,True,True
701,18,40,11349467.94,np,,-2.110698297,2011,2012,2012,14326,False,False,True,False,False,False,False,False,False,False,False,True,True
702,18,40,12592616.88,np,,-1.896709528,2011,2012,2012,14326,False,False,True,False,False,False,False,False,False,False,False,True,True
703,18,40,13830759.73,np,,-1.689023621,2011,2012,2012,14326,False,False,True,False,False,False,False,False,False,False,False,True,True
704,18,40,14830000,np,,-1.555018888,2011,2012,2012,14326,False,False,True,False,False,False,False,False,False,False,False,True,True
705,19,41,14920000,na,,-1.600499339,2011,2022,2021,33163,False,False,False,True,False,False,False,False,False,False,False,True,True
706,19,41,13962533.5,na,,-1.477990713,2011,2016,2016,41614,False,False,False,True,False,False,False,False,False,False,False,True,True
707,19,41,14754694.17,na,,-1.544393887,2011,2016,2016,41614,False,False,False,True,False,False,False,False,False,False,False,True,True
708,19,41,14920000,np,,-1.376337293,2011,2020,2020,33150,False,False,True,False,False,False,False,False,False,False,False,True,True
709,19,41,13962533.5,np,,-1.27764034,2011,2016,2016,41614,False,False,True,False,False,False,False,False,False,False,False,True,True
710,19,41,14754694.17,np,,-1.315154638,2011,2016,2016,41614,False,False,True,False,False,False,False,False,False,False,False,True,True
711,21,45,13796738.75,n2n,,-0.6706021206,2011,2013,2014,32712,False,True,False,False,False,False,False,False,False,False,False,True,True
712,21,45,14800000,n2n,,-0.4948500217,2011,2013,2014,32712,False,True,False,False,False,False,False,False,False,False,False,True,True
713,22,46,14050000,np,,-0.5670307091,2011,2023,2023,31858,False,False,True,False,False,False,False,False,False,False,False,True,True
714,22,47,4000000,na,,-2.086186148,2011,2018,2018,41653,False,False,False,True,False,False,False,False,False,False,True,False,True
715,22,47,5000000,na,,-1.714442691,2011,2018,2018,41653,False,False,False,True,False,False,False,False,False,False,True,False,True
716,22,47,6000000,na,,-1.48148606,2011,2018,2018,41653,False,False,False,True,False,False,False,False,False,False,True,False,True
717,22,47,2760000,np,,-1.586700236,2011,2017,2026,14484,False,False,True,False,False,False,False,False,False,False,True,False,True
718,22,47,2760000,np,,-1.573488739,2011,2017,2026,14484,False,False,True,False,False,False,False,False,False,False,True,False,True
719,22,48,1053795.247,inelastic,,-0.7719555389,2011,2017,2017,23346,False,False,False,False,False,False,True,False,False,False,True,False,True
720,22,48,1137586.834,inelastic,,-0.4506202673,2011,2017,2017,23346,False,False,False,False,False,False,True,False,False,False,True,False,True
721,22,48,1259301.677,inelastic,,-0.377316843,2011,2017,2017,23346,False,False,False,False,False,False,True,False,False,False,True,False,True
722,22,48,1390622.841,inelastic,,-0.2417716123,2011,2017,2017,23346,False,False,False,False,False,False,True,False,False,False,True,False,True
723,22,48,1543845.034,inelastic,,-0.254584111,2011,2017,2017,23346,False,False,False,False,False,False,True,False,False,False,True,False,True
724,22,48,1708574.168,inelastic,,-0.1708433331,2011,2017,2017,23346,False,False,False,False,False,False,True,False,False,False,True,False,True
725,22,48,1884318.036,inelastic,,-0.09419638692,2011,2017,2017,23346,False,False,False,False,False,False,True,False,False,False,True,False,True
726,22,48,2088341.341,inelastic,,-0.1131698682,2011,2017,2017,23346,False,False,False,False,False,False,True,False,False,False,True,False,True
727,22,48,2304223.624,inelastic,,-0.05300353762,2011,2017,2017,23346,False,False,False,False,False,False,True,False,False,False,True,False,True
728,22,48,2555447.604,inelastic,,0.02073590722,2011,2017,2017,23346,False,False,False,False,False,False,True,False,False,False,True,False,True
729,22,48,2818210.452,inelastic,,0.02006177313,2011,2017,2017,23346,False,False,False,False,False,False,True,False,False,False,True,False,True
730,22,48,3087674.229,inelastic,,0.06396632179,2011,2017,2017,23346,False,False,False,False,False,False,True,False,False,False,True,False,True
731,22,48,3397798.844,inelastic,,0.07590902662,2011,2017,2017,23346,False,False,False,False,False,False,True,False,False,False,True,False,True
732,22,48,3757214.896,inelastic,,0.1033349772,2011,2017,2017,23346,False,False,False,False,False,False,True,False,False,False,True,False,True
733,22,48,4176978.962,inelastic,,0.1163104759,2011,2017,2017,23346,False,False,False,False,False,False,True,False,False,False,True,False,True
734,22,48,4604399.598,inelastic,,0.1135188726,2011,2017,2017,23346,False,False,False,False,False,False,True,False,False,False,True,False,True
735,22,48,5102441.353,inelastic,,0.1169363288,2011,2017,2017,23346,False,False,False,False,False,False,True,False,False,False,True,False,True
736,22,48,5684573.091,inelastic,,0.1131553399,2011,2017,2017,23346,False,False,False,False,False,False,True,False,False,False,True,False,True
737,22,48,6267753.419,inelastic,,0.1050512365,2011,2017,2017,23346,False,False,False,False,False,False,True,False,False,False,True,False,True
738,22,48,6945886.186,inelastic,,0.1132267323,2011,2017,2017,23346,False,False,False,False,False,False,True,False,False,False,True,False,True
739,22,48,7740869.272,inelastic,,0.1180507787,2011,2017,2017,23346,False,False,False,False,False,False,True,False,False,False,True,False,True
740,22,48,8511627.971,inelastic,,0.1265437425,2011,2017,2017,23346,False,False,False,False,False,False,True,False,False,False,True,False,True
741,22,48,9407339.748,inelastic,,0.1250375274,2011,2017,2017,23346,False,False,False,False,False,False,True,False,False,False,True,False,True
742,22,48,10449233.98,inelastic,,0.1209406236,2011,2017,2017,23346,False,False,False,False,False,False,True,False,False,False,False,True,True
743,22,48,11415282.55,inelastic,,0.1156038558,2011,2017,2017,23346,False,False,False,False,False,False,True,False,False,False,False,True,True
744,22,48,12522782.11,inelastic,,0.061475098,2011,2017,2017,23346,False,False,False,False,False,False,True,False,False,False,False,True,True
745,22,48,13800944.03,inelastic,,-0.03563239904,2011,2017,2017,23346,False,False,False,False,False,False,True,False,False,False,False,True,True
746,22,48,15287059.31,inelastic,,-0.2039570659,2011,2017,2017,23346,False,False,False,False,False,False,True,False,False,False,False,True,True
747,22,48,16563450,inelastic,,-0.3237097858,2011,2017,2017,23346,False,False,False,False,False,False,True,False,False,False,False,True,True
748,22,48,14050000,np,,-1.208309351,2011,2023,2023,31858,False,False,True,False,False,False,False,False,False,False,False,True,True
749,22,48,14000000,np,,-1.194499142,2011,2023,2024,32893,False,False,True,False,False,False,False,False,False,False,False,True,True
750,22,49,1439503.938,inelastic,,-1.365333334,2011,2017,2017,23346,False,False,False,False,False,False,True,False,False,False,True,False,True
751,22,49,1541128.61,inelastic,,-1.044821293,2011,2017,2017,23346,False,False,False,False,False,False,True,False,False,False,True,False,True
752,22,49,1705660.054,inelastic,,-0.385347618,2011,2017,2017,23346,False,False,False,False,False,False,True,False,False,False,True,False,True
753,22,49,1884113.944,inelastic,,-0.1850434886,2011,2017,2017,23346,False,False,False,False,False,False,True,False,False,False,True,False,True
754,22,49,2076294.427,inelastic,,-0.1196358801,2011,2017,2017,23346,False,False,False,False,False,False,True,False,False,False,True,False,True
755,22,49,2299491.383,inelastic,,-0.05568614328,2011,2017,2017,23346,False,False,False,False,False,False,True,False,False,False,True,False,True
756,22,49,2549817.375,inelastic,,-1.943511293e-05,2011,2017,2017,23346,False,False,False,False,False,False,True,False,False,False,True,False,True
757,22,49,2818111.925,inelastic,,0.04811820461,2011,2017,2017,23346,False,False,False,False,False,False,True,False,False,False,True,False,True
758,22,49,3068919.246,inelastic,,0.06312385612,2011,2017,2017,23346,False,False,False,False,False,False,True,False,False,False,True,False,True
759,22,49,3397798.844,inelastic,,0.07358089363,2011,2017,2017,23346,False,False,False,False,False,False,True,False,False,False,True,False,True
760,22,49,3757214.896,inelastic,,0.06867092413,2011,2017,2017,23346,False,False,False,False,False,False,True,False,False,False,True,False,True
761,22,49,4176978.962,inelastic,,0.06332209793,2011,2017,2017,23346,False,False,False,False,False,False,True,False,False,False,True,False,True
762,22,49,4604399.598,inelastic,,0.05499075966,2011,2017,2017,23346,False,False,False,False,False,False,True,False,False,False,True,False,True
763,22,49,5102441.353,inelastic,,0.06674603715,2011,2017,2017,23346,False,False,False,False,False,False,True,False,False,False,True,False,True
764,22,49,5684573.091,inelastic,,0.08071064436,2011,2017,2017,23346,False,False,False,False,False,False,True,False,False,False,True,False,True
765,22,49,6267753.419,inelastic,,0.07027312272,2011,2017,2017,23346,False,False,False,False,False,False,True,False,False,False,True,False,True
766,22,49,6945886.186,inelastic,,0.07274483132,2011,2017,2017,23346,False,False,False,False,False,False,True,False,False,False,True,False,True
767,22,49,7740869.272,inelastic,,0.09938594818,2011,2017,2017,23346,False,False,False,False,False,False,True,False,False,False,True,False,True
768,22,49,8511627.971,inelastic,,0.09031626072,2011,2017,2017,23346,False,False,False,False,False,False,True,False,False,False,True,False,True
769,22,50,14000000,na,,-2.060480747,2011,2023,2024,32893,False,False,False,True,False,False,False,False,False,False,False,True,True
770,23,50,13650000,na,,-1.465973894,2011,2016,2016,41614,False,False,False,True,False,False,False,False,False,False,False,True,True
771,23,50,14820000,na,,-1.394694954,2011,2016,2016,41614,False,False,False,True,False,False,False,False,False,False,False,True,True
772,23,51,14050000,na,,-1.823908741,2011,2023,2023,31858,False,False,False,True,False,False,False,False,False,False,False,True,True
773,23,51,14075212.23,na,,-1.796785741,2011,2016,2016,41614,False,False,False,True,False,False,False,False,False,False,False,True,True
774,23,51,14799986.49,na,,-1.732828272,2011,2016,2016,41614,False,False,False,True,False,False,False,False,False,False,False,True,True
775,23,51,7870000,np,,-1.93930216,2011,2021,2022,33168,False,False,True,False,False,False,False,False,False,False,True,False,True
776,23,51,13050000,np,,-1.527243551,2011,2021,2022,33168,False,False,True,False,False,False,False,False,False,False,False,True,True
777,23,51,16980000,np,,-1.573488739,2011,2021,2022,33168,False,False,True,False,False,False,False,False,False,False,False,True,True
778,24,50,14540000,n2n,,-1.756961951,2011,2020,2021,33151,False,True,False,False,False,False,False,False,False,False,False,True,True
779,24,50,5597618.035,na,,-2.549237844,2011,2018,2018,41653,False,False,False,True,False,False,False,False,False,False,True,False,True
780,24,50,6194618.987,na,,-2.198825047,2011,2018,2018,41653,False,False,False,True,False,False,False,False,False,False,True,False,True
781,24,50,6908099.887,na,,-2.012668968,2011,2018,2018,41653,False,False,False,True,False,False,False,False,False,False,True,False,True
782,24,52,5360000,inelastic,,0.1319873694,2011,2025,2025,32930,False,False,False,False,False,False,True,False,False,False,True,False,True
783,24,52,5990000,inelastic,,0.1625255752,2011,2025,2025,32930,False,False,False,False,False,False,True,False,False,False,True,False,True
784,24,52,7690000,inelastic,,0.1093118818,2011,2025,2025,32930,False,False,False,False,False,False,True,False,False,False,True,False,True
785,24,52,14540000,n2n,,-0.4137503611,2011,2020,2021,33151,False,True,False,False,False,False,False,False,False,False,False,True,True
786,24,52,6998571.079,na,,-2.656000931,2011,2018,2018,41653,False,False,False,True,False,False,False,False,False,False,True,False,True
787,24,52,14540000,np,,-1.018181393,2011,2020,2021,33151,False,False,True,False,False,False,False,False,False,False,False,True,True
788,24,53,4500000,na,,-2.886056648,2011,2018,2018,41653,False,False,False,True,False,False,False,False,False,False,True,False,True
789,24,53,5000000,na,,-2.657577319,2011,2018,2018,41653,False,False,False,True,False,False,False,False,False,False,True,False,True
790,24,53,5500000,na,,-2.585026652,2011,2018,2018,41653,False,False,False,True,False,False,False,False,False,False,True,False,True
791,24,53,6244997.998,na,,-2.515700161,2011,2018,2018,41653,False,False,False,True,False,False,False,False,False,False,True,False,True
792,24,53,6972804.314,na,,-2.392544977,2011,2018,2018,41653,False,False,False,True,False,False,False,False,False,False,True,False,True
793,25,55,1120000,capture,,-2.623058243,2011,2016,2017,33100,True,False,False,False,False,False,False,False,False,False,True,False,True
794,25,55,2120000,capture,,-2.685711339,2011,2016,2017,33100,True,False,False,False,False,False,False,False,False,False,True,False,True
795,25,55,3120000,capture,,-2.926648298,2011,2016,2017,33100,True,False,False,False,False,False,False,False,False,False,True,False,True
796,25,55,4120000,capture,,-2.972242795,2011,2016,2017,33100,True,False,False,False,False,False,False,False,False,False,True,False,True
797,25,55,14540000,capture,,-3.161150909,2011,2020,2021,33151,True,False,False,False,False,False,False,False,False,False,False,True,True
798,25,55,14050000,n2n,,-0.1636758843,2011,2023,2023,31858,False,True,False,False,False,False,False,False,False,False,False,True,True
799,25,55,14100000,n2n,,-0.1443597191,2011,2012,2012,32701,False,True,False,False,False,False,False,False,False,False,False,True,True
800,25,55,14700000,n2n,,-0.1315906967,2011,2012,2012,32701,False,True,False,False,False,False,False,False,False,False,False,True,True
801,25,55,14540000,n2n,,-0.1801929354,2011,2020,2021,33151,False,True,False,False,False,False,False,False,False,False,False,True,True
802,25,55,14075212.23,n2n,,-0.1619909375,2011,2016,2016,41614,False,True,False,False,False,False,False,False,False,False,False,True,True
803,25,55,14780000,n2n,,-0.104577454,2011,2016,2016,41614,False,True,False,False,False,False,False,False,False,False,False,True,True
804,25,55,14100000,na,,-1.671620397,2011,2012,2012,32701,False,False,False,True,False,False,False,False,False,False,False,True,True
805,25,55,14700000,na,,-1.623423043,2011,2012,2012,32701,False,False,False,True,False,False,False,False,False,False,False,True,True
806,25,55,14540000,na,,-1.559090918,2011,2020,2021,33151,False,False,False,True,False,False,False,False,False,False,False,True,True
807,25,55,14048944.67,na,,-1.648645498,2011,2016,2016,41614,False,False,False,True,False,False,False,False,False,False,False,True,True
808,25,55,14810000,na,,-1.642065153,2011,2016,2016,41614,False,False,False,True,False,False,False,False,False,False,False,True,True
809,26,54,2114190.495,elastic,,0.4272967267,2011,2024,2024,23661,False,False,False,False,False,True,False,False,False,False,True,False,True
810,26,54,2296599.909,elastic,,0.413150115,2011,2024,2024,23661,False,False,False,False,False,True,False,False,False,False,True,False,True
811,26,54,2544033.905,elastic,,0.4385825087,2011,2024,2024,23661,False,False,False,False,False,True,False,False,False,False,True,False,True
812,26,54,2821636.898,elastic,,0.3938690203,2011,2024,2024,23661,False,False,False,False,False,True,False,False,False,False,True,False,True
813,26,54,3119278.863,elastic,,0.3981184276,2011,2024,2024,23661,False,False,False,False,False,True,False,False,False,False,True,False,True
814,26,54,3434265.956,elastic,,0.3491725846,2011,2024,2024,23661,False,False,False,False,False,True,False,False,False,False,True,False,True
815,26,54,3781010.239,elastic,,0.3553633879,2011,2024,2024,23661,False,False,False,False,False,True,False,False,False,False,True,False,True
816,26,54,4183203.67,elastic,,0.3391452403,2011,2024,2024,23661,False,False,False,False,False,True,False,False,False,False,True,False,True
817,26,54,4627751.971,elastic,,0.3518907458,2011,2024,2024,23661,False,False,False,False,False,True,False,False,False,False,True,False,True
818,26,54,5118084.69,elastic,,0.3256684286,2011,2024,2024,23661,False,False,False,False,False,True,False,False,False,False,True,False,True
819,26,54,5656379.506,elastic,,0.3080706165,2011,2024,2024,23661,False,False,False,False,False,True,False,False,False,False,True,False,True
820,26,54,6245109.261,elastic,,0.2840809013,2011,2024,2024,23661,False,False,False,False,False,True,False,False,False,False,True,False,True
821,26,54,6931143.443,elastic,,0.2741953864,2011,2024,2024,23661,False,False,False,False,False,True,False,False,False,False,True,False,True
822,26,54,7628122.852,elastic,,0.2685428712,2011,2024,2024,23661,False,False,False,False,False,True,False,False,False,False,True,False,True
823,26,54,1453258.281,inelastic,,-1.245663417,2011,2018,2019,23461,False,False,False,False,False,False,True,False,False,False,True,False,True
824,26,54,1543274.463,inelastic,,-0.4342159927,2011,2018,2019,23461,False,False,False,False,False,False,True,False,False,False,True,False,True
825,26,54,1704588.379,inelastic,,-0.4171721789,2011,2018,2019,23461,False,False,False,False,False,False,True,False,False,False,True,False,True
826,26,54,1885735.289,inelastic,,-0.2406550559,2011,2018,2019,23461,False,False,False,False,False,False,True,False,False,False,True,False,True
827,26,54,2085362.911,inelastic,,-0.2095874793,2011,2018,2019,23461,False,False,False,False,False,False,True,False,False,False,True,False,True
828,26,54,2304571.747,inelastic,,-0.1178691123,2011,2018,2019,23461,False,False,False,False,False,False,True,False,False,False,True,False,True
829,26,54,2544062.76,inelastic,,-0.1733868763,2011,2018,2019,23461,False,False,False,False,False,False,True,False,False,False,True,False,True
830,26,54,2810562.583,inelastic,,-0.1150827917,2011,2018,2019,23461,False,False,False,False,False,False,True,False,False,False,True,False,True
831,26,54,3106633.959,inelastic,,-0.1184183914,2011,2018,2019,23461,False,False,False,False,False,False,True,False,False,False,True,False,True
832,26,54,3435374.53,inelastic,,-0.07373663236,2011,2018,2019,23461,False,False,False,False,False,False,True,False,False,False,True,False,True
833,26,54,3799438.248,inelastic,,-0.05052327153,2011,2018,2019,23461,False,False,False,False,False,False,True,False,False,False,True,False,True
834,26,54,4190496.691,inelastic,,-0.02466100919,2011,2018,2019,23461,False,False,False,False,False,False,True,False,False,False,True,False,True
835,26,54,4632212.07,inelastic,,-0.01212413482,2011,2018,2019,23461,False,False,False,False,False,False,True,False,False,False,True,False,True
836,26,54,5132253.673,inelastic,,0.007160810437,2011,2018,2019,23461,False,False,False,False,False,False,True,False,False,False,True,False,True
837,26,54,5663906.892,inelastic,,-0.01621649937,2011,2018,2019,23461,False,False,False,False,False,False,True,False,False,False,True,False,True
838,26,54,6241681.682,inelastic,,-0.02404903363,2011,2018,2019,23461,False,False,False,False,False,False,True,False,False,False,True,False,True
839,26,54,6912958.43,inelastic,,-0.02191006567,2011,2018,2019,23461,False,False,False,False,False,False,True,False,False,False,True,False,True
840,26,54,7642161.71,inelastic,,-0.03083414061,2011,2018,2019,23461,False,False,False,False,False,False,True,False,False,False,True,False,True
841,26,54,8428760.116,inelastic,,-0.04654234214,2011,2018,2019,23461,False,False,False,False,False,False,True,False,False,False,True,False,True
842,26,54,9344040.835,inelastic,,-0.05953703895,2011,2018,2019,23461,False,False,False,False,False,False,True,False,False,False,True,False,True
843,26,54,10310024.47,inelastic,,-0.06945650448,2011,2018,2019,23461,False,False,False,False,False,False,True,False,False,False,False,True,True
844,26,54,11426363.33,inelastic,,-0.1018796325,2011,2018,2019,23461,False,False,False,False,False,False,True,False,False,False,False,True,True
845,26,54,12531331.96,inelastic,,-0.1617507756,2011,2018,2019,23461,False,False,False,False,False,False,True,False,False,False,False,True,True
846,26,54,13806013.36,inelastic,,-0.2744173152,2011,2018,2019,23461,False,False,False,False,False,False,True,False,False,False,False,True,True
847,26,54,15287295.11,inelastic,,-0.4265929433,2011,2018,2019,23461,False,False,False,False,False,False,True,False,False,False,False,True,True
848,26,54,17022876.5,inelastic,,-0.5635771724,2011,2018,2019,23461,False,False,False,False,False,False,True,False,False,False,False,True,True
849,26,54,14510000,n2n,,-2.26760624,2011,2022,2025,32882,False,True,False,False,False,False,False,False,False,False,False,True,True
850,26,54,14749783.05,n2n,,-2.063989204,2011,2022,2025,32882,False,True,False,False,False,False,False,False,False,False,False,True,True
851,26,54,5500000,na,,-2.493494968,2011,2015,2016,32737,False,False,False,True,False,False,False,False,False,False,True,False,True
852,26,54,6500000,na,,-1.890759031,2011,2015,2016,32737,False,False,False,True,False,False,False,False,False,False,True,False,True
853,26,54,5500000,na,,-2.488116639,2011,2015,2016,32737,False,False,False,True,False,False,False,False,False,False,True,False,True
854,26,54,5500000,na,,-2.423462797,2011,2019,2019,32786,False,False,False,True,False,False,False,False,False,False,True,False,True
855,26,54,7700000,na,,-1.538765645,2011,2019,2019,32786,False,False,False,True,False,False,False,False,False,False,True,False,True
856,26,54,8500000,na,,-1.444813151,2011,2019,2019,32786,False,False,False,True,False,False,False,False,False,False,True,False,True
857,26,54,9500000,na,,-1.380287114,2011,2019,2019,32786,False,False,False,True,False,False,False,False,False,False,True,False,True
858,26,54,10500000,na,,-1.355584852,2011,2019,2019,32786,False,False,False,True,False,False,False,False,False,False,False,True,True
859,26,54,5123475.383,na,,-2.869666232,2011,2018,2018,41653,False,False,False,True,False,False,False,False,False,False,True,False,True
860,26,54,5623610.94,na,,-2.314258261,2011,2018,2018,41653,False,False,False,True,False,False,False,False,False,False,True,False,True
861,26,54,6246664.887,na,,-1.91721463,2011,2018,2018,41653,False,False,False,True,False,False,False,False,False,False,True,False,True
862,26,54,6873863.542,na,,-1.678815973,2011,2018,2018,41653,False,False,False,True,False,False,False,False,False,False,True,False,True
863,26,54,14075212.23,np,,-0.4828041021,2011,2016,2016,41614,False,False,True,False,False,False,False,False,False,False,False,True,True
864,26,54,14780000,np,,-0.5228787453,2011,2016,2016,41614,False,False,True,False,False,False,False,False,False,False,False,True,True
865,26,56,2750000,elastic,,0.4440447959,2011,2017,2017,14462,False,False,False,False,False,True,False,False,False,False,True,False,True
866,26,56,3000000,elastic,,0.3961993471,2011,2017,2017,14462,False,False,False,False,False,True,False,False,False,False,True,False,True
867,26,56,3500000,elastic,,0.3765769571,2011,2017,2017,14462,False,False,False,False,False,True,False,False,False,False,True,False,True
868,26,56,4000000,elastic,,0.3944516808,2011,2017,2017,14462,False,False,False,False,False,True,False,False,False,False,True,False,True
869,26,56,4500000,elastic,,0.3820170426,2011,2017,2017,14462,False,False,False,False,False,True,False,False,False,False,True,False,True
870,26,56,4900000,elastic,,0.3598354823,2011,2017,2017,14462,False,False,False,False,False,True,False,False,False,False,True,False,True
871,26,56,5940000,elastic,,0.3283796034,2011,2017,2017,14462,False,False,False,False,False,True,False,False,False,False,True,False,True
872,26,56,6960000,elastic,,0.2878017299,2011,2017,2017,14462,False,False,False,False,False,True,False,False,False,False,True,False,True
873,26,56,7960000,elastic,,0.2833012287,2011,2017,2017,14462,False,False,False,False,False,True,False,False,False,False,True,False,True
874,26,56,2595719.429,elastic,,0.4304244586,2011,2025,2025,23673,False,False,False,False,False,True,False,False,False,False,True,False,True
875,26,56,2797812.367,elastic,,0.3899571385,2011,2025,2025,23673,False,False,False,False,False,True,False,False,False,False,True,False,True
876,26,56,3105522.457,elastic,,0.3764005271,2011,2025,2025,23673,False,False,False,False,False,True,False,False,False,False,True,False,True
877,26,56,3434278.9,elastic,,0.3448675758,2011,2025,2025,23673,False,False,False,False,False,True,False,False,False,False,True,False,True
878,26,56,3781060.557,elastic,,0.3573248827,2011,2025,2025,23673,False,False,False,False,False,True,False,False,False,False,True,False,True
879,26,56,4183259.819,elastic,,0.3677508934,2011,2025,2025,23673,False,False,False,False,False,True,False,False,False,False,True,False,True
880,26,56,4653430.898,elastic,,0.3672813576,2011,2025,2025,23673,False,False,False,False,False,True,False,False,False,False,True,False,True
881,26,56,5147506.824,elastic,,0.3570482104,2011,2025,2025,23673,False,False,False,False,False,True,False,False,False,False,True,False,True
882,26,56,5656600.842,elastic,,0.3431426178,2011,2025,2025,23673,False,False,False,False,False,True,False,False,False,False,True,False,True
883,26,56,6245409.148,elastic,,0.3306065248,2011,2025,2025,23673,False,False,False,False,False,True,False,False,False,False,True,False,True
884,26,56,6931548.123,elastic,,0.3210648132,2011,2025,2025,23673,False,False,False,False,False,True,False,False,False,False,True,False,True
885,26,56,7628660.965,elastic,,0.3035416269,2011,2025,2025,23673,False,False,False,False,False,True,False,False,False,False,True,False,True
886,26,56,6500000,na,,-2.3400838,2011,2015,2016,32737,False,False,False,True,False,False,False,False,False,False,True,False,True
887,26,56,5500000,na,,-2.978810701,2011,2015,2016,32737,False,False,False,True,False,False,False,False,False,False,True,False,True
888,26,56,6500000,na,,-2.230622674,2011,2015,2016,32737,False,False,False,True,False,False,False,False,False,False,True,False,True
889,26,56,5500000,na,,-2.99005047,2011,2019,2019,32786,False,False,False,True,False,False,False,False,False,False,True,False,True
890,26,56,7700000,na,,-2.029885207,2011,2019,2019,32786,False,False,False,True,False,False,False,False,False,False,True,False,True
891,26,56,8500000,na,,-1.821192857,2011,2019,2019,32786,False,False,False,True,False,False,False,False,False,False,True,False,True
892,26,56,9500000,na,,-1.65848388,2011,2019,2019,32786,False,False,False,True,False,False,False,False,False,False,True,False,True
893,26,56,10500000,na,,-1.62643339,2011,2019,2019,32786,False,False,False,True,False,False,False,False,False,False,False,True,True
894,26,56,14050000,np,,-0.9507819773,2011,2023,2023,31858,False,False,True,False,False,False,False,False,False,False,False,True,True
895,26,56,5900000,np,,-1.871277716,2011,2013,2013,33045,False,False,True,False,False,False,False,False,False,False,True,False,True
896,26,56,9850000,np,,-1.174296857,2011,2013,2013,33045,False,False,True,False,False,False,False,False,False,False,True,False,True
897,26,56,15500000,np,,-1.108140336,2011,2013,2013,33045,False,False,True,False,False,False,False,False,False,False,False,True,True
898,26,56,14800000,np,,-0.9205654894,2011,2013,2013,33045,False,False,True,False,False,False,False,False,False,False,False,True,True
899,26,56,14075212.23,np,,-0.9498781383,2011,2016,2016,41614,False,False,True,False,False,False,False,False,False,False,False,True,True
900,26,57,209775.5751,inelastic,,-0.2299990393,2011,2017,2018,23392,False,False,False,False,False,False,True,False,False,True,False,False,True
901,26,57,231761.8398,inelastic,,-0.2026285692,2011,2017,2018,23392,False,False,False,False,False,False,True,False,False,True,False,False,True
902,26,57,257396.7273,inelastic,,-0.1636208853,2011,2017,2018,23392,False,False,False,False,False,False,True,False,False,True,False,False,True
903,26,57,287531.0956,inelastic,,-0.1981604983,2011,2017,2018,23392,False,False,False,False,False,False,True,False,False,True,False,False,True
904,26,57,313675,inelastic,,-0.1841730859,2011,2017,2018,23392,False,False,False,False,False,False,True,False,False,True,False,False,True
905,26,57,343721.0732,inelastic,,-0.1636917591,2011,2017,2018,23392,False,False,False,False,False,False,True,False,False,True,False,False,True
906,26,57,378105,inelastic,,-0.1229454867,2011,2017,2018,23392,False,False,False,False,False,False,True,False,False,True,False,False,True
907,26,57,418158.6756,inelastic,,-0.09162459694,2011,2017,2018,23392,False,False,False,False,False,False,True,False,False,True,False,False,True
908,26,57,464645,inelastic,,-0.06833479607,2011,2017,2018,23392,False,False,False,False,False,False,True,False,False,True,False,False,True
909,26,57,519709.339,inelastic,,-0.05568433088,2011,2017,2018,23392,False,False,False,False,False,False,True,False,False,True,False,False,True
910,26,57,584720,inelastic,,-0.0479479733,2011,2017,2018,23392,False,False,False,False,False,False,True,False,False,True,False,False,True
911,26,57,635260,inelastic,,-0.03212865658,2011,2017,2018,23392,False,False,False,False,False,False,True,False,False,True,False,False,True
912,26,57,692655,inelastic,,-0.01413945203,2011,2017,2018,23392,False,False,False,False,False,False,True,False,False,True,False,False,True
913,26,57,758205,inelastic,,0.01093317624,2011,2017,2018,23392,False,False,False,False,False,False,True,False,False,True,False,False,True
914,26,57,833530,inelastic,,0.03089738648,2011,2017,2018,23392,False,False,False,False,False,False,True,False,False,True,False,False,True
915,26,57,920675,inelastic,,0.04259768845,2011,2017,2018,23392,False,False,False,False,False,False,True,False,False,True,False,False,True
916,26,57,1022260,inelastic,,0.05796717439,2011,2017,2018,23392,False,False,False,False,False,False,True,False,False,False,True,False,True
917,26,57,1141660,inelastic,,0.07934753597,2011,2017,2018,23392,False,False,False,False,False,False,True,False,False,False,True,False,True
918,26,57,1283310,inelastic,,0.07198720351,2011,2017,2018,23392,False,False,False,False,False,False,True,False,False,False,True,False,True
919,26,57,1453090,inelastic,,0.07966349023,2011,2017,2018,23392,False,False,False,False,False,False,True,False,False,False,True,False,True
920,26,57,1659030,inelastic,,0.09196566773,2011,2017,2018,23392,False,False,False,False,False,False,True,False,False,False,True,False,True
921,26,57,1912190,inelastic,,0.09934094732,2011,2017,2018,23392,False,False,False,False,False,False,True,False,False,False,True,False,True
922,26,57,2113360,inelastic,,0.1009597015,2011,2017,2018,23392,False,False,False,False,False,False,True,False,False,False,True,False,True
923,26,57,2310309.476,inelastic,,0.09854247288,2011,2017,2018,23392,False,False,False,False,False,False,True,False,False,False,True,False,True
924,26,57,2534960,inelastic,,0.1046580791,2011,2017,2018,23392,False,False,False,False,False,False,True,False,False,False,True,False,True
925,26,57,2795600.71,inelastic,,0.1083348756,2011,2017,2018,23392,False,False,False,False,False,False,True,False,False,False,True,False,True
926,26,57,3096860,inelastic,,0.111161862,2011,2017,2018,23392,False,False,False,False,False,False,True,False,False,False,True,False,True
927,26,57,3451967.305,inelastic,,0.1166944934,2011,2017,2018,23392,False,False,False,False,False,False,True,False,False,False,True,False,True
928,26,57,3869180,inelastic,,0.1236507072,2011,2017,2018,23392,False,False,False,False,False,False,True,False,False,False,True,False,True
929,26,57,4191990,inelastic,,0.1277780692,2011,2017,2018,23392,False,False,False,False,False,False,True,False,False,False,True,False,True
930,26,57,4557080,inelastic,,0.1314583397,2011,2017,2018,23392,False,False,False,False,False,False,True,False,False,False,True,False,True
931,26,57,4972190,inelastic,,0.1297041235,2011,2017,2018,23392,False,False,False,False,False,False,True,False,False,False,True,False,True
932,26,57,5446920,inelastic,,0.1267384234,2011,2017,2018,23392,False,False,False,False,False,False,True,False,False,False,True,False,True
933,26,57,5993330,inelastic,,0.1204438251,2011,2017,2018,23392,False,False,False,False,False,False,True,False,False,False,True,False,True
934,26,57,6626660,inelastic,,0.1121983125,2011,2017,2018,23392,False,False,False,False,False,False,True,False,False,False,True,False,True
935,26,57,7366460,inelastic,,0.1019527396,2011,2017,2018,23392,False,False,False,False,False,False,True,False,False,False,True,False,True
936,26,57,8238170,inelastic,,0.08735797764,2011,2017,2018,23392,False,False,False,False,False,False,True,False,False,False,True,False,True
937,26,57,9275320,inelastic,,0.02129586806,2011,2017,2018,23392,False,False,False,False,False,False,True,False,False,False,True,False,True
938,26,57,10522900,inelastic,,-0.1442241383,2011,2017,2018,23392,False,False,False,False,False,False,True,False,False,False,False,True,True
939,26,57,12042500,inelastic,,-0.3516046574,2011,2017,2018,23392,False,False,False,False,False,False,True,False,False,False,False,True,True
940,26,57,13919900,inelastic,,-0.6196878273,2011,2017,2018,23392,False,False,False,False,False,False,True,False,False,False,False,True,True
941,26,57,5000000,na,,-2.507239611,2011,2014,2016,32748,False,False,False,True,False,False,False,False,False,False,True,False,True
942,26,57,5500000,na,,-2.328827157,2011,2014,2016,32748,False,False,False,True,False,False,False,False,False,False,True,False,True
943,26,57,6244997.998,na,,-2.174573882,2011,2014,2016,32748,False,False,False,True,False,False,False,False,False,False,True,False,True
944,26,57,4300000,na,,-2.924453039,2011,2018,2018,41653,False,False,False,True,False,False,False,False,False,False,True,False,True
945,26,57,4500000,na,,-2.782516056,2011,2018,2018,41653,False,False,False,True,False,False,False,False,False,False,True,False,True
946,26,57,5000000,na,,-2.610833916,2011,2018,2018,41653,False,False,False,True,False,False,False,False,False,False,True,False,True
947,26,57,5500000,na,,-2.474955193,2011,2018,2018,41653,False,False,False,True,False,False,False,False,False,False,True,False,True
948,26,57,6244997.998,na,,-2.432385557,2011,2018,2018,41653,False,False,False,True,False,False,False,False,False,False,True,False,True
949,26,57,14086668.74,np,,-1.068923703,2011,2016,2016,41614,False,False,True,False,False,False,False,False,False,False,False,True,True
950,26,57,14774897.63,np,,-1.062983893,2011,2016,2016,41614,False,False,True,False,False,False,False,False,False,False,False,True,True
951,27,59,17300000,n2n,,-0.15490196,2011,2016,2016,31767,False,True,False,False,False,False,False,False,False,False,False,True,True
952,27,59,14050000,n2n,,-0.1726307269,2011,2023,2023,31858,False,True,False,False,False,False,False,False,False,False,False,True,True
953,27,59,11980000,n2n,,-0.6274561992,2011,2018,2020,33117,False,True,False,False,False,False,False,False,False,False,False,True,True
954,27,59,15750000,n2n,,-0.1366176516,2011,2018,2020,33117,False,True,False,False,False,False,False,False,False,False,False,True,True
955,27,59,14075212.23,n2n,,-0.1724153565,2011,2016,2016,41614,False,True,False,False,False,False,False,False,False,False,False,True,True
956,27,59,14780000,n2n,,-0.1307682803,2011,2016,2016,41614,False,True,False,False,False,False,False,False,False,False,False,True,True
957,27,59,17500000,na,,-1.681936665,2011,2022,2021,31842,False,False,False,True,False,False,False,False,False,False,False,True,True
958,27,59,14050000,na,,-1.522878745,2011,2023,2023,31858,False,False,False,True,False,False,False,False,False,False,False,True,True
959,27,59,18500000,na,,-1.772113295,2011,2025,2024,31859,False,False,False,True,False,False,False,False,False,False,False,True,True
960,27,59,14075212.23,na,,-1.500542036,2011,2016,2016,41614,False,False,False,True,False,False,False,False,False,False,False,True,True
961,27,59,14780000,na,,-1.490797478,2011,2016,2016,41614,False,False,False,True,False,False,False,False,False,False,False,True,True
962,27,59,17300000,np,,-1.537602002,2011,2016,2016,31767,False,False,True,False,False,False,False,False,False,False,False,True,True
963,27,59,17500000,np,,-1.54668166,2011,2022,2021,31842,False,False,True,False,False,False,False,False,False,False,False,True,True
964,27,59,14050000,np,,-1.278189385,2011,2023,2023,31858,False,False,True,False,False,False,False,False,False,False,False,True,True
965,27,59,17600000,np,,-1.522878745,2011,2025,2024,31859,False,False,True,False,False,False,False,False,False,False,False,True,True
966,27,59,18500000,np,,-1.48148606,2011,2025,2024,31859,False,False,True,False,False,False,False,False,False,False,False,True,True
967,27,59,14075212.23,np,,-1.296565314,2011,2016,2016,41614,False,False,True,False,False,False,False,False,False,False,False,True,True
968,27,59,14780000,np,,-1.32330639,2011,2016,2016,41614,False,False,True,False,False,False,False,False,False,False,False,True,True
969,28,58,17350000,n2n,,-1.251811973,2011,2016,2016,14447,False,True,False,False,False,False,False,False,False,False,False,True,True
970,28,58,18828494.36,n2n,,-1.197226275,2011,2016,2016,14447,False,True,False,False,False,False,False,False,False,False,False,True,True
971,28,58,14540000,n2n,,-1.607303047,2011,2020,2020,33143,False,True,False,False,False,False,False,False,False,False,False,True,True
972,28,58,14017842.75,n2n,,-1.653484033,2011,2016,2016,41614,False,True,False,False,False,False,False,False,False,False,False,True,True
973,28,58,14773149.73,n2n,,-1.430236064,2011,2016,2016,41614,False,True,False,False,False,False,False,False,False,False,False,True,True
974,28,58,4623310.502,na,,-1.563589021,2011,2020,2021,32813,False,False,False,True,False,False,False,False,False,False,True,False,True
975,28,58,5123475.383,na,,-1.388468097,2011,2020,2021,32813,False,False,False,True,False,False,False,False,False,False,True,False,True
976,28,58,5500000,na,,-1.28666793,2011,2020,2021,32813,False,False,False,True,False,False,False,False,False,False,True,False,True
977,28,58,14050000,np,,-0.440093375,2011,2023,2023,31858,False,False,True,False,False,False,False,False,False,False,False,True,True
978,28,58,3700000,np,,-0.4989407378,2011,2012,2013,33039,False,False,True,False,False,False,False,False,False,False,True,False,True
979,28,58,5888300,np,,-0.3842603114,2011,2015,2017,33094,False,False,True,False,False,False,False,False,False,False,True,False,True
980,28,58,10112600,np,,-0.2371714468,2011,2015,2017,33094,False,False,True,False,False,False,False,False,False,False,False,True,True
981,28,58,15867300,np,,-0.785156152,2011,2015,2017,33094,False,False,True,False,False,False,False,False,False,False,False,True,True
982,28,58,5888300,np,,-0.2638426247,2011,2015,2017,33094,False,False,True,False,False,False,False,False,False,False,True,False,True
983,28,58,10112600,np,,-0.1482525809,2011,2015,2017,33094,False,False,True,False,False,False,False,False,False,False,False,True,True
984,28,58,15867300,np,,-0.6916490514,2011,2015,2017,33094,False,False,True,False,False,False,False,False,False,False,False,True,True
985,28,58,14540000,np,,-0.4597957002,2011,2020,2020,33143,False,False,True,False,False,False,False,False,False,False,False,True,True
986,28,58,1660000,np,,-1.718512112,2011,2024,2024,33203,False,False,True,False,False,False,False,False,False,False,True,False,True
987,28,58,2060000,np,,-1.233884717,2011,2024,2024,33203,False,False,True,False,False,False,False,False,False,False,True,False,True
988,28,58,2660000,np,,-0.7762964365,2011,2024,2024,33203,False,False,True,False,False,False,False,False,False,False,True,False,True
989,28,58,1060000,np,,-2.540607512,2011,2024,2025,33212,False,False,True,False,False,False,False,False,False,False,True,False,True
990,28,58,1860000,np,,-1.231657941,2011,2024,2025,33212,False,False,True,False,False,False,False,False,False,False,True,False,True
991,28,58,2850000,np,,-0.8819668712,2011,2024,2025,33212,False,False,True,False,False,False,False,False,False,False,True,False,True
992,28,58,14017842.75,np,,-0.4428939939,2011,2016,2016,41614,False,False,True,False,False,False,False,False,False,False,False,True,True
993,28,58,14773149.73,np,,-0.54668166,2011,2016,2016,41614,False,False,True,False,False,False,False,False,False,False,False,True,True
994,28,58,2584461.575,total,,0.5073930821,2011,2020,2020,14661,False,False,False,False,True,False,False,False,False,False,True,False,True
995,28,58,2809252.091,total,,0.5220760458,2011,2020,2020,14661,False,False,False,False,True,False,False,False,False,False,True,False,True
996,28,58,3108163.818,total,,0.5139049463,2011,2020,2020,14661,False,False,False,False,True,False,False,False,False,False,True,False,True
997,28,58,3435325.325,total,,0.5387770432,2011,2020,2020,14661,False,False,False,False,True,False,False,False,False,False,True,False,True
998,28,58,3791528.281,total,,0.5407367833,2011,2020,2020,14661,False,False,False,False,True,False,False,False,False,False,True,False,True
999,28,58,4196370.367,total,,0.5436149009,2011,2020,2020,14661,False,False,False,False,True,False,False,False,False,False,True,False,True
1000,28,58,4646452.128,total,,0.5591993338,2011,2020,2020,14661,False,False,False,False,True,False,False,False,False,False,True,False,True
1001,28,58,5132842.259,total,,0.5659951879,2011,2020,2020,14661,False,False,False,False,True,False,False,False,False,False,True,False,True
1002,28,58,5668716.927,total,,0.568032277,2011,2020,2020,14661,False,False,False,False,True,False,False,False,False,False,True,False,True
1003,28,58,6257030.423,total,,0.5692595196,2011,2020,2020,14661,False,False,False,False,True,False,False,False,False,False,True,False,True
1004,28,58,6921428.708,total,,0.559540512,2011,2020,2020,14661,False,False,False,False,True,False,False,False,False,False,True,False,True
1005,28,58,7648210.956,total,,0.5491489021,2011,2020,2020,14661,False,False,False,False,True,False,False,False,False,False,True,False,True
1006,28,58,8440002.567,total,,0.5353180077,2011,2020,2020,14661,False,False,False,False,True,False,False,False,False,False,True,False,True
1007,28,58,9328420.124,total,,0.5209927651,2011,2020,2020,14661,False,False,False,False,True,False,False,False,False,False,True,False,True
1008,28,58,10327595.46,total,,0.5027220123,2011,2020,2020,14661,False,False,False,False,True,False,False,False,False,False,False,True,True
1009,28,58,11406427.44,total,,0.4848766169,2011,2020,2020,14661,False,False,False,False,True,False,False,False,False,False,False,True,True
1010,28,58,12561848.22,total,,0.4624283226,2011,2020,2020,14661,False,False,False,False,True,False,False,False,False,False,False,True,True
1011,28,58,13903370,total,,0.4358227409,2011,2020,2020,14661,False,False,False,False,True,False,False,False,False,False,False,True,True
1012,28,58,15402638.41,total,,0.4086345991,2011,2020,2020,14661,False,False,False,False,True,False,False,False,False,False,False,True,True
1013,28,58,16995573.77,total,,0.3900775003,2011,2020,2020,14661,False,False,False,False,True,False,False,False,False,False,False,True,True
1014,28,58,18758520.98,total,,0.3759054715,2011,2020,2020,14661,False,False,False,False,True,False,False,False,False,False,False,True,True
1015,28,58,19843930,total,,0.3695757643,2011,2020,2020,14661,False,False,False,False,True,False,False,False,False,False,False,True,True
1016,28,59,1400000,na,,-2.167491087,2011,2022,2022,14787,False,False,False,True,False,False,False,False,False,False,True,False,True
1017,28,59,2000000,na,,-1.987162775,2011,2022,2022,14787,False,False,False,True,False,False,False,False,False,False,True,False,True
1018,28,59,2600000,na,,-1.821023053,2011,2022,2022,14787,False,False,False,True,False,False,False,False,False,False,True,False,True
1019,28,59,3200000,na,,-1.522878745,2011,2022,2022,14787,False,False,False,True,False,False,False,False,False,False,True,False,True
1020,28,59,3800000,na,,-1.480172006,2011,2022,2022,14787,False,False,False,True,False,False,False,False,False,False,True,False,True
1021,28,59,4400000,na,,-1.472370099,2011,2022,2022,14787,False,False,False,True,False,False,False,False,False,False,True,False,True
1022,28,59,5000000,na,,-1.326979093,2011,2022,2022,14787,False,False,False,True,False,False,False,False,False,False,True,False,True
1023,28,59,5600000,na,,-1.287350298,2011,2022,2022,14787,False,False,False,True,False,False,False,False,False,False,True,False,True
1024,28,59,6200000,na,,-1.319664487,2011,2022,2022,14787,False,False,False,True,False,False,False,False,False,False,True,False,True
1025,28,59,7000000,na,,-1.253365801,2011,2022,2022,14787,False,False,False,True,False,False,False,False,False,False,True,False,True
1026,28,59,8000000,na,,-1.252588192,2011,2022,2022,14787,False,False,False,True,False,False,False,False,False,False,True,False,True
1027,28,59,9000000,na,,-1.196542884,2011,2022,2022,14787,False,False,False,True,False,False,False,False,False,False,True,False,True
1028,28,59,10000000,na,,-1.217527376,2011,2022,2022,14787,False,False,False,True,False,False,False,False,False,False,False,True,True
1029,28,59,650000,np,,-1.777283529,2011,2022,2022,14787,False,False,True,False,False,False,False,False,False,True,False,False,True
1030,28,59,950000,np,,-1.630784143,2011,2022,2022,14787,False,False,True,False,False,False,False,False,False,True,False,False,True
1031,28,59,1250000,np,,-1.458420756,2011,2022,2022,14787,False,False,True,False,False,False,False,False,False,False,True,False,True
1032,28,59,1550000,np,,-1.510041521,2011,2022,2022,14787,False,False,True,False,False,False,False,False,False,False,True,False,True
1033,28,59,1850000,np,,-1.438898616,2011,2022,2022,14787,False,False,True,False,False,False,False,False,False,False,True,False,True
1034,28,59,2150000,np,,-1.338187314,2011,2022,2022,14787,False,False,True,False,False,False,False,False,False,False,True,False,True
1035,28,59,2450000,np,,-1.235077015,2011,2022,2022,14787,False,False,True,False,False,False,False,False,False,False,True,False,True
1036,28,59,2750000,np,,-1.124938737,2011,2022,2022,14787,False,False,True,False,False,False,False,False,False,False,True,False,True
1037,28,59,3050000,np,,-0.998699067,2011,2022,2022,14787,False,False,True,False,False,False,False,False,False,False,True,False,True
1038,28,59,3350000,np,,-1.009217308,2011,2022,2022,14787,False,False,True,False,False,False,False,False,False,False,True,False,True
1039,28,59,3797038.32,np,,-0.9471137647,2011,2022,2022,14787,False,False,True,False,False,False,False,False,False,False,True,False,True
1040,28,59,4250000,np,,-0.8613815661,2011,2022,2022,14787,False,False,True,False,False,False,False,False,False,False,True,False,True
1041,28,59,4697605.773,np,,-0.8365404482,2011,2022,2022,14787,False,False,True,False,False,False,False,False,False,False,True,False,True
1042,28,59,5150000,np,,-0.8728952016,2011,2022,2022,14787,False,False,True,False,False,False,False,False,False,False,True,False,True
1043,28,59,5597990.711,np,,-0.7887459324,2011,2022,2022,14787,False,False,True,False,False,False,False,False,False,False,True,False,True
1044,28,59,6198185.218,np,,-0.7360090673,2011,2022,2022,14787,False,False,True,False,False,False,False,False,False,False,True,False,True
1045,28,59,7000000,np,,-0.7734000948,2011,2022,2022,14787,False,False,True,False,False,False,False,False,False,False,True,False,True
1046,28,59,8000000,np,,-0.7644715531,2011,2022,2022,14787,False,False,True,False,False,False,False,False,False,False,True,False,True
1047,28,59,9000000,np,,-0.71828503,2011,2022,2022,14787,False,False,True,False,False,False,False,False,False,False,True,False,True
1048,28,59,10000000,np,,-0.7265357274,2011,2022,2022,14787,False,False,True,False,False,False,False,False,False,False,False,True,True
1049,28,60,14600000,n2n,,-0.3705904009,2011,2015,2016,32736,False,True,False,False,False,False,False,False,False,False,False,True,True
1050,28,60,5000000,na,,-2.37413345,2011,2020,2021,32813,False,False,False,True,False,False,False,False,False,False,True,False,True
1051,28,60,5500000,na,,-2.10418374,2011,2020,2021,32813,False,False,False,True,False,False,False,False,False,False,True,False,True
1052,28,60,6259956.185,na,,-1.730195289,2011,2018,2018,41653,False,False,False,True,False,False,False,False,False,False,True,False,True
1053,28,60,6864384.979,na,,-1.596307662,2011,2018,2018,41653,False,False,False,True,False,False,False,False,False,False,True,False,True
1054,28,60,14050245.93,np,,-0.8068754016,2011,2016,2016,41614,False,False,True,False,False,False,False,False,False,False,False,True,True
1055,28,60,14860000,np,,-0.8601209136,2011,2016,2016,41614,False,False,True,False,False,False,False,False,False,False,False,True,True
1056,28,61,5000000,na,,-2.026318048,2011,2020,2021,32813,False,False,False,True,False,False,False,False,False,False,True,False,True
1057,28,61,5500000,na,,-1.924611511,2011,2020,2021,32813,False,False,False,True,False,False,False,False,False,False,True,False,True
1058,28,63,210979,capture,,-2.15490196,2011,2015,2015,14446,True,False,False,False,False,False,False,False,False,True,False,False,True
1059,28,63,231333.8695,capture,,-2.062147907,2011,2015,2015,14446,True,False,False,False,False,False,False,False,False,True,False,False,True
1060,28,63,259560.8896,capture,,-2.124938737,2011,2015,2015,14446,True,False,False,False,False,False,False,False,False,True,False,False,True
1061,28,63,284602.8499,capture,,-2.124938737,2011,2015,2015,14446,True,False,False,False,False,False,False,False,False,True,False,False,True
1062,28,63,312060.8706,capture,,-2.346787486,2011,2015,2015,14446,True,False,False,False,False,False,False,False,False,True,False,False,True
1063,28,63,342167.8891,capture,,-2.602059991,2011,2015,2015,14446,True,False,False,False,False,False,False,False,False,True,False,False,True
1064,28,63,375179.6373,capture,,-2.397940009,2011,2015,2015,14446,True,False,False,False,False,False,False,False,False,True,False,False,True
1065,28,63,420958.4637,capture,,-2.522878745,2011,2015,2015,14446,True,False,False,False,False,False,False,False,False,True,False,False,True
1066,28,63,472323.1841,capture,,-2.346787486,2011,2015,2015,14446,True,False,False,False,False,False,False,False,False,True,False,False,True
1067,28,63,514215.442,capture,,-2.522878745,2011,2015,2015,14446,True,False,False,False,False,False,False,False,False,True,False,False,True
1068,28,63,743267.451,capture,,-2.397940009,2011,2015,2015,14446,True,False,False,False,False,False,False,False,False,True,False,False,True
1069,28,64,2584461.575,total,,0.5249458371,2011,2020,2020,14661,False,False,False,False,True,False,False,False,False,False,True,False,True
1070,28,64,2809252.091,total,,0.5287217973,2011,2020,2020,14661,False,False,False,False,True,False,False,False,False,False,True,False,True
1071,28,64,3108163.818,total,,0.5232465064,2011,2020,2020,14661,False,False,False,False,True,False,False,False,False,False,True,False,True
1072,28,64,3435325.325,total,,0.5598856094,2011,2020,2020,14661,False,False,False,False,True,False,False,False,False,False,True,False,True
1073,28,64,3791528.281,total,,0.5652554634,2011,2020,2020,14661,False,False,False,False,True,False,False,False,False,False,True,False,True
1074,28,64,4196370.367,total,,0.5730080236,2011,2020,2020,14661,False,False,False,False,True,False,False,False,False,False,True,False,True
1075,28,64,4646452.128,total,,0.5791823685,2011,2020,2020,14661,False,False,False,False,True,False,False,False,False,False,True,False,True
1076,28,64,5132842.259,total,,0.6009608079,2011,2020,2020,14661,False,False,False,False,True,False,False,False,False,False,True,False,True
1077,28,64,5668716.927,total,,0.6028203058,2011,2020,2020,14661,False,False,False,False,True,False,False,False,False,False,True,False,True
1078,28,64,6257030.423,total,,0.5970336283,2011,2020,2020,14661,False,False,False,False,True,False,False,False,False,False,True,False,True
1079,28,64,6921428.708,total,,0.5858299053,2011,2020,2020,14661,False,False,False,False,True,False,False,False,False,False,True,False,True
1080,28,64,7648210.956,total,,0.5770865757,2011,2020,2020,14661,False,False,False,False,True,False,False,False,False,False,True,False,True
1081,28,64,8440002.567,total,,0.5629444121,2011,2020,2020,14661,False,False,False,False,True,False,False,False,False,False,True,False,True
1082,28,64,9328420.124,total,,0.5483062194,2011,2020,2020,14661,False,False,False,False,True,False,False,False,False,False,True,False,True
1083,28,64,10327595.46,total,,0.5316999313,2011,2020,2020,14661,False,False,False,False,True,False,False,False,False,False,False,True,True
1084,28,64,11406427.44,total,,0.5151207893,2011,2020,2020,14661,False,False,False,False,True,False,False,False,False,False,False,True,True
1085,28,64,12561848.22,total,,0.4895492909,2011,2020,2020,14661,False,False,False,False,True,False,False,False,False,False,False,True,True
1086,28,64,13903370,total,,0.4620808971,2011,2020,2020,14661,False,False,False,False,True,False,False,False,False,False,False,True,True
1087,28,64,15402638.41,total,,0.4339056342,2011,2020,2020,14661,False,False,False,False,True,False,False,False,False,False,False,True,True
1088,28,64,16995573.77,total,,0.4118290595,2011,2020,2020,14661,False,False,False,False,True,False,False,False,False,False,False,True,True
1089,28,64,18758520.98,total,,0.3965234645,2011,2020,2020,14661,False,False,False,False,True,False,False,False,False,False,False,True,True
1090,28,64,19843930,total,,0.3892742014,2011,2020,2020,14661,False,False,False,False,True,False,False,False,False,False,False,True,True
1091,29,63,71474.76307,capture,,-1.278189385,2011,2017,2017,14467,True,False,False,False,False,False,False,False,True,False,False,False,False
1092,29,63,76586.66907,capture,,-1.257667718,2011,2017,2017,14467,True,False,False,False,False,False,False,False,True,False,False,False,False
1093,29,63,84947.975,capture,,-1.192464972,2011,2017,2017,14467,True,False,False,False,False,False,False,False,True,False,False,False,False
1094,29,63,94222.15014,capture,,-1.241655937,2011,2017,2017,14467,True,False,False,False,False,False,False,False,True,False,False,False,False
1095,29,63,103312.5374,capture,,-1.270632695,2011,2017,2017,14467,True,False,False,False,False,False,False,False,False,True,False,False,True
1096,29,63,114591.6557,capture,,-1.326979093,2011,2017,2017,14467,True,False,False,False,False,False,False,False,False,True,False,False,True
1097,29,63,127102.204,capture,,-1.358278075,2011,2017,2017,14467,True,False,False,False,False,False,False,False,False,True,False,False,True
1098,29,63,139364.7657,capture,,-1.258651398,2011,2017,2017,14467,True,False,False,False,False,False,False,False,False,True,False,False,True
1099,29,63,154579.8916,capture,,-1.317133204,2011,2017,2017,14467,True,False,False,False,False,False,False,False,False,True,False,False,True
1100,29,63,171456.129,capture,,-1.400116928,2011,2017,2017,14467,True,False,False,False,False,False,False,False,False,True,False,False,True
1101,29,63,187997.8971,capture,,-1.331148352,2011,2017,2017,14467,True,False,False,False,False,False,False,False,False,True,False,False,True
1102,29,63,208522.5469,capture,,-1.35222595,2011,2017,2017,14467,True,False,False,False,False,False,False,False,False,True,False,False,True
1103,29,63,231287.9264,capture,,-1.362010219,2011,2017,2017,14467,True,False,False,False,False,False,False,False,False,True,False,False,True
1104,29,63,253602.1814,capture,,-1.497914441,2011,2017,2017,14467,True,False,False,False,False,False,False,False,False,True,False,False,True
1105,29,63,281289.1613,capture,,-1.473144013,2011,2017,2017,14467,True,False,False,False,False,False,False,False,False,True,False,False,True
1106,29,63,311998.854,capture,,-1.507588863,2011,2017,2017,14467,True,False,False,False,False,False,False,False,False,True,False,False,True
1107,29,63,342099.9529,capture,,-1.588801326,2011,2017,2017,14467,True,False,False,False,False,False,False,False,False,True,False,False,True
1108,29,63,379448.6096,capture,,-1.624885315,2011,2017,2017,14467,True,False,False,False,False,False,False,False,False,True,False,False,True
1109,29,63,420874.8726,capture,,-1.627548299,2011,2017,2017,14467,True,False,False,False,False,False,False,False,False,True,False,False,True
1110,29,63,466823.7983,capture,,-1.586700236,2011,2017,2017,14467,True,False,False,False,False,False,False,False,False,True,False,False,True
1111,29,63,517789.2047,capture,,-1.669586227,2011,2017,2017,14467,True,False,False,False,False,False,False,False,False,True,False,False,True
1112,29,63,567744.6252,capture,,-1.694648631,2011,2017,2017,14467,True,False,False,False,False,False,False,False,False,True,False,False,True
1113,29,63,629727.9945,capture,,-1.802443787,2011,2017,2017,14467,True,False,False,False,False,False,False,False,False,True,False,False,True
1114,29,63,682579.1125,capture,,-1.782516056,2011,2017,2017,14467,True,False,False,False,False,False,False,False,False,True,False,False,True
1115,29,63,390000,capture,,-1.600672468,2011,2018,2018,14502,True,False,False,False,False,False,False,False,False,True,False,False,True
1116,29,63,880000,capture,,-1.871600731,2011,2018,2018,14502,True,False,False,False,False,False,False,False,False,True,False,False,True
1117,29,63,1340000,capture,,-1.941573976,2011,2018,2018,14502,True,False,False,False,False,False,False,False,False,False,True,False,True
1118,29,63,1890000,capture,,-2.149353765,2011,2018,2018,14502,True,False,False,False,False,False,False,False,False,False,True,False,True
1119,29,63,2790000,capture,,-2.268411235,2011,2018,2018,14502,True,False,False,False,False,False,False,False,False,False,True,False,True
1120,29,63,3520000,capture,,-2.457174573,2011,2018,2018,14502,True,False,False,False,False,False,False,False,False,False,True,False,True
1121,29,63,4300000,capture,,-2.505845406,2011,2018,2018,14502,True,False,False,False,False,False,False,False,False,False,True,False,True
1122,29,63,5130000,capture,,-2.573488739,2011,2018,2018,14502,True,False,False,False,False,False,False,False,False,False,True,False,True
1123,29,63,6400000,capture,,-2.732828272,2011,2018,2018,14502,True,False,False,False,False,False,False,False,False,False,True,False,True
1124,29,63,7390000,capture,,-2.701146924,2011,2018,2018,14502,True,False,False,False,False,False,False,False,False,False,True,False,True
1125,29,63,5000000,na,,-2.772113295,2011,2014,2016,32748,False,False,False,True,False,False,False,False,False,False,True,False,True
1126,29,63,5500000,na,,-2.468521083,2011,2014,2016,32748,False,False,False,True,False,False,False,False,False,False,True,False,True
1127,29,63,6244997.998,na,,-2.175223538,2011,2014,2016,32748,False,False,False,True,False,False,False,False,False,False,True,False,True
1128,29,63,5000000,na,,-2.835647144,2011,2023,2024,32903,False,False,False,True,False,False,False,False,False,False,True,False,True
1129,29,63,5500000,na,,-2.498940738,2011,2023,2024,32903,False,False,False,True,False,False,False,False,False,False,True,False,True
1130,29,63,8500000,na,,-1.695294102,2011,2023,2024,32903,False,False,False,True,False,False,False,False,False,False,True,False,True
1131,29,63,9500000,na,,-1.574139855,2011,2023,2024,32903,False,False,False,True,False,False,False,False,False,False,True,False,True
1132,29,63,10500000,na,,-1.491470281,2011,2023,2024,32903,False,False,False,True,False,False,False,False,False,False,False,True,True
1133,29,63,8500000,na,,-1.648203693,2011,2023,2024,32903,False,False,False,True,False,False,False,False,False,False,True,False,True
1134,29,63,10500000,na,,-1.474825572,2011,2023,2024,32903,False,False,False,True,False,False,False,False,False,False,False,True,True
1135,29,63,14050245.93,na,,-1.339405533,2011,2016,2016,41614,False,False,False,True,False,False,False,False,False,False,False,True,True
1136,29,63,14860000,na,,-1.368556231,2011,2016,2016,41614,False,False,False,True,False,False,False,False,False,False,False,True,True
1137,29,65,390000,capture,,-1.902048929,2011,2018,2018,14502,True,False,False,False,False,False,False,False,False,True,False,False,True
1138,29,65,880000,capture,,-2.04431225,2011,2018,2018,14502,True,False,False,False,False,False,False,False,False,True,False,False,True
1139,29,65,1340000,capture,,-2.015472687,2011,2018,2018,14502,True,False,False,False,False,False,False,False,False,False,True,False,True
1140,29,65,1890000,capture,,-2.066006836,2011,2018,2018,14502,True,False,False,False,False,False,False,False,False,False,True,False,True
1141,29,65,2790000,capture,,-2.180456064,2011,2018,2018,14502,True,False,False,False,False,False,False,False,False,False,True,False,True
1142,29,65,3520000,capture,,-2.298432015,2011,2018,2018,14502,True,False,False,False,False,False,False,False,False,False,True,False,True
1143,29,65,4300000,capture,,-2.463441557,2011,2018,2018,14502,True,False,False,False,False,False,False,False,False,False,True,False,True
1144,29,65,5130000,capture,,-2.59345982,2011,2018,2018,14502,True,False,False,False,False,False,False,False,False,False,True,False,True
1145,29,65,6400000,capture,,-2.777283529,2011,2018,2018,14502,True,False,False,False,False,False,False,False,False,False,True,False,True
1146,29,65,7390000,capture,,-2.739928612,2011,2018,2018,14502,True,False,False,False,False,False,False,False,False,False,True,False,True
1147,29,65,14920000,n2n,,0.01318283615,2011,2022,2021,33163,False,True,False,False,False,False,False,False,False,False,False,True,True
1148,29,65,14075212.23,n2n,,-0.0511796667,2011,2016,2016,41614,False,True,False,False,False,False,False,False,False,False,False,True,True
1149,29,65,14780000,n2n,,-0.01457352592,2011,2016,2016,41614,False,True,False,False,False,False,False,False,False,False,False,True,True
1150,29,65,14500000,np,,-1.653647026,2011,2022,2024,32872,False,False,True,False,False,False,False,False,False,False,False,True,True
1151,29,65,14700000,np,,-1.668370282,2011,2022,2024,32872,False,False,True,False,False,False,False,False,False,False,False,True,True
1152,29,65,14920000,np,,-1.648977147,2011,2020,2020,33150,False,False,True,False,False,False,False,False,False,False,False,True,True
1153,29,65,14075212.23,np,,-1.675031997,2011,2016,2016,41614,False,False,True,False,False,False,False,False,False,False,False,True,True
1154,29,65,14780000,np,,-1.684029655,2011,2016,2016,41614,False,False,True,False,False,False,False,False,False,False,False,True,True
1155,30,64,12789517.29,n2n,,-1.762079434,2011,2013,2013,14330,False,True,False,False,False,False,False,False,False,False,False,True,True
1156,30,64,13905505.09,n2n,,-1.042239516,2011,2013,2013,14330,False,True,False,False,False,False,False,False,False,False,False,True,True
1157,30,64,14540000,n2n,,-0.7537723222,2011,2019,2020,33137,False,True,False,False,False,False,False,False,False,False,False,True,True
1158,30,64,14770000,n2n,,-0.8102851577,2011,2023,2024,33196,False,True,False,False,False,False,False,False,False,False,False,True,True
1159,30,64,14048944.67,n2n,,-0.9938396913,2011,2016,2016,41614,False,True,False,False,False,False,False,False,False,False,False,True,True
1160,30,64,14810000,n2n,,-0.7958800173,2011,2016,2016,41614,False,True,False,False,False,False,False,False,False,False,False,True,True
1161,30,64,4324349.662,na,,-1.207258214,2011,2018,2018,41653,False,False,False,True,False,False,False,False,False,False,True,False,True
1162,30,64,4500000,na,,-1.199970641,2011,2018,2018,41653,False,False,False,True,False,False,False,False,False,False,True,False,True
1163,30,64,6049793.385,na,,-1.120330794,2011,2018,2018,41653,False,False,False,True,False,False,False,False,False,False,True,False,True
1164,30,64,2760000,np,,-1.301899454,2011,2017,2026,14484,False,False,True,False,False,False,False,False,False,False,True,False,True
1165,30,64,2760000,np,,-1.308034897,2011,2017,2026,14484,False,False,True,False,False,False,False,False,False,False,True,False,True
1166,30,64,2760000,np,,-1.30980392,2011,2017,2026,14484,False,False,True,False,False,False,False,False,False,False,True,False,True
1167,30,64,2760000,np,,-1.338187314,2011,2017,2026,14484,False,False,True,False,False,False,False,False,False,False,True,False,True
1168,30,64,2760000,np,,-1.332547047,2011,2017,2026,14484,False,False,True,False,False,False,False,False,False,False,True,False,True
1169,30,64,2760000,np,,-1.329754147,2011,2017,2026,14484,False,False,True,False,False,False,False,False,False,False,True,False,True
1170,30,64,14000000,np,,-0.7444862872,2011,2023,2024,32884,False,False,True,False,False,False,False,False,False,False,False,True,True
1171,30,66,14000000,n2n,,-0.1833610551,2011,2023,2024,32884,False,True,False,False,False,False,False,False,False,False,False,True,True
1172,30,66,14770000,n2n,,-0.1405554619,2011,2023,2024,33196,False,True,False,False,False,False,False,False,False,False,False,True,True
1173,30,66,4000000,na,,-2.744727495,2011,2017,2017,32755,False,False,False,True,False,False,False,False,False,False,True,False,True
1174,30,66,5000000,na,,-2.263603498,2011,2017,2017,32755,False,False,False,True,False,False,False,False,False,False,True,False,True
1175,30,66,6000000,na,,-2,2011,2017,2017,32755,False,False,False,True,False,False,False,False,False,False,True,False,True
1176,30,66,14770000,np,,-1.229516191,2011,2023,2024,33196,False,False,True,False,False,False,False,False,False,False,False,True,True
1177,30,67,14540000,np,,-1.301464507,2011,2019,2020,33137,False,False,True,False,False,False,False,False,False,False,False,True,True
1178,30,67,14770000,np,,-1.294563953,2011,2023,2024,33196,False,False,True,False,False,False,False,False,False,False,False,True,True
1179,30,68,6350000,na,,-2.939551478,2011,2025,2026,14862,False,False,False,True,False,False,False,False,False,False,True,False,True
1180,30,68,6850000,na,,-2.795711761,2011,2025,2026,14862,False,False,False,True,False,False,False,False,False,False,True,False,True
1181,30,68,7595887.045,na,,-2.539878269,2011,2025,2026,14862,False,False,False,True,False,False,False,False,False,False,True,False,True
1182,30,68,8596365.511,na,,-2.369882446,2011,2025,2026,14862,False,False,False,True,False,False,False,False,False,False,True,False,True
1183,30,68,9350000,na,,-2.306882722,2011,2025,2026,14862,False,False,False,True,False,False,False,False,False,False,True,False,True
1184,30,68,10341942.2,na,,-2.234342371,2011,2025,2026,14862,False,False,False,True,False,False,False,False,False,False,False,True,True
1185,30,68,11597305.72,na,,-2.056699674,2011,2025,2026,14862,False,False,False,True,False,False,False,False,False,False,False,True,True
1186,30,68,12597519.6,na,,-1.971224457,2011,2025,2026,14862,False,False,False,True,False,False,False,False,False,False,False,True,True
1187,30,68,14770000,na,,-2.010550182,2011,2023,2024,33196,False,False,False,True,False,False,False,False,False,False,False,True,True
1188,30,68,6850000,np,,-2.938852992,2011,2025,2026,14862,False,False,True,False,False,False,False,False,False,False,True,False,True
1189,30,68,7595887.045,np,,-2.440924474,2011,2025,2026,14862,False,False,True,False,False,False,False,False,False,False,True,False,True
1190,30,68,8596365.511,np,,-2.166707829,2011,2025,2026,14862,False,False,True,False,False,False,False,False,False,False,True,False,True
1191,30,68,9350000,np,,-1.989551628,2011,2025,2026,14862,False,False,True,False,False,False,False,False,False,False,True,False,True
1192,30,68,10341942.2,np,,-1.883058142,2011,2025,2026,14862,False,False,True,False,False,False,False,False,False,False,False,True,True
1193,30,68,11597305.72,np,,-1.671976338,2011,2025,2026,14862,False,False,True,False,False,False,False,False,False,False,False,True,True
1194,30,68,12350000,np,,-1.834307659,2011,2025,2026,14862,False,False,True,False,False,False,False,False,False,False,False,True,True
1195,31,69,13796738.75,n2n,,-0.06424089625,2011,2012,2012,32704,False,True,False,False,False,False,False,False,False,False,False,True,True
1196,31,69,14800000,n2n,,-0.03011835625,2011,2012,2012,32704,False,True,False,False,False,False,False,False,False,False,False,True,True
1197,31,69,14900000,n2n,,-0.08025266819,2011,2019,2019,33132,False,True,False,False,False,False,False,False,False,False,False,True,True
1198,31,71,13796738.75,capture,,-2.775985189,2011,2012,2012,32706,True,False,False,False,False,False,False,False,False,False,False,True,True
1199,31,71,14800000,capture,,-3.039767127,2011,2012,2012,32706,True,False,False,False,False,False,False,False,False,False,False,True,True
1200,31,71,620000,capture,,-1.742321425,2011,2012,2012,32707,True,False,False,False,False,False,False,False,False,True,False,False,True
1201,31,71,1020000,capture,,-1.886056648,2011,2012,2012,32707,True,False,False,False,False,False,False,False,False,False,True,False,True
1202,31,71,1940000,capture,,-2.1837587,2011,2012,2012,32707,True,False,False,False,False,False,False,False,False,False,True,False,True
1203,31,71,2980000,capture,,-2.282329497,2011,2012,2012,32707,True,False,False,False,False,False,False,False,False,False,True,False,True
1204,31,71,2150000,capture,,-2.039053804,2011,2023,2023,33193,True,False,False,False,False,False,False,False,False,False,True,False,True
1205,31,71,3190000,capture,,-2.241088108,2011,2023,2023,33193,True,False,False,False,False,False,False,False,False,False,True,False,True
1206,31,71,13796738.75,n2n,,-0.004364805402,2011,2012,2012,32704,False,True,False,False,False,False,False,False,False,False,False,True,True
1207,31,71,14800000,n2n,,0.03342375549,2011,2012,2012,32704,False,True,False,False,False,False,False,False,False,False,False,True,True
1208,31,71,14900000,n2n,,0.06269853248,2011,2019,2019,33132,False,True,False,False,False,False,False,False,False,False,False,True,True
1209,32,70,124567,capture,,-1.371070837,2011,2022,2022,14791,True,False,False,False,False,False,False,False,False,True,False,False,True
1210,32,70,141059.8301,capture,,-1.216819895,2011,2022,2022,14791,True,False,False,False,False,False,False,False,False,True,False,False,True
1211,32,70,159736,capture,,-1.352398959,2011,2022,2022,14791,True,False,False,False,False,False,False,False,False,True,False,False,True
1212,32,70,173541,capture,,-1.344567651,2011,2022,2022,14791,True,False,False,False,False,False,False,False,False,True,False,False,True
1213,32,70,188540,capture,,-1.364949759,2011,2022,2022,14791,True,False,False,False,False,False,False,False,False,True,False,False,True
1214,32,70,204834,capture,,-1.344148256,2011,2022,2022,14791,True,False,False,False,False,False,False,False,False,True,False,False,True
1215,32,70,231954.2422,capture,,-1.377373127,2011,2022,2022,14791,True,False,False,False,False,False,False,False,False,True,False,False,True
1216,32,70,262665,capture,,-1.398144175,2011,2022,2022,14791,True,False,False,False,False,False,False,False,False,True,False,False,True
1217,32,70,285366,capture,,-1.405973384,2011,2022,2022,14791,True,False,False,False,False,False,False,False,False,True,False,False,True
1218,32,70,310029,capture,,-1.408020997,2011,2022,2022,14791,True,False,False,False,False,False,False,False,False,True,False,False,True
1219,32,70,336824,capture,,-1.416659508,2011,2022,2022,14791,True,False,False,False,False,False,False,False,False,True,False,False,True
1220,32,70,381419.3506,capture,,-1.404256389,2011,2022,2022,14791,True,False,False,False,False,False,False,False,False,True,False,False,True
1221,32,70,431920,capture,,-1.403329245,2011,2022,2022,14791,True,False,False,False,False,False,False,False,False,True,False,False,True
1222,32,70,469249,capture,,-1.37271302,2011,2022,2022,14791,True,False,False,False,False,False,False,False,False,True,False,False,True
1223,32,70,509804,capture,,-1.400187861,2011,2022,2022,14791,True,False,False,False,False,False,False,False,False,True,False,False,True
1224,32,70,553864,capture,,-1.409795925,2011,2022,2022,14791,True,False,False,False,False,False,False,False,False,True,False,False,True
1225,32,70,627195.721,capture,,-1.435193138,2011,2022,2022,14791,True,False,False,False,False,False,False,False,False,True,False,False,True
1226,32,70,710236,capture,,-1.423405289,2011,2022,2022,14791,True,False,False,False,False,False,False,False,False,True,False,False,True
1227,32,70,771619,capture,,-1.388432811,2011,2022,2022,14791,True,False,False,False,False,False,False,False,False,True,False,False,True
1228,32,70,838307,capture,,-1.373057377,2011,2022,2022,14791,True,False,False,False,False,False,False,False,False,True,False,False,True
1229,32,70,910758,capture,,-1.416720725,2011,2022,2022,14791,True,False,False,False,False,False,False,False,False,True,False,False,True
1230,32,70,118608.8799,capture,,-1.353252308,2011,2019,2019,23454,True,False,False,False,False,False,False,False,False,True,False,False,True
1231,32,70,126951.531,capture,,-1.368677759,2011,2019,2019,23454,True,False,False,False,False,False,False,False,False,True,False,False,True
1232,32,70,140568.3877,capture,,-1.342260719,2011,2019,2019,23454,True,False,False,False,False,False,False,False,False,True,False,False,True
1233,32,70,155632.7548,capture,,-1.40833976,2011,2019,2019,23454,True,False,False,False,False,False,False,False,False,True,False,False,True
1234,32,70,170360.1461,capture,,-1.429568859,2011,2019,2019,23454,True,False,False,False,False,False,False,False,False,True,False,False,True
1235,32,70,188582.2999,capture,,-1.448368515,2011,2019,2019,23454,True,False,False,False,False,False,False,False,False,True,False,False,True
1236,32,70,208733.1713,capture,,-1.49892738,2011,2019,2019,23454,True,False,False,False,False,False,False,False,False,True,False,False,True
1237,32,70,231011.7836,capture,,-1.465686999,2011,2019,2019,23454,True,False,False,False,False,False,False,False,False,True,False,False,True
1238,32,70,255640.1151,capture,,-1.503898236,2011,2019,2019,23454,True,False,False,False,False,False,False,False,False,True,False,False,True
1239,32,70,282860.144,capture,,-1.542689569,2011,2019,2019,23454,True,False,False,False,False,False,False,False,False,True,False,False,True
1240,32,70,302580,capture,,-1.531496115,2011,2019,2019,23454,True,False,False,False,False,False,False,False,False,True,False,False,True
1241,32,72,159736,capture,,-1.559473454,2011,2022,2022,14791,True,False,False,False,False,False,False,False,False,True,False,False,True
1242,32,72,173541,capture,,-1.542003114,2011,2022,2022,14791,True,False,False,False,False,False,False,False,False,True,False,False,True
1243,32,72,188540,capture,,-1.504047922,2011,2022,2022,14791,True,False,False,False,False,False,False,False,False,True,False,False,True
1244,32,72,204834,capture,,-1.496729693,2011,2022,2022,14791,True,False,False,False,False,False,False,False,False,True,False,False,True
1245,32,72,231954.2422,capture,,-1.548119963,2011,2022,2022,14791,True,False,False,False,False,False,False,False,False,True,False,False,True
1246,32,72,262665,capture,,-1.575131425,2011,2022,2022,14791,True,False,False,False,False,False,False,False,False,True,False,False,True
1247,32,72,285366,capture,,-1.586847821,2011,2022,2022,14791,True,False,False,False,False,False,False,False,False,True,False,False,True
1248,32,72,310029,capture,,-1.602059991,2011,2022,2022,14791,True,False,False,False,False,False,False,False,False,True,False,False,True
1249,32,72,336824,capture,,-1.584642638,2011,2022,2022,14791,True,False,False,False,False,False,False,False,False,True,False,False,True
1250,32,72,381419.3506,capture,,-1.567335303,2011,2022,2022,14791,True,False,False,False,False,False,False,False,False,True,False,False,True
1251,32,72,431920,capture,,-1.568369307,2011,2022,2022,14791,True,False,False,False,False,False,False,False,False,True,False,False,True
1252,32,72,469249,capture,,-1.580637477,2011,2022,2022,14791,True,False,False,False,False,False,False,False,False,True,False,False,True
1253,32,72,509804,capture,,-1.553744066,2011,2022,2022,14791,True,False,False,False,False,False,False,False,False,True,False,False,True
1254,32,72,553864,capture,,-1.576437944,2011,2022,2022,14791,True,False,False,False,False,False,False,False,False,True,False,False,True
1255,32,72,627195.721,capture,,-1.579639869,2011,2022,2022,14791,True,False,False,False,False,False,False,False,False,True,False,False,True
1256,32,72,710236,capture,,-1.59003815,2011,2022,2022,14791,True,False,False,False,False,False,False,False,False,True,False,False,True
1257,32,72,771619,capture,,-1.641324817,2011,2022,2022,14791,True,False,False,False,False,False,False,False,False,True,False,False,True
1258,32,72,838307,capture,,-1.722088375,2011,2022,2022,14791,True,False,False,False,False,False,False,False,False,True,False,False,True
1259,32,72,910758,capture,,-1.82716364,2011,2022,2022,14791,True,False,False,False,False,False,False,False,False,True,False,False,True
1260,32,72,155625,capture,,-1.539944513,2011,2021,2021,23757,True,False,False,False,False,False,False,False,False,True,False,False,True
1261,32,72,170348.9668,capture,,-1.624190122,2011,2021,2021,23757,True,False,False,False,False,False,False,False,False,True,False,False,True
1262,32,72,190716.4183,capture,,-1.637150114,2011,2021,2021,23757,True,False,False,False,False,False,False,False,False,True,False,False,True
1263,32,72,208721.9768,capture,,-1.605154481,2011,2021,2021,23757,True,False,False,False,False,False,False,False,False,True,False,False,True
1264,32,72,228414.5059,capture,,-1.595722331,2011,2021,2021,23757,True,False,False,False,False,False,False,False,False,True,False,False,True
1265,32,72,255627.485,capture,,-1.664341548,2011,2021,2021,23757,True,False,False,False,False,False,False,False,False,True,False,False,True
1266,32,72,286040.2942,capture,,-1.693403433,2011,2021,2021,23757,True,False,False,False,False,False,False,False,False,True,False,False,True
1267,32,72,305975,capture,,-1.630951211,2011,2021,2021,23757,True,False,False,False,False,False,False,False,False,True,False,False,True
1268,32,72,17900000,np,,-1.458420756,2011,2024,2024,23907,False,False,True,False,False,False,False,False,False,False,False,True,True
1269,32,72,17900000,np,,-1.552841969,2011,2024,2024,23907,False,False,True,False,False,False,False,False,False,False,False,True,True
1270,32,73,14387.58572,capture,,-0.225242475,2011,2019,2019,23451,True,False,False,False,False,False,False,False,True,False,False,False,False
1271,32,73,15588.01832,capture,,-0.2371028439,2011,2019,2019,23451,True,False,False,False,False,False,False,False,True,False,False,False,False
1272,32,73,17082.70638,capture,,-0.3090317399,2011,2019,2019,23451,True,False,False,False,False,False,False,False,True,False,False,False,False
1273,32,73,18935.62562,capture,,-0.3218895212,2011,2019,2019,23451,True,False,False,False,False,False,False,False,True,False,False,False,False
1274,32,73,20988.83647,capture,,-0.3552778822,2011,2019,2019,23451,True,False,False,False,False,False,False,False,True,False,False,False,False
1275,32,73,22999.40873,capture,,-0.3673784865,2011,2019,2019,23451,True,False,False,False,False,False,False,False,True,False,False,False,False
1276,32,73,25491.50071,capture,,-0.3987180924,2011,2019,2019,23451,True,False,False,False,False,False,False,False,True,False,False,False,False
1277,32,73,28252.55563,capture,,-0.4343259929,2011,2019,2019,23451,True,False,False,False,False,False,False,False,True,False,False,False,False
1278,32,73,31311.345,capture,,-0.4498032109,2011,2019,2019,23451,True,False,False,False,False,False,False,False,True,False,False,False,False
1279,32,73,34699.89586,capture,,-0.4842688481,2011,2019,2019,23451,True,False,False,False,False,False,False,False,True,False,False,False,False
1280,32,73,38017.075,capture,,-0.5580316511,2011,2019,2019,23451,True,False,False,False,False,False,False,False,True,False,False,False,False
1281,32,73,42127.57852,capture,,-0.5180316632,2011,2019,2019,23451,True,False,False,False,False,False,False,False,True,False,False,False,False
1282,32,73,46680.20974,capture,,-0.5944133329,2011,2019,2019,23451,True,False,False,False,False,False,False,False,True,False,False,False,False
1283,32,73,51722.06071,capture,,-0.5905281158,2011,2019,2019,23451,True,False,False,False,False,False,False,False,True,False,False,False,False
1284,32,73,57305.47297,capture,,-0.6352192552,2011,2019,2019,23451,True,False,False,False,False,False,False,False,True,False,False,False,False
1285,32,73,62769.44734,capture,,-0.6500521169,2011,2019,2019,23451,True,False,False,False,False,False,False,False,True,False,False,False,False
1286,32,73,69537.51021,capture,,-0.718421265,2011,2019,2019,23451,True,False,False,False,False,False,False,False,True,False,False,False,False
1287,32,73,77030.64059,capture,,-0.7322998104,2011,2019,2019,23451,True,False,False,False,False,False,False,False,True,False,False,False,False
1288,32,73,85325.31312,capture,,-0.7916048704,2011,2019,2019,23451,True,False,False,False,False,False,False,False,True,False,False,False,False
1289,32,73,94506.77759,capture,,-0.8520695101,2011,2019,2019,23451,True,False,False,False,False,False,False,False,True,False,False,False,False
1290,32,73,103487.9546,capture,,-0.8351982087,2011,2019,2019,23451,True,False,False,False,False,False,False,False,False,True,False,False,True
1291,32,73,114607.0823,capture,,-0.8617326785,2011,2019,2019,23451,True,False,False,False,False,False,False,False,False,True,False,False,True
1292,32,73,126911.0463,capture,,-0.9056546708,2011,2019,2019,23451,True,False,False,False,False,False,False,False,False,True,False,False,True
1293,32,73,140523.6055,capture,,-0.9551853257,2011,2019,2019,23451,True,False,False,False,False,False,False,False,False,True,False,False,True
1294,32,73,155583.5201,capture,,-0.9555424615,2011,2019,2019,23451,True,False,False,False,False,False,False,False,False,True,False,False,True
1295,32,73,170305.657,capture,,-1.004353839,2011,2019,2019,23451,True,False,False,False,False,False,False,False,False,True,False,False,True
1296,32,73,188522.137,capture,,-1.026820958,2011,2019,2019,23451,True,False,False,False,False,False,False,False,False,True,False,False,True
1297,32,73,208666.4366,capture,,-1.068816956,2011,2019,2019,23451,True,False,False,False,False,False,False,False,False,True,False,False,True
1298,32,73,230937.8182,capture,,-1.07995122,2011,2019,2019,23451,True,False,False,False,False,False,False,False,False,True,False,False,True
1299,32,73,255558.1454,capture,,-1.090227279,2011,2019,2019,23451,True,False,False,False,False,False,False,False,False,True,False,False,True
1300,32,73,282769.1879,capture,,-1.139045912,2011,2019,2019,23451,True,False,False,False,False,False,False,False,False,True,False,False,True
1301,32,74,380000,capture,,-1.692717953,2011,2015,2017,14469,True,False,False,False,False,False,False,False,False,True,False,False,True
1302,32,74,860000,capture,,-1.927015255,2011,2015,2017,14469,True,False,False,False,False,False,False,False,False,True,False,False,True
1303,32,74,1320000,capture,,-2.071604148,2011,2015,2017,14469,True,False,False,False,False,False,False,False,False,False,True,False,True
1304,32,74,1870000,capture,,-2.208309351,2011,2015,2017,14469,True,False,False,False,False,False,False,False,False,False,True,False,True
1305,32,74,2770000,capture,,-2.203425667,2011,2015,2017,14469,True,False,False,False,False,False,False,False,False,False,True,False,True
1306,32,74,3390000,capture,,-2.443697499,2011,2015,2017,14469,True,False,False,False,False,False,False,False,False,False,True,False,True
1307,32,74,4390000,capture,,-2.600326279,2011,2015,2017,14469,True,False,False,False,False,False,False,False,False,False,True,False,True
1308,32,74,5330000,capture,,-2.790484985,2011,2015,2017,14469,True,False,False,False,False,False,False,False,False,False,True,False,True
1309,32,74,6640000,capture,,-2.910094889,2011,2015,2017,14469,True,False,False,False,False,False,False,False,False,False,True,False,True
1310,32,74,7360000,capture,,-2.91721463,2011,2015,2017,14469,True,False,False,False,False,False,False,False,False,False,True,False,True
1311,32,74,13930689.97,np,,-2.026179676,2011,2016,2016,41614,False,False,True,False,False,False,False,False,False,False,False,True,True
1312,32,74,14799783.78,np,,-1.91721463,2011,2016,2016,41614,False,False,True,False,False,False,False,False,False,False,False,True,True
1313,32,76,580340.7343,inelastic,,-0.8155925146,2011,2013,2014,23204,False,False,False,False,False,False,True,False,False,True,False,False,True
1314,32,76,627056.6724,inelastic,,-0.5752816627,2011,2013,2014,23204,False,False,False,False,False,False,True,False,False,True,False,False,True
1315,32,76,694603.6901,inelastic,,-0.3410351573,2011,2013,2014,23204,False,False,False,False,False,False,True,False,False,True,False,False,True
1316,32,76,764741.0613,inelastic,,-0.2408044713,2011,2013,2014,23204,False,False,False,False,False,False,True,False,False,True,False,False,True
1317,32,76,846159.9198,inelastic,,-0.2092458354,2011,2013,2014,23204,False,False,False,False,False,False,True,False,False,True,False,False,True
1318,32,76,935132.1758,inelastic,,-0.1023729087,2011,2013,2014,23204,False,False,False,False,False,False,True,False,False,True,False,False,True
1319,32,76,1031445.459,inelastic,,-0.02671816856,2011,2013,2014,23204,False,False,False,False,False,False,True,False,False,False,True,False,True
1320,32,76,1139998.482,inelastic,,-0.002807843907,2011,2013,2014,23204,False,False,False,False,False,False,True,False,False,False,True,False,True
1321,32,76,1265832.369,inelastic,,0.03875258899,2011,2013,2014,23204,False,False,False,False,False,False,True,False,False,False,True,False,True
1322,32,76,1404772.267,inelastic,,0.05327056668,2011,2013,2014,23204,False,False,False,False,False,False,True,False,False,False,True,False,True
1323,32,76,1547291.577,inelastic,,0.08788278191,2011,2013,2014,23204,False,False,False,False,False,False,True,False,False,False,True,False,True
1324,32,76,1700933.057,inelastic,,0.09740606615,2011,2013,2014,23204,False,False,False,False,False,False,True,False,False,False,True,False,True
1325,32,76,1878667.803,inelastic,,0.1167974337,2011,2013,2014,23204,False,False,False,False,False,False,True,False,False,False,True,False,True
1326,32,76,2054400.816,inelastic,,0.1205739312,2011,2013,2014,23204,False,False,False,False,False,False,True,False,False,False,True,False,True
1327,32,76,2211220,inelastic,,0.1461280357,2011,2013,2014,23204,False,False,False,False,False,False,True,False,False,False,True,False,True
1328,32,76,10142041.21,n2n,,-0.8873782436,2011,2017,2017,14472,False,True,False,False,False,False,False,False,False,False,False,True,True
1329,32,76,11379486.93,n2n,,-0.2882180704,2011,2017,2017,14472,False,True,False,False,False,False,False,False,False,False,False,True,True
1330,32,76,12622622.55,n2n,,-0.07522982509,2011,2017,2017,14472,False,True,False,False,False,False,False,False,False,False,False,True,True
1331,32,76,13860772.52,n2n,,0.005509398912,2011,2017,2017,14472,False,True,False,False,False,False,False,False,False,False,False,True,True
1332,32,76,14800000,n2n,,0.03753007877,2011,2017,2017,14472,False,True,False,False,False,False,False,False,False,False,False,True,True
1333,32,76,17900000,n2n,,0.08278537032,2011,2024,2024,23907,False,True,False,False,False,False,False,False,False,False,False,True,True
1334,32,76,17900000,n2n,,0.06069784035,2011,2024,2024,23907,False,True,False,False,False,False,False,False,False,False,False,True,True
1335,32,76,13796738.75,n2n,,0.1012313868,2011,2018,2018,32777,False,True,False,False,False,False,False,False,False,False,False,True,True
1336,32,76,14800000,n2n,,0.1109262423,2011,2018,2018,32777,False,True,False,False,False,False,False,False,False,False,False,True,True
1337,33,75,14100000,n2n,,-0.01322826573,2011,2026,2026,14866,False,True,False,False,False,False,False,False,False,False,False,True,True
1338,33,75,14100000,n2n,,-0.01682492796,2011,2026,2026,14866,False,True,False,False,False,False,False,False,False,False,False,True,True
1339,33,75,14100000,n2n,,-0.03763066433,2011,2026,2026,14866,False,True,False,False,False,False,False,False,False,False,False,True,True
1340,34,74,13796738.75,n2n,,-0.5279753023,2011,2020,2021,32805,False,True,False,False,False,False,False,False,False,False,False,True,True
1341,34,74,14800000,n2n,,-0.2873502984,2011,2020,2021,32805,False,True,False,False,False,False,False,False,False,False,False,True,True
1342,34,74,14022177.09,n2n,,-0.5382014425,2011,2016,2016,41614,False,True,False,False,False,False,False,False,False,False,False,True,True
1343,34,74,14810000,n2n,,-0.3545777307,2011,2016,2016,41614,False,True,False,False,False,False,False,False,False,False,False,True,True
1344,34,74,14015229.98,np,,-0.7972393126,2011,2016,2016,41614,False,False,True,False,False,False,False,False,False,False,False,True,True
1345,34,74,14810000,np,,-0.8728952016,2011,2016,2016,41614,False,False,True,False,False,False,False,False,False,False,False,True,True
1346,34,76,14770000,n2n,,-0.0657086455,2011,2023,2023,33192,False,True,False,False,False,False,False,False,False,False,False,True,True
1347,34,76,14022177.09,n2n,,-0.1099144733,2011,2016,2016,41614,False,True,False,False,False,False,False,False,False,False,False,True,True
1348,34,76,14810000,n2n,,-0.005243055412,2011,2016,2016,41614,False,True,False,False,False,False,False,False,False,False,False,True,True
1349,34,76,14770000,np,,-1.330497166,2011,2023,2023,33192,False,False,True,False,False,False,False,False,False,False,False,True,True
1350,34,76,14022177.09,np,,-1.308388126,2011,2016,2016,41614,False,False,True,False,False,False,False,False,False,False,False,True,True
1351,34,76,14810000,np,,-1.2644011,2011,2016,2016,41614,False,False,True,False,False,False,False,False,False,False,False,True,True
1352,34,77,20997.53359,capture,,-0.1882430709,2011,2023,2023,23655,True,False,False,False,False,False,False,False,True,False,False,False,False
1353,34,77,23008.90611,capture,,-0.1800085112,2011,2023,2023,23655,True,False,False,False,False,False,False,False,True,False,False,False,False
1354,34,77,25501.97476,capture,,-0.2188677284,2011,2023,2023,23655,True,False,False,False,False,False,False,False,True,False,False,False,False
1355,34,77,28264.15258,capture,,-0.3014312519,2011,2023,2023,23655,True,False,False,False,False,False,False,False,True,False,False,False,False
1356,34,77,31324.17845,capture,,-0.2329893685,2011,2023,2023,23655,True,False,False,False,False,False,False,False,True,False,False,False,False
1357,34,77,34714.04191,capture,,-0.2356052804,2011,2023,2023,23655,True,False,False,False,False,False,False,False,True,False,False,False,False
1358,34,77,38032.57035,capture,,-0.3300433088,2011,2023,2023,23655,True,False,False,False,False,False,False,False,True,False,False,False,False
1359,34,77,42144.6901,capture,,-0.3552082098,2011,2023,2023,23655,True,False,False,False,False,False,False,False,True,False,False,False,False
1360,34,77,46699.15336,capture,,-0.3327911145,2011,2023,2023,23655,True,False,False,False,False,False,False,False,True,False,False,False,False
1361,34,77,51742.97105,capture,,-0.3540749476,2011,2023,2023,23655,True,False,False,False,False,False,False,False,True,False,False,False,False
1362,34,77,57328.59037,capture,,-0.4037991727,2011,2023,2023,23655,True,False,False,False,False,False,False,False,True,False,False,False,False
1363,34,77,62794.68958,capture,,-0.4348067714,2011,2023,2023,23655,True,False,False,False,False,False,False,False,True,False,False,False,False
1364,34,77,69565.37641,capture,,-0.4635892932,2011,2023,2023,23655,True,False,False,False,False,False,False,False,True,False,False,False,False
1365,34,77,77061.4065,capture,,-0.4801713502,2011,2023,2023,23655,True,False,False,False,False,False,False,False,True,False,False,False,False
1366,34,77,84395.24372,capture,,-0.4887280882,2011,2023,2023,23655,True,False,False,False,False,False,False,False,True,False,False,False,False
1367,34,77,93476.98591,capture,,-0.5392954538,2011,2023,2023,23655,True,False,False,False,False,False,False,False,True,False,False,False,False
1368,34,77,103528.6979,capture,,-0.516449074,2011,2023,2023,23655,True,False,False,False,False,False,False,False,False,True,False,False,True
1369,34,77,114652.4739,capture,,-0.5005584456,2011,2023,2023,23655,True,False,False,False,False,False,False,False,False,True,False,False,True
1370,34,77,126961.0284,capture,,-0.5419997098,2011,2023,2023,23655,True,False,False,False,False,False,False,False,False,True,False,False,True
1371,34,77,140578.9795,capture,,-0.5757091443,2011,2023,2023,23655,True,False,False,False,False,False,False,False,False,True,False,False,True
1372,34,77,155644.2528,capture,,-0.579168702,2011,2023,2023,23655,True,False,False,False,False,False,False,False,False,True,False,False,True
1373,34,77,170372.133,capture,,-0.6092030594,2011,2023,2023,23655,True,False,False,False,False,False,False,False,False,True,False,False,True
1374,34,77,188595.3065,capture,,-0.6238330791,2011,2023,2023,23655,True,False,False,False,False,False,False,False,False,True,False,False,True
1375,34,77,14022177.09,np,,-1.207328211,2011,2016,2016,41614,False,False,True,False,False,False,False,False,False,False,False,True,True
1376,34,77,14810000,np,,-1.11407366,2011,2016,2016,41614,False,False,True,False,False,False,False,False,False,False,False,True,True
1377,34,78,155697.2066,capture,,-1.30980392,2011,2024,2024,23666,True,False,False,False,False,False,False,False,False,True,False,False,True
1378,34,78,170429.4973,capture,,-1.375305469,2011,2024,2024,23666,True,False,False,False,False,False,False,False,False,True,False,False,True
1379,34,78,188659.601,capture,,-1.317629257,2011,2024,2024,23666,True,False,False,False,False,False,False,False,False,True,False,False,True
1380,34,78,208817.5564,capture,,-1.36552273,2011,2024,2024,23666,True,False,False,False,False,False,False,False,False,True,False,False,True
1381,34,78,231105.4368,capture,,-1.362760512,2011,2024,2024,23666,True,False,False,False,False,False,False,False,False,True,False,False,True
1382,34,78,255742.2934,capture,,-1.38341947,2011,2024,2024,23666,True,False,False,False,False,False,False,False,False,True,False,False,True
1383,34,78,282973.3532,capture,,-1.398483216,2011,2024,2024,23666,True,False,False,False,False,False,False,False,False,True,False,False,True
1384,34,78,313063.6643,capture,,-1.42365865,2011,2024,2024,23666,True,False,False,False,False,False,False,False,False,True,False,False,True
1385,34,78,346310.3342,capture,,-1.417652506,2011,2024,2024,23666,True,False,False,False,False,False,False,False,False,True,False,False,True
1386,34,78,378771.6205,capture,,-1.411448194,2011,2024,2024,23666,True,False,False,False,False,False,False,False,False,True,False,False,True
1387,34,78,418884.0158,capture,,-1.415216621,2011,2024,2024,23666,True,False,False,False,False,False,False,False,False,True,False,False,True
1388,34,78,463177.9872,capture,,-1.453148998,2011,2024,2024,23666,True,False,False,False,False,False,False,False,False,True,False,False,True
1389,34,78,512072.972,capture,,-1.416121402,2011,2024,2024,23666,True,False,False,False,False,False,False,False,False,True,False,False,True
1390,34,78,566040.4396,capture,,-1.424235019,2011,2024,2024,23666,True,False,False,False,False,False,False,False,False,True,False,False,True
1391,34,78,598401.344,capture,,-1.413412695,2011,2024,2024,23666,True,False,False,False,False,False,False,False,False,True,False,False,True
1392,34,78,13876435.04,na,,-2.113133425,2011,2016,2016,41614,False,False,False,True,False,False,False,False,False,False,False,True,True
1393,34,78,14810000,na,,-2,2011,2016,2016,41614,False,False,False,True,False,False,False,False,False,False,False,True,True
1394,34,78,14070514.08,np,,-1.767851294,2011,2014,2015,33080,False,False,True,False,False,False,False,False,False,False,False,True,True
1395,34,78,14724931.24,np,,-1.673664139,2011,2014,2015,33080,False,False,True,False,False,False,False,False,False,False,False,True,True
1396,34,78,14770000,np,,-1.71828503,2011,2023,2023,33192,False,False,True,False,False,False,False,False,False,False,False,True,True
1397,34,78,14123306.56,np,,-1.721246399,2011,2016,2016,41614,False,False,True,False,False,False,False,False,False,False,False,True,True
1398,34,78,14824992.41,np,,-1.681936665,2011,2016,2016,41614,False,False,True,False,False,False,False,False,False,False,False,True,True
1399,34,80,14070514.08,np,,-2.165367394,2011,2014,2015,33080,False,False,True,False,False,False,False,False,False,False,False,True,True
1400,34,80,14724931.24,np,,-1.987162775,2011,2014,2015,33080,False,False,True,False,False,False,False,False,False,False,False,True,True
1401,34,80,13944596.3,np,,-2.02487468,2011,2016,2016,41614,False,False,True,False,False,False,False,False,False,False,False,True,True
1402,34,80,14759945.8,np,,-1.933674075,2011,2016,2016,41614,False,False,True,False,False,False,False,False,False,False,False,True,True
1403,34,82,14123306.56,n2n,,0.1524921907,2011,2016,2016,41614,False,True,False,False,False,False,False,False,False,False,False,True,True
1404,34,82,14824992.41,n2n,,0.2074997233,2011,2016,2016,41614,False,True,False,False,False,False,False,False,False,False,False,True,True
1405,35,79,13994964.18,n2n,,0.06082370457,2011,2023,2024,32900,False,True,False,False,False,False,False,False,False,False,False,True,True
1406,35,79,14800000,n2n,,0.09691001301,2011,2023,2024,32900,False,True,False,False,False,False,False,False,False,False,False,True,True
1407,35,79,13994964.18,na,,-1.924453039,2011,2023,2024,32900,False,False,False,True,False,False,False,False,False,False,False,True,True
1408,35,79,14800000,na,,-1.869666232,2011,2023,2024,32900,False,False,False,True,False,False,False,False,False,False,False,True,True
1409,35,81,13994964.18,n2n,,0.05050864615,2011,2023,2024,32898,False,True,False,False,False,False,False,False,False,False,False,True,True
1410,35,81,14800000,n2n,,0.08635983067,2011,2023,2024,32898,False,True,False,False,False,False,False,False,False,False,False,True,True
1411,35,81,13994964.18,na,,-2.346787486,2011,2023,2024,32900,False,False,False,True,False,False,False,False,False,False,False,True,True
1412,35,81,14800000,na,,-2.244125144,2011,2023,2024,32900,False,False,False,True,False,False,False,False,False,False,False,True,True
1413,36,78,14800000,n2n,,-0.3331701383,2011,2022,2025,32875,False,True,False,False,False,False,False,False,False,False,False,True,True
1414,36,78,13834047.09,n2n,,-0.7919888511,2011,2023,2024,32892,False,True,False,False,False,False,False,False,False,False,False,True,True
1415,36,78,14849915.82,n2n,,-0.5222277917,2011,2023,2024,32892,False,True,False,False,False,False,False,False,False,False,False,True,True
1416,36,86,3610000,capture,,-3.070581074,2011,2015,2015,14429,True,False,False,False,False,False,False,False,False,False,True,False,True
1417,36,86,4180000,capture,,-3.180456064,2011,2015,2015,14429,True,False,False,False,False,False,False,False,False,False,True,False,True
1418,36,86,5310000,capture,,-3.200659451,2011,2015,2015,14429,True,False,False,False,False,False,False,False,False,False,True,False,True
1419,36,86,6330000,capture,,-3.236572006,2011,2015,2015,14429,True,False,False,False,False,False,False,False,False,False,True,False,True
1420,36,86,7250000,capture,,-3.27572413,2011,2015,2015,14429,True,False,False,False,False,False,False,False,False,False,True,False,True
1421,36,86,14800000,capture,,-3.13076828,2011,2015,2015,14429,True,False,False,False,False,False,False,False,False,False,False,True,True
1422,37,85,13796738.75,n2n,,0.01452053876,2011,2018,2020,32782,False,True,False,False,False,False,False,False,False,False,False,True,True
1423,37,85,14800000,n2n,,0.07003786661,2011,2018,2020,32782,False,True,False,False,False,False,False,False,False,False,False,True,True
1424,37,85,12489996,n2n,,-0.2514243831,2011,2020,2021,32801,False,True,False,False,False,False,False,False,False,False,False,True,True
1425,37,85,14000000,n2n,,-0.003926345515,2011,2020,2021,32801,False,True,False,False,False,False,False,False,False,False,False,True,True
1426,37,85,15540270.27,n2n,,0.06818586175,2011,2020,2021,32801,False,True,False,False,False,False,False,False,False,False,False,True,True
1427,37,85,17200000,n2n,,0.1068705445,2011,2020,2021,32801,False,True,False,False,False,False,False,False,False,False,False,True,True
1428,37,85,18693314.31,n2n,,0.1124374173,2011,2020,2021,32801,False,True,False,False,False,False,False,False,False,False,False,True,True
1429,37,85,19800000,n2n,,0.1139433523,2011,2020,2021,32801,False,True,False,False,False,False,False,False,False,False,False,True,True
1430,37,87,13796738.75,n2n,,0.1024337057,2011,2018,2020,32782,False,True,False,False,False,False,False,False,False,False,False,True,True
1431,37,87,14800000,n2n,,0.1319392952,2011,2018,2020,32782,False,True,False,False,False,False,False,False,False,False,False,True,True
1432,38,84,14770000,n2n,,-0.1836261112,2011,2022,2022,33180,False,True,False,False,False,False,False,False,False,False,False,True,True
1433,38,88,14770000,np,,-1.829738285,2011,2022,2022,33180,False,False,True,False,False,False,False,False,False,False,False,True,True
1434,39,89,17400000,n2n,,0.1522883444,2011,2014,2013,31723,False,True,False,False,False,False,False,False,False,False,False,True,True
1435,39,89,17400000,n2n,,0.07918124605,2011,2014,2013,31723,False,True,False,False,False,False,False,False,False,False,False,True,True
1436,39,89,17400000,n2n,,0.103803721,2011,2018,2018,31787,False,True,False,False,False,False,False,False,False,False,False,True,True
1437,39,89,17500000,n2n,,0.04921802267,2011,2022,2021,31842,False,True,False,False,False,False,False,False,False,False,False,True,True
1438,39,89,19800000,n2n,,0.04532297879,2011,2022,2021,31842,False,True,False,False,False,False,False,False,False,False,False,True,True
1439,39,89,14050000,n2n,,-0.09963287134,2011,2023,2023,31858,False,True,False,False,False,False,False,False,False,False,False,True,True
1440,39,89,17600000,n2n,,0.008600171762,2011,2025,2024,31859,False,True,False,False,False,False,False,False,False,False,False,True,True
1441,39,89,18500000,n2n,,0.03742649794,2011,2025,2024,31859,False,True,False,False,False,False,False,False,False,False,False,True,True
1442,39,89,13796738.75,n2n,,-0.09151498112,2011,2016,2016,32729,False,True,False,False,False,False,False,False,False,False,False,True,True
1443,39,89,14800000,n2n,,-0.003488327846,2011,2016,2016,32729,False,True,False,False,False,False,False,False,False,False,False,True,True
1444,39,89,14540000,n2n,,0.002420945897,2011,2019,2020,33137,False,True,False,False,False,False,False,False,False,False,False,True,True
1445,39,89,14770000,n2n,,-0.02692759179,2011,2023,2024,33196,False,True,False,False,False,False,False,False,False,False,False,True,True
1446,39,89,13960707.11,n2n,,-0.08249449045,2011,2016,2016,41614,False,True,False,False,False,False,False,False,False,False,False,True,True
1447,39,89,14769725.79,n2n,,0.004751155591,2011,2016,2016,41614,False,True,False,False,False,False,False,False,False,False,False,True,True
1448,39,89,13796738.75,na,,-2.244125144,2011,2016,2016,32729,False,False,False,True,False,False,False,False,False,False,False,True,True
1449,39,89,14800000,na,,-2.113509275,2011,2016,2016,32729,False,False,False,True,False,False,False,False,False,False,False,True,True
1450,39,89,13960755.67,na,,-2.242098095,2011,2016,2016,41614,False,False,False,True,False,False,False,False,False,False,False,True,True
1451,39,89,14769725.79,na,,-2.1316495,2011,2016,2016,41614,False,False,False,True,False,False,False,False,False,False,False,True,True
1452,39,89,13796738.75,np,,-1.742321425,2011,2016,2016,32729,False,False,True,False,False,False,False,False,False,False,False,True,True
1453,39,89,14800000,np,,-1.701146924,2011,2016,2016,32729,False,False,True,False,False,False,False,False,False,False,False,True,True
1454,40,90,14050000,n2n,,-0.1817741064,2011,2023,2023,31858,False,True,False,False,False,False,False,False,False,False,False,True,True
1455,40,90,14075212.23,n2n,,-0.2163345861,2011,2016,2016,41614,False,True,False,False,False,False,False,False,False,False,False,True,True
1456,40,90,14780000,n2n,,-0.1051303433,2011,2016,2016,41614,False,True,False,False,False,False,False,False,False,False,False,True,True
1457,40,91,65670,capture,,-1.42945706,2011,2024,2024,32922,True,False,False,False,False,False,False,False,True,False,False,False,False
1458,40,91,101160,capture,,-1.721246399,2011,2024,2024,32922,True,False,False,False,False,False,False,False,False,True,False,False,True
1459,40,91,176720,capture,,-1.696803943,2011,2024,2024,32922,True,False,False,False,False,False,False,False,False,True,False,False,True
1460,40,92,13994964.18,np,,-1.725842151,2011,2020,2022,32814,False,False,True,False,False,False,False,False,False,False,False,True,True
1461,40,92,14800000,np,,-1.694648631,2011,2020,2022,32814,False,False,True,False,False,False,False,False,False,False,False,True,True
1462,40,92,14075212.23,np,,-1.730098077,2011,2016,2016,41614,False,False,True,False,False,False,False,False,False,False,False,True,True
1463,40,92,14780000,np,,-1.68613278,2011,2016,2016,41614,False,False,True,False,False,False,False,False,False,False,False,True,True
1464,40,94,2450000,capture,,-2.266802735,2011,2012,2012,33037,True,False,False,False,False,False,False,False,False,False,True,False,True
1465,40,94,17350000,na,,-2.107905397,2011,2016,2016,14447,False,False,False,True,False,False,False,False,False,False,False,True,True
1466,40,94,18828494.36,na,,-2.105130343,2011,2016,2016,14447,False,False,False,True,False,False,False,False,False,False,False,True,True
1467,40,94,13994964.18,na,,-2.372292851,2011,2020,2022,32814,False,False,False,True,False,False,False,False,False,False,False,True,True
1468,40,94,14800000,na,,-2.293282218,2011,2020,2022,32814,False,False,False,True,False,False,False,False,False,False,False,True,True
1469,40,94,14075212.23,na,,-2.330993219,2011,2016,2016,41614,False,False,False,True,False,False,False,False,False,False,False,True,True
1470,40,94,14780000,na,,-2.274088368,2011,2016,2016,41614,False,False,False,True,False,False,False,False,False,False,False,True,True
1471,40,94,13796738.75,np,,-2.232844134,2011,2020,2022,32814,False,False,True,False,False,False,False,False,False,False,False,True,True
1472,40,94,14800000,np,,-2.13667714,2011,2020,2022,32814,False,False,True,False,False,False,False,False,False,False,False,True,True
1473,40,96,13994964.18,capture,,-2.669586227,2011,2020,2022,32814,True,False,False,False,False,False,False,False,False,False,False,True,True
1474,40,96,14800000,capture,,-2.735182177,2011,2020,2022,32814,True,False,False,False,False,False,False,False,False,False,False,True,True
1475,40,96,13994964.18,n2n,,0.1802214821,2011,2020,2022,32814,False,True,False,False,False,False,False,False,False,False,False,True,True
1476,40,96,14800000,n2n,,0.1978316933,2011,2020,2022,32814,False,True,False,False,False,False,False,False,False,False,False,True,True
1477,40,96,14075212.23,n2n,,0.2058356716,2011,2016,2016,41614,False,True,False,False,False,False,False,False,False,False,False,True,True
1478,40,96,14780000,n2n,,0.2095150145,2011,2016,2016,41614,False,True,False,False,False,False,False,False,False,False,False,True,True
1479,41,93,14050000,n2n,,-0.3316140833,2011,2023,2023,31858,False,True,False,False,False,False,False,False,False,False,False,True,True
1480,41,93,14018736.04,na,,-1.891096872,2011,2016,2016,41614,False,False,False,True,False,False,False,False,False,False,False,True,True
1481,41,93,14773149.73,na,,-1.871816209,2011,2016,2016,41614,False,False,False,True,False,False,False,False,False,False,False,True,True
1482,42,92,13796738.75,n2n,,-0.9871627753,2011,2020,2022,32812,False,True,False,False,False,False,False,False,False,False,False,True,True
1483,42,92,14800000,n2n,,-0.8507808873,2011,2020,2022,32812,False,True,False,False,False,False,False,False,False,False,False,True,True
1484,42,92,7730000,na,,-2.443697499,2011,2014,2014,23233,False,False,False,True,False,False,False,False,False,False,True,False,True
1485,42,92,8920000,na,,-2.229147988,2011,2014,2014,23233,False,False,False,True,False,False,False,False,False,False,True,False,True
1486,42,92,10050000,na,,-2.026872146,2011,2014,2014,23233,False,False,False,True,False,False,False,False,False,False,False,True,True
1487,42,92,10920000,na,,-1.928117993,2011,2014,2014,23233,False,False,False,True,False,False,False,False,False,False,False,True,True
1488,42,92,12575261.43,na,,-1.764471553,2011,2014,2014,23233,False,False,False,True,False,False,False,False,False,False,False,True,True
1489,42,92,14480000,na,,-1.619788758,2011,2014,2014,23233,False,False,False,True,False,False,False,False,False,False,False,True,True
1490,42,92,13796738.75,na,,-1.582528307,2011,2021,2022,32855,False,False,False,True,False,False,False,False,False,False,False,True,True
1491,42,92,14800000,na,,-1.534617149,2011,2021,2022,32855,False,False,False,True,False,False,False,False,False,False,False,True,True
1492,42,92,13520000,na,,-1.590066877,2011,2020,2020,33141,False,False,False,True,False,False,False,False,False,False,False,True,True
1493,42,92,14051641.88,na,,-1.620564977,2011,2016,2016,41614,False,False,False,True,False,False,False,False,False,False,False,True,True
1494,42,92,14820000,na,,-1.568636236,2011,2016,2016,41614,False,False,False,True,False,False,False,False,False,False,False,True,True
1495,42,95,8080000,np,,-2.244125144,2011,2014,2014,23233,False,False,True,False,False,False,False,False,False,False,True,False,True
1496,42,95,10050000,np,,-1.821023053,2011,2014,2014,23233,False,False,True,False,False,False,False,False,False,False,False,True,True
1497,42,95,12575261.43,np,,-1.496890563,2011,2014,2014,23233,False,False,True,False,False,False,False,False,False,False,False,True,True
1498,42,95,13796738.75,np,,-1.387216143,2011,2021,2022,32855,False,False,True,False,False,False,False,False,False,False,False,True,True
1499,42,95,14800000,np,,-1.35261703,2011,2021,2022,32855,False,False,True,False,False,False,False,False,False,False,False,True,True
1500,42,95,176090,total,,0.9684829486,2011,2015,2015,14421,False,False,False,False,True,False,False,False,False,True,False,False,True
1501,42,95,214981,total,,0.9666109867,2011,2015,2015,14421,False,False,False,False,True,False,False,False,False,True,False,False,True
1502,42,95,268338,total,,0.9637878273,2011,2015,2015,14421,False,False,False,False,True,False,False,False,False,True,False,False,True
1503,42,95,312444,total,,0.9609461957,2011,2015,2015,14421,False,False,False,False,True,False,False,False,False,True,False,False,True
1504,42,95,344431.1336,total,,0.9506082248,2011,2015,2015,14421,False,False,False,False,True,False,False,False,False,True,False,False,True
1505,42,95,381373,total,,0.946452265,2011,2015,2015,14421,False,False,False,False,True,False,False,False,False,True,False,False,True
1506,42,95,424867.6087,total,,0.9339931638,2011,2015,2015,14421,False,False,False,False,True,False,False,False,False,True,False,False,True
1507,42,95,475908,total,,0.9370161075,2011,2015,2015,14421,False,False,False,False,True,False,False,False,False,True,False,False,True
1508,42,95,515349,total,,0.9299295601,2011,2015,2015,14421,False,False,False,False,True,False,False,False,False,True,False,False,True
1509,42,95,559905,total,,0.9153998352,2011,2015,2015,14421,False,False,False,False,True,False,False,False,False,True,False,False,True
1510,42,96,8920000,np,,-2.835647144,2011,2014,2014,23233,False,False,True,False,False,False,False,False,False,False,True,False,True
1511,42,96,10920000,np,,-2.193820026,2011,2014,2014,23233,False,False,True,False,False,False,False,False,False,False,False,True,True
1512,42,96,12575261.43,np,,-1.871277716,2011,2014,2014,23233,False,False,True,False,False,False,False,False,False,False,False,True,True
1513,42,96,13796738.75,np,,-1.619788758,2011,2020,2022,32812,False,False,True,False,False,False,False,False,False,False,False,True,True
1514,42,96,14800000,np,,-1.537602002,2011,2020,2022,32812,False,False,True,False,False,False,False,False,False,False,False,True,True
1515,42,96,14540000,np,,-1.600326279,2011,2020,2020,33147,False,False,True,False,False,False,False,False,False,False,False,True,True
1516,42,96,14770000,np,,-1.633017024,2011,2023,2024,33196,False,False,True,False,False,False,False,False,False,False,False,True,True
1517,42,97,8920000,np,,-2.982966661,2011,2014,2014,23233,False,False,True,False,False,False,False,False,False,False,True,False,True
1518,42,97,10920000,np,,-2.346787486,2011,2014,2014,23233,False,False,True,False,False,False,False,False,False,False,False,True,True
1519,42,97,12575261.43,np,,-1.982966661,2011,2014,2014,23233,False,False,True,False,False,False,False,False,False,False,False,True,True
1520,42,97,13796738.75,np,,-1.765735876,2011,2020,2022,32812,False,False,True,False,False,False,False,False,False,False,False,True,True
1521,42,97,14800000,np,,-1.709965389,2011,2020,2022,32812,False,False,True,False,False,False,False,False,False,False,False,True,True
1522,42,97,13520000,np,,-1.747146969,2011,2020,2020,33141,False,False,True,False,False,False,False,False,False,False,False,True,True
1523,42,97,14540000,np,,-1.732828272,2011,2020,2021,33153,False,False,True,False,False,False,False,False,False,False,False,True,True
1524,42,97,14770000,np,,-1.850165303,2011,2023,2024,33196,False,False,True,False,False,False,False,False,False,False,False,True,True
1525,42,98,1670000,capture,,-1.964666338,2011,2023,2024,33197,True,False,False,False,False,False,False,False,False,False,True,False,True
1526,42,98,2060000,capture,,-1.912190198,2011,2023,2024,33197,True,False,False,False,False,False,False,False,False,False,True,False,True
1527,42,98,2660000,capture,,-2.0839147,2011,2023,2024,33197,True,False,False,False,False,False,False,False,False,False,True,False,True
1528,42,98,12575261.43,na,,-2.462180905,2011,2014,2014,23233,False,False,False,True,False,False,False,False,False,False,False,True,True
1529,42,98,13796738.75,na,,-2.255707017,2011,2020,2022,32812,False,False,False,True,False,False,False,False,False,False,False,True,True
1530,42,98,14800000,na,,-2.236572006,2011,2020,2022,32812,False,False,False,True,False,False,False,False,False,False,False,True,True
1531,42,98,13960707.11,na,,-2.25052135,2011,2016,2016,41614,False,False,False,True,False,False,False,False,False,False,False,True,True
1532,42,98,14769725.79,na,,-2.18608558,2011,2016,2016,41614,False,False,False,True,False,False,False,False,False,False,False,True,True
1533,42,100,8920000,n2n,,-0.8601209136,2011,2014,2014,23233,False,True,False,False,False,False,False,False,False,False,True,False,True
1534,42,100,10090000,n2n,,-0.1237821594,2011,2014,2014,23233,False,True,False,False,False,False,False,False,False,False,False,True,True
1535,42,100,11770000,n2n,,0.1136091511,2011,2014,2014,23233,False,True,False,False,False,False,False,False,False,False,False,True,True
1536,42,100,12575261.43,n2n,,0.1417632303,2011,2014,2014,23233,False,True,False,False,False,False,False,False,False,False,False,True,True
1537,42,100,14480000,n2n,,0.1869563355,2011,2014,2014,23233,False,True,False,False,False,False,False,False,False,False,False,True,True
1538,42,100,13796738.75,n2n,,0.1562461904,2011,2020,2022,32812,False,True,False,False,False,False,False,False,False,False,False,True,True
1539,42,100,14800000,n2n,,0.1571544399,2011,2020,2022,32812,False,True,False,False,False,False,False,False,False,False,False,True,True
1540,42,100,11900000,n2n,,0.1178411404,2011,2017,2019,33108,False,True,False,False,False,False,False,False,False,False,False,True,True
1541,42,100,15750000,n2n,,0.1717206045,2011,2017,2019,33108,False,True,False,False,False,False,False,False,False,False,False,True,True
1542,42,100,14540000,n2n,,0.1841375652,2011,2020,2020,33147,False,True,False,False,False,False,False,False,False,False,False,True,True
1543,42,100,13590000,n2n,,0.1676126727,2011,2020,2021,33164,False,True,False,False,False,False,False,False,False,False,False,True,True
1544,42,100,14770000,n2n,,0.1938172465,2011,2023,2024,33196,False,True,False,False,False,False,False,False,False,False,False,True,True
1545,42,100,14050170.81,n2n,,0.1546413051,2011,2016,2016,41614,False,True,False,False,False,False,False,False,False,False,False,True,True
1546,42,100,14860000,n2n,,0.1625644065,2011,2016,2016,41614,False,True,False,False,False,False,False,False,False,False,False,True,True
1547,42,100,12575261.43,na,,-2.838631998,2011,2014,2014,23233,False,False,False,True,False,False,False,False,False,False,False,True,True
1548,42,100,14480000,na,,-2.508638306,2011,2014,2014,23233,False,False,False,True,False,False,False,False,False,False,False,True,True
1549,42,100,13796738.75,na,,-2.709965389,2011,2020,2022,32812,False,False,False,True,False,False,False,False,False,False,False,True,True
1550,42,100,14800000,na,,-2.638272164,2011,2020,2022,32812,False,False,False,True,False,False,False,False,False,False,False,True,True
1551,42,100,14115727.21,na,,-2.604382427,2011,2016,2016,41614,False,False,False,True,False,False,False,False,False,False,False,True,True
1552,43,99,13933980.48,na,,-2.239326261,2011,2016,2016,41614,False,False,False,True,False,False,False,False,False,False,False,True,True
1553,43,99,14739877.88,na,,-2.196201592,2011,2016,2016,41614,False,False,False,True,False,False,False,False,False,False,False,True,True
1554,43,99,13933980.48,np,,-1.836639818,2011,2016,2016,41614,False,False,True,False,False,False,False,False,False,False,False,True,True
1555,43,99,14739877.88,np,,-1.802719442,2011,2016,2016,41614,False,False,True,False,False,False,False,False,False,False,False,True,True
1556,43,99,1500,total,,1.12904506,2011,2020,2021,23730,False,False,False,False,True,False,False,True,False,False,False,False,False
1557,43,99,1700,total,,1.088844563,2011,2020,2021,23730,False,False,False,False,True,False,False,True,False,False,False,False,False
1558,43,99,1900,total,,1.045322979,2011,2020,2021,23730,False,False,False,False,True,False,False,True,False,False,False,False,False
1559,43,99,2250,total,,1.01911629,2011,2020,2021,23730,False,False,False,False,True,False,False,True,False,False,False,False,False
1560,43,99,2750,total,,1.063708559,2011,2020,2021,23730,False,False,False,False,True,False,False,True,False,False,False,False,False
1561,43,99,3250,total,,1.009025742,2011,2020,2021,23730,False,False,False,False,True,False,False,True,False,False,False,False,False
1562,43,99,3750,total,,1.003460532,2011,2020,2021,23730,False,False,False,False,True,False,False,True,False,False,False,False,False
1563,43,99,4250,total,,0.9995654882,2011,2020,2021,23730,False,False,False,False,True,False,False,True,False,False,False,False,False
1564,43,99,4750,total,,0.9795483747,2011,2020,2021,23730,False,False,False,False,True,False,False,True,False,False,False,False,False
1565,43,99,6250,total,,0.9840770339,2011,2020,2021,23730,False,False,False,False,True,False,False,True,False,False,False,False,False
1566,43,99,8750,total,,0.9777236053,2011,2020,2021,23730,False,False,False,False,True,False,False,True,False,False,False,False,False
1567,43,99,12500,total,,0.9726655923,2011,2020,2021,23730,False,False,False,False,True,False,False,False,True,False,False,False,False
1568,43,99,17500,total,,0.9703468762,2011,2020,2021,23730,False,False,False,False,True,False,False,False,True,False,False,False,False
1569,43,99,22500,total,,0.9786369484,2011,2020,2021,23730,False,False,False,False,True,False,False,False,True,False,False,False,False
1570,43,99,27500,total,,0.9885589569,2011,2020,2021,23730,False,False,False,False,True,False,False,False,True,False,False,False,False
1571,43,99,35000,total,,0.9929950984,2011,2020,2021,23730,False,False,False,False,True,False,False,False,True,False,False,False,False
1572,43,99,45000,total,,0.9898945637,2011,2020,2021,23730,False,False,False,False,True,False,False,False,True,False,False,False,False
1573,43,99,55000,total,,0.9907826918,2011,2020,2021,23730,False,False,False,False,True,False,False,False,True,False,False,False,False
1574,43,99,65000,total,,0.9938769149,2011,2020,2021,23730,False,False,False,False,True,False,False,False,True,False,False,False,False
1575,43,99,75000,total,,1.000434077,2011,2020,2021,23730,False,False,False,False,True,False,False,False,True,False,False,False,False
1576,43,99,85000,total,,0.9973863844,2011,2020,2021,23730,False,False,False,False,True,False,False,False,True,False,False,False,False
1577,43,99,105000,total,,0.9876662649,2011,2020,2021,23730,False,False,False,False,True,False,False,False,False,True,False,False,True
1578,43,99,125000,total,,0.9956351946,2011,2020,2021,23730,False,False,False,False,True,False,False,False,False,True,False,False,True
1579,43,99,139910.6858,total,,0.9993480692,2011,2020,2021,23730,False,False,False,False,True,False,False,False,False,True,False,False,True
1580,43,99,155000,total,,0.9854264741,2011,2020,2021,23730,False,False,False,False,True,False,False,False,False,True,False,False,True
1581,43,99,165000,total,,0.9772662124,2011,2020,2021,23730,False,False,False,False,True,False,False,False,False,True,False,False,True
1582,45,103,16860000,n2n,,0.1707749359,2011,2023,2023,33195,False,True,False,False,False,False,False,False,False,False,False,True,True
1583,45,103,19890000,n2n,,0.01513752088,2011,2023,2023,33195,False,True,False,False,False,False,False,False,False,False,False,True,True
1584,45,103,14017001.01,n2n,,0.1067007324,2011,2016,2016,41614,False,True,False,False,False,False,False,False,False,False,False,True,True
1585,45,103,14860000,n2n,,0.1417632303,2011,2016,2016,41614,False,True,False,False,False,False,False,False,False,False,False,True,True
1586,45,103,14017001.01,np,,-1.675717545,2011,2016,2016,41614,False,False,True,False,False,False,False,False,False,False,False,True,True
1587,45,103,14860000,np,,-1.653647026,2011,2016,2016,41614,False,False,True,False,False,False,False,False,False,False,False,True,True
1588,45,103,2584461.575,total,,0.6246651009,2011,2020,2020,14661,False,False,False,False,True,False,False,False,False,False,True,False,True
1589,45,103,2809252.091,total,,0.6120132582,2011,2020,2020,14661,False,False,False,False,True,False,False,False,False,False,True,False,True
1590,45,103,3108163.818,total,,0.6029745639,2011,2020,2020,14661,False,False,False,False,True,False,False,False,False,False,True,False,True
1591,45,103,3435325.325,total,,0.5980441788,2011,2020,2020,14661,False,False,False,False,True,False,False,False,False,False,True,False,True
1592,45,103,3791528.281,total,,0.5869763691,2011,2020,2020,14661,False,False,False,False,True,False,False,False,False,False,True,False,True
1593,45,103,4196370.367,total,,0.5784322744,2011,2020,2020,14661,False,False,False,False,True,False,False,False,False,False,True,False,True
1594,45,103,4646452.128,total,,0.5801254118,2011,2020,2020,14661,False,False,False,False,True,False,False,False,False,False,True,False,True
1595,45,103,5132842.259,total,,0.5855331554,2011,2020,2020,14661,False,False,False,False,True,False,False,False,False,False,True,False,True
1596,45,103,5668716.927,total,,0.5894620645,2011,2020,2020,14661,False,False,False,False,True,False,False,False,False,False,True,False,True
1597,45,103,6257030.423,total,,0.591457456,2011,2020,2020,14661,False,False,False,False,True,False,False,False,False,False,True,False,True
1598,45,103,6921428.708,total,,0.5998805687,2011,2020,2020,14661,False,False,False,False,True,False,False,False,False,False,True,False,True
1599,45,103,7648210.956,total,,0.6105522147,2011,2020,2020,14661,False,False,False,False,True,False,False,False,False,False,True,False,True
1600,45,103,8440002.567,total,,0.6146435224,2011,2020,2020,14661,False,False,False,False,True,False,False,False,False,False,True,False,True
1601,45,103,9328420.124,total,,0.624668103,2011,2020,2020,14661,False,False,False,False,True,False,False,False,False,False,True,False,True
1602,45,103,10327595.46,total,,0.6288878995,2011,2020,2020,14661,False,False,False,False,True,False,False,False,False,False,False,True,True
1603,45,103,11406427.44,total,,0.6225490295,2011,2020,2020,14661,False,False,False,False,True,False,False,False,False,False,False,True,True
1604,45,103,12561848.22,total,,0.6161741515,2011,2020,2020,14661,False,False,False,False,True,False,False,False,False,False,False,True,True
1605,45,103,13903370,total,,0.6090861011,2011,2020,2020,14661,False,False,False,False,True,False,False,False,False,False,False,True,True
1606,45,103,15402638.41,total,,0.5876225056,2011,2020,2020,14661,False,False,False,False,True,False,False,False,False,False,False,True,True
1607,45,103,16995573.77,total,,0.5738545029,2011,2020,2020,14661,False,False,False,False,True,False,False,False,False,False,False,True,True
1608,45,103,18758520.98,total,,0.5477482532,2011,2020,2020,14661,False,False,False,False,True,False,False,False,False,False,False,True,True
1609,45,103,19843930,total,,0.5293995522,2011,2020,2020,14661,False,False,False,False,True,False,False,False,False,False,False,True,True
1610,46,102,14540000,n2n,,-0.03796231343,2011,2020,2020,33146,False,True,False,False,False,False,False,False,False,False,False,True,True
1611,46,102,14770000,n2n,,-0.02273378757,2011,2024,2026,33224,False,True,False,False,False,False,False,False,False,False,False,True,True
1612,46,102,13960586.54,n2n,,-0.02541155645,2011,2016,2016,41614,False,True,False,False,False,False,False,False,False,False,False,True,True
1613,46,102,14774694.58,n2n,,0.02077548819,2011,2016,2016,41614,False,True,False,False,False,False,False,False,False,False,False,True,True
1614,46,105,20000,capture,,0.1571544399,2011,2014,2012,23187,True,False,False,False,False,False,False,False,True,False,False,False,False
1615,46,105,30000,capture,,0.06744284278,2011,2014,2012,23187,True,False,False,False,False,False,False,False,True,False,False,False,False
1616,46,105,45000,capture,,-0.01772876696,2011,2014,2012,23187,True,False,False,False,False,False,False,False,True,False,False,False,False
1617,46,105,77500,capture,,-0.1249387366,2011,2014,2012,23187,True,False,False,False,False,False,False,False,True,False,False,False,False
1618,46,105,20400,capture,,0.1287222843,2011,2014,2012,23187,True,False,False,False,False,False,False,False,True,False,False,False,False
1619,46,105,30100,capture,,0.05076631123,2011,2014,2012,23187,True,False,False,False,False,False,False,False,True,False,False,False,False
1620,46,105,44800,capture,,-0.02594909721,2011,2014,2012,23187,True,False,False,False,False,False,False,False,True,False,False,False,False
1621,46,105,71400,capture,,-0.1106982975,2011,2014,2012,23187,True,False,False,False,False,False,False,False,True,False,False,False,False
1622,46,105,14540000,np,,-1.363512104,2011,2020,2020,33146,False,False,True,False,False,False,False,False,False,False,False,True,True
1623,46,105,14770000,np,,-1.337242168,2011,2024,2026,33224,False,False,True,False,False,False,False,False,False,False,False,True,True
1624,46,105,13990148.72,np,,-1.466397389,2011,2016,2016,41614,False,False,True,False,False,False,False,False,False,False,False,True,True
1625,46,105,14880000,np,,-1.37675071,2011,2016,2016,41614,False,False,True,False,False,False,False,False,False,False,False,True,True
1626,46,106,13962242.1,na,,-2.317253408,2011,2016,2016,41614,False,False,False,True,False,False,False,False,False,False,False,True,True
1627,46,106,14774694.58,na,,-2.23395914,2011,2016,2016,41614,False,False,False,True,False,False,False,False,False,False,False,True,True
1628,46,108,13962242.1,na,,-2.60292945,2011,2016,2016,41614,False,False,False,True,False,False,False,False,False,False,False,True,True
1629,46,108,14774694.58,na,,-2.455931956,2011,2016,2016,41614,False,False,False,True,False,False,False,False,False,False,False,True,True
1630,46,110,13796738.75,n2n,,0.2233661264,2011,2018,2019,32776,False,True,False,False,False,False,False,False,False,False,False,True,True
1631,46,110,14800000,n2n,,0.2242740143,2011,2018,2019,32776,False,True,False,False,False,False,False,False,False,False,False,True,True
1632,46,110,14540000,n2n,,0.2799861609,2011,2020,2020,33146,False,True,False,False,False,False,False,False,False,False,False,True,True
1633,46,110,13990148.72,n2n,,0.1517783097,2011,2016,2016,41614,False,True,False,False,False,False,False,False,False,False,False,True,True
1634,46,110,14880000,n2n,,0.1947917577,2011,2016,2016,41614,False,True,False,False,False,False,False,False,False,False,False,True,True
1635,47,107,2889.57208,capture,,0.334834346,2011,2022,2024,32913,True,False,False,False,False,False,False,True,False,False,False,False,False
1636,47,107,3136.933431,capture,,0.1905657138,2011,2022,2024,32913,True,False,False,False,False,False,False,True,False,False,False,False,False
1637,47,107,3465.108732,capture,,0.1090097651,2011,2022,2024,32913,True,False,False,False,False,False,False,True,False,False,False,False,False
1638,47,107,3827.514698,capture,,0.2607207682,2011,2022,2024,32913,True,False,False,False,False,False,False,True,False,False,False,False,False
1639,47,107,4233.181287,capture,,0.174685145,2011,2022,2024,32913,True,False,False,False,False,False,False,True,False,False,False,False,False
1640,47,107,4677.353567,capture,,0.2941578584,2011,2022,2024,32913,True,False,False,False,False,False,False,True,False,False,False,False,False
1641,47,107,5168.131238,capture,,0.2112397617,2011,2022,2024,32913,True,False,False,False,False,False,False,True,False,False,False,False,False
1642,47,107,5710.404418,capture,,0.1896218983,2011,2022,2024,32913,True,False,False,False,False,False,False,True,False,False,False,False,False
1643,47,107,6309.576344,capture,,0.2179632764,2011,2022,2024,32913,True,False,False,False,False,False,False,True,False,False,False,False,False
1644,47,107,6971.617215,capture,,0.09798147774,2011,2022,2024,32913,True,False,False,False,False,False,False,True,False,False,False,False,False
1645,47,107,7703.123598,capture,,0.1634847039,2011,2022,2024,32913,True,False,False,False,False,False,False,True,False,False,False,False,False
1646,47,107,8511.384302,capture,,0.1963882035,2011,2022,2024,32913,True,False,False,False,False,False,False,True,False,False,False,False,False
1647,47,107,9413.479901,capture,,0.1769175713,2011,2022,2024,32913,True,False,False,False,False,False,False,True,False,False,False,False,False
1648,47,107,10411.18587,capture,,0.1210711806,2011,2022,2024,32913,True,False,False,False,False,False,False,False,True,False,False,False,False
1649,47,107,11503.59368,capture,,0.09318415247,2011,2022,2024,32913,True,False,False,False,False,False,False,False,True,False,False,False,False
1650,47,107,12710.62385,capture,,0.1090420446,2011,2022,2024,32913,True,False,False,False,False,False,False,False,True,False,False,False,False
1651,47,107,14044.3033,capture,,0.09261294146,2011,2022,2024,32913,True,False,False,False,False,False,False,False,True,False,False,False,False
1652,47,107,15517.92088,capture,,0.08610694345,2011,2022,2024,32913,True,False,False,False,False,False,False,False,True,False,False,False,False
1653,47,107,17146.15978,capture,,0.1029812027,2011,2022,2024,32913,True,False,False,False,False,False,False,False,True,False,False,False,False
1654,47,107,18945.24387,capture,,0.08072331281,2011,2022,2024,32913,True,False,False,False,False,False,False,False,True,False,False,False,False
1655,47,107,20953.19236,capture,,0.03376131782,2011,2022,2024,32913,True,False,False,False,False,False,False,False,True,False,False,False,False
1656,47,107,23173.95717,capture,,-0.002357255211,2011,2022,2024,32913,True,False,False,False,False,False,False,False,True,False,False,False,False
1657,47,107,25605.51607,capture,,-0.0776708903,2011,2022,2024,32913,True,False,False,False,False,False,False,False,True,False,False,False,False
1658,47,107,28292.20958,capture,,0.02934011969,2011,2022,2024,32913,True,False,False,False,False,False,False,False,True,False,False,False,False
1659,47,107,31260.80806,capture,,-0.02005943337,2011,2022,2024,32913,True,False,False,False,False,False,False,False,True,False,False,False,False
1660,47,107,34540.89076,capture,,-0.07666330403,2011,2022,2024,32913,True,False,False,False,False,False,False,False,True,False,False,False,False
1661,47,107,38165.14058,capture,,-0.07406858993,2011,2022,2024,32913,True,False,False,False,False,False,False,False,True,False,False,False,False
1662,47,107,42169.66975,capture,,-0.144197115,2011,2022,2024,32913,True,False,False,False,False,False,False,False,True,False,False,False,False
1663,47,107,46594.37957,capture,,-0.1523487531,2011,2022,2024,32913,True,False,False,False,False,False,False,False,True,False,False,False,False
1664,47,107,51532.77544,capture,,-0.1709157425,2011,2022,2024,32913,True,False,False,False,False,False,False,False,True,False,False,False,False
1665,47,107,56994.5768,capture,,-0.2062943771,2011,2022,2024,32913,True,False,False,False,False,False,False,False,True,False,False,False,False
1666,47,107,62974.8101,capture,,-0.2550306854,2011,2022,2024,32913,True,False,False,False,False,False,False,False,True,False,False,False,False
1667,47,107,69582.52749,capture,,-0.2877131713,2011,2022,2024,32913,True,False,False,False,False,False,False,False,True,False,False,False,False
1668,47,107,76883.56861,capture,,-0.2992117414,2011,2022,2024,32913,True,False,False,False,False,False,False,False,True,False,False,False,False
1669,47,107,84950.68136,capture,,-0.2899763709,2011,2022,2024,32913,True,False,False,False,False,False,False,False,True,False,False,False,False
1670,47,107,93864.24687,capture,,-0.2941234971,2011,2022,2024,32913,True,False,False,False,False,False,False,False,True,False,False,False,False
1671,47,107,99330.7085,capture,,-0.3188502843,2011,2022,2024,32913,True,False,False,False,False,False,False,False,True,False,False,False,False
1672,48,106,13960707.11,n2n,,-0.3303732411,2011,2016,2016,41614,False,True,False,False,False,False,False,False,False,False,False,True,True
1673,48,106,14783138.34,n2n,,-0.2668027349,2011,2016,2016,41614,False,True,False,False,False,False,False,False,False,False,False,True,True
1674,48,108,14094673.02,n2n,,0.1038892036,2011,2016,2016,41614,False,True,False,False,False,False,False,False,False,False,False,True,True
1675,48,108,14810000,n2n,,0.1373541114,2011,2016,2016,41614,False,True,False,False,False,False,False,False,False,False,False,True,True
1676,48,110,14094673.02,n2n,,0.170921459,2011,2016,2016,41614,False,True,False,False,False,False,False,False,False,False,False,True,True
1677,48,111,14094673.02,np,,-1.628009089,2011,2016,2016,41614,False,False,True,False,False,False,False,False,False,False,False,True,True
1678,48,111,14880000,np,,-1.508638306,2011,2016,2016,41614,False,False,True,False,False,False,False,False,False,False,False,True,True
1679,48,112,14094673.02,na,,-2.476578726,2011,2016,2016,41614,False,False,False,True,False,False,False,False,False,False,False,True,True
1680,48,112,14880000,na,,-2.313363731,2011,2016,2016,41614,False,False,False,True,False,False,False,False,False,False,False,True,True
1681,48,112,14540000,np,,-1.726767166,2011,2024,2025,33209,False,False,True,False,False,False,False,False,False,False,False,True,True
1682,48,112,14540000,np,,-1.654822383,2011,2024,2025,33209,False,False,True,False,False,False,False,False,False,False,False,True,True
1683,48,112,13960654.84,np,,-1.896766594,2011,2016,2016,41614,False,False,True,False,False,False,False,False,False,False,False,True,True
1684,48,112,14783138.34,np,,-1.788701433,2011,2016,2016,41614,False,False,True,False,False,False,False,False,False,False,False,True,True
1685,48,116,13975896.9,n2n,,0.1451964061,2011,2016,2016,41614,False,True,False,False,False,False,False,False,False,False,False,True,True
1686,48,116,14880000,n2n,,0.1205739312,2011,2016,2016,41614,False,True,False,False,False,False,False,False,False,False,False,True,True
1687,49,113,13796738.75,n2n,,0.1589652604,2011,2017,2018,32775,False,True,False,False,False,False,False,False,False,False,False,True,True
1688,49,113,14800000,n2n,,0.1746411927,2011,2017,2018,32775,False,True,False,False,False,False,False,False,False,False,False,True,True
1689,49,115,13796738.75,n2n,,0.1346551423,2011,2017,2018,32775,False,True,False,False,False,False,False,False,False,False,False,True,True
1690,49,115,14800000,n2n,,0.1667260556,2011,2017,2018,32775,False,True,False,False,False,False,False,False,False,False,False,True,True
1691,49,115,14075212.23,na,,-2.692147545,2011,2016,2016,41614,False,False,False,True,False,False,False,False,False,False,False,True,True
1692,49,115,14780000,na,,-2.588380294,2011,2016,2016,41614,False,False,False,True,False,False,False,False,False,False,False,True,True
1693,49,115,13960707.11,np,,-2.039687811,2011,2016,2016,41614,False,False,True,False,False,False,False,False,False,False,False,True,True
1694,49,115,14769725.79,np,,-1.960585881,2011,2016,2016,41614,False,False,True,False,False,False,False,False,False,False,False,True,True
1695,50,112,14500000,n2n,,-0.0390965706,2011,2021,2021,33161,False,True,False,False,False,False,False,False,False,False,False,True,True
1696,50,112,13929131.63,n2n,,-0.1557299764,2011,2016,2016,41614,False,True,False,False,False,False,False,False,False,False,False,True,True
1697,50,112,14789767.56,n2n,,-0.0895534753,2011,2016,2016,41614,False,True,False,False,False,False,False,False,False,False,False,True,True
1698,50,112,3128503.737,total,,0.6368568833,2011,2020,2020,14661,False,False,False,False,True,False,False,False,False,False,True,False,True
1699,50,112,3430398.192,total,,0.6224077658,2011,2020,2020,14661,False,False,False,False,True,False,False,False,False,False,True,False,True
1700,50,112,3793428.459,total,,0.6110394941,2011,2020,2020,14661,False,False,False,False,True,False,False,False,False,False,True,False,True
1701,50,112,4199448.443,total,,0.6073425478,2011,2020,2020,14661,False,False,False,False,True,False,False,False,False,False,True,False,True
1702,50,112,4643049.72,total,,0.5994039233,2011,2020,2020,14661,False,False,False,False,True,False,False,False,False,False,True,False,True
1703,50,112,5124738.318,total,,0.6029509832,2011,2020,2020,14661,False,False,False,False,True,False,False,False,False,False,True,False,True
1704,50,112,5657520.78,total,,0.6054792678,2011,2020,2020,14661,False,False,False,False,True,False,False,False,False,False,True,False,True
1705,50,112,6262329.486,total,,0.607796266,2011,2020,2020,14661,False,False,False,False,True,False,False,False,False,False,True,False,True
1706,50,112,6931239.215,total,,0.6130473547,2011,2020,2020,14661,False,False,False,False,True,False,False,False,False,False,True,False,True
1707,50,112,7647552.843,total,,0.6216775762,2011,2020,2020,14661,False,False,False,False,True,False,False,False,False,False,True,False,True
1708,50,112,8456004.443,total,,0.6279671742,2011,2020,2020,14661,False,False,False,False,True,False,False,False,False,False,True,False,True
1709,50,112,9340287.126,total,,0.6432263896,2011,2020,2020,14661,False,False,False,False,True,False,False,False,False,False,True,False,True
1710,50,112,10302230.55,total,,0.6441062583,2011,2020,2020,14661,False,False,False,False,True,False,False,False,False,False,False,True,True
1711,50,112,11381747.29,total,,0.6461405629,2011,2020,2020,14661,False,False,False,False,True,False,False,False,False,False,False,True,True
1712,50,112,12594944.32,total,,0.6467165548,2011,2020,2020,14661,False,False,False,False,True,False,False,False,False,False,False,True,True
1713,50,112,13960067.13,total,,0.6433292798,2011,2020,2020,14661,False,False,False,False,True,False,False,False,False,False,False,True,True
1714,50,112,15432810.1,total,,0.6305999822,2011,2020,2020,14661,False,False,False,False,True,False,False,False,False,False,False,True,True
1715,50,112,17006603.13,total,,0.6137982077,2011,2020,2020,14661,False,False,False,False,True,False,False,False,False,False,False,True,True
1716,50,112,18750306.32,total,,0.5979765487,2011,2020,2020,14661,False,False,False,False,True,False,False,False,False,False,False,True,True
1717,50,112,19814810,total,,0.5921667607,2011,2020,2020,14661,False,False,False,False,True,False,False,False,False,False,False,True,True
1718,50,117,13863938.83,np,,-1.913640169,2011,2016,2016,41614,False,False,True,False,False,False,False,False,False,False,False,True,True
1719,50,117,14789767.56,np,,-1.779891912,2011,2016,2016,41614,False,False,True,False,False,False,False,False,False,False,False,True,True
1720,50,124,14025454.17,n2n,,0.2717486994,2011,2016,2016,41614,False,True,False,False,False,False,False,False,False,False,False,True,True
1721,50,124,14789726.16,n2n,,0.2718416065,2011,2016,2016,41614,False,True,False,False,False,False,False,False,False,False,False,True,True
1722,50,124,3128503.737,total,,0.646757275,2011,2020,2020,14661,False,False,False,False,True,False,False,False,False,False,True,False,True
1723,50,124,3430398.192,total,,0.6349992646,2011,2020,2020,14661,False,False,False,False,True,False,False,False,False,False,True,False,True
1724,50,124,3793428.459,total,,0.6258980037,2011,2020,2020,14661,False,False,False,False,True,False,False,False,False,False,True,False,True
1725,50,124,4199448.443,total,,0.6230364426,2011,2020,2020,14661,False,False,False,False,True,False,False,False,False,False,True,False,True
1726,50,124,4643049.72,total,,0.6201687181,2011,2020,2020,14661,False,False,False,False,True,False,False,False,False,False,True,False,True
1727,50,124,5124738.318,total,,0.6213495593,2011,2020,2020,14661,False,False,False,False,True,False,False,False,False,False,True,False,True
1728,50,124,5657520.78,total,,0.6206508105,2011,2020,2020,14661,False,False,False,False,True,False,False,False,False,False,True,False,True
1729,50,124,6262329.486,total,,0.6197681549,2011,2020,2020,14661,False,False,False,False,True,False,False,False,False,False,True,False,True
1730,50,124,6931239.215,total,,0.6204082571,2011,2020,2020,14661,False,False,False,False,True,False,False,False,False,False,True,False,True
1731,50,124,7647552.843,total,,0.629762013,2011,2020,2020,14661,False,False,False,False,True,False,False,False,False,False,True,False,True
1732,50,124,8456004.443,total,,0.6400085943,2011,2020,2020,14661,False,False,False,False,True,False,False,False,False,False,True,False,True
1733,50,124,9340287.126,total,,0.6567622701,2011,2020,2020,14661,False,False,False,False,True,False,False,False,False,False,True,False,True
1734,50,124,10302230.55,total,,0.6670677388,2011,2020,2020,14661,False,False,False,False,True,False,False,False,False,False,False,True,True
1735,50,124,11381747.29,total,,0.6711553145,2011,2020,2020,14661,False,False,False,False,True,False,False,False,False,False,False,True,True
1736,50,124,12594944.32,total,,0.6726776301,2011,2020,2020,14661,False,False,False,False,True,False,False,False,False,False,False,True,True
1737,50,124,13960067.13,total,,0.6659064997,2011,2020,2020,14661,False,False,False,False,True,False,False,False,False,False,False,True,True
1738,50,124,15432810.1,total,,0.6549500716,2011,2020,2020,14661,False,False,False,False,True,False,False,False,False,False,False,True,True
1739,50,124,17006603.13,total,,0.6412758474,2011,2020,2020,14661,False,False,False,False,True,False,False,False,False,False,False,True,True
1740,50,124,18750306.32,total,,0.6220113866,2011,2020,2020,14661,False,False,False,False,True,False,False,False,False,False,False,True,True
1741,50,124,19814810,total,,0.6155134347,2011,2020,2020,14661,False,False,False,False,True,False,False,False,False,False,False,True,True
1742,51,121,1660000,capture,,-1.126377183,2011,2025,2026,33221,True,False,False,False,False,False,False,False,False,False,True,False,True
1743,51,121,2650000,capture,,-1.326822369,2011,2025,2026,33221,True,False,False,False,False,False,False,False,False,False,True,False,True
1744,51,121,3050000,capture,,-1.324459944,2011,2025,2026,33221,True,False,False,False,False,False,False,False,False,False,True,False,True
1745,51,123,13796738.75,n2n,,0.2343907224,2011,2018,2020,32780,False,True,False,False,False,False,False,False,False,False,False,True,True
1746,51,123,14800000,n2n,,0.2678754193,2011,2018,2020,32780,False,True,False,False,False,False,False,False,False,False,False,True,True
1747,52,120,13985179.52,n2n,,0.03638932867,2011,2016,2016,41614,False,True,False,False,False,False,False,False,False,False,False,True,True
1748,52,120,14749783.05,n2n,,0.09760432887,2011,2016,2016,41614,False,True,False,False,False,False,False,False,False,False,False,True,True
1749,52,122,13796738.75,n2n,,0.01786771896,2011,2020,2020,32803,False,True,False,False,False,False,False,False,False,False,False,True,True
1750,52,122,14800000,n2n,,0.06520612805,2011,2020,2020,32803,False,True,False,False,False,False,False,False,False,False,False,True,True
1751,52,122,14114405.29,n2n,,0.1730405076,2011,2016,2016,41614,False,True,False,False,False,False,False,False,False,False,False,True,True
1752,52,122,14749783.05,n2n,,0.1747864174,2011,2016,2016,41614,False,True,False,False,False,False,False,False,False,False,False,True,True
1753,52,122,13985179.52,np,,-1.872247484,2011,2016,2016,41614,False,False,True,False,False,False,False,False,False,False,False,True,True
1754,52,122,14749783.05,np,,-1.795880017,2011,2016,2016,41614,False,False,True,False,False,False,False,False,False,False,False,True,True
1755,52,128,13858246.53,n2n,,0.1775364999,2011,2024,2025,32936,False,True,False,False,False,False,False,False,False,False,False,True,True
1756,52,128,14819514.16,n2n,,0.193263773,2011,2024,2025,32936,False,True,False,False,False,False,False,False,False,False,False,True,True
1757,52,130,13985179.52,n2n,,0.2238073376,2011,2016,2016,41614,False,True,False,False,False,False,False,False,False,False,False,True,True
1758,52,130,14749783.05,n2n,,0.2538224387,2011,2016,2016,41614,False,True,False,False,False,False,False,False,False,False,False,True,True
1759,53,127,1564.863375,capture,,0.6170003411,2011,2024,2024,23615,True,False,False,False,False,False,False,True,False,False,False,False,False
1760,53,127,1730.159269,capture,,0.352375495,2011,2024,2024,23615,True,False,False,False,False,False,False,True,False,False,False,False,False
1761,53,127,1922.385581,capture,,0.7423322824,2011,2024,2024,23615,True,False,False,False,False,False,False,True,False,False,False,False,False
1762,53,127,2100.536523,capture,,0.7493110862,2011,2024,2024,23615,True,False,False,False,False,False,False,True,False,False,False,False,False
1763,53,127,2304.651699,capture,,0.4286206727,2011,2024,2024,23615,True,False,False,False,False,False,False,True,False,False,False,False,False
1764,53,127,2540.032898,capture,,0.3984608496,2011,2024,2024,23615,True,False,False,False,False,False,False,True,False,False,False,False,False
1765,53,127,2813.407627,capture,,0.6633710755,2011,2024,2024,23615,True,False,False,False,False,False,False,True,False,False,False,False,False
1766,53,127,3133.416675,capture,,0.179838928,2011,2024,2024,23615,True,False,False,False,False,False,False,True,False,False,False,False,False
1767,53,127,3511.30394,capture,,0.4272426022,2011,2024,2024,23615,True,False,False,False,False,False,False,True,False,False,False,False,False
1768,53,127,3840.56,capture,,0.6835873176,2011,2024,2024,23615,True,False,False,False,False,False,False,True,False,False,False,False,False
1769,53,127,4220.475168,capture,,0.485579477,2011,2024,2024,23615,True,False,False,False,False,False,False,True,False,False,False,False,False
1770,53,127,4657.161,capture,,0.1849751907,2011,2024,2024,23615,True,False,False,False,False,False,False,True,False,False,False,False,False
1771,53,127,5168.404503,capture,,0.08278537032,2011,2024,2024,23615,True,False,False,False,False,False,False,True,False,False,False,False,False
1772,53,127,5764.851,capture,,0.1309766916,2011,2024,2024,23615,True,False,False,False,False,False,False,True,False,False,False,False,False
1773,53,127,6223.179,capture,,0.1821292141,2011,2024,2024,23615,True,False,False,False,False,False,False,True,False,False,False,False,False
1774,53,127,7023.386935,capture,,0.1963143854,2011,2024,2024,23615,True,False,False,False,False,False,False,True,False,False,False,False,False
1775,53,127,7981.174,capture,,0.1152775914,2011,2024,2024,23615,True,False,False,False,False,False,False,True,False,False,False,False,False
1776,53,127,8735.621,capture,,0.1583624921,2011,2024,2024,23615,True,False,False,False,False,False,False,True,False,False,False,False,False
1777,53,127,9602.326,capture,,0.1095785469,2011,2024,2024,23615,True,False,False,False,False,False,False,True,False,False,False,False,False
1778,53,127,10604.72,capture,,0.1122697684,2011,2024,2024,23615,True,False,False,False,False,False,False,False,True,False,False,False,False
1779,53,127,11772.67,capture,,0.08421868674,2011,2024,2024,23615,True,False,False,False,False,False,False,False,True,False,False,False,False
1780,53,127,13144.77,capture,,0.01619735351,2011,2024,2024,23615,True,False,False,False,False,False,False,False,True,False,False,False,False
1781,53,127,14771.5,capture,,0.02242837119,2011,2024,2024,23615,True,False,False,False,False,False,False,False,True,False,False,False,False
1782,53,127,16720,capture,,0.00259798072,2011,2024,2024,23615,True,False,False,False,False,False,False,False,True,False,False,False,False
1783,53,127,19081.1,capture,,-0.01502287358,2011,2024,2024,23615,True,False,False,False,False,False,False,False,True,False,False,False,False
1784,53,127,21980.06,capture,,-0.0752040042,2011,2024,2024,23615,True,False,False,False,False,False,False,False,True,False,False,False,False
1785,53,127,25593.6,capture,,-0.05012229596,2011,2024,2024,23615,True,False,False,False,False,False,False,False,True,False,False,False,False
1786,53,127,30177.39,capture,,-0.0840727883,2011,2024,2024,23615,True,False,False,False,False,False,False,False,True,False,False,False,False
1787,53,127,36112.67,capture,,-0.2350770154,2011,2024,2024,23615,True,False,False,False,False,False,False,False,True,False,False,False,False
1788,53,127,43988.04,capture,,-0.2225731776,2011,2024,2024,23615,True,False,False,False,False,False,False,False,True,False,False,False,False
1789,53,127,54751.31,capture,,-0.2525881921,2011,2024,2024,23615,True,False,False,False,False,False,False,False,True,False,False,False,False
1790,53,127,70008.55,capture,,-0.3605135107,2011,2024,2024,23615,True,False,False,False,False,False,False,False,True,False,False,False,False
1791,53,127,92659.98,capture,,-0.5316526696,2011,2024,2024,23615,True,False,False,False,False,False,False,False,True,False,False,False,False
1792,53,127,128387.2,capture,,-0.5833594927,2011,2024,2024,23615,True,False,False,False,False,False,False,False,False,True,False,False,True
1793,53,127,189597.2,capture,,-0.6345120151,2011,2024,2024,23615,True,False,False,False,False,False,False,False,False,True,False,False,True
1794,53,127,307848.1,capture,,-0.7904849855,2011,2024,2024,23615,True,False,False,False,False,False,False,False,False,True,False,False,True
1795,53,127,584459.2,capture,,-1.207608311,2011,2024,2024,23615,True,False,False,False,False,False,False,False,False,True,False,False,True
1796,53,127,51500,capture,,-0.2125395255,2011,2026,2025,23622,True,False,False,False,False,False,False,False,True,False,False,False,False
1797,53,127,127700,capture,,-0.54668166,2011,2026,2025,23622,True,False,False,False,False,False,False,False,False,True,False,False,True
1798,53,127,600000,capture,,-1.322575562,2011,2021,2021,33162,True,False,False,False,False,False,False,False,False,True,False,False,True
1799,53,127,1260000,capture,,-1.500587874,2011,2021,2021,33162,True,False,False,False,False,False,False,False,False,False,True,False,True
1800,53,127,2510000,capture,,-1.56320149,2011,2021,2021,33162,True,False,False,False,False,False,False,False,False,False,True,False,True
1801,53,127,14077780.36,n2n,,0.1710972215,2011,2023,2025,32796,False,True,False,False,False,False,False,False,False,False,False,True,True
1802,53,127,14790000,n2n,,0.2019157827,2011,2023,2025,32796,False,True,False,False,False,False,False,False,False,False,False,True,True
1803,53,127,14920000,n2n,,0.1814090762,2011,2020,2020,33150,False,True,False,False,False,False,False,False,False,False,False,True,True
1804,53,129,2100.53608,capture,,0.2227164711,2011,2024,2024,23615,True,False,False,False,False,False,False,True,False,False,False,False,False
1805,53,129,2304.651187,capture,,0.3053513694,2011,2024,2024,23615,True,False,False,False,False,False,False,True,False,False,False,False,False
1806,53,129,2540.031873,capture,,0.411619706,2011,2024,2024,23615,True,False,False,False,False,False,False,True,False,False,False,False,False
1807,53,129,2813.408141,capture,,0.2900346114,2011,2024,2024,23615,True,False,False,False,False,False,False,True,False,False,False,False,False
1808,53,129,3133.415619,capture,,-0.351639989,2011,2024,2024,23615,True,False,False,False,False,False,False,True,False,False,False,False,False
1809,53,129,3511.304028,capture,,0.1628629933,2011,2024,2024,23615,True,False,False,False,False,False,False,True,False,False,False,False,False
1810,53,129,3840.56,capture,,0.2405492483,2011,2024,2024,23615,True,False,False,False,False,False,False,True,False,False,False,False,False
1811,53,129,4220.474136,capture,,0.220108088,2011,2024,2024,23615,True,False,False,False,False,False,False,True,False,False,False,False,False
1812,53,129,4657.16,capture,,0.1553360375,2011,2024,2024,23615,True,False,False,False,False,False,False,True,False,False,False,False,False
1813,53,129,5168.401948,capture,,-0.004364805402,2011,2024,2024,23615,True,False,False,False,False,False,False,True,False,False,False,False,False
1814,53,129,5764.85,capture,,-0.04095860768,2011,2024,2024,23615,True,False,False,False,False,False,False,True,False,False,False,False,False
1815,53,129,6223.18,capture,,0.03742649794,2011,2024,2024,23615,True,False,False,False,False,False,False,True,False,False,False,False,False
1816,53,129,7023.384495,capture,,0.006466042249,2011,2024,2024,23615,True,False,False,False,False,False,False,True,False,False,False,False,False
1817,53,129,7981.17,capture,,-0.04575749056,2011,2024,2024,23615,True,False,False,False,False,False,False,True,False,False,False,False,False
1818,53,129,8735.62,capture,,-0.04095860768,2011,2024,2024,23615,True,False,False,False,False,False,False,True,False,False,False,False,False
1819,53,129,9602.33,capture,,-0.1487416513,2011,2024,2024,23615,True,False,False,False,False,False,False,True,False,False,False,False,False
1820,53,129,10604.7,capture,,-0.0268721464,2011,2024,2024,23615,True,False,False,False,False,False,False,False,True,False,False,False,False
1821,53,129,11772.7,capture,,-0.06550154876,2011,2024,2024,23615,True,False,False,False,False,False,False,False,True,False,False,False,False
1822,53,129,13144.8,capture,,-0.2441251443,2011,2024,2024,23615,True,False,False,False,False,False,False,False,True,False,False,False,False
1823,53,129,14771.5,capture,,-0.193820026,2011,2024,2024,23615,True,False,False,False,False,False,False,False,True,False,False,False,False
1824,53,129,16720,capture,,-0.1870866434,2011,2024,2024,23615,True,False,False,False,False,False,False,False,True,False,False,False,False
1825,53,129,19081.1,capture,,-0.2291479884,2011,2024,2024,23615,True,False,False,False,False,False,False,False,True,False,False,False,False
1826,53,129,21980.1,capture,,-0.3372421683,2011,2024,2024,23615,True,False,False,False,False,False,False,False,True,False,False,False,False
1827,53,129,25593.6,capture,,-0.2596373105,2011,2024,2024,23615,True,False,False,False,False,False,False,False,True,False,False,False,False
1828,53,129,30177.4,capture,,-0.3767507096,2011,2024,2024,23615,True,False,False,False,False,False,False,False,True,False,False,False,False
1829,53,129,51500,capture,,-0.5559552041,2011,2026,2025,23622,True,False,False,False,False,False,False,False,True,False,False,False,False
1830,53,129,127700,capture,,-0.8507808873,2011,2026,2025,23622,True,False,False,False,False,False,False,False,False,True,False,False,True
1831,54,124,370000,capture,,-0.5736188838,2011,2015,2015,14443,True,False,False,False,False,False,False,False,False,True,False,False,True
1832,54,124,860000,capture,,-0.754142008,2011,2015,2015,14443,True,False,False,False,False,False,False,False,False,True,False,False,True
1833,54,124,1860000,capture,,-0.8478340093,2011,2015,2015,14443,True,False,False,False,False,False,False,False,False,False,True,False,True
1834,54,124,2730000,capture,,-0.8991471733,2011,2015,2015,14443,True,False,False,False,False,False,False,False,False,False,True,False,True
1835,54,124,3610000,capture,,-0.8741285326,2011,2015,2015,14443,True,False,False,False,False,False,False,False,False,False,True,False,True
1836,54,124,4480000,capture,,-1.192871044,2011,2015,2015,14443,True,False,False,False,False,False,False,False,False,False,True,False,True
1837,54,124,5310000,capture,,-1.530030791,2011,2015,2015,14443,True,False,False,False,False,False,False,False,False,False,True,False,True
1838,54,124,6310000,capture,,-1.64244628,2011,2015,2015,14443,True,False,False,False,False,False,False,False,False,False,True,False,True
1839,54,124,7250000,capture,,-1.793174124,2011,2015,2015,14443,True,False,False,False,False,False,False,False,False,False,True,False,True
1840,54,124,11607308.04,n2n,,-0.8111839695,2011,2015,2015,14443,False,True,False,False,False,False,False,False,False,False,False,True,True
1841,54,124,12602618.78,n2n,,-0.3181755712,2011,2015,2015,14443,False,True,False,False,False,False,False,False,False,False,False,True,True
1842,54,124,13843980.54,n2n,,-0.1135600395,2011,2015,2015,14443,False,True,False,False,False,False,False,False,False,False,False,True,True
1843,54,124,14800000,n2n,,-0.04122594809,2011,2015,2015,14443,False,True,False,False,False,False,False,False,False,False,False,True,True
1844,54,124,13945966.41,n2n,,0.02806265153,2011,2022,2024,32871,False,True,False,False,False,False,False,False,False,False,False,True,True
1845,54,124,14800000,n2n,,0.1115985249,2011,2022,2024,32871,False,True,False,False,False,False,False,False,False,False,False,True,True
1846,54,124,13834047.09,n2n,,0.03848504475,2011,2023,2024,32892,False,True,False,False,False,False,False,False,False,False,False,True,True
1847,54,124,14849915.82,n2n,,0.1007323065,2011,2023,2024,32892,False,True,False,False,False,False,False,False,False,False,False,True,True
1848,54,126,13945966.41,n2n,,0.1952075495,2011,2022,2024,32871,False,True,False,False,False,False,False,False,False,False,False,True,True
1849,54,126,14800000,n2n,,0.2540644529,2011,2022,2024,32871,False,True,False,False,False,False,False,False,False,False,False,True,True
1850,54,128,13945966.41,n2n,,0.2191914402,2011,2022,2024,32871,False,True,False,False,False,False,False,False,False,False,False,True,True
1851,54,128,14800000,n2n,,0.2412973871,2011,2022,2024,32871,False,True,False,False,False,False,False,False,False,False,False,True,True
1852,54,131,13945966.41,np,,-2.207608311,2011,2022,2024,32871,False,False,True,False,False,False,False,False,False,False,False,True,True
1853,54,131,14800000,np,,-2.13667714,2011,2022,2024,32871,False,False,True,False,False,False,False,False,False,False,False,True,True
1854,54,134,13945966.41,n2n,,0.2294898607,2011,2023,2024,32895,False,True,False,False,False,False,False,False,False,False,False,True,True
1855,54,134,14800000,n2n,,0.2240148114,2011,2023,2024,32895,False,True,False,False,False,False,False,False,False,False,False,True,True
1856,54,136,3340000,capture,,-3.017728767,2011,2014,2014,14385,True,False,False,False,False,False,False,False,False,False,True,False,True
1857,54,136,4100000,capture,,-2.962573502,2011,2014,2014,14385,True,False,False,False,False,False,False,False,False,False,True,False,True
1858,54,136,5660000,capture,,-3.050609993,2011,2014,2014,14385,True,False,False,False,False,False,False,False,False,False,True,False,True
1859,54,136,6240000,capture,,-3.207608311,2011,2014,2014,14385,True,False,False,False,False,False,False,False,False,False,True,False,True
1860,54,136,7310000,capture,,-3.244125144,2011,2014,2014,14385,True,False,False,False,False,False,False,False,False,False,True,False,True
1861,54,136,14790000,capture,,-3.13667714,2011,2014,2014,14385,True,False,False,False,False,False,False,False,False,False,False,True,True
1862,54,136,9206606.324,n2n,,-0.3854296819,2011,2013,2013,14355,False,True,False,False,False,False,False,False,False,False,True,False,True
1863,54,136,9960000,n2n,,-0.1266968401,2011,2013,2013,14355,False,True,False,False,False,False,False,False,False,False,True,False,True
1864,54,136,11434290.53,n2n,,0.1724861697,2011,2013,2013,14355,False,True,False,False,False,False,False,False,False,False,False,True,True
1865,54,136,12940000,n2n,,0.2433704669,2011,2013,2013,14355,False,True,False,False,False,False,False,False,False,False,False,True,True
1866,54,136,14095655.36,n2n,,0.2561522661,2011,2013,2013,14355,False,True,False,False,False,False,False,False,False,False,False,True,True
1867,54,136,14850000,n2n,,0.2375060373,2011,2013,2013,14355,False,True,False,False,False,False,False,False,False,False,False,True,True
1868,54,136,13945966.41,n2n,,0.1761636354,2011,2022,2025,32883,False,True,False,False,False,False,False,False,False,False,False,True,True
1869,54,136,14800000,n2n,,0.1804126328,2011,2022,2025,32883,False,True,False,False,False,False,False,False,False,False,False,True,True
1870,55,133,14077780.36,n2n,,0.1936532249,2011,2023,2025,32796,False,True,False,False,False,False,False,False,False,False,False,True,True
1871,55,133,14790000,n2n,,0.2215185603,2011,2023,2025,32796,False,True,False,False,False,False,False,False,False,False,False,True,True
1872,56,132,13796738.75,n2n,,0.08831331559,2011,2017,2018,32769,False,True,False,False,False,False,False,False,False,False,False,True,True
1873,56,132,14800000,n2n,,0.1383026982,2011,2017,2018,32769,False,True,False,False,False,False,False,False,False,False,False,True,True
1874,56,134,13796738.75,n2n,,0.1436392353,2011,2017,2018,32769,False,True,False,False,False,False,False,False,False,False,False,True,True
1875,56,134,14800000,n2n,,0.1740598077,2011,2017,2018,32769,False,True,False,False,False,False,False,False,False,False,False,True,True
1876,56,138,14048944.67,na,,-2.640706708,2011,2016,2016,41614,False,False,False,True,False,False,False,False,False,False,False,True,True
1877,56,138,14810000,na,,-2.567030709,2011,2016,2016,41614,False,False,False,True,False,False,False,False,False,False,False,True,True
1878,57,139,13796738.75,capture,,-2.972650392,2011,2013,2016,32713,True,False,False,False,False,False,False,False,False,False,False,True,True
1879,57,139,14800000,capture,,-3.036212173,2011,2013,2016,32713,True,False,False,False,False,False,False,False,False,False,False,True,True
1880,57,139,13796738.75,capture,,-2.935542011,2011,2013,2016,32713,True,False,False,False,False,False,False,False,False,False,False,True,True
1881,57,139,14800000,capture,,-3.008773924,2011,2013,2016,32713,True,False,False,False,False,False,False,False,False,False,False,True,True
1882,57,139,13796738.75,capture,,-2.829738285,2011,2013,2016,32713,True,False,False,False,False,False,False,False,False,False,False,True,True
1883,57,139,14800000,capture,,-2.962573502,2011,2013,2016,32713,True,False,False,False,False,False,False,False,False,False,False,True,True
1884,57,139,13796738.75,capture,,-2.906578315,2011,2013,2016,32713,True,False,False,False,False,False,False,False,False,False,False,True,True
1885,57,139,14800000,capture,,-3,2011,2013,2016,32713,True,False,False,False,False,False,False,False,False,False,False,True,True
1886,58,136,13796738.75,n2n,,0.1157768762,2011,2015,2017,32752,False,True,False,False,False,False,False,False,False,False,False,True,True
1887,58,136,14800000,n2n,,0.163161375,2011,2015,2017,32752,False,True,False,False,False,False,False,False,False,False,False,True,True
1888,58,136,14200000,n2n,,0.1532049001,2011,2019,2021,32768,False,True,False,False,False,False,False,False,False,False,False,True,True
1889,58,136,14900000,n2n,,0.1855421549,2011,2019,2021,32768,False,True,False,False,False,False,False,False,False,False,False,True,True
1890,58,136,13960707.11,n2n,,0.1407698397,2011,2016,2016,41614,False,True,False,False,False,False,False,False,False,False,False,True,True
1891,58,136,14769725.79,n2n,,0.1821292141,2011,2016,2016,41614,False,True,False,False,False,False,False,False,False,False,False,True,True
1892,58,138,13796738.75,n2n,,0.1515230676,2011,2015,2017,32738,False,True,False,False,False,False,False,False,False,False,False,True,True
1893,58,138,14800000,n2n,,0.2073650375,2011,2015,2017,32738,False,True,False,False,False,False,False,False,False,False,False,True,True
1894,58,140,13500000,n2n,,0.2245330626,2011,2015,2017,32752,False,True,False,False,False,False,False,False,False,False,False,True,True
1895,58,140,14800000,n2n,,0.268343914,2011,2015,2017,32752,False,True,False,False,False,False,False,False,False,False,False,True,True
1896,58,140,14200000,n2n,,0.2322335211,2011,2019,2021,32768,False,True,False,False,False,False,False,False,False,False,False,True,True
1897,58,140,14900000,n2n,,0.2427898095,2011,2019,2021,32768,False,True,False,False,False,False,False,False,False,False,False,True,True
1898,58,140,13500000,n2n,,0.2671717284,2011,2020,2021,33149,False,True,False,False,False,False,False,False,False,False,False,True,True
1899,58,140,13500000,n2n,,0.2552725051,2011,2020,2021,33149,False,True,False,False,False,False,False,False,False,False,False,True,True
1900,58,140,13960707.11,n2n,,0.2406740276,2011,2016,2016,41614,False,True,False,False,False,False,False,False,False,False,False,True,True
1901,58,140,14769725.79,n2n,,0.2562365332,2011,2016,2016,41614,False,True,False,False,False,False,False,False,False,False,False,True,True
1902,58,140,13796738.75,np,,-2.193820026,2011,2015,2017,32752,False,False,True,False,False,False,False,False,False,False,False,True,True
1903,58,140,14800000,np,,-2.065501549,2011,2015,2017,32752,False,False,True,False,False,False,False,False,False,False,False,True,True
1904,58,140,14200000,np,,-2.17327748,2011,2019,2021,32768,False,False,True,False,False,False,False,False,False,False,False,True,True
1905,58,140,14900000,np,,-2.087777943,2011,2019,2021,32768,False,False,True,False,False,False,False,False,False,False,False,True,True
1906,58,140,13960707.11,np,,-2.187755303,2011,2016,2016,41614,False,False,True,False,False,False,False,False,False,False,False,True,True
1907,58,140,14769725.79,np,,-2.104301273,2011,2016,2016,41614,False,False,True,False,False,False,False,False,False,False,False,True,True
1908,58,142,14200000,capture,,-2.886056648,2011,2019,2021,32768,True,False,False,False,False,False,False,False,False,False,False,True,True
1909,58,142,14900000,capture,,-2.866461092,2011,2019,2021,32768,True,False,False,False,False,False,False,False,False,False,False,True,True
1910,58,142,13796738.75,n2n,,0.2518814546,2011,2015,2017,32752,False,True,False,False,False,False,False,False,False,False,False,True,True
1911,58,142,14800000,n2n,,0.203576775,2011,2015,2017,32752,False,True,False,False,False,False,False,False,False,False,False,True,True
1912,58,142,14200000,n2n,,0.285557309,2011,2019,2021,32768,False,True,False,False,False,False,False,False,False,False,False,True,True
1913,58,142,14900000,n2n,,0.2736955879,2011,2019,2021,32768,False,True,False,False,False,False,False,False,False,False,False,True,True
1914,58,142,13500000,n2n,,0.3117538611,2011,2020,2021,33149,False,True,False,False,False,False,False,False,False,False,False,True,True
1915,58,142,13500000,n2n,,0.3263358609,2011,2020,2021,33149,False,True,False,False,False,False,False,False,False,False,False,True,True
1916,58,142,13960707.11,n2n,,0.2914798522,2011,2016,2016,41614,False,True,False,False,False,False,False,False,False,False,False,True,True
1917,58,142,14769725.79,n2n,,0.2754265367,2011,2016,2016,41614,False,True,False,False,False,False,False,False,False,False,False,True,True
1918,58,142,14200000,na,,-2.20481541,2011,2019,2021,32768,False,False,False,True,False,False,False,False,False,False,False,True,True
1919,58,142,14900000,na,,-2.19314197,2011,2019,2021,32768,False,False,False,True,False,False,False,False,False,False,False,True,True
1920,58,142,13796738.75,np,,-2.576754126,2011,2015,2017,32752,False,False,True,False,False,False,False,False,False,False,False,True,True
1921,58,142,14800000,np,,-2.356547324,2011,2015,2017,32752,False,False,True,False,False,False,False,False,False,False,False,True,True
1922,58,142,14200000,np,,-2.274905479,2011,2019,2021,32768,False,False,True,False,False,False,False,False,False,False,False,True,True
1923,58,142,14900000,np,,-2.106793247,2011,2019,2021,32768,False,False,True,False,False,False,False,False,False,False,False,True,True
1924,59,141,13796738.75,capture,,-2.522878745,2011,2012,2012,32703,True,False,False,False,False,False,False,False,False,False,False,True,True
1925,59,141,14800000,capture,,-2.657577319,2011,2012,2012,32703,True,False,False,False,False,False,False,False,False,False,False,True,True
1926,60,142,13796738.75,n2n,,0.1378286638,2011,2015,2017,32743,False,True,False,False,False,False,False,False,False,False,False,True,True
1927,60,142,14800000,n2n,,0.1809855808,2011,2015,2017,32743,False,True,False,False,False,False,False,False,False,False,False,True,True
1928,60,142,14770000,n2n,,0.1868517872,2011,2022,2022,33170,False,True,False,False,False,False,False,False,False,False,False,True,True
1929,60,142,14700000,np,,-1.859806321,2011,2013,2013,32710,False,False,True,False,False,False,False,False,False,False,False,True,True
1930,60,142,13796738.75,np,,-2.116338565,2011,2015,2017,32743,False,False,True,False,False,False,False,False,False,False,False,True,True
1931,60,142,14800000,np,,-2.022276395,2011,2015,2017,32743,False,False,True,False,False,False,False,False,False,False,False,True,True
1932,60,146,13796738.75,na,,-2.823908741,2011,2015,2017,32743,False,False,False,True,False,False,False,False,False,False,False,True,True
1933,60,146,14800000,na,,-2.638272164,2011,2015,2017,32743,False,False,False,True,False,False,False,False,False,False,False,True,True
1934,60,146,13796738.75,np,,-2.457174573,2011,2013,2013,32710,False,False,True,False,False,False,False,False,False,False,False,True,True
1935,60,146,14700000,np,,-2.307153081,2011,2013,2013,32710,False,False,True,False,False,False,False,False,False,False,False,True,True
1936,60,146,14100000,np,,-2.455931956,2011,2015,2017,32743,False,False,True,False,False,False,False,False,False,False,False,True,True
1937,60,146,14800000,np,,-2.356547324,2011,2015,2017,32743,False,False,True,False,False,False,False,False,False,False,False,True,True
1938,60,146,14540000,np,,-2.387216143,2011,2020,2021,33153,False,False,True,False,False,False,False,False,False,False,False,True,True
1939,60,146,14770000,np,,-2.461928873,2011,2022,2022,33170,False,False,True,False,False,False,False,False,False,False,False,True,True
1940,60,148,13796738.75,n2n,,0.22284648,2011,2015,2017,32743,False,True,False,False,False,False,False,False,False,False,False,True,True
1941,60,148,14800000,n2n,,0.2027606874,2011,2015,2017,32743,False,True,False,False,False,False,False,False,False,False,False,True,True
1942,60,148,14540000,n2n,,0.2585415071,2011,2020,2021,33153,False,True,False,False,False,False,False,False,False,False,False,True,True
1943,60,148,14770000,n2n,,0.255577731,2011,2022,2022,33170,False,True,False,False,False,False,False,False,False,False,False,True,True
1944,60,150,13796738.75,n2n,,0.2366631987,2011,2015,2017,32743,False,True,False,False,False,False,False,False,False,False,False,True,True
1945,60,150,14800000,n2n,,0.1818435879,2011,2015,2017,32743,False,True,False,False,False,False,False,False,False,False,False,True,True
1946,60,150,14770000,n2n,,0.2369175309,2011,2022,2022,33170,False,True,False,False,False,False,False,False,False,False,False,True,True
1947,62,144,14800000,na,,-1.886056648,2011,2016,2017,32730,False,False,False,True,False,False,False,False,False,False,False,True,True
1948,62,144,13500000,np,,-1.692503962,2011,2016,2017,32730,False,False,True,False,False,False,False,False,False,False,False,True,True
1949,62,144,14800000,np,,-1.628932138,2011,2016,2017,32730,False,False,True,False,False,False,False,False,False,False,False,True,True
1950,62,149,13500000,np,,-2.200659451,2011,2016,2017,32730,False,False,True,False,False,False,False,False,False,False,False,True,True
1951,62,149,14800000,np,,-2.113509275,2011,2016,2017,32730,False,False,True,False,False,False,False,False,False,False,False,True,True
1952,62,150,13500000,np,,-2.522878745,2011,2016,2017,32730,False,False,True,False,False,False,False,False,False,False,False,True,True
1953,62,150,14800000,np,,-2.346787486,2011,2016,2017,32730,False,False,True,False,False,False,False,False,False,False,False,True,True
1954,62,154,13500000,n2n,,0.2151085811,2011,2016,2017,32730,False,True,False,False,False,False,False,False,False,False,False,True,True
1955,62,154,14800000,n2n,,0.1894903137,2011,2016,2017,32730,False,True,False,False,False,False,False,False,False,False,False,True,True
1956,63,151,13796738.75,n2n,,0.04960561259,2011,2018,2019,32779,False,True,False,False,False,False,False,False,False,False,False,True,True
1957,63,151,14800000,n2n,,0.07554696139,2011,2018,2019,32779,False,True,False,False,False,False,False,False,False,False,False,True,True
1958,63,151,14075212.23,n2n,,0.2143580847,2011,2016,2016,41614,False,True,False,False,False,False,False,False,False,False,False,True,True
1959,63,151,14780000,n2n,,0.2375437381,2011,2016,2016,41614,False,True,False,False,False,False,False,False,False,False,False,True,True
1960,63,151,13796738.75,na,,-2.530177984,2011,2017,2017,32753,False,False,False,True,False,False,False,False,False,False,False,True,True
1961,63,151,14800000,na,,-2.420216403,2011,2017,2017,32753,False,False,False,True,False,False,False,False,False,False,False,True,True
1962,63,151,13962486.46,na,,-2.430821235,2011,2016,2016,41614,False,False,False,True,False,False,False,False,False,False,False,True,True
1963,63,151,14769725.79,na,,-2.38563016,2011,2016,2016,41614,False,False,False,True,False,False,False,False,False,False,False,True,True
1964,63,153,13796738.75,n2n,,0.2485862439,2011,2017,2018,32772,False,True,False,False,False,False,False,False,False,False,False,True,True
1965,63,153,14800000,n2n,,0.2557547866,2011,2017,2018,32772,False,True,False,False,False,False,False,False,False,False,False,True,True
1966,63,153,14075212.23,n2n,,0.2517598545,2011,2016,2016,41614,False,True,False,False,False,False,False,False,False,False,False,True,True
1967,63,153,14780000,n2n,,0.2380461031,2011,2016,2016,41614,False,True,False,False,False,False,False,False,False,False,False,True,True
1968,63,153,13796738.75,na,,-2.868060705,2011,2020,2020,32808,False,False,False,True,False,False,False,False,False,False,False,True,True
1969,63,153,14800000,na,,-2.76700389,2011,2020,2020,32808,False,False,False,True,False,False,False,False,False,False,False,True,True
1970,63,153,13936156.92,na,,-2.876148359,2011,2016,2016,41614,False,False,False,True,False,False,False,False,False,False,False,True,True
1971,63,153,14800000,na,,-2.769551079,2011,2016,2016,41614,False,False,False,True,False,False,False,False,False,False,False,True,True
1972,63,153,13796738.75,np,,-2.431798276,2011,2020,2020,32808,False,False,True,False,False,False,False,False,False,False,False,True,True
1973,63,153,14800000,np,,-2.346787486,2011,2020,2020,32808,False,False,True,False,False,False,False,False,False,False,False,True,True
1974,65,159,3670000,capture,,-1.511449283,2011,2015,2015,23255,True,False,False,False,False,False,False,False,False,False,True,False,True
1975,65,159,4280000,capture,,-1.661942125,2011,2015,2015,23255,True,False,False,False,False,False,False,False,False,False,True,False,True
1976,65,159,5390000,capture,,-2.212539525,2011,2015,2015,23255,True,False,False,False,False,False,False,False,False,False,True,False,True
1977,65,159,6850000,capture,,-2.669586227,2011,2015,2015,23255,True,False,False,False,False,False,False,False,False,False,True,False,True
1978,65,159,2292.232515,capture,,0.7882454622,2011,2023,2024,32899,True,False,False,False,False,False,False,True,False,False,False,False,False
1979,65,159,2542.49,capture,,0.762359664,2011,2023,2024,32899,True,False,False,False,False,False,False,True,False,False,False,False,False
1980,65,159,2820.067802,capture,,0.7705405329,2011,2023,2024,32899,True,False,False,False,False,False,False,True,False,False,False,False,False
1981,65,159,3127.94,capture,,0.8007782325,2011,2023,2024,32899,True,False,False,False,False,False,False,True,False,False,False,False,False
1982,65,159,3469.435364,capture,,0.6641298266,2011,2023,2024,32899,True,False,False,False,False,False,False,True,False,False,False,False,False
1983,65,159,3848.21,capture,,0.5820554046,2011,2023,2024,32899,True,False,False,False,False,False,False,True,False,False,False,False,False
1984,65,159,4268.338753,capture,,0.5326117134,2011,2023,2024,32899,True,False,False,False,False,False,False,True,False,False,False,False,False
1985,65,159,4734.34,capture,,0.5555961982,2011,2023,2024,32899,True,False,False,False,False,False,False,True,False,False,False,False,False
1986,65,159,5072.93,capture,,0.6274846568,2011,2023,2024,32899,True,False,False,False,False,False,False,True,False,False,False,False,False
1987,65,159,5626.763513,capture,,0.4586287854,2011,2023,2024,32899,True,False,False,False,False,False,False,True,False,False,False,False,False
1988,65,159,6241.07,capture,,0.5063737772,2011,2023,2024,32899,True,False,False,False,False,False,False,True,False,False,False,False,False
1989,65,159,6922.430606,capture,,0.4875915311,2011,2023,2024,32899,True,False,False,False,False,False,False,True,False,False,False,False,False
1990,65,159,7678.19,capture,,0.4666467114,2011,2023,2024,32899,True,False,False,False,False,False,False,True,False,False,False,False,False
1991,65,159,8516.459619,capture,,0.3825762195,2011,2023,2024,32899,True,False,False,False,False,False,False,True,False,False,False,False,False
1992,65,159,9446.24,capture,,0.4524136377,2011,2023,2024,32899,True,False,False,False,False,False,False,True,False,False,False,False,False
1993,65,159,10477.5,capture,,0.4107645838,2011,2023,2024,32899,True,False,False,False,False,False,False,False,True,False,False,False,False
1994,65,159,11621.4,capture,,0.2664715981,2011,2023,2024,32899,True,False,False,False,False,False,False,False,True,False,False,False,False
1995,65,159,12890.21072,capture,,0.3595926647,2011,2023,2024,32899,True,False,False,False,False,False,False,False,True,False,False,False,False
1996,65,159,14297.5,capture,,0.3204267207,2011,2023,2024,32899,True,False,False,False,False,False,False,False,True,False,False,False,False
1997,65,159,15320,capture,,0.2491934639,2011,2023,2024,32899,True,False,False,False,False,False,False,False,True,False,False,False,False
1998,65,159,16992.56421,capture,,0.2711489702,2011,2023,2024,32899,True,False,False,False,False,False,False,False,True,False,False,False,False
1999,65,159,18847.7,capture,,0.2349068602,2011,2023,2024,32899,True,False,False,False,False,False,False,False,True,False,False,False,False
2000,65,159,20905.42914,capture,,0.2727591578,2011,2023,2024,32899,True,False,False,False,False,False,False,False,True,False,False,False,False
2001,65,159,23187.8,capture,,0.1955039046,2011,2023,2024,32899,True,False,False,False,False,False,False,False,True,False,False,False,False
2002,65,159,25719.25747,capture,,0.1518155625,2011,2023,2024,32899,True,False,False,False,False,False,False,False,True,False,False,False,False
2003,65,159,28527.2,capture,,0.1019360059,2011,2023,2024,32899,True,False,False,False,False,False,False,False,True,False,False,False,False
2004,65,159,31641.62437,capture,,0.1081081655,2011,2023,2024,32899,True,False,False,False,False,False,False,False,True,False,False,False,False
2005,65,159,35096.1,capture,,0.101815786,2011,2023,2024,32899,True,False,False,False,False,False,False,False,True,False,False,False,False
2006,65,159,37606.2,capture,,0.07269462861,2011,2023,2024,32899,True,False,False,False,False,False,False,False,True,False,False,False,False
2007,65,159,41711.76832,capture,,0.07561629699,2011,2023,2024,32899,True,False,False,False,False,False,False,False,True,False,False,False,False
2008,65,159,46265.7,capture,,0.06998242122,2011,2023,2024,32899,True,False,False,False,False,False,False,False,True,False,False,False,False
2009,65,159,51316.73908,capture,,0.04603643516,2011,2023,2024,32899,True,False,False,False,False,False,False,False,True,False,False,False,False
2010,65,159,56919.2,capture,,-0.0002658695873,2011,2023,2024,32899,True,False,False,False,False,False,False,False,True,False,False,False,False
2011,65,159,63133.33889,capture,,-0.03087775507,2011,2023,2024,32899,True,False,False,False,False,False,False,False,True,False,False,False,False
2012,65,159,70026,capture,,0.003555308261,2011,2023,2024,32899,True,False,False,False,False,False,False,False,True,False,False,False,False
2013,65,159,77671.01903,capture,,-0.09787929912,2011,2023,2024,32899,True,False,False,False,False,False,False,False,True,False,False,False,False
2014,65,159,86150.7,capture,,-0.0995766079,2011,2023,2024,32899,True,False,False,False,False,False,False,False,True,False,False,False,False
2015,65,159,92312.2,capture,,-0.1521097558,2011,2023,2024,32899,True,False,False,False,False,False,False,False,True,False,False,False,False
2016,65,159,102390.5647,capture,,-0.1812361917,2011,2023,2024,32899,True,False,False,False,False,False,False,False,False,True,False,False,True
2017,65,159,113569,capture,,-0.1269818236,2011,2023,2024,32899,True,False,False,False,False,False,False,False,False,True,False,False,True
2018,65,159,125967.3619,capture,,-0.2119759461,2011,2023,2024,32899,True,False,False,False,False,False,False,False,False,True,False,False,True
2019,65,159,139720,capture,,-0.2313286066,2011,2023,2024,32899,True,False,False,False,False,False,False,False,False,True,False,False,True
2020,65,159,154974.0606,capture,,-0.267588145,2011,2023,2024,32899,True,False,False,False,False,False,False,False,False,True,False,False,True
2021,65,159,171893,capture,,-0.3131323474,2011,2023,2024,32899,True,False,False,False,False,False,False,False,False,True,False,False,True
2022,65,159,190659.7659,capture,,-0.3182465069,2011,2023,2024,32899,True,False,False,False,False,False,False,False,False,True,False,False,True
2023,65,159,211475,capture,,-0.349298196,2011,2023,2024,32899,True,False,False,False,False,False,False,False,False,True,False,False,True
2024,65,159,226600,capture,,-0.3724999835,2011,2023,2024,32899,True,False,False,False,False,False,False,False,False,True,False,False,True
2025,65,159,251338.5761,capture,,-0.3900679967,2011,2023,2024,32899,True,False,False,False,False,False,False,False,False,True,False,False,True
2026,65,159,278778,capture,,-0.4003395882,2011,2023,2024,32899,True,False,False,False,False,False,False,False,False,True,False,False,True
2027,65,159,309213.5464,capture,,-0.4033215505,2011,2023,2024,32899,True,False,False,False,False,False,False,False,False,True,False,False,True
2028,65,159,342972,capture,,-0.4499001192,2011,2023,2024,32899,True,False,False,False,False,False,False,False,False,True,False,False,True
2029,65,159,380416.0634,capture,,-0.5093919703,2011,2023,2024,32899,True,False,False,False,False,False,False,False,False,True,False,False,True
2030,65,159,421948,capture,,-0.535166313,2011,2023,2024,32899,True,False,False,False,False,False,False,False,False,True,False,False,True
2031,65,159,468013.8135,capture,,-0.5939139372,2011,2023,2024,32899,True,False,False,False,False,False,False,False,False,True,False,False,True
2032,65,159,519110,capture,,-0.649275295,2011,2023,2024,32899,True,False,False,False,False,False,False,False,False,True,False,False,True
2033,65,159,575783.0425,capture,,-0.6650167727,2011,2023,2024,32899,True,False,False,False,False,False,False,False,False,True,False,False,True
2034,65,159,638644,capture,,-0.7242511155,2011,2023,2024,32899,True,False,False,False,False,False,False,False,False,True,False,False,True
2035,65,159,684320,capture,,-0.7105492946,2011,2023,2024,32899,True,False,False,False,False,False,False,False,False,True,False,False,True
2036,65,159,759030.2276,capture,,-0.7800790128,2011,2023,2024,32899,True,False,False,False,False,False,False,False,False,True,False,False,True
2037,65,159,841897,capture,,-0.8286421951,2011,2023,2024,32899,True,False,False,False,False,False,False,False,False,True,False,False,True
2038,65,159,902109,capture,,-0.8232375511,2011,2023,2024,32899,True,False,False,False,False,False,False,False,False,True,False,False,True
2039,65,159,5080000,capture,,-3.003002645,2011,2018,2019,33113,True,False,False,False,False,False,False,False,False,False,True,False,True
2040,65,159,12470000,capture,,-2.890884002,2011,2018,2019,33113,True,False,False,False,False,False,False,False,False,False,False,True,True
2041,65,159,16630000,capture,,-3.2083725,2011,2018,2019,33113,True,False,False,False,False,False,False,False,False,False,False,True,True
2042,65,159,13796738.75,n2n,,0.2265999052,2011,2014,2014,32716,False,True,False,False,False,False,False,False,False,False,False,True,True
2043,65,159,14800000,n2n,,0.2193225084,2011,2014,2014,32716,False,True,False,False,False,False,False,False,False,False,False,True,True
2044,65,159,14100000,na,,-2.886056648,2011,2014,2014,32716,False,False,False,True,False,False,False,False,False,False,False,True,True
2045,65,159,14800000,na,,-2.744727495,2011,2014,2014,32716,False,False,False,True,False,False,False,False,False,False,False,True,True
2046,65,159,13796738.75,np,,-2.420216403,2011,2014,2014,32716,False,False,True,False,False,False,False,False,False,False,False,True,True
2047,65,159,14800000,np,,-2.214670165,2011,2014,2014,32716,False,False,True,False,False,False,False,False,False,False,False,True,True
2048,66,156,17100000,n2n,,0.2227164711,2011,2021,2023,23782,False,True,False,False,False,False,False,False,False,False,False,True,True
2049,66,156,18544540.98,n2n,,0.2329961104,2011,2021,2023,23782,False,True,False,False,False,False,False,False,False,False,False,True,True
2050,66,156,14700000,n2n,,0.2395497208,2011,2012,2012,32233,False,True,False,False,False,False,False,False,False,False,False,True,True
2051,66,156,13500000,n2n,,0.1592663311,2011,2016,2017,32733,False,True,False,False,False,False,False,False,False,False,False,True,True
2052,66,156,14800000,n2n,,0.1967287226,2011,2016,2017,32733,False,True,False,False,False,False,False,False,False,False,False,True,True
2053,66,156,14700000,np,,-1.761953897,2011,2012,2012,32233,False,False,True,False,False,False,False,False,False,False,False,True,True
2054,66,158,14700000,n2n,,0.3104808915,2011,2012,2012,32233,False,True,False,False,False,False,False,False,False,False,False,True,True
2055,66,158,13500000,n2n,,0.2723058444,2011,2016,2017,32733,False,True,False,False,False,False,False,False,False,False,False,True,True
2056,66,158,14800000,n2n,,0.2685779719,2011,2016,2017,32733,False,True,False,False,False,False,False,False,False,False,False,True,True
2057,66,160,14700000,np,,-1.974694135,2011,2012,2012,32233,False,False,True,False,False,False,False,False,False,False,False,True,True
2058,66,162,13500000,np,,-2.327902142,2011,2016,2017,32735,False,False,True,False,False,False,False,False,False,False,False,True,True
2059,66,162,14800000,np,,-2.251811973,2011,2016,2017,32735,False,False,True,False,False,False,False,False,False,False,False,True,True
2060,66,163,14700000,np,,-2.552841969,2011,2012,2012,32233,False,False,True,False,False,False,False,False,False,False,False,True,True
2061,66,163,13500000,np,,-2.795880017,2011,2016,2017,32735,False,False,True,False,False,False,False,False,False,False,False,True,True
2062,66,163,14800000,np,,-2.552841969,2011,2016,2017,32735,False,False,True,False,False,False,False,False,False,False,False,True,True
2063,66,164,14700000,na,,-2.705533774,2011,2012,2012,32233,False,False,False,True,False,False,False,False,False,False,False,True,True
2064,67,165,13500000,n2n,,0.08529057823,2011,2014,2014,32717,False,True,False,False,False,False,False,False,False,False,False,True,True
2065,67,165,14800000,n2n,,0.1119342763,2011,2014,2014,32717,False,True,False,False,False,False,False,False,False,False,False,True,True
2066,68,162,10700000,n2n,,-0.3565473235,2011,2018,2018,23418,False,True,False,False,False,False,False,False,False,False,False,True,True
2067,68,162,11148990.99,n2n,,-0.1904402854,2011,2018,2018,23418,False,True,False,False,False,False,False,False,False,False,False,True,True
2068,68,162,17100000,n2n,,0.2944662262,2011,2018,2018,23418,False,True,False,False,False,False,False,False,False,False,False,True,True
2069,68,162,18544540.98,n2n,,0.2741578493,2011,2018,2018,23418,False,True,False,False,False,False,False,False,False,False,False,True,True
2070,68,162,14700000,n2n,,0.2938043599,2011,2012,2012,32233,False,True,False,False,False,False,False,False,False,False,False,True,True
2071,68,162,14700000,np,,-1.978810701,2011,2012,2012,32233,False,False,True,False,False,False,False,False,False,False,False,True,True
2072,68,164,14700000,n2n,,0.3096301674,2011,2012,2012,32233,False,True,False,False,False,False,False,False,False,False,False,True,True
2073,68,166,14700000,np,,-2.346787486,2011,2012,2012,32233,False,False,True,False,False,False,False,False,False,False,False,True,True
2074,68,167,14700000,np,,-2.387216143,2011,2012,2012,32233,False,False,True,False,False,False,False,False,False,False,False,True,True
2075,68,168,14700000,na,,-2.677780705,2011,2012,2012,32233,False,False,False,True,False,False,False,False,False,False,False,True,True
2076,68,168,14700000,np,,-2.508638306,2011,2012,2012,32233,False,False,True,False,False,False,False,False,False,False,False,True,True
2077,69,169,1047.133389,capture,,0.8842106264,2011,2025,2025,14855,True,False,False,False,False,False,False,True,False,False,False,False,False
2078,69,169,1153.465168,capture,,0.8311708755,2011,2025,2025,14855,True,False,False,False,False,False,False,True,False,False,False,False,False
2079,69,169,1276.467657,capture,,0.7862324361,2011,2025,2025,14855,True,False,False,False,False,False,False,True,False,False,False,False,False
2080,69,169,1412.564907,capture,,0.9943651516,2011,2025,2025,14855,True,False,False,False,False,False,False,True,False,False,False,False,False
2081,69,169,1555.975429,capture,,0.7551779017,2011,2025,2025,14855,True,False,False,False,False,False,False,True,False,False,False,False,False
2082,69,169,1713.981958,capture,,0.7048085602,2011,2025,2025,14855,True,False,False,False,False,False,False,True,False,False,False,False,False
2083,69,169,1896.722612,capture,,0.6771687877,2011,2025,2025,14855,True,False,False,False,False,False,False,True,False,False,False,False,False
2084,69,169,2098.973224,capture,,0.7961597708,2011,2025,2025,14855,True,False,False,False,False,False,False,True,False,False,False,False,False
2085,69,169,2322.760426,capture,,0.619803603,2011,2025,2025,14855,True,False,False,False,False,False,False,True,False,False,False,False,False
2086,69,169,2570.418406,capture,,0.672737488,2011,2025,2025,14855,True,False,False,False,False,False,False,True,False,False,False,False,False
2087,69,169,2844.493841,capture,,0.7287543142,2011,2025,2025,14855,True,False,False,False,False,False,False,True,False,False,False,False,False
2088,69,169,3133.313278,capture,,0.5610274041,2011,2025,2025,14855,True,False,False,False,False,False,False,True,False,False,False,False,False
2089,69,169,3451.463045,capture,,0.4555079168,2011,2025,2025,14855,True,False,False,False,False,False,False,True,False,False,False,False,False
2090,69,169,3801.939616,capture,,0.555686814,2011,2025,2025,14855,True,False,False,False,False,False,False,True,False,False,False,False,False
2091,69,169,4217.223016,capture,,0.5136064259,2011,2025,2025,14855,True,False,False,False,False,False,False,True,False,False,False,False,False
2092,69,169,4677.650595,capture,,0.5230470018,2011,2025,2025,14855,True,False,False,False,False,False,False,True,False,False,False,False,False
2093,69,169,5128.924976,capture,,0.4194476736,2011,2025,2025,14855,True,False,False,False,False,False,False,True,False,False,False,False,False
2094,69,169,5688.903869,capture,,0.3888433457,2011,2025,2025,14855,True,False,False,False,False,False,False,True,False,False,False,False,False
2095,69,169,6310.009431,capture,,0.4150735582,2011,2025,2025,14855,True,False,False,False,False,False,False,True,False,False,False,False,False
2096,69,169,6998.889334,capture,,0.3369917688,2011,2025,2025,14855,True,False,False,False,False,False,False,True,False,False,False,False,False
2097,69,169,7762.976826,capture,,0.3863294952,2011,2025,2025,14855,True,False,False,False,False,False,False,True,False,False,False,False,False
2098,69,169,8511.954169,capture,,0.3035794069,2011,2025,2025,14855,True,False,False,False,False,False,False,True,False,False,False,False,False
2099,69,169,9441.213496,capture,,0.2363155233,2011,2025,2025,14855,True,False,False,False,False,False,False,True,False,False,False,False,False
2100,69,169,10471.77578,capture,,0.2147445316,2011,2025,2025,14855,True,False,False,False,False,False,False,False,True,False,False,False,False
2101,69,169,11482.19006,capture,,0.1745467706,2011,2025,2025,14855,True,False,False,False,False,False,False,False,True,False,False,False,False
2102,69,169,12736.04859,capture,,0.1183242597,2011,2025,2025,14855,True,False,False,False,False,False,False,False,True,False,False,False,False
2103,69,169,14126.56949,capture,,0.1182647261,2011,2025,2025,14855,True,False,False,False,False,False,False,False,True,False,False,False,False
2104,69,169,15489.35877,capture,,0.1146526772,2011,2025,2025,14855,True,False,False,False,False,False,False,False,True,False,False,False,False
2105,69,169,17180.09022,capture,,0.06383605374,2011,2025,2025,14855,True,False,False,False,False,False,False,False,True,False,False,False,False
2106,69,169,19056.18089,capture,,0.04412800461,2011,2025,2025,14855,True,False,False,False,False,False,False,False,True,False,False,False,False
2107,69,169,20894.32273,capture,,0.008930025116,2011,2025,2025,14855,True,False,False,False,False,False,False,False,True,False,False,False,False
2108,69,169,23175.3059,capture,,-0.03442016162,2011,2025,2025,14855,True,False,False,False,False,False,False,False,True,False,False,False,False
2109,69,169,25705.48122,capture,,-0.07482977369,2011,2025,2025,14855,True,False,False,False,False,False,False,False,True,False,False,False,False
2110,69,169,28185.66267,capture,,-0.06786629518,2011,2025,2025,14855,True,False,False,False,False,False,False,False,True,False,False,False,False
2111,69,169,30551.2676,capture,,-0.05156747185,2011,2025,2025,14855,True,False,False,False,False,False,False,False,True,False,False,False,False
2112,69,169,38907.42083,capture,,-0.1298771308,2011,2025,2025,14855,True,False,False,False,False,False,False,False,True,False,False,False,False
2113,69,169,42172.23016,capture,,-0.1436034509,2011,2025,2025,14855,True,False,False,False,False,False,False,False,True,False,False,False,False
2114,69,169,46776.50595,capture,,-0.1771097873,2011,2025,2025,14855,True,False,False,False,False,False,False,False,True,False,False,False,False
2115,69,169,51289.24976,capture,,-0.2188660031,2011,2025,2025,14855,True,False,False,False,False,False,False,False,True,False,False,False,False
2116,69,169,56889.03869,capture,,-0.2516708502,2011,2025,2025,14855,True,False,False,False,False,False,False,False,True,False,False,False,False
2117,69,169,63100.09431,capture,,-0.2400659955,2011,2025,2025,14855,True,False,False,False,False,False,False,False,True,False,False,False,False
2118,69,169,69187.82402,capture,,-0.2485572964,2011,2025,2025,14855,True,False,False,False,False,False,False,False,True,False,False,False,False
2119,69,169,75862.60402,capture,,-0.2336949962,2011,2025,2025,14855,True,False,False,False,False,False,False,False,True,False,False,False,False
2120,69,169,96611,capture,,-0.3474345843,2011,2025,2025,14855,True,False,False,False,False,False,False,False,True,False,False,False,False
2121,69,169,103519.4953,capture,,-0.3367986592,2011,2025,2025,14855,True,False,False,False,False,False,False,False,False,True,False,False,True
2122,69,169,114821.9006,capture,,-0.3608373601,2011,2025,2025,14855,True,False,False,False,False,False,False,False,False,True,False,False,True
2123,69,169,125903.2634,capture,,-0.4140882897,2011,2025,2025,14855,True,False,False,False,False,False,False,False,False,True,False,False,True
2124,69,169,146230,capture,,-0.4090801819,2011,2025,2025,14855,True,False,False,False,False,False,False,False,False,True,False,False,True
2125,69,169,154893.5877,capture,,-0.4920328715,2011,2025,2025,14855,True,False,False,False,False,False,False,False,False,True,False,False,True
2126,69,169,169833.754,capture,,-0.498875667,2011,2025,2025,14855,True,False,False,False,False,False,False,False,False,True,False,False,True
2127,69,169,186223.2494,capture,,-0.4978290254,2011,2025,2025,14855,True,False,False,False,False,False,False,False,False,True,False,False,True
2128,69,169,208943.2273,capture,,-0.5387454009,2011,2025,2025,14855,True,False,False,False,False,False,False,False,False,True,False,False,True
2129,69,169,231753.059,capture,,-0.5819308365,2011,2025,2025,14855,True,False,False,False,False,False,False,False,False,True,False,False,True
2130,69,169,251203.3764,capture,,-0.609479966,2011,2025,2025,14855,True,False,False,False,False,False,False,False,False,True,False,False,True
2131,69,169,288420.8924,capture,,-0.6364820334,2011,2025,2025,14855,True,False,False,False,False,False,False,False,False,True,False,False,True
2132,69,169,312628.2547,capture,,-0.6544616021,2011,2025,2025,14855,True,False,False,False,False,False,False,False,False,True,False,False,True
2133,69,169,346762.5533,capture,,-0.6480491674,2011,2025,2025,14855,True,False,False,False,False,False,False,False,False,True,False,False,True
2134,69,169,380216.4798,capture,,-0.6910889295,2011,2025,2025,14855,True,False,False,False,False,False,False,False,False,True,False,False,True
2135,69,169,421722.3016,capture,,-0.7188302266,2011,2025,2025,14855,True,False,False,False,False,False,False,False,False,True,False,False,True
2136,69,169,467765.0595,capture,,-0.8079973851,2011,2025,2025,14855,True,False,False,False,False,False,False,False,False,True,False,False,True
2137,69,169,512892.4976,capture,,-0.8378689093,2011,2025,2025,14855,True,False,False,False,False,False,False,False,False,True,False,False,True
2138,69,169,568890.3869,capture,,-0.8667230246,2011,2025,2025,14855,True,False,False,False,False,False,False,False,False,True,False,False,True
2139,69,169,631000.9431,capture,,-0.8792451504,2011,2025,2025,14855,True,False,False,False,False,False,False,False,False,True,False,False,True
2140,69,169,691878.2402,capture,,-0.898605246,2011,2025,2025,14855,True,False,False,False,False,False,False,False,False,True,False,False,True
2141,69,169,767411.001,capture,,-0.93751579,2011,2025,2025,14855,True,False,False,False,False,False,False,False,False,True,False,False,True
2142,69,169,851195.4169,capture,,-0.9490859224,2011,2025,2025,14855,True,False,False,False,False,False,False,False,False,True,False,False,True
2143,69,169,933313.2365,capture,,-0.972796201,2011,2025,2025,14855,True,False,False,False,False,False,False,False,False,True,False,False,True
2144,69,169,17350000,n2n,,0.2430380487,2011,2016,2016,14447,False,True,False,False,False,False,False,False,False,False,False,True,True
2145,69,169,18828494.36,n2n,,0.09516935143,2011,2016,2016,14447,False,True,False,False,False,False,False,False,False,False,False,True,True
2146,69,169,8430000,n2n,,-0.8748441704,2011,2017,2018,14496,False,True,False,False,False,False,False,False,False,False,True,False,True
2147,69,169,9176595.229,n2n,,-0.2124332674,2011,2017,2018,14496,False,True,False,False,False,False,False,False,False,False,True,False,True
2148,69,169,10172049.94,n2n,,0.09187789963,2011,2017,2018,14496,False,True,False,False,False,False,False,False,False,False,False,True,True
2149,69,169,11406174.59,n2n,,0.1994626245,2011,2017,2018,14496,False,True,False,False,False,False,False,False,False,False,False,True,True
2150,69,169,12652628.19,n2n,,0.2708185331,2011,2017,2018,14496,False,True,False,False,False,False,False,False,False,False,False,True,True
2151,69,169,13647710.43,n2n,,0.3054373598,2011,2017,2018,14496,False,True,False,False,False,False,False,False,False,False,False,True,True
2152,69,169,14800000,n2n,,0.3155925338,2011,2017,2018,14496,False,True,False,False,False,False,False,False,False,False,False,True,True
2153,69,169,15243359.21,n2n,,0.3106614558,2011,2021,2021,14708,False,True,False,False,False,False,False,False,False,False,False,True,True
2154,69,169,17045972.59,n2n,,0.2597730063,2011,2021,2021,14708,False,True,False,False,False,False,False,False,False,False,False,True,True
2155,69,169,18421183.46,n2n,,0.1093253878,2011,2021,2021,14708,False,True,False,False,False,False,False,False,False,False,False,True,True
2156,69,169,14050000,n2n,,0.3222192947,2011,2023,2023,31858,False,True,False,False,False,False,False,False,False,False,False,True,True
2157,69,169,13500000,n2n,,0.2617385474,2011,2014,2017,32746,False,True,False,False,False,False,False,False,False,False,False,True,True
2158,69,169,14800000,n2n,,0.2846562828,2011,2014,2017,32746,False,True,False,False,False,False,False,False,False,False,False,True,True
2159,69,169,14300000,n2n,,0.2174049744,2011,2015,2022,32847,False,True,False,False,False,False,False,False,False,False,False,True,True
2160,69,169,12489996,n2n,,0.2639909327,2011,2023,2025,32925,False,True,False,False,False,False,False,False,False,False,False,True,True
2161,69,169,14000000,n2n,,0.2871296207,2011,2023,2025,32925,False,True,False,False,False,False,False,False,False,False,False,True,True
2162,69,169,15491933.38,n2n,,0.3016809493,2011,2023,2025,32925,False,True,False,False,False,False,False,False,False,False,False,True,True
2163,69,169,17000000,n2n,,0.2633993313,2011,2023,2025,32925,False,True,False,False,False,False,False,False,False,False,False,True,True
2164,69,169,18493242.01,n2n,,0.116607744,2011,2023,2025,32925,False,True,False,False,False,False,False,False,False,False,False,True,True
2165,69,169,19800000,n2n,,-0.02826040911,2011,2023,2025,32925,False,True,False,False,False,False,False,False,False,False,False,True,True
2166,70,168,14700000,n2n,,0.2730012721,2011,2012,2012,32233,False,True,False,False,False,False,False,False,False,False,False,True,True
2167,70,168,13500000,n2n,,0.221153322,2011,2013,2016,32727,False,True,False,False,False,False,False,False,False,False,False,True,True
2168,70,168,14800000,n2n,,0.2819419334,2011,2013,2016,32727,False,True,False,False,False,False,False,False,False,False,False,True,True
2169,70,168,14770000,n2n,,0.2806716836,2011,2022,2022,33175,False,True,False,False,False,False,False,False,False,False,False,True,True
2170,70,170,14700000,n2n,,0.2957869403,2011,2012,2012,32233,False,True,False,False,False,False,False,False,False,False,False,True,True
2171,70,170,13500000,n2n,,0.3064250276,2011,2013,2016,32727,False,True,False,False,False,False,False,False,False,False,False,True,True
2172,70,170,14800000,n2n,,0.3300077009,2011,2013,2016,32727,False,True,False,False,False,False,False,False,False,False,False,True,True
2173,70,170,14770000,n2n,,0.3412188077,2011,2022,2022,33175,False,True,False,False,False,False,False,False,False,False,False,True,True
2174,70,172,14700000,np,,-2.283996656,2011,2012,2012,32233,False,False,True,False,False,False,False,False,False,False,False,True,True
2175,70,172,13500000,np,,-2.443697499,2011,2013,2016,32727,False,False,True,False,False,False,False,False,False,False,False,True,True
2176,70,172,14800000,np,,-2.337242168,2011,2013,2016,32727,False,False,True,False,False,False,False,False,False,False,False,True,True
2177,70,173,14700000,np,,-2.259637311,2011,2012,2012,32233,False,False,True,False,False,False,False,False,False,False,False,True,True
2178,70,173,13500000,np,,-2.602059991,2011,2013,2016,32727,False,False,True,False,False,False,False,False,False,False,False,True,True
2179,70,173,14800000,np,,-2.346787486,2011,2013,2016,32727,False,False,True,False,False,False,False,False,False,False,False,True,True
2180,70,173,14770000,np,,-2.346787486,2011,2022,2022,33175,False,False,True,False,False,False,False,False,False,False,False,True,True
2181,70,174,14600000,na,,-2.950781977,2011,2014,2014,23221,False,False,False,True,False,False,False,False,False,False,False,True,True
2182,70,174,14700000,na,,-2.935542011,2011,2012,2012,32233,False,False,False,True,False,False,False,False,False,False,False,True,True
2183,70,174,14770000,na,,-2.93930216,2011,2022,2022,33175,False,False,False,True,False,False,False,False,False,False,False,True,True
2184,70,174,14600000,np,,-2.507239611,2011,2014,2014,23221,False,False,True,False,False,False,False,False,False,False,False,True,True
2185,70,174,14700000,np,,-2.552841969,2011,2012,2012,32233,False,False,True,False,False,False,False,False,False,False,False,True,True
2186,70,174,14800000,np,,-2.585026652,2011,2013,2016,32727,False,False,True,False,False,False,False,False,False,False,False,True,True
2187,70,174,14770000,np,,-2.555955204,2011,2022,2022,33175,False,False,True,False,False,False,False,False,False,False,False,True,True
2188,70,176,14700000,n2n,,0.3667963833,2011,2012,2012,32233,False,True,False,False,False,False,False,False,False,False,False,True,True
2189,70,176,13500000,n2n,,0.3287872004,2011,2013,2016,32727,False,True,False,False,False,False,False,False,False,False,False,True,True
2190,70,176,14800000,n2n,,0.3161800989,2011,2013,2016,32727,False,True,False,False,False,False,False,False,False,False,False,True,True
2191,70,176,14770000,n2n,,0.3508370184,2011,2022,2022,33175,False,True,False,False,False,False,False,False,False,False,False,True,True
2192,70,176,14600000,np,,-2.841637508,2011,2014,2014,23221,False,False,True,False,False,False,False,False,False,False,False,True,True
2193,70,176,14800000,np,,-2.207608311,2011,2013,2016,32727,False,False,True,False,False,False,False,False,False,False,False,True,True
2194,71,175,14298601.33,n2n,,0.3093107158,2011,2018,2019,32773,False,True,False,False,False,False,False,False,False,False,False,True,True
2195,71,175,14700000,n2n,,0.2960066693,2011,2018,2019,32773,False,True,False,False,False,False,False,False,False,False,False,True,True
2196,71,175,14600000,na,,-2.63638802,2011,2024,2025,32254,False,False,False,True,False,False,False,False,False,False,False,True,True
2197,71,175,14298601.33,na,,-2.869666232,2011,2018,2019,32773,False,False,False,True,False,False,False,False,False,False,False,True,True
2198,71,175,14700000,na,,-2.823908741,2011,2018,2019,32773,False,False,False,True,False,False,False,False,False,False,False,True,True
2199,71,175,14620000,na,,-2.970616222,2011,2024,2025,32934,False,False,False,True,False,False,False,False,False,False,False,True,True
2200,71,175,14860000,na,,-2.935542011,2011,2024,2025,32934,False,False,False,True,False,False,False,False,False,False,False,True,True
2201,71,175,14600000,np,,-2.180456064,2011,2024,2025,32254,False,False,True,False,False,False,False,False,False,False,False,True,True
2202,71,175,14298601.33,np,,-2.431798276,2011,2018,2019,32773,False,False,True,False,False,False,False,False,False,False,False,True,True
2203,71,175,14700000,np,,-2.420216403,2011,2018,2019,32773,False,False,True,False,False,False,False,False,False,False,False,True,True
2204,71,175,14066788.7,np,,-2.466821298,2011,2024,2025,32934,False,False,True,False,False,False,False,False,False,False,False,True,True
2205,71,175,14860000,np,,-2.366531544,2011,2024,2025,32934,False,False,True,False,False,False,False,False,False,False,False,True,True
2206,71,176,14600000,na,,-2.555955204,2011,2024,2025,32254,False,False,False,True,False,False,False,False,False,False,False,True,True
2207,71,176,14860000,na,,-3,2011,2024,2025,32934,False,False,False,True,False,False,False,False,False,False,False,True,True
2208,72,174,10500000,n2n,,-0.09312646528,2011,2012,2012,23184,False,True,False,False,False,False,False,False,False,False,False,True,True
2209,72,174,11000000,n2n,,0.2100508499,2011,2012,2012,23184,False,True,False,False,False,False,False,False,False,False,False,True,True
2210,72,176,8800000,n2n,,-0.3788237182,2011,2012,2012,23184,False,True,False,False,False,False,False,False,False,False,True,False,True
2211,72,176,9000000,n2n,,-0.1366771399,2011,2012,2012,23184,False,True,False,False,False,False,False,False,False,False,True,False,True
2212,72,176,10246950.77,n2n,,0.09516935143,2011,2012,2012,23184,False,True,False,False,False,False,False,False,False,False,False,True,True
2213,72,176,11000000,n2n,,0.2203696325,2011,2012,2012,23184,False,True,False,False,False,False,False,False,False,False,False,True,True
2214,72,180,450000,capture,,-1.441291429,2011,2012,2012,32707,True,False,False,False,False,False,False,False,False,True,False,False,True
2215,72,180,1020000,capture,,-1.358525889,2011,2012,2012,32707,True,False,False,False,False,False,False,False,False,False,True,False,True
2216,72,180,1940000,capture,,-1.514278574,2011,2012,2012,32707,True,False,False,False,False,False,False,False,False,False,True,False,True
2217,72,180,2980000,capture,,-1.714442691,2011,2012,2012,32707,True,False,False,False,False,False,False,False,False,False,True,False,True
2218,72,180,13796738.75,np,,-2.874518734,2011,2021,2021,32851,False,False,True,False,False,False,False,False,False,False,False,True,True
2219,72,180,14800000,np,,-2.725842151,2011,2021,2021,32851,False,False,True,False,False,False,False,False,False,False,False,True,True
2220,73,181,23495,capture,,-0.02826040911,2011,2017,2017,14473,True,False,False,False,False,False,False,False,True,False,False,False,False
2221,73,181,81337,capture,,-0.3535962738,2011,2017,2017,14473,True,False,False,False,False,False,False,False,True,False,False,False,False
2222,73,181,127755,capture,,-0.4609239012,2011,2017,2017,14473,True,False,False,False,False,False,False,False,False,True,False,False,True
2223,73,181,136580,capture,,-0.468521083,2011,2017,2017,14473,True,False,False,False,False,False,False,False,False,True,False,False,True
2224,73,181,167550,capture,,-0.505845406,2011,2017,2017,14473,True,False,False,False,False,False,False,False,False,True,False,False,True
2225,73,181,183035,capture,,-0.5243288117,2011,2017,2017,14473,True,False,False,False,False,False,False,False,False,True,False,False,True
2226,73,181,219155,capture,,-0.5833594927,2011,2017,2017,14473,True,False,False,False,False,False,False,False,False,True,False,False,True
2227,73,181,272385,capture,,-0.616184634,2011,2017,2017,14473,True,False,False,False,False,False,False,False,False,True,False,False,True
2228,73,181,306225,capture,,-0.6497519817,2011,2017,2017,14473,True,False,False,False,False,False,False,False,False,True,False,False,True
2229,73,181,352150,capture,,-0.6882461389,2011,2017,2017,14473,True,False,False,False,False,False,False,False,False,True,False,False,True
2230,73,181,375600,capture,,-0.721246399,2011,2017,2017,14473,True,False,False,False,False,False,False,False,False,True,False,False,True
2231,73,181,467475,capture,,-0.7423214251,2011,2017,2017,14473,True,False,False,False,False,False,False,False,False,True,False,False,True
2232,73,181,555790,capture,,-0.7304870558,2011,2017,2017,14473,True,False,False,False,False,False,False,False,False,True,False,False,True
2233,73,181,642065,capture,,-0.7878123956,2011,2017,2017,14473,True,False,False,False,False,False,False,False,False,True,False,False,True
2234,73,181,699525,capture,,-0.8153085692,2011,2017,2017,14473,True,False,False,False,False,False,False,False,False,True,False,False,True
2235,73,181,949095,capture,,-0.8664610916,2011,2017,2017,14473,True,False,False,False,False,False,False,False,False,True,False,False,True
2236,73,181,1180200,capture,,-0.9665762445,2011,2017,2017,14473,True,False,False,False,False,False,False,False,False,False,True,False,True
2237,73,181,14780000,n2n,,0.2624510897,2011,2020,2020,33142,False,True,False,False,False,False,False,False,False,False,False,True,True
2238,73,181,13967665.97,np,,-2.601596991,2011,2016,2016,41614,False,False,True,False,False,False,False,False,False,False,False,True,True
2239,73,181,14759834.01,np,,-2.436103804,2011,2016,2016,41614,False,False,True,False,False,False,False,False,False,False,False,True,True
2240,73,181,400199.9917,total,,0.8332746393,2011,2019,2019,14576,False,False,False,False,True,False,False,False,False,True,False,False,True
2241,73,181,420753.4013,total,,0.839771971,2011,2019,2019,14576,False,False,False,False,True,False,False,False,False,True,False,False,True
2242,73,181,464935.8695,total,,0.8363177848,2011,2019,2019,14576,False,False,False,False,True,False,False,False,False,True,False,False,True
2243,73,181,513760.7032,total,,0.8343183479,2011,2019,2019,14576,False,False,False,False,True,False,False,False,False,True,False,False,True
2244,73,181,567757.4869,total,,0.8318834647,2011,2019,2019,14576,False,False,False,False,True,False,False,False,False,True,False,False,True
2245,73,181,627530.8606,total,,0.8324973004,2011,2019,2019,14576,False,False,False,False,True,False,False,False,False,True,False,False,True
2246,73,181,693672.4664,total,,0.8336156263,2011,2019,2019,14576,False,False,False,False,True,False,False,False,False,True,False,False,True
2247,73,181,766520.5527,total,,0.8350766069,2011,2019,2019,14576,False,False,False,False,True,False,False,False,False,True,False,False,True
2248,73,181,847159.565,total,,0.8359925216,2011,2019,2019,14576,False,False,False,False,True,False,False,False,False,True,False,False,True
2249,73,181,936384.1154,total,,0.8369391013,2011,2019,2019,14576,False,False,False,False,True,False,False,False,False,True,False,False,True
2250,73,181,1034879.82,total,,0.8388014569,2011,2019,2019,14576,False,False,False,False,True,False,False,False,False,False,True,False,True
2251,73,181,1143518.219,total,,0.84023279,2011,2019,2019,14576,False,False,False,False,True,False,False,False,False,False,True,False,True
2252,73,181,1263921.094,total,,0.8443553576,2011,2019,2019,14576,False,False,False,False,True,False,False,False,False,False,True,False,True
2253,73,181,1396656.799,total,,0.8459385691,2011,2019,2019,14576,False,False,False,False,True,False,False,False,False,False,True,False,True
2254,73,181,1543406.233,total,,0.8503207614,2011,2019,2019,14576,False,False,False,False,True,False,False,False,False,False,True,False,True
2255,73,181,1706062.252,total,,0.8527267462,2011,2019,2019,14576,False,False,False,False,True,False,False,False,False,False,True,False,True
2256,73,181,1885100.995,total,,0.8567082646,2011,2019,2019,14576,False,False,False,False,True,False,False,False,False,False,True,False,True
2257,73,181,2083766.096,total,,0.8579651894,2011,2019,2019,14576,False,False,False,False,True,False,False,False,False,False,True,False,True
2258,73,181,2303168.934,total,,0.8576608645,2011,2019,2019,14576,False,False,False,False,True,False,False,False,False,False,True,False,True
2259,73,181,2544709.435,total,,0.8534073596,2011,2019,2019,14576,False,False,False,False,True,False,False,False,False,False,True,False,True
2260,73,181,2811691.946,total,,0.8477471043,2011,2019,2019,14576,False,False,False,False,True,False,False,False,False,False,True,False,True
2261,73,181,3107278.362,total,,0.839977615,2011,2019,2019,14576,False,False,False,False,True,False,False,False,False,False,True,False,True
2262,73,181,3435103.857,total,,0.8269341462,2011,2019,2019,14576,False,False,False,False,True,False,False,False,False,False,True,False,True
2263,73,181,3796275.872,total,,0.8143176749,2011,2019,2019,14576,False,False,False,False,True,False,False,False,False,False,True,False,True
2264,73,181,4194811.571,total,,0.7988545948,2011,2019,2019,14576,False,False,False,False,True,False,False,False,False,False,True,False,True
2265,73,181,4637381.628,total,,0.7828260314,2011,2019,2019,14576,False,False,False,False,True,False,False,False,False,False,True,False,True
2266,73,181,5125585.362,total,,0.7668760698,2011,2019,2019,14576,False,False,False,False,True,False,False,False,False,False,True,False,True
2267,73,181,5662302.151,total,,0.7486654554,2011,2019,2019,14576,False,False,False,False,True,False,False,False,False,False,True,False,True
2268,73,181,6256893.196,total,,0.7345447055,2011,2019,2019,14576,False,False,False,False,True,False,False,False,False,False,True,False,True
2269,73,181,6918144.802,total,,0.7200919657,2011,2019,2019,14576,False,False,False,False,True,False,False,False,False,False,True,False,True
2270,73,181,7647874.409,total,,0.7123482634,2011,2019,2019,14576,False,False,False,False,True,False,False,False,False,False,True,False,True
2271,73,181,8450635.949,total,,0.7070002539,2011,2019,2019,14576,False,False,False,False,True,False,False,False,False,False,True,False,True
2272,73,181,9336228.321,total,,0.706184478,2011,2019,2019,14576,False,False,False,False,True,False,False,False,False,False,True,False,True
2273,73,181,10317494.11,total,,0.710964326,2011,2019,2019,14576,False,False,False,False,True,False,False,False,False,False,False,True,True
2274,73,181,11403169.23,total,,0.7157906999,2011,2019,2019,14576,False,False,False,False,True,False,False,False,False,False,False,True,True
2275,73,181,12600456.8,total,,0.7219126332,2011,2019,2019,14576,False,False,False,False,True,False,False,False,False,False,False,True,True
2276,73,181,13927335.01,total,,0.7264011621,2011,2019,2019,14576,False,False,False,False,True,False,False,False,False,False,False,True,True
2277,73,181,15395837.2,total,,0.7310229644,2011,2019,2019,14576,False,False,False,False,True,False,False,False,False,False,False,True,True
2278,73,181,17018495.35,total,,0.7320331875,2011,2019,2019,14576,False,False,False,False,True,False,False,False,False,False,False,True,True
2279,73,181,18802067.52,total,,0.7200360128,2011,2019,2019,14576,False,False,False,False,True,False,False,False,False,False,False,True,True
2280,73,181,19889882.69,total,,0.7294347894,2011,2019,2019,14576,False,False,False,False,True,False,False,False,False,False,False,True,True
2281,73,181,400199.9917,total,,0.8391007827,2011,2019,2019,14576,False,False,False,False,True,False,False,False,False,True,False,False,True
2282,73,181,420753.4013,total,,0.8419928849,2011,2019,2019,14576,False,False,False,False,True,False,False,False,False,True,False,False,True
2283,73,181,464935.8695,total,,0.8387380711,2011,2019,2019,14576,False,False,False,False,True,False,False,False,False,True,False,False,True
2284,73,181,513760.7032,total,,0.8355546917,2011,2019,2019,14576,False,False,False,False,True,False,False,False,False,True,False,False,True
2285,73,181,567757.4869,total,,0.8329363324,2011,2019,2019,14576,False,False,False,False,True,False,False,False,False,True,False,False,True
2286,73,181,627530.8606,total,,0.832917379,2011,2019,2019,14576,False,False,False,False,True,False,False,False,False,True,False,False,True
2287,73,181,693672.4664,total,,0.8352989954,2011,2019,2019,14576,False,False,False,False,True,False,False,False,False,True,False,False,True
2288,73,181,766520.5527,total,,0.8355849731,2011,2019,2019,14576,False,False,False,False,True,False,False,False,False,True,False,False,True
2289,73,181,847159.565,total,,0.8367906989,2011,2019,2019,14576,False,False,False,False,True,False,False,False,False,True,False,False,True
2290,73,181,936384.1154,total,,0.8379180219,2011,2019,2019,14576,False,False,False,False,True,False,False,False,False,True,False,False,True
2291,73,181,1034879.82,total,,0.8393220264,2011,2019,2019,14576,False,False,False,False,True,False,False,False,False,False,True,False,True
2292,73,181,1143518.219,total,,0.8412578431,2011,2019,2019,14576,False,False,False,False,True,False,False,False,False,False,True,False,True
2293,73,181,1263921.094,total,,0.8440146393,2011,2019,2019,14576,False,False,False,False,True,False,False,False,False,False,True,False,True
2294,73,181,1396656.799,total,,0.8471010819,2011,2019,2019,14576,False,False,False,False,True,False,False,False,False,False,True,False,True
2295,73,181,1543406.233,total,,0.8506455657,2011,2019,2019,14576,False,False,False,False,True,False,False,False,False,False,True,False,True
2296,73,181,1706062.252,total,,0.8537484253,2011,2019,2019,14576,False,False,False,False,True,False,False,False,False,False,True,False,True
2297,73,181,1885100.995,total,,0.8566198574,2011,2019,2019,14576,False,False,False,False,True,False,False,False,False,False,True,False,True
2298,73,181,2083766.096,total,,0.8579931939,2011,2019,2019,14576,False,False,False,False,True,False,False,False,False,False,True,False,True
2299,73,181,2303168.934,total,,0.8575174886,2011,2019,2019,14576,False,False,False,False,True,False,False,False,False,False,True,False,True
2300,73,181,2544709.435,total,,0.8538905677,2011,2019,2019,14576,False,False,False,False,True,False,False,False,False,False,True,False,True
2301,73,181,2811691.946,total,,0.8480235874,2011,2019,2019,14576,False,False,False,False,True,False,False,False,False,False,True,False,True
2302,73,181,3107278.362,total,,0.8392707889,2011,2019,2019,14576,False,False,False,False,True,False,False,False,False,False,True,False,True
2303,73,181,3435103.857,total,,0.8294266342,2011,2019,2019,14576,False,False,False,False,True,False,False,False,False,False,True,False,True
2304,73,181,3796275.872,total,,0.8144074293,2011,2019,2019,14576,False,False,False,False,True,False,False,False,False,False,True,False,True
2305,73,181,4194811.571,total,,0.7987240783,2011,2019,2019,14576,False,False,False,False,True,False,False,False,False,False,True,False,True
2306,73,181,4637381.628,total,,0.7839838456,2011,2019,2019,14576,False,False,False,False,True,False,False,False,False,False,True,False,True
2307,73,181,5125585.362,total,,0.767167864,2011,2019,2019,14576,False,False,False,False,True,False,False,False,False,False,True,False,True
2308,73,181,5662302.151,total,,0.7497593335,2011,2019,2019,14576,False,False,False,False,True,False,False,False,False,False,True,False,True
2309,73,181,6256893.196,total,,0.7349366637,2011,2019,2019,14576,False,False,False,False,True,False,False,False,False,False,True,False,True
2310,73,181,6918144.802,total,,0.7199793922,2011,2019,2019,14576,False,False,False,False,True,False,False,False,False,False,True,False,True
2311,73,181,7647874.409,total,,0.7120747091,2011,2019,2019,14576,False,False,False,False,True,False,False,False,False,False,True,False,True
2312,73,181,8450635.949,total,,0.7066324509,2011,2019,2019,14576,False,False,False,False,True,False,False,False,False,False,True,False,True
2313,73,181,9336228.321,total,,0.7073426456,2011,2019,2019,14576,False,False,False,False,True,False,False,False,False,False,True,False,True
2314,73,181,10317494.11,total,,0.710471574,2011,2019,2019,14576,False,False,False,False,True,False,False,False,False,False,False,True,True
2315,73,181,11403169.23,total,,0.7136699666,2011,2019,2019,14576,False,False,False,False,True,False,False,False,False,False,False,True,True
2316,73,181,12600456.8,total,,0.7199675544,2011,2019,2019,14576,False,False,False,False,True,False,False,False,False,False,False,True,True
2317,73,181,13927335.01,total,,0.723584272,2011,2019,2019,14576,False,False,False,False,True,False,False,False,False,False,False,True,True
2318,73,181,15395837.2,total,,0.7291178779,2011,2019,2019,14576,False,False,False,False,True,False,False,False,False,False,False,True,True
2319,73,181,17018495.35,total,,0.7293613061,2011,2019,2019,14576,False,False,False,False,True,False,False,False,False,False,False,True,True
2320,73,181,18802067.52,total,,0.721655465,2011,2019,2019,14576,False,False,False,False,True,False,False,False,False,False,False,True,True
2321,73,181,19889882.69,total,,0.7243851123,2011,2019,2019,14576,False,False,False,False,True,False,False,False,False,False,False,True,True
2322,74,182,8606369.734,n2n,,-0.6546262694,2011,2025,2025,14856,False,True,False,False,False,False,False,False,False,False,True,False,True
2323,74,182,9350000,n2n,,-0.09205147839,2011,2025,2025,14856,False,True,False,False,False,False,False,False,False,False,True,False,True
2324,74,182,10315734.67,n2n,,0.1343896324,2011,2025,2025,14856,False,True,False,False,False,False,False,False,False,False,False,True,True
2325,74,182,11542400.1,n2n,,0.2467447097,2011,2025,2025,14856,False,True,False,False,False,False,False,False,False,False,False,True,True
2326,74,182,12517503.74,n2n,,0.2963360546,2011,2025,2025,14856,False,True,False,False,False,False,False,False,False,False,False,True,True
2327,74,182,14700000,n2n,,0.3479151865,2011,2025,2025,14856,False,True,False,False,False,False,False,False,False,False,False,True,True
2328,74,182,13942740.05,n2n,,0.3133398439,2011,2022,2024,32874,False,True,False,False,False,False,False,False,False,False,False,True,True
2329,74,182,14800000,n2n,,0.3358589113,2011,2022,2024,32874,False,True,False,False,False,False,False,False,False,False,False,True,True
2330,74,182,13994964.18,np,,-2.39218768,2011,2022,2024,32874,False,False,True,False,False,False,False,False,False,False,False,True,True
2331,74,182,14800000,np,,-2.257274869,2011,2022,2024,32874,False,False,True,False,False,False,False,False,False,False,False,True,True
2332,74,182,14063717.81,np,,-2.383997374,2011,2016,2016,41614,False,False,True,False,False,False,False,False,False,False,False,True,True
2333,74,182,14749833.9,np,,-2.254417787,2011,2016,2016,41614,False,False,True,False,False,False,False,False,False,False,False,True,True
2334,74,183,13994964.18,np,,-2.531160551,2011,2023,2025,32904,False,False,True,False,False,False,False,False,False,False,False,True,True
2335,74,183,14800000,np,,-2.32330639,2011,2023,2025,32904,False,False,True,False,False,False,False,False,False,False,False,True,True
2336,74,183,14063717.81,np,,-2.314258261,2011,2016,2016,41614,False,False,True,False,False,False,False,False,False,False,False,True,True
2337,74,183,14749833.9,np,,-2.153353671,2011,2016,2016,41614,False,False,True,False,False,False,False,False,False,False,False,True,True
2338,74,184,13994964.18,np,,-2.718966633,2011,2022,2024,32874,False,False,True,False,False,False,False,False,False,False,False,True,True
2339,74,184,14800000,np,,-2.514278574,2011,2022,2024,32874,False,False,True,False,False,False,False,False,False,False,False,True,True
2340,74,184,13962433.96,np,,-2.69429045,2011,2016,2016,41614,False,False,True,False,False,False,False,False,False,False,False,True,True
2341,74,184,14759783.2,np,,-2.504455662,2011,2016,2016,41614,False,False,True,False,False,False,False,False,False,False,False,True,True
2342,74,186,13930841.4,n2n,,0.2835273649,2011,2016,2016,41614,False,True,False,False,False,False,False,False,False,False,False,True,True
2343,74,186,14749833.9,n2n,,0.3055663135,2011,2016,2016,41614,False,True,False,False,False,False,False,False,False,False,False,True,True
2344,74,186,14400000,np,,-2.853871964,2011,2019,2020,32797,False,False,True,False,False,False,False,False,False,False,False,True,True
2345,74,186,14160781.12,np,,-2.868862726,2011,2016,2016,41614,False,False,True,False,False,False,False,False,False,False,False,True,True
2346,74,186,14744809.26,np,,-2.721246399,2011,2016,2016,41614,False,False,True,False,False,False,False,False,False,False,False,True,True
2347,75,185,1044.652998,capture,,1.04857881,2011,2024,2025,32929,True,False,False,False,False,False,False,True,False,False,False,False,False
2348,75,185,1151.453607,capture,,1.103381806,2011,2024,2025,32929,True,False,False,False,False,False,False,True,False,False,False,False,False
2349,75,185,1269.665242,capture,,1.049839259,2011,2024,2025,32929,True,False,False,False,False,False,False,True,False,False,False,False,False
2350,75,185,1399.356788,capture,,1.078279439,2011,2024,2025,32929,True,False,False,False,False,False,False,True,False,False,False,False,False
2351,75,185,1561.212346,capture,,0.9807616105,2011,2024,2025,32929,True,False,False,False,False,False,False,True,False,False,False,False,False
2352,75,185,1722.002037,capture,,0.8668050816,2011,2024,2025,32929,True,False,False,False,False,False,False,True,False,False,False,False,False
2353,75,185,1899.157446,capture,,0.867522169,2011,2024,2025,32929,True,False,False,False,False,False,False,True,False,False,False,False,False
2354,75,185,2089.365794,capture,,0.9414775176,2011,2024,2025,32929,True,False,False,False,False,False,False,True,False,False,False,False,False
2355,75,185,2304.956272,capture,,0.9749632531,2011,2024,2025,32929,True,False,False,False,False,False,False,True,False,False,False,False,False
2356,75,185,2566.82114,capture,,0.96867661,2011,2024,2025,32929,True,False,False,False,False,False,False,True,False,False,False,False,False
2357,75,185,2829.204692,capture,,0.8939142653,2011,2024,2025,32929,True,False,False,False,False,False,False,True,False,False,False,False,False
2358,75,185,3120.518639,capture,,0.8552028596,2011,2024,2025,32929,True,False,False,False,False,False,False,True,False,False,False,False,False
2359,75,185,3476.381856,capture,,0.8243906272,2011,2024,2025,32929,True,False,False,False,False,False,False,True,False,False,False,False,False
2360,75,185,3831.376381,capture,,0.811418149,2011,2024,2025,32929,True,False,False,False,False,False,False,True,False,False,False,False,False
2361,75,185,4221.951508,capture,,0.8048454559,2011,2024,2025,32929,True,False,False,False,False,False,False,True,False,False,False,False,False
2362,75,185,4707.875708,capture,,0.7434387353,2011,2024,2025,32929,True,False,False,False,False,False,False,True,False,False,False,False,False
2363,75,185,5185.961517,capture,,0.7478548109,2011,2024,2025,32929,True,False,False,False,False,False,False,True,False,False,False,False,False
2364,75,185,5719.398518,capture,,0.690248015,2011,2024,2025,32929,True,False,False,False,False,False,False,True,False,False,False,False,False
2365,75,185,6303.165515,capture,,0.6115124807,2011,2024,2025,32929,True,False,False,False,False,False,False,True,False,False,False,False,False
2366,75,185,6948.67607,capture,,0.6189876673,2011,2024,2025,32929,True,False,False,False,False,False,False,True,False,False,False,False,False
2367,75,185,7740.397139,capture,,0.6181803533,2011,2024,2025,32929,True,False,False,False,False,False,False,True,False,False,False,False,False
2368,75,185,8532.519697,capture,,0.5227760225,2011,2024,2025,32929,True,False,False,False,False,False,False,True,False,False,False,False,False
2369,75,185,9405.619887,capture,,0.4916515937,2011,2024,2025,32929,True,False,False,False,False,False,False,True,False,False,False,False,False
2370,75,185,10040,capture,,0.4801435373,2011,2024,2025,32929,True,False,False,False,False,False,False,False,True,False,False,False,False
2371,75,185,14740000,n2n,,0.2659963705,2011,2016,2016,41614,False,True,False,False,False,False,False,False,False,False,False,True,True
2372,75,185,14480000,na,,-2.853871964,2011,2016,2016,41614,False,False,False,True,False,False,False,False,False,False,False,True,True
2373,75,187,1044.652998,capture,,1.334018535,2011,2024,2025,32929,True,False,False,False,False,False,False,True,False,False,False,False,False
2374,75,187,1151.453607,capture,,1.195638444,2011,2024,2025,32929,True,False,False,False,False,False,False,True,False,False,False,False,False
2375,75,187,1269.665242,capture,,1.135728562,2011,2024,2025,32929,True,False,False,False,False,False,False,True,False,False,False,False,False
2376,75,187,1399.356788,capture,,1.285151943,2011,2024,2025,32929,True,False,False,False,False,False,False,True,False,False,False,False,False
2377,75,187,1561.212346,capture,,1.106781843,2011,2024,2025,32929,True,False,False,False,False,False,False,True,False,False,False,False,False
2378,75,187,1722.002037,capture,,1.085993997,2011,2024,2025,32929,True,False,False,False,False,False,False,True,False,False,False,False,False
2379,75,187,1899.157446,capture,,1.090562623,2011,2024,2025,32929,True,False,False,False,False,False,False,True,False,False,False,False,False
2380,75,187,2089.365794,capture,,1.050347657,2011,2024,2025,32929,True,False,False,False,False,False,False,True,False,False,False,False,False
2381,75,187,2304.956272,capture,,1.003621295,2011,2024,2025,32929,True,False,False,False,False,False,False,True,False,False,False,False,False
2382,75,187,2566.82114,capture,,1.090663299,2011,2024,2025,32929,True,False,False,False,False,False,False,True,False,False,False,False,False
2383,75,187,2829.204692,capture,,1.022971827,2011,2024,2025,32929,True,False,False,False,False,False,False,True,False,False,False,False,False
2384,75,187,3120.518639,capture,,0.9496275837,2011,2024,2025,32929,True,False,False,False,False,False,False,True,False,False,False,False,False
2385,75,187,3476.381856,capture,,0.893613977,2011,2024,2025,32929,True,False,False,False,False,False,False,True,False,False,False,False,False
2386,75,187,3831.376381,capture,,0.9067104419,2011,2024,2025,32929,True,False,False,False,False,False,False,True,False,False,False,False,False
2387,75,187,4221.951508,capture,,0.869210474,2011,2024,2025,32929,True,False,False,False,False,False,False,True,False,False,False,False,False
2388,75,187,4707.875708,capture,,0.7705720591,2011,2024,2025,32929,True,False,False,False,False,False,False,True,False,False,False,False,False
2389,75,187,5185.961517,capture,,0.8441762029,2011,2024,2025,32929,True,False,False,False,False,False,False,True,False,False,False,False,False
2390,75,187,5719.398518,capture,,0.7436632301,2011,2024,2025,32929,True,False,False,False,False,False,False,True,False,False,False,False,False
2391,75,187,6303.165515,capture,,0.7014339202,2011,2024,2025,32929,True,False,False,False,False,False,False,True,False,False,False,False,False
2392,75,187,6948.67607,capture,,0.7099273515,2011,2024,2025,32929,True,False,False,False,False,False,False,True,False,False,False,False,False
2393,75,187,7740.397139,capture,,0.7217028111,2011,2024,2025,32929,True,False,False,False,False,False,False,True,False,False,False,False,False
2394,75,187,8532.519697,capture,,0.509844078,2011,2024,2025,32929,True,False,False,False,False,False,False,True,False,False,False,False,False
2395,75,187,9405.619887,capture,,0.5766642439,2011,2024,2025,32929,True,False,False,False,False,False,False,True,False,False,False,False,False
2396,75,187,10040,capture,,0.5092253793,2011,2024,2025,32929,True,False,False,False,False,False,False,False,True,False,False,False,False
2397,75,187,18100000,na,,-2.815292596,2011,2016,2016,23301,False,False,False,True,False,False,False,False,False,False,False,True,True
2398,75,187,16100000,na,,-2.970616222,2011,2016,2016,23301,False,False,False,True,False,False,False,False,False,False,False,True,True
2399,75,187,16800000,na,,-2.974694135,2011,2016,2016,23301,False,False,False,True,False,False,False,False,False,False,False,True,True
2400,75,187,18300000,na,,-2.818156412,2011,2016,2016,23301,False,False,False,True,False,False,False,False,False,False,False,True,True
2401,75,187,18100000,np,,-2.315894947,2011,2016,2016,23301,False,False,True,False,False,False,False,False,False,False,False,True,True
2402,75,187,18100000,np,,-2.30980392,2011,2020,2021,23723,False,False,True,False,False,False,False,False,False,False,False,True,True
2403,75,187,15390746.11,np,,-2.451815389,2011,2020,2021,23723,False,False,True,False,False,False,False,False,False,False,False,True,True
2404,75,187,17048167.06,np,,-2.341988603,2011,2020,2021,23723,False,False,True,False,False,False,False,False,False,False,False,True,True
2405,75,187,18300000,np,,-2.30980392,2011,2020,2021,23723,False,False,True,False,False,False,False,False,False,False,False,True,True
2406,75,187,13994964.18,np,,-2.600326279,2011,2021,2025,32854,False,False,True,False,False,False,False,False,False,False,False,True,True
2407,75,187,14800000,np,,-2.485452247,2011,2021,2025,32854,False,False,True,False,False,False,False,False,False,False,False,True,True
2408,75,187,14059634.89,np,,-2.504918416,2011,2016,2016,41614,False,False,True,False,False,False,False,False,False,False,False,True,True
2409,75,187,14840000,np,,-2.404503778,2011,2016,2016,41614,False,False,True,False,False,False,False,False,False,False,False,True,True
2410,76,188,13992354.17,np,,-2.434545742,2011,2016,2016,41614,False,False,True,False,False,False,False,False,False,False,False,True,True
2411,76,188,14749833.9,np,,-2.270430274,2011,2016,2016,41614,False,False,True,False,False,False,False,False,False,False,False,True,True
2412,76,189,13992354.17,np,,-2.141663354,2011,2016,2016,41614,False,False,True,False,False,False,False,False,False,False,False,True,True
2413,76,189,14749833.9,np,,-1.968591536,2011,2016,2016,41614,False,False,True,False,False,False,False,False,False,False,False,True,True
2414,77,191,13994282.8,n2n,,0.3235149257,2011,2022,2025,32926,False,True,False,False,False,False,False,False,False,False,False,True,True
2415,77,191,14829969.66,n2n,,0.3292493598,2011,2022,2025,32926,False,True,False,False,False,False,False,False,False,False,False,True,True
2416,77,191,14070966.77,n2n,,0.2728159335,2011,2016,2016,41614,False,True,False,False,False,False,False,False,False,False,False,True,True
2417,77,191,14749833.9,n2n,,0.27600199,2011,2016,2016,41614,False,True,False,False,False,False,False,False,False,False,False,True,True
2418,77,191,14070966.77,np,,-2.40560745,2011,2016,2016,41614,False,False,True,False,False,False,False,False,False,False,False,True,True
2419,77,191,14749833.9,np,,-2.326058001,2011,2016,2016,41614,False,False,True,False,False,False,False,False,False,False,False,True,True
2420,77,193,14207862.15,np,,-2.701146924,2011,2016,2016,41614,False,False,True,False,False,False,False,False,False,False,False,True,True
2421,77,193,14749833.9,np,,-2.492144128,2011,2016,2016,41614,False,False,True,False,False,False,False,False,False,False,False,True,True
2422,78,192,14064410.13,n2n,,0.2844307338,2011,2016,2016,41614,False,True,False,False,False,False,False,False,False,False,False,True,True
2423,78,192,14820000,n2n,,0.3106933123,2011,2016,2016,41614,False,True,False,False,False,False,False,False,False,False,False,True,True
2424,78,194,14680000,na,,-2.93930216,2011,2016,2016,41614,False,False,False,True,False,False,False,False,False,False,False,True,True
2425,78,194,13964741.32,np,,-2.506541949,2011,2016,2016,41614,False,False,True,False,False,False,False,False,False,False,False,True,True
2426,78,194,14820000,np,,-2.332547047,2011,2016,2016,41614,False,False,True,False,False,False,False,False,False,False,False,True,True
2427,78,196,14770000,np,,-2.841637508,2011,2016,2016,41614,False,False,True,False,False,False,False,False,False,False,False,True,True
2428,79,197,45000,capture,,-0.339134522,2011,2022,2022,23603,True,False,False,False,False,False,False,False,True,False,False,False,False
2429,79,197,133400,capture,,-0.5287082889,2011,2022,2022,23603,True,False,False,False,False,False,False,False,False,True,False,False,True
2430,79,197,21500,capture,,-0.2125395255,2011,2021,2021,23746,True,False,False,False,False,False,False,False,True,False,False,False,False
2431,79,197,53000,capture,,-0.3946949539,2011,2021,2021,23746,True,False,False,False,False,False,False,False,True,False,False,False,False
2432,79,197,128000,capture,,-0.5243288117,2011,2021,2021,23746,True,False,False,False,False,False,False,False,False,True,False,False,True
2433,79,197,1593.125808,capture,,0.6555255293,2011,2021,2022,32856,True,False,False,False,False,False,False,True,False,False,False,False,False
2434,79,197,1719.887633,capture,,0.6483014709,2011,2021,2022,32856,True,False,False,False,False,False,False,True,False,False,False,False,False
2435,79,197,1899.984554,capture,,0.5876134974,2011,2021,2022,32856,True,False,False,False,False,False,False,True,False,False,False,False,False
2436,79,197,2100.148805,capture,,0.6963752621,2011,2021,2022,32856,True,False,False,False,False,False,False,True,False,False,False,False,False
2437,79,197,2321.400485,capture,,0.520184787,2011,2021,2022,32856,True,False,False,False,False,False,False,True,False,False,False,False,False
2438,79,197,2565.961137,capture,,0.4935460644,2011,2021,2022,32856,True,False,False,False,False,False,False,True,False,False,False,False,False
2439,79,197,2836.286321,capture,,0.4453153093,2011,2021,2022,32856,True,False,False,False,False,False,False,True,False,False,False,False,False
2440,79,197,3135.090431,capture,,0.3622890999,2011,2021,2022,32856,True,False,False,False,False,False,False,True,False,False,False,False,False
2441,79,197,3463.379435,capture,,0.5081918667,2011,2021,2022,32856,True,False,False,False,False,False,False,True,False,False,False,False,False
2442,79,197,3826.044972,capture,,0.4308642417,2011,2021,2022,32856,True,False,False,False,False,False,False,True,False,False,False,False,False
2443,79,197,4229.120654,capture,,0.384791221,2011,2021,2022,32856,True,False,False,False,False,False,False,True,False,False,False,False,False
2444,79,197,4674.660525,capture,,0.3660510686,2011,2021,2022,32856,True,False,False,False,False,False,False,True,False,False,False,False,False
2445,79,197,5167.138153,capture,,0.2293151793,2011,2021,2022,32856,True,False,False,False,False,False,False,True,False,False,False,False,False
2446,79,197,5711.498589,capture,,0.3984361108,2011,2021,2022,32856,True,False,False,False,False,False,False,True,False,False,False,False,False
2447,79,197,6313.207568,capture,,0.3043520724,2011,2021,2022,32856,True,False,False,False,False,False,False,True,False,False,False,False,False
2448,79,197,6974.291129,capture,,0.3019950058,2011,2021,2022,32856,True,False,False,False,False,False,False,True,False,False,False,False,False
2449,79,197,7704.599514,capture,,0.2644229505,2011,2021,2022,32856,True,False,False,False,False,False,False,True,False,False,False,False,False
2450,79,197,8516.282726,capture,,0.2036586618,2011,2021,2022,32856,True,False,False,False,False,False,False,True,False,False,False,False,False
2451,79,197,9413.477211,capture,,0.1354021335,2011,2021,2022,32856,True,False,False,False,False,False,False,True,False,False,False,False,False
2452,79,197,10284.1985,capture,,0.1200290411,2011,2021,2022,32856,True,False,False,False,False,False,False,False,True,False,False,False,False
2453,79,197,11481.56693,capture,,0.1352328905,2011,2021,2022,32856,True,False,False,False,False,False,False,False,True,False,False,False,False
2454,79,197,12705.77521,capture,,0.07093491268,2011,2021,2022,32856,True,False,False,False,False,False,False,False,True,False,False,False,False
2455,79,197,14060.51222,capture,,0.03104195976,2011,2021,2022,32856,True,False,False,False,False,False,False,False,True,False,False,False,False
2456,79,197,15523.91058,capture,,-0.001816414323,2011,2021,2022,32856,True,False,False,False,False,False,False,False,True,False,False,False,False
2457,79,197,17139.61849,capture,,-0.007436862971,2011,2021,2022,32856,True,False,False,False,False,False,False,False,True,False,False,False,False
2458,79,197,18967.10929,capture,,-0.06375128359,2011,2021,2022,32856,True,False,False,False,False,False,False,False,True,False,False,False,False
2459,79,197,20941.1804,capture,,-0.09421010551,2011,2021,2022,32856,True,False,False,False,False,False,False,False,True,False,False,False,False
2460,79,197,23120.70946,capture,,-0.1191496553,2011,2021,2022,32856,True,False,False,False,False,False,False,False,True,False,False,False,False
2461,79,197,25585.92639,capture,,-0.168216378,2011,2021,2022,32856,True,False,False,False,False,False,False,False,True,False,False,False,False
2462,79,197,28313.99519,capture,,-0.1222234005,2011,2021,2022,32856,True,False,False,False,False,False,False,False,True,False,False,False,False
2463,79,197,31260.8766,capture,,-0.1539846182,2011,2021,2022,32856,True,False,False,False,False,False,False,False,True,False,False,False,False
2464,79,197,34514.46607,capture,,-0.2499260467,2011,2021,2022,32856,True,False,False,False,False,False,False,False,True,False,False,False,False
2465,79,197,38194.5294,capture,,-0.1888578592,2011,2021,2022,32856,True,False,False,False,False,False,False,False,True,False,False,False,False
2466,79,197,42169.76255,capture,,-0.2424848205,2011,2021,2022,32856,True,False,False,False,False,False,False,False,True,False,False,False,False
2467,79,197,46558.73234,capture,,-0.2803283577,2011,2021,2022,32856,True,False,False,False,False,False,False,False,True,False,False,False,False
2468,79,197,51522.99985,capture,,-0.2962997723,2011,2021,2022,32856,True,False,False,False,False,False,False,False,True,False,False,False,False
2469,79,197,57016.57751,capture,,-0.3104253087,2011,2021,2022,32856,True,False,False,False,False,False,False,False,True,False,False,False,False
2470,79,197,62950.7868,capture,,-0.3374825804,2011,2021,2022,32856,True,False,False,False,False,False,False,False,True,False,False,False,False
2471,79,197,69502.6168,capture,,-0.3509082053,2011,2021,2022,32856,True,False,False,False,False,False,False,False,True,False,False,False,False
2472,79,197,76913.24758,capture,,-0.3743453098,2011,2021,2022,32856,True,False,False,False,False,False,False,False,True,False,False,False,False
2473,79,197,84918.27122,capture,,-0.3938473601,2011,2021,2022,32856,True,False,False,False,False,False,False,False,True,False,False,False,False
2474,79,197,93756.44964,capture,,-0.3768437827,2011,2021,2022,32856,True,False,False,False,False,False,False,False,True,False,False,False,False
2475,79,197,99083.46772,capture,,-0.3199837514,2011,2021,2022,32856,True,False,False,False,False,False,False,False,True,False,False,False,False
2476,79,197,1594.456691,capture,,0.8193333175,2011,2024,2024,32920,True,False,False,False,False,False,False,True,False,False,False,False,False
2477,79,197,1719.89398,capture,,0.8424032753,2011,2024,2024,32920,True,False,False,False,False,False,False,True,False,False,False,False,False
2478,79,197,1895.770123,capture,,0.7901707683,2011,2024,2024,32920,True,False,False,False,False,False,False,True,False,False,False,False,False
2479,79,197,2089.701851,capture,,0.8037656556,2011,2024,2024,32920,True,False,False,False,False,False,False,True,False,False,False,False,False
2480,79,197,2328.489537,capture,,0.7512236586,2011,2024,2024,32920,True,False,False,False,False,False,False,True,False,False,False,False,False
2481,79,197,2566.649032,capture,,0.7081084527,2011,2024,2024,32920,True,False,False,False,False,False,False,True,False,False,False,False,False
2482,79,197,2829.13492,capture,,0.5212897986,2011,2024,2024,32920,True,False,False,False,False,False,False,True,False,False,False,False,False
2483,79,197,3084.918623,capture,,0.4335244909,2011,2024,2024,32920,True,False,False,False,False,False,False,True,False,False,False,False,False
2484,79,197,1120000,capture,,-1.218668359,2011,2015,2017,33096,True,False,False,False,False,False,False,False,False,False,True,False,True
2485,79,197,2120000,capture,,-1.391602348,2011,2015,2017,33096,True,False,False,False,False,False,False,False,False,False,True,False,True
2486,79,197,3120000,capture,,-1.703971364,2011,2015,2017,33096,True,False,False,False,False,False,False,False,False,False,True,False,True
2487,79,197,4120000,capture,,-1.855612626,2011,2015,2017,33096,True,False,False,False,False,False,False,False,False,False,True,False,True
2488,79,197,14100000,n2n,,0.3271545124,2011,2020,2025,14747,False,True,False,False,False,False,False,False,False,False,False,True,True
2489,79,197,15300000,n2n,,0.2999429,2011,2018,2016,23396,False,True,False,False,False,False,False,False,False,False,False,True,True
2490,79,197,17100000,n2n,,0.2484637176,2011,2018,2016,23396,False,True,False,False,False,False,False,False,False,False,False,True,True
2491,79,197,18393205.27,n2n,,0.1825573013,2011,2018,2016,23396,False,True,False,False,False,False,False,False,False,False,False,True,True
2492,79,197,20000000,n2n,,0.02077548819,2011,2018,2016,23396,False,True,False,False,False,False,False,False,False,False,False,True,True
2493,79,197,15300000,n2n,,0.3057095505,2011,2018,2016,23396,False,True,False,False,False,False,False,False,False,False,False,True,True
2494,79,197,17100000,n2n,,0.2728468288,2011,2018,2016,23396,False,True,False,False,False,False,False,False,False,False,False,True,True
2495,79,197,18393205.27,n2n,,0.1814147963,2011,2018,2016,23396,False,True,False,False,False,False,False,False,False,False,False,True,True
2496,79,197,20000000,n2n,,0.04040452891,2011,2018,2016,23396,False,True,False,False,False,False,False,False,False,False,False,True,True
2497,79,197,17300000,n2n,,0.1673173347,2011,2016,2016,31767,False,True,False,False,False,False,False,False,False,False,False,True,True
2498,79,197,19500000,n2n,,0.01283722471,2011,2016,2016,31767,False,True,False,False,False,False,False,False,False,False,False,True,True
2499,79,197,14050000,n2n,,0.3018977172,2011,2023,2023,31858,False,True,False,False,False,False,False,False,False,False,False,True,True
2500,79,197,14020727.51,n2n,,0.3191060593,2011,2020,2021,33152,False,True,False,False,False,False,False,False,False,False,False,True,True
2501,79,197,13967500.2,n2n,,0.3439662859,2011,2016,2016,41614,False,True,False,False,False,False,False,False,False,False,False,True,True
2502,79,197,14754809.39,n2n,,0.3485968912,2011,2016,2016,41614,False,True,False,False,False,False,False,False,False,False,False,True,True
2503,79,197,14063717.81,np,,-2.492144128,2011,2016,2016,41614,False,False,True,False,False,False,False,False,False,False,False,True,True
2504,79,197,14749833.9,np,,-2.39093945,2011,2016,2016,41614,False,False,True,False,False,False,False,False,False,False,False,True,True
2505,79,197,208635.1627,total,,0.9373387498,2011,2013,2013,23199,False,False,False,False,True,False,False,False,False,True,False,False,True
2506,79,197,230260.8749,total,,0.9202724403,2011,2013,2013,23199,False,False,False,False,True,False,False,False,False,True,False,False,True
2507,79,197,254437.1196,total,,0.9226855431,2011,2013,2013,23199,False,False,False,False,True,False,False,False,False,True,False,False,True
2508,79,197,281797.588,total,,0.9020447531,2011,2013,2013,23199,False,False,False,False,True,False,False,False,False,True,False,False,True
2509,79,197,312121.1163,total,,0.88536122,2011,2013,2013,23199,False,False,False,False,True,False,False,False,False,True,False,False,True
2510,79,197,344869.502,total,,0.8758501727,2011,2013,2013,23199,False,False,False,False,True,False,False,False,False,True,False,False,True
2511,79,197,380836.6508,total,,0.8500332577,2011,2013,2013,23199,False,False,False,False,True,False,False,False,False,True,False,False,True
2512,79,197,421035.5894,total,,0.8467699535,2011,2013,2013,23199,False,False,False,False,True,False,False,False,False,True,False,False,True
2513,79,197,465099.2308,total,,0.8328919448,2011,2013,2013,23199,False,False,False,False,True,False,False,False,False,True,False,False,True
2514,79,197,514248.4079,total,,0.8231843129,2011,2013,2013,23199,False,False,False,False,True,False,False,False,False,True,False,False,True
2515,79,197,568086.777,total,,0.8075350281,2011,2013,2013,23199,False,False,False,False,True,False,False,False,False,True,False,False,True
2516,79,197,627144.8436,total,,0.7988232242,2011,2013,2013,23199,False,False,False,False,True,False,False,False,False,True,False,False,True
2517,79,197,691710.3454,total,,0.8014894627,2011,2013,2013,23199,False,False,False,False,True,False,False,False,False,True,False,False,True
2518,79,197,766399.4418,total,,0.7872833199,2011,2013,2013,23199,False,False,False,False,True,False,False,False,False,True,False,False,True
2519,79,197,848386.9539,total,,0.7810369386,2011,2013,2013,23199,False,False,False,False,True,False,False,False,False,True,False,False,True
2520,79,197,937027.2817,total,,0.7801114854,2011,2013,2013,23199,False,False,False,False,True,False,False,False,False,True,False,False,True
2521,79,197,1032811.684,total,,0.7775476443,2011,2013,2013,23199,False,False,False,False,True,False,False,False,False,False,True,False,True
2522,79,197,1143835.064,total,,0.7823702324,2011,2013,2013,23199,False,False,False,False,True,False,False,False,False,False,True,False,True
2523,79,197,1263234.171,total,,0.7850449583,2011,2013,2013,23199,False,False,False,False,True,False,False,False,False,False,True,False,True
2524,79,197,1389697.138,total,,0.7919244549,2011,2013,2013,23199,False,False,False,False,True,False,False,False,False,False,True,False,True
2525,79,197,1536060.221,total,,0.8003045776,2011,2013,2013,23199,False,False,False,False,True,False,False,False,False,False,True,False,True
2526,79,197,1707201.253,total,,0.8160202287,2011,2013,2013,23199,False,False,False,False,True,False,False,False,False,False,True,False,True
2527,79,197,1888496.752,total,,0.828981954,2011,2013,2013,23199,False,False,False,False,True,False,False,False,False,False,True,False,True
2528,79,197,2077817.281,total,,0.8444771757,2011,2013,2013,23199,False,False,False,False,True,False,False,False,False,False,True,False,True
2529,79,197,2296753.071,total,,0.8571816736,2011,2013,2013,23199,False,False,False,False,True,False,False,False,False,False,True,False,True
2530,79,197,2522349.389,total,,0.8720105119,2011,2013,2013,23199,False,False,False,False,True,False,False,False,False,False,True,False,True
2531,79,197,2782899.921,total,,0.875784485,2011,2013,2013,23199,False,False,False,False,True,False,False,False,False,False,True,False,True
2532,79,197,3085892.113,total,,0.8818124629,2011,2013,2013,23199,False,False,False,False,True,False,False,False,False,False,True,False,True
2533,79,197,3441306.101,total,,0.8782344687,2011,2013,2013,23199,False,False,False,False,True,False,False,False,False,False,True,False,True
2534,79,197,3804901.381,total,,0.8742884972,2011,2013,2013,23199,False,False,False,False,True,False,False,False,False,False,True,False,True
2535,79,197,4165012.242,total,,0.8717674684,2011,2013,2013,23199,False,False,False,False,True,False,False,False,False,False,True,False,True
2536,79,197,4579072.706,total,,0.8579352647,2011,2013,2013,23199,False,False,False,False,True,False,False,False,False,False,True,False,True
2537,79,197,5057717.583,total,,0.8428171853,2011,2013,2013,23199,False,False,False,False,True,False,False,False,False,False,True,False,True
2538,79,197,5616257.836,total,,0.8155777483,2011,2013,2013,23199,False,False,False,False,True,False,False,False,False,False,True,False,True
2539,79,197,6273658.416,total,,0.7862780766,2011,2013,2013,23199,False,False,False,False,True,False,False,False,False,False,True,False,True
2540,79,197,6912132.522,total,,0.7611758132,2011,2013,2013,23199,False,False,False,False,True,False,False,False,False,False,True,False,True
2541,79,197,7657183.527,total,,0.7253670623,2011,2013,2013,23199,False,False,False,False,True,False,False,False,False,False,True,False,True
2542,79,197,8525905.406,total,,0.7271344238,2011,2013,2013,23199,False,False,False,False,True,False,False,False,False,False,True,False,True
2543,79,197,9334989.77,total,,0.7367947549,2011,2013,2013,23199,False,False,False,False,True,False,False,False,False,False,True,False,True
2544,79,197,10018000,total,,0.7331972651,2011,2013,2013,23199,False,False,False,False,True,False,False,False,False,False,False,True,True
2545,79,197,107000,total,,1.032215703,2011,2013,2013,23199,False,False,False,False,True,False,False,False,False,True,False,False,True
2546,79,197,122000,total,,0.9973863844,2011,2013,2013,23199,False,False,False,False,True,False,False,False,False,True,False,False,True
2547,79,197,140000,total,,0.9929950984,2011,2013,2013,23199,False,False,False,False,True,False,False,False,False,True,False,False,True
2548,79,197,162000,total,,0.9484129658,2011,2013,2013,23199,False,False,False,False,True,False,False,False,False,True,False,False,True
2549,79,197,189000,total,,0.9434945159,2011,2013,2013,23199,False,False,False,False,True,False,False,False,False,True,False,False,True
2550,79,197,225000,total,,0.9247959958,2011,2013,2013,23199,False,False,False,False,True,False,False,False,False,True,False,False,True
2551,79,197,271000,total,,0.9111576087,2011,2013,2013,23199,False,False,False,False,True,False,False,False,False,True,False,False,True
2552,79,197,333000,total,,0.8785217955,2011,2013,2013,23199,False,False,False,False,True,False,False,False,False,True,False,False,True
2553,79,197,419000,total,,0.8419848046,2011,2013,2013,23199,False,False,False,False,True,False,False,False,False,True,False,False,True
2554,79,197,156239.7608,total,,0.9703750561,2011,2018,2018,23415,False,False,False,False,True,False,False,False,False,True,False,False,True
2555,79,197,171138.905,total,,0.9491716488,2011,2018,2018,23415,False,False,False,False,True,False,False,False,False,True,False,False,True
2556,79,197,189041.4211,total,,0.9484808869,2011,2018,2018,23415,False,False,False,False,True,False,False,False,False,True,False,False,True
2557,79,197,208998.4865,total,,0.9330532104,2011,2018,2018,23415,False,False,False,False,True,False,False,False,False,True,False,False,True
2558,79,197,230871.8222,total,,0.9211823234,2011,2018,2018,23415,False,False,False,False,True,False,False,False,False,True,False,False,True
2559,79,197,255147.9857,total,,0.9043604739,2011,2018,2018,23415,False,False,False,False,True,False,False,False,False,True,False,False,True
2560,79,197,282022.5946,total,,0.8972667675,2011,2018,2018,23415,False,False,False,False,True,False,False,False,False,True,False,False,True
2561,79,197,311730.376,total,,0.8704442691,2011,2018,2018,23415,False,False,False,False,True,False,False,False,False,True,False,False,True
2562,79,197,344445.3166,total,,0.862177266,2011,2018,2018,23415,False,False,False,False,True,False,False,False,False,True,False,False,True
2563,79,197,380371.6962,total,,0.8435681591,2011,2018,2018,23415,False,False,False,False,True,False,False,False,False,True,False,False,True
2564,79,197,420478.6458,total,,0.8336516887,2011,2018,2018,23415,False,False,False,False,True,False,False,False,False,True,False,False,True
2565,79,197,464265.6828,total,,0.8198299378,2011,2018,2018,23415,False,False,False,False,True,False,False,False,False,True,False,False,True
2566,79,197,512930.1403,total,,0.8008420012,2011,2018,2018,23415,False,False,False,False,True,False,False,False,False,True,False,False,True
2567,79,197,566951.7687,total,,0.7918242678,2011,2018,2018,23415,False,False,False,False,True,False,False,False,False,True,False,False,True
2568,79,197,626822.3911,total,,0.785329835,2011,2018,2018,23415,False,False,False,False,True,False,False,False,False,True,False,False,True
2569,79,197,693031.2835,total,,0.7776557197,2011,2018,2018,23415,False,False,False,False,True,False,False,False,False,True,False,False,True
2570,79,197,766045.1862,total,,0.7612594359,2011,2018,2018,23415,False,False,False,False,True,False,False,False,False,True,False,False,True
2571,79,197,846279.7559,total,,0.7610429675,2011,2018,2018,23415,False,False,False,False,True,False,False,False,False,True,False,False,True
2572,79,197,936960.1432,total,,0.7541683919,2011,2018,2018,23415,False,False,False,False,True,False,False,False,False,True,False,False,True
2573,79,197,1036260.702,total,,0.7541953882,2011,2018,2018,23415,False,False,False,False,True,False,False,False,False,False,True,False,True
2574,79,197,1144491.484,total,,0.7594160068,2011,2018,2018,23415,False,False,False,False,True,False,False,False,False,False,True,False,True
2575,79,197,1266049.46,total,,0.7658281534,2011,2018,2018,23415,False,False,False,False,True,False,False,False,False,False,True,False,True
2576,79,197,1397522.949,total,,0.7742361416,2011,2018,2018,23415,False,False,False,False,True,False,False,False,False,False,True,False,True
2577,79,197,1544550.056,total,,0.7865876301,2011,2018,2018,23415,False,False,False,False,True,False,False,False,False,False,True,False,True
2578,79,197,1708909.858,total,,0.8011749534,2011,2018,2018,23415,False,False,False,False,True,False,False,False,False,False,True,False,True
2579,79,197,1884464.581,total,,0.8141870373,2011,2018,2018,23415,False,False,False,False,True,False,False,False,False,False,True,False,True
2580,79,197,2079086.955,total,,0.8293622597,2011,2018,2018,23415,False,False,False,False,True,False,False,False,False,False,True,False,True
2581,79,197,2305537.186,total,,0.8447030473,2011,2018,2018,23415,False,False,False,False,True,False,False,False,False,False,True,False,True
2582,79,197,2481320.29,total,,0.8520222794,2011,2018,2018,23415,False,False,False,False,True,False,False,False,False,False,True,False,True
2583,79,197,2809091.353,total,,0.8640361827,2011,2018,2018,23415,False,False,False,False,True,False,False,False,False,False,True,False,True
2584,79,197,3116384.951,total,,0.8679255699,2011,2018,2018,23415,False,False,False,False,True,False,False,False,False,False,True,False,True
2585,79,197,3436247.922,total,,0.868129915,2011,2018,2018,23415,False,False,False,False,True,False,False,False,False,False,True,False,True
2586,79,197,3784785.229,total,,0.864733511,2011,2018,2018,23415,False,False,False,False,True,False,False,False,False,False,True,False,True
2587,79,197,4189305.704,total,,0.8561244442,2011,2018,2018,23415,False,False,False,False,True,False,False,False,False,False,True,False,True
2588,79,197,4630358.235,total,,0.8434997351,2011,2018,2018,23415,False,False,False,False,True,False,False,False,False,False,True,False,True
2589,79,197,5108476.438,total,,0.8291199056,2011,2018,2018,23415,False,False,False,False,True,False,False,False,False,False,True,False,True
2590,79,197,5664915.346,total,,0.8027737253,2011,2018,2018,23415,False,False,False,False,True,False,False,False,False,False,True,False,True
2591,79,197,6267089.429,total,,0.7743952976,2011,2018,2018,23415,False,False,False,False,True,False,False,False,False,False,True,False,True
2592,79,197,6913212.317,total,,0.7554937284,2011,2018,2018,23415,False,False,False,False,True,False,False,False,False,False,True,False,True
2593,79,197,7665122.07,total,,0.7326617601,2011,2018,2018,23415,False,False,False,False,True,False,False,False,False,False,True,False,True
2594,80,196,13796738.75,n2n,,0.2342641244,2011,2018,2020,32781,False,True,False,False,False,False,False,False,False,False,False,True,True
2595,80,196,14800000,n2n,,0.2543063323,2011,2018,2020,32781,False,True,False,False,False,False,False,False,False,False,False,True,True
2596,80,198,13796738.75,n2n,,0.2852196432,2011,2018,2020,32781,False,True,False,False,False,False,False,False,False,False,False,True,True
2597,80,198,14800000,n2n,,0.3008127941,2011,2018,2020,32781,False,True,False,False,False,False,False,False,False,False,False,True,True
2598,81,205,14364365.63,np,,-2.756961951,2011,2016,2016,41614,False,False,True,False,False,False,False,False,False,False,False,True,True
2599,81,205,14779878.21,np,,-2.645891561,2011,2016,2016,41614,False,False,True,False,False,False,False,False,False,False,False,True,True
2600,82,204,13974026.65,n2n,,0.3330104092,2011,2016,2016,41614,False,True,False,False,False,False,False,False,False,False,False,True,True
2601,82,204,14799783.78,n2n,,0.3450795263,2011,2016,2016,41614,False,True,False,False,False,False,False,False,False,False,False,True,True
2602,82,206,14400000,na,,-2.910094889,2011,2015,2016,32740,False,False,False,True,False,False,False,False,False,False,False,True,True
2603,82,206,14700000,na,,-2.8569852,2011,2015,2016,32740,False,False,False,True,False,False,False,False,False,False,False,True,True
2604,83,209,14740000,n2n,,0.3604040547,2011,2016,2016,41614,False,True,False,False,False,False,False,False,False,False,False,True,True
2605,83,209,463457.4982,total,,0.8014551637,2011,2023,2024,32911,False,False,False,False,True,False,False,False,False,True,False,False,True
2606,83,209,509878.5037,total,,0.7795784554,2011,2023,2024,32911,False,False,False,False,True,False,False,False,False,True,False,False,True
2607,83,209,567678.6341,total,,0.7632632299,2011,2023,2024,32911,False,False,False,False,True,False,False,False,False,True,False,False,True
2608,83,209,632030.0694,total,,0.7385229169,2011,2023,2024,32911,False,False,False,False,True,False,False,False,False,True,False,False,True
2609,83,209,695329.9735,total,,0.7247263189,2011,2023,2024,32911,False,False,False,False,True,False,False,False,False,True,False,False,True
2610,83,209,764970.1904,total,,0.6921857248,2011,2023,2024,32911,False,False,False,False,True,False,False,False,False,True,False,False,True
2611,83,209,841590.4707,total,,0.6763734852,2011,2023,2024,32911,False,False,False,False,True,False,False,False,False,True,False,False,True
2612,83,209,936992.2869,total,,0.664378687,2011,2023,2024,32911,False,False,False,False,True,False,False,False,False,True,False,False,True
2613,83,209,1043178.642,total,,0.6723518921,2011,2023,2024,32911,False,False,False,False,True,False,False,False,False,False,True,False,True
2614,83,209,1147691.269,total,,0.6622618864,2011,2023,2024,32911,False,False,False,False,True,False,False,False,False,False,True,False,True
2615,83,209,1262649.872,total,,0.6610076909,2011,2023,2024,32911,False,False,False,False,True,False,False,False,False,False,True,False,True
2616,83,209,1389106.006,total,,0.6657451102,2011,2023,2024,32911,False,False,False,False,True,False,False,False,False,False,True,False,True
2617,83,209,1546579.072,total,,0.6791552413,2011,2023,2024,32911,False,False,False,False,True,False,False,False,False,False,True,False,True
2618,83,209,1721887.028,total,,0.7137634664,2011,2023,2024,32911,False,False,False,False,True,False,False,False,False,False,True,False,True
2619,83,209,1894350.241,total,,0.7501225268,2011,2023,2024,32911,False,False,False,False,True,False,False,False,False,False,True,False,True
2620,83,209,2084083.556,total,,0.7610252517,2011,2023,2024,32911,False,False,False,False,True,False,False,False,False,False,True,False,True
2621,83,209,2292808.731,total,,0.7953933349,2011,2023,2024,32911,False,False,False,False,True,False,False,False,False,False,True,False,True
2622,83,209,2522452.325,total,,0.8215790279,2011,2023,2024,32911,False,False,False,False,True,False,False,False,False,False,True,False,True
2623,83,209,2808400.447,total,,0.8564267725,2011,2023,2024,32911,False,False,False,False,True,False,False,False,False,False,True,False,True
2624,83,209,3126762.021,total,,0.8512277635,2011,2023,2024,32911,False,False,False,False,True,False,False,False,False,False,True,False,True
2625,83,209,3439925.698,total,,0.8849227459,2011,2023,2024,32911,False,False,False,False,True,False,False,False,False,False,True,False,True
2626,83,209,3784477.864,total,,0.8852481078,2011,2023,2024,32911,False,False,False,False,True,False,False,False,False,False,True,False,True
2627,83,209,4163493.141,total,,0.8761889637,2011,2023,2024,32911,False,False,False,False,True,False,False,False,False,False,True,False,True
2628,83,209,4635479.554,total,,0.8626321995,2011,2023,2024,32911,False,False,False,False,True,False,False,False,False,False,True,False,True
2629,83,209,5160938.317,total,,0.8314538293,2011,2023,2024,32911,False,False,False,False,True,False,False,False,False,False,True,False,True
2630,83,209,5677853.66,total,,0.8138310862,2011,2023,2024,32911,False,False,False,False,True,False,False,False,False,False,True,False,True
2631,83,209,6246526.338,total,,0.7733292447,2011,2023,2024,32911,False,False,False,False,True,False,False,False,False,False,True,False,True
2632,83,209,6872128.712,total,,0.728637807,2011,2023,2024,32911,False,False,False,False,True,False,False,False,False,False,True,False,True
2633,83,209,7651162.337,total,,0.7165875777,2011,2023,2024,32911,False,False,False,False,True,False,False,False,False,False,True,False,True
2634,83,209,8518518.448,total,,0.6521496054,2011,2023,2024,32911,False,False,False,False,True,False,False,False,False,False,True,False,True
2635,83,209,9371689.579,total,,0.6422913615,2011,2023,2024,32911,False,False,False,False,True,False,False,False,False,False,True,False,True
2636,83,209,10310280.86,total,,0.7033988635,2011,2023,2024,32911,False,False,False,False,True,False,False,False,False,False,False,True,True
2637,83,209,11342713.43,total,,0.6838796885,2011,2023,2024,32911,False,False,False,False,True,False,False,False,False,False,False,True,True
2638,83,209,12628805.4,total,,0.6805893066,2011,2023,2024,32911,False,False,False,False,True,False,False,False,False,False,False,True,True
2639,83,209,14060495.08,total,,0.7434901662,2011,2023,2024,32911,False,False,False,False,True,False,False,False,False,False,False,True,True
2640,83,209,15468500.09,total,,0.6961160184,2011,2023,2024,32911,False,False,False,False,True,False,False,False,False,False,False,True,True
2641,83,209,17017948.05,total,,0.7185639637,2011,2023,2024,32911,False,False,False,False,True,False,False,False,False,False,False,True,True
2642,83,209,18722331.85,total,,0.6743558533,2011,2023,2024,32911,False,False,False,False,True,False,False,False,False,False,False,True,True
2643,83,209,19873000,total,,0.6883308181,2011,2023,2024,32911,False,False,False,False,True,False,False,False,False,False,False,True,True
2644,83,209,1046889.728,total,,0.7832602329,2011,2023,2024,32911,False,False,False,False,True,False,False,False,False,False,True,False,True
2645,83,209,1140820.619,total,,0.7222636274,2011,2023,2024,32911,False,False,False,False,True,False,False,False,False,False,True,False,True
2646,83,209,1258475.963,total,,0.6791779691,2011,2023,2024,32911,False,False,False,False,True,False,False,False,False,False,True,False,True
2647,83,209,1388326.68,total,,0.7752644764,2011,2023,2024,32911,False,False,False,False,True,False,False,False,False,False,True,False,True
2648,83,209,1531548.556,total,,0.7323133275,2011,2023,2024,32911,False,False,False,False,True,False,False,False,False,False,True,False,True
2649,83,209,1689539.021,total,,0.7302572532,2011,2023,2024,32911,False,False,False,False,True,False,False,False,False,False,True,False,True
2650,83,209,1886863.49,total,,0.7689930862,2011,2023,2024,32911,False,False,False,False,True,False,False,False,False,False,True,False,True
2651,83,209,2107181.53,total,,0.7947319638,2011,2023,2024,32911,False,False,False,False,True,False,False,False,False,False,True,False,True
2652,83,209,2324599.593,total,,0.8334499283,2011,2023,2024,32911,False,False,False,False,True,False,False,False,False,False,True,False,True
2653,83,209,2564408.892,total,,0.8875188416,2011,2023,2024,32911,False,False,False,False,True,False,False,False,False,False,True,False,True
2654,83,209,2828984.422,total,,0.8930262223,2011,2023,2024,32911,False,False,False,False,True,False,False,False,False,False,True,False,True
2655,83,209,3120849.365,total,,0.872403954,2011,2023,2024,32911,False,False,False,False,True,False,False,False,False,False,True,False,True
2656,83,209,3442778.239,total,,0.8978606679,2011,2023,2024,32911,False,False,False,False,True,False,False,False,False,False,True,False,True
2657,83,209,3797945.099,total,,0.9200319687,2011,2023,2024,32911,False,False,False,False,True,False,False,False,False,False,True,False,True
2658,83,209,4189772.209,total,,0.8901973862,2011,2023,2024,32911,False,False,False,False,True,False,False,False,False,False,True,False,True
2659,83,209,4621984.473,total,,0.8774289408,2011,2023,2024,32911,False,False,False,False,True,False,False,False,False,False,True,False,True
2660,83,209,5098805.099,total,,0.8559883278,2011,2023,2024,32911,False,False,False,False,True,False,False,False,False,False,True,False,True
2661,83,209,5624831.525,total,,0.8254910299,2011,2023,2024,32911,False,False,False,False,True,False,False,False,False,False,True,False,True
2662,83,209,6205088.485,total,,0.7810728887,2011,2023,2024,32911,False,False,False,False,True,False,False,False,False,False,True,False,True
2663,83,209,6845271.99,total,,0.6892200373,2011,2023,2024,32911,False,False,False,False,True,False,False,False,False,False,True,False,True
2664,83,209,7644712.804,total,,0.6980483227,2011,2023,2024,32911,False,False,False,False,True,False,False,False,False,False,True,False,True
2665,83,209,8537510.187,total,,0.6825060859,2011,2023,2024,32911,False,False,False,False,True,False,False,False,False,False,True,False,True
2666,83,209,9418277.983,total,,0.7311252167,2011,2023,2024,32911,False,False,False,False,True,False,False,False,False,False,True,False,True
2667,83,209,10389830.46,total,,0.7665615526,2011,2023,2024,32911,False,False,False,False,True,False,False,False,False,False,False,True,True
2668,83,209,11461677.23,total,,0.7571302078,2011,2023,2024,32911,False,False,False,False,True,False,False,False,False,False,False,True,True
2669,83,209,12643991.97,total,,0.7142249463,2011,2023,2024,32911,False,False,False,False,True,False,False,False,False,False,False,True,True
2670,83,209,13948489.27,total,,0.7732377469,2011,2023,2024,32911,False,False,False,False,True,False,False,False,False,False,False,True,True
2671,83,209,15387698.25,total,,0.6970767024,2011,2023,2024,32911,False,False,False,False,True,False,False,False,False,False,False,True,True
2672,83,209,16975099.59,total,,0.7089517577,2011,2023,2024,32911,False,False,False,False,True,False,False,False,False,False,False,True,True
2673,83,209,18726439.93,total,,0.7517216432,2011,2023,2024,32911,False,False,False,False,True,False,False,False,False,False,False,True,True
2674,83,209,19911000,total,,0.7492724083,2011,2023,2024,32911,False,False,False,False,True,False,False,False,False,False,False,True,True
2675,83,209,463457.4982,total,,0.8059424042,2011,2023,2024,32911,False,False,False,False,True,False,False,False,False,True,False,False,True
2676,83,209,509878.5037,total,,0.7857745811,2011,2023,2024,32911,False,False,False,False,True,False,False,False,False,True,False,False,True
2677,83,209,567678.6341,total,,0.7755521984,2011,2023,2024,32911,False,False,False,False,True,False,False,False,False,True,False,False,True
2678,83,209,632030.0694,total,,0.7581167238,2011,2023,2024,32911,False,False,False,False,True,False,False,False,False,True,False,False,True
2679,83,209,695329.9735,total,,0.7311252167,2011,2023,2024,32911,False,False,False,False,True,False,False,False,False,True,False,False,True
2680,83,209,764970.1904,total,,0.7076553235,2011,2023,2024,32911,False,False,False,False,True,False,False,False,False,True,False,False,True
2681,83,209,841590.4707,total,,0.6933971467,2011,2023,2024,32911,False,False,False,False,True,False,False,False,False,True,False,False,True
2682,83,209,936992.2869,total,,0.6899833123,2011,2023,2024,32911,False,False,False,False,True,False,False,False,False,True,False,False,True
2683,83,209,1043178.642,total,,0.6911257154,2011,2023,2024,32911,False,False,False,False,True,False,False,False,False,False,True,False,True
2684,83,209,1147691.269,total,,0.6838347212,2011,2023,2024,32911,False,False,False,False,True,False,False,False,False,False,True,False,True
2685,83,209,1262649.872,total,,0.6781995974,2011,2023,2024,32911,False,False,False,False,True,False,False,False,False,False,True,False,True
2686,83,209,1389106.006,total,,0.690151762,2011,2023,2024,32911,False,False,False,False,True,False,False,False,False,False,True,False,True
2687,83,209,1546579.072,total,,0.7106250151,2011,2023,2024,32911,False,False,False,False,True,False,False,False,False,False,True,False,True
2688,83,209,1721887.028,total,,0.736695226,2011,2023,2024,32911,False,False,False,False,True,False,False,False,False,False,True,False,True
2689,83,209,1894350.241,total,,0.7604224834,2011,2023,2024,32911,False,False,False,False,True,False,False,False,False,False,True,False,True
2690,83,209,2084083.556,total,,0.7946100224,2011,2023,2024,32911,False,False,False,False,True,False,False,False,False,False,True,False,True
2691,83,209,2292808.731,total,,0.8207759775,2011,2023,2024,32911,False,False,False,False,True,False,False,False,False,False,True,False,True
2692,83,209,2522452.325,total,,0.8491889985,2011,2023,2024,32911,False,False,False,False,True,False,False,False,False,False,True,False,True
2693,83,209,2808400.447,total,,0.8686091762,2011,2023,2024,32911,False,False,False,False,True,False,False,False,False,False,True,False,True
2694,83,209,3126762.021,total,,0.8804419973,2011,2023,2024,32911,False,False,False,False,True,False,False,False,False,False,True,False,True
2695,83,209,3439925.698,total,,0.8863073804,2011,2023,2024,32911,False,False,False,False,True,False,False,False,False,False,True,False,True
2696,83,209,3784477.864,total,,0.899574296,2011,2023,2024,32911,False,False,False,False,True,False,False,False,False,False,True,False,True
2697,83,209,4163493.141,total,,0.8885866297,2011,2023,2024,32911,False,False,False,False,True,False,False,False,False,False,True,False,True
2698,83,209,4635479.554,total,,0.8720280058,2011,2023,2024,32911,False,False,False,False,True,False,False,False,False,False,True,False,True
2699,83,209,5160938.317,total,,0.8404511336,2011,2023,2024,32911,False,False,False,False,True,False,False,False,False,False,True,False,True
2700,83,209,5677853.66,total,,0.8173174138,2011,2023,2024,32911,False,False,False,False,True,False,False,False,False,False,True,False,True
2701,83,209,6246526.338,total,,0.7854544098,2011,2023,2024,32911,False,False,False,False,True,False,False,False,False,False,True,False,True
2702,83,209,6872128.712,total,,0.7478000909,2011,2023,2024,32911,False,False,False,False,True,False,False,False,False,False,True,False,True
2703,83,209,7651162.337,total,,0.7183355789,2011,2023,2024,32911,False,False,False,False,True,False,False,False,False,False,True,False,True
2704,83,209,8518518.448,total,,0.6883975727,2011,2023,2024,32911,False,False,False,False,True,False,False,False,False,False,True,False,True
2705,83,209,9371689.579,total,,0.6982310754,2011,2023,2024,32911,False,False,False,False,True,False,False,False,False,False,True,False,True
2706,83,209,10310280.86,total,,0.7147278203,2011,2023,2024,32911,False,False,False,False,True,False,False,False,False,False,False,True,True
2707,83,209,11342713.43,total,,0.7084633926,2011,2023,2024,32911,False,False,False,False,True,False,False,False,False,False,False,True,True
2708,83,209,12628805.4,total,,0.7051449932,2011,2023,2024,32911,False,False,False,False,True,False,False,False,False,False,False,True,True
2709,83,209,14060495.08,total,,0.7373516958,2011,2023,2024,32911,False,False,False,False,True,False,False,False,False,False,False,True,True
2710,83,209,15468500.09,total,,0.7279680222,2011,2023,2024,32911,False,False,False,False,True,False,False,False,False,False,False,True,True
2711,83,209,17017948.05,total,,0.7328961248,2011,2023,2024,32911,False,False,False,False,True,False,False,False,False,False,False,True,True
2712,83,209,18722331.85,total,,0.7123760773,2011,2023,2024,32911,False,False,False,False,True,False,False,False,False,False,False,True,True
2713,83,209,19873000,total,,0.7271344238,2011,2023,2024,32911,False,False,False,False,True,False,False,False,False,False,False,True,True
2714,83,209,1046889.728,total,,0.7353327063,2011,2023,2024,32911,False,False,False,False,True,False,False,False,False,False,True,False,True
2715,83,209,1140820.619,total,,0.7277445308,2011,2023,2024,32911,False,False,False,False,True,False,False,False,False,False,True,False,True
2716,83,209,1258475.963,total,,0.71149088,2011,2023,2024,32911,False,False,False,False,True,False,False,False,False,False,True,False,True
2717,83,209,1388326.68,total,,0.7247672456,2011,2023,2024,32911,False,False,False,False,True,False,False,False,False,False,True,False,True
2718,83,209,1531548.556,total,,0.7306409859,2011,2023,2024,32911,False,False,False,False,True,False,False,False,False,False,True,False,True
2719,83,209,1689539.021,total,,0.7428429167,2011,2023,2024,32911,False,False,False,False,True,False,False,False,False,False,True,False,True
2720,83,209,1886863.49,total,,0.7814968746,2011,2023,2024,32911,False,False,False,False,True,False,False,False,False,False,True,False,True
2721,83,209,2107181.53,total,,0.8057386695,2011,2023,2024,32911,False,False,False,False,True,False,False,False,False,False,True,False,True
2722,83,209,2324599.593,total,,0.8437465243,2011,2023,2024,32911,False,False,False,False,True,False,False,False,False,False,True,False,True
2723,83,209,2564408.892,total,,0.8663316526,2011,2023,2024,32911,False,False,False,False,True,False,False,False,False,False,True,False,True
2724,83,209,2828984.422,total,,0.8797121746,2011,2023,2024,32911,False,False,False,False,True,False,False,False,False,False,True,False,True
2725,83,209,3120849.365,total,,0.8852622484,2011,2023,2024,32911,False,False,False,False,True,False,False,False,False,False,True,False,True
2726,83,209,3442778.239,total,,0.9030356968,2011,2023,2024,32911,False,False,False,False,True,False,False,False,False,False,True,False,True
2727,83,209,3797945.099,total,,0.9085922388,2011,2023,2024,32911,False,False,False,False,True,False,False,False,False,False,True,False,True
2728,83,209,4189772.209,total,,0.8976270913,2011,2023,2024,32911,False,False,False,False,True,False,False,False,False,False,True,False,True
2729,83,209,4621984.473,total,,0.8763766294,2011,2023,2024,32911,False,False,False,False,True,False,False,False,False,False,True,False,True
2730,83,209,5098805.099,total,,0.8579954956,2011,2023,2024,32911,False,False,False,False,True,False,False,False,False,False,True,False,True
2731,83,209,5624831.525,total,,0.8323172699,2011,2023,2024,32911,False,False,False,False,True,False,False,False,False,False,True,False,True
2732,83,209,6205088.485,total,,0.7959321296,2011,2023,2024,32911,False,False,False,False,True,False,False,False,False,False,True,False,True
2733,83,209,6845271.99,total,,0.7529506888,2011,2023,2024,32911,False,False,False,False,True,False,False,False,False,False,True,False,True
2734,83,209,7644712.804,total,,0.7294563821,2011,2023,2024,32911,False,False,False,False,True,False,False,False,False,False,True,False,True
2735,83,209,8537510.187,total,,0.7101808538,2011,2023,2024,32911,False,False,False,False,True,False,False,False,False,False,True,False,True
2736,83,209,9418277.983,total,,0.7261156701,2011,2023,2024,32911,False,False,False,False,True,False,False,False,False,False,True,False,True
2737,83,209,10389830.46,total,,0.7432745235,2011,2023,2024,32911,False,False,False,False,True,False,False,False,False,False,False,True,True
2738,83,209,11461677.23,total,,0.719124036,2011,2023,2024,32911,False,False,False,False,True,False,False,False,False,False,False,True,True
2739,83,209,12643991.97,total,,0.7213158806,2011,2023,2024,32911,False,False,False,False,True,False,False,False,False,False,False,True,True
2740,83,209,13948489.27,total,,0.7410333538,2011,2023,2024,32911,False,False,False,False,True,False,False,False,False,False,False,True,True
2741,83,209,15387698.25,total,,0.7196212723,2011,2023,2024,32911,False,False,False,False,True,False,False,False,False,False,False,True,True
2742,83,209,16975099.59,total,,0.726380776,2011,2023,2024,32911,False,False,False,False,True,False,False,False,False,False,False,True,True
2743,83,209,18726439.93,total,,0.738503092,2011,2023,2024,32911,False,False,False,False,True,False,False,False,False,False,False,True,True
2744,83,209,19911000,total,,0.7390974461,2011,2023,2024,32911,False,False,False,False,True,False,False,False,False,False,False,True,True
2745,90,232,2060000,capture,,-1.277695213,2011,2020,2021,32806,True,False,False,False,False,False,False,False,False,False,True,False,True
2746,90,232,3520000,capture,,-2.095284455,2011,2020,2021,32806,True,False,False,False,False,False,False,False,False,False,True,False,True
2747,90,232,4360000,capture,,-2.659555885,2011,2020,2021,32806,True,False,False,False,False,False,False,False,False,False,True,False,True
2748,90,232,10190,capture,,-0.05060999336,2011,2023,2024,32918,True,False,False,False,False,False,False,False,True,False,False,False,False
2749,90,232,11305,capture,,-0.1307682803,2011,2023,2024,32918,True,False,False,False,False,False,False,False,True,False,False,False,False
2750,90,232,12535,capture,,-0.08618614762,2011,2023,2024,32918,True,False,False,False,False,False,False,False,True,False,False,False,False
2751,90,232,13900,capture,,-0.08618614762,2011,2023,2024,32918,True,False,False,False,False,False,False,False,True,False,False,False,False
2752,90,232,15420,capture,,-0.1366771399,2011,2023,2024,32918,True,False,False,False,False,False,False,False,True,False,False,False,False
2753,90,232,17105,capture,,-0.1870866434,2011,2023,2024,32918,True,False,False,False,False,False,False,False,True,False,False,False,False
2754,90,232,18970,capture,,-0.1804560645,2011,2023,2024,32918,True,False,False,False,False,False,False,False,True,False,False,False,False
2755,90,232,21040,capture,,-0.1804560645,2011,2023,2024,32918,True,False,False,False,False,False,False,False,True,False,False,False,False
2756,90,232,23340,capture,,-0.251811973,2011,2023,2024,32918,True,False,False,False,False,False,False,False,True,False,False,False,False
2757,90,232,25890,capture,,-0.2676062402,2011,2023,2024,32918,True,False,False,False,False,False,False,False,True,False,False,False,False
2758,90,232,28715,capture,,-0.2757241304,2011,2023,2024,32918,True,False,False,False,False,False,False,False,True,False,False,False,False
2759,90,232,31850,capture,,-0.251811973,2011,2023,2024,32918,True,False,False,False,False,False,False,False,True,False,False,False,False
2760,90,232,35325,capture,,-0.2839966564,2011,2023,2024,32918,True,False,False,False,False,False,False,False,True,False,False,False,False
2761,90,232,39180,capture,,-0.3279021421,2011,2023,2024,32918,True,False,False,False,False,False,False,False,True,False,False,False,False
2762,90,232,43460,capture,,-0.3372421683,2011,2023,2024,32918,True,False,False,False,False,False,False,False,True,False,False,False,False
2763,90,232,48205,capture,,-0.3767507096,2011,2023,2024,32918,True,False,False,False,False,False,False,False,True,False,False,False,False
2764,90,232,53465,capture,,-0.4202164034,2011,2023,2024,32918,True,False,False,False,False,False,False,False,True,False,False,False,False
2765,90,232,59300,capture,,-0.4559319556,2011,2023,2024,32918,True,False,False,False,False,False,False,False,True,False,False,False,False
2766,90,232,65775,capture,,-0.5228787453,2011,2023,2024,32918,True,False,False,False,False,False,False,False,True,False,False,False,False
2767,90,232,72960,capture,,-0.5528419687,2011,2023,2024,32918,True,False,False,False,False,False,False,False,True,False,False,False,False
2768,90,232,80925,capture,,-0.585026652,2011,2023,2024,32918,True,False,False,False,False,False,False,False,True,False,False,False,False
2769,90,232,89760,capture,,-0.6197887583,2011,2023,2024,32918,True,False,False,False,False,False,False,False,True,False,False,False,False
2770,90,232,99560,capture,,-0.6777807053,2011,2023,2024,32918,True,False,False,False,False,False,False,False,True,False,False,False,False
2771,90,232,110425,capture,,-0.6777807053,2011,2023,2024,32918,True,False,False,False,False,False,False,False,False,True,False,False,True
2772,90,232,122480,capture,,-0.721246399,2011,2023,2024,32918,True,False,False,False,False,False,False,False,False,True,False,False,True
2773,90,232,135855,capture,,-0.721246399,2011,2023,2024,32918,True,False,False,False,False,False,False,False,False,True,False,False,True
2774,90,232,150690,capture,,-0.7447274949,2011,2023,2024,32918,True,False,False,False,False,False,False,False,False,True,False,False,True
2775,90,232,167140,capture,,-0.7695510786,2011,2023,2024,32918,True,False,False,False,False,False,False,False,False,True,False,False,True
2776,90,232,185385,capture,,-0.7958800173,2011,2023,2024,32918,True,False,False,False,False,False,False,False,False,True,False,False,True
2777,90,232,3994,capture,,0.07605759576,2011,2022,2025,32923,True,False,False,False,False,False,False,True,False,False,False,False,False
2778,90,232,4482,capture,,0.09824558429,2011,2022,2025,32923,True,False,False,False,False,False,False,True,False,False,False,False,False
2779,90,232,5028,capture,,0.1157203194,2011,2022,2025,32923,True,False,False,False,False,False,False,True,False,False,False,False,False
2780,90,232,5642,capture,,-0.1567011793,2011,2022,2025,32923,True,False,False,False,False,False,False,True,False,False,False,False,False
2781,90,232,6331,capture,,0.0006596264233,2011,2022,2025,32923,True,False,False,False,False,False,False,True,False,False,False,False,False
2782,90,232,7103,capture,,-0.1669000827,2011,2022,2025,32923,True,False,False,False,False,False,False,True,False,False,False,False,False
2783,90,232,7970,capture,,-0.06218983489,2011,2022,2025,32923,True,False,False,False,False,False,False,True,False,False,False,False,False
2784,90,232,8942,capture,,-0.1202253848,2011,2022,2025,32923,True,False,False,False,False,False,False,True,False,False,False,False,False
2785,90,232,10033,capture,,-0.1370538901,2011,2022,2025,32923,True,False,False,False,False,False,False,False,True,False,False,False,False
2786,90,232,11257,capture,,-0.1370973594,2011,2022,2025,32923,True,False,False,False,False,False,False,False,True,False,False,False,False
2787,90,232,12631,capture,,-0.2623208383,2011,2022,2025,32923,True,False,False,False,False,False,False,False,True,False,False,False,False
2788,90,232,14172,capture,,-0.05560074014,2011,2022,2025,32923,True,False,False,False,False,False,False,False,True,False,False,False,False
2789,90,232,15902,capture,,-0.2682251485,2011,2022,2025,32923,True,False,False,False,False,False,False,False,True,False,False,False,False
2790,90,232,17842,capture,,-0.08348288594,2011,2022,2025,32923,True,False,False,False,False,False,False,False,True,False,False,False,False
2791,90,232,20019,capture,,-0.2053028731,2011,2022,2025,32923,True,False,False,False,False,False,False,False,True,False,False,False,False
2792,90,232,22461,capture,,-0.3086231819,2011,2022,2025,32923,True,False,False,False,False,False,False,False,True,False,False,False,False
2793,90,232,25202,capture,,-0.2259767317,2011,2022,2025,32923,True,False,False,False,False,False,False,False,True,False,False,False,False
2794,90,232,28999,capture,,-0.3629547992,2011,2022,2025,32923,True,False,False,False,False,False,False,False,True,False,False,False,False
2795,90,232,31728,capture,,-0.3413133473,2011,2022,2025,32923,True,False,False,False,False,False,False,False,True,False,False,False,False
2796,90,232,35599,capture,,-0.4107677441,2011,2022,2025,32923,True,False,False,False,False,False,False,False,True,False,False,False,False
2797,90,232,39943,capture,,-0.3650302713,2011,2022,2025,32923,True,False,False,False,False,False,False,False,True,False,False,False,False
2798,90,232,44816,capture,,-0.3906873867,2011,2022,2025,32923,True,False,False,False,False,False,False,False,True,False,False,False,False
2799,90,232,50285,capture,,-0.5144773158,2011,2022,2025,32923,True,False,False,False,False,False,False,False,True,False,False,False,False
2800,90,232,56421,capture,,-0.4624642329,2011,2022,2025,32923,True,False,False,False,False,False,False,False,True,False,False,False,False
2801,90,232,63305,capture,,-0.5212128062,2011,2022,2025,32923,True,False,False,False,False,False,False,False,True,False,False,False,False
2802,90,232,71029,capture,,-0.6739059363,2011,2022,2025,32923,True,False,False,False,False,False,False,False,True,False,False,False,False
2803,90,232,79696,capture,,-0.6909045141,2011,2022,2025,32923,True,False,False,False,False,False,False,False,True,False,False,False,False
2804,90,232,89421,capture,,-0.7289976011,2011,2022,2025,32923,True,False,False,False,False,False,False,False,True,False,False,False,False
2805,90,232,100330,capture,,-0.5926158947,2011,2022,2025,32923,True,False,False,False,False,False,False,False,False,True,False,False,True
2806,90,232,112570,capture,,-0.6807335834,2011,2022,2025,32923,True,False,False,False,False,False,False,False,False,True,False,False,True
2807,90,232,126310,capture,,-0.6411042925,2011,2022,2025,32923,True,False,False,False,False,False,False,False,False,True,False,False,True
2808,90,232,5900000,capture,,-2.946921557,2011,2012,2012,33040,True,False,False,False,False,False,False,False,False,False,True,False,True
2809,90,232,15500000,capture,,-3.107905397,2011,2012,2012,33040,True,False,False,False,False,False,False,False,False,False,False,True,True
2810,90,232,8040000,capture,,-3.113509275,2011,2012,2013,33042,True,False,False,False,False,False,False,False,False,False,True,False,True
2811,90,232,11900000,capture,,-2.950781977,2011,2012,2013,33042,True,False,False,False,False,False,False,False,False,False,False,True,True
2812,90,232,13500000,capture,,-2.97798426,2011,2012,2013,33044,True,False,False,False,False,False,False,False,False,False,False,True,True
2813,90,232,15500000,capture,,-3.154281982,2011,2012,2013,33044,True,False,False,False,False,False,False,False,False,False,False,True,True
2814,90,232,17280000,capture,,-3.298432015,2011,2012,2013,33044,True,False,False,False,False,False,False,False,False,False,False,True,True
2815,90,232,2450000,capture,,-1.438946344,2011,2015,2017,33091,True,False,False,False,False,False,False,False,False,False,True,False,True
2816,90,232,14800000,capture,,-2.804377056,2011,2015,2017,33091,True,False,False,False,False,False,False,False,False,False,False,True,True
2817,90,232,10950000,capture,,-2.747875447,2011,2018,2019,33116,True,False,False,False,False,False,False,False,False,False,False,True,True
2818,90,232,13970000,capture,,-2.91829273,2011,2018,2019,33116,True,False,False,False,False,False,False,False,False,False,False,True,True
2819,90,232,14980000,capture,,-2.913640169,2011,2018,2019,33116,True,False,False,False,False,False,False,False,False,False,False,True,True
2820,90,232,18990000,capture,,-3.276544328,2011,2018,2019,33116,True,False,False,False,False,False,False,False,False,False,False,True,True
2821,90,232,12490000,n2n,,0.3516552542,2011,2024,2025,32933,False,True,False,False,False,False,False,False,False,False,False,True,True
2822,90,232,16380000,n2n,,-0.07591722494,2011,2024,2025,32933,False,True,False,False,False,False,False,False,False,False,False,True,True
2823,90,232,18100000,n2n,,-0.3016558304,2011,2024,2025,32933,False,True,False,False,False,False,False,False,False,False,False,True,True
2824,90,232,15500000,n2n,,-0.03011835625,2011,2012,2012,33040,False,True,False,False,False,False,False,False,False,False,False,True,True
2825,90,232,8040000,n2n,,0.1948721752,2011,2012,2013,33042,False,True,False,False,False,False,False,False,False,False,True,False,True
2826,90,232,11900000,n2n,,0.3217909933,2011,2012,2013,33042,False,True,False,False,False,False,False,False,False,False,False,True,True
2827,90,232,17280000,n2n,,-0.1830961606,2011,2012,2013,33044,False,True,False,False,False,False,False,False,False,False,False,True,True
2828,90,232,14800000,n2n,,0.2237554537,2011,2015,2017,33091,False,True,False,False,False,False,False,False,False,False,False,True,True
2829,90,232,8970000,n2n,,0.260071388,2011,2018,2019,33115,False,True,False,False,False,False,False,False,False,False,True,False,True
2830,90,232,16520000,n2n,,-0.2076083105,2011,2018,2019,33115,False,True,False,False,False,False,False,False,False,False,False,True,True
2831,90,232,10490000,n2n,,0.3344537512,2011,2019,2020,33136,False,True,False,False,False,False,False,False,False,False,False,True,True
2832,90,232,14460000,n2n,,0.03342375549,2011,2019,2020,33136,False,True,False,False,False,False,False,False,False,False,False,True,True
2833,90,232,18360000,n2n,,-0.3467874862,2011,2019,2020,33136,False,True,False,False,False,False,False,False,False,False,False,True,True
2834,90,232,15030000,n2n,,0.0170333393,2011,2019,2020,33136,False,True,False,False,False,False,False,False,False,False,False,True,True
2835,90,232,13967594.41,n2n,,0.2095150145,2011,2016,2016,41614,False,True,False,False,False,False,False,False,False,False,False,True,True
2836,90,232,14749783.05,n2n,,0.08475496318,2011,2016,2016,41614,False,True,False,False,False,False,False,False,False,False,False,True,True
2837,90,232,3380931.676,total,,0.9054477658,2011,2024,2024,14825,False,False,False,False,True,False,False,False,False,False,True,False,True
2838,90,232,3736330.285,total,,0.906502046,2011,2024,2024,14825,False,False,False,False,True,False,False,False,False,False,True,False,True
2839,90,232,4129715.729,total,,0.9013138958,2011,2024,2024,14825,False,False,False,False,True,False,False,False,False,False,True,False,True
2840,90,232,4563576.339,total,,0.8939558478,2011,2024,2024,14825,False,False,False,False,True,False,False,False,False,False,True,False,True
2841,90,232,5043426.316,total,,0.8837068492,2011,2024,2024,14825,False,False,False,False,True,False,False,False,False,False,True,False,True
2842,90,232,5574267.216,total,,0.8677001885,2011,2024,2024,14825,False,False,False,False,True,False,False,False,False,False,True,False,True
2843,90,232,6160075.324,total,,0.8486539636,2011,2024,2024,14825,False,False,False,False,True,False,False,False,False,False,True,False,True
2844,90,232,6808365.443,total,,0.8274306645,2011,2024,2024,14825,False,False,False,False,True,False,False,False,False,False,True,False,True
2845,90,232,7524651.819,total,,0.8077953914,2011,2024,2024,14825,False,False,False,False,True,False,False,False,False,False,True,False,True
2846,90,232,8315398.968,total,,0.789355046,2011,2024,2024,14825,False,False,False,False,True,False,False,False,False,False,True,False,True
2847,90,232,9190122.36,total,,0.7750385357,2011,2024,2024,14825,False,False,False,False,True,False,False,False,False,False,True,False,True
2848,90,232,10154873.71,total,,0.7636750219,2011,2024,2024,14825,False,False,False,False,True,False,False,False,False,False,False,True,True
2849,90,232,11226508.81,total,,0.7596942792,2011,2024,2024,14825,False,False,False,False,True,False,False,False,False,False,False,True,True
2850,90,232,12406127.52,total,,0.7595809771,2011,2024,2024,14825,False,False,False,False,True,False,False,False,False,False,False,True,True
2851,90,232,13710660.09,total,,0.7665801372,2011,2024,2024,14825,False,False,False,False,True,False,False,False,False,False,False,True,True
2852,90,232,15155236.72,total,,0.7748088303,2011,2024,2024,14825,False,False,False,False,True,False,False,False,False,False,False,True,True
2853,90,232,16744733.5,total,,0.7831028254,2011,2024,2024,14825,False,False,False,False,True,False,False,False,False,False,False,True,True
2854,90,232,18509159.89,total,,0.7904364721,2011,2024,2024,14825,False,False,False,False,True,False,False,False,False,False,False,True,True
2855,90,232,19950000,total,,0.7962342571,2011,2024,2024,14825,False,False,False,False,True,False,False,False,False,False,False,True,True
2856,92,235,3197256.011,total,,0.8955523729,2011,2024,2024,14825,False,False,False,False,True,False,False,False,False,False,True,False,True
2857,92,235,3443188.928,total,,0.8962188509,2011,2024,2024,14825,False,False,False,False,True,False,False,False,False,False,True,False,True
2858,92,235,3800806.754,total,,0.8977438953,2011,2024,2024,14825,False,False,False,False,True,False,False,False,False,False,True,False,True
2859,92,235,4195648.579,total,,0.8961774845,2011,2024,2024,14825,False,False,False,False,True,False,False,False,False,False,True,False,True
2860,92,235,4631234.391,total,,0.8898365359,2011,2024,2024,14825,False,False,False,False,True,False,False,False,False,False,True,False,True
2861,92,235,5111800.312,total,,0.8778692894,2011,2024,2024,14825,False,False,False,False,True,False,False,False,False,False,True,False,True
2862,92,235,5642348.084,total,,0.8630238079,2011,2024,2024,14825,False,False,False,False,True,False,False,False,False,False,True,False,True
2863,92,235,6228380.123,total,,0.843566004,2011,2024,2024,14825,False,False,False,False,True,False,False,False,False,False,True,False,True
2864,92,235,6874632.714,total,,0.8237219542,2011,2024,2024,14825,False,False,False,False,True,False,False,False,False,False,True,False,True
2865,92,235,7588608.563,total,,0.8054736714,2011,2024,2024,14825,False,False,False,False,True,False,False,False,False,False,True,False,True
2866,92,235,8376063.032,total,,0.7834229466,2011,2024,2024,14825,False,False,False,False,True,False,False,False,False,False,True,False,True
2867,92,235,9245974.85,total,,0.7702074528,2011,2024,2024,14825,False,False,False,False,True,False,False,False,False,False,True,False,True
2868,92,235,10204877.47,total,,0.7603470785,2011,2024,2024,14825,False,False,False,False,True,False,False,False,False,False,False,True,True
2869,92,235,11407130.04,total,,0.7557636011,2011,2024,2024,14825,False,False,False,False,True,False,False,False,False,False,False,True,True
2870,92,235,12745104.86,total,,0.7577963518,2011,2024,2024,14825,False,False,False,False,True,False,False,False,False,False,False,True,True
2871,92,235,14069683.68,total,,0.7600283483,2011,2024,2024,14825,False,False,False,False,True,False,False,False,False,False,False,True,True
2872,92,235,15526596.21,total,,0.7708115247,2011,2024,2024,14825,False,False,False,False,True,False,False,False,False,False,False,True,True
2873,92,235,17140978.38,total,,0.7794395542,2011,2024,2024,14825,False,False,False,False,True,False,False,False,False,False,False,True,True
2874,92,235,18920296.75,total,,0.7850752354,2011,2024,2024,14825,False,False,False,False,True,False,False,False,False,False,False,True,True
2875,92,236,1418.08,capture,,0.5259008841,2011,2017,2017,14481,True,False,False,False,False,False,False,True,False,False,False,False,False
2876,92,236,1628.18,capture,,0.3006128727,2011,2017,2017,14481,True,False,False,False,False,False,False,True,False,False,False,False,False
2877,92,236,1869.4,capture,,0.3226554382,2011,2017,2017,14481,True,False,False,False,False,False,False,True,False,False,False,False,False
2878,92,236,2146.36,capture,,0.2959056078,2011,2017,2017,14481,True,False,False,False,False,False,False,True,False,False,False,False,False
2879,92,236,2464.35,capture,,0.2288057163,2011,2017,2017,14481,True,False,False,False,False,False,False,True,False,False,False,False,False
2880,92,236,2829.45,capture,,0.1604505227,2011,2017,2017,14481,True,False,False,False,False,False,False,True,False,False,False,False,False
2881,92,236,3248.64,capture,,0.1554757181,2011,2017,2017,14481,True,False,False,False,False,False,False,True,False,False,False,False,False
2882,92,236,3729.94,capture,,0.1809741292,2011,2017,2017,14481,True,False,False,False,False,False,False,True,False,False,False,False,False
2883,92,236,4282.55,capture,,0.125936467,2011,2017,2017,14481,True,False,False,False,False,False,False,True,False,False,False,False,False
2884,92,236,4917.02,capture,,0.1015546224,2011,2017,2017,14481,True,False,False,False,False,False,False,True,False,False,False,False,False
2885,92,236,5645.49,capture,,0.08673700467,2011,2017,2017,14481,True,False,False,False,False,False,False,True,False,False,False,False,False
2886,92,236,6481.9,capture,,0.07134064216,2011,2017,2017,14481,True,False,False,False,False,False,False,True,False,False,False,False,False
2887,92,236,7442.21,capture,,-0.001432927353,2011,2017,2017,14481,True,False,False,False,False,False,False,True,False,False,False,False,False
2888,92,236,8544.8,capture,,-0.03794809471,2011,2017,2017,14481,True,False,False,False,False,False,False,True,False,False,False,False,False
2889,92,236,9810.74,capture,,-0.050581204,2011,2017,2017,14481,True,False,False,False,False,False,False,True,False,False,False,False,False
2890,92,236,11264.2,capture,,-0.08095644326,2011,2017,2017,14481,True,False,False,False,False,False,False,False,True,False,False,False,False
2891,92,236,12933.1,capture,,-0.1115076795,2011,2017,2017,14481,True,False,False,False,False,False,False,False,True,False,False,False,False
2892,92,236,14849.2,capture,,-0.1067954684,2011,2017,2017,14481,True,False,False,False,False,False,False,False,True,False,False,False,False
2893,92,236,17049.1,capture,,-0.1523810762,2011,2017,2017,14481,True,False,False,False,False,False,False,False,True,False,False,False,False
2894,92,236,19575,capture,,-0.1729151796,2011,2017,2017,14481,True,False,False,False,False,False,False,False,True,False,False,False,False
2895,92,236,22475.1,capture,,-0.1684232655,2011,2017,2017,14481,True,False,False,False,False,False,False,False,True,False,False,False,False
2896,92,236,25804.9,capture,,-0.1935134138,2011,2017,2017,14481,True,False,False,False,False,False,False,False,True,False,False,False,False
2897,92,236,29628,capture,,-0.2422943052,2011,2017,2017,14481,True,False,False,False,False,False,False,False,True,False,False,False,False
2898,92,236,34017.5,capture,,-0.2584040875,2011,2017,2017,14481,True,False,False,False,False,False,False,False,True,False,False,False,False
2899,92,236,39057.3,capture,,-0.2566988094,2011,2017,2017,14481,True,False,False,False,False,False,False,False,True,False,False,False,False
2900,92,236,44843.8,capture,,-0.311645149,2011,2017,2017,14481,True,False,False,False,False,False,False,False,True,False,False,False,False
2901,92,236,51487.5,capture,,-0.3320457964,2011,2017,2017,14481,True,False,False,False,False,False,False,False,True,False,False,False,False
2902,92,236,59115.6,capture,,-0.4082811036,2011,2017,2017,14481,True,False,False,False,False,False,False,False,True,False,False,False,False
2903,92,236,67873.8,capture,,-0.4235929922,2011,2017,2017,14481,True,False,False,False,False,False,False,False,True,False,False,False,False
2904,92,236,77929.5,capture,,-0.4907477316,2011,2017,2017,14481,True,False,False,False,False,False,False,False,True,False,False,False,False
2905,92,236,89475.1,capture,,-0.4839871513,2011,2017,2017,14481,True,False,False,False,False,False,False,False,True,False,False,False,False
2906,92,236,102731,capture,,-0.5479650289,2011,2017,2017,14481,True,False,False,False,False,False,False,False,False,True,False,False,True
2907,92,236,117951,capture,,-0.6028667908,2011,2017,2017,14481,True,False,False,False,False,False,False,False,False,True,False,False,True
2908,92,236,135426,capture,,-0.6628063885,2011,2017,2017,14481,True,False,False,False,False,False,False,False,False,True,False,False,True
2909,92,236,155490,capture,,-0.6603875915,2011,2017,2017,14481,True,False,False,False,False,False,False,False,False,True,False,False,True
2910,92,236,178526,capture,,-0.6207633946,2011,2017,2017,14481,True,False,False,False,False,False,False,False,False,True,False,False,True
2911,92,236,204976,capture,,-0.6727330436,2011,2017,2017,14481,True,False,False,False,False,False,False,False,False,True,False,False,True
2912,92,236,235343,capture,,-0.7601476793,2011,2017,2017,14481,True,False,False,False,False,False,False,False,False,True,False,False,True
2913,92,236,270210,capture,,-0.7781399589,2011,2017,2017,14481,True,False,False,False,False,False,False,False,False,True,False,False,True
2914,92,236,310243,capture,,-0.7221731201,2011,2017,2017,14481,True,False,False,False,False,False,False,False,False,True,False,False,True
2915,92,236,356207,capture,,-0.7469310886,2011,2017,2017,14481,True,False,False,False,False,False,False,False,False,True,False,False,True
2916,92,236,408980,capture,,-0.8420659818,2011,2017,2017,14481,True,False,False,False,False,False,False,False,False,True,False,False,True
2917,92,236,469572,capture,,-0.7473872319,2011,2017,2017,14481,True,False,False,False,False,False,False,False,False,True,False,False,True
2918,92,236,539141,capture,,-0.8562484617,2011,2017,2017,14481,True,False,False,False,False,False,False,False,False,True,False,False,True
2919,92,236,619016,capture,,-0.8307489008,2011,2017,2017,14481,True,False,False,False,False,False,False,False,False,True,False,False,True
2920,92,236,710726,capture,,-0.8758056302,2011,2017,2017,14481,True,False,False,False,False,False,False,False,False,True,False,False,True
2921,92,238,2085.824986,capture,,0.1094403403,2011,2017,2017,23364,True,False,False,False,False,False,False,True,False,False,False,False,False
2922,92,238,2286.975707,capture,,0.1777469591,2011,2017,2017,23364,True,False,False,False,False,False,False,True,False,False,False,False,False
2923,92,238,2565.901734,capture,,0.142029804,2011,2017,2017,23364,True,False,False,False,False,False,False,True,False,False,False,False,False
2924,92,238,2878.839016,capture,,0.04394906329,2011,2017,2017,23364,True,False,False,False,False,False,False,True,False,False,False,False,False
2925,92,238,3156.444528,capture,,0.1181803728,2011,2017,2017,23364,True,False,False,False,False,False,False,True,False,False,False,False,False
2926,92,238,3460.812952,capture,,0.1025791322,2011,2017,2017,23364,True,False,False,False,False,False,False,True,False,False,False,False,False
2927,92,238,3794.523125,capture,,0.03836797543,2011,2017,2017,23364,True,False,False,False,False,False,False,True,False,False,False,False,False
2928,92,238,4160.400787,capture,,-0.06049796975,2011,2017,2017,23364,True,False,False,False,False,False,False,True,False,False,False,False,False
2929,92,238,4667.733965,capture,,-0.04237802921,2011,2017,2017,23364,True,False,False,False,False,False,False,True,False,False,False,False,False
2930,92,238,5236.91541,capture,,-0.06349254076,2011,2017,2017,23364,True,False,False,False,False,False,False,True,False,False,False,False,False
2931,92,238,5741.822319,capture,,-0.03229480769,2011,2017,2017,23364,True,False,False,False,False,False,False,True,False,False,False,False,False
2932,92,238,6295.390364,capture,,-0.01640144908,2011,2017,2017,23364,True,False,False,False,False,False,False,True,False,False,False,False,False
2933,92,238,6902.307812,capture,,-0.08204860918,2011,2017,2017,23364,True,False,False,False,False,False,False,True,False,False,False,False,False
2934,92,238,7567.713285,capture,,-0.1060835169,2011,2017,2017,23364,True,False,False,False,False,False,False,True,False,False,False,False,False
2935,92,238,8490.349595,capture,,-0.1517145891,2011,2017,2017,23364,True,False,False,False,False,False,False,True,False,False,False,False,False
2936,92,238,9525.422547,capture,,-0.1709034512,2011,2017,2017,23364,True,False,False,False,False,False,False,True,False,False,False,False,False
2937,92,238,10443.57625,capture,,-0.1498609419,2011,2017,2017,23364,True,False,False,False,False,False,False,False,True,False,False,False,False
2938,92,238,11450.1952,capture,,-0.1907470931,2011,2017,2017,23364,True,False,False,False,False,False,False,False,True,False,False,False,False
2939,92,238,12553.7834,capture,,-0.1970888269,2011,2017,2017,23364,True,False,False,False,False,False,False,False,True,False,False,False,False
2940,92,238,14083.94587,capture,,-0.1964234015,2011,2017,2017,23364,True,False,False,False,False,False,False,False,True,False,False,False,False
2941,92,238,15800.51532,capture,,-0.2229097231,2011,2017,2017,23364,True,False,False,False,False,False,False,False,True,False,False,False,False
2942,92,238,17323.12799,capture,,-0.2334808232,2011,2017,2017,23364,True,False,False,False,False,False,False,False,True,False,False,False,False
2943,92,238,18992.37706,capture,,-0.2747680967,2011,2017,2017,23364,True,False,False,False,False,False,False,False,True,False,False,False,False
2944,92,238,20822.36866,capture,,-0.2713609761,2011,2017,2017,23364,True,False,False,False,False,False,False,False,True,False,False,False,False
2945,92,238,22828.56395,capture,,-0.3068466281,2011,2017,2017,23364,True,False,False,False,False,False,False,False,True,False,False,False,False
2946,92,238,25610.06642,capture,,-0.3349846792,2011,2017,2017,23364,True,False,False,False,False,False,False,False,True,False,False,False,False
2947,92,238,28730.221,capture,,-0.3294095392,2011,2017,2017,23364,True,False,False,False,False,False,False,False,True,False,False,False,False
2948,92,238,31497.67052,capture,,-0.330671495,2011,2017,2017,23364,True,False,False,False,False,False,False,False,True,False,False,False,False
2949,92,238,34531.47019,capture,,-0.3509135197,2011,2017,2017,23364,True,False,False,False,False,False,False,False,True,False,False,False,False
2950,92,238,37857.22277,capture,,-0.3911954013,2011,2017,2017,23364,True,False,False,False,False,False,False,False,True,False,False,False,False
2951,92,238,41502.98141,capture,,-0.4101335813,2011,2017,2017,23364,True,False,False,False,False,False,False,False,True,False,False,False,False
2952,92,238,46557.29241,capture,,-0.4149015216,2011,2017,2017,23364,True,False,False,False,False,False,False,False,True,False,False,False,False
2953,92,238,52226.50951,capture,,-0.4873629573,2011,2017,2017,23364,True,False,False,False,False,False,False,False,True,False,False,False,False
2954,92,238,57254.47469,capture,,-0.5481598565,2011,2017,2017,23364,True,False,False,False,False,False,False,False,True,False,False,False,False
2955,92,238,62765.93805,capture,,-0.5614402481,2011,2017,2017,23364,True,False,False,False,False,False,False,False,True,False,False,False,False
2956,92,238,68807.31213,capture,,-0.6312251568,2011,2017,2017,23364,True,False,False,False,False,False,False,False,True,False,False,False,False
2957,92,238,75429.45394,capture,,-0.6473371284,2011,2017,2017,23364,True,False,False,False,False,False,False,False,True,False,False,False,False
2958,92,238,14298601.33,capture,,-2.821742679,2011,2018,2021,32784,True,False,False,False,False,False,False,False,False,False,False,True,True
2959,92,238,14800000,capture,,-2.915066425,2011,2018,2021,32784,True,False,False,False,False,False,False,False,False,False,False,True,True
2960,92,238,2040000,capture,,-1.410385459,2011,2020,2021,32802,True,False,False,False,False,False,False,False,False,False,True,False,True
2961,92,238,3020000,capture,,-1.818156412,2011,2020,2021,32802,True,False,False,False,False,False,False,False,False,False,True,False,True
2962,92,238,4380000,capture,,-2.283162277,2011,2020,2021,32802,True,False,False,False,False,False,False,False,False,False,True,False,True
2963,92,238,3622000,capture,,-1.92226882,2011,2023,2024,32896,True,False,False,False,False,False,False,False,False,False,True,False,True
2964,92,238,4626000,capture,,-2.352910571,2011,2023,2024,32896,True,False,False,False,False,False,False,False,False,False,True,False,True
2965,92,238,6117000,capture,,-2.978397284,2011,2023,2024,32896,True,False,False,False,False,False,False,False,False,False,True,False,True
2966,92,238,3700000,capture,,-1.935542011,2011,2012,2013,33043,True,False,False,False,False,False,False,False,False,False,True,False,True
2967,92,238,9850000,capture,,-2.847711656,2011,2012,2013,33043,True,False,False,False,False,False,False,False,False,False,True,False,True
2968,92,238,5900000,capture,,-2.935542011,2011,2014,2015,33056,True,False,False,False,False,False,False,False,False,False,True,False,True
2969,92,238,15500000,capture,,-3.207608311,2011,2014,2015,33056,True,False,False,False,False,False,False,False,False,False,False,True,True
2970,92,238,8040000,capture,,-2.970616222,2011,2014,2015,33059,True,False,False,False,False,False,False,False,False,False,True,False,True
2971,92,238,11900000,capture,,-2.950781977,2011,2014,2015,33059,True,False,False,False,False,False,False,False,False,False,False,True,True
2972,92,238,2450000,capture,,-1.522820843,2011,2015,2017,33091,True,False,False,False,False,False,False,False,False,False,True,False,True
2973,92,238,14800000,capture,,-2.897566294,2011,2015,2017,33091,True,False,False,False,False,False,False,False,False,False,False,True,True
2974,92,238,6340000,n2n,,-1.15490196,2011,2017,2017,14482,False,True,False,False,False,False,False,False,False,False,True,False,True
2975,92,238,6890000,n2n,,-0.408935393,2011,2017,2017,14482,False,True,False,False,False,False,False,False,False,False,True,False,True
2976,92,238,7631382.575,n2n,,-0.008773924308,2011,2017,2017,14482,False,True,False,False,False,False,False,False,False,False,True,False,True
2977,92,238,8380000,n2n,,0.103803721,2011,2017,2017,14482,False,True,False,False,False,False,False,False,False,False,True,False,True
2978,92,238,9141444.087,n2n,,0.1351326514,2011,2017,2017,14482,False,True,False,False,False,False,False,False,False,False,True,False,True
2979,92,238,10156923.75,n2n,,0.1568519011,2011,2017,2017,14482,False,True,False,False,False,False,False,False,False,False,False,True,True
2980,92,238,11415888.77,n2n,,0.1573560154,2011,2017,2017,14482,False,True,False,False,False,False,False,False,False,False,False,True,True
2981,92,238,12430000,n2n,,0.1461280357,2011,2017,2017,14482,False,True,False,False,False,False,False,False,False,False,False,True,True
2982,92,238,13847743.5,n2n,,0,2011,2017,2017,14482,False,True,False,False,False,False,False,False,False,False,False,True,True
2983,92,238,14800000,n2n,,-0.1804560645,2011,2017,2017,14482,False,True,False,False,False,False,False,False,False,False,False,True,True
2984,92,238,9850000,n2n,,0.1176026917,2011,2012,2013,33043,False,True,False,False,False,False,False,False,False,False,True,False,True
2985,92,238,15500000,n2n,,-0.272458743,2011,2014,2015,33056,False,True,False,False,False,False,False,False,False,False,False,True,True
2986,92,238,8040000,n2n,,0.01872129771,2011,2014,2015,33059,False,True,False,False,False,False,False,False,False,False,True,False,True
2987,92,238,11900000,n2n,,0.09039562241,2011,2014,2015,33059,False,True,False,False,False,False,False,False,False,False,False,True,True
2988,92,238,14800000,n2n,,-0.1594548124,2011,2015,2017,33091,False,True,False,False,False,False,False,False,False,False,False,True,True
2989,92,238,13960707.11,n2n,,-0.02380291467,2011,2016,2016,41614,False,True,False,False,False,False,False,False,False,False,False,True,True
2990,92,238,14769725.79,n2n,,-0.1611509093,2011,2016,2016,41614,False,True,False,False,False,False,False,False,False,False,False,True,True
2991,92,238,3380931.676,total,,0.895988528,2011,2024,2024,14825,False,False,False,False,True,False,False,False,False,False,True,False,True
2992,92,238,3736330.285,total,,0.8965041715,2011,2024,2024,14825,False,False,False,False,True,False,False,False,False,False,True,False,True
2993,92,238,4129715.729,total,,0.8957456603,2011,2024,2024,14825,False,False,False,False,True,False,False,False,False,False,True,False,True
2994,92,238,4563576.339,total,,0.8896685964,2011,2024,2024,14825,False,False,False,False,True,False,False,False,False,False,True,False,True
2995,92,238,5043426.316,total,,0.8798553738,2011,2024,2024,14825,False,False,False,False,True,False,False,False,False,False,True,False,True
2996,92,238,5574267.216,total,,0.8647542653,2011,2024,2024,14825,False,False,False,False,True,False,False,False,False,False,True,False,True
2997,92,238,6160075.324,total,,0.8474338355,2011,2024,2024,14825,False,False,False,False,True,False,False,False,False,False,True,False,True
2998,92,238,6808365.443,total,,0.827456511,2011,2024,2024,14825,False,False,False,False,True,False,False,False,False,False,True,False,True
2999,92,238,7524651.819,total,,0.8089128413,2011,2024,2024,14825,False,False,False,False,True,False,False,False,False,False,True,False,True
3000,92,238,8315398.968,total,,0.7917152046,2011,2024,2024,14825,False,False,False,False,True,False,False,False,False,False,True,False,True
3001,92,238,9190122.36,total,,0.7782815192,2011,2024,2024,14825,False,False,False,False,True,False,False,False,False,False,True,False,True
3002,92,238,10154873.71,total,,0.7666284535,2011,2024,2024,14825,False,False,False,False,True,False,False,False,False,False,False,True,True
3003,92,238,11226508.81,total,,0.7620255061,2011,2024,2024,14825,False,False,False,False,True,False,False,False,False,False,False,True,True
3004,92,238,12406127.52,total,,0.7612134454,2011,2024,2024,14825,False,False,False,False,True,False,False,False,False,False,False,True,True
3005,92,238,13710660.09,total,,0.7662529319,2011,2024,2024,14825,False,False,False,False,True,False,False,False,False,False,False,True,True
3006,92,238,15155236.72,total,,0.7732597081,2011,2024,2024,14825,False,False,False,False,True,False,False,False,False,False,False,True,True
3007,92,238,16744733.5,total,,0.7802632921,2011,2024,2024,14825,False,False,False,False,True,False,False,False,False,False,False,True,True
3008,92,238,18509159.89,total,,0.7871486341,2011,2024,2024,14825,False,False,False,False,True,False,False,False,False,False,False,True,True
3009,92,238,19950000,total,,0.7917327434,2011,2024,2024,14825,False,False,False,False,True,False,False,False,False,False,False,True,True
3010,93,237,1010,capture,,1.041392685,2011,2013,2013,23193,True,False,False,False,False,False,False,True,False,False,False,False,False
3011,93,237,1065.3873,capture,,1.111104499,2011,2022,2022,23601,True,False,False,False,False,False,False,True,False,False,False,False,False
3012,93,237,1218.084,capture,,1.060131,2011,2022,2022,23601,True,False,False,False,False,False,False,True,False,False,False,False,False
3013,93,237,1406.1765,capture,,1.05927556,2011,2022,2022,23601,True,False,False,False,False,False,False,True,False,False,False,False,False
3014,93,237,1641.535,capture,,0.9698444036,2011,2022,2022,23601,True,False,False,False,False,False,False,True,False,False,False,False,False
3015,93,237,1904.08,capture,,0.9387448195,2011,2022,2022,23601,True,False,False,False,False,False,False,True,False,False,False,False,False
3016,93,237,2198.1735,capture,,0.9066043717,2011,2022,2022,23601,True,False,False,False,False,False,False,True,False,False,False,False,False
3017,93,237,2566.189,capture,,0.895218059,2011,2022,2022,23601,True,False,False,False,False,False,False,True,False,False,False,False,False
3018,93,237,3035.2015,capture,,0.8480289221,2011,2022,2022,23601,True,False,False,False,False,False,False,True,False,False,False,False,False
3019,93,237,3645.9535,capture,,0.7869004192,2011,2022,2022,23601,True,False,False,False,False,False,False,True,False,False,False,False,False
3020,93,237,4462.078,capture,,0.7301521725,2011,2022,2022,23601,True,False,False,False,False,False,False,True,False,False,False,False,False
3021,93,237,5587.5275,capture,,0.6992131412,2011,2022,2022,23601,True,False,False,False,False,False,False,True,False,False,False,False,False
3022,93,237,7201.782,capture,,0.6261144344,2011,2022,2022,23601,True,False,False,False,False,False,False,True,False,False,False,False,False
3023,93,237,9637.1795,capture,,0.5778937383,2011,2022,2022,23601,True,False,False,False,False,False,False,True,False,False,False,False,False
3024,93,237,13568.19,capture,,0.5162576539,2011,2022,2022,23601,True,False,False,False,False,False,False,False,True,False,False,False,False
3025,93,237,18483.46,capture,,0.4431690758,2011,2022,2022,23601,True,False,False,False,False,False,False,False,True,False,False,False,False
3026,93,237,24743.96,capture,,0.3905818786,2011,2022,2022,23601,True,False,False,False,False,False,False,False,True,False,False,False,False
3027,93,237,34856.615,capture,,0.3442546926,2011,2022,2022,23601,True,False,False,False,False,False,False,False,True,False,False,False,False
3028,93,237,52830.615,capture,,0.2659963705,2011,2022,2022,23601,True,False,False,False,False,False,False,False,True,False,False,False,False
3029,93,237,74437.595,capture,,0.2312656484,2011,2022,2022,23601,True,False,False,False,False,False,False,False,True,False,False,False,False
3030,93,237,99758.45,capture,,0.1317148785,2011,2022,2022,23601,True,False,False,False,False,False,False,False,True,False,False,False,False
3031,93,237,140741,capture,,0.06307052564,2011,2022,2022,23601,True,False,False,False,False,False,False,False,False,True,False,False,True
3032,93,237,213794.15,capture,,-0.06565307326,2011,2022,2022,23601,True,False,False,False,False,False,False,False,False,True,False,False,True
3033,93,237,364803.75,capture,,-0.2621714941,2011,2022,2022,23601,True,False,False,False,False,False,False,False,False,True,False,False,True
3034,93,237,770144.85,capture,,-0.6876110506,2011,2022,2022,23601,True,False,False,False,False,False,False,False,False,True,False,False,True
3035,93,237,1065.3873,capture,,1.108138638,2011,2022,2022,23601,True,False,False,False,False,False,False,True,False,False,False,False,False
3036,93,237,1218.084,capture,,1.057167634,2011,2022,2022,23601,True,False,False,False,False,False,False,True,False,False,False,False,False
3037,93,237,1406.1765,capture,,1.056313961,2011,2022,2022,23601,True,False,False,False,False,False,False,True,False,False,False,False,False
3038,93,237,1641.535,capture,,0.9668782347,2011,2022,2022,23601,True,False,False,False,False,False,False,True,False,False,False,False,False
3039,93,237,1904.08,capture,,0.9362874885,2011,2022,2022,23601,True,False,False,False,False,False,False,True,False,False,False,False,False
3040,93,237,2198.1735,capture,,0.9041527072,2011,2022,2022,23601,True,False,False,False,False,False,False,True,False,False,False,False,False
3041,93,237,2566.189,capture,,0.8927622346,2011,2022,2022,23601,True,False,False,False,False,False,False,True,False,False,False,False,False
3042,93,237,3035.2015,capture,,0.845569304,2011,2022,2022,23601,True,False,False,False,False,False,False,True,False,False,False,False,False
3043,93,237,3645.9535,capture,,0.7844389742,2011,2022,2022,23601,True,False,False,False,False,False,False,True,False,False,False,False,False
3044,93,237,4462.078,capture,,0.7276957538,2011,2022,2022,23601,True,False,False,False,False,False,False,True,False,False,False,False,False
3045,93,237,5587.5275,capture,,0.6967581655,2011,2022,2022,23601,True,False,False,False,False,False,False,True,False,False,False,False,False
3046,93,237,7201.782,capture,,0.6236523767,2011,2022,2022,23601,True,False,False,False,False,False,False,True,False,False,False,False,False
3047,93,237,9637.1795,capture,,0.5754418791,2011,2022,2022,23601,True,False,False,False,False,False,False,True,False,False,False,False,False
3048,93,237,13568.19,capture,,0.513790065,2011,2022,2022,23601,True,False,False,False,False,False,False,False,True,False,False,False,False
3049,93,237,18483.46,capture,,0.4398377609,2011,2022,2022,23601,True,False,False,False,False,False,False,False,True,False,False,False,False
3050,93,237,24743.96,capture,,0.3872474114,2011,2022,2022,23601,True,False,False,False,False,False,False,False,True,False,False,False,False
3051,93,237,34856.615,capture,,0.3409197934,2011,2022,2022,23601,True,False,False,False,False,False,False,False,True,False,False,False,False
3052,93,237,52830.615,capture,,0.2626646247,2011,2022,2022,23601,True,False,False,False,False,False,False,False,True,False,False,False,False
3053,93,237,74437.595,capture,,0.2279380974,2011,2022,2022,23601,True,False,False,False,False,False,False,False,True,False,False,False,False
3054,93,237,99758.46,capture,,0.1283669539,2011,2022,2022,23601,True,False,False,False,False,False,False,False,True,False,False,False,False
3055,93,237,140741,capture,,0.05975269421,2011,2022,2022,23601,True,False,False,False,False,False,False,False,False,True,False,False,True
3056,93,237,213794.15,capture,,-0.06900005804,2011,2022,2022,23601,True,False,False,False,False,False,False,False,False,True,False,False,True
3057,93,237,364803.75,capture,,-0.2655202106,2011,2022,2022,23601,True,False,False,False,False,False,False,False,False,True,False,False,True
3058,93,237,770144.85,capture,,-0.691008971,2011,2022,2022,23601,True,False,False,False,False,False,False,False,False,True,False,False,True
3059,93,237,3197256.011,total,,0.8894501778,2011,2024,2024,14825,False,False,False,False,True,False,False,False,False,False,True,False,True
3060,93,237,3443188.928,total,,0.8934676956,2011,2024,2024,14825,False,False,False,False,True,False,False,False,False,False,True,False,True
3061,93,237,3800806.754,total,,0.8949844392,2011,2024,2024,14825,False,False,False,False,True,False,False,False,False,False,True,False,True
3062,93,237,4195648.579,total,,0.8922713468,2011,2024,2024,14825,False,False,False,False,True,False,False,False,False,False,True,False,True
3063,93,237,4631234.391,total,,0.8853866662,2011,2024,2024,14825,False,False,False,False,True,False,False,False,False,False,True,False,True
3064,93,237,5111800.312,total,,0.8753246555,2011,2024,2024,14825,False,False,False,False,True,False,False,False,False,False,True,False,True
3065,93,237,5642348.084,total,,0.8588739159,2011,2024,2024,14825,False,False,False,False,True,False,False,False,False,False,True,False,True
3066,93,237,6228380.123,total,,0.8419394981,2011,2024,2024,14825,False,False,False,False,True,False,False,False,False,False,True,False,True
3067,93,237,6874632.714,total,,0.8216739847,2011,2024,2024,14825,False,False,False,False,True,False,False,False,False,False,True,False,True
3068,93,237,7588608.563,total,,0.8047934494,2011,2024,2024,14825,False,False,False,False,True,False,False,False,False,False,True,False,True
3069,93,237,8376063.032,total,,0.7869784449,2011,2024,2024,14825,False,False,False,False,True,False,False,False,False,False,True,False,True
3070,93,237,9245974.85,total,,0.7720942294,2011,2024,2024,14825,False,False,False,False,True,False,False,False,False,False,True,False,True
3071,93,237,10204877.47,total,,0.7632201564,2011,2024,2024,14825,False,False,False,False,True,False,False,False,False,False,False,True,True
3072,93,237,11407130.04,total,,0.7563058885,2011,2024,2024,14825,False,False,False,False,True,False,False,False,False,False,False,True,True
3073,93,237,12745104.86,total,,0.7548870465,2011,2024,2024,14825,False,False,False,False,True,False,False,False,False,False,False,True,True
3074,93,237,14069683.68,total,,0.7589705258,2011,2024,2024,14825,False,False,False,False,True,False,False,False,False,False,False,True,True
3075,93,237,15526596.21,total,,0.767391509,2011,2024,2024,14825,False,False,False,False,True,False,False,False,False,False,False,True,True
3076,93,237,17140978.38,total,,0.7772219524,2011,2024,2024,14825,False,False,False,False,True,False,False,False,False,False,False,True,True
3077,93,237,18920296.75,total,,0.7845263594,2011,2024,2024,14825,False,False,False,False,True,False,False,False,False,False,False,True,True
3078,94,238,1129.47,capture,,0.6853179829,2011,2013,2013,14364,True,False,False,False,False,False,False,True,False,False,False,False,False
3079,94,238,1421.91,capture,,0.624721326,2011,2013,2013,14364,True,False,False,False,False,False,False,True,False,False,False,False,False
3080,94,238,1790.08,capture,,0.524967016,2011,2013,2013,14364,True,False,False,False,False,False,False,True,False,False,False,False,False
3081,94,238,2253.57,capture,,0.5895128544,2011,2013,2013,14364,True,False,False,False,False,False,False,True,False,False,False,False,False
3082,94,238,2837.09,capture,,0.373546419,2011,2013,2013,14364,True,False,False,False,False,False,False,True,False,False,False,False,False
3083,94,238,3571.68,capture,,0.3551947373,2011,2013,2013,14364,True,False,False,False,False,False,False,True,False,False,False,False,False
3084,94,238,4496.47,capture,,0.2796053538,2011,2013,2013,14364,True,False,False,False,False,False,False,True,False,False,False,False,False
3085,94,238,5660.72,capture,,0.2751062546,2011,2013,2013,14364,True,False,False,False,False,False,False,True,False,False,False,False,False
3086,94,238,7126.42,capture,,0.1618469595,2011,2013,2013,14364,True,False,False,False,False,False,False,True,False,False,False,False,False
3087,94,238,8971.64,capture,,0.05119498472,2011,2013,2013,14364,True,False,False,False,False,False,False,True,False,False,False,False,False
3088,94,238,11294.6,capture,,0.1307517768,2011,2013,2013,14364,True,False,False,False,False,False,False,False,True,False,False,False,False
3089,94,238,14219.1,capture,,0.05434488877,2011,2013,2013,14364,True,False,False,False,False,False,False,False,True,False,False,False,False
3090,94,238,17900.8,capture,,0.05485043463,2011,2013,2013,14364,True,False,False,False,False,False,False,False,True,False,False,False,False
3091,94,238,22535.8,capture,,-0.08499294879,2011,2013,2013,14364,True,False,False,False,False,False,False,False,True,False,False,False,False
3092,94,238,28370.8,capture,,0.02035299451,2011,2013,2013,14364,True,False,False,False,False,False,False,False,True,False,False,False,False
3093,94,238,35716.8,capture,,-0.2170131203,2011,2013,2013,14364,True,False,False,False,False,False,False,False,True,False,False,False,False
3094,94,238,44964.7,capture,,-0.2196970926,2011,2013,2013,14364,True,False,False,False,False,False,False,False,True,False,False,False,False
3095,94,238,56607.2,capture,,-0.2857255786,2011,2013,2013,14364,True,False,False,False,False,False,False,False,True,False,False,False,False
3096,94,238,71264.2,capture,,-0.05071052708,2011,2013,2013,14364,True,False,False,False,False,False,False,False,True,False,False,False,False
3097,94,238,89716.4,capture,,-0.2415074723,2011,2013,2013,14364,True,False,False,False,False,False,False,False,True,False,False,False,False
3098,94,238,112946,capture,,-0.3272521111,2011,2013,2013,14364,True,False,False,False,False,False,False,False,False,True,False,False,True
3099,94,238,142191,capture,,-0.2762775938,2011,2013,2013,14364,True,False,False,False,False,False,False,False,False,True,False,False,True
3100,94,238,179008,capture,,-0.2235501695,2011,2013,2013,14364,True,False,False,False,False,False,False,False,False,True,False,False,True
3101,94,238,225358,capture,,-0.1619226246,2011,2013,2013,14364,True,False,False,False,False,False,False,False,False,True,False,False,True
3102,94,238,283708,capture,,-0.221591868,2011,2013,2013,14364,True,False,False,False,False,False,False,False,False,True,False,False,True
3103,94,239,1060,capture,,0.6106601631,2011,2018,2022,14794,True,False,False,False,False,False,False,True,False,False,False,False,False
3104,94,239,1190,capture,,0.5477747054,2011,2018,2022,14794,True,False,False,False,False,False,False,True,False,False,False,False,False
3105,94,239,1335,capture,,0.532754379,2011,2018,2022,14794,True,False,False,False,False,False,False,True,False,False,False,False,False
3106,94,239,1495,capture,,0.5943925504,2011,2018,2022,14794,True,False,False,False,False,False,False,True,False,False,False,False,False
3107,94,239,1680,capture,,0.6683859167,2011,2018,2022,14794,True,False,False,False,False,False,False,True,False,False,False,False,False
3108,94,239,1890,capture,,0.5965970956,2011,2018,2022,14794,True,False,False,False,False,False,False,True,False,False,False,False,False
3109,94,239,2120,capture,,0.5078558717,2011,2018,2022,14794,True,False,False,False,False,False,False,True,False,False,False,False,False
3110,94,239,2375,capture,,0.4983105538,2011,2018,2022,14794,True,False,False,False,False,False,False,True,False,False,False,False,False
3111,94,239,2665,capture,,0.42975228,2011,2018,2022,14794,True,False,False,False,False,False,False,True,False,False,False,False,False
3112,94,239,2990,capture,,0.4563660331,2011,2018,2022,14794,True,False,False,False,False,False,False,True,False,False,False,False,False
3113,94,239,3355,capture,,0.3424226808,2011,2018,2022,14794,True,False,False,False,False,False,False,True,False,False,False,False,False
3114,94,239,3765,capture,,0.3201462861,2011,2018,2022,14794,True,False,False,False,False,False,False,True,False,False,False,False,False
3115,94,239,4225,capture,,0.3283796034,2011,2018,2022,14794,True,False,False,False,False,False,False,True,False,False,False,False,False
3116,94,239,4740,capture,,0.2624510897,2011,2018,2022,14794,True,False,False,False,False,False,False,True,False,False,False,False,False
3117,94,239,5315,capture,,0.2455126678,2011,2018,2022,14794,True,False,False,False,False,False,False,True,False,False,False,False,False
3118,94,239,5965,capture,,0.2430380487,2011,2018,2022,14794,True,False,False,False,False,False,False,True,False,False,False,False,False
3119,94,239,6695,capture,,0.1931245984,2011,2018,2022,14794,True,False,False,False,False,False,False,True,False,False,False,False,False
3120,94,239,7510,capture,,0.1172712957,2011,2018,2022,14794,True,False,False,False,False,False,False,True,False,False,False,False,False
3121,94,239,8425,capture,,0.07918124605,2011,2018,2022,14794,True,False,False,False,False,False,False,True,False,False,False,False,False
3122,94,239,9455,capture,,0.02530586526,2011,2018,2022,14794,True,False,False,False,False,False,False,True,False,False,False,False,False
3123,94,239,10600,capture,,0,2011,2018,2022,14794,True,False,False,False,False,False,False,False,True,False,False,False,False
3124,94,239,11850,capture,,-0.03151705145,2011,2018,2022,14794,True,False,False,False,False,False,False,False,True,False,False,False,False
3125,94,239,13300,capture,,-0.08618614762,2011,2018,2022,14794,True,False,False,False,False,False,False,False,True,False,False,False,False
3126,94,239,14950,capture,,-0.1135092748,2011,2018,2022,14794,True,False,False,False,False,False,False,False,True,False,False,False,False
3127,94,239,16750,capture,,-0.1307682803,2011,2018,2022,14794,True,False,False,False,False,False,False,False,True,False,False,False,False
3128,94,239,20000,capture,,-0.1804560645,2011,2018,2022,14794,True,False,False,False,False,False,False,False,True,False,False,False,False
3129,94,239,23700,capture,,-0.2291479884,2011,2018,2022,14794,True,False,False,False,False,False,False,False,True,False,False,False,False
3130,94,239,26600,capture,,-0.2924298239,2011,2018,2022,14794,True,False,False,False,False,False,False,False,True,False,False,False,False
3131,94,239,29850,capture,,-0.3010299957,2011,2018,2022,14794,True,False,False,False,False,False,False,False,True,False,False,False,False
3132,94,239,33500,capture,,-0.3187587626,2011,2018,2022,14794,True,False,False,False,False,False,False,False,True,False,False,False,False
3133,94,239,37600,capture,,-0.3767507096,2011,2018,2022,14794,True,False,False,False,False,False,False,False,True,False,False,False,False
3134,94,239,42200,capture,,-0.3979400087,2011,2018,2022,14794,True,False,False,False,False,False,False,False,True,False,False,False,False
3135,94,239,47350,capture,,-0.4436974992,2011,2018,2022,14794,True,False,False,False,False,False,False,False,True,False,False,False,False
3136,94,239,53150,capture,,-0.468521083,2011,2018,2022,14794,True,False,False,False,False,False,False,False,True,False,False,False,False
3137,94,239,59650,capture,,-0.5228787453,2011,2018,2022,14794,True,False,False,False,False,False,False,False,True,False,False,False,False
3138,94,239,66900,capture,,-0.5376020021,2011,2018,2022,14794,True,False,False,False,False,False,False,False,True,False,False,False,False
3139,94,239,75050,capture,,-0.5528419687,2011,2018,2022,14794,True,False,False,False,False,False,False,False,True,False,False,False,False
3140,94,239,84250,capture,,-0.5528419687,2011,2018,2022,14794,True,False,False,False,False,False,False,False,True,False,False,False,False
3141,94,239,106000,capture,,-0.6197887583,2011,2018,2022,14794,True,False,False,False,False,False,False,False,False,True,False,False,True
3142,94,239,118500,capture,,-0.638272164,2011,2018,2022,14794,True,False,False,False,False,False,False,False,False,True,False,False,True
3143,94,239,133000,capture,,-0.6575773192,2011,2018,2022,14794,True,False,False,False,False,False,False,False,False,True,False,False,True
3144,94,239,149500,capture,,-0.6777807053,2011,2018,2022,14794,True,False,False,False,False,False,False,False,False,True,False,False,True
3145,94,239,167500,capture,,-0.6861327796,2011,2018,2022,14794,True,False,False,False,False,False,False,False,False,True,False,False,True
3146,94,239,188000,capture,,-0.6968039426,2011,2018,2022,14794,True,False,False,False,False,False,False,False,False,True,False,False,True
3147,94,239,211000,capture,,-0.7235381958,2011,2018,2022,14794,True,False,False,False,False,False,False,False,False,True,False,False,True
3148,94,239,237000,capture,,-0.7594507517,2011,2018,2022,14794,True,False,False,False,False,False,False,False,False,True,False,False,True
3149,94,239,266000,capture,,-0.7986028757,2011,2018,2022,14794,True,False,False,False,False,False,False,False,False,True,False,False,True
3150,94,239,298500,capture,,-0.8068754016,2011,2018,2022,14794,True,False,False,False,False,False,False,False,False,True,False,False,True
3151,94,239,335000,capture,,-0.876148359,2011,2018,2022,14794,True,False,False,False,False,False,False,False,False,True,False,False,True
3152,94,239,376000,capture,,-0.8827287043,2011,2018,2022,14794,True,False,False,False,False,False,False,False,False,True,False,False,True
3153,94,239,422000,capture,,-0.8996294549,2011,2018,2022,14794,True,False,False,False,False,False,False,False,False,True,False,False,True
3154,94,239,473500,capture,,-0.9469215565,2011,2018,2022,14794,True,False,False,False,False,False,False,False,False,True,False,False,True
3155,94,239,531500,capture,,-1.004364805,2011,2018,2022,14794,True,False,False,False,False,False,False,False,False,True,False,False,True
3156,94,239,596000,capture,,-1.026872146,2011,2018,2022,14794,True,False,False,False,False,False,False,False,False,True,False,False,True
3157,94,239,668500,capture,,-1.107905397,2011,2018,2022,14794,True,False,False,False,False,False,False,False,False,True,False,False,True
3158,94,239,750500,capture,,-1.091514981,2011,2018,2022,14794,True,False,False,False,False,False,False,False,False,True,False,False,True
3159,94,239,842500,capture,,-1.27572413,2011,2018,2022,14794,True,False,False,False,False,False,False,False,False,True,False,False,True
3160,94,239,945500,capture,,-1.283996656,2011,2018,2022,14794,True,False,False,False,False,False,False,False,False,True,False,False,True
3161,94,239,1061000,capture,,-1.37675071,2011,2018,2022,14794,True,False,False,False,False,False,False,False,False,False,True,False,True
3162,94,239,1190000,capture,,-1.537602002,2011,2018,2022,14794,True,False,False,False,False,False,False,False,False,False,True,False,True
3163,94,239,1335000,capture,,-1.552841969,2011,2018,2022,14794,True,False,False,False,False,False,False,False,False,False,True,False,True
3164,94,239,7100000,n2n,,-0.8477116556,2011,2021,2022,23777,False,True,False,False,False,False,False,False,False,False,True,False,True
3165,94,239,7720000,n2n,,-0.6834006979,2011,2021,2022,23777,False,True,False,False,False,False,False,False,False,False,True,False,True
3166,94,239,9340000,n2n,,-0.57024772,2011,2021,2022,23777,False,True,False,False,False,False,False,False,False,False,True,False,True
3167,94,239,3433928.556,total,,0.8946907385,2011,2024,2024,14825,False,False,False,False,True,False,False,False,False,False,True,False,True
3168,94,239,3879349.172,total,,0.894792196,2011,2024,2024,14825,False,False,False,False,True,False,False,False,False,False,True,False,True
3169,94,239,4277223.632,total,,0.8927149778,2011,2024,2024,14825,False,False,False,False,True,False,False,False,False,False,True,False,True
3170,94,239,4715597.947,total,,0.8867698248,2011,2024,2024,14825,False,False,False,False,True,False,False,False,False,False,True,False,True
3171,94,239,5198961.242,total,,0.8748817179,2011,2024,2024,14825,False,False,False,False,True,False,False,False,False,False,True,False,True
3172,94,239,5731802.683,total,,0.8602361601,2011,2024,2024,14825,False,False,False,False,True,False,False,False,False,False,True,False,True
3173,94,239,6319123.753,total,,0.8420504125,2011,2024,2024,14825,False,False,False,False,True,False,False,False,False,False,True,False,True
3174,94,239,6966926.223,total,,0.8228673581,2011,2024,2024,14825,False,False,False,False,True,False,False,False,False,False,True,False,True
3175,94,239,7681211.884,total,,0.8060374477,2011,2024,2024,14825,False,False,False,False,True,False,False,False,False,False,True,False,True
3176,94,239,8468470.464,total,,0.7901056373,2011,2024,2024,14825,False,False,False,False,True,False,False,False,False,False,True,False,True
3177,94,239,9336216.418,total,,0.7756504901,2011,2024,2024,14825,False,False,False,False,True,False,False,False,False,False,True,False,True
3178,94,239,10296965.57,total,,0.7659292022,2011,2024,2024,14825,False,False,False,False,True,False,False,False,False,False,False,True,True
3179,94,239,11346545.73,total,,0.7612924624,2011,2024,2024,14825,False,False,False,False,True,False,False,False,False,False,False,True,True
3180,94,239,12511282.91,total,,0.7567501811,2011,2024,2024,14825,False,False,False,False,True,False,False,False,False,False,False,True,True
3181,94,239,13790931.8,total,,0.7621043756,2011,2024,2024,14825,False,False,False,False,True,False,False,False,False,False,False,True,True
3182,94,239,15205499.01,total,,0.7718042066,2011,2024,2024,14825,False,False,False,False,True,False,False,False,False,False,False,True,True
3183,94,239,16764987.32,total,,0.7792464618,2011,2024,2024,14825,False,False,False,False,True,False,False,False,False,False,False,True,True
3184,94,239,18484523.26,total,,0.7833496436,2011,2024,2024,14825,False,False,False,False,True,False,False,False,False,False,False,True,True
3185,94,239,19890000,total,,0.7895807122,2011,2024,2024,14825,False,False,False,False,True,False,False,False,False,False,False,True,True
3186,94,242,1510.487019,capture,,0.1314489548,2011,2016,2016,14456,True,False,False,False,False,False,False,True,False,False,False,False,False
3187,94,242,1795.217187,capture,,0.02207807229,2011,2016,2016,14456,True,False,False,False,False,False,False,True,False,False,False,False,False
3188,94,242,2133.619625,capture,,0.1161353413,2011,2016,2016,14456,True,False,False,False,False,False,False,True,False,False,False,False,False
3189,94,242,2535.811677,capture,,-0.02477642701,2011,2016,2016,14456,True,False,False,False,False,False,False,True,False,False,False,False,False
3190,94,242,3013.817826,capture,,0.06543255994,2011,2016,2016,14456,True,False,False,False,False,False,False,True,False,False,False,False,False
3191,94,242,3581.9292,capture,,-0.03101440141,2011,2016,2016,14456,True,False,False,False,False,False,False,True,False,False,False,False,False
3192,94,242,4257.130832,capture,,-0.04031527863,2011,2016,2016,14456,True,False,False,False,False,False,False,True,False,False,False,False,False
3193,94,242,5059.609476,capture,,-0.05709054323,2011,2016,2016,14456,True,False,False,False,False,False,False,True,False,False,False,False,False
3194,94,242,6013.357133,capture,,-0.1865304346,2011,2016,2016,14456,True,False,False,False,False,False,False,True,False,False,False,False,False
3195,94,242,7146.888346,capture,,-0.1939163958,2011,2016,2016,14456,True,False,False,False,False,False,False,True,False,False,False,False,False
3196,94,242,8824.001056,capture,,-0.3546013129,2011,2016,2016,14456,True,False,False,False,False,False,False,True,False,False,False,False,False
3197,94,242,10817.25324,capture,,-0.4640517657,2011,2016,2016,14456,True,False,False,False,False,False,False,False,True,False,False,False,False
3198,94,242,12856.32958,capture,,-0.3667669352,2011,2016,2016,14456,True,False,False,False,False,False,False,False,True,False,False,False,False
3199,94,242,15279.77634,capture,,-0.3902114288,2011,2016,2016,14456,True,False,False,False,False,False,False,False,True,False,False,False,False
3200,94,242,18160.04821,capture,,-0.4381202091,2011,2016,2016,14456,True,False,False,False,False,False,False,False,True,False,False,False,False
3201,94,242,21583.25775,capture,,-0.3216482691,2011,2016,2016,14456,True,False,False,False,False,False,False,False,True,False,False,False,False
3202,94,242,25651.74991,capture,,-0.5434988403,2011,2016,2016,14456,True,False,False,False,False,False,False,False,True,False,False,False,False
3203,94,242,30487.16191,capture,,-0.5189086758,2011,2016,2016,14456,True,False,False,False,False,False,False,False,True,False,False,False,False
3204,94,242,36234.05984,capture,,-0.5933763749,2011,2016,2016,14456,True,False,False,False,False,False,False,False,True,False,False,False,False
3205,95,241,1053.840377,capture,,1.091806835,2011,2018,2018,23369,True,False,False,False,False,False,False,True,False,False,False,False,False
3206,95,241,1155.51123,capture,,1.084169674,2011,2018,2018,23369,True,False,False,False,False,False,False,True,False,False,False,False,False
3207,95,241,1276.752538,capture,,1.046777523,2011,2018,2018,23369,True,False,False,False,False,False,False,True,False,False,False,False,False
3208,95,241,1410.721033,capture,,0.9852332367,2011,2018,2018,23369,True,False,False,False,False,False,False,True,False,False,False,False,False
3209,95,241,1558.738879,capture,,0.957060946,2011,2018,2018,23369,True,False,False,False,False,False,False,True,False,False,False,False,False
3210,95,241,1722.289781,capture,,0.9108887781,2011,2018,2018,23369,True,False,False,False,False,False,False,True,False,False,False,False,False
3211,95,241,1903.00236,capture,,0.9157776525,2011,2018,2018,23369,True,False,False,False,False,False,False,True,False,False,False,False,False
3212,95,241,2102.678174,capture,,0.9118666437,2011,2018,2018,23369,True,False,False,False,False,False,False,True,False,False,False,False,False
3213,95,241,2323.302115,capture,,0.8861396831,2011,2018,2018,23369,True,False,False,False,False,False,False,True,False,False,False,False,False
3214,95,241,2567.076965,capture,,0.8432456551,2011,2018,2018,23369,True,False,False,False,False,False,False,True,False,False,False,False,False
3215,95,241,2836.428795,capture,,0.8227005298,2011,2018,2018,23369,True,False,False,False,False,False,False,True,False,False,False,False,False
3216,95,241,3134.043747,capture,,0.8303890098,2011,2018,2018,23369,True,False,False,False,False,False,False,True,False,False,False,False,False
3217,95,241,3462.882121,capture,,0.7588982732,2011,2018,2018,23369,True,False,False,False,False,False,False,True,False,False,False,False,False
3218,95,241,3826.225024,capture,,0.7311179572,2011,2018,2018,23369,True,False,False,False,False,False,False,True,False,False,False,False,False
3219,95,241,4227.694529,capture,,0.7088861485,2011,2018,2018,23369,True,False,False,False,False,False,False,True,False,False,False,False,False
3220,95,241,4671.286271,capture,,0.6877384778,2011,2018,2018,23369,True,False,False,False,False,False,False,True,False,False,False,False,False
3221,95,241,5161.422941,capture,,0.6536613285,2011,2018,2018,23369,True,False,False,False,False,False,False,True,False,False,False,False,False
3222,95,241,5702.984259,capture,,0.6275413144,2011,2018,2018,23369,True,False,False,False,False,False,False,True,False,False,False,False,False
3223,95,241,6301.369935,capture,,0.6213297272,2011,2018,2018,23369,True,False,False,False,False,False,False,True,False,False,False,False,False
3224,95,241,6962.54387,capture,,0.6014169406,2011,2018,2018,23369,True,False,False,False,False,False,False,True,False,False,False,False,False
3225,95,241,7693.086124,capture,,0.5971548019,2011,2018,2018,23369,True,False,False,False,False,False,False,True,False,False,False,False,False
3226,95,241,8500.282873,capture,,0.5530162016,2011,2018,2018,23369,True,False,False,False,False,False,False,True,False,False,False,False,False
3227,95,241,9392.175281,capture,,0.5668925095,2011,2018,2018,23369,True,False,False,False,False,False,False,True,False,False,False,False,False
3228,95,241,23500,capture,,0.434568904,2011,2023,2023,23606,True,False,False,False,False,False,False,False,True,False,False,False,False
3229,95,241,51500,capture,,0.3304137733,2011,2023,2023,23606,True,False,False,False,False,False,False,False,True,False,False,False,False
3230,95,241,127700,capture,,0.1205739312,2011,2023,2023,23606,True,False,False,False,False,False,False,False,False,True,False,False,True
3231,95,241,1041.128371,capture,,1.146748014,2011,2024,2025,23620,True,False,False,False,False,False,False,True,False,False,False,False,False
3232,95,241,1148.579498,capture,,1.09852836,2011,2024,2025,23620,True,False,False,False,False,False,False,True,False,False,False,False,False
3233,95,241,1273.571169,capture,,1.089551883,2011,2024,2025,23620,True,False,False,False,False,False,False,True,False,False,False,False,False
3234,95,241,1420.140065,capture,,1.044931546,2011,2024,2025,23620,True,False,False,False,False,False,False,True,False,False,False,False,False
3235,95,241,1562.269623,capture,,1.036029731,2011,2024,2025,23620,True,False,False,False,False,False,False,True,False,False,False,False,False
3236,95,241,1727.443179,capture,,0.9879640328,2011,2024,2025,23620,True,False,False,False,False,False,False,True,False,False,False,False,False
3237,95,241,1919.561574,capture,,1.01911629,2011,2024,2025,23620,True,False,False,False,False,False,False,True,False,False,False,False,False
3238,95,241,2097.647087,capture,,0.9997827985,2011,2024,2025,23620,True,False,False,False,False,False,False,True,False,False,False,False,False
3239,95,241,2301.726714,capture,,0.98788961,2011,2024,2025,23620,True,False,False,False,False,False,False,True,False,False,False,False,False
3240,95,241,2474.619,capture,,0.903089987,2011,2024,2025,23620,True,False,False,False,False,False,False,True,False,False,False,False,False
3241,95,241,2810.578045,capture,,0.8779469516,2011,2024,2025,23620,True,False,False,False,False,False,False,True,False,False,False,False,False
3242,95,241,3130.78131,capture,,0.8512583487,2011,2024,2025,23620,True,False,False,False,False,False,False,True,False,False,False,False,False
3243,95,241,3509.030763,capture,,0.656098202,2011,2024,2025,23620,True,False,False,False,False,False,False,True,False,False,False,False,False
3244,95,241,3838.7155,capture,,0.806179974,2011,2024,2025,23620,True,False,False,False,False,False,False,True,False,False,False,False,False
3245,95,241,4219.267447,capture,,0.7948364578,2011,2024,2025,23620,True,False,False,False,False,False,False,True,False,False,False,False,False
3246,95,241,4656.853,capture,,0.7015679851,2011,2024,2025,23620,True,False,False,False,False,False,False,True,False,False,False,False,False
3247,95,241,5169.404838,capture,,0.7976137302,2011,2024,2025,23620,True,False,False,False,False,False,False,True,False,False,False,False,False
3248,95,241,5767.687,capture,,0.6674529529,2011,2024,2025,23620,True,False,False,False,False,False,False,True,False,False,False,False,False
3249,95,241,6227.672,capture,,0.6848453616,2011,2024,2025,23620,True,False,False,False,False,False,False,True,False,False,False,False,False
3250,95,241,7031.290772,capture,,0.6910814921,2011,2024,2025,23620,True,False,False,False,False,False,False,True,False,False,False,False,False
3251,95,241,7993.945,capture,,0.5965970956,2011,2024,2025,23620,True,False,False,False,False,False,False,True,False,False,False,False,False
3252,95,241,8752.878,capture,,0.6646419756,2011,2024,2025,23620,True,False,False,False,False,False,False,True,False,False,False,False,False
3253,95,241,9625.43,capture,,0.622214023,2011,2024,2025,23620,True,False,False,False,False,False,False,True,False,False,False,False,False
3254,95,241,10635.5005,capture,,0.6937269489,2011,2024,2025,23620,True,False,False,False,False,False,False,False,True,False,False,False,False
3255,95,241,11813.645,capture,,0.4727564493,2011,2024,2025,23620,True,False,False,False,False,False,False,False,True,False,False,False,False
3256,95,241,13199.425,capture,,0.480006943,2011,2024,2025,23620,True,False,False,False,False,False,False,False,True,False,False,False,False
3257,95,241,14844.76,capture,,0.4048337166,2011,2024,2025,23620,True,False,False,False,False,False,False,False,True,False,False,False,False
3258,95,241,16818.965,capture,,0.4727564493,2011,2024,2025,23620,True,False,False,False,False,False,False,False,True,False,False,False,False
3259,95,241,19216.19,capture,,0.4517864355,2011,2024,2025,23620,True,False,False,False,False,False,False,False,True,False,False,False,False
3260,95,241,22166.975,capture,,0.4048337166,2011,2024,2025,23620,True,False,False,False,False,False,False,False,True,False,False,False,False
3261,95,241,25856.625,capture,,0.3138672204,2011,2024,2025,23620,True,False,False,False,False,False,False,False,True,False,False,False,False
3262,95,241,30555.405,capture,,0.3463529745,2011,2024,2025,23620,True,False,False,False,False,False,False,False,True,False,False,False,False
3263,95,241,36670.245,capture,,0.4248816366,2011,2024,2025,23620,True,False,False,False,False,False,False,False,True,False,False,False,False
3264,95,241,44837.485,capture,,0.3304137733,2011,2024,2025,23620,True,False,False,False,False,False,False,False,True,False,False,False,False
3265,95,241,56099.02,capture,,0.3384564936,2011,2024,2025,23620,True,False,False,False,False,False,False,False,True,False,False,False,False
3266,95,241,72260.66,capture,,0.2479732664,2011,2024,2025,23620,True,False,False,False,False,False,False,False,True,False,False,False,False
3267,95,241,96688.115,capture,,0.05307844348,2011,2024,2025,23620,True,False,False,False,False,False,False,False,True,False,False,False,False
3268,95,241,136288.415,capture,,0.1430148003,2011,2024,2025,23620,True,False,False,False,False,False,False,False,False,True,False,False,True
3269,95,241,207277.8,capture,,0.1367205672,2011,2024,2025,23620,True,False,False,False,False,False,False,False,False,True,False,False,True
3270,95,241,356323.6,capture,,-0.1307682803,2011,2024,2025,23620,True,False,False,False,False,False,False,False,False,True,False,False,True
3271,95,241,774386.6,capture,,-0.4948500217,2011,2024,2025,23620,True,False,False,False,False,False,False,False,False,True,False,False,True
3272,95,241,10394869.26,n2n,,-0.651695137,2011,2016,2016,23289,False,True,False,False,False,False,False,False,False,False,False,True,True
3273,95,241,17100000,n2n,,-0.8696662315,2011,2016,2016,23289,False,True,False,False,False,False,False,False,False,False,False,True,True
3274,95,241,14800000,n2n,,-0.57024772,2011,2019,2025,32859,False,True,False,False,False,False,False,False,False,False,False,True,True
3275,95,241,13831321.08,n2n,,-0.6363880201,2011,2016,2016,41614,False,True,False,False,False,False,False,False,False,False,False,True,True
3276,95,241,14796471.73,n2n,,-0.6917914197,2011,2016,2016,41614,False,True,False,False,False,False,False,False,False,False,False,True,True
3277,95,243,1034.96676,capture,,1.17865214,2011,2014,2014,23254,True,False,False,False,False,False,False,True,False,False,False,False,False
3278,95,243,1161.251804,capture,,1.041863067,2011,2014,2014,23254,True,False,False,False,False,False,False,True,False,False,False,False,False
3279,95,243,1302.94595,capture,,0.8879393576,2011,2014,2014,23254,True,False,False,False,False,False,False,True,False,False,False,False,False
3280,95,243,1406.88867,capture,,0.8510869215,2011,2014,2014,23254,True,False,False,False,False,False,False,True,False,False,False,False,False
3281,95,243,1519.12345,capture,,0.9391891632,2011,2014,2014,23254,True,False,False,False,False,False,False,True,False,False,False,False,False
3282,95,243,1704.484542,capture,,0.9315089507,2011,2014,2014,23254,True,False,False,False,False,False,False,True,False,False,False,False,False
3283,95,243,1912.46311,capture,,0.9397340505,2011,2014,2014,23254,True,False,False,False,False,False,False,True,False,False,False,False,False
3284,95,243,2065.03017,capture,,0.9470774151,2011,2014,2014,23254,True,False,False,False,False,False,False,True,False,False,False,False,False
3285,95,243,2317.001954,capture,,0.7698617595,2011,2014,2014,23254,True,False,False,False,False,False,False,True,False,False,False,False,False
3286,95,243,23400,capture,,0.4014005408,2011,2021,2022,23748,True,False,False,False,False,False,False,False,True,False,False,False,False
