row,Z,A,energy_ev,quantity,spectrum,label,freeze_year,pub_year,compiled_year,entry,sub:capture,sub:n2n,sub:np,sub:na,sub:total,sub:elastic,sub:inelastic,sub:< 10 keV,sub:10-100 keV,sub:0.1-1 MeV,sub:1-10 MeV,sub:> 10 MeV,sub:E >= 100 keV (DATEDEXAM post-hoc subset)
0,4,7,1292.45,np,,2.318683015,2016,2018,2018,23399,False,False,True,False,False,False,False,True,False,False,False,False,False
1,4,7,2048.39,np,,2.125767448,2016,2018,2018,23399,False,False,True,False,False,False,False,True,False,False,False,False,False
2,4,7,3246.48,np,,2.005557996,2016,2018,2018,23399,False,False,True,False,False,False,False,True,False,False,False,False,False
3,4,7,5145.32,np,,1.870378151,2016,2018,2018,23399,False,False,True,False,False,False,False,True,False,False,False,False,False
4,4,7,8154.79,np,,1.785527003,2016,2018,2018,23399,False,False,True,False,False,False,False,True,False,False,False,False,False
5,4,7,12924.5,np,,1.523628125,2016,2018,2018,23399,False,False,True,False,False,False,False,False,True,False,False,False,False
6,4,7,20483.9,np,,1.416677113,2016,2018,2018,23399,False,False,True,False,False,False,False,False,True,False,False,False,False
7,4,7,32464.8,np,,1.356637647,2016,2018,2018,23399,False,False,True,False,False,False,False,False,True,False,False,False,False
8,4,7,51453.2,np,,1.027251728,2016,2018,2018,23399,False,False,True,False,False,False,False,False,True,False,False,False,False
9,4,7,81547.9,np,,0.795431594,2016,2018,2018,23399,False,False,True,False,False,False,False,False,True,False,False,False,False
10,4,7,129245,np,,0.3990815701,2016,2018,2018,23399,False,False,True,False,False,False,False,False,False,True,False,False,True
11,4,7,204839,np,,0.5799892663,2016,2018,2018,23399,False,False,True,False,False,False,False,False,False,True,False,False,True
12,4,7,324648,np,,0.6018558249,2016,2018,2018,23399,False,False,True,False,False,False,False,False,False,True,False,False,True
13,5,10,6000000,elastic,,-0.06550154876,2016,2021,2021,14719,False,False,False,False,False,True,False,False,False,False,True,False,True
14,5,10,10000000,elastic,,-0.09205147839,2016,2021,2021,14719,False,False,False,False,False,True,False,False,False,False,False,True,True
15,5,10,160000,na,,0.3040594662,2016,2017,2019,23409,False,False,False,True,False,False,False,False,False,True,False,False,True
16,5,10,220000,na,,0.2319790268,2016,2017,2019,23409,False,False,False,True,False,False,False,False,False,True,False,False,True
17,5,10,270000,na,,0.1280760127,2016,2017,2019,23409,False,False,False,True,False,False,False,False,False,True,False,False,True
18,5,10,320000,na,,0.05614226206,2016,2017,2019,23409,False,False,False,True,False,False,False,False,False,True,False,False,True
19,5,10,370000,na,,-0.04000516167,2016,2017,2019,23409,False,False,False,True,False,False,False,False,False,True,False,False,True
20,5,10,420000,na,,-0.03198428601,2016,2017,2019,23409,False,False,False,True,False,False,False,False,False,True,False,False,True
21,5,10,470000,na,,-0.05601112493,2016,2017,2019,23409,False,False,False,True,False,False,False,False,False,True,False,False,True
22,5,10,530000,na,,-0.136082623,2016,2017,2019,23409,False,False,False,True,False,False,False,False,False,True,False,False,True
23,5,10,570000,na,,-0.208309351,2016,2017,2019,23409,False,False,False,True,False,False,False,False,False,True,False,False,True
24,5,10,694550.2142,na,,-0.4388986164,2016,2017,2019,23409,False,False,False,True,False,False,False,False,False,True,False,False,True
25,5,10,770000,na,,-0.5114492835,2016,2017,2019,23409,False,False,False,True,False,False,False,False,False,True,False,False,True
26,5,10,849470.4233,na,,-0.5670307091,2016,2017,2019,23409,False,False,False,True,False,False,False,False,False,True,False,False,True
27,5,10,944669.2543,na,,-0.6556077263,2016,2017,2019,23409,False,False,False,True,False,False,False,False,False,True,False,False,True
28,5,10,1044700.914,na,,-0.6757175447,2016,2017,2019,23409,False,False,False,True,False,False,False,False,False,False,True,False,True
29,5,10,1139824.548,na,,-0.6882461389,2016,2017,2019,23409,False,False,False,True,False,False,False,False,False,False,True,False,True
30,5,10,1269343.493,na,,-0.6932176754,2016,2017,2019,23409,False,False,False,True,False,False,False,False,False,False,True,False,True
31,5,10,1394775.968,na,,-0.6439741428,2016,2017,2019,23409,False,False,False,True,False,False,False,False,False,False,True,False,True
32,5,10,1543987.917,na,,-0.4861168144,2016,2017,2019,23409,False,False,False,True,False,False,False,False,False,False,True,False,True
33,5,10,1719515.367,na,,-0.348721986,2016,2017,2019,23409,False,False,False,True,False,False,False,False,False,False,True,False,True
34,5,10,1894175.052,na,,-0.3384239227,2016,2017,2019,23409,False,False,False,True,False,False,False,False,False,False,True,False,True
35,5,10,2096662.45,na,,-0.4720480417,2016,2017,2019,23409,False,False,False,True,False,False,False,False,False,False,True,False,True
36,5,10,2318921.813,na,,-0.5843590201,2016,2017,2019,23409,False,False,False,True,False,False,False,False,False,False,True,False,True
37,5,10,2569026.795,na,,-0.6241535637,2016,2017,2019,23409,False,False,False,True,False,False,False,False,False,False,True,False,True
38,5,10,2819113.14,na,,-0.6318991483,2016,2017,2019,23409,False,False,False,True,False,False,False,False,False,False,True,False,True
39,5,10,3044076.215,na,,-0.7110803943,2016,2017,2019,23409,False,False,False,True,False,False,False,False,False,False,True,False,True
40,5,10,4000000,na,,-0.5597207868,2016,2017,2018,32771,False,False,False,True,False,False,False,False,False,False,True,False,True
41,5,10,4500000,na,,-0.6428277423,2016,2017,2018,32771,False,False,False,True,False,False,False,False,False,False,True,False,True
42,5,10,5000000,na,,-0.7544873322,2016,2017,2018,32771,False,False,False,True,False,False,False,False,False,False,True,False,True
43,5,10,1000,na,,1.245512668,2016,2019,2020,32804,False,False,False,True,False,False,False,True,False,False,False,False,False
44,5,10,1260,na,,1.193124598,2016,2019,2020,32804,False,False,False,True,False,False,False,True,False,False,False,False,False
45,5,10,1580,na,,1.149219113,2016,2019,2020,32804,False,False,False,True,False,False,False,True,False,False,False,False,False
46,5,10,2000,na,,1.103803721,2016,2019,2020,32804,False,False,False,True,False,False,False,True,False,False,False,False,False
47,5,10,2510,na,,1.056904851,2016,2019,2020,32804,False,False,False,True,False,False,False,True,False,False,False,False,False
48,5,10,3160,na,,1.017033339,2016,2019,2020,32804,False,False,False,True,False,False,False,True,False,False,False,False,False
49,5,10,3980,na,,0.9604707775,2016,2019,2020,32804,False,False,False,True,False,False,False,True,False,False,False,False,False
50,5,10,5010,na,,0.8859263398,2016,2019,2020,32804,False,False,False,True,False,False,False,True,False,False,False,False,False
51,5,10,6310,na,,0.8536982118,2016,2019,2020,32804,False,False,False,True,False,False,False,True,False,False,False,False,False
52,5,10,7940,na,,0.8048206787,2016,2019,2020,32804,False,False,False,True,False,False,False,True,False,False,False,False,False
53,5,10,10000,na,,0.7774268224,2016,2019,2020,32804,False,False,False,True,False,False,False,False,True,False,False,False,False
54,5,10,12600,na,,0.7250945211,2016,2019,2020,32804,False,False,False,True,False,False,False,False,True,False,False,False,False
55,5,10,15800,na,,0.6730209071,2016,2019,2020,32804,False,False,False,True,False,False,False,False,True,False,False,False,False
56,5,10,20000,na,,0.6364878964,2016,2019,2020,32804,False,False,False,True,False,False,False,False,True,False,False,False,False
57,5,10,25100,na,,0.5774917998,2016,2019,2020,32804,False,False,False,True,False,False,False,False,True,False,False,False,False
58,5,10,31600,na,,0.4913616938,2016,2019,2020,32804,False,False,False,True,False,False,False,False,True,False,False,False,False
59,5,10,39800,na,,0.4668676204,2016,2019,2020,32804,False,False,False,True,False,False,False,False,True,False,False,False,False
60,5,10,50100,na,,0.4183012913,2016,2019,2020,32804,False,False,False,True,False,False,False,False,True,False,False,False,False
61,5,10,63100,na,,0.3710678623,2016,2019,2020,32804,False,False,False,True,False,False,False,False,True,False,False,False,False
62,5,10,79400,na,,0.3263358609,2016,2019,2020,32804,False,False,False,True,False,False,False,False,True,False,False,False,False
63,5,10,100000,na,,0.2922560714,2016,2019,2020,32804,False,False,False,True,False,False,False,False,False,True,False,False,True
64,5,10,200000,na,,0.1430148003,2016,2019,2020,32804,False,False,False,True,False,False,False,False,False,True,False,False,True
65,5,10,300000,na,,0.0170333393,2016,2019,2020,32804,False,False,False,True,False,False,False,False,False,True,False,False,True
66,5,10,400000,na,,-0.06148027482,2016,2019,2020,32804,False,False,False,True,False,False,False,False,False,True,False,False,True
67,5,10,500000,na,,-0.1135092748,2016,2019,2020,32804,False,False,False,True,False,False,False,False,False,True,False,False,True
68,5,10,600000,na,,-0.272458743,2016,2019,2020,32804,False,False,False,True,False,False,False,False,False,True,False,False,True
69,5,10,700000,na,,-0.4353339357,2016,2019,2020,32804,False,False,False,True,False,False,False,False,False,True,False,False,True
70,5,10,800000,na,,-0.5575202309,2016,2019,2020,32804,False,False,False,True,False,False,False,False,False,True,False,False,True
71,5,10,900000,na,,-0.6038006529,2016,2019,2020,32804,False,False,False,True,False,False,False,False,False,True,False,False,True
72,5,10,1000000,na,,-0.6090648929,2016,2019,2020,32804,False,False,False,True,False,False,False,False,False,True,False,False,True
73,5,10,1200000,na,,-0.7077439286,2016,2019,2020,32804,False,False,False,True,False,False,False,False,False,False,True,False,True
74,5,10,1400000,na,,-0.588380294,2016,2019,2020,32804,False,False,False,True,False,False,False,False,False,False,True,False,True
75,5,10,1600000,na,,-0.359518563,2016,2019,2020,32804,False,False,False,True,False,False,False,False,False,False,True,False,True
76,5,10,1800000,na,,-0.2510371387,2016,2019,2020,32804,False,False,False,True,False,False,False,False,False,False,True,False,True
77,5,10,2000000,na,,-0.3565473235,2016,2019,2020,32804,False,False,False,True,False,False,False,False,False,False,True,False,True
78,5,10,2297825.059,na,,-0.530177984,2016,2019,2020,32804,False,False,False,True,False,False,False,False,False,False,True,False,True
79,5,11,6000000,elastic,,0.1335389084,2016,2021,2021,14719,False,False,False,False,False,True,False,False,False,False,True,False,True
80,5,11,10000000,elastic,,-0.04383156952,2016,2021,2021,14719,False,False,False,False,False,True,False,False,False,False,False,True,True
81,6,12,14100000,elastic,,-0.1023729087,2016,2025,2025,41788,False,False,False,False,False,True,False,False,False,False,False,True,True
82,6,12,6918767.112,inelastic,,-0.7454023818,2016,2023,2024,14820,False,False,False,False,False,False,True,False,False,False,True,False,True
83,6,12,7674122.661,inelastic,,-0.4557756378,2016,2023,2024,14820,False,False,False,False,False,False,True,False,False,False,True,False,True
84,6,12,8511944.16,inelastic,,-0.5524315217,2016,2023,2024,14820,False,False,False,False,False,False,True,False,False,False,True,False,True
85,6,12,9333162.03,inelastic,,-0.5476013034,2016,2023,2024,14820,False,False,False,False,False,False,True,False,False,False,True,False,True
86,6,12,10352108.86,inelastic,,-0.5224221076,2016,2023,2024,14820,False,False,False,False,False,False,True,False,False,False,False,True,True
87,6,12,11482320,inelastic,,-0.5582416489,2016,2023,2024,14820,False,False,False,False,False,False,True,False,False,False,False,True,True
88,6,12,12590103.24,inelastic,,-0.644407697,2016,2023,2024,14820,False,False,False,False,False,False,True,False,False,False,False,True,True
89,6,12,13964595.15,inelastic,,-0.7006278265,2016,2023,2024,14820,False,False,False,False,False,False,True,False,False,False,False,True,True
90,6,12,15489166.79,inelastic,,-0.8001043304,2016,2023,2024,14820,False,False,False,False,False,False,True,False,False,False,False,True,True
91,6,12,16407000,inelastic,,-0.9266042835,2016,2023,2024,14820,False,False,False,False,False,False,True,False,False,False,False,True,True
92,6,12,4842723.229,inelastic,,-1.676675695,2016,2023,2024,14820,False,False,False,False,False,False,True,False,False,False,True,False,True
93,6,12,5125749.018,inelastic,,-1.189126098,2016,2023,2024,14820,False,False,False,False,False,False,True,False,False,False,True,False,True
94,6,12,5665760.922,inelastic,,-0.826417352,2016,2023,2024,14820,False,False,False,False,False,False,True,False,False,False,True,False,True
95,6,12,6260389.565,inelastic,,-0.6113538945,2016,2023,2024,14820,False,False,False,False,False,False,True,False,False,False,True,False,True
96,6,12,6916122.588,inelastic,,-0.7135716682,2016,2023,2024,14820,False,False,False,False,False,False,True,False,False,False,True,False,True
97,6,12,7644839.784,inelastic,,-0.4864418394,2016,2023,2024,14820,False,False,False,False,False,False,True,False,False,False,True,False,True
98,6,12,8448802.416,inelastic,,-0.5247731458,2016,2023,2024,14820,False,False,False,False,False,False,True,False,False,False,True,False,True
99,6,12,9338464.19,inelastic,,-0.5407323101,2016,2023,2024,14820,False,False,False,False,False,False,True,False,False,False,True,False,True
100,6,12,10320172.4,inelastic,,-0.5069021472,2016,2023,2024,14820,False,False,False,False,False,False,True,False,False,False,False,True,True
101,6,12,11400281.94,inelastic,,-0.5309537061,2016,2023,2024,14820,False,False,False,False,False,False,True,False,False,False,False,True,True
102,6,12,12600633.45,inelastic,,-0.6070881386,2016,2023,2024,14820,False,False,False,False,False,False,True,False,False,False,False,True,True
103,6,12,13933048.65,inelastic,,-0.6608593821,2016,2023,2024,14820,False,False,False,False,False,False,True,False,False,False,False,True,True
104,6,12,15316589.92,inelastic,,-0.7414628358,2016,2023,2024,14820,False,False,False,False,False,False,True,False,False,False,False,True,True
105,6,12,2584461.575,total,,0.219842023,2016,2020,2020,14661,False,False,False,False,True,False,False,False,False,False,True,False,True
106,6,12,2809252.091,total,,0.3427026801,2016,2020,2020,14661,False,False,False,False,True,False,False,False,False,False,True,False,True
107,6,12,3108163.818,total,,0.2362531138,2016,2020,2020,14661,False,False,False,False,True,False,False,False,False,False,True,False,True
108,6,12,3435325.325,total,,0.4044926593,2016,2020,2020,14661,False,False,False,False,True,False,False,False,False,False,True,False,True
109,6,12,3791528.281,total,,0.360394929,2016,2020,2020,14661,False,False,False,False,True,False,False,False,False,False,True,False,True
110,6,12,4196370.367,total,,0.2936503816,2016,2020,2020,14661,False,False,False,False,True,False,False,False,False,False,True,False,True
111,6,12,4646452.128,total,,0.1709580821,2016,2020,2020,14661,False,False,False,False,True,False,False,False,False,False,True,False,True
112,6,12,5132842.259,total,,0.0852665367,2016,2020,2020,14661,False,False,False,False,True,False,False,False,False,False,True,False,True
113,6,12,5668716.927,total,,0.04276206106,2016,2020,2020,14661,False,False,False,False,True,False,False,False,False,False,True,False,True
114,6,12,6257030.423,total,,0.1080129511,2016,2020,2020,14661,False,False,False,False,True,False,False,False,False,False,True,False,True
115,6,12,6921428.708,total,,-0.08783454396,2016,2020,2020,14661,False,False,False,False,True,False,False,False,False,False,True,False,True
116,6,12,7648210.956,total,,0.2755977178,2016,2020,2020,14661,False,False,False,False,True,False,False,False,False,False,True,False,True
117,6,12,8440002.567,total,,0.1013311341,2016,2020,2020,14661,False,False,False,False,True,False,False,False,False,False,True,False,True
118,6,12,9328420.124,total,,0.09195019903,2016,2020,2020,14661,False,False,False,False,True,False,False,False,False,False,True,False,True
119,6,12,10327595.46,total,,0.08319050572,2016,2020,2020,14661,False,False,False,False,True,False,False,False,False,False,False,True,True
120,6,12,11406427.44,total,,0.1423068025,2016,2020,2020,14661,False,False,False,False,True,False,False,False,False,False,False,True,True
121,6,12,12561848.22,total,,0.144217857,2016,2020,2020,14661,False,False,False,False,True,False,False,False,False,False,False,True,True
122,6,12,13903370,total,,0.125724641,2016,2020,2020,14661,False,False,False,False,True,False,False,False,False,False,False,True,True
123,6,12,15402638.41,total,,0.163727736,2016,2020,2020,14661,False,False,False,False,True,False,False,False,False,False,False,True,True
124,6,12,16995573.77,total,,0.1502875171,2016,2020,2020,14661,False,False,False,False,True,False,False,False,False,False,False,True,True
125,6,12,18758520.98,total,,0.1667015001,2016,2020,2020,14661,False,False,False,False,True,False,False,False,False,False,False,True,True
126,6,12,19843930,total,,0.174030718,2016,2020,2020,14661,False,False,False,False,True,False,False,False,False,False,False,True,True
127,6,12,14100000,total,,0.1553360375,2016,2020,2020,31807,False,False,False,False,True,False,False,False,False,False,False,True,True
128,7,14,104396.7987,total,,0.6104496222,2016,2025,2025,23672,False,False,False,False,True,False,False,False,False,True,False,False,True
129,7,14,114621.1463,total,,0.6003808872,2016,2025,2025,23672,False,False,False,False,True,False,False,False,False,True,False,False,True
130,7,14,126697.5941,total,,0.5951260423,2016,2025,2025,23672,False,False,False,False,True,False,False,False,False,True,False,False,True
131,7,14,140051.256,total,,0.5831944228,2016,2025,2025,23672,False,False,False,False,True,False,False,False,False,True,False,False,True
132,7,14,154776.5706,total,,0.5729699738,2016,2025,2025,23672,False,False,False,False,True,False,False,False,False,True,False,False,True
133,7,14,171014.6206,total,,0.5615908244,2016,2025,2025,23672,False,False,False,False,True,False,False,False,False,True,False,False,True
134,7,14,188986.9441,total,,0.5499053639,2016,2025,2025,23672,False,False,False,False,True,False,False,False,False,True,False,False,True
135,7,14,208905.044,total,,0.534529708,2016,2025,2025,23672,False,False,False,False,True,False,False,False,False,True,False,False,True
136,7,14,230846.3359,total,,0.5205105217,2016,2025,2025,23672,False,False,False,False,True,False,False,False,False,True,False,False,True
137,7,14,255128.7423,total,,0.5106051153,2016,2025,2025,23672,False,False,False,False,True,False,False,False,False,True,False,False,True
138,7,14,282049.6416,total,,0.4942185509,2016,2025,2025,23672,False,False,False,False,True,False,False,False,False,True,False,False,True
139,7,14,311701.4988,total,,0.4765943689,2016,2025,2025,23672,False,False,False,False,True,False,False,False,False,True,False,False,True
140,7,14,344394.1687,total,,0.460610709,2016,2025,2025,23672,False,False,False,False,True,False,False,False,False,True,False,False,True
141,7,14,380497.9112,total,,0.4426410468,2016,2025,2025,23672,False,False,False,False,True,False,False,False,False,True,False,False,True
142,7,14,420464.03,total,,0.5249239237,2016,2025,2025,23672,False,False,False,False,True,False,False,False,False,True,False,False,True
143,7,14,464849.7533,total,,0.4073671069,2016,2025,2025,23672,False,False,False,False,True,False,False,False,False,True,False,False,True
144,7,14,513773.3106,total,,0.3766474816,2016,2025,2025,23672,False,False,False,False,True,False,False,False,False,True,False,False,True
145,7,14,567848.3628,total,,0.3063791393,2016,2025,2025,23672,False,False,False,False,True,False,False,False,False,True,False,False,True
146,7,14,627820.7943,total,,0.2858936021,2016,2025,2025,23672,False,False,False,False,True,False,False,False,False,True,False,False,True
147,7,14,693763.2074,total,,0.3674474132,2016,2025,2025,23672,False,False,False,False,True,False,False,False,False,True,False,False,True
148,7,14,766476.1621,total,,0.3003226503,2016,2025,2025,23672,False,False,False,False,True,False,False,False,False,True,False,False,True
149,7,14,846997.764,total,,0.2264352876,2016,2025,2025,23672,False,False,False,False,True,False,False,False,False,True,False,False,True
150,7,14,935952.6614,total,,0.09195511289,2016,2025,2025,23672,False,False,False,False,True,False,False,False,False,True,False,False,True
151,7,14,1033959.642,total,,0.3429218638,2016,2025,2025,23672,False,False,False,False,True,False,False,False,False,False,True,False,True
152,7,14,1143449.648,total,,0.308710629,2016,2025,2025,23672,False,False,False,False,True,False,False,False,False,False,True,False,True
153,7,14,1264615.328,total,,0.2156120571,2016,2025,2025,23672,False,False,False,False,True,False,False,False,False,False,True,False,True
154,7,14,1397100.685,total,,0.4017839855,2016,2025,2025,23672,False,False,False,False,True,False,False,False,False,False,True,False,True
155,7,14,1544071.526,total,,0.3361894666,2016,2025,2025,23672,False,False,False,False,True,False,False,False,False,False,True,False,True
156,7,14,1706818.172,total,,0.3237225818,2016,2025,2025,23672,False,False,False,False,True,False,False,False,False,False,True,False,True
157,7,14,1886626.092,total,,0.2570691039,2016,2025,2025,23672,False,False,False,False,True,False,False,False,False,False,True,False,True
158,7,14,2084654.298,total,,0.1915113501,2016,2025,2025,23672,False,False,False,False,True,False,False,False,False,False,True,False,True
159,7,14,2301986.145,total,,0.2048825595,2016,2025,2025,23672,False,False,False,False,True,False,False,False,False,False,True,False,True
160,7,14,2542510.657,total,,0.1617983395,2016,2025,2025,23672,False,False,False,False,True,False,False,False,False,False,True,False,True
161,7,14,2828566.056,total,,0.1698854128,2016,2025,2025,23672,False,False,False,False,True,False,False,False,False,False,True,False,True
162,7,14,3109173.937,total,,0.2385478877,2016,2025,2025,23672,False,False,False,False,True,False,False,False,False,False,True,False,True
163,7,14,3436510.915,total,,0.227584833,2016,2025,2025,23672,False,False,False,False,True,False,False,False,False,False,True,False,True
164,7,14,3801063.604,total,,0.2529537444,2016,2025,2025,23672,False,False,False,False,True,False,False,False,False,False,True,False,True
165,7,14,4199988.111,total,,0.3203419728,2016,2025,2025,23672,False,False,False,False,True,False,False,False,False,False,True,False,True
166,7,14,4641917.84,total,,0.1605365563,2016,2025,2025,23672,False,False,False,False,True,False,False,False,False,False,True,False,True
167,7,14,5130244.941,total,,0.1344958558,2016,2025,2025,23672,False,False,False,False,True,False,False,False,False,False,True,False,True
168,7,14,5668437.19,total,,0.1568877685,2016,2025,2025,23672,False,False,False,False,True,False,False,False,False,False,True,False,True
169,7,14,6259321.057,total,,0.1545018774,2016,2025,2025,23672,False,False,False,False,True,False,False,False,False,False,True,False,True
170,7,14,6919696.361,total,,0.1134366026,2016,2025,2025,23672,False,False,False,False,True,False,False,False,False,False,True,False,True
171,7,14,7657307.933,total,,0.1919234242,2016,2025,2025,23672,False,False,False,False,True,False,False,False,False,False,True,False,True
172,7,14,8462077.319,total,,0.1084773811,2016,2025,2025,23672,False,False,False,False,True,False,False,False,False,False,True,False,True
173,7,14,9356381.87,total,,0.1122058851,2016,2025,2025,23672,False,False,False,False,True,False,False,False,False,False,True,False,True
174,7,14,10322509.19,total,,0.1484256671,2016,2025,2025,23672,False,False,False,False,True,False,False,False,False,False,False,True,True
175,7,14,11387338.34,total,,0.1519501778,2016,2025,2025,23672,False,False,False,False,True,False,False,False,False,False,False,True,True
176,8,16,14296852.8,np,,-1.392544977,2016,2021,2022,23779,False,False,True,False,False,False,False,False,False,False,False,True,True
177,8,17,14296852.8,np,,-1.468521083,2016,2021,2022,23779,False,False,True,False,False,False,False,False,False,False,False,True,True
178,9,19,117692.1433,inelastic,,-0.7817375807,2016,2025,2025,23674,False,False,False,False,False,False,True,False,False,True,False,False,True
179,9,19,126732.1019,inelastic,,-0.5232625973,2016,2025,2025,23674,False,False,False,False,False,False,True,False,False,True,False,False,True
180,9,19,140103.2377,inelastic,,-0.4965332998,2016,2025,2025,23674,False,False,False,False,False,False,True,False,False,True,False,False,True
181,9,19,155055.305,inelastic,,-0.490212314,2016,2025,2025,23674,False,False,False,False,False,False,True,False,False,True,False,False,True
182,9,19,171030.2217,inelastic,,-0.4075641165,2016,2025,2025,23674,False,False,False,False,False,False,True,False,False,True,False,False,True
183,9,19,188745.2015,inelastic,,-0.2349783911,2016,2025,2025,23674,False,False,False,False,False,False,True,False,False,True,False,False,True
184,9,19,208852.9255,inelastic,,0.002426005036,2016,2025,2025,23674,False,False,False,False,False,False,True,False,False,True,False,False,True
185,9,19,231174.9137,inelastic,,0.2106250669,2016,2025,2025,23674,False,False,False,False,False,False,True,False,False,True,False,False,True
186,9,19,255214.5375,inelastic,,0.3128394164,2016,2025,2025,23674,False,False,False,False,False,False,True,False,False,True,False,False,True
187,9,19,281635.8079,inelastic,,0.1771716131,2016,2025,2025,23674,False,False,False,False,False,False,True,False,False,True,False,False,True
188,9,19,311455.3671,inelastic,,-0.1042248182,2016,2025,2025,23674,False,False,False,False,False,False,True,False,False,True,False,False,True
189,9,19,344131.233,inelastic,,-0.002342266339,2016,2025,2025,23674,False,False,False,False,False,False,True,False,False,True,False,False,True
190,9,19,380998.0293,inelastic,,0.1918560553,2016,2025,2025,23674,False,False,False,False,False,False,True,False,False,True,False,False,True
191,9,19,421195.0179,inelastic,,0.1104764327,2016,2025,2025,23674,False,False,False,False,False,False,True,False,False,True,False,False,True
192,9,19,464767.6487,inelastic,,-0.0398023818,2016,2025,2025,23674,False,False,False,False,False,False,True,False,False,True,False,False,True
193,9,19,513504.2481,inelastic,,-0.1476332868,2016,2025,2025,23674,False,False,False,False,False,False,True,False,False,True,False,False,True
194,9,19,568079.7955,inelastic,,-0.2578631866,2016,2025,2025,23674,False,False,False,False,False,False,True,False,False,True,False,False,True
195,9,19,629176.1597,inelastic,,-0.3047180778,2016,2025,2025,23674,False,False,False,False,False,False,True,False,False,True,False,False,True
196,9,19,694528.913,inelastic,,-0.2295085556,2016,2025,2025,23674,False,False,False,False,False,False,True,False,False,True,False,False,True
197,9,19,767088.922,inelastic,,-0.09601441509,2016,2025,2025,23674,False,False,False,False,False,False,True,False,False,True,False,False,True
198,9,19,847473.9963,inelastic,,-0.1093076459,2016,2025,2025,23674,False,False,False,False,False,False,True,False,False,True,False,False,True
199,9,19,936426.7039,inelastic,,-0.1572651701,2016,2025,2025,23674,False,False,False,False,False,False,True,False,False,True,False,False,True
200,9,19,1034531.509,inelastic,,-0.1851234733,2016,2025,2025,23674,False,False,False,False,False,False,True,False,False,False,True,False,True
201,9,19,1142478.631,inelastic,,-0.05245818089,2016,2025,2025,23674,False,False,False,False,False,False,True,False,False,False,True,False,True
202,9,19,1260677.997,inelastic,,-0.1114664869,2016,2025,2025,23674,False,False,False,False,False,False,True,False,False,False,True,False,True
203,9,19,1389594.985,inelastic,,-0.2544390474,2016,2025,2025,23674,False,False,False,False,False,False,True,False,False,False,True,False,True
204,9,19,1539367.12,inelastic,,-0.03325876796,2016,2025,2025,23674,False,False,False,False,False,False,True,False,False,False,True,False,True
205,9,19,1702831.867,inelastic,,-0.2196464724,2016,2025,2025,23674,False,False,False,False,False,False,True,False,False,False,True,False,True
206,9,19,1880210.636,inelastic,,-0.1162054178,2016,2025,2025,23674,False,False,False,False,False,False,True,False,False,False,True,False,True
207,9,19,2086859.437,inelastic,,-0.0872576183,2016,2025,2025,23674,False,False,False,False,False,False,True,False,False,False,True,False,True
208,9,19,2310723.626,inelastic,,-0.06467036772,2016,2025,2025,23674,False,False,False,False,False,False,True,False,False,False,True,False,True
209,9,19,2551165.336,inelastic,,-0.06730635331,2016,2025,2025,23674,False,False,False,False,False,False,True,False,False,False,True,False,True
210,9,19,2805986.542,inelastic,,-0.121632188,2016,2025,2025,23674,False,False,False,False,False,False,True,False,False,False,True,False,True
211,9,19,3101534.93,inelastic,,-0.122905024,2016,2025,2025,23674,False,False,False,False,False,False,True,False,False,False,True,False,True
212,9,19,3445872.286,inelastic,,-0.08783121027,2016,2025,2025,23674,False,False,False,False,False,False,True,False,False,False,True,False,True
213,9,19,3811635.07,inelastic,,-0.1518398369,2016,2025,2025,23674,False,False,False,False,False,False,True,False,False,False,True,False,True
214,9,19,4192759.447,inelastic,,-0.1491045305,2016,2025,2025,23674,False,False,False,False,False,False,True,False,False,False,True,False,True
215,9,19,4635075.898,inelastic,,-0.1783240509,2016,2025,2025,23674,False,False,False,False,False,False,True,False,False,False,True,False,True
216,9,19,5150410.09,inelastic,,-0.180021987,2016,2025,2025,23674,False,False,False,False,False,False,True,False,False,False,True,False,True
217,9,19,5685010.34,inelastic,,-0.2261148629,2016,2025,2025,23674,False,False,False,False,False,False,True,False,False,False,True,False,True
218,9,19,6307703.815,inelastic,,-0.337052442,2016,2025,2025,23674,False,False,False,False,False,False,True,False,False,False,True,False,True
219,9,19,6940036.708,inelastic,,-0.3817084875,2016,2025,2025,23674,False,False,False,False,False,False,True,False,False,False,True,False,True
220,9,19,7674758.599,inelastic,,-0.4583861262,2016,2025,2025,23674,False,False,False,False,False,False,True,False,False,False,True,False,True
221,9,19,8530932.959,inelastic,,-0.5217640402,2016,2025,2025,23674,False,False,False,False,False,False,True,False,False,False,True,False,True
222,9,19,9385993.301,inelastic,,-0.622025091,2016,2025,2025,23674,False,False,False,False,False,False,True,False,False,False,True,False,True
223,9,19,10377156.98,inelastic,,-0.7219464056,2016,2025,2025,23674,False,False,False,False,False,False,True,False,False,False,False,True,True
224,9,19,11535153.04,inelastic,,-0.8490185424,2016,2025,2025,23674,False,False,False,False,False,False,True,False,False,False,False,True,True
225,9,19,12654018.56,inelastic,,-0.9770502112,2016,2025,2025,23674,False,False,False,False,False,False,True,False,False,False,False,True,True
226,9,19,13949890.29,inelastic,,-1.033229426,2016,2025,2025,23674,False,False,False,False,False,False,True,False,False,False,False,True,True
227,9,19,15451782.49,inelastic,,-1.233584178,2016,2025,2025,23674,False,False,False,False,False,False,True,False,False,False,False,True,True
228,9,19,16839333.41,inelastic,,-1.273971646,2016,2025,2025,23674,False,False,False,False,False,False,True,False,False,False,False,True,True
229,9,19,18005300,inelastic,,-1.353737467,2016,2025,2025,23674,False,False,False,False,False,False,True,False,False,False,False,True,True
230,9,19,17500000,n2n,,-0.9788107009,2016,2022,2021,31842,False,True,False,False,False,False,False,False,False,False,False,True,True
231,9,19,14100000,total,,0.318063335,2016,2020,2020,31807,False,False,False,False,True,False,False,False,False,False,False,True,True
232,11,23,14920000,capture,,-3.537602002,2016,2020,2020,33150,True,False,False,False,False,False,False,False,False,False,False,True,True
233,11,23,17500000,n2n,,-1.022276395,2016,2022,2021,31842,False,True,False,False,False,False,False,False,False,False,False,True,True
234,11,23,18500000,n2n,,-1.060480747,2016,2025,2024,31859,False,True,False,False,False,False,False,False,False,False,False,True,True
235,12,24,14050000,np,,-0.7328282716,2016,2023,2023,31858,False,False,True,False,False,False,False,False,False,False,False,True,True
236,12,25,4000000,na,,-1.65130581,2016,2018,2019,32783,False,False,False,True,False,False,False,False,False,False,True,False,True
237,12,25,4500000,na,,-1.573326112,2016,2018,2019,32783,False,False,False,True,False,False,False,False,False,False,True,False,True
238,12,25,5000000,na,,-1.532984182,2016,2018,2019,32783,False,False,False,True,False,False,False,False,False,False,True,False,True
239,12,25,5500000,na,,-1.426316307,2016,2018,2019,32783,False,False,False,True,False,False,False,False,False,False,True,False,True
240,12,25,6000000,na,,-1.403842919,2016,2018,2019,32783,False,False,False,True,False,False,False,False,False,False,True,False,True
241,13,26,83212.7995,na,,-1.365976406,2016,2021,2021,23752,False,False,False,True,False,False,False,False,True,False,False,False,False
242,13,26,93893.76976,na,,-0.9399635459,2016,2021,2021,23752,False,False,False,True,False,False,False,False,True,False,False,False,False
243,13,26,104109.093,na,,-0.9705891643,2016,2021,2021,23752,False,False,False,True,False,False,False,False,False,True,False,False,True
244,13,26,115487.1631,na,,-1.136260893,2016,2021,2021,23752,False,False,False,True,False,False,False,False,False,True,False,False,True
245,13,26,128099.0632,na,,-1.113546878,2016,2021,2021,23752,False,False,False,True,False,False,False,False,False,True,False,False,True
246,13,26,142060.3477,na,,-0.7296783714,2016,2021,2021,23752,False,False,False,True,False,False,False,False,False,True,False,False,True
247,13,26,154901.9044,na,,-0.9351490772,2016,2021,2021,23752,False,False,False,True,False,False,False,False,False,True,False,False,True
248,13,27,14134058.99,n2n,,-2.062195634,2016,2024,2025,32935,False,True,False,False,False,False,False,False,False,False,False,True,True
249,13,27,14854898.18,n2n,,-1.469800302,2016,2024,2025,32935,False,True,False,False,False,False,False,False,False,False,False,True,True
250,13,27,17500000,na,,-1.200659451,2016,2022,2021,31842,False,False,False,True,False,False,False,False,False,False,False,True,True
251,13,27,19800000,na,,-1.455931956,2016,2022,2021,31842,False,False,False,True,False,False,False,False,False,False,False,True,True
252,13,27,17500000,np,,-1.602059991,2016,2022,2021,31842,False,False,True,False,False,False,False,False,False,False,False,True,True
253,13,27,19800000,np,,-1.721246399,2016,2022,2021,31842,False,False,True,False,False,False,False,False,False,False,False,True,True
254,13,27,18500000,np,,-1.585026652,2016,2025,2024,31859,False,False,True,False,False,False,False,False,False,False,False,True,True
255,13,27,14100000,total,,0.2430380487,2016,2021,2022,31847,False,False,False,False,True,False,False,False,False,False,False,True,True
256,13,27,5745576.404,total,,0.3327327714,2016,2021,2024,32852,False,False,False,False,True,False,False,False,False,False,True,False,True
257,13,27,6297884.092,total,,0.3311913569,2016,2021,2024,32852,False,False,False,False,True,False,False,False,False,False,True,False,True
258,13,27,6905211.744,total,,0.3065215267,2016,2021,2024,32852,False,False,False,False,True,False,False,False,False,False,True,False,True
259,13,27,7657863.751,total,,0.2794821471,2016,2021,2024,32852,False,False,False,False,True,False,False,False,False,False,True,False,True
260,13,27,8494760.14,total,,0.2456933806,2016,2021,2024,32852,False,False,False,False,True,False,False,False,False,False,True,False,True
261,13,27,9314456.506,total,,0.241814719,2016,2021,2024,32852,False,False,False,False,True,False,False,False,False,False,True,False,True
262,13,27,10328590.86,total,,0.2194226179,2016,2021,2024,32852,False,False,False,False,True,False,False,False,False,False,False,True,True
263,13,27,11471008.28,total,,0.2441478031,2016,2021,2024,32852,False,False,False,False,True,False,False,False,False,False,False,True,True
264,13,27,12545516.1,total,,0.2755618368,2016,2021,2024,32852,False,False,False,False,True,False,False,False,False,False,False,True,True
265,13,27,13932172.68,total,,0.2700738957,2016,2021,2024,32852,False,False,False,False,True,False,False,False,False,False,False,True,True
266,13,27,15444738.87,total,,0.2801456814,2016,2021,2024,32852,False,False,False,False,True,False,False,False,False,False,False,True,True
267,13,27,16945204.8,total,,0.282505991,2016,2021,2024,32852,False,False,False,False,True,False,False,False,False,False,False,True,True
268,13,27,18810620.7,total,,0.2648631383,2016,2021,2024,32852,False,False,False,False,True,False,False,False,False,False,False,True,True
269,13,27,5745576.404,total,,0.323717093,2016,2021,2024,32852,False,False,False,False,True,False,False,False,False,False,True,False,True
270,13,27,6297884.092,total,,0.3186762388,2016,2021,2024,32852,False,False,False,False,True,False,False,False,False,False,True,False,True
271,13,27,6905211.744,total,,0.2969135225,2016,2021,2024,32852,False,False,False,False,True,False,False,False,False,False,True,False,True
272,13,27,7657863.751,total,,0.2742562474,2016,2021,2024,32852,False,False,False,False,True,False,False,False,False,False,True,False,True
273,13,27,8494760.14,total,,0.2416286501,2016,2021,2024,32852,False,False,False,False,True,False,False,False,False,False,True,False,True
274,13,27,9314456.506,total,,0.2351116272,2016,2021,2024,32852,False,False,False,False,True,False,False,False,False,False,True,False,True
275,13,27,10328590.86,total,,0.2307451624,2016,2021,2024,32852,False,False,False,False,True,False,False,False,False,False,False,True,True
276,13,27,11471008.28,total,,0.2416292725,2016,2021,2024,32852,False,False,False,False,True,False,False,False,False,False,False,True,True
277,13,27,12545516.1,total,,0.2715947782,2016,2021,2024,32852,False,False,False,False,True,False,False,False,False,False,False,True,True
278,13,27,13932172.68,total,,0.2716176665,2016,2021,2024,32852,False,False,False,False,True,False,False,False,False,False,False,True,True
279,13,27,15444738.87,total,,0.281475395,2016,2021,2024,32852,False,False,False,False,True,False,False,False,False,False,False,True,True
280,13,27,16945204.8,total,,0.2884957105,2016,2021,2024,32852,False,False,False,False,True,False,False,False,False,False,False,True,True
281,13,27,18810620.7,total,,0.2665661111,2016,2021,2024,32852,False,False,False,False,True,False,False,False,False,False,False,True,True
282,13,27,5752277.359,total,,0.2973161439,2016,2021,2024,32852,False,False,False,False,True,False,False,False,False,False,True,False,True
283,13,27,6232920.238,total,,0.3354468677,2016,2021,2024,32852,False,False,False,False,True,False,False,False,False,False,True,False,True
284,13,27,6916298.202,total,,0.274617773,2016,2021,2024,32852,False,False,False,False,True,False,False,False,False,False,True,False,True
285,13,27,7669947.819,total,,0.261562607,2016,2021,2024,32852,False,False,False,False,True,False,False,False,False,False,True,False,True
286,13,27,8412204.487,total,,0.2329389626,2016,2021,2024,32852,False,False,False,False,True,False,False,False,False,False,True,False,True
287,13,27,9331048.017,total,,0.2161833265,2016,2021,2024,32852,False,False,False,False,True,False,False,False,False,False,True,False,True
288,13,27,10346496.43,total,,0.2274933487,2016,2021,2024,32852,False,False,False,False,True,False,False,False,False,False,False,True,True
289,13,27,11346805.29,total,,0.2516114564,2016,2021,2024,32852,False,False,False,False,True,False,False,False,False,False,False,True,True
290,13,27,12592852.28,total,,0.2726240248,2016,2021,2024,32852,False,False,False,False,True,False,False,False,False,False,False,True,True
291,13,27,13945966.41,total,,0.2821835191,2016,2021,2024,32852,False,False,False,False,True,False,False,False,False,False,False,True,True
292,13,27,15295259.93,total,,0.277000317,2016,2021,2024,32852,False,False,False,False,True,False,False,False,False,False,False,True,True
293,13,27,16990581.97,total,,0.2780334468,2016,2021,2024,32852,False,False,False,False,True,False,False,False,False,False,False,True,True
294,13,27,18818852.41,total,,0.2643023826,2016,2021,2024,32852,False,False,False,False,True,False,False,False,False,False,False,True,True
295,13,27,19900000,total,,0.2498047228,2016,2021,2024,32852,False,False,False,False,True,False,False,False,False,False,False,True,True
296,13,27,5752277.359,total,,0.3107860369,2016,2021,2024,32852,False,False,False,False,True,False,False,False,False,False,True,False,True
297,13,27,6232920.238,total,,0.327680704,2016,2021,2024,32852,False,False,False,False,True,False,False,False,False,False,True,False,True
298,13,27,6916298.202,total,,0.2800713977,2016,2021,2024,32852,False,False,False,False,True,False,False,False,False,False,True,False,True
299,13,27,7669947.819,total,,0.2539979125,2016,2021,2024,32852,False,False,False,False,True,False,False,False,False,False,True,False,True
300,13,27,8412204.487,total,,0.2322303409,2016,2021,2024,32852,False,False,False,False,True,False,False,False,False,False,True,False,True
301,13,27,9331048.017,total,,0.2208191207,2016,2021,2024,32852,False,False,False,False,True,False,False,False,False,False,True,False,True
302,13,27,10346496.43,total,,0.2259150618,2016,2021,2024,32852,False,False,False,False,True,False,False,False,False,False,False,True,True
303,13,27,11346805.29,total,,0.2549050089,2016,2021,2024,32852,False,False,False,False,True,False,False,False,False,False,False,True,True
304,13,27,12592852.28,total,,0.2758275931,2016,2021,2024,32852,False,False,False,False,True,False,False,False,False,False,False,True,True
305,13,27,13945966.41,total,,0.2822356749,2016,2021,2024,32852,False,False,False,False,True,False,False,False,False,False,False,True,True
306,13,27,15295259.93,total,,0.2773174859,2016,2021,2024,32852,False,False,False,False,True,False,False,False,False,False,False,True,True
307,13,27,16990581.97,total,,0.271842071,2016,2021,2024,32852,False,False,False,False,True,False,False,False,False,False,False,True,True
308,13,27,18818852.41,total,,0.2638466563,2016,2021,2024,32852,False,False,False,False,True,False,False,False,False,False,False,True,True
309,13,27,19900000,total,,0.2578752825,2016,2021,2024,32852,False,False,False,False,True,False,False,False,False,False,False,True,True
310,17,35,2740000,na,,-2.377785977,2016,2019,2019,14556,False,False,False,True,False,False,False,False,False,False,True,False,True
311,17,35,2420000,na,,-2.920818754,2016,2019,2019,14556,False,False,False,True,False,False,False,False,False,False,True,False,True
312,17,35,2579534.8,na,,-2.303934986,2016,2019,2019,14556,False,False,False,True,False,False,False,False,False,False,True,False,True
313,17,35,2420000,na,,-2.853871964,2016,2019,2019,14556,False,False,False,True,False,False,False,False,False,False,True,False,True
314,17,35,2579534.8,na,,-2.350016456,2016,2019,2019,14556,False,False,False,True,False,False,False,False,False,False,True,False,True
315,17,35,2849561.37,na,,-1.740645073,2016,2024,2024,14840,False,False,False,True,False,False,False,False,False,False,True,False,True
316,17,35,3098924.358,na,,-1.487360067,2016,2024,2024,14840,False,False,False,True,False,False,False,False,False,False,True,False,True
317,17,35,3448187.32,na,,-1.223898382,2016,2024,2024,14840,False,False,False,True,False,False,False,False,False,False,True,False,True
318,17,35,3798683.983,na,,-1.087060913,2016,2024,2024,14840,False,False,False,True,False,False,False,False,False,False,True,False,True
319,17,35,4198809.355,na,,-0.9098830892,2016,2024,2024,14840,False,False,False,True,False,False,False,False,False,False,True,False,True
320,17,35,4598912.915,na,,-0.8583151127,2016,2024,2024,14840,False,False,False,True,False,False,False,False,False,False,True,False,True
321,17,35,5097384.28,na,,-0.7966950839,2016,2024,2024,14840,False,False,False,True,False,False,False,False,False,False,True,False,True
322,17,35,5623610.94,na,,-0.7395469824,2016,2024,2024,14840,False,False,False,True,False,False,False,False,False,False,True,False,True
323,17,35,6198185.218,na,,-0.739225243,2016,2024,2024,14840,False,False,False,True,False,False,False,False,False,False,True,False,True
324,17,35,6945680.77,na,,-0.734663222,2016,2024,2024,14840,False,False,False,True,False,False,False,False,False,False,True,False,True
325,17,35,7698538.822,na,,-0.7275317895,2016,2024,2024,14840,False,False,False,True,False,False,False,False,False,False,True,False,True
326,17,35,8496322.734,na,,-0.7336154096,2016,2024,2024,14840,False,False,False,True,False,False,False,False,False,False,True,False,True
327,17,35,9496709.957,na,,-0.7478875992,2016,2024,2024,14840,False,False,False,True,False,False,False,False,False,False,True,False,True
328,17,35,10497023.39,na,,-0.7493238883,2016,2024,2024,14840,False,False,False,True,False,False,False,False,False,False,False,True,True
329,17,35,11497282.29,na,,-0.7349933943,2016,2024,2024,14840,False,False,False,True,False,False,False,False,False,False,False,True,True
330,17,35,12250000,na,,-0.7567138539,2016,2024,2024,14840,False,False,False,True,False,False,False,False,False,False,False,True,True
331,17,35,2025000,na,,-2.954677021,2016,2024,2024,14840,False,False,False,True,False,False,False,False,False,False,True,False,True
332,17,35,2275000,na,,-2.583359493,2016,2024,2024,14840,False,False,False,True,False,False,False,False,False,False,True,False,True
333,17,35,2525000,na,,-2.140861703,2016,2024,2024,14840,False,False,False,True,False,False,False,False,False,False,True,False,True
334,17,35,2775000,na,,-1.782252927,2016,2024,2024,14840,False,False,False,True,False,False,False,False,False,False,True,False,True
335,17,35,3025000,na,,-1.561457651,2016,2024,2024,14840,False,False,False,True,False,False,False,False,False,False,True,False,True
336,17,35,3397701.429,na,,-1.255198681,2016,2024,2024,14840,False,False,False,True,False,False,False,False,False,False,True,False,True
337,17,35,3775000,na,,-1.076496933,2016,2024,2024,14840,False,False,False,True,False,False,False,False,False,False,True,False,True
338,17,35,4148117.043,na,,-0.9024130155,2016,2024,2024,14840,False,False,False,True,False,False,False,False,False,False,True,False,True
339,17,35,4648319.589,na,,-0.7859645857,2016,2024,2024,14840,False,False,False,True,False,False,False,False,False,False,True,False,True
340,17,35,5148482.786,na,,-0.7307790185,2016,2024,2024,14840,False,False,False,True,False,False,False,False,False,False,True,False,True
341,17,35,5648617.087,na,,-0.6936822189,2016,2024,2024,14840,False,False,False,True,False,False,False,False,False,False,True,False,True
342,17,35,6271678.189,na,,-0.7066374453,2016,2024,2024,14840,False,False,False,True,False,False,False,False,False,False,True,False,True
343,17,35,7022033.148,na,,-0.7170231053,2016,2024,2024,14840,False,False,False,True,False,False,False,False,False,False,True,False,True
344,17,35,7772319.548,na,,-0.7108199702,2016,2024,2024,14840,False,False,False,True,False,False,False,False,False,False,True,False,True
345,17,35,8522555.506,na,,-0.7054676427,2016,2024,2024,14840,False,False,False,True,False,False,False,False,False,False,True,False,True
346,17,35,9395842.319,na,,-0.6910729366,2016,2024,2024,14840,False,False,False,True,False,False,False,False,False,False,True,False,True
347,17,35,10025000,na,,-0.7109687649,2016,2024,2024,14840,False,False,False,True,False,False,False,False,False,False,False,True,True
348,17,35,3300000,na,,-1.360513511,2016,2021,2021,41744,False,False,False,True,False,False,False,False,False,False,True,False,True
349,17,35,3900000,na,,-1.255707017,2016,2021,2021,41744,False,False,False,True,False,False,False,False,False,False,True,False,True
350,17,35,4300000,na,,-1.129011186,2016,2021,2021,41744,False,False,False,True,False,False,False,False,False,False,True,False,True
351,17,35,4647580.015,na,,-1.026410377,2016,2021,2021,41744,False,False,False,True,False,False,False,False,False,False,True,False,True
352,17,35,5131827.11,na,,-0.969063119,2016,2021,2021,41744,False,False,False,True,False,False,False,False,False,False,True,False,True
353,17,35,2740000,np,,-1.548981548,2016,2019,2019,14556,False,False,True,False,False,False,False,False,False,False,True,False,True
354,17,35,2420000,np,,-1.779891912,2016,2019,2019,14556,False,False,True,False,False,False,False,False,False,False,True,False,True
355,17,35,2579534.8,np,,-1.395413985,2016,2019,2019,14556,False,False,True,False,False,False,False,False,False,False,True,False,True
356,17,35,2740000,np,,-1.501689446,2016,2019,2019,14556,False,False,True,False,False,False,False,False,False,False,True,False,True
357,17,35,2420000,np,,-1.707743929,2016,2019,2019,14556,False,False,True,False,False,False,False,False,False,False,True,False,True
358,17,35,2579534.8,np,,-1.415668776,2016,2019,2019,14556,False,False,True,False,False,False,False,False,False,False,True,False,True
359,17,35,2740000,np,,-1.48945499,2016,2019,2019,14556,False,False,True,False,False,False,False,False,False,False,True,False,True
360,17,35,321930.0978,np,,-2.1837587,2016,2024,2024,14840,False,False,True,False,False,False,False,False,False,True,False,False,True
361,17,35,337475.1089,np,,-1.755139969,2016,2024,2024,14840,False,False,True,False,False,False,False,False,False,True,False,False,True
362,17,35,376968.9475,np,,-2.214966916,2016,2024,2024,14840,False,False,True,False,False,False,False,False,False,True,False,False,True
363,17,35,418042.9895,np,,-2.490430933,2016,2024,2024,14840,False,False,True,False,False,False,False,False,False,True,False,False,True
364,17,35,468103.6712,np,,-2.120808514,2016,2024,2024,14840,False,False,True,False,False,False,False,False,False,True,False,False,True
365,17,35,514126.92,np,,-1.905478961,2016,2024,2024,14840,False,False,True,False,False,False,False,False,False,True,False,False,True
366,17,35,570111.5698,np,,-2.452225295,2016,2024,2024,14840,False,False,True,False,False,False,False,False,False,True,False,False,True
367,17,35,628704.5718,np,,-1.893701719,2016,2024,2024,14840,False,False,True,False,False,False,False,False,False,True,False,False,True
368,17,35,695093.3912,np,,-1.738089808,2016,2024,2024,14840,False,False,True,False,False,False,False,False,False,True,False,False,True
369,17,35,768037.566,np,,-1.586611473,2016,2024,2024,14840,False,False,True,False,False,False,False,False,False,True,False,False,True
370,17,35,847909.9869,np,,-1.487515724,2016,2024,2024,14840,False,False,True,False,False,False,False,False,False,True,False,False,True
371,17,35,934842.8664,np,,-1.549114803,2016,2024,2024,14840,False,False,True,False,False,False,False,False,False,True,False,False,True
372,17,35,1032396.251,np,,-1.348799546,2016,2024,2024,14840,False,False,True,False,False,False,False,False,False,False,True,False,True
373,17,35,1141948.337,np,,-1.310843418,2016,2024,2024,14840,False,False,True,False,False,False,False,False,False,False,True,False,True
374,17,35,1265198.072,np,,-1.420232731,2016,2024,2024,14840,False,False,True,False,False,False,False,False,False,False,True,False,True
375,17,35,1398346.979,np,,-1.325866353,2016,2024,2024,14840,False,False,True,False,False,False,False,False,False,False,True,False,True
376,17,35,1540951.511,np,,-1.150467983,2016,2024,2024,14840,False,False,True,False,False,False,False,False,False,False,True,False,True
377,17,35,1706541.653,np,,-1.155735156,2016,2024,2024,14840,False,False,True,False,False,False,False,False,False,False,True,False,True
378,17,35,1891591.785,np,,-1.055476951,2016,2024,2024,14840,False,False,True,False,False,False,False,False,False,False,True,False,True
379,17,35,2088166.971,np,,-1.076119,2016,2024,2024,14840,False,False,True,False,False,False,False,False,False,False,True,False,True
380,17,35,2305450.115,np,,-1.149402771,2016,2024,2024,14840,False,False,True,False,False,False,False,False,False,False,True,False,True
381,17,35,2544813.04,np,,-0.9611414984,2016,2024,2024,14840,False,False,True,False,False,False,False,False,False,False,True,False,True
382,17,35,2807890.936,np,,-0.8953460011,2016,2024,2024,14840,False,False,True,False,False,False,False,False,False,False,True,False,True
383,17,35,3114031.841,np,,-0.8599670845,2016,2024,2024,14840,False,False,True,False,False,False,False,False,False,False,True,False,True
384,17,35,3451500.337,np,,-0.7860176504,2016,2024,2024,14840,False,False,True,False,False,False,False,False,False,False,True,False,True
385,17,35,3768482.928,np,,-0.8280571841,2016,2024,2024,14840,False,False,True,False,False,False,False,False,False,False,True,False,True
386,17,35,4186088.908,np,,-0.7586693922,2016,2024,2024,14840,False,False,True,False,False,False,False,False,False,False,True,False,True
387,17,35,4622894.156,np,,-0.7044329,2016,2024,2024,14840,False,False,True,False,False,False,False,False,False,False,True,False,True
388,17,35,5123099.787,np,,-0.6872938544,2016,2024,2024,14840,False,False,True,False,False,False,False,False,False,False,True,False,True
389,17,35,5684851.374,np,,-0.6862888164,2016,2024,2024,14840,False,False,True,False,False,False,False,False,False,False,True,False,True
390,17,35,6309923.371,np,,-0.7144201893,2016,2024,2024,14840,False,False,True,False,False,False,False,False,False,False,True,False,True
391,17,35,6873583.742,np,,-0.7142402175,2016,2024,2024,14840,False,False,True,False,False,False,False,False,False,False,True,False,True
392,19,41,14920000,na,,-1.600499339,2016,2022,2021,33163,False,False,False,True,False,False,False,False,False,False,False,True,True
393,19,41,14920000,np,,-1.376337293,2016,2020,2020,33150,False,False,True,False,False,False,False,False,False,False,False,True,True
394,22,46,14050000,np,,-0.5670307091,2016,2023,2023,31858,False,False,True,False,False,False,False,False,False,False,False,True,True
395,22,47,4000000,na,,-2.086186148,2016,2018,2018,41653,False,False,False,True,False,False,False,False,False,False,True,False,True
396,22,47,5000000,na,,-1.714442691,2016,2018,2018,41653,False,False,False,True,False,False,False,False,False,False,True,False,True
397,22,47,6000000,na,,-1.48148606,2016,2018,2018,41653,False,False,False,True,False,False,False,False,False,False,True,False,True
398,22,47,2760000,np,,-1.586700236,2016,2017,2026,14484,False,False,True,False,False,False,False,False,False,False,True,False,True
399,22,47,2760000,np,,-1.573488739,2016,2017,2026,14484,False,False,True,False,False,False,False,False,False,False,True,False,True
400,22,48,1053795.247,inelastic,,-0.7719555389,2016,2017,2017,23346,False,False,False,False,False,False,True,False,False,False,True,False,True
401,22,48,1137586.834,inelastic,,-0.4506202673,2016,2017,2017,23346,False,False,False,False,False,False,True,False,False,False,True,False,True
402,22,48,1259301.677,inelastic,,-0.377316843,2016,2017,2017,23346,False,False,False,False,False,False,True,False,False,False,True,False,True
403,22,48,1390622.841,inelastic,,-0.2417716123,2016,2017,2017,23346,False,False,False,False,False,False,True,False,False,False,True,False,True
404,22,48,1543845.034,inelastic,,-0.254584111,2016,2017,2017,23346,False,False,False,False,False,False,True,False,False,False,True,False,True
405,22,48,1708574.168,inelastic,,-0.1708433331,2016,2017,2017,23346,False,False,False,False,False,False,True,False,False,False,True,False,True
406,22,48,1884318.036,inelastic,,-0.09419638692,2016,2017,2017,23346,False,False,False,False,False,False,True,False,False,False,True,False,True
407,22,48,2088341.341,inelastic,,-0.1131698682,2016,2017,2017,23346,False,False,False,False,False,False,True,False,False,False,True,False,True
408,22,48,2304223.624,inelastic,,-0.05300353762,2016,2017,2017,23346,False,False,False,False,False,False,True,False,False,False,True,False,True
409,22,48,2555447.604,inelastic,,0.02073590722,2016,2017,2017,23346,False,False,False,False,False,False,True,False,False,False,True,False,True
410,22,48,2818210.452,inelastic,,0.02006177313,2016,2017,2017,23346,False,False,False,False,False,False,True,False,False,False,True,False,True
411,22,48,3087674.229,inelastic,,0.06396632179,2016,2017,2017,23346,False,False,False,False,False,False,True,False,False,False,True,False,True
412,22,48,3397798.844,inelastic,,0.07590902662,2016,2017,2017,23346,False,False,False,False,False,False,True,False,False,False,True,False,True
413,22,48,3757214.896,inelastic,,0.1033349772,2016,2017,2017,23346,False,False,False,False,False,False,True,False,False,False,True,False,True
414,22,48,4176978.962,inelastic,,0.1163104759,2016,2017,2017,23346,False,False,False,False,False,False,True,False,False,False,True,False,True
415,22,48,4604399.598,inelastic,,0.1135188726,2016,2017,2017,23346,False,False,False,False,False,False,True,False,False,False,True,False,True
416,22,48,5102441.353,inelastic,,0.1169363288,2016,2017,2017,23346,False,False,False,False,False,False,True,False,False,False,True,False,True
417,22,48,5684573.091,inelastic,,0.1131553399,2016,2017,2017,23346,False,False,False,False,False,False,True,False,False,False,True,False,True
418,22,48,6267753.419,inelastic,,0.1050512365,2016,2017,2017,23346,False,False,False,False,False,False,True,False,False,False,True,False,True
419,22,48,6945886.186,inelastic,,0.1132267323,2016,2017,2017,23346,False,False,False,False,False,False,True,False,False,False,True,False,True
420,22,48,7740869.272,inelastic,,0.1180507787,2016,2017,2017,23346,False,False,False,False,False,False,True,False,False,False,True,False,True
421,22,48,8511627.971,inelastic,,0.1265437425,2016,2017,2017,23346,False,False,False,False,False,False,True,False,False,False,True,False,True
422,22,48,9407339.748,inelastic,,0.1250375274,2016,2017,2017,23346,False,False,False,False,False,False,True,False,False,False,True,False,True
423,22,48,10449233.98,inelastic,,0.1209406236,2016,2017,2017,23346,False,False,False,False,False,False,True,False,False,False,False,True,True
424,22,48,11415282.55,inelastic,,0.1156038558,2016,2017,2017,23346,False,False,False,False,False,False,True,False,False,False,False,True,True
425,22,48,12522782.11,inelastic,,0.061475098,2016,2017,2017,23346,False,False,False,False,False,False,True,False,False,False,False,True,True
426,22,48,13800944.03,inelastic,,-0.03563239904,2016,2017,2017,23346,False,False,False,False,False,False,True,False,False,False,False,True,True
427,22,48,15287059.31,inelastic,,-0.2039570659,2016,2017,2017,23346,False,False,False,False,False,False,True,False,False,False,False,True,True
428,22,48,16563450,inelastic,,-0.3237097858,2016,2017,2017,23346,False,False,False,False,False,False,True,False,False,False,False,True,True
429,22,48,14050000,np,,-1.208309351,2016,2023,2023,31858,False,False,True,False,False,False,False,False,False,False,False,True,True
430,22,48,14000000,np,,-1.194499142,2016,2023,2024,32893,False,False,True,False,False,False,False,False,False,False,False,True,True
431,22,49,1439503.938,inelastic,,-1.365333334,2016,2017,2017,23346,False,False,False,False,False,False,True,False,False,False,True,False,True
432,22,49,1541128.61,inelastic,,-1.044821293,2016,2017,2017,23346,False,False,False,False,False,False,True,False,False,False,True,False,True
433,22,49,1705660.054,inelastic,,-0.385347618,2016,2017,2017,23346,False,False,False,False,False,False,True,False,False,False,True,False,True
434,22,49,1884113.944,inelastic,,-0.1850434886,2016,2017,2017,23346,False,False,False,False,False,False,True,False,False,False,True,False,True
435,22,49,2076294.427,inelastic,,-0.1196358801,2016,2017,2017,23346,False,False,False,False,False,False,True,False,False,False,True,False,True
436,22,49,2299491.383,inelastic,,-0.05568614328,2016,2017,2017,23346,False,False,False,False,False,False,True,False,False,False,True,False,True
437,22,49,2549817.375,inelastic,,-1.943511293e-05,2016,2017,2017,23346,False,False,False,False,False,False,True,False,False,False,True,False,True
438,22,49,2818111.925,inelastic,,0.04811820461,2016,2017,2017,23346,False,False,False,False,False,False,True,False,False,False,True,False,True
439,22,49,3068919.246,inelastic,,0.06312385612,2016,2017,2017,23346,False,False,False,False,False,False,True,False,False,False,True,False,True
440,22,49,3397798.844,inelastic,,0.07358089363,2016,2017,2017,23346,False,False,False,False,False,False,True,False,False,False,True,False,True
441,22,49,3757214.896,inelastic,,0.06867092413,2016,2017,2017,23346,False,False,False,False,False,False,True,False,False,False,True,False,True
442,22,49,4176978.962,inelastic,,0.06332209793,2016,2017,2017,23346,False,False,False,False,False,False,True,False,False,False,True,False,True
443,22,49,4604399.598,inelastic,,0.05499075966,2016,2017,2017,23346,False,False,False,False,False,False,True,False,False,False,True,False,True
444,22,49,5102441.353,inelastic,,0.06674603715,2016,2017,2017,23346,False,False,False,False,False,False,True,False,False,False,True,False,True
445,22,49,5684573.091,inelastic,,0.08071064436,2016,2017,2017,23346,False,False,False,False,False,False,True,False,False,False,True,False,True
446,22,49,6267753.419,inelastic,,0.07027312272,2016,2017,2017,23346,False,False,False,False,False,False,True,False,False,False,True,False,True
447,22,49,6945886.186,inelastic,,0.07274483132,2016,2017,2017,23346,False,False,False,False,False,False,True,False,False,False,True,False,True
448,22,49,7740869.272,inelastic,,0.09938594818,2016,2017,2017,23346,False,False,False,False,False,False,True,False,False,False,True,False,True
449,22,49,8511627.971,inelastic,,0.09031626072,2016,2017,2017,23346,False,False,False,False,False,False,True,False,False,False,True,False,True
450,22,50,14000000,na,,-2.060480747,2016,2023,2024,32893,False,False,False,True,False,False,False,False,False,False,False,True,True
451,23,51,14050000,na,,-1.823908741,2016,2023,2023,31858,False,False,False,True,False,False,False,False,False,False,False,True,True
452,23,51,7870000,np,,-1.93930216,2016,2021,2022,33168,False,False,True,False,False,False,False,False,False,False,True,False,True
453,23,51,13050000,np,,-1.527243551,2016,2021,2022,33168,False,False,True,False,False,False,False,False,False,False,False,True,True
454,23,51,16980000,np,,-1.573488739,2016,2021,2022,33168,False,False,True,False,False,False,False,False,False,False,False,True,True
455,24,50,14540000,n2n,,-1.756961951,2016,2020,2021,33151,False,True,False,False,False,False,False,False,False,False,False,True,True
456,24,50,5597618.035,na,,-2.549237844,2016,2018,2018,41653,False,False,False,True,False,False,False,False,False,False,True,False,True
457,24,50,6194618.987,na,,-2.198825047,2016,2018,2018,41653,False,False,False,True,False,False,False,False,False,False,True,False,True
458,24,50,6908099.887,na,,-2.012668968,2016,2018,2018,41653,False,False,False,True,False,False,False,False,False,False,True,False,True
459,24,52,5360000,inelastic,,0.1319873694,2016,2025,2025,32930,False,False,False,False,False,False,True,False,False,False,True,False,True
460,24,52,5990000,inelastic,,0.1625255752,2016,2025,2025,32930,False,False,False,False,False,False,True,False,False,False,True,False,True
461,24,52,7690000,inelastic,,0.1093118818,2016,2025,2025,32930,False,False,False,False,False,False,True,False,False,False,True,False,True
462,24,52,14540000,n2n,,-0.4137503611,2016,2020,2021,33151,False,True,False,False,False,False,False,False,False,False,False,True,True
463,24,52,6998571.079,na,,-2.656000931,2016,2018,2018,41653,False,False,False,True,False,False,False,False,False,False,True,False,True
464,24,52,14540000,np,,-1.018181393,2016,2020,2021,33151,False,False,True,False,False,False,False,False,False,False,False,True,True
465,24,53,4500000,na,,-2.886056648,2016,2018,2018,41653,False,False,False,True,False,False,False,False,False,False,True,False,True
466,24,53,5000000,na,,-2.657577319,2016,2018,2018,41653,False,False,False,True,False,False,False,False,False,False,True,False,True
467,24,53,5500000,na,,-2.585026652,2016,2018,2018,41653,False,False,False,True,False,False,False,False,False,False,True,False,True
468,24,53,6244997.998,na,,-2.515700161,2016,2018,2018,41653,False,False,False,True,False,False,False,False,False,False,True,False,True
469,24,53,6972804.314,na,,-2.392544977,2016,2018,2018,41653,False,False,False,True,False,False,False,False,False,False,True,False,True
470,25,55,14540000,capture,,-3.161150909,2016,2020,2021,33151,True,False,False,False,False,False,False,False,False,False,False,True,True
471,25,55,14050000,n2n,,-0.1636758843,2016,2023,2023,31858,False,True,False,False,False,False,False,False,False,False,False,True,True
472,25,55,14540000,n2n,,-0.1801929354,2016,2020,2021,33151,False,True,False,False,False,False,False,False,False,False,False,True,True
473,25,55,14540000,na,,-1.559090918,2016,2020,2021,33151,False,False,False,True,False,False,False,False,False,False,False,True,True
474,26,54,2114190.495,elastic,,0.4272967267,2016,2024,2024,23661,False,False,False,False,False,True,False,False,False,False,True,False,True
475,26,54,2296599.909,elastic,,0.413150115,2016,2024,2024,23661,False,False,False,False,False,True,False,False,False,False,True,False,True
476,26,54,2544033.905,elastic,,0.4385825087,2016,2024,2024,23661,False,False,False,False,False,True,False,False,False,False,True,False,True
477,26,54,2821636.898,elastic,,0.3938690203,2016,2024,2024,23661,False,False,False,False,False,True,False,False,False,False,True,False,True
478,26,54,3119278.863,elastic,,0.3981184276,2016,2024,2024,23661,False,False,False,False,False,True,False,False,False,False,True,False,True
479,26,54,3434265.956,elastic,,0.3491725846,2016,2024,2024,23661,False,False,False,False,False,True,False,False,False,False,True,False,True
480,26,54,3781010.239,elastic,,0.3553633879,2016,2024,2024,23661,False,False,False,False,False,True,False,False,False,False,True,False,True
481,26,54,4183203.67,elastic,,0.3391452403,2016,2024,2024,23661,False,False,False,False,False,True,False,False,False,False,True,False,True
482,26,54,4627751.971,elastic,,0.3518907458,2016,2024,2024,23661,False,False,False,False,False,True,False,False,False,False,True,False,True
483,26,54,5118084.69,elastic,,0.3256684286,2016,2024,2024,23661,False,False,False,False,False,True,False,False,False,False,True,False,True
484,26,54,5656379.506,elastic,,0.3080706165,2016,2024,2024,23661,False,False,False,False,False,True,False,False,False,False,True,False,True
485,26,54,6245109.261,elastic,,0.2840809013,2016,2024,2024,23661,False,False,False,False,False,True,False,False,False,False,True,False,True
486,26,54,6931143.443,elastic,,0.2741953864,2016,2024,2024,23661,False,False,False,False,False,True,False,False,False,False,True,False,True
487,26,54,7628122.852,elastic,,0.2685428712,2016,2024,2024,23661,False,False,False,False,False,True,False,False,False,False,True,False,True
488,26,54,1453258.281,inelastic,,-1.245663417,2016,2018,2019,23461,False,False,False,False,False,False,True,False,False,False,True,False,True
489,26,54,1543274.463,inelastic,,-0.4342159927,2016,2018,2019,23461,False,False,False,False,False,False,True,False,False,False,True,False,True
490,26,54,1704588.379,inelastic,,-0.4171721789,2016,2018,2019,23461,False,False,False,False,False,False,True,False,False,False,True,False,True
491,26,54,1885735.289,inelastic,,-0.2406550559,2016,2018,2019,23461,False,False,False,False,False,False,True,False,False,False,True,False,True
492,26,54,2085362.911,inelastic,,-0.2095874793,2016,2018,2019,23461,False,False,False,False,False,False,True,False,False,False,True,False,True
493,26,54,2304571.747,inelastic,,-0.1178691123,2016,2018,2019,23461,False,False,False,False,False,False,True,False,False,False,True,False,True
494,26,54,2544062.76,inelastic,,-0.1733868763,2016,2018,2019,23461,False,False,False,False,False,False,True,False,False,False,True,False,True
495,26,54,2810562.583,inelastic,,-0.1150827917,2016,2018,2019,23461,False,False,False,False,False,False,True,False,False,False,True,False,True
496,26,54,3106633.959,inelastic,,-0.1184183914,2016,2018,2019,23461,False,False,False,False,False,False,True,False,False,False,True,False,True
497,26,54,3435374.53,inelastic,,-0.07373663236,2016,2018,2019,23461,False,False,False,False,False,False,True,False,False,False,True,False,True
498,26,54,3799438.248,inelastic,,-0.05052327153,2016,2018,2019,23461,False,False,False,False,False,False,True,False,False,False,True,False,True
499,26,54,4190496.691,inelastic,,-0.02466100919,2016,2018,2019,23461,False,False,False,False,False,False,True,False,False,False,True,False,True
500,26,54,4632212.07,inelastic,,-0.01212413482,2016,2018,2019,23461,False,False,False,False,False,False,True,False,False,False,True,False,True
501,26,54,5132253.673,inelastic,,0.007160810437,2016,2018,2019,23461,False,False,False,False,False,False,True,False,False,False,True,False,True
502,26,54,5663906.892,inelastic,,-0.01621649937,2016,2018,2019,23461,False,False,False,False,False,False,True,False,False,False,True,False,True
503,26,54,6241681.682,inelastic,,-0.02404903363,2016,2018,2019,23461,False,False,False,False,False,False,True,False,False,False,True,False,True
504,26,54,6912958.43,inelastic,,-0.02191006567,2016,2018,2019,23461,False,False,False,False,False,False,True,False,False,False,True,False,True
505,26,54,7642161.71,inelastic,,-0.03083414061,2016,2018,2019,23461,False,False,False,False,False,False,True,False,False,False,True,False,True
506,26,54,8428760.116,inelastic,,-0.04654234214,2016,2018,2019,23461,False,False,False,False,False,False,True,False,False,False,True,False,True
507,26,54,9344040.835,inelastic,,-0.05953703895,2016,2018,2019,23461,False,False,False,False,False,False,True,False,False,False,True,False,True
508,26,54,10310024.47,inelastic,,-0.06945650448,2016,2018,2019,23461,False,False,False,False,False,False,True,False,False,False,False,True,True
509,26,54,11426363.33,inelastic,,-0.1018796325,2016,2018,2019,23461,False,False,False,False,False,False,True,False,False,False,False,True,True
510,26,54,12531331.96,inelastic,,-0.1617507756,2016,2018,2019,23461,False,False,False,False,False,False,True,False,False,False,False,True,True
511,26,54,13806013.36,inelastic,,-0.2744173152,2016,2018,2019,23461,False,False,False,False,False,False,True,False,False,False,False,True,True
512,26,54,15287295.11,inelastic,,-0.4265929433,2016,2018,2019,23461,False,False,False,False,False,False,True,False,False,False,False,True,True
513,26,54,17022876.5,inelastic,,-0.5635771724,2016,2018,2019,23461,False,False,False,False,False,False,True,False,False,False,False,True,True
514,26,54,14510000,n2n,,-2.26760624,2016,2022,2025,32882,False,True,False,False,False,False,False,False,False,False,False,True,True
515,26,54,14749783.05,n2n,,-2.063989204,2016,2022,2025,32882,False,True,False,False,False,False,False,False,False,False,False,True,True
516,26,54,5500000,na,,-2.423462797,2016,2019,2019,32786,False,False,False,True,False,False,False,False,False,False,True,False,True
517,26,54,7700000,na,,-1.538765645,2016,2019,2019,32786,False,False,False,True,False,False,False,False,False,False,True,False,True
518,26,54,8500000,na,,-1.444813151,2016,2019,2019,32786,False,False,False,True,False,False,False,False,False,False,True,False,True
519,26,54,9500000,na,,-1.380287114,2016,2019,2019,32786,False,False,False,True,False,False,False,False,False,False,True,False,True
520,26,54,10500000,na,,-1.355584852,2016,2019,2019,32786,False,False,False,True,False,False,False,False,False,False,False,True,True
521,26,54,5123475.383,na,,-2.869666232,2016,2018,2018,41653,False,False,False,True,False,False,False,False,False,False,True,False,True
522,26,54,5623610.94,na,,-2.314258261,2016,2018,2018,41653,False,False,False,True,False,False,False,False,False,False,True,False,True
523,26,54,6246664.887,na,,-1.91721463,2016,2018,2018,41653,False,False,False,True,False,False,False,False,False,False,True,False,True
524,26,54,6873863.542,na,,-1.678815973,2016,2018,2018,41653,False,False,False,True,False,False,False,False,False,False,True,False,True
525,26,56,2750000,elastic,,0.4440447959,2016,2017,2017,14462,False,False,False,False,False,True,False,False,False,False,True,False,True
526,26,56,3000000,elastic,,0.3961993471,2016,2017,2017,14462,False,False,False,False,False,True,False,False,False,False,True,False,True
527,26,56,3500000,elastic,,0.3765769571,2016,2017,2017,14462,False,False,False,False,False,True,False,False,False,False,True,False,True
528,26,56,4000000,elastic,,0.3944516808,2016,2017,2017,14462,False,False,False,False,False,True,False,False,False,False,True,False,True
529,26,56,4500000,elastic,,0.3820170426,2016,2017,2017,14462,False,False,False,False,False,True,False,False,False,False,True,False,True
530,26,56,4900000,elastic,,0.3598354823,2016,2017,2017,14462,False,False,False,False,False,True,False,False,False,False,True,False,True
531,26,56,5940000,elastic,,0.3283796034,2016,2017,2017,14462,False,False,False,False,False,True,False,False,False,False,True,False,True
532,26,56,6960000,elastic,,0.2878017299,2016,2017,2017,14462,False,False,False,False,False,True,False,False,False,False,True,False,True
533,26,56,7960000,elastic,,0.2833012287,2016,2017,2017,14462,False,False,False,False,False,True,False,False,False,False,True,False,True
534,26,56,2595719.429,elastic,,0.4304244586,2016,2025,2025,23673,False,False,False,False,False,True,False,False,False,False,True,False,True
535,26,56,2797812.367,elastic,,0.3899571385,2016,2025,2025,23673,False,False,False,False,False,True,False,False,False,False,True,False,True
536,26,56,3105522.457,elastic,,0.3764005271,2016,2025,2025,23673,False,False,False,False,False,True,False,False,False,False,True,False,True
537,26,56,3434278.9,elastic,,0.3448675758,2016,2025,2025,23673,False,False,False,False,False,True,False,False,False,False,True,False,True
538,26,56,3781060.557,elastic,,0.3573248827,2016,2025,2025,23673,False,False,False,False,False,True,False,False,False,False,True,False,True
539,26,56,4183259.819,elastic,,0.3677508934,2016,2025,2025,23673,False,False,False,False,False,True,False,False,False,False,True,False,True
540,26,56,4653430.898,elastic,,0.3672813576,2016,2025,2025,23673,False,False,False,False,False,True,False,False,False,False,True,False,True
541,26,56,5147506.824,elastic,,0.3570482104,2016,2025,2025,23673,False,False,False,False,False,True,False,False,False,False,True,False,True
542,26,56,5656600.842,elastic,,0.3431426178,2016,2025,2025,23673,False,False,False,False,False,True,False,False,False,False,True,False,True
543,26,56,6245409.148,elastic,,0.3306065248,2016,2025,2025,23673,False,False,False,False,False,True,False,False,False,False,True,False,True
544,26,56,6931548.123,elastic,,0.3210648132,2016,2025,2025,23673,False,False,False,False,False,True,False,False,False,False,True,False,True
545,26,56,7628660.965,elastic,,0.3035416269,2016,2025,2025,23673,False,False,False,False,False,True,False,False,False,False,True,False,True
546,26,56,5500000,na,,-2.99005047,2016,2019,2019,32786,False,False,False,True,False,False,False,False,False,False,True,False,True
547,26,56,7700000,na,,-2.029885207,2016,2019,2019,32786,False,False,False,True,False,False,False,False,False,False,True,False,True
548,26,56,8500000,na,,-1.821192857,2016,2019,2019,32786,False,False,False,True,False,False,False,False,False,False,True,False,True
549,26,56,9500000,na,,-1.65848388,2016,2019,2019,32786,False,False,False,True,False,False,False,False,False,False,True,False,True
550,26,56,10500000,na,,-1.62643339,2016,2019,2019,32786,False,False,False,True,False,False,False,False,False,False,False,True,True
551,26,56,14050000,np,,-0.9507819773,2016,2023,2023,31858,False,False,True,False,False,False,False,False,False,False,False,True,True
552,26,57,209775.5751,inelastic,,-0.2299990393,2016,2017,2018,23392,False,False,False,False,False,False,True,False,False,True,False,False,True
553,26,57,231761.8398,inelastic,,-0.2026285692,2016,2017,2018,23392,False,False,False,False,False,False,True,False,False,True,False,False,True
554,26,57,257396.7273,inelastic,,-0.1636208853,2016,2017,2018,23392,False,False,False,False,False,False,True,False,False,True,False,False,True
555,26,57,287531.0956,inelastic,,-0.1981604983,2016,2017,2018,23392,False,False,False,False,False,False,True,False,False,True,False,False,True
556,26,57,313675,inelastic,,-0.1841730859,2016,2017,2018,23392,False,False,False,False,False,False,True,False,False,True,False,False,True
557,26,57,343721.0732,inelastic,,-0.1636917591,2016,2017,2018,23392,False,False,False,False,False,False,True,False,False,True,False,False,True
558,26,57,378105,inelastic,,-0.1229454867,2016,2017,2018,23392,False,False,False,False,False,False,True,False,False,True,False,False,True
559,26,57,418158.6756,inelastic,,-0.09162459694,2016,2017,2018,23392,False,False,False,False,False,False,True,False,False,True,False,False,True
560,26,57,464645,inelastic,,-0.06833479607,2016,2017,2018,23392,False,False,False,False,False,False,True,False,False,True,False,False,True
561,26,57,519709.339,inelastic,,-0.05568433088,2016,2017,2018,23392,False,False,False,False,False,False,True,False,False,True,False,False,True
562,26,57,584720,inelastic,,-0.0479479733,2016,2017,2018,23392,False,False,False,False,False,False,True,False,False,True,False,False,True
563,26,57,635260,inelastic,,-0.03212865658,2016,2017,2018,23392,False,False,False,False,False,False,True,False,False,True,False,False,True
564,26,57,692655,inelastic,,-0.01413945203,2016,2017,2018,23392,False,False,False,False,False,False,True,False,False,True,False,False,True
565,26,57,758205,inelastic,,0.01093317624,2016,2017,2018,23392,False,False,False,False,False,False,True,False,False,True,False,False,True
566,26,57,833530,inelastic,,0.03089738648,2016,2017,2018,23392,False,False,False,False,False,False,True,False,False,True,False,False,True
567,26,57,920675,inelastic,,0.04259768845,2016,2017,2018,23392,False,False,False,False,False,False,True,False,False,True,False,False,True
568,26,57,1022260,inelastic,,0.05796717439,2016,2017,2018,23392,False,False,False,False,False,False,True,False,False,False,True,False,True
569,26,57,1141660,inelastic,,0.07934753597,2016,2017,2018,23392,False,False,False,False,False,False,True,False,False,False,True,False,True
570,26,57,1283310,inelastic,,0.07198720351,2016,2017,2018,23392,False,False,False,False,False,False,True,False,False,False,True,False,True
571,26,57,1453090,inelastic,,0.07966349023,2016,2017,2018,23392,False,False,False,False,False,False,True,False,False,False,True,False,True
572,26,57,1659030,inelastic,,0.09196566773,2016,2017,2018,23392,False,False,False,False,False,False,True,False,False,False,True,False,True
573,26,57,1912190,inelastic,,0.09934094732,2016,2017,2018,23392,False,False,False,False,False,False,True,False,False,False,True,False,True
574,26,57,2113360,inelastic,,0.1009597015,2016,2017,2018,23392,False,False,False,False,False,False,True,False,False,False,True,False,True
575,26,57,2310309.476,inelastic,,0.09854247288,2016,2017,2018,23392,False,False,False,False,False,False,True,False,False,False,True,False,True
576,26,57,2534960,inelastic,,0.1046580791,2016,2017,2018,23392,False,False,False,False,False,False,True,False,False,False,True,False,True
577,26,57,2795600.71,inelastic,,0.1083348756,2016,2017,2018,23392,False,False,False,False,False,False,True,False,False,False,True,False,True
578,26,57,3096860,inelastic,,0.111161862,2016,2017,2018,23392,False,False,False,False,False,False,True,False,False,False,True,False,True
579,26,57,3451967.305,inelastic,,0.1166944934,2016,2017,2018,23392,False,False,False,False,False,False,True,False,False,False,True,False,True
580,26,57,3869180,inelastic,,0.1236507072,2016,2017,2018,23392,False,False,False,False,False,False,True,False,False,False,True,False,True
581,26,57,4191990,inelastic,,0.1277780692,2016,2017,2018,23392,False,False,False,False,False,False,True,False,False,False,True,False,True
582,26,57,4557080,inelastic,,0.1314583397,2016,2017,2018,23392,False,False,False,False,False,False,True,False,False,False,True,False,True
583,26,57,4972190,inelastic,,0.1297041235,2016,2017,2018,23392,False,False,False,False,False,False,True,False,False,False,True,False,True
584,26,57,5446920,inelastic,,0.1267384234,2016,2017,2018,23392,False,False,False,False,False,False,True,False,False,False,True,False,True
585,26,57,5993330,inelastic,,0.1204438251,2016,2017,2018,23392,False,False,False,False,False,False,True,False,False,False,True,False,True
586,26,57,6626660,inelastic,,0.1121983125,2016,2017,2018,23392,False,False,False,False,False,False,True,False,False,False,True,False,True
587,26,57,7366460,inelastic,,0.1019527396,2016,2017,2018,23392,False,False,False,False,False,False,True,False,False,False,True,False,True
588,26,57,8238170,inelastic,,0.08735797764,2016,2017,2018,23392,False,False,False,False,False,False,True,False,False,False,True,False,True
589,26,57,9275320,inelastic,,0.02129586806,2016,2017,2018,23392,False,False,False,False,False,False,True,False,False,False,True,False,True
590,26,57,10522900,inelastic,,-0.1442241383,2016,2017,2018,23392,False,False,False,False,False,False,True,False,False,False,False,True,True
591,26,57,12042500,inelastic,,-0.3516046574,2016,2017,2018,23392,False,False,False,False,False,False,True,False,False,False,False,True,True
592,26,57,13919900,inelastic,,-0.6196878273,2016,2017,2018,23392,False,False,False,False,False,False,True,False,False,False,False,True,True
593,26,57,4300000,na,,-2.924453039,2016,2018,2018,41653,False,False,False,True,False,False,False,False,False,False,True,False,True
594,26,57,4500000,na,,-2.782516056,2016,2018,2018,41653,False,False,False,True,False,False,False,False,False,False,True,False,True
595,26,57,5000000,na,,-2.610833916,2016,2018,2018,41653,False,False,False,True,False,False,False,False,False,False,True,False,True
596,26,57,5500000,na,,-2.474955193,2016,2018,2018,41653,False,False,False,True,False,False,False,False,False,False,True,False,True
597,26,57,6244997.998,na,,-2.432385557,2016,2018,2018,41653,False,False,False,True,False,False,False,False,False,False,True,False,True
598,27,59,14050000,n2n,,-0.1726307269,2016,2023,2023,31858,False,True,False,False,False,False,False,False,False,False,False,True,True
599,27,59,11980000,n2n,,-0.6274561992,2016,2018,2020,33117,False,True,False,False,False,False,False,False,False,False,False,True,True
600,27,59,15750000,n2n,,-0.1366176516,2016,2018,2020,33117,False,True,False,False,False,False,False,False,False,False,False,True,True
601,27,59,17500000,na,,-1.681936665,2016,2022,2021,31842,False,False,False,True,False,False,False,False,False,False,False,True,True
602,27,59,14050000,na,,-1.522878745,2016,2023,2023,31858,False,False,False,True,False,False,False,False,False,False,False,True,True
603,27,59,18500000,na,,-1.772113295,2016,2025,2024,31859,False,False,False,True,False,False,False,False,False,False,False,True,True
604,27,59,17500000,np,,-1.54668166,2016,2022,2021,31842,False,False,True,False,False,False,False,False,False,False,False,True,True
605,27,59,14050000,np,,-1.278189385,2016,2023,2023,31858,False,False,True,False,False,False,False,False,False,False,False,True,True
606,27,59,17600000,np,,-1.522878745,2016,2025,2024,31859,False,False,True,False,False,False,False,False,False,False,False,True,True
607,27,59,18500000,np,,-1.48148606,2016,2025,2024,31859,False,False,True,False,False,False,False,False,False,False,False,True,True
608,28,58,14540000,n2n,,-1.607303047,2016,2020,2020,33143,False,True,False,False,False,False,False,False,False,False,False,True,True
609,28,58,4623310.502,na,,-1.563589021,2016,2020,2021,32813,False,False,False,True,False,False,False,False,False,False,True,False,True
610,28,58,5123475.383,na,,-1.388468097,2016,2020,2021,32813,False,False,False,True,False,False,False,False,False,False,True,False,True
611,28,58,5500000,na,,-1.28666793,2016,2020,2021,32813,False,False,False,True,False,False,False,False,False,False,True,False,True
612,28,58,14050000,np,,-0.440093375,2016,2023,2023,31858,False,False,True,False,False,False,False,False,False,False,False,True,True
613,28,58,14540000,np,,-0.4597957002,2016,2020,2020,33143,False,False,True,False,False,False,False,False,False,False,False,True,True
614,28,58,1660000,np,,-1.718512112,2016,2024,2024,33203,False,False,True,False,False,False,False,False,False,False,True,False,True
615,28,58,2060000,np,,-1.233884717,2016,2024,2024,33203,False,False,True,False,False,False,False,False,False,False,True,False,True
616,28,58,2660000,np,,-0.7762964365,2016,2024,2024,33203,False,False,True,False,False,False,False,False,False,False,True,False,True
617,28,58,1060000,np,,-2.540607512,2016,2024,2025,33212,False,False,True,False,False,False,False,False,False,False,True,False,True
618,28,58,1860000,np,,-1.231657941,2016,2024,2025,33212,False,False,True,False,False,False,False,False,False,False,True,False,True
619,28,58,2850000,np,,-0.8819668712,2016,2024,2025,33212,False,False,True,False,False,False,False,False,False,False,True,False,True
620,28,58,2584461.575,total,,0.5073930821,2016,2020,2020,14661,False,False,False,False,True,False,False,False,False,False,True,False,True
621,28,58,2809252.091,total,,0.5220760458,2016,2020,2020,14661,False,False,False,False,True,False,False,False,False,False,True,False,True
622,28,58,3108163.818,total,,0.5139049463,2016,2020,2020,14661,False,False,False,False,True,False,False,False,False,False,True,False,True
623,28,58,3435325.325,total,,0.5387770432,2016,2020,2020,14661,False,False,False,False,True,False,False,False,False,False,True,False,True
624,28,58,3791528.281,total,,0.5407367833,2016,2020,2020,14661,False,False,False,False,True,False,False,False,False,False,True,False,True
625,28,58,4196370.367,total,,0.5436149009,2016,2020,2020,14661,False,False,False,False,True,False,False,False,False,False,True,False,True
626,28,58,4646452.128,total,,0.5591993338,2016,2020,2020,14661,False,False,False,False,True,False,False,False,False,False,True,False,True
627,28,58,5132842.259,total,,0.5659951879,2016,2020,2020,14661,False,False,False,False,True,False,False,False,False,False,True,False,True
628,28,58,5668716.927,total,,0.568032277,2016,2020,2020,14661,False,False,False,False,True,False,False,False,False,False,True,False,True
629,28,58,6257030.423,total,,0.5692595196,2016,2020,2020,14661,False,False,False,False,True,False,False,False,False,False,True,False,True
630,28,58,6921428.708,total,,0.559540512,2016,2020,2020,14661,False,False,False,False,True,False,False,False,False,False,True,False,True
631,28,58,7648210.956,total,,0.5491489021,2016,2020,2020,14661,False,False,False,False,True,False,False,False,False,False,True,False,True
632,28,58,8440002.567,total,,0.5353180077,2016,2020,2020,14661,False,False,False,False,True,False,False,False,False,False,True,False,True
633,28,58,9328420.124,total,,0.5209927651,2016,2020,2020,14661,False,False,False,False,True,False,False,False,False,False,True,False,True
634,28,58,10327595.46,total,,0.5027220123,2016,2020,2020,14661,False,False,False,False,True,False,False,False,False,False,False,True,True
635,28,58,11406427.44,total,,0.4848766169,2016,2020,2020,14661,False,False,False,False,True,False,False,False,False,False,False,True,True
636,28,58,12561848.22,total,,0.4624283226,2016,2020,2020,14661,False,False,False,False,True,False,False,False,False,False,False,True,True
637,28,58,13903370,total,,0.4358227409,2016,2020,2020,14661,False,False,False,False,True,False,False,False,False,False,False,True,True
638,28,58,15402638.41,total,,0.4086345991,2016,2020,2020,14661,False,False,False,False,True,False,False,False,False,False,False,True,True
639,28,58,16995573.77,total,,0.3900775003,2016,2020,2020,14661,False,False,False,False,True,False,False,False,False,False,False,True,True
640,28,58,18758520.98,total,,0.3759054715,2016,2020,2020,14661,False,False,False,False,True,False,False,False,False,False,False,True,True
641,28,58,19843930,total,,0.3695757643,2016,2020,2020,14661,False,False,False,False,True,False,False,False,False,False,False,True,True
642,28,59,1400000,na,,-2.167491087,2016,2022,2022,14787,False,False,False,True,False,False,False,False,False,False,True,False,True
643,28,59,2000000,na,,-1.987162775,2016,2022,2022,14787,False,False,False,True,False,False,False,False,False,False,True,False,True
644,28,59,2600000,na,,-1.821023053,2016,2022,2022,14787,False,False,False,True,False,False,False,False,False,False,True,False,True
645,28,59,3200000,na,,-1.522878745,2016,2022,2022,14787,False,False,False,True,False,False,False,False,False,False,True,False,True
646,28,59,3800000,na,,-1.480172006,2016,2022,2022,14787,False,False,False,True,False,False,False,False,False,False,True,False,True
647,28,59,4400000,na,,-1.472370099,2016,2022,2022,14787,False,False,False,True,False,False,False,False,False,False,True,False,True
648,28,59,5000000,na,,-1.326979093,2016,2022,2022,14787,False,False,False,True,False,False,False,False,False,False,True,False,True
649,28,59,5600000,na,,-1.287350298,2016,2022,2022,14787,False,False,False,True,False,False,False,False,False,False,True,False,True
650,28,59,6200000,na,,-1.319664487,2016,2022,2022,14787,False,False,False,True,False,False,False,False,False,False,True,False,True
651,28,59,7000000,na,,-1.253365801,2016,2022,2022,14787,False,False,False,True,False,False,False,False,False,False,True,False,True
652,28,59,8000000,na,,-1.252588192,2016,2022,2022,14787,False,False,False,True,False,False,False,False,False,False,True,False,True
653,28,59,9000000,na,,-1.196542884,2016,2022,2022,14787,False,False,False,True,False,False,False,False,False,False,True,False,True
654,28,59,10000000,na,,-1.217527376,2016,2022,2022,14787,False,False,False,True,False,False,False,False,False,False,False,True,True
655,28,59,650000,np,,-1.777283529,2016,2022,2022,14787,False,False,True,False,False,False,False,False,False,True,False,False,True
656,28,59,950000,np,,-1.630784143,2016,2022,2022,14787,False,False,True,False,False,False,False,False,False,True,False,False,True
657,28,59,1250000,np,,-1.458420756,2016,2022,2022,14787,False,False,True,False,False,False,False,False,False,False,True,False,True
658,28,59,1550000,np,,-1.510041521,2016,2022,2022,14787,False,False,True,False,False,False,False,False,False,False,True,False,True
659,28,59,1850000,np,,-1.438898616,2016,2022,2022,14787,False,False,True,False,False,False,False,False,False,False,True,False,True
660,28,59,2150000,np,,-1.338187314,2016,2022,2022,14787,False,False,True,False,False,False,False,False,False,False,True,False,True
661,28,59,2450000,np,,-1.235077015,2016,2022,2022,14787,False,False,True,False,False,False,False,False,False,False,True,False,True
662,28,59,2750000,np,,-1.124938737,2016,2022,2022,14787,False,False,True,False,False,False,False,False,False,False,True,False,True
663,28,59,3050000,np,,-0.998699067,2016,2022,2022,14787,False,False,True,False,False,False,False,False,False,False,True,False,True
664,28,59,3350000,np,,-1.009217308,2016,2022,2022,14787,False,False,True,False,False,False,False,False,False,False,True,False,True
665,28,59,3797038.32,np,,-0.9471137647,2016,2022,2022,14787,False,False,True,False,False,False,False,False,False,False,True,False,True
666,28,59,4250000,np,,-0.8613815661,2016,2022,2022,14787,False,False,True,False,False,False,False,False,False,False,True,False,True
667,28,59,4697605.773,np,,-0.8365404482,2016,2022,2022,14787,False,False,True,False,False,False,False,False,False,False,True,False,True
668,28,59,5150000,np,,-0.8728952016,2016,2022,2022,14787,False,False,True,False,False,False,False,False,False,False,True,False,True
669,28,59,5597990.711,np,,-0.7887459324,2016,2022,2022,14787,False,False,True,False,False,False,False,False,False,False,True,False,True
670,28,59,6198185.218,np,,-0.7360090673,2016,2022,2022,14787,False,False,True,False,False,False,False,False,False,False,True,False,True
671,28,59,7000000,np,,-0.7734000948,2016,2022,2022,14787,False,False,True,False,False,False,False,False,False,False,True,False,True
672,28,59,8000000,np,,-0.7644715531,2016,2022,2022,14787,False,False,True,False,False,False,False,False,False,False,True,False,True
673,28,59,9000000,np,,-0.71828503,2016,2022,2022,14787,False,False,True,False,False,False,False,False,False,False,True,False,True
674,28,59,10000000,np,,-0.7265357274,2016,2022,2022,14787,False,False,True,False,False,False,False,False,False,False,False,True,True
675,28,60,5000000,na,,-2.37413345,2016,2020,2021,32813,False,False,False,True,False,False,False,False,False,False,True,False,True
676,28,60,5500000,na,,-2.10418374,2016,2020,2021,32813,False,False,False,True,False,False,False,False,False,False,True,False,True
677,28,60,6259956.185,na,,-1.730195289,2016,2018,2018,41653,False,False,False,True,False,False,False,False,False,False,True,False,True
678,28,60,6864384.979,na,,-1.596307662,2016,2018,2018,41653,False,False,False,True,False,False,False,False,False,False,True,False,True
679,28,61,5000000,na,,-2.026318048,2016,2020,2021,32813,False,False,False,True,False,False,False,False,False,False,True,False,True
680,28,61,5500000,na,,-1.924611511,2016,2020,2021,32813,False,False,False,True,False,False,False,False,False,False,True,False,True
681,28,64,2584461.575,total,,0.5249458371,2016,2020,2020,14661,False,False,False,False,True,False,False,False,False,False,True,False,True
682,28,64,2809252.091,total,,0.5287217973,2016,2020,2020,14661,False,False,False,False,True,False,False,False,False,False,True,False,True
683,28,64,3108163.818,total,,0.5232465064,2016,2020,2020,14661,False,False,False,False,True,False,False,False,False,False,True,False,True
684,28,64,3435325.325,total,,0.5598856094,2016,2020,2020,14661,False,False,False,False,True,False,False,False,False,False,True,False,True
685,28,64,3791528.281,total,,0.5652554634,2016,2020,2020,14661,False,False,False,False,True,False,False,False,False,False,True,False,True
686,28,64,4196370.367,total,,0.5730080236,2016,2020,2020,14661,False,False,False,False,True,False,False,False,False,False,True,False,True
687,28,64,4646452.128,total,,0.5791823685,2016,2020,2020,14661,False,False,False,False,True,False,False,False,False,False,True,False,True
688,28,64,5132842.259,total,,0.6009608079,2016,2020,2020,14661,False,False,False,False,True,False,False,False,False,False,True,False,True
689,28,64,5668716.927,total,,0.6028203058,2016,2020,2020,14661,False,False,False,False,True,False,False,False,False,False,True,False,True
690,28,64,6257030.423,total,,0.5970336283,2016,2020,2020,14661,False,False,False,False,True,False,False,False,False,False,True,False,True
691,28,64,6921428.708,total,,0.5858299053,2016,2020,2020,14661,False,False,False,False,True,False,False,False,False,False,True,False,True
692,28,64,7648210.956,total,,0.5770865757,2016,2020,2020,14661,False,False,False,False,True,False,False,False,False,False,True,False,True
693,28,64,8440002.567,total,,0.5629444121,2016,2020,2020,14661,False,False,False,False,True,False,False,False,False,False,True,False,True
694,28,64,9328420.124,total,,0.5483062194,2016,2020,2020,14661,False,False,False,False,True,False,False,False,False,False,True,False,True
695,28,64,10327595.46,total,,0.5316999313,2016,2020,2020,14661,False,False,False,False,True,False,False,False,False,False,False,True,True
696,28,64,11406427.44,total,,0.5151207893,2016,2020,2020,14661,False,False,False,False,True,False,False,False,False,False,False,True,True
697,28,64,12561848.22,total,,0.4895492909,2016,2020,2020,14661,False,False,False,False,True,False,False,False,False,False,False,True,True
698,28,64,13903370,total,,0.4620808971,2016,2020,2020,14661,False,False,False,False,True,False,False,False,False,False,False,True,True
699,28,64,15402638.41,total,,0.4339056342,2016,2020,2020,14661,False,False,False,False,True,False,False,False,False,False,False,True,True
700,28,64,16995573.77,total,,0.4118290595,2016,2020,2020,14661,False,False,False,False,True,False,False,False,False,False,False,True,True
701,28,64,18758520.98,total,,0.3965234645,2016,2020,2020,14661,False,False,False,False,True,False,False,False,False,False,False,True,True
702,28,64,19843930,total,,0.3892742014,2016,2020,2020,14661,False,False,False,False,True,False,False,False,False,False,False,True,True
703,29,63,71474.76307,capture,,-1.278189385,2016,2017,2017,14467,True,False,False,False,False,False,False,False,True,False,False,False,False
704,29,63,76586.66907,capture,,-1.257667718,2016,2017,2017,14467,True,False,False,False,False,False,False,False,True,False,False,False,False
705,29,63,84947.975,capture,,-1.192464972,2016,2017,2017,14467,True,False,False,False,False,False,False,False,True,False,False,False,False
706,29,63,94222.15014,capture,,-1.241655937,2016,2017,2017,14467,True,False,False,False,False,False,False,False,True,False,False,False,False
707,29,63,103312.5374,capture,,-1.270632695,2016,2017,2017,14467,True,False,False,False,False,False,False,False,False,True,False,False,True
708,29,63,114591.6557,capture,,-1.326979093,2016,2017,2017,14467,True,False,False,False,False,False,False,False,False,True,False,False,True
709,29,63,127102.204,capture,,-1.358278075,2016,2017,2017,14467,True,False,False,False,False,False,False,False,False,True,False,False,True
710,29,63,139364.7657,capture,,-1.258651398,2016,2017,2017,14467,True,False,False,False,False,False,False,False,False,True,False,False,True
711,29,63,154579.8916,capture,,-1.317133204,2016,2017,2017,14467,True,False,False,False,False,False,False,False,False,True,False,False,True
712,29,63,171456.129,capture,,-1.400116928,2016,2017,2017,14467,True,False,False,False,False,False,False,False,False,True,False,False,True
713,29,63,187997.8971,capture,,-1.331148352,2016,2017,2017,14467,True,False,False,False,False,False,False,False,False,True,False,False,True
714,29,63,208522.5469,capture,,-1.35222595,2016,2017,2017,14467,True,False,False,False,False,False,False,False,False,True,False,False,True
715,29,63,231287.9264,capture,,-1.362010219,2016,2017,2017,14467,True,False,False,False,False,False,False,False,False,True,False,False,True
716,29,63,253602.1814,capture,,-1.497914441,2016,2017,2017,14467,True,False,False,False,False,False,False,False,False,True,False,False,True
717,29,63,281289.1613,capture,,-1.473144013,2016,2017,2017,14467,True,False,False,False,False,False,False,False,False,True,False,False,True
718,29,63,311998.854,capture,,-1.507588863,2016,2017,2017,14467,True,False,False,False,False,False,False,False,False,True,False,False,True
719,29,63,342099.9529,capture,,-1.588801326,2016,2017,2017,14467,True,False,False,False,False,False,False,False,False,True,False,False,True
720,29,63,379448.6096,capture,,-1.624885315,2016,2017,2017,14467,True,False,False,False,False,False,False,False,False,True,False,False,True
721,29,63,420874.8726,capture,,-1.627548299,2016,2017,2017,14467,True,False,False,False,False,False,False,False,False,True,False,False,True
722,29,63,466823.7983,capture,,-1.586700236,2016,2017,2017,14467,True,False,False,False,False,False,False,False,False,True,False,False,True
723,29,63,517789.2047,capture,,-1.669586227,2016,2017,2017,14467,True,False,False,False,False,False,False,False,False,True,False,False,True
724,29,63,567744.6252,capture,,-1.694648631,2016,2017,2017,14467,True,False,False,False,False,False,False,False,False,True,False,False,True
725,29,63,629727.9945,capture,,-1.802443787,2016,2017,2017,14467,True,False,False,False,False,False,False,False,False,True,False,False,True
726,29,63,682579.1125,capture,,-1.782516056,2016,2017,2017,14467,True,False,False,False,False,False,False,False,False,True,False,False,True
727,29,63,390000,capture,,-1.600672468,2016,2018,2018,14502,True,False,False,False,False,False,False,False,False,True,False,False,True
728,29,63,880000,capture,,-1.871600731,2016,2018,2018,14502,True,False,False,False,False,False,False,False,False,True,False,False,True
729,29,63,1340000,capture,,-1.941573976,2016,2018,2018,14502,True,False,False,False,False,False,False,False,False,False,True,False,True
730,29,63,1890000,capture,,-2.149353765,2016,2018,2018,14502,True,False,False,False,False,False,False,False,False,False,True,False,True
731,29,63,2790000,capture,,-2.268411235,2016,2018,2018,14502,True,False,False,False,False,False,False,False,False,False,True,False,True
732,29,63,3520000,capture,,-2.457174573,2016,2018,2018,14502,True,False,False,False,False,False,False,False,False,False,True,False,True
733,29,63,4300000,capture,,-2.505845406,2016,2018,2018,14502,True,False,False,False,False,False,False,False,False,False,True,False,True
734,29,63,5130000,capture,,-2.573488739,2016,2018,2018,14502,True,False,False,False,False,False,False,False,False,False,True,False,True
735,29,63,6400000,capture,,-2.732828272,2016,2018,2018,14502,True,False,False,False,False,False,False,False,False,False,True,False,True
736,29,63,7390000,capture,,-2.701146924,2016,2018,2018,14502,True,False,False,False,False,False,False,False,False,False,True,False,True
737,29,63,5000000,na,,-2.835647144,2016,2023,2024,32903,False,False,False,True,False,False,False,False,False,False,True,False,True
738,29,63,5500000,na,,-2.498940738,2016,2023,2024,32903,False,False,False,True,False,False,False,False,False,False,True,False,True
739,29,63,8500000,na,,-1.695294102,2016,2023,2024,32903,False,False,False,True,False,False,False,False,False,False,True,False,True
740,29,63,9500000,na,,-1.574139855,2016,2023,2024,32903,False,False,False,True,False,False,False,False,False,False,True,False,True
741,29,63,10500000,na,,-1.491470281,2016,2023,2024,32903,False,False,False,True,False,False,False,False,False,False,False,True,True
742,29,63,8500000,na,,-1.648203693,2016,2023,2024,32903,False,False,False,True,False,False,False,False,False,False,True,False,True
743,29,63,10500000,na,,-1.474825572,2016,2023,2024,32903,False,False,False,True,False,False,False,False,False,False,False,True,True
744,29,65,390000,capture,,-1.902048929,2016,2018,2018,14502,True,False,False,False,False,False,False,False,False,True,False,False,True
745,29,65,880000,capture,,-2.04431225,2016,2018,2018,14502,True,False,False,False,False,False,False,False,False,True,False,False,True
746,29,65,1340000,capture,,-2.015472687,2016,2018,2018,14502,True,False,False,False,False,False,False,False,False,False,True,False,True
747,29,65,1890000,capture,,-2.066006836,2016,2018,2018,14502,True,False,False,False,False,False,False,False,False,False,True,False,True
748,29,65,2790000,capture,,-2.180456064,2016,2018,2018,14502,True,False,False,False,False,False,False,False,False,False,True,False,True
749,29,65,3520000,capture,,-2.298432015,2016,2018,2018,14502,True,False,False,False,False,False,False,False,False,False,True,False,True
750,29,65,4300000,capture,,-2.463441557,2016,2018,2018,14502,True,False,False,False,False,False,False,False,False,False,True,False,True
751,29,65,5130000,capture,,-2.59345982,2016,2018,2018,14502,True,False,False,False,False,False,False,False,False,False,True,False,True
752,29,65,6400000,capture,,-2.777283529,2016,2018,2018,14502,True,False,False,False,False,False,False,False,False,False,True,False,True
753,29,65,7390000,capture,,-2.739928612,2016,2018,2018,14502,True,False,False,False,False,False,False,False,False,False,True,False,True
754,29,65,14920000,n2n,,0.01318283615,2016,2022,2021,33163,False,True,False,False,False,False,False,False,False,False,False,True,True
755,29,65,14500000,np,,-1.653647026,2016,2022,2024,32872,False,False,True,False,False,False,False,False,False,False,False,True,True
756,29,65,14700000,np,,-1.668370282,2016,2022,2024,32872,False,False,True,False,False,False,False,False,False,False,False,True,True
757,29,65,14920000,np,,-1.648977147,2016,2020,2020,33150,False,False,True,False,False,False,False,False,False,False,False,True,True
758,30,64,14540000,n2n,,-0.7537723222,2016,2019,2020,33137,False,True,False,False,False,False,False,False,False,False,False,True,True
759,30,64,14770000,n2n,,-0.8102851577,2016,2023,2024,33196,False,True,False,False,False,False,False,False,False,False,False,True,True
760,30,64,4324349.662,na,,-1.207258214,2016,2018,2018,41653,False,False,False,True,False,False,False,False,False,False,True,False,True
761,30,64,4500000,na,,-1.199970641,2016,2018,2018,41653,False,False,False,True,False,False,False,False,False,False,True,False,True
762,30,64,6049793.385,na,,-1.120330794,2016,2018,2018,41653,False,False,False,True,False,False,False,False,False,False,True,False,True
763,30,64,2760000,np,,-1.301899454,2016,2017,2026,14484,False,False,True,False,False,False,False,False,False,False,True,False,True
764,30,64,2760000,np,,-1.308034897,2016,2017,2026,14484,False,False,True,False,False,False,False,False,False,False,True,False,True
765,30,64,2760000,np,,-1.30980392,2016,2017,2026,14484,False,False,True,False,False,False,False,False,False,False,True,False,True
766,30,64,2760000,np,,-1.338187314,2016,2017,2026,14484,False,False,True,False,False,False,False,False,False,False,True,False,True
767,30,64,2760000,np,,-1.332547047,2016,2017,2026,14484,False,False,True,False,False,False,False,False,False,False,True,False,True
768,30,64,2760000,np,,-1.329754147,2016,2017,2026,14484,False,False,True,False,False,False,False,False,False,False,True,False,True
769,30,64,14000000,np,,-0.7444862872,2016,2023,2024,32884,False,False,True,False,False,False,False,False,False,False,False,True,True
770,30,66,14000000,n2n,,-0.1833610551,2016,2023,2024,32884,False,True,False,False,False,False,False,False,False,False,False,True,True
771,30,66,14770000,n2n,,-0.1405554619,2016,2023,2024,33196,False,True,False,False,False,False,False,False,False,False,False,True,True
772,30,66,4000000,na,,-2.744727495,2016,2017,2017,32755,False,False,False,True,False,False,False,False,False,False,True,False,True
773,30,66,5000000,na,,-2.263603498,2016,2017,2017,32755,False,False,False,True,False,False,False,False,False,False,True,False,True
774,30,66,6000000,na,,-2,2016,2017,2017,32755,False,False,False,True,False,False,False,False,False,False,True,False,True
775,30,66,14770000,np,,-1.229516191,2016,2023,2024,33196,False,False,True,False,False,False,False,False,False,False,False,True,True
776,30,67,14540000,np,,-1.301464507,2016,2019,2020,33137,False,False,True,False,False,False,False,False,False,False,False,True,True
777,30,67,14770000,np,,-1.294563953,2016,2023,2024,33196,False,False,True,False,False,False,False,False,False,False,False,True,True
778,30,68,6350000,na,,-2.939551478,2016,2025,2026,14862,False,False,False,True,False,False,False,False,False,False,True,False,True
779,30,68,6850000,na,,-2.795711761,2016,2025,2026,14862,False,False,False,True,False,False,False,False,False,False,True,False,True
780,30,68,7595887.045,na,,-2.539878269,2016,2025,2026,14862,False,False,False,True,False,False,False,False,False,False,True,False,True
781,30,68,8596365.511,na,,-2.369882446,2016,2025,2026,14862,False,False,False,True,False,False,False,False,False,False,True,False,True
782,30,68,9350000,na,,-2.306882722,2016,2025,2026,14862,False,False,False,True,False,False,False,False,False,False,True,False,True
783,30,68,10341942.2,na,,-2.234342371,2016,2025,2026,14862,False,False,False,True,False,False,False,False,False,False,False,True,True
784,30,68,11597305.72,na,,-2.056699674,2016,2025,2026,14862,False,False,False,True,False,False,False,False,False,False,False,True,True
785,30,68,12597519.6,na,,-1.971224457,2016,2025,2026,14862,False,False,False,True,False,False,False,False,False,False,False,True,True
786,30,68,14770000,na,,-2.010550182,2016,2023,2024,33196,False,False,False,True,False,False,False,False,False,False,False,True,True
787,30,68,6850000,np,,-2.938852992,2016,2025,2026,14862,False,False,True,False,False,False,False,False,False,False,True,False,True
788,30,68,7595887.045,np,,-2.440924474,2016,2025,2026,14862,False,False,True,False,False,False,False,False,False,False,True,False,True
789,30,68,8596365.511,np,,-2.166707829,2016,2025,2026,14862,False,False,True,False,False,False,False,False,False,False,True,False,True
790,30,68,9350000,np,,-1.989551628,2016,2025,2026,14862,False,False,True,False,False,False,False,False,False,False,True,False,True
791,30,68,10341942.2,np,,-1.883058142,2016,2025,2026,14862,False,False,True,False,False,False,False,False,False,False,False,True,True
792,30,68,11597305.72,np,,-1.671976338,2016,2025,2026,14862,False,False,True,False,False,False,False,False,False,False,False,True,True
793,30,68,12350000,np,,-1.834307659,2016,2025,2026,14862,False,False,True,False,False,False,False,False,False,False,False,True,True
794,31,69,14900000,n2n,,-0.08025266819,2016,2019,2019,33132,False,True,False,False,False,False,False,False,False,False,False,True,True
795,31,71,2150000,capture,,-2.039053804,2016,2023,2023,33193,True,False,False,False,False,False,False,False,False,False,True,False,True
796,31,71,3190000,capture,,-2.241088108,2016,2023,2023,33193,True,False,False,False,False,False,False,False,False,False,True,False,True
797,31,71,14900000,n2n,,0.06269853248,2016,2019,2019,33132,False,True,False,False,False,False,False,False,False,False,False,True,True
798,32,70,124567,capture,,-1.371070837,2016,2022,2022,14791,True,False,False,False,False,False,False,False,False,True,False,False,True
799,32,70,141059.8301,capture,,-1.216819895,2016,2022,2022,14791,True,False,False,False,False,False,False,False,False,True,False,False,True
800,32,70,159736,capture,,-1.352398959,2016,2022,2022,14791,True,False,False,False,False,False,False,False,False,True,False,False,True
801,32,70,173541,capture,,-1.344567651,2016,2022,2022,14791,True,False,False,False,False,False,False,False,False,True,False,False,True
802,32,70,188540,capture,,-1.364949759,2016,2022,2022,14791,True,False,False,False,False,False,False,False,False,True,False,False,True
803,32,70,204834,capture,,-1.344148256,2016,2022,2022,14791,True,False,False,False,False,False,False,False,False,True,False,False,True
804,32,70,231954.2422,capture,,-1.377373127,2016,2022,2022,14791,True,False,False,False,False,False,False,False,False,True,False,False,True
805,32,70,262665,capture,,-1.398144175,2016,2022,2022,14791,True,False,False,False,False,False,False,False,False,True,False,False,True
806,32,70,285366,capture,,-1.405973384,2016,2022,2022,14791,True,False,False,False,False,False,False,False,False,True,False,False,True
807,32,70,310029,capture,,-1.408020997,2016,2022,2022,14791,True,False,False,False,False,False,False,False,False,True,False,False,True
808,32,70,336824,capture,,-1.416659508,2016,2022,2022,14791,True,False,False,False,False,False,False,False,False,True,False,False,True
809,32,70,381419.3506,capture,,-1.404256389,2016,2022,2022,14791,True,False,False,False,False,False,False,False,False,True,False,False,True
810,32,70,431920,capture,,-1.403329245,2016,2022,2022,14791,True,False,False,False,False,False,False,False,False,True,False,False,True
811,32,70,469249,capture,,-1.37271302,2016,2022,2022,14791,True,False,False,False,False,False,False,False,False,True,False,False,True
812,32,70,509804,capture,,-1.400187861,2016,2022,2022,14791,True,False,False,False,False,False,False,False,False,True,False,False,True
813,32,70,553864,capture,,-1.409795925,2016,2022,2022,14791,True,False,False,False,False,False,False,False,False,True,False,False,True
814,32,70,627195.721,capture,,-1.435193138,2016,2022,2022,14791,True,False,False,False,False,False,False,False,False,True,False,False,True
815,32,70,710236,capture,,-1.423405289,2016,2022,2022,14791,True,False,False,False,False,False,False,False,False,True,False,False,True
816,32,70,771619,capture,,-1.388432811,2016,2022,2022,14791,True,False,False,False,False,False,False,False,False,True,False,False,True
817,32,70,838307,capture,,-1.373057377,2016,2022,2022,14791,True,False,False,False,False,False,False,False,False,True,False,False,True
818,32,70,910758,capture,,-1.416720725,2016,2022,2022,14791,True,False,False,False,False,False,False,False,False,True,False,False,True
819,32,70,118608.8799,capture,,-1.353252308,2016,2019,2019,23454,True,False,False,False,False,False,False,False,False,True,False,False,True
820,32,70,126951.531,capture,,-1.368677759,2016,2019,2019,23454,True,False,False,False,False,False,False,False,False,True,False,False,True
821,32,70,140568.3877,capture,,-1.342260719,2016,2019,2019,23454,True,False,False,False,False,False,False,False,False,True,False,False,True
822,32,70,155632.7548,capture,,-1.40833976,2016,2019,2019,23454,True,False,False,False,False,False,False,False,False,True,False,False,True
823,32,70,170360.1461,capture,,-1.429568859,2016,2019,2019,23454,True,False,False,False,False,False,False,False,False,True,False,False,True
824,32,70,188582.2999,capture,,-1.448368515,2016,2019,2019,23454,True,False,False,False,False,False,False,False,False,True,False,False,True
825,32,70,208733.1713,capture,,-1.49892738,2016,2019,2019,23454,True,False,False,False,False,False,False,False,False,True,False,False,True
826,32,70,231011.7836,capture,,-1.465686999,2016,2019,2019,23454,True,False,False,False,False,False,False,False,False,True,False,False,True
827,32,70,255640.1151,capture,,-1.503898236,2016,2019,2019,23454,True,False,False,False,False,False,False,False,False,True,False,False,True
828,32,70,282860.144,capture,,-1.542689569,2016,2019,2019,23454,True,False,False,False,False,False,False,False,False,True,False,False,True
829,32,70,302580,capture,,-1.531496115,2016,2019,2019,23454,True,False,False,False,False,False,False,False,False,True,False,False,True
830,32,72,159736,capture,,-1.559473454,2016,2022,2022,14791,True,False,False,False,False,False,False,False,False,True,False,False,True
831,32,72,173541,capture,,-1.542003114,2016,2022,2022,14791,True,False,False,False,False,False,False,False,False,True,False,False,True
832,32,72,188540,capture,,-1.504047922,2016,2022,2022,14791,True,False,False,False,False,False,False,False,False,True,False,False,True
833,32,72,204834,capture,,-1.496729693,2016,2022,2022,14791,True,False,False,False,False,False,False,False,False,True,False,False,True
834,32,72,231954.2422,capture,,-1.548119963,2016,2022,2022,14791,True,False,False,False,False,False,False,False,False,True,False,False,True
835,32,72,262665,capture,,-1.575131425,2016,2022,2022,14791,True,False,False,False,False,False,False,False,False,True,False,False,True
836,32,72,285366,capture,,-1.586847821,2016,2022,2022,14791,True,False,False,False,False,False,False,False,False,True,False,False,True
837,32,72,310029,capture,,-1.602059991,2016,2022,2022,14791,True,False,False,False,False,False,False,False,False,True,False,False,True
838,32,72,336824,capture,,-1.584642638,2016,2022,2022,14791,True,False,False,False,False,False,False,False,False,True,False,False,True
839,32,72,381419.3506,capture,,-1.567335303,2016,2022,2022,14791,True,False,False,False,False,False,False,False,False,True,False,False,True
840,32,72,431920,capture,,-1.568369307,2016,2022,2022,14791,True,False,False,False,False,False,False,False,False,True,False,False,True
841,32,72,469249,capture,,-1.580637477,2016,2022,2022,14791,True,False,False,False,False,False,False,False,False,True,False,False,True
842,32,72,509804,capture,,-1.553744066,2016,2022,2022,14791,True,False,False,False,False,False,False,False,False,True,False,False,True
843,32,72,553864,capture,,-1.576437944,2016,2022,2022,14791,True,False,False,False,False,False,False,False,False,True,False,False,True
844,32,72,627195.721,capture,,-1.579639869,2016,2022,2022,14791,True,False,False,False,False,False,False,False,False,True,False,False,True
845,32,72,710236,capture,,-1.59003815,2016,2022,2022,14791,True,False,False,False,False,False,False,False,False,True,False,False,True
846,32,72,771619,capture,,-1.641324817,2016,2022,2022,14791,True,False,False,False,False,False,False,False,False,True,False,False,True
847,32,72,838307,capture,,-1.722088375,2016,2022,2022,14791,True,False,False,False,False,False,False,False,False,True,False,False,True
848,32,72,910758,capture,,-1.82716364,2016,2022,2022,14791,True,False,False,False,False,False,False,False,False,True,False,False,True
849,32,72,155625,capture,,-1.539944513,2016,2021,2021,23757,True,False,False,False,False,False,False,False,False,True,False,False,True
850,32,72,170348.9668,capture,,-1.624190122,2016,2021,2021,23757,True,False,False,False,False,False,False,False,False,True,False,False,True
851,32,72,190716.4183,capture,,-1.637150114,2016,2021,2021,23757,True,False,False,False,False,False,False,False,False,True,False,False,True
852,32,72,208721.9768,capture,,-1.605154481,2016,2021,2021,23757,True,False,False,False,False,False,False,False,False,True,False,False,True
853,32,72,228414.5059,capture,,-1.595722331,2016,2021,2021,23757,True,False,False,False,False,False,False,False,False,True,False,False,True
854,32,72,255627.485,capture,,-1.664341548,2016,2021,2021,23757,True,False,False,False,False,False,False,False,False,True,False,False,True
855,32,72,286040.2942,capture,,-1.693403433,2016,2021,2021,23757,True,False,False,False,False,False,False,False,False,True,False,False,True
856,32,72,305975,capture,,-1.630951211,2016,2021,2021,23757,True,False,False,False,False,False,False,False,False,True,False,False,True
857,32,72,17900000,np,,-1.458420756,2016,2024,2024,23907,False,False,True,False,False,False,False,False,False,False,False,True,True
858,32,72,17900000,np,,-1.552841969,2016,2024,2024,23907,False,False,True,False,False,False,False,False,False,False,False,True,True
859,32,73,14387.58572,capture,,-0.225242475,2016,2019,2019,23451,True,False,False,False,False,False,False,False,True,False,False,False,False
860,32,73,15588.01832,capture,,-0.2371028439,2016,2019,2019,23451,True,False,False,False,False,False,False,False,True,False,False,False,False
861,32,73,17082.70638,capture,,-0.3090317399,2016,2019,2019,23451,True,False,False,False,False,False,False,False,True,False,False,False,False
862,32,73,18935.62562,capture,,-0.3218895212,2016,2019,2019,23451,True,False,False,False,False,False,False,False,True,False,False,False,False
863,32,73,20988.83647,capture,,-0.3552778822,2016,2019,2019,23451,True,False,False,False,False,False,False,False,True,False,False,False,False
864,32,73,22999.40873,capture,,-0.3673784865,2016,2019,2019,23451,True,False,False,False,False,False,False,False,True,False,False,False,False
865,32,73,25491.50071,capture,,-0.3987180924,2016,2019,2019,23451,True,False,False,False,False,False,False,False,True,False,False,False,False
866,32,73,28252.55563,capture,,-0.4343259929,2016,2019,2019,23451,True,False,False,False,False,False,False,False,True,False,False,False,False
867,32,73,31311.345,capture,,-0.4498032109,2016,2019,2019,23451,True,False,False,False,False,False,False,False,True,False,False,False,False
868,32,73,34699.89586,capture,,-0.4842688481,2016,2019,2019,23451,True,False,False,False,False,False,False,False,True,False,False,False,False
869,32,73,38017.075,capture,,-0.5580316511,2016,2019,2019,23451,True,False,False,False,False,False,False,False,True,False,False,False,False
870,32,73,42127.57852,capture,,-0.5180316632,2016,2019,2019,23451,True,False,False,False,False,False,False,False,True,False,False,False,False
871,32,73,46680.20974,capture,,-0.5944133329,2016,2019,2019,23451,True,False,False,False,False,False,False,False,True,False,False,False,False
872,32,73,51722.06071,capture,,-0.5905281158,2016,2019,2019,23451,True,False,False,False,False,False,False,False,True,False,False,False,False
873,32,73,57305.47297,capture,,-0.6352192552,2016,2019,2019,23451,True,False,False,False,False,False,False,False,True,False,False,False,False
874,32,73,62769.44734,capture,,-0.6500521169,2016,2019,2019,23451,True,False,False,False,False,False,False,False,True,False,False,False,False
875,32,73,69537.51021,capture,,-0.718421265,2016,2019,2019,23451,True,False,False,False,False,False,False,False,True,False,False,False,False
876,32,73,77030.64059,capture,,-0.7322998104,2016,2019,2019,23451,True,False,False,False,False,False,False,False,True,False,False,False,False
877,32,73,85325.31312,capture,,-0.7916048704,2016,2019,2019,23451,True,False,False,False,False,False,False,False,True,False,False,False,False
878,32,73,94506.77759,capture,,-0.8520695101,2016,2019,2019,23451,True,False,False,False,False,False,False,False,True,False,False,False,False
879,32,73,103487.9546,capture,,-0.8351982087,2016,2019,2019,23451,True,False,False,False,False,False,False,False,False,True,False,False,True
880,32,73,114607.0823,capture,,-0.8617326785,2016,2019,2019,23451,True,False,False,False,False,False,False,False,False,True,False,False,True
881,32,73,126911.0463,capture,,-0.9056546708,2016,2019,2019,23451,True,False,False,False,False,False,False,False,False,True,False,False,True
882,32,73,140523.6055,capture,,-0.9551853257,2016,2019,2019,23451,True,False,False,False,False,False,False,False,False,True,False,False,True
883,32,73,155583.5201,capture,,-0.9555424615,2016,2019,2019,23451,True,False,False,False,False,False,False,False,False,True,False,False,True
884,32,73,170305.657,capture,,-1.004353839,2016,2019,2019,23451,True,False,False,False,False,False,False,False,False,True,False,False,True
885,32,73,188522.137,capture,,-1.026820958,2016,2019,2019,23451,True,False,False,False,False,False,False,False,False,True,False,False,True
886,32,73,208666.4366,capture,,-1.068816956,2016,2019,2019,23451,True,False,False,False,False,False,False,False,False,True,False,False,True
887,32,73,230937.8182,capture,,-1.07995122,2016,2019,2019,23451,True,False,False,False,False,False,False,False,False,True,False,False,True
888,32,73,255558.1454,capture,,-1.090227279,2016,2019,2019,23451,True,False,False,False,False,False,False,False,False,True,False,False,True
889,32,73,282769.1879,capture,,-1.139045912,2016,2019,2019,23451,True,False,False,False,False,False,False,False,False,True,False,False,True
890,32,76,10142041.21,n2n,,-0.8873782436,2016,2017,2017,14472,False,True,False,False,False,False,False,False,False,False,False,True,True
891,32,76,11379486.93,n2n,,-0.2882180704,2016,2017,2017,14472,False,True,False,False,False,False,False,False,False,False,False,True,True
892,32,76,12622622.55,n2n,,-0.07522982509,2016,2017,2017,14472,False,True,False,False,False,False,False,False,False,False,False,True,True
893,32,76,13860772.52,n2n,,0.005509398912,2016,2017,2017,14472,False,True,False,False,False,False,False,False,False,False,False,True,True
894,32,76,14800000,n2n,,0.03753007877,2016,2017,2017,14472,False,True,False,False,False,False,False,False,False,False,False,True,True
895,32,76,17900000,n2n,,0.08278537032,2016,2024,2024,23907,False,True,False,False,False,False,False,False,False,False,False,True,True
896,32,76,17900000,n2n,,0.06069784035,2016,2024,2024,23907,False,True,False,False,False,False,False,False,False,False,False,True,True
897,32,76,13796738.75,n2n,,0.1012313868,2016,2018,2018,32777,False,True,False,False,False,False,False,False,False,False,False,True,True
898,32,76,14800000,n2n,,0.1109262423,2016,2018,2018,32777,False,True,False,False,False,False,False,False,False,False,False,True,True
899,33,75,14100000,n2n,,-0.01322826573,2016,2026,2026,14866,False,True,False,False,False,False,False,False,False,False,False,True,True
900,33,75,14100000,n2n,,-0.01682492796,2016,2026,2026,14866,False,True,False,False,False,False,False,False,False,False,False,True,True
901,33,75,14100000,n2n,,-0.03763066433,2016,2026,2026,14866,False,True,False,False,False,False,False,False,False,False,False,True,True
902,34,74,13796738.75,n2n,,-0.5279753023,2016,2020,2021,32805,False,True,False,False,False,False,False,False,False,False,False,True,True
903,34,74,14800000,n2n,,-0.2873502984,2016,2020,2021,32805,False,True,False,False,False,False,False,False,False,False,False,True,True
904,34,76,14770000,n2n,,-0.0657086455,2016,2023,2023,33192,False,True,False,False,False,False,False,False,False,False,False,True,True
905,34,76,14770000,np,,-1.330497166,2016,2023,2023,33192,False,False,True,False,False,False,False,False,False,False,False,True,True
906,34,77,20997.53359,capture,,-0.1882430709,2016,2023,2023,23655,True,False,False,False,False,False,False,False,True,False,False,False,False
907,34,77,23008.90611,capture,,-0.1800085112,2016,2023,2023,23655,True,False,False,False,False,False,False,False,True,False,False,False,False
908,34,77,25501.97476,capture,,-0.2188677284,2016,2023,2023,23655,True,False,False,False,False,False,False,False,True,False,False,False,False
909,34,77,28264.15258,capture,,-0.3014312519,2016,2023,2023,23655,True,False,False,False,False,False,False,False,True,False,False,False,False
910,34,77,31324.17845,capture,,-0.2329893685,2016,2023,2023,23655,True,False,False,False,False,False,False,False,True,False,False,False,False
911,34,77,34714.04191,capture,,-0.2356052804,2016,2023,2023,23655,True,False,False,False,False,False,False,False,True,False,False,False,False
912,34,77,38032.57035,capture,,-0.3300433088,2016,2023,2023,23655,True,False,False,False,False,False,False,False,True,False,False,False,False
913,34,77,42144.6901,capture,,-0.3552082098,2016,2023,2023,23655,True,False,False,False,False,False,False,False,True,False,False,False,False
914,34,77,46699.15336,capture,,-0.3327911145,2016,2023,2023,23655,True,False,False,False,False,False,False,False,True,False,False,False,False
915,34,77,51742.97105,capture,,-0.3540749476,2016,2023,2023,23655,True,False,False,False,False,False,False,False,True,False,False,False,False
916,34,77,57328.59037,capture,,-0.4037991727,2016,2023,2023,23655,True,False,False,False,False,False,False,False,True,False,False,False,False
917,34,77,62794.68958,capture,,-0.4348067714,2016,2023,2023,23655,True,False,False,False,False,False,False,False,True,False,False,False,False
918,34,77,69565.37641,capture,,-0.4635892932,2016,2023,2023,23655,True,False,False,False,False,False,False,False,True,False,False,False,False
919,34,77,77061.4065,capture,,-0.4801713502,2016,2023,2023,23655,True,False,False,False,False,False,False,False,True,False,False,False,False
920,34,77,84395.24372,capture,,-0.4887280882,2016,2023,2023,23655,True,False,False,False,False,False,False,False,True,False,False,False,False
921,34,77,93476.98591,capture,,-0.5392954538,2016,2023,2023,23655,True,False,False,False,False,False,False,False,True,False,False,False,False
922,34,77,103528.6979,capture,,-0.516449074,2016,2023,2023,23655,True,False,False,False,False,False,False,False,False,True,False,False,True
923,34,77,114652.4739,capture,,-0.5005584456,2016,2023,2023,23655,True,False,False,False,False,False,False,False,False,True,False,False,True
924,34,77,126961.0284,capture,,-0.5419997098,2016,2023,2023,23655,True,False,False,False,False,False,False,False,False,True,False,False,True
925,34,77,140578.9795,capture,,-0.5757091443,2016,2023,2023,23655,True,False,False,False,False,False,False,False,False,True,False,False,True
926,34,77,155644.2528,capture,,-0.579168702,2016,2023,2023,23655,True,False,False,False,False,False,False,False,False,True,False,False,True
927,34,77,170372.133,capture,,-0.6092030594,2016,2023,2023,23655,True,False,False,False,False,False,False,False,False,True,False,False,True
928,34,77,188595.3065,capture,,-0.6238330791,2016,2023,2023,23655,True,False,False,False,False,False,False,False,False,True,False,False,True
929,34,78,155697.2066,capture,,-1.30980392,2016,2024,2024,23666,True,False,False,False,False,False,False,False,False,True,False,False,True
930,34,78,170429.4973,capture,,-1.375305469,2016,2024,2024,23666,True,False,False,False,False,False,False,False,False,True,False,False,True
931,34,78,188659.601,capture,,-1.317629257,2016,2024,2024,23666,True,False,False,False,False,False,False,False,False,True,False,False,True
932,34,78,208817.5564,capture,,-1.36552273,2016,2024,2024,23666,True,False,False,False,False,False,False,False,False,True,False,False,True
933,34,78,231105.4368,capture,,-1.362760512,2016,2024,2024,23666,True,False,False,False,False,False,False,False,False,True,False,False,True
934,34,78,255742.2934,capture,,-1.38341947,2016,2024,2024,23666,True,False,False,False,False,False,False,False,False,True,False,False,True
935,34,78,282973.3532,capture,,-1.398483216,2016,2024,2024,23666,True,False,False,False,False,False,False,False,False,True,False,False,True
936,34,78,313063.6643,capture,,-1.42365865,2016,2024,2024,23666,True,False,False,False,False,False,False,False,False,True,False,False,True
937,34,78,346310.3342,capture,,-1.417652506,2016,2024,2024,23666,True,False,False,False,False,False,False,False,False,True,False,False,True
938,34,78,378771.6205,capture,,-1.411448194,2016,2024,2024,23666,True,False,False,False,False,False,False,False,False,True,False,False,True
939,34,78,418884.0158,capture,,-1.415216621,2016,2024,2024,23666,True,False,False,False,False,False,False,False,False,True,False,False,True
940,34,78,463177.9872,capture,,-1.453148998,2016,2024,2024,23666,True,False,False,False,False,False,False,False,False,True,False,False,True
941,34,78,512072.972,capture,,-1.416121402,2016,2024,2024,23666,True,False,False,False,False,False,False,False,False,True,False,False,True
942,34,78,566040.4396,capture,,-1.424235019,2016,2024,2024,23666,True,False,False,False,False,False,False,False,False,True,False,False,True
943,34,78,598401.344,capture,,-1.413412695,2016,2024,2024,23666,True,False,False,False,False,False,False,False,False,True,False,False,True
944,34,78,14770000,np,,-1.71828503,2016,2023,2023,33192,False,False,True,False,False,False,False,False,False,False,False,True,True
945,35,79,13994964.18,n2n,,0.06082370457,2016,2023,2024,32900,False,True,False,False,False,False,False,False,False,False,False,True,True
946,35,79,14800000,n2n,,0.09691001301,2016,2023,2024,32900,False,True,False,False,False,False,False,False,False,False,False,True,True
947,35,79,13994964.18,na,,-1.924453039,2016,2023,2024,32900,False,False,False,True,False,False,False,False,False,False,False,True,True
948,35,79,14800000,na,,-1.869666232,2016,2023,2024,32900,False,False,False,True,False,False,False,False,False,False,False,True,True
949,35,81,13994964.18,n2n,,0.05050864615,2016,2023,2024,32898,False,True,False,False,False,False,False,False,False,False,False,True,True
950,35,81,14800000,n2n,,0.08635983067,2016,2023,2024,32898,False,True,False,False,False,False,False,False,False,False,False,True,True
951,35,81,13994964.18,na,,-2.346787486,2016,2023,2024,32900,False,False,False,True,False,False,False,False,False,False,False,True,True
952,35,81,14800000,na,,-2.244125144,2016,2023,2024,32900,False,False,False,True,False,False,False,False,False,False,False,True,True
953,36,78,14800000,n2n,,-0.3331701383,2016,2022,2025,32875,False,True,False,False,False,False,False,False,False,False,False,True,True
954,36,78,13834047.09,n2n,,-0.7919888511,2016,2023,2024,32892,False,True,False,False,False,False,False,False,False,False,False,True,True
955,36,78,14849915.82,n2n,,-0.5222277917,2016,2023,2024,32892,False,True,False,False,False,False,False,False,False,False,False,True,True
956,37,85,13796738.75,n2n,,0.01452053876,2016,2018,2020,32782,False,True,False,False,False,False,False,False,False,False,False,True,True
957,37,85,14800000,n2n,,0.07003786661,2016,2018,2020,32782,False,True,False,False,False,False,False,False,False,False,False,True,True
958,37,85,12489996,n2n,,-0.2514243831,2016,2020,2021,32801,False,True,False,False,False,False,False,False,False,False,False,True,True
959,37,85,14000000,n2n,,-0.003926345515,2016,2020,2021,32801,False,True,False,False,False,False,False,False,False,False,False,True,True
960,37,85,15540270.27,n2n,,0.06818586175,2016,2020,2021,32801,False,True,False,False,False,False,False,False,False,False,False,True,True
961,37,85,17200000,n2n,,0.1068705445,2016,2020,2021,32801,False,True,False,False,False,False,False,False,False,False,False,True,True
962,37,85,18693314.31,n2n,,0.1124374173,2016,2020,2021,32801,False,True,False,False,False,False,False,False,False,False,False,True,True
963,37,85,19800000,n2n,,0.1139433523,2016,2020,2021,32801,False,True,False,False,False,False,False,False,False,False,False,True,True
964,37,87,13796738.75,n2n,,0.1024337057,2016,2018,2020,32782,False,True,False,False,False,False,False,False,False,False,False,True,True
965,37,87,14800000,n2n,,0.1319392952,2016,2018,2020,32782,False,True,False,False,False,False,False,False,False,False,False,True,True
966,38,84,14770000,n2n,,-0.1836261112,2016,2022,2022,33180,False,True,False,False,False,False,False,False,False,False,False,True,True
967,38,88,14770000,np,,-1.829738285,2016,2022,2022,33180,False,False,True,False,False,False,False,False,False,False,False,True,True
968,39,89,17400000,n2n,,0.103803721,2016,2018,2018,31787,False,True,False,False,False,False,False,False,False,False,False,True,True
969,39,89,17500000,n2n,,0.04921802267,2016,2022,2021,31842,False,True,False,False,False,False,False,False,False,False,False,True,True
970,39,89,19800000,n2n,,0.04532297879,2016,2022,2021,31842,False,True,False,False,False,False,False,False,False,False,False,True,True
971,39,89,14050000,n2n,,-0.09963287134,2016,2023,2023,31858,False,True,False,False,False,False,False,False,False,False,False,True,True
972,39,89,17600000,n2n,,0.008600171762,2016,2025,2024,31859,False,True,False,False,False,False,False,False,False,False,False,True,True
973,39,89,18500000,n2n,,0.03742649794,2016,2025,2024,31859,False,True,False,False,False,False,False,False,False,False,False,True,True
974,39,89,14540000,n2n,,0.002420945897,2016,2019,2020,33137,False,True,False,False,False,False,False,False,False,False,False,True,True
975,39,89,14770000,n2n,,-0.02692759179,2016,2023,2024,33196,False,True,False,False,False,False,False,False,False,False,False,True,True
976,40,90,14050000,n2n,,-0.1817741064,2016,2023,2023,31858,False,True,False,False,False,False,False,False,False,False,False,True,True
977,40,91,65670,capture,,-1.42945706,2016,2024,2024,32922,True,False,False,False,False,False,False,False,True,False,False,False,False
978,40,91,101160,capture,,-1.721246399,2016,2024,2024,32922,True,False,False,False,False,False,False,False,False,True,False,False,True
979,40,91,176720,capture,,-1.696803943,2016,2024,2024,32922,True,False,False,False,False,False,False,False,False,True,False,False,True
980,40,92,13994964.18,np,,-1.725842151,2016,2020,2022,32814,False,False,True,False,False,False,False,False,False,False,False,True,True
981,40,92,14800000,np,,-1.694648631,2016,2020,2022,32814,False,False,True,False,False,False,False,False,False,False,False,True,True
982,40,94,13994964.18,na,,-2.372292851,2016,2020,2022,32814,False,False,False,True,False,False,False,False,False,False,False,True,True
983,40,94,14800000,na,,-2.293282218,2016,2020,2022,32814,False,False,False,True,False,False,False,False,False,False,False,True,True
984,40,94,13796738.75,np,,-2.232844134,2016,2020,2022,32814,False,False,True,False,False,False,False,False,False,False,False,True,True
985,40,94,14800000,np,,-2.13667714,2016,2020,2022,32814,False,False,True,False,False,False,False,False,False,False,False,True,True
986,40,96,13994964.18,capture,,-2.669586227,2016,2020,2022,32814,True,False,False,False,False,False,False,False,False,False,False,True,True
987,40,96,14800000,capture,,-2.735182177,2016,2020,2022,32814,True,False,False,False,False,False,False,False,False,False,False,True,True
988,40,96,13994964.18,n2n,,0.1802214821,2016,2020,2022,32814,False,True,False,False,False,False,False,False,False,False,False,True,True
989,40,96,14800000,n2n,,0.1978316933,2016,2020,2022,32814,False,True,False,False,False,False,False,False,False,False,False,True,True
990,41,93,14050000,n2n,,-0.3316140833,2016,2023,2023,31858,False,True,False,False,False,False,False,False,False,False,False,True,True
991,42,92,13796738.75,n2n,,-0.9871627753,2016,2020,2022,32812,False,True,False,False,False,False,False,False,False,False,False,True,True
992,42,92,14800000,n2n,,-0.8507808873,2016,2020,2022,32812,False,True,False,False,False,False,False,False,False,False,False,True,True
993,42,92,13796738.75,na,,-1.582528307,2016,2021,2022,32855,False,False,False,True,False,False,False,False,False,False,False,True,True
994,42,92,14800000,na,,-1.534617149,2016,2021,2022,32855,False,False,False,True,False,False,False,False,False,False,False,True,True
995,42,92,13520000,na,,-1.590066877,2016,2020,2020,33141,False,False,False,True,False,False,False,False,False,False,False,True,True
996,42,95,13796738.75,np,,-1.387216143,2016,2021,2022,32855,False,False,True,False,False,False,False,False,False,False,False,True,True
997,42,95,14800000,np,,-1.35261703,2016,2021,2022,32855,False,False,True,False,False,False,False,False,False,False,False,True,True
998,42,96,13796738.75,np,,-1.619788758,2016,2020,2022,32812,False,False,True,False,False,False,False,False,False,False,False,True,True
999,42,96,14800000,np,,-1.537602002,2016,2020,2022,32812,False,False,True,False,False,False,False,False,False,False,False,True,True
1000,42,96,14540000,np,,-1.600326279,2016,2020,2020,33147,False,False,True,False,False,False,False,False,False,False,False,True,True
1001,42,96,14770000,np,,-1.633017024,2016,2023,2024,33196,False,False,True,False,False,False,False,False,False,False,False,True,True
1002,42,97,13796738.75,np,,-1.765735876,2016,2020,2022,32812,False,False,True,False,False,False,False,False,False,False,False,True,True
1003,42,97,14800000,np,,-1.709965389,2016,2020,2022,32812,False,False,True,False,False,False,False,False,False,False,False,True,True
1004,42,97,13520000,np,,-1.747146969,2016,2020,2020,33141,False,False,True,False,False,False,False,False,False,False,False,True,True
1005,42,97,14540000,np,,-1.732828272,2016,2020,2021,33153,False,False,True,False,False,False,False,False,False,False,False,True,True
1006,42,97,14770000,np,,-1.850165303,2016,2023,2024,33196,False,False,True,False,False,False,False,False,False,False,False,True,True
1007,42,98,1670000,capture,,-1.964666338,2016,2023,2024,33197,True,False,False,False,False,False,False,False,False,False,True,False,True
1008,42,98,2060000,capture,,-1.912190198,2016,2023,2024,33197,True,False,False,False,False,False,False,False,False,False,True,False,True
1009,42,98,2660000,capture,,-2.0839147,2016,2023,2024,33197,True,False,False,False,False,False,False,False,False,False,True,False,True
1010,42,98,13796738.75,na,,-2.255707017,2016,2020,2022,32812,False,False,False,True,False,False,False,False,False,False,False,True,True
1011,42,98,14800000,na,,-2.236572006,2016,2020,2022,32812,False,False,False,True,False,False,False,False,False,False,False,True,True
1012,42,100,13796738.75,n2n,,0.1562461904,2016,2020,2022,32812,False,True,False,False,False,False,False,False,False,False,False,True,True
1013,42,100,14800000,n2n,,0.1571544399,2016,2020,2022,32812,False,True,False,False,False,False,False,False,False,False,False,True,True
1014,42,100,11900000,n2n,,0.1178411404,2016,2017,2019,33108,False,True,False,False,False,False,False,False,False,False,False,True,True
1015,42,100,15750000,n2n,,0.1717206045,2016,2017,2019,33108,False,True,False,False,False,False,False,False,False,False,False,True,True
1016,42,100,14540000,n2n,,0.1841375652,2016,2020,2020,33147,False,True,False,False,False,False,False,False,False,False,False,True,True
1017,42,100,13590000,n2n,,0.1676126727,2016,2020,2021,33164,False,True,False,False,False,False,False,False,False,False,False,True,True
1018,42,100,14770000,n2n,,0.1938172465,2016,2023,2024,33196,False,True,False,False,False,False,False,False,False,False,False,True,True
1019,42,100,13796738.75,na,,-2.709965389,2016,2020,2022,32812,False,False,False,True,False,False,False,False,False,False,False,True,True
1020,42,100,14800000,na,,-2.638272164,2016,2020,2022,32812,False,False,False,True,False,False,False,False,False,False,False,True,True
1021,43,99,1500,total,,1.12904506,2016,2020,2021,23730,False,False,False,False,True,False,False,True,False,False,False,False,False
1022,43,99,1700,total,,1.088844563,2016,2020,2021,23730,False,False,False,False,True,False,False,True,False,False,False,False,False
1023,43,99,1900,total,,1.045322979,2016,2020,2021,23730,False,False,False,False,True,False,False,True,False,False,False,False,False
1024,43,99,2250,total,,1.01911629,2016,2020,2021,23730,False,False,False,False,True,False,False,True,False,False,False,False,False
1025,43,99,2750,total,,1.063708559,2016,2020,2021,23730,False,False,False,False,True,False,False,True,False,False,False,False,False
1026,43,99,3250,total,,1.009025742,2016,2020,2021,23730,False,False,False,False,True,False,False,True,False,False,False,False,False
1027,43,99,3750,total,,1.003460532,2016,2020,2021,23730,False,False,False,False,True,False,False,True,False,False,False,False,False
1028,43,99,4250,total,,0.9995654882,2016,2020,2021,23730,False,False,False,False,True,False,False,True,False,False,False,False,False
1029,43,99,4750,total,,0.9795483747,2016,2020,2021,23730,False,False,False,False,True,False,False,True,False,False,False,False,False
1030,43,99,6250,total,,0.9840770339,2016,2020,2021,23730,False,False,False,False,True,False,False,True,False,False,False,False,False
1031,43,99,8750,total,,0.9777236053,2016,2020,2021,23730,False,False,False,False,True,False,False,True,False,False,False,False,False
1032,43,99,12500,total,,0.9726655923,2016,2020,2021,23730,False,False,False,False,True,False,False,False,True,False,False,False,False
1033,43,99,17500,total,,0.9703468762,2016,2020,2021,23730,False,False,False,False,True,False,False,False,True,False,False,False,False
1034,43,99,22500,total,,0.9786369484,2016,2020,2021,23730,False,False,False,False,True,False,False,False,True,False,False,False,False
1035,43,99,27500,total,,0.9885589569,2016,2020,2021,23730,False,False,False,False,True,False,False,False,True,False,False,False,False
1036,43,99,35000,total,,0.9929950984,2016,2020,2021,23730,False,False,False,False,True,False,False,False,True,False,False,False,False
1037,43,99,45000,total,,0.9898945637,2016,2020,2021,23730,False,False,False,False,True,False,False,False,True,False,False,False,False
1038,43,99,55000,total,,0.9907826918,2016,2020,2021,23730,False,False,False,False,True,False,False,False,True,False,False,False,False
1039,43,99,65000,total,,0.9938769149,2016,2020,2021,23730,False,False,False,False,True,False,False,False,True,False,False,False,False
1040,43,99,75000,total,,1.000434077,2016,2020,2021,23730,False,False,False,False,True,False,False,False,True,False,False,False,False
1041,43,99,85000,total,,0.9973863844,2016,2020,2021,23730,False,False,False,False,True,False,False,False,True,False,False,False,False
1042,43,99,105000,total,,0.9876662649,2016,2020,2021,23730,False,False,False,False,True,False,False,False,False,True,False,False,True
1043,43,99,125000,total,,0.9956351946,2016,2020,2021,23730,False,False,False,False,True,False,False,False,False,True,False,False,True
1044,43,99,139910.6858,total,,0.9993480692,2016,2020,2021,23730,False,False,False,False,True,False,False,False,False,True,False,False,True
1045,43,99,155000,total,,0.9854264741,2016,2020,2021,23730,False,False,False,False,True,False,False,False,False,True,False,False,True
1046,43,99,165000,total,,0.9772662124,2016,2020,2021,23730,False,False,False,False,True,False,False,False,False,True,False,False,True
1047,45,103,16860000,n2n,,0.1707749359,2016,2023,2023,33195,False,True,False,False,False,False,False,False,False,False,False,True,True
1048,45,103,19890000,n2n,,0.01513752088,2016,2023,2023,33195,False,True,False,False,False,False,False,False,False,False,False,True,True
1049,45,103,2584461.575,total,,0.6246651009,2016,2020,2020,14661,False,False,False,False,True,False,False,False,False,False,True,False,True
1050,45,103,2809252.091,total,,0.6120132582,2016,2020,2020,14661,False,False,False,False,True,False,False,False,False,False,True,False,True
1051,45,103,3108163.818,total,,0.6029745639,2016,2020,2020,14661,False,False,False,False,True,False,False,False,False,False,True,False,True
1052,45,103,3435325.325,total,,0.5980441788,2016,2020,2020,14661,False,False,False,False,True,False,False,False,False,False,True,False,True
1053,45,103,3791528.281,total,,0.5869763691,2016,2020,2020,14661,False,False,False,False,True,False,False,False,False,False,True,False,True
1054,45,103,4196370.367,total,,0.5784322744,2016,2020,2020,14661,False,False,False,False,True,False,False,False,False,False,True,False,True
1055,45,103,4646452.128,total,,0.5801254118,2016,2020,2020,14661,False,False,False,False,True,False,False,False,False,False,True,False,True
1056,45,103,5132842.259,total,,0.5855331554,2016,2020,2020,14661,False,False,False,False,True,False,False,False,False,False,True,False,True
1057,45,103,5668716.927,total,,0.5894620645,2016,2020,2020,14661,False,False,False,False,True,False,False,False,False,False,True,False,True
1058,45,103,6257030.423,total,,0.591457456,2016,2020,2020,14661,False,False,False,False,True,False,False,False,False,False,True,False,True
1059,45,103,6921428.708,total,,0.5998805687,2016,2020,2020,14661,False,False,False,False,True,False,False,False,False,False,True,False,True
1060,45,103,7648210.956,total,,0.6105522147,2016,2020,2020,14661,False,False,False,False,True,False,False,False,False,False,True,False,True
1061,45,103,8440002.567,total,,0.6146435224,2016,2020,2020,14661,False,False,False,False,True,False,False,False,False,False,True,False,True
1062,45,103,9328420.124,total,,0.624668103,2016,2020,2020,14661,False,False,False,False,True,False,False,False,False,False,True,False,True
1063,45,103,10327595.46,total,,0.6288878995,2016,2020,2020,14661,False,False,False,False,True,False,False,False,False,False,False,True,True
1064,45,103,11406427.44,total,,0.6225490295,2016,2020,2020,14661,False,False,False,False,True,False,False,False,False,False,False,True,True
1065,45,103,12561848.22,total,,0.6161741515,2016,2020,2020,14661,False,False,False,False,True,False,False,False,False,False,False,True,True
1066,45,103,13903370,total,,0.6090861011,2016,2020,2020,14661,False,False,False,False,True,False,False,False,False,False,False,True,True
1067,45,103,15402638.41,total,,0.5876225056,2016,2020,2020,14661,False,False,False,False,True,False,False,False,False,False,False,True,True
1068,45,103,16995573.77,total,,0.5738545029,2016,2020,2020,14661,False,False,False,False,True,False,False,False,False,False,False,True,True
1069,45,103,18758520.98,total,,0.5477482532,2016,2020,2020,14661,False,False,False,False,True,False,False,False,False,False,False,True,True
1070,45,103,19843930,total,,0.5293995522,2016,2020,2020,14661,False,False,False,False,True,False,False,False,False,False,False,True,True
1071,46,102,14540000,n2n,,-0.03796231343,2016,2020,2020,33146,False,True,False,False,False,False,False,False,False,False,False,True,True
1072,46,102,14770000,n2n,,-0.02273378757,2016,2024,2026,33224,False,True,False,False,False,False,False,False,False,False,False,True,True
1073,46,105,14540000,np,,-1.363512104,2016,2020,2020,33146,False,False,True,False,False,False,False,False,False,False,False,True,True
1074,46,105,14770000,np,,-1.337242168,2016,2024,2026,33224,False,False,True,False,False,False,False,False,False,False,False,True,True
1075,46,110,13796738.75,n2n,,0.2233661264,2016,2018,2019,32776,False,True,False,False,False,False,False,False,False,False,False,True,True
1076,46,110,14800000,n2n,,0.2242740143,2016,2018,2019,32776,False,True,False,False,False,False,False,False,False,False,False,True,True
1077,46,110,14540000,n2n,,0.2799861609,2016,2020,2020,33146,False,True,False,False,False,False,False,False,False,False,False,True,True
1078,47,107,2889.57208,capture,,0.334834346,2016,2022,2024,32913,True,False,False,False,False,False,False,True,False,False,False,False,False
1079,47,107,3136.933431,capture,,0.1905657138,2016,2022,2024,32913,True,False,False,False,False,False,False,True,False,False,False,False,False
1080,47,107,3465.108732,capture,,0.1090097651,2016,2022,2024,32913,True,False,False,False,False,False,False,True,False,False,False,False,False
1081,47,107,3827.514698,capture,,0.2607207682,2016,2022,2024,32913,True,False,False,False,False,False,False,True,False,False,False,False,False
1082,47,107,4233.181287,capture,,0.174685145,2016,2022,2024,32913,True,False,False,False,False,False,False,True,False,False,False,False,False
1083,47,107,4677.353567,capture,,0.2941578584,2016,2022,2024,32913,True,False,False,False,False,False,False,True,False,False,False,False,False
1084,47,107,5168.131238,capture,,0.2112397617,2016,2022,2024,32913,True,False,False,False,False,False,False,True,False,False,False,False,False
1085,47,107,5710.404418,capture,,0.1896218983,2016,2022,2024,32913,True,False,False,False,False,False,False,True,False,False,False,False,False
1086,47,107,6309.576344,capture,,0.2179632764,2016,2022,2024,32913,True,False,False,False,False,False,False,True,False,False,False,False,False
1087,47,107,6971.617215,capture,,0.09798147774,2016,2022,2024,32913,True,False,False,False,False,False,False,True,False,False,False,False,False
1088,47,107,7703.123598,capture,,0.1634847039,2016,2022,2024,32913,True,False,False,False,False,False,False,True,False,False,False,False,False
1089,47,107,8511.384302,capture,,0.1963882035,2016,2022,2024,32913,True,False,False,False,False,False,False,True,False,False,False,False,False
1090,47,107,9413.479901,capture,,0.1769175713,2016,2022,2024,32913,True,False,False,False,False,False,False,True,False,False,False,False,False
1091,47,107,10411.18587,capture,,0.1210711806,2016,2022,2024,32913,True,False,False,False,False,False,False,False,True,False,False,False,False
1092,47,107,11503.59368,capture,,0.09318415247,2016,2022,2024,32913,True,False,False,False,False,False,False,False,True,False,False,False,False
1093,47,107,12710.62385,capture,,0.1090420446,2016,2022,2024,32913,True,False,False,False,False,False,False,False,True,False,False,False,False
1094,47,107,14044.3033,capture,,0.09261294146,2016,2022,2024,32913,True,False,False,False,False,False,False,False,True,False,False,False,False
1095,47,107,15517.92088,capture,,0.08610694345,2016,2022,2024,32913,True,False,False,False,False,False,False,False,True,False,False,False,False
1096,47,107,17146.15978,capture,,0.1029812027,2016,2022,2024,32913,True,False,False,False,False,False,False,False,True,False,False,False,False
1097,47,107,18945.24387,capture,,0.08072331281,2016,2022,2024,32913,True,False,False,False,False,False,False,False,True,False,False,False,False
1098,47,107,20953.19236,capture,,0.03376131782,2016,2022,2024,32913,True,False,False,False,False,False,False,False,True,False,False,False,False
1099,47,107,23173.95717,capture,,-0.002357255211,2016,2022,2024,32913,True,False,False,False,False,False,False,False,True,False,False,False,False
1100,47,107,25605.51607,capture,,-0.0776708903,2016,2022,2024,32913,True,False,False,False,False,False,False,False,True,False,False,False,False
1101,47,107,28292.20958,capture,,0.02934011969,2016,2022,2024,32913,True,False,False,False,False,False,False,False,True,False,False,False,False
1102,47,107,31260.80806,capture,,-0.02005943337,2016,2022,2024,32913,True,False,False,False,False,False,False,False,True,False,False,False,False
1103,47,107,34540.89076,capture,,-0.07666330403,2016,2022,2024,32913,True,False,False,False,False,False,False,False,True,False,False,False,False
1104,47,107,38165.14058,capture,,-0.07406858993,2016,2022,2024,32913,True,False,False,False,False,False,False,False,True,False,False,False,False
1105,47,107,42169.66975,capture,,-0.144197115,2016,2022,2024,32913,True,False,False,False,False,False,False,False,True,False,False,False,False
1106,47,107,46594.37957,capture,,-0.1523487531,2016,2022,2024,32913,True,False,False,False,False,False,False,False,True,False,False,False,False
1107,47,107,51532.77544,capture,,-0.1709157425,2016,2022,2024,32913,True,False,False,False,False,False,False,False,True,False,False,False,False
1108,47,107,56994.5768,capture,,-0.2062943771,2016,2022,2024,32913,True,False,False,False,False,False,False,False,True,False,False,False,False
1109,47,107,62974.8101,capture,,-0.2550306854,2016,2022,2024,32913,True,False,False,False,False,False,False,False,True,False,False,False,False
1110,47,107,69582.52749,capture,,-0.2877131713,2016,2022,2024,32913,True,False,False,False,False,False,False,False,True,False,False,False,False
1111,47,107,76883.56861,capture,,-0.2992117414,2016,2022,2024,32913,True,False,False,False,False,False,False,False,True,False,False,False,False
1112,47,107,84950.68136,capture,,-0.2899763709,2016,2022,2024,32913,True,False,False,False,False,False,False,False,True,False,False,False,False
1113,47,107,93864.24687,capture,,-0.2941234971,2016,2022,2024,32913,True,False,False,False,False,False,False,False,True,False,False,False,False
1114,47,107,99330.7085,capture,,-0.3188502843,2016,2022,2024,32913,True,False,False,False,False,False,False,False,True,False,False,False,False
1115,48,112,14540000,np,,-1.726767166,2016,2024,2025,33209,False,False,True,False,False,False,False,False,False,False,False,True,True
1116,48,112,14540000,np,,-1.654822383,2016,2024,2025,33209,False,False,True,False,False,False,False,False,False,False,False,True,True
1117,49,113,13796738.75,n2n,,0.1589652604,2016,2017,2018,32775,False,True,False,False,False,False,False,False,False,False,False,True,True
1118,49,113,14800000,n2n,,0.1746411927,2016,2017,2018,32775,False,True,False,False,False,False,False,False,False,False,False,True,True
1119,49,115,13796738.75,n2n,,0.1346551423,2016,2017,2018,32775,False,True,False,False,False,False,False,False,False,False,False,True,True
1120,49,115,14800000,n2n,,0.1667260556,2016,2017,2018,32775,False,True,False,False,False,False,False,False,False,False,False,True,True
1121,50,112,14500000,n2n,,-0.0390965706,2016,2021,2021,33161,False,True,False,False,False,False,False,False,False,False,False,True,True
1122,50,112,3128503.737,total,,0.6368568833,2016,2020,2020,14661,False,False,False,False,True,False,False,False,False,False,True,False,True
1123,50,112,3430398.192,total,,0.6224077658,2016,2020,2020,14661,False,False,False,False,True,False,False,False,False,False,True,False,True
1124,50,112,3793428.459,total,,0.6110394941,2016,2020,2020,14661,False,False,False,False,True,False,False,False,False,False,True,False,True
1125,50,112,4199448.443,total,,0.6073425478,2016,2020,2020,14661,False,False,False,False,True,False,False,False,False,False,True,False,True
1126,50,112,4643049.72,total,,0.5994039233,2016,2020,2020,14661,False,False,False,False,True,False,False,False,False,False,True,False,True
1127,50,112,5124738.318,total,,0.6029509832,2016,2020,2020,14661,False,False,False,False,True,False,False,False,False,False,True,False,True
1128,50,112,5657520.78,total,,0.6054792678,2016,2020,2020,14661,False,False,False,False,True,False,False,False,False,False,True,False,True
1129,50,112,6262329.486,total,,0.607796266,2016,2020,2020,14661,False,False,False,False,True,False,False,False,False,False,True,False,True
1130,50,112,6931239.215,total,,0.6130473547,2016,2020,2020,14661,False,False,False,False,True,False,False,False,False,False,True,False,True
1131,50,112,7647552.843,total,,0.6216775762,2016,2020,2020,14661,False,False,False,False,True,False,False,False,False,False,True,False,True
1132,50,112,8456004.443,total,,0.6279671742,2016,2020,2020,14661,False,False,False,False,True,False,False,False,False,False,True,False,True
1133,50,112,9340287.126,total,,0.6432263896,2016,2020,2020,14661,False,False,False,False,True,False,False,False,False,False,True,False,True
1134,50,112,10302230.55,total,,0.6441062583,2016,2020,2020,14661,False,False,False,False,True,False,False,False,False,False,False,True,True
1135,50,112,11381747.29,total,,0.6461405629,2016,2020,2020,14661,False,False,False,False,True,False,False,False,False,False,False,True,True
1136,50,112,12594944.32,total,,0.6467165548,2016,2020,2020,14661,False,False,False,False,True,False,False,False,False,False,False,True,True
1137,50,112,13960067.13,total,,0.6433292798,2016,2020,2020,14661,False,False,False,False,True,False,False,False,False,False,False,True,True
1138,50,112,15432810.1,total,,0.6305999822,2016,2020,2020,14661,False,False,False,False,True,False,False,False,False,False,False,True,True
1139,50,112,17006603.13,total,,0.6137982077,2016,2020,2020,14661,False,False,False,False,True,False,False,False,False,False,False,True,True
1140,50,112,18750306.32,total,,0.5979765487,2016,2020,2020,14661,False,False,False,False,True,False,False,False,False,False,False,True,True
1141,50,112,19814810,total,,0.5921667607,2016,2020,2020,14661,False,False,False,False,True,False,False,False,False,False,False,True,True
1142,50,124,3128503.737,total,,0.646757275,2016,2020,2020,14661,False,False,False,False,True,False,False,False,False,False,True,False,True
1143,50,124,3430398.192,total,,0.6349992646,2016,2020,2020,14661,False,False,False,False,True,False,False,False,False,False,True,False,True
1144,50,124,3793428.459,total,,0.6258980037,2016,2020,2020,14661,False,False,False,False,True,False,False,False,False,False,True,False,True
1145,50,124,4199448.443,total,,0.6230364426,2016,2020,2020,14661,False,False,False,False,True,False,False,False,False,False,True,False,True
1146,50,124,4643049.72,total,,0.6201687181,2016,2020,2020,14661,False,False,False,False,True,False,False,False,False,False,True,False,True
1147,50,124,5124738.318,total,,0.6213495593,2016,2020,2020,14661,False,False,False,False,True,False,False,False,False,False,True,False,True
1148,50,124,5657520.78,total,,0.6206508105,2016,2020,2020,14661,False,False,False,False,True,False,False,False,False,False,True,False,True
1149,50,124,6262329.486,total,,0.6197681549,2016,2020,2020,14661,False,False,False,False,True,False,False,False,False,False,True,False,True
1150,50,124,6931239.215,total,,0.6204082571,2016,2020,2020,14661,False,False,False,False,True,False,False,False,False,False,True,False,True
1151,50,124,7647552.843,total,,0.629762013,2016,2020,2020,14661,False,False,False,False,True,False,False,False,False,False,True,False,True
1152,50,124,8456004.443,total,,0.6400085943,2016,2020,2020,14661,False,False,False,False,True,False,False,False,False,False,True,False,True
1153,50,124,9340287.126,total,,0.6567622701,2016,2020,2020,14661,False,False,False,False,True,False,False,False,False,False,True,False,True
1154,50,124,10302230.55,total,,0.6670677388,2016,2020,2020,14661,False,False,False,False,True,False,False,False,False,False,False,True,True
1155,50,124,11381747.29,total,,0.6711553145,2016,2020,2020,14661,False,False,False,False,True,False,False,False,False,False,False,True,True
1156,50,124,12594944.32,total,,0.6726776301,2016,2020,2020,14661,False,False,False,False,True,False,False,False,False,False,False,True,True
1157,50,124,13960067.13,total,,0.6659064997,2016,2020,2020,14661,False,False,False,False,True,False,False,False,False,False,False,True,True
1158,50,124,15432810.1,total,,0.6549500716,2016,2020,2020,14661,False,False,False,False,True,False,False,False,False,False,False,True,True
1159,50,124,17006603.13,total,,0.6412758474,2016,2020,2020,14661,False,False,False,False,True,False,False,False,False,False,False,True,True
1160,50,124,18750306.32,total,,0.6220113866,2016,2020,2020,14661,False,False,False,False,True,False,False,False,False,False,False,True,True
1161,50,124,19814810,total,,0.6155134347,2016,2020,2020,14661,False,False,False,False,True,False,False,False,False,False,False,True,True
1162,51,121,1660000,capture,,-1.126377183,2016,2025,2026,33221,True,False,False,False,False,False,False,False,False,False,True,False,True
1163,51,121,2650000,capture,,-1.326822369,2016,2025,2026,33221,True,False,False,False,False,False,False,False,False,False,True,False,True
1164,51,121,3050000,capture,,-1.324459944,2016,2025,2026,33221,True,False,False,False,False,False,False,False,False,False,True,False,True
1165,51,123,13796738.75,n2n,,0.2343907224,2016,2018,2020,32780,False,True,False,False,False,False,False,False,False,False,False,True,True
1166,51,123,14800000,n2n,,0.2678754193,2016,2018,2020,32780,False,True,False,False,False,False,False,False,False,False,False,True,True
1167,52,122,13796738.75,n2n,,0.01786771896,2016,2020,2020,32803,False,True,False,False,False,False,False,False,False,False,False,True,True
1168,52,122,14800000,n2n,,0.06520612805,2016,2020,2020,32803,False,True,False,False,False,False,False,False,False,False,False,True,True
1169,52,128,13858246.53,n2n,,0.1775364999,2016,2024,2025,32936,False,True,False,False,False,False,False,False,False,False,False,True,True
1170,52,128,14819514.16,n2n,,0.193263773,2016,2024,2025,32936,False,True,False,False,False,False,False,False,False,False,False,True,True
1171,53,127,1564.863375,capture,,0.6170003411,2016,2024,2024,23615,True,False,False,False,False,False,False,True,False,False,False,False,False
1172,53,127,1730.159269,capture,,0.352375495,2016,2024,2024,23615,True,False,False,False,False,False,False,True,False,False,False,False,False
1173,53,127,1922.385581,capture,,0.7423322824,2016,2024,2024,23615,True,False,False,False,False,False,False,True,False,False,False,False,False
1174,53,127,2100.536523,capture,,0.7493110862,2016,2024,2024,23615,True,False,False,False,False,False,False,True,False,False,False,False,False
1175,53,127,2304.651699,capture,,0.4286206727,2016,2024,2024,23615,True,False,False,False,False,False,False,True,False,False,False,False,False
1176,53,127,2540.032898,capture,,0.3984608496,2016,2024,2024,23615,True,False,False,False,False,False,False,True,False,False,False,False,False
1177,53,127,2813.407627,capture,,0.6633710755,2016,2024,2024,23615,True,False,False,False,False,False,False,True,False,False,False,False,False
1178,53,127,3133.416675,capture,,0.179838928,2016,2024,2024,23615,True,False,False,False,False,False,False,True,False,False,False,False,False
1179,53,127,3511.30394,capture,,0.4272426022,2016,2024,2024,23615,True,False,False,False,False,False,False,True,False,False,False,False,False
1180,53,127,3840.56,capture,,0.6835873176,2016,2024,2024,23615,True,False,False,False,False,False,False,True,False,False,False,False,False
1181,53,127,4220.475168,capture,,0.485579477,2016,2024,2024,23615,True,False,False,False,False,False,False,True,False,False,False,False,False
1182,53,127,4657.161,capture,,0.1849751907,2016,2024,2024,23615,True,False,False,False,False,False,False,True,False,False,False,False,False
1183,53,127,5168.404503,capture,,0.08278537032,2016,2024,2024,23615,True,False,False,False,False,False,False,True,False,False,False,False,False
1184,53,127,5764.851,capture,,0.1309766916,2016,2024,2024,23615,True,False,False,False,False,False,False,True,False,False,False,False,False
1185,53,127,6223.179,capture,,0.1821292141,2016,2024,2024,23615,True,False,False,False,False,False,False,True,False,False,False,False,False
1186,53,127,7023.386935,capture,,0.1963143854,2016,2024,2024,23615,True,False,False,False,False,False,False,True,False,False,False,False,False
1187,53,127,7981.174,capture,,0.1152775914,2016,2024,2024,23615,True,False,False,False,False,False,False,True,False,False,False,False,False
1188,53,127,8735.621,capture,,0.1583624921,2016,2024,2024,23615,True,False,False,False,False,False,False,True,False,False,False,False,False
1189,53,127,9602.326,capture,,0.1095785469,2016,2024,2024,23615,True,False,False,False,False,False,False,True,False,False,False,False,False
1190,53,127,10604.72,capture,,0.1122697684,2016,2024,2024,23615,True,False,False,False,False,False,False,False,True,False,False,False,False
1191,53,127,11772.67,capture,,0.08421868674,2016,2024,2024,23615,True,False,False,False,False,False,False,False,True,False,False,False,False
1192,53,127,13144.77,capture,,0.01619735351,2016,2024,2024,23615,True,False,False,False,False,False,False,False,True,False,False,False,False
1193,53,127,14771.5,capture,,0.02242837119,2016,2024,2024,23615,True,False,False,False,False,False,False,False,True,False,False,False,False
1194,53,127,16720,capture,,0.00259798072,2016,2024,2024,23615,True,False,False,False,False,False,False,False,True,False,False,False,False
1195,53,127,19081.1,capture,,-0.01502287358,2016,2024,2024,23615,True,False,False,False,False,False,False,False,True,False,False,False,False
1196,53,127,21980.06,capture,,-0.0752040042,2016,2024,2024,23615,True,False,False,False,False,False,False,False,True,False,False,False,False
1197,53,127,25593.6,capture,,-0.05012229596,2016,2024,2024,23615,True,False,False,False,False,False,False,False,True,False,False,False,False
1198,53,127,30177.39,capture,,-0.0840727883,2016,2024,2024,23615,True,False,False,False,False,False,False,False,True,False,False,False,False
1199,53,127,36112.67,capture,,-0.2350770154,2016,2024,2024,23615,True,False,False,False,False,False,False,False,True,False,False,False,False
1200,53,127,43988.04,capture,,-0.2225731776,2016,2024,2024,23615,True,False,False,False,False,False,False,False,True,False,False,False,False
1201,53,127,54751.31,capture,,-0.2525881921,2016,2024,2024,23615,True,False,False,False,False,False,False,False,True,False,False,False,False
1202,53,127,70008.55,capture,,-0.3605135107,2016,2024,2024,23615,True,False,False,False,False,False,False,False,True,False,False,False,False
1203,53,127,92659.98,capture,,-0.5316526696,2016,2024,2024,23615,True,False,False,False,False,False,False,False,True,False,False,False,False
1204,53,127,128387.2,capture,,-0.5833594927,2016,2024,2024,23615,True,False,False,False,False,False,False,False,False,True,False,False,True
1205,53,127,189597.2,capture,,-0.6345120151,2016,2024,2024,23615,True,False,False,False,False,False,False,False,False,True,False,False,True
1206,53,127,307848.1,capture,,-0.7904849855,2016,2024,2024,23615,True,False,False,False,False,False,False,False,False,True,False,False,True
1207,53,127,584459.2,capture,,-1.207608311,2016,2024,2024,23615,True,False,False,False,False,False,False,False,False,True,False,False,True
1208,53,127,51500,capture,,-0.2125395255,2016,2026,2025,23622,True,False,False,False,False,False,False,False,True,False,False,False,False
1209,53,127,127700,capture,,-0.54668166,2016,2026,2025,23622,True,False,False,False,False,False,False,False,False,True,False,False,True
1210,53,127,600000,capture,,-1.322575562,2016,2021,2021,33162,True,False,False,False,False,False,False,False,False,True,False,False,True
1211,53,127,1260000,capture,,-1.500587874,2016,2021,2021,33162,True,False,False,False,False,False,False,False,False,False,True,False,True
1212,53,127,2510000,capture,,-1.56320149,2016,2021,2021,33162,True,False,False,False,False,False,False,False,False,False,True,False,True
1213,53,127,14077780.36,n2n,,0.1710972215,2016,2023,2025,32796,False,True,False,False,False,False,False,False,False,False,False,True,True
1214,53,127,14790000,n2n,,0.2019157827,2016,2023,2025,32796,False,True,False,False,False,False,False,False,False,False,False,True,True
1215,53,127,14920000,n2n,,0.1814090762,2016,2020,2020,33150,False,True,False,False,False,False,False,False,False,False,False,True,True
1216,53,129,2100.53608,capture,,0.2227164711,2016,2024,2024,23615,True,False,False,False,False,False,False,True,False,False,False,False,False
1217,53,129,2304.651187,capture,,0.3053513694,2016,2024,2024,23615,True,False,False,False,False,False,False,True,False,False,False,False,False
1218,53,129,2540.031873,capture,,0.411619706,2016,2024,2024,23615,True,False,False,False,False,False,False,True,False,False,False,False,False
1219,53,129,2813.408141,capture,,0.2900346114,2016,2024,2024,23615,True,False,False,False,False,False,False,True,False,False,False,False,False
1220,53,129,3133.415619,capture,,-0.351639989,2016,2024,2024,23615,True,False,False,False,False,False,False,True,False,False,False,False,False
1221,53,129,3511.304028,capture,,0.1628629933,2016,2024,2024,23615,True,False,False,False,False,False,False,True,False,False,False,False,False
1222,53,129,3840.56,capture,,0.2405492483,2016,2024,2024,23615,True,False,False,False,False,False,False,True,False,False,False,False,False
1223,53,129,4220.474136,capture,,0.220108088,2016,2024,2024,23615,True,False,False,False,False,False,False,True,False,False,False,False,False
1224,53,129,4657.16,capture,,0.1553360375,2016,2024,2024,23615,True,False,False,False,False,False,False,True,False,False,False,False,False
1225,53,129,5168.401948,capture,,-0.004364805402,2016,2024,2024,23615,True,False,False,False,False,False,False,True,False,False,False,False,False
1226,53,129,5764.85,capture,,-0.04095860768,2016,2024,2024,23615,True,False,False,False,False,False,False,True,False,False,False,False,False
1227,53,129,6223.18,capture,,0.03742649794,2016,2024,2024,23615,True,False,False,False,False,False,False,True,False,False,False,False,False
1228,53,129,7023.384495,capture,,0.006466042249,2016,2024,2024,23615,True,False,False,False,False,False,False,True,False,False,False,False,False
1229,53,129,7981.17,capture,,-0.04575749056,2016,2024,2024,23615,True,False,False,False,False,False,False,True,False,False,False,False,False
1230,53,129,8735.62,capture,,-0.04095860768,2016,2024,2024,23615,True,False,False,False,False,False,False,True,False,False,False,False,False
1231,53,129,9602.33,capture,,-0.1487416513,2016,2024,2024,23615,True,False,False,False,False,False,False,True,False,False,False,False,False
1232,53,129,10604.7,capture,,-0.0268721464,2016,2024,2024,23615,True,False,False,False,False,False,False,False,True,False,False,False,False
1233,53,129,11772.7,capture,,-0.06550154876,2016,2024,2024,23615,True,False,False,False,False,False,False,False,True,False,False,False,False
1234,53,129,13144.8,capture,,-0.2441251443,2016,2024,2024,23615,True,False,False,False,False,False,False,False,True,False,False,False,False
1235,53,129,14771.5,capture,,-0.193820026,2016,2024,2024,23615,True,False,False,False,False,False,False,False,True,False,False,False,False
1236,53,129,16720,capture,,-0.1870866434,2016,2024,2024,23615,True,False,False,False,False,False,False,False,True,False,False,False,False
1237,53,129,19081.1,capture,,-0.2291479884,2016,2024,2024,23615,True,False,False,False,False,False,False,False,True,False,False,False,False
1238,53,129,21980.1,capture,,-0.3372421683,2016,2024,2024,23615,True,False,False,False,False,False,False,False,True,False,False,False,False
1239,53,129,25593.6,capture,,-0.2596373105,2016,2024,2024,23615,True,False,False,False,False,False,False,False,True,False,False,False,False
1240,53,129,30177.4,capture,,-0.3767507096,2016,2024,2024,23615,True,False,False,False,False,False,False,False,True,False,False,False,False
1241,53,129,51500,capture,,-0.5559552041,2016,2026,2025,23622,True,False,False,False,False,False,False,False,True,False,False,False,False
1242,53,129,127700,capture,,-0.8507808873,2016,2026,2025,23622,True,False,False,False,False,False,False,False,False,True,False,False,True
1243,54,124,13945966.41,n2n,,0.02806265153,2016,2022,2024,32871,False,True,False,False,False,False,False,False,False,False,False,True,True
1244,54,124,14800000,n2n,,0.1115985249,2016,2022,2024,32871,False,True,False,False,False,False,False,False,False,False,False,True,True
1245,54,124,13834047.09,n2n,,0.03848504475,2016,2023,2024,32892,False,True,False,False,False,False,False,False,False,False,False,True,True
1246,54,124,14849915.82,n2n,,0.1007323065,2016,2023,2024,32892,False,True,False,False,False,False,False,False,False,False,False,True,True
1247,54,126,13945966.41,n2n,,0.1952075495,2016,2022,2024,32871,False,True,False,False,False,False,False,False,False,False,False,True,True
1248,54,126,14800000,n2n,,0.2540644529,2016,2022,2024,32871,False,True,False,False,False,False,False,False,False,False,False,True,True
1249,54,128,13945966.41,n2n,,0.2191914402,2016,2022,2024,32871,False,True,False,False,False,False,False,False,False,False,False,True,True
1250,54,128,14800000,n2n,,0.2412973871,2016,2022,2024,32871,False,True,False,False,False,False,False,False,False,False,False,True,True
1251,54,131,13945966.41,np,,-2.207608311,2016,2022,2024,32871,False,False,True,False,False,False,False,False,False,False,False,True,True
1252,54,131,14800000,np,,-2.13667714,2016,2022,2024,32871,False,False,True,False,False,False,False,False,False,False,False,True,True
1253,54,134,13945966.41,n2n,,0.2294898607,2016,2023,2024,32895,False,True,False,False,False,False,False,False,False,False,False,True,True
1254,54,134,14800000,n2n,,0.2240148114,2016,2023,2024,32895,False,True,False,False,False,False,False,False,False,False,False,True,True
1255,54,136,13945966.41,n2n,,0.1761636354,2016,2022,2025,32883,False,True,False,False,False,False,False,False,False,False,False,True,True
1256,54,136,14800000,n2n,,0.1804126328,2016,2022,2025,32883,False,True,False,False,False,False,False,False,False,False,False,True,True
1257,55,133,14077780.36,n2n,,0.1936532249,2016,2023,2025,32796,False,True,False,False,False,False,False,False,False,False,False,True,True
1258,55,133,14790000,n2n,,0.2215185603,2016,2023,2025,32796,False,True,False,False,False,False,False,False,False,False,False,True,True
1259,56,132,13796738.75,n2n,,0.08831331559,2016,2017,2018,32769,False,True,False,False,False,False,False,False,False,False,False,True,True
1260,56,132,14800000,n2n,,0.1383026982,2016,2017,2018,32769,False,True,False,False,False,False,False,False,False,False,False,True,True
1261,56,134,13796738.75,n2n,,0.1436392353,2016,2017,2018,32769,False,True,False,False,False,False,False,False,False,False,False,True,True
1262,56,134,14800000,n2n,,0.1740598077,2016,2017,2018,32769,False,True,False,False,False,False,False,False,False,False,False,True,True
1263,58,136,14200000,n2n,,0.1532049001,2016,2019,2021,32768,False,True,False,False,False,False,False,False,False,False,False,True,True
1264,58,136,14900000,n2n,,0.1855421549,2016,2019,2021,32768,False,True,False,False,False,False,False,False,False,False,False,True,True
1265,58,140,14200000,n2n,,0.2322335211,2016,2019,2021,32768,False,True,False,False,False,False,False,False,False,False,False,True,True
1266,58,140,14900000,n2n,,0.2427898095,2016,2019,2021,32768,False,True,False,False,False,False,False,False,False,False,False,True,True
1267,58,140,13500000,n2n,,0.2671717284,2016,2020,2021,33149,False,True,False,False,False,False,False,False,False,False,False,True,True
1268,58,140,13500000,n2n,,0.2552725051,2016,2020,2021,33149,False,True,False,False,False,False,False,False,False,False,False,True,True
1269,58,140,14200000,np,,-2.17327748,2016,2019,2021,32768,False,False,True,False,False,False,False,False,False,False,False,True,True
1270,58,140,14900000,np,,-2.087777943,2016,2019,2021,32768,False,False,True,False,False,False,False,False,False,False,False,True,True
1271,58,142,14200000,capture,,-2.886056648,2016,2019,2021,32768,True,False,False,False,False,False,False,False,False,False,False,True,True
1272,58,142,14900000,capture,,-2.866461092,2016,2019,2021,32768,True,False,False,False,False,False,False,False,False,False,False,True,True
1273,58,142,14200000,n2n,,0.285557309,2016,2019,2021,32768,False,True,False,False,False,False,False,False,False,False,False,True,True
1274,58,142,14900000,n2n,,0.2736955879,2016,2019,2021,32768,False,True,False,False,False,False,False,False,False,False,False,True,True
1275,58,142,13500000,n2n,,0.3117538611,2016,2020,2021,33149,False,True,False,False,False,False,False,False,False,False,False,True,True
1276,58,142,13500000,n2n,,0.3263358609,2016,2020,2021,33149,False,True,False,False,False,False,False,False,False,False,False,True,True
1277,58,142,14200000,na,,-2.20481541,2016,2019,2021,32768,False,False,False,True,False,False,False,False,False,False,False,True,True
1278,58,142,14900000,na,,-2.19314197,2016,2019,2021,32768,False,False,False,True,False,False,False,False,False,False,False,True,True
1279,58,142,14200000,np,,-2.274905479,2016,2019,2021,32768,False,False,True,False,False,False,False,False,False,False,False,True,True
1280,58,142,14900000,np,,-2.106793247,2016,2019,2021,32768,False,False,True,False,False,False,False,False,False,False,False,True,True
1281,60,142,14770000,n2n,,0.1868517872,2016,2022,2022,33170,False,True,False,False,False,False,False,False,False,False,False,True,True
1282,60,146,14540000,np,,-2.387216143,2016,2020,2021,33153,False,False,True,False,False,False,False,False,False,False,False,True,True
1283,60,146,14770000,np,,-2.461928873,2016,2022,2022,33170,False,False,True,False,False,False,False,False,False,False,False,True,True
1284,60,148,14540000,n2n,,0.2585415071,2016,2020,2021,33153,False,True,False,False,False,False,False,False,False,False,False,True,True
1285,60,148,14770000,n2n,,0.255577731,2016,2022,2022,33170,False,True,False,False,False,False,False,False,False,False,False,True,True
1286,60,150,14770000,n2n,,0.2369175309,2016,2022,2022,33170,False,True,False,False,False,False,False,False,False,False,False,True,True
1287,63,151,13796738.75,n2n,,0.04960561259,2016,2018,2019,32779,False,True,False,False,False,False,False,False,False,False,False,True,True
1288,63,151,14800000,n2n,,0.07554696139,2016,2018,2019,32779,False,True,False,False,False,False,False,False,False,False,False,True,True
1289,63,151,13796738.75,na,,-2.530177984,2016,2017,2017,32753,False,False,False,True,False,False,False,False,False,False,False,True,True
1290,63,151,14800000,na,,-2.420216403,2016,2017,2017,32753,False,False,False,True,False,False,False,False,False,False,False,True,True
1291,63,153,13796738.75,n2n,,0.2485862439,2016,2017,2018,32772,False,True,False,False,False,False,False,False,False,False,False,True,True
1292,63,153,14800000,n2n,,0.2557547866,2016,2017,2018,32772,False,True,False,False,False,False,False,False,False,False,False,True,True
1293,63,153,13796738.75,na,,-2.868060705,2016,2020,2020,32808,False,False,False,True,False,False,False,False,False,False,False,True,True
1294,63,153,14800000,na,,-2.76700389,2016,2020,2020,32808,False,False,False,True,False,False,False,False,False,False,False,True,True
1295,63,153,13796738.75,np,,-2.431798276,2016,2020,2020,32808,False,False,True,False,False,False,False,False,False,False,False,True,True
1296,63,153,14800000,np,,-2.346787486,2016,2020,2020,32808,False,False,True,False,False,False,False,False,False,False,False,True,True
1297,65,159,2292.232515,capture,,0.7882454622,2016,2023,2024,32899,True,False,False,False,False,False,False,True,False,False,False,False,False
1298,65,159,2542.49,capture,,0.762359664,2016,2023,2024,32899,True,False,False,False,False,False,False,True,False,False,False,False,False
1299,65,159,2820.067802,capture,,0.7705405329,2016,2023,2024,32899,True,False,False,False,False,False,False,True,False,False,False,False,False
1300,65,159,3127.94,capture,,0.8007782325,2016,2023,2024,32899,True,False,False,False,False,False,False,True,False,False,False,False,False
1301,65,159,3469.435364,capture,,0.6641298266,2016,2023,2024,32899,True,False,False,False,False,False,False,True,False,False,False,False,False
1302,65,159,3848.21,capture,,0.5820554046,2016,2023,2024,32899,True,False,False,False,False,False,False,True,False,False,False,False,False
1303,65,159,4268.338753,capture,,0.5326117134,2016,2023,2024,32899,True,False,False,False,False,False,False,True,False,False,False,False,False
1304,65,159,4734.34,capture,,0.5555961982,2016,2023,2024,32899,True,False,False,False,False,False,False,True,False,False,False,False,False
1305,65,159,5072.93,capture,,0.6274846568,2016,2023,2024,32899,True,False,False,False,False,False,False,True,False,False,False,False,False
1306,65,159,5626.763513,capture,,0.4586287854,2016,2023,2024,32899,True,False,False,False,False,False,False,True,False,False,False,False,False
1307,65,159,6241.07,capture,,0.5063737772,2016,2023,2024,32899,True,False,False,False,False,False,False,True,False,False,False,False,False
1308,65,159,6922.430606,capture,,0.4875915311,2016,2023,2024,32899,True,False,False,False,False,False,False,True,False,False,False,False,False
1309,65,159,7678.19,capture,,0.4666467114,2016,2023,2024,32899,True,False,False,False,False,False,False,True,False,False,False,False,False
1310,65,159,8516.459619,capture,,0.3825762195,2016,2023,2024,32899,True,False,False,False,False,False,False,True,False,False,False,False,False
1311,65,159,9446.24,capture,,0.4524136377,2016,2023,2024,32899,True,False,False,False,False,False,False,True,False,False,False,False,False
1312,65,159,10477.5,capture,,0.4107645838,2016,2023,2024,32899,True,False,False,False,False,False,False,False,True,False,False,False,False
1313,65,159,11621.4,capture,,0.2664715981,2016,2023,2024,32899,True,False,False,False,False,False,False,False,True,False,False,False,False
1314,65,159,12890.21072,capture,,0.3595926647,2016,2023,2024,32899,True,False,False,False,False,False,False,False,True,False,False,False,False
1315,65,159,14297.5,capture,,0.3204267207,2016,2023,2024,32899,True,False,False,False,False,False,False,False,True,False,False,False,False
1316,65,159,15320,capture,,0.2491934639,2016,2023,2024,32899,True,False,False,False,False,False,False,False,True,False,False,False,False
1317,65,159,16992.56421,capture,,0.2711489702,2016,2023,2024,32899,True,False,False,False,False,False,False,False,True,False,False,False,False
1318,65,159,18847.7,capture,,0.2349068602,2016,2023,2024,32899,True,False,False,False,False,False,False,False,True,False,False,False,False
1319,65,159,20905.42914,capture,,0.2727591578,2016,2023,2024,32899,True,False,False,False,False,False,False,False,True,False,False,False,False
1320,65,159,23187.8,capture,,0.1955039046,2016,2023,2024,32899,True,False,False,False,False,False,False,False,True,False,False,False,False
1321,65,159,25719.25747,capture,,0.1518155625,2016,2023,2024,32899,True,False,False,False,False,False,False,False,True,False,False,False,False
1322,65,159,28527.2,capture,,0.1019360059,2016,2023,2024,32899,True,False,False,False,False,False,False,False,True,False,False,False,False
1323,65,159,31641.62437,capture,,0.1081081655,2016,2023,2024,32899,True,False,False,False,False,False,False,False,True,False,False,False,False
1324,65,159,35096.1,capture,,0.101815786,2016,2023,2024,32899,True,False,False,False,False,False,False,False,True,False,False,False,False
1325,65,159,37606.2,capture,,0.07269462861,2016,2023,2024,32899,True,False,False,False,False,False,False,False,True,False,False,False,False
1326,65,159,41711.76832,capture,,0.07561629699,2016,2023,2024,32899,True,False,False,False,False,False,False,False,True,False,False,False,False
1327,65,159,46265.7,capture,,0.06998242122,2016,2023,2024,32899,True,False,False,False,False,False,False,False,True,False,False,False,False
1328,65,159,51316.73908,capture,,0.04603643516,2016,2023,2024,32899,True,False,False,False,False,False,False,False,True,False,False,False,False
1329,65,159,56919.2,capture,,-0.0002658695873,2016,2023,2024,32899,True,False,False,False,False,False,False,False,True,False,False,False,False
1330,65,159,63133.33889,capture,,-0.03087775507,2016,2023,2024,32899,True,False,False,False,False,False,False,False,True,False,False,False,False
1331,65,159,70026,capture,,0.003555308261,2016,2023,2024,32899,True,False,False,False,False,False,False,False,True,False,False,False,False
1332,65,159,77671.01903,capture,,-0.09787929912,2016,2023,2024,32899,True,False,False,False,False,False,False,False,True,False,False,False,False
1333,65,159,86150.7,capture,,-0.0995766079,2016,2023,2024,32899,True,False,False,False,False,False,False,False,True,False,False,False,False
1334,65,159,92312.2,capture,,-0.1521097558,2016,2023,2024,32899,True,False,False,False,False,False,False,False,True,False,False,False,False
1335,65,159,102390.5647,capture,,-0.1812361917,2016,2023,2024,32899,True,False,False,False,False,False,False,False,False,True,False,False,True
1336,65,159,113569,capture,,-0.1269818236,2016,2023,2024,32899,True,False,False,False,False,False,False,False,False,True,False,False,True
1337,65,159,125967.3619,capture,,-0.2119759461,2016,2023,2024,32899,True,False,False,False,False,False,False,False,False,True,False,False,True
1338,65,159,139720,capture,,-0.2313286066,2016,2023,2024,32899,True,False,False,False,False,False,False,False,False,True,False,False,True
1339,65,159,154974.0606,capture,,-0.267588145,2016,2023,2024,32899,True,False,False,False,False,False,False,False,False,True,False,False,True
1340,65,159,171893,capture,,-0.3131323474,2016,2023,2024,32899,True,False,False,False,False,False,False,False,False,True,False,False,True
1341,65,159,190659.7659,capture,,-0.3182465069,2016,2023,2024,32899,True,False,False,False,False,False,False,False,False,True,False,False,True
1342,65,159,211475,capture,,-0.349298196,2016,2023,2024,32899,True,False,False,False,False,False,False,False,False,True,False,False,True
1343,65,159,226600,capture,,-0.3724999835,2016,2023,2024,32899,True,False,False,False,False,False,False,False,False,True,False,False,True
1344,65,159,251338.5761,capture,,-0.3900679967,2016,2023,2024,32899,True,False,False,False,False,False,False,False,False,True,False,False,True
1345,65,159,278778,capture,,-0.4003395882,2016,2023,2024,32899,True,False,False,False,False,False,False,False,False,True,False,False,True
1346,65,159,309213.5464,capture,,-0.4033215505,2016,2023,2024,32899,True,False,False,False,False,False,False,False,False,True,False,False,True
1347,65,159,342972,capture,,-0.4499001192,2016,2023,2024,32899,True,False,False,False,False,False,False,False,False,True,False,False,True
1348,65,159,380416.0634,capture,,-0.5093919703,2016,2023,2024,32899,True,False,False,False,False,False,False,False,False,True,False,False,True
1349,65,159,421948,capture,,-0.535166313,2016,2023,2024,32899,True,False,False,False,False,False,False,False,False,True,False,False,True
1350,65,159,468013.8135,capture,,-0.5939139372,2016,2023,2024,32899,True,False,False,False,False,False,False,False,False,True,False,False,True
1351,65,159,519110,capture,,-0.649275295,2016,2023,2024,32899,True,False,False,False,False,False,False,False,False,True,False,False,True
1352,65,159,575783.0425,capture,,-0.6650167727,2016,2023,2024,32899,True,False,False,False,False,False,False,False,False,True,False,False,True
1353,65,159,638644,capture,,-0.7242511155,2016,2023,2024,32899,True,False,False,False,False,False,False,False,False,True,False,False,True
1354,65,159,684320,capture,,-0.7105492946,2016,2023,2024,32899,True,False,False,False,False,False,False,False,False,True,False,False,True
1355,65,159,759030.2276,capture,,-0.7800790128,2016,2023,2024,32899,True,False,False,False,False,False,False,False,False,True,False,False,True
1356,65,159,841897,capture,,-0.8286421951,2016,2023,2024,32899,True,False,False,False,False,False,False,False,False,True,False,False,True
1357,65,159,902109,capture,,-0.8232375511,2016,2023,2024,32899,True,False,False,False,False,False,False,False,False,True,False,False,True
1358,65,159,5080000,capture,,-3.003002645,2016,2018,2019,33113,True,False,False,False,False,False,False,False,False,False,True,False,True
1359,65,159,12470000,capture,,-2.890884002,2016,2018,2019,33113,True,False,False,False,False,False,False,False,False,False,False,True,True
1360,65,159,16630000,capture,,-3.2083725,2016,2018,2019,33113,True,False,False,False,False,False,False,False,False,False,False,True,True
1361,66,156,17100000,n2n,,0.2227164711,2016,2021,2023,23782,False,True,False,False,False,False,False,False,False,False,False,True,True
1362,66,156,18544540.98,n2n,,0.2329961104,2016,2021,2023,23782,False,True,False,False,False,False,False,False,False,False,False,True,True
1363,68,162,10700000,n2n,,-0.3565473235,2016,2018,2018,23418,False,True,False,False,False,False,False,False,False,False,False,True,True
1364,68,162,11148990.99,n2n,,-0.1904402854,2016,2018,2018,23418,False,True,False,False,False,False,False,False,False,False,False,True,True
1365,68,162,17100000,n2n,,0.2944662262,2016,2018,2018,23418,False,True,False,False,False,False,False,False,False,False,False,True,True
1366,68,162,18544540.98,n2n,,0.2741578493,2016,2018,2018,23418,False,True,False,False,False,False,False,False,False,False,False,True,True
1367,69,169,1047.133389,capture,,0.8842106264,2016,2025,2025,14855,True,False,False,False,False,False,False,True,False,False,False,False,False
1368,69,169,1153.465168,capture,,0.8311708755,2016,2025,2025,14855,True,False,False,False,False,False,False,True,False,False,False,False,False
1369,69,169,1276.467657,capture,,0.7862324361,2016,2025,2025,14855,True,False,False,False,False,False,False,True,False,False,False,False,False
1370,69,169,1412.564907,capture,,0.9943651516,2016,2025,2025,14855,True,False,False,False,False,False,False,True,False,False,False,False,False
1371,69,169,1555.975429,capture,,0.7551779017,2016,2025,2025,14855,True,False,False,False,False,False,False,True,False,False,False,False,False
1372,69,169,1713.981958,capture,,0.7048085602,2016,2025,2025,14855,True,False,False,False,False,False,False,True,False,False,False,False,False
1373,69,169,1896.722612,capture,,0.6771687877,2016,2025,2025,14855,True,False,False,False,False,False,False,True,False,False,False,False,False
1374,69,169,2098.973224,capture,,0.7961597708,2016,2025,2025,14855,True,False,False,False,False,False,False,True,False,False,False,False,False
1375,69,169,2322.760426,capture,,0.619803603,2016,2025,2025,14855,True,False,False,False,False,False,False,True,False,False,False,False,False
1376,69,169,2570.418406,capture,,0.672737488,2016,2025,2025,14855,True,False,False,False,False,False,False,True,False,False,False,False,False
1377,69,169,2844.493841,capture,,0.7287543142,2016,2025,2025,14855,True,False,False,False,False,False,False,True,False,False,False,False,False
1378,69,169,3133.313278,capture,,0.5610274041,2016,2025,2025,14855,True,False,False,False,False,False,False,True,False,False,False,False,False
1379,69,169,3451.463045,capture,,0.4555079168,2016,2025,2025,14855,True,False,False,False,False,False,False,True,False,False,False,False,False
1380,69,169,3801.939616,capture,,0.555686814,2016,2025,2025,14855,True,False,False,False,False,False,False,True,False,False,False,False,False
1381,69,169,4217.223016,capture,,0.5136064259,2016,2025,2025,14855,True,False,False,False,False,False,False,True,False,False,False,False,False
1382,69,169,4677.650595,capture,,0.5230470018,2016,2025,2025,14855,True,False,False,False,False,False,False,True,False,False,False,False,False
1383,69,169,5128.924976,capture,,0.4194476736,2016,2025,2025,14855,True,False,False,False,False,False,False,True,False,False,False,False,False
1384,69,169,5688.903869,capture,,0.3888433457,2016,2025,2025,14855,True,False,False,False,False,False,False,True,False,False,False,False,False
1385,69,169,6310.009431,capture,,0.4150735582,2016,2025,2025,14855,True,False,False,False,False,False,False,True,False,False,False,False,False
1386,69,169,6998.889334,capture,,0.3369917688,2016,2025,2025,14855,True,False,False,False,False,False,False,True,False,False,False,False,False
1387,69,169,7762.976826,capture,,0.3863294952,2016,2025,2025,14855,True,False,False,False,False,False,False,True,False,False,False,False,False
1388,69,169,8511.954169,capture,,0.3035794069,2016,2025,2025,14855,True,False,False,False,False,False,False,True,False,False,False,False,False
1389,69,169,9441.213496,capture,,0.2363155233,2016,2025,2025,14855,True,False,False,False,False,False,False,True,False,False,False,False,False
1390,69,169,10471.77578,capture,,0.2147445316,2016,2025,2025,14855,True,False,False,False,False,False,False,False,True,False,False,False,False
1391,69,169,11482.19006,capture,,0.1745467706,2016,2025,2025,14855,True,False,False,False,False,False,False,False,True,False,False,False,False
1392,69,169,12736.04859,capture,,0.1183242597,2016,2025,2025,14855,True,False,False,False,False,False,False,False,True,False,False,False,False
1393,69,169,14126.56949,capture,,0.1182647261,2016,2025,2025,14855,True,False,False,False,False,False,False,False,True,False,False,False,False
1394,69,169,15489.35877,capture,,0.1146526772,2016,2025,2025,14855,True,False,False,False,False,False,False,False,True,False,False,False,False
1395,69,169,17180.09022,capture,,0.06383605374,2016,2025,2025,14855,True,False,False,False,False,False,False,False,True,False,False,False,False
1396,69,169,19056.18089,capture,,0.04412800461,2016,2025,2025,14855,True,False,False,False,False,False,False,False,True,False,False,False,False
1397,69,169,20894.32273,capture,,0.008930025116,2016,2025,2025,14855,True,False,False,False,False,False,False,False,True,False,False,False,False
1398,69,169,23175.3059,capture,,-0.03442016162,2016,2025,2025,14855,True,False,False,False,False,False,False,False,True,False,False,False,False
1399,69,169,25705.48122,capture,,-0.07482977369,2016,2025,2025,14855,True,False,False,False,False,False,False,False,True,False,False,False,False
1400,69,169,28185.66267,capture,,-0.06786629518,2016,2025,2025,14855,True,False,False,False,False,False,False,False,True,False,False,False,False
1401,69,169,30551.2676,capture,,-0.05156747185,2016,2025,2025,14855,True,False,False,False,False,False,False,False,True,False,False,False,False
1402,69,169,38907.42083,capture,,-0.1298771308,2016,2025,2025,14855,True,False,False,False,False,False,False,False,True,False,False,False,False
1403,69,169,42172.23016,capture,,-0.1436034509,2016,2025,2025,14855,True,False,False,False,False,False,False,False,True,False,False,False,False
1404,69,169,46776.50595,capture,,-0.1771097873,2016,2025,2025,14855,True,False,False,False,False,False,False,False,True,False,False,False,False
1405,69,169,51289.24976,capture,,-0.2188660031,2016,2025,2025,14855,True,False,False,False,False,False,False,False,True,False,False,False,False
1406,69,169,56889.03869,capture,,-0.2516708502,2016,2025,2025,14855,True,False,False,False,False,False,False,False,True,False,False,False,False
1407,69,169,63100.09431,capture,,-0.2400659955,2016,2025,2025,14855,True,False,False,False,False,False,False,False,True,False,False,False,False
1408,69,169,69187.82402,capture,,-0.2485572964,2016,2025,2025,14855,True,False,False,False,False,False,False,False,True,False,False,False,False
1409,69,169,75862.60402,capture,,-0.2336949962,2016,2025,2025,14855,True,False,False,False,False,False,False,False,True,False,False,False,False
1410,69,169,96611,capture,,-0.3474345843,2016,2025,2025,14855,True,False,False,False,False,False,False,False,True,False,False,False,False
1411,69,169,103519.4953,capture,,-0.3367986592,2016,2025,2025,14855,True,False,False,False,False,False,False,False,False,True,False,False,True
1412,69,169,114821.9006,capture,,-0.3608373601,2016,2025,2025,14855,True,False,False,False,False,False,False,False,False,True,False,False,True
1413,69,169,125903.2634,capture,,-0.4140882897,2016,2025,2025,14855,True,False,False,False,False,False,False,False,False,True,False,False,True
1414,69,169,146230,capture,,-0.4090801819,2016,2025,2025,14855,True,False,False,False,False,False,False,False,False,True,False,False,True
1415,69,169,154893.5877,capture,,-0.4920328715,2016,2025,2025,14855,True,False,False,False,False,False,False,False,False,True,False,False,True
1416,69,169,169833.754,capture,,-0.498875667,2016,2025,2025,14855,True,False,False,False,False,False,False,False,False,True,False,False,True
1417,69,169,186223.2494,capture,,-0.4978290254,2016,2025,2025,14855,True,False,False,False,False,False,False,False,False,True,False,False,True
1418,69,169,208943.2273,capture,,-0.5387454009,2016,2025,2025,14855,True,False,False,False,False,False,False,False,False,True,False,False,True
1419,69,169,231753.059,capture,,-0.5819308365,2016,2025,2025,14855,True,False,False,False,False,False,False,False,False,True,False,False,True
1420,69,169,251203.3764,capture,,-0.609479966,2016,2025,2025,14855,True,False,False,False,False,False,False,False,False,True,False,False,True
1421,69,169,288420.8924,capture,,-0.6364820334,2016,2025,2025,14855,True,False,False,False,False,False,False,False,False,True,False,False,True
1422,69,169,312628.2547,capture,,-0.6544616021,2016,2025,2025,14855,True,False,False,False,False,False,False,False,False,True,False,False,True
1423,69,169,346762.5533,capture,,-0.6480491674,2016,2025,2025,14855,True,False,False,False,False,False,False,False,False,True,False,False,True
1424,69,169,380216.4798,capture,,-0.6910889295,2016,2025,2025,14855,True,False,False,False,False,False,False,False,False,True,False,False,True
1425,69,169,421722.3016,capture,,-0.7188302266,2016,2025,2025,14855,True,False,False,False,False,False,False,False,False,True,False,False,True
1426,69,169,467765.0595,capture,,-0.8079973851,2016,2025,2025,14855,True,False,False,False,False,False,False,False,False,True,False,False,True
1427,69,169,512892.4976,capture,,-0.8378689093,2016,2025,2025,14855,True,False,False,False,False,False,False,False,False,True,False,False,True
1428,69,169,568890.3869,capture,,-0.8667230246,2016,2025,2025,14855,True,False,False,False,False,False,False,False,False,True,False,False,True
1429,69,169,631000.9431,capture,,-0.8792451504,2016,2025,2025,14855,True,False,False,False,False,False,False,False,False,True,False,False,True
1430,69,169,691878.2402,capture,,-0.898605246,2016,2025,2025,14855,True,False,False,False,False,False,False,False,False,True,False,False,True
1431,69,169,767411.001,capture,,-0.93751579,2016,2025,2025,14855,True,False,False,False,False,False,False,False,False,True,False,False,True
1432,69,169,851195.4169,capture,,-0.9490859224,2016,2025,2025,14855,True,False,False,False,False,False,False,False,False,True,False,False,True
1433,69,169,933313.2365,capture,,-0.972796201,2016,2025,2025,14855,True,False,False,False,False,False,False,False,False,True,False,False,True
1434,69,169,8430000,n2n,,-0.8748441704,2016,2017,2018,14496,False,True,False,False,False,False,False,False,False,False,True,False,True
1435,69,169,9176595.229,n2n,,-0.2124332674,2016,2017,2018,14496,False,True,False,False,False,False,False,False,False,False,True,False,True
1436,69,169,10172049.94,n2n,,0.09187789963,2016,2017,2018,14496,False,True,False,False,False,False,False,False,False,False,False,True,True
1437,69,169,11406174.59,n2n,,0.1994626245,2016,2017,2018,14496,False,True,False,False,False,False,False,False,False,False,False,True,True
1438,69,169,12652628.19,n2n,,0.2708185331,2016,2017,2018,14496,False,True,False,False,False,False,False,False,False,False,False,True,True
1439,69,169,13647710.43,n2n,,0.3054373598,2016,2017,2018,14496,False,True,False,False,False,False,False,False,False,False,False,True,True
1440,69,169,14800000,n2n,,0.3155925338,2016,2017,2018,14496,False,True,False,False,False,False,False,False,False,False,False,True,True
1441,69,169,15243359.21,n2n,,0.3106614558,2016,2021,2021,14708,False,True,False,False,False,False,False,False,False,False,False,True,True
1442,69,169,17045972.59,n2n,,0.2597730063,2016,2021,2021,14708,False,True,False,False,False,False,False,False,False,False,False,True,True
1443,69,169,18421183.46,n2n,,0.1093253878,2016,2021,2021,14708,False,True,False,False,False,False,False,False,False,False,False,True,True
1444,69,169,14050000,n2n,,0.3222192947,2016,2023,2023,31858,False,True,False,False,False,False,False,False,False,False,False,True,True
1445,69,169,12489996,n2n,,0.2639909327,2016,2023,2025,32925,False,True,False,False,False,False,False,False,False,False,False,True,True
1446,69,169,14000000,n2n,,0.2871296207,2016,2023,2025,32925,False,True,False,False,False,False,False,False,False,False,False,True,True
1447,69,169,15491933.38,n2n,,0.3016809493,2016,2023,2025,32925,False,True,False,False,False,False,False,False,False,False,False,True,True
1448,69,169,17000000,n2n,,0.2633993313,2016,2023,2025,32925,False,True,False,False,False,False,False,False,False,False,False,True,True
1449,69,169,18493242.01,n2n,,0.116607744,2016,2023,2025,32925,False,True,False,False,False,False,False,False,False,False,False,True,True
1450,69,169,19800000,n2n,,-0.02826040911,2016,2023,2025,32925,False,True,False,False,False,False,False,False,False,False,False,True,True
1451,70,168,14770000,n2n,,0.2806716836,2016,2022,2022,33175,False,True,False,False,False,False,False,False,False,False,False,True,True
1452,70,170,14770000,n2n,,0.3412188077,2016,2022,2022,33175,False,True,False,False,False,False,False,False,False,False,False,True,True
1453,70,173,14770000,np,,-2.346787486,2016,2022,2022,33175,False,False,True,False,False,False,False,False,False,False,False,True,True
1454,70,174,14770000,na,,-2.93930216,2016,2022,2022,33175,False,False,False,True,False,False,False,False,False,False,False,True,True
1455,70,174,14770000,np,,-2.555955204,2016,2022,2022,33175,False,False,True,False,False,False,False,False,False,False,False,True,True
1456,70,176,14770000,n2n,,0.3508370184,2016,2022,2022,33175,False,True,False,False,False,False,False,False,False,False,False,True,True
1457,71,175,14298601.33,n2n,,0.3093107158,2016,2018,2019,32773,False,True,False,False,False,False,False,False,False,False,False,True,True
1458,71,175,14700000,n2n,,0.2960066693,2016,2018,2019,32773,False,True,False,False,False,False,False,False,False,False,False,True,True
1459,71,175,14600000,na,,-2.63638802,2016,2024,2025,32254,False,False,False,True,False,False,False,False,False,False,False,True,True
1460,71,175,14298601.33,na,,-2.869666232,2016,2018,2019,32773,False,False,False,True,False,False,False,False,False,False,False,True,True
1461,71,175,14700000,na,,-2.823908741,2016,2018,2019,32773,False,False,False,True,False,False,False,False,False,False,False,True,True
1462,71,175,14620000,na,,-2.970616222,2016,2024,2025,32934,False,False,False,True,False,False,False,False,False,False,False,True,True
1463,71,175,14860000,na,,-2.935542011,2016,2024,2025,32934,False,False,False,True,False,False,False,False,False,False,False,True,True
1464,71,175,14600000,np,,-2.180456064,2016,2024,2025,32254,False,False,True,False,False,False,False,False,False,False,False,True,True
1465,71,175,14298601.33,np,,-2.431798276,2016,2018,2019,32773,False,False,True,False,False,False,False,False,False,False,False,True,True
1466,71,175,14700000,np,,-2.420216403,2016,2018,2019,32773,False,False,True,False,False,False,False,False,False,False,False,True,True
1467,71,175,14066788.7,np,,-2.466821298,2016,2024,2025,32934,False,False,True,False,False,False,False,False,False,False,False,True,True
1468,71,175,14860000,np,,-2.366531544,2016,2024,2025,32934,False,False,True,False,False,False,False,False,False,False,False,True,True
1469,71,176,14600000,na,,-2.555955204,2016,2024,2025,32254,False,False,False,True,False,False,False,False,False,False,False,True,True
1470,71,176,14860000,na,,-3,2016,2024,2025,32934,False,False,False,True,False,False,False,False,False,False,False,True,True
1471,72,180,13796738.75,np,,-2.874518734,2016,2021,2021,32851,False,False,True,False,False,False,False,False,False,False,False,True,True
1472,72,180,14800000,np,,-2.725842151,2016,2021,2021,32851,False,False,True,False,False,False,False,False,False,False,False,True,True
1473,73,181,23495,capture,,-0.02826040911,2016,2017,2017,14473,True,False,False,False,False,False,False,False,True,False,False,False,False
1474,73,181,81337,capture,,-0.3535962738,2016,2017,2017,14473,True,False,False,False,False,False,False,False,True,False,False,False,False
1475,73,181,127755,capture,,-0.4609239012,2016,2017,2017,14473,True,False,False,False,False,False,False,False,False,True,False,False,True
1476,73,181,136580,capture,,-0.468521083,2016,2017,2017,14473,True,False,False,False,False,False,False,False,False,True,False,False,True
1477,73,181,167550,capture,,-0.505845406,2016,2017,2017,14473,True,False,False,False,False,False,False,False,False,True,False,False,True
1478,73,181,183035,capture,,-0.5243288117,2016,2017,2017,14473,True,False,False,False,False,False,False,False,False,True,False,False,True
1479,73,181,219155,capture,,-0.5833594927,2016,2017,2017,14473,True,False,False,False,False,False,False,False,False,True,False,False,True
1480,73,181,272385,capture,,-0.616184634,2016,2017,2017,14473,True,False,False,False,False,False,False,False,False,True,False,False,True
1481,73,181,306225,capture,,-0.6497519817,2016,2017,2017,14473,True,False,False,False,False,False,False,False,False,True,False,False,True
1482,73,181,352150,capture,,-0.6882461389,2016,2017,2017,14473,True,False,False,False,False,False,False,False,False,True,False,False,True
1483,73,181,375600,capture,,-0.721246399,2016,2017,2017,14473,True,False,False,False,False,False,False,False,False,True,False,False,True
1484,73,181,467475,capture,,-0.7423214251,2016,2017,2017,14473,True,False,False,False,False,False,False,False,False,True,False,False,True
1485,73,181,555790,capture,,-0.7304870558,2016,2017,2017,14473,True,False,False,False,False,False,False,False,False,True,False,False,True
1486,73,181,642065,capture,,-0.7878123956,2016,2017,2017,14473,True,False,False,False,False,False,False,False,False,True,False,False,True
1487,73,181,699525,capture,,-0.8153085692,2016,2017,2017,14473,True,False,False,False,False,False,False,False,False,True,False,False,True
1488,73,181,949095,capture,,-0.8664610916,2016,2017,2017,14473,True,False,False,False,False,False,False,False,False,True,False,False,True
1489,73,181,1180200,capture,,-0.9665762445,2016,2017,2017,14473,True,False,False,False,False,False,False,False,False,False,True,False,True
1490,73,181,14780000,n2n,,0.2624510897,2016,2020,2020,33142,False,True,False,False,False,False,False,False,False,False,False,True,True
1491,73,181,400199.9917,total,,0.8332746393,2016,2019,2019,14576,False,False,False,False,True,False,False,False,False,True,False,False,True
1492,73,181,420753.4013,total,,0.839771971,2016,2019,2019,14576,False,False,False,False,True,False,False,False,False,True,False,False,True
1493,73,181,464935.8695,total,,0.8363177848,2016,2019,2019,14576,False,False,False,False,True,False,False,False,False,True,False,False,True
1494,73,181,513760.7032,total,,0.8343183479,2016,2019,2019,14576,False,False,False,False,True,False,False,False,False,True,False,False,True
1495,73,181,567757.4869,total,,0.8318834647,2016,2019,2019,14576,False,False,False,False,True,False,False,False,False,True,False,False,True
1496,73,181,627530.8606,total,,0.8324973004,2016,2019,2019,14576,False,False,False,False,True,False,False,False,False,True,False,False,True
1497,73,181,693672.4664,total,,0.8336156263,2016,2019,2019,14576,False,False,False,False,True,False,False,False,False,True,False,False,True
1498,73,181,766520.5527,total,,0.8350766069,2016,2019,2019,14576,False,False,False,False,True,False,False,False,False,True,False,False,True
1499,73,181,847159.565,total,,0.8359925216,2016,2019,2019,14576,False,False,False,False,True,False,False,False,False,True,False,False,True
1500,73,181,936384.1154,total,,0.8369391013,2016,2019,2019,14576,False,False,False,False,True,False,False,False,False,True,False,False,True
1501,73,181,1034879.82,total,,0.8388014569,2016,2019,2019,14576,False,False,False,False,True,False,False,False,False,False,True,False,True
1502,73,181,1143518.219,total,,0.84023279,2016,2019,2019,14576,False,False,False,False,True,False,False,False,False,False,True,False,True
1503,73,181,1263921.094,total,,0.8443553576,2016,2019,2019,14576,False,False,False,False,True,False,False,False,False,False,True,False,True
1504,73,181,1396656.799,total,,0.8459385691,2016,2019,2019,14576,False,False,False,False,True,False,False,False,False,False,True,False,True
1505,73,181,1543406.233,total,,0.8503207614,2016,2019,2019,14576,False,False,False,False,True,False,False,False,False,False,True,False,True
1506,73,181,1706062.252,total,,0.8527267462,2016,2019,2019,14576,False,False,False,False,True,False,False,False,False,False,True,False,True
1507,73,181,1885100.995,total,,0.8567082646,2016,2019,2019,14576,False,False,False,False,True,False,False,False,False,False,True,False,True
1508,73,181,2083766.096,total,,0.8579651894,2016,2019,2019,14576,False,False,False,False,True,False,False,False,False,False,True,False,True
1509,73,181,2303168.934,total,,0.8576608645,2016,2019,2019,14576,False,False,False,False,True,False,False,False,False,False,True,False,True
1510,73,181,2544709.435,total,,0.8534073596,2016,2019,2019,14576,False,False,False,False,True,False,False,False,False,False,True,False,True
1511,73,181,2811691.946,total,,0.8477471043,2016,2019,2019,14576,False,False,False,False,True,False,False,False,False,False,True,False,True
1512,73,181,3107278.362,total,,0.839977615,2016,2019,2019,14576,False,False,False,False,True,False,False,False,False,False,True,False,True
1513,73,181,3435103.857,total,,0.8269341462,2016,2019,2019,14576,False,False,False,False,True,False,False,False,False,False,True,False,True
1514,73,181,3796275.872,total,,0.8143176749,2016,2019,2019,14576,False,False,False,False,True,False,False,False,False,False,True,False,True
1515,73,181,4194811.571,total,,0.7988545948,2016,2019,2019,14576,False,False,False,False,True,False,False,False,False,False,True,False,True
1516,73,181,4637381.628,total,,0.7828260314,2016,2019,2019,14576,False,False,False,False,True,False,False,False,False,False,True,False,True
1517,73,181,5125585.362,total,,0.7668760698,2016,2019,2019,14576,False,False,False,False,True,False,False,False,False,False,True,False,True
1518,73,181,5662302.151,total,,0.7486654554,2016,2019,2019,14576,False,False,False,False,True,False,False,False,False,False,True,False,True
1519,73,181,6256893.196,total,,0.7345447055,2016,2019,2019,14576,False,False,False,False,True,False,False,False,False,False,True,False,True
1520,73,181,6918144.802,total,,0.7200919657,2016,2019,2019,14576,False,False,False,False,True,False,False,False,False,False,True,False,True
1521,73,181,7647874.409,total,,0.7123482634,2016,2019,2019,14576,False,False,False,False,True,False,False,False,False,False,True,False,True
1522,73,181,8450635.949,total,,0.7070002539,2016,2019,2019,14576,False,False,False,False,True,False,False,False,False,False,True,False,True
1523,73,181,9336228.321,total,,0.706184478,2016,2019,2019,14576,False,False,False,False,True,False,False,False,False,False,True,False,True
1524,73,181,10317494.11,total,,0.710964326,2016,2019,2019,14576,False,False,False,False,True,False,False,False,False,False,False,True,True
1525,73,181,11403169.23,total,,0.7157906999,2016,2019,2019,14576,False,False,False,False,True,False,False,False,False,False,False,True,True
1526,73,181,12600456.8,total,,0.7219126332,2016,2019,2019,14576,False,False,False,False,True,False,False,False,False,False,False,True,True
1527,73,181,13927335.01,total,,0.7264011621,2016,2019,2019,14576,False,False,False,False,True,False,False,False,False,False,False,True,True
1528,73,181,15395837.2,total,,0.7310229644,2016,2019,2019,14576,False,False,False,False,True,False,False,False,False,False,False,True,True
1529,73,181,17018495.35,total,,0.7320331875,2016,2019,2019,14576,False,False,False,False,True,False,False,False,False,False,False,True,True
1530,73,181,18802067.52,total,,0.7200360128,2016,2019,2019,14576,False,False,False,False,True,False,False,False,False,False,False,True,True
1531,73,181,19889882.69,total,,0.7294347894,2016,2019,2019,14576,False,False,False,False,True,False,False,False,False,False,False,True,True
1532,73,181,400199.9917,total,,0.8391007827,2016,2019,2019,14576,False,False,False,False,True,False,False,False,False,True,False,False,True
1533,73,181,420753.4013,total,,0.8419928849,2016,2019,2019,14576,False,False,False,False,True,False,False,False,False,True,False,False,True
1534,73,181,464935.8695,total,,0.8387380711,2016,2019,2019,14576,False,False,False,False,True,False,False,False,False,True,False,False,True
1535,73,181,513760.7032,total,,0.8355546917,2016,2019,2019,14576,False,False,False,False,True,False,False,False,False,True,False,False,True
1536,73,181,567757.4869,total,,0.8329363324,2016,2019,2019,14576,False,False,False,False,True,False,False,False,False,True,False,False,True
1537,73,181,627530.8606,total,,0.832917379,2016,2019,2019,14576,False,False,False,False,True,False,False,False,False,True,False,False,True
1538,73,181,693672.4664,total,,0.8352989954,2016,2019,2019,14576,False,False,False,False,True,False,False,False,False,True,False,False,True
1539,73,181,766520.5527,total,,0.8355849731,2016,2019,2019,14576,False,False,False,False,True,False,False,False,False,True,False,False,True
1540,73,181,847159.565,total,,0.8367906989,2016,2019,2019,14576,False,False,False,False,True,False,False,False,False,True,False,False,True
1541,73,181,936384.1154,total,,0.8379180219,2016,2019,2019,14576,False,False,False,False,True,False,False,False,False,True,False,False,True
1542,73,181,1034879.82,total,,0.8393220264,2016,2019,2019,14576,False,False,False,False,True,False,False,False,False,False,True,False,True
1543,73,181,1143518.219,total,,0.8412578431,2016,2019,2019,14576,False,False,False,False,True,False,False,False,False,False,True,False,True
1544,73,181,1263921.094,total,,0.8440146393,2016,2019,2019,14576,False,False,False,False,True,False,False,False,False,False,True,False,True
1545,73,181,1396656.799,total,,0.8471010819,2016,2019,2019,14576,False,False,False,False,True,False,False,False,False,False,True,False,True
1546,73,181,1543406.233,total,,0.8506455657,2016,2019,2019,14576,False,False,False,False,True,False,False,False,False,False,True,False,True
1547,73,181,1706062.252,total,,0.8537484253,2016,2019,2019,14576,False,False,False,False,True,False,False,False,False,False,True,False,True
1548,73,181,1885100.995,total,,0.8566198574,2016,2019,2019,14576,False,False,False,False,True,False,False,False,False,False,True,False,True
1549,73,181,2083766.096,total,,0.8579931939,2016,2019,2019,14576,False,False,False,False,True,False,False,False,False,False,True,False,True
1550,73,181,2303168.934,total,,0.8575174886,2016,2019,2019,14576,False,False,False,False,True,False,False,False,False,False,True,False,True
1551,73,181,2544709.435,total,,0.8538905677,2016,2019,2019,14576,False,False,False,False,True,False,False,False,False,False,True,False,True
1552,73,181,2811691.946,total,,0.8480235874,2016,2019,2019,14576,False,False,False,False,True,False,False,False,False,False,True,False,True
1553,73,181,3107278.362,total,,0.8392707889,2016,2019,2019,14576,False,False,False,False,True,False,False,False,False,False,True,False,True
1554,73,181,3435103.857,total,,0.8294266342,2016,2019,2019,14576,False,False,False,False,True,False,False,False,False,False,True,False,True
1555,73,181,3796275.872,total,,0.8144074293,2016,2019,2019,14576,False,False,False,False,True,False,False,False,False,False,True,False,True
1556,73,181,4194811.571,total,,0.7987240783,2016,2019,2019,14576,False,False,False,False,True,False,False,False,False,False,True,False,True
1557,73,181,4637381.628,total,,0.7839838456,2016,2019,2019,14576,False,False,False,False,True,False,False,False,False,False,True,False,True
1558,73,181,5125585.362,total,,0.767167864,2016,2019,2019,14576,False,False,False,False,True,False,False,False,False,False,True,False,True
1559,73,181,5662302.151,total,,0.7497593335,2016,2019,2019,14576,False,False,False,False,True,False,False,False,False,False,True,False,True
1560,73,181,6256893.196,total,,0.7349366637,2016,2019,2019,14576,False,False,False,False,True,False,False,False,False,False,True,False,True
1561,73,181,6918144.802,total,,0.7199793922,2016,2019,2019,14576,False,False,False,False,True,False,False,False,False,False,True,False,True
1562,73,181,7647874.409,total,,0.7120747091,2016,2019,2019,14576,False,False,False,False,True,False,False,False,False,False,True,False,True
1563,73,181,8450635.949,total,,0.7066324509,2016,2019,2019,14576,False,False,False,False,True,False,False,False,False,False,True,False,True
1564,73,181,9336228.321,total,,0.7073426456,2016,2019,2019,14576,False,False,False,False,True,False,False,False,False,False,True,False,True
1565,73,181,10317494.11,total,,0.710471574,2016,2019,2019,14576,False,False,False,False,True,False,False,False,False,False,False,True,True
1566,73,181,11403169.23,total,,0.7136699666,2016,2019,2019,14576,False,False,False,False,True,False,False,False,False,False,False,True,True
1567,73,181,12600456.8,total,,0.7199675544,2016,2019,2019,14576,False,False,False,False,True,False,False,False,False,False,False,True,True
1568,73,181,13927335.01,total,,0.723584272,2016,2019,2019,14576,False,False,False,False,True,False,False,False,False,False,False,True,True
1569,73,181,15395837.2,total,,0.7291178779,2016,2019,2019,14576,False,False,False,False,True,False,False,False,False,False,False,True,True
1570,73,181,17018495.35,total,,0.7293613061,2016,2019,2019,14576,False,False,False,False,True,False,False,False,False,False,False,True,True
1571,73,181,18802067.52,total,,0.721655465,2016,2019,2019,14576,False,False,False,False,True,False,False,False,False,False,False,True,True
1572,73,181,19889882.69,total,,0.7243851123,2016,2019,2019,14576,False,False,False,False,True,False,False,False,False,False,False,True,True
1573,74,182,8606369.734,n2n,,-0.6546262694,2016,2025,2025,14856,False,True,False,False,False,False,False,False,False,False,True,False,True
1574,74,182,9350000,n2n,,-0.09205147839,2016,2025,2025,14856,False,True,False,False,False,False,False,False,False,False,True,False,True
1575,74,182,10315734.67,n2n,,0.1343896324,2016,2025,2025,14856,False,True,False,False,False,False,False,False,False,False,False,True,True
1576,74,182,11542400.1,n2n,,0.2467447097,2016,2025,2025,14856,False,True,False,False,False,False,False,False,False,False,False,True,True
1577,74,182,12517503.74,n2n,,0.2963360546,2016,2025,2025,14856,False,True,False,False,False,False,False,False,False,False,False,True,True
1578,74,182,14700000,n2n,,0.3479151865,2016,2025,2025,14856,False,True,False,False,False,False,False,False,False,False,False,True,True
1579,74,182,13942740.05,n2n,,0.3133398439,2016,2022,2024,32874,False,True,False,False,False,False,False,False,False,False,False,True,True
1580,74,182,14800000,n2n,,0.3358589113,2016,2022,2024,32874,False,True,False,False,False,False,False,False,False,False,False,True,True
1581,74,182,13994964.18,np,,-2.39218768,2016,2022,2024,32874,False,False,True,False,False,False,False,False,False,False,False,True,True
1582,74,182,14800000,np,,-2.257274869,2016,2022,2024,32874,False,False,True,False,False,False,False,False,False,False,False,True,True
1583,74,183,13994964.18,np,,-2.531160551,2016,2023,2025,32904,False,False,True,False,False,False,False,False,False,False,False,True,True
1584,74,183,14800000,np,,-2.32330639,2016,2023,2025,32904,False,False,True,False,False,False,False,False,False,False,False,True,True
1585,74,184,13994964.18,np,,-2.718966633,2016,2022,2024,32874,False,False,True,False,False,False,False,False,False,False,False,True,True
1586,74,184,14800000,np,,-2.514278574,2016,2022,2024,32874,False,False,True,False,False,False,False,False,False,False,False,True,True
1587,74,186,14400000,np,,-2.853871964,2016,2019,2020,32797,False,False,True,False,False,False,False,False,False,False,False,True,True
1588,75,185,1044.652998,capture,,1.04857881,2016,2024,2025,32929,True,False,False,False,False,False,False,True,False,False,False,False,False
1589,75,185,1151.453607,capture,,1.103381806,2016,2024,2025,32929,True,False,False,False,False,False,False,True,False,False,False,False,False
1590,75,185,1269.665242,capture,,1.049839259,2016,2024,2025,32929,True,False,False,False,False,False,False,True,False,False,False,False,False
1591,75,185,1399.356788,capture,,1.078279439,2016,2024,2025,32929,True,False,False,False,False,False,False,True,False,False,False,False,False
1592,75,185,1561.212346,capture,,0.9807616105,2016,2024,2025,32929,True,False,False,False,False,False,False,True,False,False,False,False,False
1593,75,185,1722.002037,capture,,0.8668050816,2016,2024,2025,32929,True,False,False,False,False,False,False,True,False,False,False,False,False
1594,75,185,1899.157446,capture,,0.867522169,2016,2024,2025,32929,True,False,False,False,False,False,False,True,False,False,False,False,False
1595,75,185,2089.365794,capture,,0.9414775176,2016,2024,2025,32929,True,False,False,False,False,False,False,True,False,False,False,False,False
1596,75,185,2304.956272,capture,,0.9749632531,2016,2024,2025,32929,True,False,False,False,False,False,False,True,False,False,False,False,False
1597,75,185,2566.82114,capture,,0.96867661,2016,2024,2025,32929,True,False,False,False,False,False,False,True,False,False,False,False,False
1598,75,185,2829.204692,capture,,0.8939142653,2016,2024,2025,32929,True,False,False,False,False,False,False,True,False,False,False,False,False
1599,75,185,3120.518639,capture,,0.8552028596,2016,2024,2025,32929,True,False,False,False,False,False,False,True,False,False,False,False,False
1600,75,185,3476.381856,capture,,0.8243906272,2016,2024,2025,32929,True,False,False,False,False,False,False,True,False,False,False,False,False
1601,75,185,3831.376381,capture,,0.811418149,2016,2024,2025,32929,True,False,False,False,False,False,False,True,False,False,False,False,False
1602,75,185,4221.951508,capture,,0.8048454559,2016,2024,2025,32929,True,False,False,False,False,False,False,True,False,False,False,False,False
1603,75,185,4707.875708,capture,,0.7434387353,2016,2024,2025,32929,True,False,False,False,False,False,False,True,False,False,False,False,False
1604,75,185,5185.961517,capture,,0.7478548109,2016,2024,2025,32929,True,False,False,False,False,False,False,True,False,False,False,False,False
1605,75,185,5719.398518,capture,,0.690248015,2016,2024,2025,32929,True,False,False,False,False,False,False,True,False,False,False,False,False
1606,75,185,6303.165515,capture,,0.6115124807,2016,2024,2025,32929,True,False,False,False,False,False,False,True,False,False,False,False,False
1607,75,185,6948.67607,capture,,0.6189876673,2016,2024,2025,32929,True,False,False,False,False,False,False,True,False,False,False,False,False
1608,75,185,7740.397139,capture,,0.6181803533,2016,2024,2025,32929,True,False,False,False,False,False,False,True,False,False,False,False,False
1609,75,185,8532.519697,capture,,0.5227760225,2016,2024,2025,32929,True,False,False,False,False,False,False,True,False,False,False,False,False
1610,75,185,9405.619887,capture,,0.4916515937,2016,2024,2025,32929,True,False,False,False,False,False,False,True,False,False,False,False,False
1611,75,185,10040,capture,,0.4801435373,2016,2024,2025,32929,True,False,False,False,False,False,False,False,True,False,False,False,False
1612,75,187,1044.652998,capture,,1.334018535,2016,2024,2025,32929,True,False,False,False,False,False,False,True,False,False,False,False,False
1613,75,187,1151.453607,capture,,1.195638444,2016,2024,2025,32929,True,False,False,False,False,False,False,True,False,False,False,False,False
1614,75,187,1269.665242,capture,,1.135728562,2016,2024,2025,32929,True,False,False,False,False,False,False,True,False,False,False,False,False
1615,75,187,1399.356788,capture,,1.285151943,2016,2024,2025,32929,True,False,False,False,False,False,False,True,False,False,False,False,False
1616,75,187,1561.212346,capture,,1.106781843,2016,2024,2025,32929,True,False,False,False,False,False,False,True,False,False,False,False,False
1617,75,187,1722.002037,capture,,1.085993997,2016,2024,2025,32929,True,False,False,False,False,False,False,True,False,False,False,False,False
1618,75,187,1899.157446,capture,,1.090562623,2016,2024,2025,32929,True,False,False,False,False,False,False,True,False,False,False,False,False
1619,75,187,2089.365794,capture,,1.050347657,2016,2024,2025,32929,True,False,False,False,False,False,False,True,False,False,False,False,False
1620,75,187,2304.956272,capture,,1.003621295,2016,2024,2025,32929,True,False,False,False,False,False,False,True,False,False,False,False,False
1621,75,187,2566.82114,capture,,1.090663299,2016,2024,2025,32929,True,False,False,False,False,False,False,True,False,False,False,False,False
1622,75,187,2829.204692,capture,,1.022971827,2016,2024,2025,32929,True,False,False,False,False,False,False,True,False,False,False,False,False
1623,75,187,3120.518639,capture,,0.9496275837,2016,2024,2025,32929,True,False,False,False,False,False,False,True,False,False,False,False,False
1624,75,187,3476.381856,capture,,0.893613977,2016,2024,2025,32929,True,False,False,False,False,False,False,True,False,False,False,False,False
1625,75,187,3831.376381,capture,,0.9067104419,2016,2024,2025,32929,True,False,False,False,False,False,False,True,False,False,False,False,False
1626,75,187,4221.951508,capture,,0.869210474,2016,2024,2025,32929,True,False,False,False,False,False,False,True,False,False,False,False,False
1627,75,187,4707.875708,capture,,0.7705720591,2016,2024,2025,32929,True,False,False,False,False,False,False,True,False,False,False,False,False
1628,75,187,5185.961517,capture,,0.8441762029,2016,2024,2025,32929,True,False,False,False,False,False,False,True,False,False,False,False,False
1629,75,187,5719.398518,capture,,0.7436632301,2016,2024,2025,32929,True,False,False,False,False,False,False,True,False,False,False,False,False
1630,75,187,6303.165515,capture,,0.7014339202,2016,2024,2025,32929,True,False,False,False,False,False,False,True,False,False,False,False,False
1631,75,187,6948.67607,capture,,0.7099273515,2016,2024,2025,32929,True,False,False,False,False,False,False,True,False,False,False,False,False
1632,75,187,7740.397139,capture,,0.7217028111,2016,2024,2025,32929,True,False,False,False,False,False,False,True,False,False,False,False,False
1633,75,187,8532.519697,capture,,0.509844078,2016,2024,2025,32929,True,False,False,False,False,False,False,True,False,False,False,False,False
1634,75,187,9405.619887,capture,,0.5766642439,2016,2024,2025,32929,True,False,False,False,False,False,False,True,False,False,False,False,False
1635,75,187,10040,capture,,0.5092253793,2016,2024,2025,32929,True,False,False,False,False,False,False,False,True,False,False,False,False
1636,75,187,18100000,np,,-2.30980392,2016,2020,2021,23723,False,False,True,False,False,False,False,False,False,False,False,True,True
1637,75,187,15390746.11,np,,-2.451815389,2016,2020,2021,23723,False,False,True,False,False,False,False,False,False,False,False,True,True
1638,75,187,17048167.06,np,,-2.341988603,2016,2020,2021,23723,False,False,True,False,False,False,False,False,False,False,False,True,True
1639,75,187,18300000,np,,-2.30980392,2016,2020,2021,23723,False,False,True,False,False,False,False,False,False,False,False,True,True
1640,75,187,13994964.18,np,,-2.600326279,2016,2021,2025,32854,False,False,True,False,False,False,False,False,False,False,False,True,True
1641,75,187,14800000,np,,-2.485452247,2016,2021,2025,32854,False,False,True,False,False,False,False,False,False,False,False,True,True
1642,77,191,13994282.8,n2n,,0.3235149257,2016,2022,2025,32926,False,True,False,False,False,False,False,False,False,False,False,True,True
1643,77,191,14829969.66,n2n,,0.3292493598,2016,2022,2025,32926,False,True,False,False,False,False,False,False,False,False,False,True,True
1644,79,197,45000,capture,,-0.339134522,2016,2022,2022,23603,True,False,False,False,False,False,False,False,True,False,False,False,False
1645,79,197,133400,capture,,-0.5287082889,2016,2022,2022,23603,True,False,False,False,False,False,False,False,False,True,False,False,True
1646,79,197,21500,capture,,-0.2125395255,2016,2021,2021,23746,True,False,False,False,False,False,False,False,True,False,False,False,False
1647,79,197,53000,capture,,-0.3946949539,2016,2021,2021,23746,True,False,False,False,False,False,False,False,True,False,False,False,False
1648,79,197,128000,capture,,-0.5243288117,2016,2021,2021,23746,True,False,False,False,False,False,False,False,False,True,False,False,True
1649,79,197,1593.125808,capture,,0.6555255293,2016,2021,2022,32856,True,False,False,False,False,False,False,True,False,False,False,False,False
1650,79,197,1719.887633,capture,,0.6483014709,2016,2021,2022,32856,True,False,False,False,False,False,False,True,False,False,False,False,False
1651,79,197,1899.984554,capture,,0.5876134974,2016,2021,2022,32856,True,False,False,False,False,False,False,True,False,False,False,False,False
1652,79,197,2100.148805,capture,,0.6963752621,2016,2021,2022,32856,True,False,False,False,False,False,False,True,False,False,False,False,False
1653,79,197,2321.400485,capture,,0.520184787,2016,2021,2022,32856,True,False,False,False,False,False,False,True,False,False,False,False,False
1654,79,197,2565.961137,capture,,0.4935460644,2016,2021,2022,32856,True,False,False,False,False,False,False,True,False,False,False,False,False
1655,79,197,2836.286321,capture,,0.4453153093,2016,2021,2022,32856,True,False,False,False,False,False,False,True,False,False,False,False,False
1656,79,197,3135.090431,capture,,0.3622890999,2016,2021,2022,32856,True,False,False,False,False,False,False,True,False,False,False,False,False
1657,79,197,3463.379435,capture,,0.5081918667,2016,2021,2022,32856,True,False,False,False,False,False,False,True,False,False,False,False,False
1658,79,197,3826.044972,capture,,0.4308642417,2016,2021,2022,32856,True,False,False,False,False,False,False,True,False,False,False,False,False
1659,79,197,4229.120654,capture,,0.384791221,2016,2021,2022,32856,True,False,False,False,False,False,False,True,False,False,False,False,False
1660,79,197,4674.660525,capture,,0.3660510686,2016,2021,2022,32856,True,False,False,False,False,False,False,True,False,False,False,False,False
1661,79,197,5167.138153,capture,,0.2293151793,2016,2021,2022,32856,True,False,False,False,False,False,False,True,False,False,False,False,False
1662,79,197,5711.498589,capture,,0.3984361108,2016,2021,2022,32856,True,False,False,False,False,False,False,True,False,False,False,False,False
1663,79,197,6313.207568,capture,,0.3043520724,2016,2021,2022,32856,True,False,False,False,False,False,False,True,False,False,False,False,False
1664,79,197,6974.291129,capture,,0.3019950058,2016,2021,2022,32856,True,False,False,False,False,False,False,True,False,False,False,False,False
1665,79,197,7704.599514,capture,,0.2644229505,2016,2021,2022,32856,True,False,False,False,False,False,False,True,False,False,False,False,False
1666,79,197,8516.282726,capture,,0.2036586618,2016,2021,2022,32856,True,False,False,False,False,False,False,True,False,False,False,False,False
1667,79,197,9413.477211,capture,,0.1354021335,2016,2021,2022,32856,True,False,False,False,False,False,False,True,False,False,False,False,False
1668,79,197,10284.1985,capture,,0.1200290411,2016,2021,2022,32856,True,False,False,False,False,False,False,False,True,False,False,False,False
1669,79,197,11481.56693,capture,,0.1352328905,2016,2021,2022,32856,True,False,False,False,False,False,False,False,True,False,False,False,False
1670,79,197,12705.77521,capture,,0.07093491268,2016,2021,2022,32856,True,False,False,False,False,False,False,False,True,False,False,False,False
1671,79,197,14060.51222,capture,,0.03104195976,2016,2021,2022,32856,True,False,False,False,False,False,False,False,True,False,False,False,False
1672,79,197,15523.91058,capture,,-0.001816414323,2016,2021,2022,32856,True,False,False,False,False,False,False,False,True,False,False,False,False
1673,79,197,17139.61849,capture,,-0.007436862971,2016,2021,2022,32856,True,False,False,False,False,False,False,False,True,False,False,False,False
1674,79,197,18967.10929,capture,,-0.06375128359,2016,2021,2022,32856,True,False,False,False,False,False,False,False,True,False,False,False,False
1675,79,197,20941.1804,capture,,-0.09421010551,2016,2021,2022,32856,True,False,False,False,False,False,False,False,True,False,False,False,False
1676,79,197,23120.70946,capture,,-0.1191496553,2016,2021,2022,32856,True,False,False,False,False,False,False,False,True,False,False,False,False
1677,79,197,25585.92639,capture,,-0.168216378,2016,2021,2022,32856,True,False,False,False,False,False,False,False,True,False,False,False,False
1678,79,197,28313.99519,capture,,-0.1222234005,2016,2021,2022,32856,True,False,False,False,False,False,False,False,True,False,False,False,False
1679,79,197,31260.8766,capture,,-0.1539846182,2016,2021,2022,32856,True,False,False,False,False,False,False,False,True,False,False,False,False
1680,79,197,34514.46607,capture,,-0.2499260467,2016,2021,2022,32856,True,False,False,False,False,False,False,False,True,False,False,False,False
1681,79,197,38194.5294,capture,,-0.1888578592,2016,2021,2022,32856,True,False,False,False,False,False,False,False,True,False,False,False,False
1682,79,197,42169.76255,capture,,-0.2424848205,2016,2021,2022,32856,True,False,False,False,False,False,False,False,True,False,False,False,False
1683,79,197,46558.73234,capture,,-0.2803283577,2016,2021,2022,32856,True,False,False,False,False,False,False,False,True,False,False,False,False
1684,79,197,51522.99985,capture,,-0.2962997723,2016,2021,2022,32856,True,False,False,False,False,False,False,False,True,False,False,False,False
1685,79,197,57016.57751,capture,,-0.3104253087,2016,2021,2022,32856,True,False,False,False,False,False,False,False,True,False,False,False,False
1686,79,197,62950.7868,capture,,-0.3374825804,2016,2021,2022,32856,True,False,False,False,False,False,False,False,True,False,False,False,False
1687,79,197,69502.6168,capture,,-0.3509082053,2016,2021,2022,32856,True,False,False,False,False,False,False,False,True,False,False,False,False
1688,79,197,76913.24758,capture,,-0.3743453098,2016,2021,2022,32856,True,False,False,False,False,False,False,False,True,False,False,False,False
1689,79,197,84918.27122,capture,,-0.3938473601,2016,2021,2022,32856,True,False,False,False,False,False,False,False,True,False,False,False,False
1690,79,197,93756.44964,capture,,-0.3768437827,2016,2021,2022,32856,True,False,False,False,False,False,False,False,True,False,False,False,False
1691,79,197,99083.46772,capture,,-0.3199837514,2016,2021,2022,32856,True,False,False,False,False,False,False,False,True,False,False,False,False
1692,79,197,1594.456691,capture,,0.8193333175,2016,2024,2024,32920,True,False,False,False,False,False,False,True,False,False,False,False,False
1693,79,197,1719.89398,capture,,0.8424032753,2016,2024,2024,32920,True,False,False,False,False,False,False,True,False,False,False,False,False
1694,79,197,1895.770123,capture,,0.7901707683,2016,2024,2024,32920,True,False,False,False,False,False,False,True,False,False,False,False,False
1695,79,197,2089.701851,capture,,0.8037656556,2016,2024,2024,32920,True,False,False,False,False,False,False,True,False,False,False,False,False
1696,79,197,2328.489537,capture,,0.7512236586,2016,2024,2024,32920,True,False,False,False,False,False,False,True,False,False,False,False,False
1697,79,197,2566.649032,capture,,0.7081084527,2016,2024,2024,32920,True,False,False,False,False,False,False,True,False,False,False,False,False
1698,79,197,2829.13492,capture,,0.5212897986,2016,2024,2024,32920,True,False,False,False,False,False,False,True,False,False,False,False,False
1699,79,197,3084.918623,capture,,0.4335244909,2016,2024,2024,32920,True,False,False,False,False,False,False,True,False,False,False,False,False
1700,79,197,14100000,n2n,,0.3271545124,2016,2020,2025,14747,False,True,False,False,False,False,False,False,False,False,False,True,True
1701,79,197,14050000,n2n,,0.3018977172,2016,2023,2023,31858,False,True,False,False,False,False,False,False,False,False,False,True,True
1702,79,197,14020727.51,n2n,,0.3191060593,2016,2020,2021,33152,False,True,False,False,False,False,False,False,False,False,False,True,True
1703,79,197,156239.7608,total,,0.9703750561,2016,2018,2018,23415,False,False,False,False,True,False,False,False,False,True,False,False,True
1704,79,197,171138.905,total,,0.9491716488,2016,2018,2018,23415,False,False,False,False,True,False,False,False,False,True,False,False,True
1705,79,197,189041.4211,total,,0.9484808869,2016,2018,2018,23415,False,False,False,False,True,False,False,False,False,True,False,False,True
1706,79,197,208998.4865,total,,0.9330532104,2016,2018,2018,23415,False,False,False,False,True,False,False,False,False,True,False,False,True
1707,79,197,230871.8222,total,,0.9211823234,2016,2018,2018,23415,False,False,False,False,True,False,False,False,False,True,False,False,True
1708,79,197,255147.9857,total,,0.9043604739,2016,2018,2018,23415,False,False,False,False,True,False,False,False,False,True,False,False,True
1709,79,197,282022.5946,total,,0.8972667675,2016,2018,2018,23415,False,False,False,False,True,False,False,False,False,True,False,False,True
1710,79,197,311730.376,total,,0.8704442691,2016,2018,2018,23415,False,False,False,False,True,False,False,False,False,True,False,False,True
1711,79,197,344445.3166,total,,0.862177266,2016,2018,2018,23415,False,False,False,False,True,False,False,False,False,True,False,False,True
1712,79,197,380371.6962,total,,0.8435681591,2016,2018,2018,23415,False,False,False,False,True,False,False,False,False,True,False,False,True
1713,79,197,420478.6458,total,,0.8336516887,2016,2018,2018,23415,False,False,False,False,True,False,False,False,False,True,False,False,True
1714,79,197,464265.6828,total,,0.8198299378,2016,2018,2018,23415,False,False,False,False,True,False,False,False,False,True,False,False,True
1715,79,197,512930.1403,total,,0.8008420012,2016,2018,2018,23415,False,False,False,False,True,False,False,False,False,True,False,False,True
1716,79,197,566951.7687,total,,0.7918242678,2016,2018,2018,23415,False,False,False,False,True,False,False,False,False,True,False,False,True
1717,79,197,626822.3911,total,,0.785329835,2016,2018,2018,23415,False,False,False,False,True,False,False,False,False,True,False,False,True
1718,79,197,693031.2835,total,,0.7776557197,2016,2018,2018,23415,False,False,False,False,True,False,False,False,False,True,False,False,True
1719,79,197,766045.1862,total,,0.7612594359,2016,2018,2018,23415,False,False,False,False,True,False,False,False,False,True,False,False,True
1720,79,197,846279.7559,total,,0.7610429675,2016,2018,2018,23415,False,False,False,False,True,False,False,False,False,True,False,False,True
1721,79,197,936960.1432,total,,0.7541683919,2016,2018,2018,23415,False,False,False,False,True,False,False,False,False,True,False,False,True
1722,79,197,1036260.702,total,,0.7541953882,2016,2018,2018,23415,False,False,False,False,True,False,False,False,False,False,True,False,True
1723,79,197,1144491.484,total,,0.7594160068,2016,2018,2018,23415,False,False,False,False,True,False,False,False,False,False,True,False,True
1724,79,197,1266049.46,total,,0.7658281534,2016,2018,2018,23415,False,False,False,False,True,False,False,False,False,False,True,False,True
1725,79,197,1397522.949,total,,0.7742361416,2016,2018,2018,23415,False,False,False,False,True,False,False,False,False,False,True,False,True
1726,79,197,1544550.056,total,,0.7865876301,2016,2018,2018,23415,False,False,False,False,True,False,False,False,False,False,True,False,True
1727,79,197,1708909.858,total,,0.8011749534,2016,2018,2018,23415,False,False,False,False,True,False,False,False,False,False,True,False,True
1728,79,197,1884464.581,total,,0.8141870373,2016,2018,2018,23415,False,False,False,False,True,False,False,False,False,False,True,False,True
1729,79,197,2079086.955,total,,0.8293622597,2016,2018,2018,23415,False,False,False,False,True,False,False,False,False,False,True,False,True
1730,79,197,2305537.186,total,,0.8447030473,2016,2018,2018,23415,False,False,False,False,True,False,False,False,False,False,True,False,True
1731,79,197,2481320.29,total,,0.8520222794,2016,2018,2018,23415,False,False,False,False,True,False,False,False,False,False,True,False,True
1732,79,197,2809091.353,total,,0.8640361827,2016,2018,2018,23415,False,False,False,False,True,False,False,False,False,False,True,False,True
1733,79,197,3116384.951,total,,0.8679255699,2016,2018,2018,23415,False,False,False,False,True,False,False,False,False,False,True,False,True
1734,79,197,3436247.922,total,,0.868129915,2016,2018,2018,23415,False,False,False,False,True,False,False,False,False,False,True,False,True
1735,79,197,3784785.229,total,,0.864733511,2016,2018,2018,23415,False,False,False,False,True,False,False,False,False,False,True,False,True
1736,79,197,4189305.704,total,,0.8561244442,2016,2018,2018,23415,False,False,False,False,True,False,False,False,False,False,True,False,True
1737,79,197,4630358.235,total,,0.8434997351,2016,2018,2018,23415,False,False,False,False,True,False,False,False,False,False,True,False,True
1738,79,197,5108476.438,total,,0.8291199056,2016,2018,2018,23415,False,False,False,False,True,False,False,False,False,False,True,False,True
1739,79,197,5664915.346,total,,0.8027737253,2016,2018,2018,23415,False,False,False,False,True,False,False,False,False,False,True,False,True
1740,79,197,6267089.429,total,,0.7743952976,2016,2018,2018,23415,False,False,False,False,True,False,False,False,False,False,True,False,True
1741,79,197,6913212.317,total,,0.7554937284,2016,2018,2018,23415,False,False,False,False,True,False,False,False,False,False,True,False,True
1742,79,197,7665122.07,total,,0.7326617601,2016,2018,2018,23415,False,False,False,False,True,False,False,False,False,False,True,False,True
1743,80,196,13796738.75,n2n,,0.2342641244,2016,2018,2020,32781,False,True,False,False,False,False,False,False,False,False,False,True,True
1744,80,196,14800000,n2n,,0.2543063323,2016,2018,2020,32781,False,True,False,False,False,False,False,False,False,False,False,True,True
1745,80,198,13796738.75,n2n,,0.2852196432,2016,2018,2020,32781,False,True,False,False,False,False,False,False,False,False,False,True,True
1746,80,198,14800000,n2n,,0.3008127941,2016,2018,2020,32781,False,True,False,False,False,False,False,False,False,False,False,True,True
1747,83,209,463457.4982,total,,0.8014551637,2016,2023,2024,32911,False,False,False,False,True,False,False,False,False,True,False,False,True
1748,83,209,509878.5037,total,,0.7795784554,2016,2023,2024,32911,False,False,False,False,True,False,False,False,False,True,False,False,True
1749,83,209,567678.6341,total,,0.7632632299,2016,2023,2024,32911,False,False,False,False,True,False,False,False,False,True,False,False,True
1750,83,209,632030.0694,total,,0.7385229169,2016,2023,2024,32911,False,False,False,False,True,False,False,False,False,True,False,False,True
1751,83,209,695329.9735,total,,0.7247263189,2016,2023,2024,32911,False,False,False,False,True,False,False,False,False,True,False,False,True
1752,83,209,764970.1904,total,,0.6921857248,2016,2023,2024,32911,False,False,False,False,True,False,False,False,False,True,False,False,True
1753,83,209,841590.4707,total,,0.6763734852,2016,2023,2024,32911,False,False,False,False,True,False,False,False,False,True,False,False,True
1754,83,209,936992.2869,total,,0.664378687,2016,2023,2024,32911,False,False,False,False,True,False,False,False,False,True,False,False,True
1755,83,209,1043178.642,total,,0.6723518921,2016,2023,2024,32911,False,False,False,False,True,False,False,False,False,False,True,False,True
1756,83,209,1147691.269,total,,0.6622618864,2016,2023,2024,32911,False,False,False,False,True,False,False,False,False,False,True,False,True
1757,83,209,1262649.872,total,,0.6610076909,2016,2023,2024,32911,False,False,False,False,True,False,False,False,False,False,True,False,True
1758,83,209,1389106.006,total,,0.6657451102,2016,2023,2024,32911,False,False,False,False,True,False,False,False,False,False,True,False,True
1759,83,209,1546579.072,total,,0.6791552413,2016,2023,2024,32911,False,False,False,False,True,False,False,False,False,False,True,False,True
1760,83,209,1721887.028,total,,0.7137634664,2016,2023,2024,32911,False,False,False,False,True,False,False,False,False,False,True,False,True
1761,83,209,1894350.241,total,,0.7501225268,2016,2023,2024,32911,False,False,False,False,True,False,False,False,False,False,True,False,True
1762,83,209,2084083.556,total,,0.7610252517,2016,2023,2024,32911,False,False,False,False,True,False,False,False,False,False,True,False,True
1763,83,209,2292808.731,total,,0.7953933349,2016,2023,2024,32911,False,False,False,False,True,False,False,False,False,False,True,False,True
1764,83,209,2522452.325,total,,0.8215790279,2016,2023,2024,32911,False,False,False,False,True,False,False,False,False,False,True,False,True
1765,83,209,2808400.447,total,,0.8564267725,2016,2023,2024,32911,False,False,False,False,True,False,False,False,False,False,True,False,True
1766,83,209,3126762.021,total,,0.8512277635,2016,2023,2024,32911,False,False,False,False,True,False,False,False,False,False,True,False,True
1767,83,209,3439925.698,total,,0.8849227459,2016,2023,2024,32911,False,False,False,False,True,False,False,False,False,False,True,False,True
1768,83,209,3784477.864,total,,0.8852481078,2016,2023,2024,32911,False,False,False,False,True,False,False,False,False,False,True,False,True
1769,83,209,4163493.141,total,,0.8761889637,2016,2023,2024,32911,False,False,False,False,True,False,False,False,False,False,True,False,True
1770,83,209,4635479.554,total,,0.8626321995,2016,2023,2024,32911,False,False,False,False,True,False,False,False,False,False,True,False,True
1771,83,209,5160938.317,total,,0.8314538293,2016,2023,2024,32911,False,False,False,False,True,False,False,False,False,False,True,False,True
1772,83,209,5677853.66,total,,0.8138310862,2016,2023,2024,32911,False,False,False,False,True,False,False,False,False,False,True,False,True
1773,83,209,6246526.338,total,,0.7733292447,2016,2023,2024,32911,False,False,False,False,True,False,False,False,False,False,True,False,True
1774,83,209,6872128.712,total,,0.728637807,2016,2023,2024,32911,False,False,False,False,True,False,False,False,False,False,True,False,True
1775,83,209,7651162.337,total,,0.7165875777,2016,2023,2024,32911,False,False,False,False,True,False,False,False,False,False,True,False,True
1776,83,209,8518518.448,total,,0.6521496054,2016,2023,2024,32911,False,False,False,False,True,False,False,False,False,False,True,False,True
1777,83,209,9371689.579,total,,0.6422913615,2016,2023,2024,32911,False,False,False,False,True,False,False,False,False,False,True,False,True
1778,83,209,10310280.86,total,,0.7033988635,2016,2023,2024,32911,False,False,False,False,True,False,False,False,False,False,False,True,True
1779,83,209,11342713.43,total,,0.6838796885,2016,2023,2024,32911,False,False,False,False,True,False,False,False,False,False,False,True,True
1780,83,209,12628805.4,total,,0.6805893066,2016,2023,2024,32911,False,False,False,False,True,False,False,False,False,False,False,True,True
1781,83,209,14060495.08,total,,0.7434901662,2016,2023,2024,32911,False,False,False,False,True,False,False,False,False,False,False,True,True
1782,83,209,15468500.09,total,,0.6961160184,2016,2023,2024,32911,False,False,False,False,True,False,False,False,False,False,False,True,True
1783,83,209,17017948.05,total,,0.7185639637,2016,2023,2024,32911,False,False,False,False,True,False,False,False,False,False,False,True,True
1784,83,209,18722331.85,total,,0.6743558533,2016,2023,2024,32911,False,False,False,False,True,False,False,False,False,False,False,True,True
1785,83,209,19873000,total,,0.6883308181,2016,2023,2024,32911,False,False,False,False,True,False,False,False,False,False,False,True,True
1786,83,209,1046889.728,total,,0.7832602329,2016,2023,2024,32911,False,False,False,False,True,False,False,False,False,False,True,False,True
1787,83,209,1140820.619,total,,0.7222636274,2016,2023,2024,32911,False,False,False,False,True,False,False,False,False,False,True,False,True
1788,83,209,1258475.963,total,,0.6791779691,2016,2023,2024,32911,False,False,False,False,True,False,False,False,False,False,True,False,True
1789,83,209,1388326.68,total,,0.7752644764,2016,2023,2024,32911,False,False,False,False,True,False,False,False,False,False,True,False,True
1790,83,209,1531548.556,total,,0.7323133275,2016,2023,2024,32911,False,False,False,False,True,False,False,False,False,False,True,False,True
1791,83,209,1689539.021,total,,0.7302572532,2016,2023,2024,32911,False,False,False,False,True,False,False,False,False,False,True,False,True
1792,83,209,1886863.49,total,,0.7689930862,2016,2023,2024,32911,False,False,False,False,True,False,False,False,False,False,True,False,True
1793,83,209,2107181.53,total,,0.7947319638,2016,2023,2024,32911,False,False,False,False,True,False,False,False,False,False,True,False,True
1794,83,209,2324599.593,total,,0.8334499283,2016,2023,2024,32911,False,False,False,False,True,False,False,False,False,False,True,False,True
1795,83,209,2564408.892,total,,0.8875188416,2016,2023,2024,32911,False,False,False,False,True,False,False,False,False,False,True,False,True
1796,83,209,2828984.422,total,,0.8930262223,2016,2023,2024,32911,False,False,False,False,True,False,False,False,False,False,True,False,True
1797,83,209,3120849.365,total,,0.872403954,2016,2023,2024,32911,False,False,False,False,True,False,False,False,False,False,True,False,True
1798,83,209,3442778.239,total,,0.8978606679,2016,2023,2024,32911,False,False,False,False,True,False,False,False,False,False,True,False,True
1799,83,209,3797945.099,total,,0.9200319687,2016,2023,2024,32911,False,False,False,False,True,False,False,False,False,False,True,False,True
1800,83,209,4189772.209,total,,0.8901973862,2016,2023,2024,32911,False,False,False,False,True,False,False,False,False,False,True,False,True
1801,83,209,4621984.473,total,,0.8774289408,2016,2023,2024,32911,False,False,False,False,True,False,False,False,False,False,True,False,True
1802,83,209,5098805.099,total,,0.8559883278,2016,2023,2024,32911,False,False,False,False,True,False,False,False,False,False,True,False,True
1803,83,209,5624831.525,total,,0.8254910299,2016,2023,2024,32911,False,False,False,False,True,False,False,False,False,False,True,False,True
1804,83,209,6205088.485,total,,0.7810728887,2016,2023,2024,32911,False,False,False,False,True,False,False,False,False,False,True,False,True
1805,83,209,6845271.99,total,,0.6892200373,2016,2023,2024,32911,False,False,False,False,True,False,False,False,False,False,True,False,True
1806,83,209,7644712.804,total,,0.6980483227,2016,2023,2024,32911,False,False,False,False,True,False,False,False,False,False,True,False,True
1807,83,209,8537510.187,total,,0.6825060859,2016,2023,2024,32911,False,False,False,False,True,False,False,False,False,False,True,False,True
1808,83,209,9418277.983,total,,0.7311252167,2016,2023,2024,32911,False,False,False,False,True,False,False,False,False,False,True,False,True
1809,83,209,10389830.46,total,,0.7665615526,2016,2023,2024,32911,False,False,False,False,True,False,False,False,False,False,False,True,True
1810,83,209,11461677.23,total,,0.7571302078,2016,2023,2024,32911,False,False,False,False,True,False,False,False,False,False,False,True,True
1811,83,209,12643991.97,total,,0.7142249463,2016,2023,2024,32911,False,False,False,False,True,False,False,False,False,False,False,True,True
1812,83,209,13948489.27,total,,0.7732377469,2016,2023,2024,32911,False,False,False,False,True,False,False,False,False,False,False,True,True
1813,83,209,15387698.25,total,,0.6970767024,2016,2023,2024,32911,False,False,False,False,True,False,False,False,False,False,False,True,True
1814,83,209,16975099.59,total,,0.7089517577,2016,2023,2024,32911,False,False,False,False,True,False,False,False,False,False,False,True,True
1815,83,209,18726439.93,total,,0.7517216432,2016,2023,2024,32911,False,False,False,False,True,False,False,False,False,False,False,True,True
1816,83,209,19911000,total,,0.7492724083,2016,2023,2024,32911,False,False,False,False,True,False,False,False,False,False,False,True,True
1817,83,209,463457.4982,total,,0.8059424042,2016,2023,2024,32911,False,False,False,False,True,False,False,False,False,True,False,False,True
1818,83,209,509878.5037,total,,0.7857745811,2016,2023,2024,32911,False,False,False,False,True,False,False,False,False,True,False,False,True
1819,83,209,567678.6341,total,,0.7755521984,2016,2023,2024,32911,False,False,False,False,True,False,False,False,False,True,False,False,True
1820,83,209,632030.0694,total,,0.7581167238,2016,2023,2024,32911,False,False,False,False,True,False,False,False,False,True,False,False,True
1821,83,209,695329.9735,total,,0.7311252167,2016,2023,2024,32911,False,False,False,False,True,False,False,False,False,True,False,False,True
1822,83,209,764970.1904,total,,0.7076553235,2016,2023,2024,32911,False,False,False,False,True,False,False,False,False,True,False,False,True
1823,83,209,841590.4707,total,,0.6933971467,2016,2023,2024,32911,False,False,False,False,True,False,False,False,False,True,False,False,True
1824,83,209,936992.2869,total,,0.6899833123,2016,2023,2024,32911,False,False,False,False,True,False,False,False,False,True,False,False,True
1825,83,209,1043178.642,total,,0.6911257154,2016,2023,2024,32911,False,False,False,False,True,False,False,False,False,False,True,False,True
1826,83,209,1147691.269,total,,0.6838347212,2016,2023,2024,32911,False,False,False,False,True,False,False,False,False,False,True,False,True
1827,83,209,1262649.872,total,,0.6781995974,2016,2023,2024,32911,False,False,False,False,True,False,False,False,False,False,True,False,True
1828,83,209,1389106.006,total,,0.690151762,2016,2023,2024,32911,False,False,False,False,True,False,False,False,False,False,True,False,True
1829,83,209,1546579.072,total,,0.7106250151,2016,2023,2024,32911,False,False,False,False,True,False,False,False,False,False,True,False,True
1830,83,209,1721887.028,total,,0.736695226,2016,2023,2024,32911,False,False,False,False,True,False,False,False,False,False,True,False,True
1831,83,209,1894350.241,total,,0.7604224834,2016,2023,2024,32911,False,False,False,False,True,False,False,False,False,False,True,False,True
1832,83,209,2084083.556,total,,0.7946100224,2016,2023,2024,32911,False,False,False,False,True,False,False,False,False,False,True,False,True
1833,83,209,2292808.731,total,,0.8207759775,2016,2023,2024,32911,False,False,False,False,True,False,False,False,False,False,True,False,True
1834,83,209,2522452.325,total,,0.8491889985,2016,2023,2024,32911,False,False,False,False,True,False,False,False,False,False,True,False,True
1835,83,209,2808400.447,total,,0.8686091762,2016,2023,2024,32911,False,False,False,False,True,False,False,False,False,False,True,False,True
1836,83,209,3126762.021,total,,0.8804419973,2016,2023,2024,32911,False,False,False,False,True,False,False,False,False,False,True,False,True
1837,83,209,3439925.698,total,,0.8863073804,2016,2023,2024,32911,False,False,False,False,True,False,False,False,False,False,True,False,True
1838,83,209,3784477.864,total,,0.899574296,2016,2023,2024,32911,False,False,False,False,True,False,False,False,False,False,True,False,True
1839,83,209,4163493.141,total,,0.8885866297,2016,2023,2024,32911,False,False,False,False,True,False,False,False,False,False,True,False,True
1840,83,209,4635479.554,total,,0.8720280058,2016,2023,2024,32911,False,False,False,False,True,False,False,False,False,False,True,False,True
1841,83,209,5160938.317,total,,0.8404511336,2016,2023,2024,32911,False,False,False,False,True,False,False,False,False,False,True,False,True
1842,83,209,5677853.66,total,,0.8173174138,2016,2023,2024,32911,False,False,False,False,True,False,False,False,False,False,True,False,True
1843,83,209,6246526.338,total,,0.7854544098,2016,2023,2024,32911,False,False,False,False,True,False,False,False,False,False,True,False,True
1844,83,209,6872128.712,total,,0.7478000909,2016,2023,2024,32911,False,False,False,False,True,False,False,False,False,False,True,False,True
1845,83,209,7651162.337,total,,0.7183355789,2016,2023,2024,32911,False,False,False,False,True,False,False,False,False,False,True,False,True
1846,83,209,8518518.448,total,,0.6883975727,2016,2023,2024,32911,False,False,False,False,True,False,False,False,False,False,True,False,True
1847,83,209,9371689.579,total,,0.6982310754,2016,2023,2024,32911,False,False,False,False,True,False,False,False,False,False,True,False,True
1848,83,209,10310280.86,total,,0.7147278203,2016,2023,2024,32911,False,False,False,False,True,False,False,False,False,False,False,True,True
1849,83,209,11342713.43,total,,0.7084633926,2016,2023,2024,32911,False,False,False,False,True,False,False,False,False,False,False,True,True
1850,83,209,12628805.4,total,,0.7051449932,2016,2023,2024,32911,False,False,False,False,True,False,False,False,False,False,False,True,True
1851,83,209,14060495.08,total,,0.7373516958,2016,2023,2024,32911,False,False,False,False,True,False,False,False,False,False,False,True,True
1852,83,209,15468500.09,total,,0.7279680222,2016,2023,2024,32911,False,False,False,False,True,False,False,False,False,False,False,True,True
1853,83,209,17017948.05,total,,0.7328961248,2016,2023,2024,32911,False,False,False,False,True,False,False,False,False,False,False,True,True
1854,83,209,18722331.85,total,,0.7123760773,2016,2023,2024,32911,False,False,False,False,True,False,False,False,False,False,False,True,True
1855,83,209,19873000,total,,0.7271344238,2016,2023,2024,32911,False,False,False,False,True,False,False,False,False,False,False,True,True
1856,83,209,1046889.728,total,,0.7353327063,2016,2023,2024,32911,False,False,False,False,True,False,False,False,False,False,True,False,True
1857,83,209,1140820.619,total,,0.7277445308,2016,2023,2024,32911,False,False,False,False,True,False,False,False,False,False,True,False,True
1858,83,209,1258475.963,total,,0.71149088,2016,2023,2024,32911,False,False,False,False,True,False,False,False,False,False,True,False,True
1859,83,209,1388326.68,total,,0.7247672456,2016,2023,2024,32911,False,False,False,False,True,False,False,False,False,False,True,False,True
1860,83,209,1531548.556,total,,0.7306409859,2016,2023,2024,32911,False,False,False,False,True,False,False,False,False,False,True,False,True
1861,83,209,1689539.021,total,,0.7428429167,2016,2023,2024,32911,False,False,False,False,True,False,False,False,False,False,True,False,True
1862,83,209,1886863.49,total,,0.7814968746,2016,2023,2024,32911,False,False,False,False,True,False,False,False,False,False,True,False,True
1863,83,209,2107181.53,total,,0.8057386695,2016,2023,2024,32911,False,False,False,False,True,False,False,False,False,False,True,False,True
1864,83,209,2324599.593,total,,0.8437465243,2016,2023,2024,32911,False,False,False,False,True,False,False,False,False,False,True,False,True
1865,83,209,2564408.892,total,,0.8663316526,2016,2023,2024,32911,False,False,False,False,True,False,False,False,False,False,True,False,True
1866,83,209,2828984.422,total,,0.8797121746,2016,2023,2024,32911,False,False,False,False,True,False,False,False,False,False,True,False,True
1867,83,209,3120849.365,total,,0.8852622484,2016,2023,2024,32911,False,False,False,False,True,False,False,False,False,False,True,False,True
1868,83,209,3442778.239,total,,0.9030356968,2016,2023,2024,32911,False,False,False,False,True,False,False,False,False,False,True,False,True
1869,83,209,3797945.099,total,,0.9085922388,2016,2023,2024,32911,False,False,False,False,True,False,False,False,False,False,True,False,True
1870,83,209,4189772.209,total,,0.8976270913,2016,2023,2024,32911,False,False,False,False,True,False,False,False,False,False,True,False,True
1871,83,209,4621984.473,total,,0.8763766294,2016,2023,2024,32911,False,False,False,False,True,False,False,False,False,False,True,False,True
1872,83,209,5098805.099,total,,0.8579954956,2016,2023,2024,32911,False,False,False,False,True,False,False,False,False,False,True,False,True
1873,83,209,5624831.525,total,,0.8323172699,2016,2023,2024,32911,False,False,False,False,True,False,False,False,False,False,True,False,True
1874,83,209,6205088.485,total,,0.7959321296,2016,2023,2024,32911,False,False,False,False,True,False,False,False,False,False,True,False,True
1875,83,209,6845271.99,total,,0.7529506888,2016,2023,2024,32911,False,False,False,False,True,False,False,False,False,False,True,False,True
1876,83,209,7644712.804,total,,0.7294563821,2016,2023,2024,32911,False,False,False,False,True,False,False,False,False,False,True,False,True
1877,83,209,8537510.187,total,,0.7101808538,2016,2023,2024,32911,False,False,False,False,True,False,False,False,False,False,True,False,True
1878,83,209,9418277.983,total,,0.7261156701,2016,2023,2024,32911,False,False,False,False,True,False,False,False,False,False,True,False,True
1879,83,209,10389830.46,total,,0.7432745235,2016,2023,2024,32911,False,False,False,False,True,False,False,False,False,False,False,True,True
1880,83,209,11461677.23,total,,0.719124036,2016,2023,2024,32911,False,False,False,False,True,False,False,False,False,False,False,True,True
1881,83,209,12643991.97,total,,0.7213158806,2016,2023,2024,32911,False,False,False,False,True,False,False,False,False,False,False,True,True
1882,83,209,13948489.27,total,,0.7410333538,2016,2023,2024,32911,False,False,False,False,True,False,False,False,False,False,False,True,True
1883,83,209,15387698.25,total,,0.7196212723,2016,2023,2024,32911,False,False,False,False,True,False,False,False,False,False,False,True,True
1884,83,209,16975099.59,total,,0.726380776,2016,2023,2024,32911,False,False,False,False,True,False,False,False,False,False,False,True,True
1885,83,209,18726439.93,total,,0.738503092,2016,2023,2024,32911,False,False,False,False,True,False,False,False,False,False,False,True,True
1886,83,209,19911000,total,,0.7390974461,2016,2023,2024,32911,False,False,False,False,True,False,False,False,False,False,False,True,True
1887,90,232,2060000,capture,,-1.277695213,2016,2020,2021,32806,True,False,False,False,False,False,False,False,False,False,True,False,True
1888,90,232,3520000,capture,,-2.095284455,2016,2020,2021,32806,True,False,False,False,False,False,False,False,False,False,True,False,True
1889,90,232,4360000,capture,,-2.659555885,2016,2020,2021,32806,True,False,False,False,False,False,False,False,False,False,True,False,True
1890,90,232,10190,capture,,-0.05060999336,2016,2023,2024,32918,True,False,False,False,False,False,False,False,True,False,False,False,False
1891,90,232,11305,capture,,-0.1307682803,2016,2023,2024,32918,True,False,False,False,False,False,False,False,True,False,False,False,False
1892,90,232,12535,capture,,-0.08618614762,2016,2023,2024,32918,True,False,False,False,False,False,False,False,True,False,False,False,False
1893,90,232,13900,capture,,-0.08618614762,2016,2023,2024,32918,True,False,False,False,False,False,False,False,True,False,False,False,False
1894,90,232,15420,capture,,-0.1366771399,2016,2023,2024,32918,True,False,False,False,False,False,False,False,True,False,False,False,False
1895,90,232,17105,capture,,-0.1870866434,2016,2023,2024,32918,True,False,False,False,False,False,False,False,True,False,False,False,False
1896,90,232,18970,capture,,-0.1804560645,2016,2023,2024,32918,True,False,False,False,False,False,False,False,True,False,False,False,False
1897,90,232,21040,capture,,-0.1804560645,2016,2023,2024,32918,True,False,False,False,False,False,False,False,True,False,False,False,False
1898,90,232,23340,capture,,-0.251811973,2016,2023,2024,32918,True,False,False,False,False,False,False,False,True,False,False,False,False
1899,90,232,25890,capture,,-0.2676062402,2016,2023,2024,32918,True,False,False,False,False,False,False,False,True,False,False,False,False
1900,90,232,28715,capture,,-0.2757241304,2016,2023,2024,32918,True,False,False,False,False,False,False,False,True,False,False,False,False
1901,90,232,31850,capture,,-0.251811973,2016,2023,2024,32918,True,False,False,False,False,False,False,False,True,False,False,False,False
1902,90,232,35325,capture,,-0.2839966564,2016,2023,2024,32918,True,False,False,False,False,False,False,False,True,False,False,False,False
1903,90,232,39180,capture,,-0.3279021421,2016,2023,2024,32918,True,False,False,False,False,False,False,False,True,False,False,False,False
1904,90,232,43460,capture,,-0.3372421683,2016,2023,2024,32918,True,False,False,False,False,False,False,False,True,False,False,False,False
1905,90,232,48205,capture,,-0.3767507096,2016,2023,2024,32918,True,False,False,False,False,False,False,False,True,False,False,False,False
1906,90,232,53465,capture,,-0.4202164034,2016,2023,2024,32918,True,False,False,False,False,False,False,False,True,False,False,False,False
1907,90,232,59300,capture,,-0.4559319556,2016,2023,2024,32918,True,False,False,False,False,False,False,False,True,False,False,False,False
1908,90,232,65775,capture,,-0.5228787453,2016,2023,2024,32918,True,False,False,False,False,False,False,False,True,False,False,False,False
1909,90,232,72960,capture,,-0.5528419687,2016,2023,2024,32918,True,False,False,False,False,False,False,False,True,False,False,False,False
1910,90,232,80925,capture,,-0.585026652,2016,2023,2024,32918,True,False,False,False,False,False,False,False,True,False,False,False,False
1911,90,232,89760,capture,,-0.6197887583,2016,2023,2024,32918,True,False,False,False,False,False,False,False,True,False,False,False,False
1912,90,232,99560,capture,,-0.6777807053,2016,2023,2024,32918,True,False,False,False,False,False,False,False,True,False,False,False,False
1913,90,232,110425,capture,,-0.6777807053,2016,2023,2024,32918,True,False,False,False,False,False,False,False,False,True,False,False,True
1914,90,232,122480,capture,,-0.721246399,2016,2023,2024,32918,True,False,False,False,False,False,False,False,False,True,False,False,True
1915,90,232,135855,capture,,-0.721246399,2016,2023,2024,32918,True,False,False,False,False,False,False,False,False,True,False,False,True
1916,90,232,150690,capture,,-0.7447274949,2016,2023,2024,32918,True,False,False,False,False,False,False,False,False,True,False,False,True
1917,90,232,167140,capture,,-0.7695510786,2016,2023,2024,32918,True,False,False,False,False,False,False,False,False,True,False,False,True
1918,90,232,185385,capture,,-0.7958800173,2016,2023,2024,32918,True,False,False,False,False,False,False,False,False,True,False,False,True
1919,90,232,3994,capture,,0.07605759576,2016,2022,2025,32923,True,False,False,False,False,False,False,True,False,False,False,False,False
1920,90,232,4482,capture,,0.09824558429,2016,2022,2025,32923,True,False,False,False,False,False,False,True,False,False,False,False,False
1921,90,232,5028,capture,,0.1157203194,2016,2022,2025,32923,True,False,False,False,False,False,False,True,False,False,False,False,False
1922,90,232,5642,capture,,-0.1567011793,2016,2022,2025,32923,True,False,False,False,False,False,False,True,False,False,False,False,False
1923,90,232,6331,capture,,0.0006596264233,2016,2022,2025,32923,True,False,False,False,False,False,False,True,False,False,False,False,False
1924,90,232,7103,capture,,-0.1669000827,2016,2022,2025,32923,True,False,False,False,False,False,False,True,False,False,False,False,False
1925,90,232,7970,capture,,-0.06218983489,2016,2022,2025,32923,True,False,False,False,False,False,False,True,False,False,False,False,False
1926,90,232,8942,capture,,-0.1202253848,2016,2022,2025,32923,True,False,False,False,False,False,False,True,False,False,False,False,False
1927,90,232,10033,capture,,-0.1370538901,2016,2022,2025,32923,True,False,False,False,False,False,False,False,True,False,False,False,False
1928,90,232,11257,capture,,-0.1370973594,2016,2022,2025,32923,True,False,False,False,False,False,False,False,True,False,False,False,False
1929,90,232,12631,capture,,-0.2623208383,2016,2022,2025,32923,True,False,False,False,False,False,False,False,True,False,False,False,False
1930,90,232,14172,capture,,-0.05560074014,2016,2022,2025,32923,True,False,False,False,False,False,False,False,True,False,False,False,False
1931,90,232,15902,capture,,-0.2682251485,2016,2022,2025,32923,True,False,False,False,False,False,False,False,True,False,False,False,False
1932,90,232,17842,capture,,-0.08348288594,2016,2022,2025,32923,True,False,False,False,False,False,False,False,True,False,False,False,False
1933,90,232,20019,capture,,-0.2053028731,2016,2022,2025,32923,True,False,False,False,False,False,False,False,True,False,False,False,False
1934,90,232,22461,capture,,-0.3086231819,2016,2022,2025,32923,True,False,False,False,False,False,False,False,True,False,False,False,False
1935,90,232,25202,capture,,-0.2259767317,2016,2022,2025,32923,True,False,False,False,False,False,False,False,True,False,False,False,False
1936,90,232,28999,capture,,-0.3629547992,2016,2022,2025,32923,True,False,False,False,False,False,False,False,True,False,False,False,False
1937,90,232,31728,capture,,-0.3413133473,2016,2022,2025,32923,True,False,False,False,False,False,False,False,True,False,False,False,False
1938,90,232,35599,capture,,-0.4107677441,2016,2022,2025,32923,True,False,False,False,False,False,False,False,True,False,False,False,False
1939,90,232,39943,capture,,-0.3650302713,2016,2022,2025,32923,True,False,False,False,False,False,False,False,True,False,False,False,False
1940,90,232,44816,capture,,-0.3906873867,2016,2022,2025,32923,True,False,False,False,False,False,False,False,True,False,False,False,False
1941,90,232,50285,capture,,-0.5144773158,2016,2022,2025,32923,True,False,False,False,False,False,False,False,True,False,False,False,False
1942,90,232,56421,capture,,-0.4624642329,2016,2022,2025,32923,True,False,False,False,False,False,False,False,True,False,False,False,False
1943,90,232,63305,capture,,-0.5212128062,2016,2022,2025,32923,True,False,False,False,False,False,False,False,True,False,False,False,False
1944,90,232,71029,capture,,-0.6739059363,2016,2022,2025,32923,True,False,False,False,False,False,False,False,True,False,False,False,False
1945,90,232,79696,capture,,-0.6909045141,2016,2022,2025,32923,True,False,False,False,False,False,False,False,True,False,False,False,False
1946,90,232,89421,capture,,-0.7289976011,2016,2022,2025,32923,True,False,False,False,False,False,False,False,True,False,False,False,False
1947,90,232,100330,capture,,-0.5926158947,2016,2022,2025,32923,True,False,False,False,False,False,False,False,False,True,False,False,True
1948,90,232,112570,capture,,-0.6807335834,2016,2022,2025,32923,True,False,False,False,False,False,False,False,False,True,False,False,True
1949,90,232,126310,capture,,-0.6411042925,2016,2022,2025,32923,True,False,False,False,False,False,False,False,False,True,False,False,True
1950,90,232,10950000,capture,,-2.747875447,2016,2018,2019,33116,True,False,False,False,False,False,False,False,False,False,False,True,True
1951,90,232,13970000,capture,,-2.91829273,2016,2018,2019,33116,True,False,False,False,False,False,False,False,False,False,False,True,True
1952,90,232,14980000,capture,,-2.913640169,2016,2018,2019,33116,True,False,False,False,False,False,False,False,False,False,False,True,True
1953,90,232,18990000,capture,,-3.276544328,2016,2018,2019,33116,True,False,False,False,False,False,False,False,False,False,False,True,True
1954,90,232,12490000,n2n,,0.3516552542,2016,2024,2025,32933,False,True,False,False,False,False,False,False,False,False,False,True,True
1955,90,232,16380000,n2n,,-0.07591722494,2016,2024,2025,32933,False,True,False,False,False,False,False,False,False,False,False,True,True
1956,90,232,18100000,n2n,,-0.3016558304,2016,2024,2025,32933,False,True,False,False,False,False,False,False,False,False,False,True,True
1957,90,232,8970000,n2n,,0.260071388,2016,2018,2019,33115,False,True,False,False,False,False,False,False,False,False,True,False,True
1958,90,232,16520000,n2n,,-0.2076083105,2016,2018,2019,33115,False,True,False,False,False,False,False,False,False,False,False,True,True
1959,90,232,10490000,n2n,,0.3344537512,2016,2019,2020,33136,False,True,False,False,False,False,False,False,False,False,False,True,True
1960,90,232,14460000,n2n,,0.03342375549,2016,2019,2020,33136,False,True,False,False,False,False,False,False,False,False,False,True,True
1961,90,232,18360000,n2n,,-0.3467874862,2016,2019,2020,33136,False,True,False,False,False,False,False,False,False,False,False,True,True
1962,90,232,15030000,n2n,,0.0170333393,2016,2019,2020,33136,False,True,False,False,False,False,False,False,False,False,False,True,True
1963,90,232,3380931.676,total,,0.9054477658,2016,2024,2024,14825,False,False,False,False,True,False,False,False,False,False,True,False,True
1964,90,232,3736330.285,total,,0.906502046,2016,2024,2024,14825,False,False,False,False,True,False,False,False,False,False,True,False,True
1965,90,232,4129715.729,total,,0.9013138958,2016,2024,2024,14825,False,False,False,False,True,False,False,False,False,False,True,False,True
1966,90,232,4563576.339,total,,0.8939558478,2016,2024,2024,14825,False,False,False,False,True,False,False,False,False,False,True,False,True
1967,90,232,5043426.316,total,,0.8837068492,2016,2024,2024,14825,False,False,False,False,True,False,False,False,False,False,True,False,True
1968,90,232,5574267.216,total,,0.8677001885,2016,2024,2024,14825,False,False,False,False,True,False,False,False,False,False,True,False,True
1969,90,232,6160075.324,total,,0.8486539636,2016,2024,2024,14825,False,False,False,False,True,False,False,False,False,False,True,False,True
1970,90,232,6808365.443,total,,0.8274306645,2016,2024,2024,14825,False,False,False,False,True,False,False,False,False,False,True,False,True
1971,90,232,7524651.819,total,,0.8077953914,2016,2024,2024,14825,False,False,False,False,True,False,False,False,False,False,True,False,True
1972,90,232,8315398.968,total,,0.789355046,2016,2024,2024,14825,False,False,False,False,True,False,False,False,False,False,True,False,True
1973,90,232,9190122.36,total,,0.7750385357,2016,2024,2024,14825,False,False,False,False,True,False,False,False,False,False,True,False,True
1974,90,232,10154873.71,total,,0.7636750219,2016,2024,2024,14825,False,False,False,False,True,False,False,False,False,False,False,True,True
1975,90,232,11226508.81,total,,0.7596942792,2016,2024,2024,14825,False,False,False,False,True,False,False,False,False,False,False,True,True
1976,90,232,12406127.52,total,,0.7595809771,2016,2024,2024,14825,False,False,False,False,True,False,False,False,False,False,False,True,True
1977,90,232,13710660.09,total,,0.7665801372,2016,2024,2024,14825,False,False,False,False,True,False,False,False,False,False,False,True,True
1978,90,232,15155236.72,total,,0.7748088303,2016,2024,2024,14825,False,False,False,False,True,False,False,False,False,False,False,True,True
1979,90,232,16744733.5,total,,0.7831028254,2016,2024,2024,14825,False,False,False,False,True,False,False,False,False,False,False,True,True
1980,90,232,18509159.89,total,,0.7904364721,2016,2024,2024,14825,False,False,False,False,True,False,False,False,False,False,False,True,True
1981,90,232,19950000,total,,0.7962342571,2016,2024,2024,14825,False,False,False,False,True,False,False,False,False,False,False,True,True
1982,92,235,3197256.011,total,,0.8955523729,2016,2024,2024,14825,False,False,False,False,True,False,False,False,False,False,True,False,True
1983,92,235,3443188.928,total,,0.8962188509,2016,2024,2024,14825,False,False,False,False,True,False,False,False,False,False,True,False,True
1984,92,235,3800806.754,total,,0.8977438953,2016,2024,2024,14825,False,False,False,False,True,False,False,False,False,False,True,False,True
1985,92,235,4195648.579,total,,0.8961774845,2016,2024,2024,14825,False,False,False,False,True,False,False,False,False,False,True,False,True
1986,92,235,4631234.391,total,,0.8898365359,2016,2024,2024,14825,False,False,False,False,True,False,False,False,False,False,True,False,True
1987,92,235,5111800.312,total,,0.8778692894,2016,2024,2024,14825,False,False,False,False,True,False,False,False,False,False,True,False,True
1988,92,235,5642348.084,total,,0.8630238079,2016,2024,2024,14825,False,False,False,False,True,False,False,False,False,False,True,False,True
1989,92,235,6228380.123,total,,0.843566004,2016,2024,2024,14825,False,False,False,False,True,False,False,False,False,False,True,False,True
1990,92,235,6874632.714,total,,0.8237219542,2016,2024,2024,14825,False,False,False,False,True,False,False,False,False,False,True,False,True
1991,92,235,7588608.563,total,,0.8054736714,2016,2024,2024,14825,False,False,False,False,True,False,False,False,False,False,True,False,True
1992,92,235,8376063.032,total,,0.7834229466,2016,2024,2024,14825,False,False,False,False,True,False,False,False,False,False,True,False,True
1993,92,235,9245974.85,total,,0.7702074528,2016,2024,2024,14825,False,False,False,False,True,False,False,False,False,False,True,False,True
1994,92,235,10204877.47,total,,0.7603470785,2016,2024,2024,14825,False,False,False,False,True,False,False,False,False,False,False,True,True
1995,92,235,11407130.04,total,,0.7557636011,2016,2024,2024,14825,False,False,False,False,True,False,False,False,False,False,False,True,True
1996,92,235,12745104.86,total,,0.7577963518,2016,2024,2024,14825,False,False,False,False,True,False,False,False,False,False,False,True,True
1997,92,235,14069683.68,total,,0.7600283483,2016,2024,2024,14825,False,False,False,False,True,False,False,False,False,False,False,True,True
1998,92,235,15526596.21,total,,0.7708115247,2016,2024,2024,14825,False,False,False,False,True,False,False,False,False,False,False,True,True
1999,92,235,17140978.38,total,,0.7794395542,2016,2024,2024,14825,False,False,False,False,True,False,False,False,False,False,False,True,True
2000,92,235,18920296.75,total,,0.7850752354,2016,2024,2024,14825,False,False,False,False,True,False,False,False,False,False,False,True,True
2001,92,236,1418.08,capture,,0.5259008841,2016,2017,2017,14481,True,False,False,False,False,False,False,True,False,False,False,False,False
2002,92,236,1628.18,capture,,0.3006128727,2016,2017,2017,14481,True,False,False,False,False,False,False,True,False,False,False,False,False
2003,92,236,1869.4,capture,,0.3226554382,2016,2017,2017,14481,True,False,False,False,False,False,False,True,False,False,False,False,False
2004,92,236,2146.36,capture,,0.2959056078,2016,2017,2017,14481,True,False,False,False,False,False,False,True,False,False,False,False,False
2005,92,236,2464.35,capture,,0.2288057163,2016,2017,2017,14481,True,False,False,False,False,False,False,True,False,False,False,False,False
2006,92,236,2829.45,capture,,0.1604505227,2016,2017,2017,14481,True,False,False,False,False,False,False,True,False,False,False,False,False
2007,92,236,3248.64,capture,,0.1554757181,2016,2017,2017,14481,True,False,False,False,False,False,False,True,False,False,False,False,False
2008,92,236,3729.94,capture,,0.1809741292,2016,2017,2017,14481,True,False,False,False,False,False,False,True,False,False,False,False,False
2009,92,236,4282.55,capture,,0.125936467,2016,2017,2017,14481,True,False,False,False,False,False,False,True,False,False,False,False,False
2010,92,236,4917.02,capture,,0.1015546224,2016,2017,2017,14481,True,False,False,False,False,False,False,True,False,False,False,False,False
2011,92,236,5645.49,capture,,0.08673700467,2016,2017,2017,14481,True,False,False,False,False,False,False,True,False,False,False,False,False
2012,92,236,6481.9,capture,,0.07134064216,2016,2017,2017,14481,True,False,False,False,False,False,False,True,False,False,False,False,False
2013,92,236,7442.21,capture,,-0.001432927353,2016,2017,2017,14481,True,False,False,False,False,False,False,True,False,False,False,False,False
2014,92,236,8544.8,capture,,-0.03794809471,2016,2017,2017,14481,True,False,False,False,False,False,False,True,False,False,False,False,False
2015,92,236,9810.74,capture,,-0.050581204,2016,2017,2017,14481,True,False,False,False,False,False,False,True,False,False,False,False,False
2016,92,236,11264.2,capture,,-0.08095644326,2016,2017,2017,14481,True,False,False,False,False,False,False,False,True,False,False,False,False
2017,92,236,12933.1,capture,,-0.1115076795,2016,2017,2017,14481,True,False,False,False,False,False,False,False,True,False,False,False,False
2018,92,236,14849.2,capture,,-0.1067954684,2016,2017,2017,14481,True,False,False,False,False,False,False,False,True,False,False,False,False
2019,92,236,17049.1,capture,,-0.1523810762,2016,2017,2017,14481,True,False,False,False,False,False,False,False,True,False,False,False,False
2020,92,236,19575,capture,,-0.1729151796,2016,2017,2017,14481,True,False,False,False,False,False,False,False,True,False,False,False,False
2021,92,236,22475.1,capture,,-0.1684232655,2016,2017,2017,14481,True,False,False,False,False,False,False,False,True,False,False,False,False
2022,92,236,25804.9,capture,,-0.1935134138,2016,2017,2017,14481,True,False,False,False,False,False,False,False,True,False,False,False,False
2023,92,236,29628,capture,,-0.2422943052,2016,2017,2017,14481,True,False,False,False,False,False,False,False,True,False,False,False,False
2024,92,236,34017.5,capture,,-0.2584040875,2016,2017,2017,14481,True,False,False,False,False,False,False,False,True,False,False,False,False
2025,92,236,39057.3,capture,,-0.2566988094,2016,2017,2017,14481,True,False,False,False,False,False,False,False,True,False,False,False,False
2026,92,236,44843.8,capture,,-0.311645149,2016,2017,2017,14481,True,False,False,False,False,False,False,False,True,False,False,False,False
2027,92,236,51487.5,capture,,-0.3320457964,2016,2017,2017,14481,True,False,False,False,False,False,False,False,True,False,False,False,False
2028,92,236,59115.6,capture,,-0.4082811036,2016,2017,2017,14481,True,False,False,False,False,False,False,False,True,False,False,False,False
2029,92,236,67873.8,capture,,-0.4235929922,2016,2017,2017,14481,True,False,False,False,False,False,False,False,True,False,False,False,False
2030,92,236,77929.5,capture,,-0.4907477316,2016,2017,2017,14481,True,False,False,False,False,False,False,False,True,False,False,False,False
2031,92,236,89475.1,capture,,-0.4839871513,2016,2017,2017,14481,True,False,False,False,False,False,False,False,True,False,False,False,False
2032,92,236,102731,capture,,-0.5479650289,2016,2017,2017,14481,True,False,False,False,False,False,False,False,False,True,False,False,True
2033,92,236,117951,capture,,-0.6028667908,2016,2017,2017,14481,True,False,False,False,False,False,False,False,False,True,False,False,True
2034,92,236,135426,capture,,-0.6628063885,2016,2017,2017,14481,True,False,False,False,False,False,False,False,False,True,False,False,True
2035,92,236,155490,capture,,-0.6603875915,2016,2017,2017,14481,True,False,False,False,False,False,False,False,False,True,False,False,True
2036,92,236,178526,capture,,-0.6207633946,2016,2017,2017,14481,True,False,False,False,False,False,False,False,False,True,False,False,True
2037,92,236,204976,capture,,-0.6727330436,2016,2017,2017,14481,True,False,False,False,False,False,False,False,False,True,False,False,True
2038,92,236,235343,capture,,-0.7601476793,2016,2017,2017,14481,True,False,False,False,False,False,False,False,False,True,False,False,True
2039,92,236,270210,capture,,-0.7781399589,2016,2017,2017,14481,True,False,False,False,False,False,False,False,False,True,False,False,True
2040,92,236,310243,capture,,-0.7221731201,2016,2017,2017,14481,True,False,False,False,False,False,False,False,False,True,False,False,True
2041,92,236,356207,capture,,-0.7469310886,2016,2017,2017,14481,True,False,False,False,False,False,False,False,False,True,False,False,True
2042,92,236,408980,capture,,-0.8420659818,2016,2017,2017,14481,True,False,False,False,False,False,False,False,False,True,False,False,True
2043,92,236,469572,capture,,-0.7473872319,2016,2017,2017,14481,True,False,False,False,False,False,False,False,False,True,False,False,True
2044,92,236,539141,capture,,-0.8562484617,2016,2017,2017,14481,True,False,False,False,False,False,False,False,False,True,False,False,True
2045,92,236,619016,capture,,-0.8307489008,2016,2017,2017,14481,True,False,False,False,False,False,False,False,False,True,False,False,True
2046,92,236,710726,capture,,-0.8758056302,2016,2017,2017,14481,True,False,False,False,False,False,False,False,False,True,False,False,True
2047,92,238,2085.824986,capture,,0.1094403403,2016,2017,2017,23364,True,False,False,False,False,False,False,True,False,False,False,False,False
2048,92,238,2286.975707,capture,,0.1777469591,2016,2017,2017,23364,True,False,False,False,False,False,False,True,False,False,False,False,False
2049,92,238,2565.901734,capture,,0.142029804,2016,2017,2017,23364,True,False,False,False,False,False,False,True,False,False,False,False,False
2050,92,238,2878.839016,capture,,0.04394906329,2016,2017,2017,23364,True,False,False,False,False,False,False,True,False,False,False,False,False
2051,92,238,3156.444528,capture,,0.1181803728,2016,2017,2017,23364,True,False,False,False,False,False,False,True,False,False,False,False,False
2052,92,238,3460.812952,capture,,0.1025791322,2016,2017,2017,23364,True,False,False,False,False,False,False,True,False,False,False,False,False
2053,92,238,3794.523125,capture,,0.03836797543,2016,2017,2017,23364,True,False,False,False,False,False,False,True,False,False,False,False,False
2054,92,238,4160.400787,capture,,-0.06049796975,2016,2017,2017,23364,True,False,False,False,False,False,False,True,False,False,False,False,False
2055,92,238,4667.733965,capture,,-0.04237802921,2016,2017,2017,23364,True,False,False,False,False,False,False,True,False,False,False,False,False
2056,92,238,5236.91541,capture,,-0.06349254076,2016,2017,2017,23364,True,False,False,False,False,False,False,True,False,False,False,False,False
2057,92,238,5741.822319,capture,,-0.03229480769,2016,2017,2017,23364,True,False,False,False,False,False,False,True,False,False,False,False,False
2058,92,238,6295.390364,capture,,-0.01640144908,2016,2017,2017,23364,True,False,False,False,False,False,False,True,False,False,False,False,False
2059,92,238,6902.307812,capture,,-0.08204860918,2016,2017,2017,23364,True,False,False,False,False,False,False,True,False,False,False,False,False
2060,92,238,7567.713285,capture,,-0.1060835169,2016,2017,2017,23364,True,False,False,False,False,False,False,True,False,False,False,False,False
2061,92,238,8490.349595,capture,,-0.1517145891,2016,2017,2017,23364,True,False,False,False,False,False,False,True,False,False,False,False,False
2062,92,238,9525.422547,capture,,-0.1709034512,2016,2017,2017,23364,True,False,False,False,False,False,False,True,False,False,False,False,False
2063,92,238,10443.57625,capture,,-0.1498609419,2016,2017,2017,23364,True,False,False,False,False,False,False,False,True,False,False,False,False
2064,92,238,11450.1952,capture,,-0.1907470931,2016,2017,2017,23364,True,False,False,False,False,False,False,False,True,False,False,False,False
2065,92,238,12553.7834,capture,,-0.1970888269,2016,2017,2017,23364,True,False,False,False,False,False,False,False,True,False,False,False,False
2066,92,238,14083.94587,capture,,-0.1964234015,2016,2017,2017,23364,True,False,False,False,False,False,False,False,True,False,False,False,False
2067,92,238,15800.51532,capture,,-0.2229097231,2016,2017,2017,23364,True,False,False,False,False,False,False,False,True,False,False,False,False
2068,92,238,17323.12799,capture,,-0.2334808232,2016,2017,2017,23364,True,False,False,False,False,False,False,False,True,False,False,False,False
2069,92,238,18992.37706,capture,,-0.2747680967,2016,2017,2017,23364,True,False,False,False,False,False,False,False,True,False,False,False,False
2070,92,238,20822.36866,capture,,-0.2713609761,2016,2017,2017,23364,True,False,False,False,False,False,False,False,True,False,False,False,False
2071,92,238,22828.56395,capture,,-0.3068466281,2016,2017,2017,23364,True,False,False,False,False,False,False,False,True,False,False,False,False
2072,92,238,25610.06642,capture,,-0.3349846792,2016,2017,2017,23364,True,False,False,False,False,False,False,False,True,False,False,False,False
2073,92,238,28730.221,capture,,-0.3294095392,2016,2017,2017,23364,True,False,False,False,False,False,False,False,True,False,False,False,False
2074,92,238,31497.67052,capture,,-0.330671495,2016,2017,2017,23364,True,False,False,False,False,False,False,False,True,False,False,False,False
2075,92,238,34531.47019,capture,,-0.3509135197,2016,2017,2017,23364,True,False,False,False,False,False,False,False,True,False,False,False,False
2076,92,238,37857.22277,capture,,-0.3911954013,2016,2017,2017,23364,True,False,False,False,False,False,False,False,True,False,False,False,False
2077,92,238,41502.98141,capture,,-0.4101335813,2016,2017,2017,23364,True,False,False,False,False,False,False,False,True,False,False,False,False
2078,92,238,46557.29241,capture,,-0.4149015216,2016,2017,2017,23364,True,False,False,False,False,False,False,False,True,False,False,False,False
2079,92,238,52226.50951,capture,,-0.4873629573,2016,2017,2017,23364,True,False,False,False,False,False,False,False,True,False,False,False,False
2080,92,238,57254.47469,capture,,-0.5481598565,2016,2017,2017,23364,True,False,False,False,False,False,False,False,True,False,False,False,False
2081,92,238,62765.93805,capture,,-0.5614402481,2016,2017,2017,23364,True,False,False,False,False,False,False,False,True,False,False,False,False
2082,92,238,68807.31213,capture,,-0.6312251568,2016,2017,2017,23364,True,False,False,False,False,False,False,False,True,False,False,False,False
2083,92,238,75429.45394,capture,,-0.6473371284,2016,2017,2017,23364,True,False,False,False,False,False,False,False,True,False,False,False,False
2084,92,238,14298601.33,capture,,-2.821742679,2016,2018,2021,32784,True,False,False,False,False,False,False,False,False,False,False,True,True
2085,92,238,14800000,capture,,-2.915066425,2016,2018,2021,32784,True,False,False,False,False,False,False,False,False,False,False,True,True
2086,92,238,2040000,capture,,-1.410385459,2016,2020,2021,32802,True,False,False,False,False,False,False,False,False,False,True,False,True
2087,92,238,3020000,capture,,-1.818156412,2016,2020,2021,32802,True,False,False,False,False,False,False,False,False,False,True,False,True
2088,92,238,4380000,capture,,-2.283162277,2016,2020,2021,32802,True,False,False,False,False,False,False,False,False,False,True,False,True
2089,92,238,3622000,capture,,-1.92226882,2016,2023,2024,32896,True,False,False,False,False,False,False,False,False,False,True,False,True
2090,92,238,4626000,capture,,-2.352910571,2016,2023,2024,32896,True,False,False,False,False,False,False,False,False,False,True,False,True
2091,92,238,6117000,capture,,-2.978397284,2016,2023,2024,32896,True,False,False,False,False,False,False,False,False,False,True,False,True
2092,92,238,6340000,n2n,,-1.15490196,2016,2017,2017,14482,False,True,False,False,False,False,False,False,False,False,True,False,True
2093,92,238,6890000,n2n,,-0.408935393,2016,2017,2017,14482,False,True,False,False,False,False,False,False,False,False,True,False,True
2094,92,238,7631382.575,n2n,,-0.008773924308,2016,2017,2017,14482,False,True,False,False,False,False,False,False,False,False,True,False,True
2095,92,238,8380000,n2n,,0.103803721,2016,2017,2017,14482,False,True,False,False,False,False,False,False,False,False,True,False,True
2096,92,238,9141444.087,n2n,,0.1351326514,2016,2017,2017,14482,False,True,False,False,False,False,False,False,False,False,True,False,True
2097,92,238,10156923.75,n2n,,0.1568519011,2016,2017,2017,14482,False,True,False,False,False,False,False,False,False,False,False,True,True
2098,92,238,11415888.77,n2n,,0.1573560154,2016,2017,2017,14482,False,True,False,False,False,False,False,False,False,False,False,True,True
2099,92,238,12430000,n2n,,0.1461280357,2016,2017,2017,14482,False,True,False,False,False,False,False,False,False,False,False,True,True
2100,92,238,13847743.5,n2n,,0,2016,2017,2017,14482,False,True,False,False,False,False,False,False,False,False,False,True,True
2101,92,238,14800000,n2n,,-0.1804560645,2016,2017,2017,14482,False,True,False,False,False,False,False,False,False,False,False,True,True
2102,92,238,3380931.676,total,,0.895988528,2016,2024,2024,14825,False,False,False,False,True,False,False,False,False,False,True,False,True
2103,92,238,3736330.285,total,,0.8965041715,2016,2024,2024,14825,False,False,False,False,True,False,False,False,False,False,True,False,True
2104,92,238,4129715.729,total,,0.8957456603,2016,2024,2024,14825,False,False,False,False,True,False,False,False,False,False,True,False,True
2105,92,238,4563576.339,total,,0.8896685964,2016,2024,2024,14825,False,False,False,False,True,False,False,False,False,False,True,False,True
2106,92,238,5043426.316,total,,0.8798553738,2016,2024,2024,14825,False,False,False,False,True,False,False,False,False,False,True,False,True
2107,92,238,5574267.216,total,,0.8647542653,2016,2024,2024,14825,False,False,False,False,True,False,False,False,False,False,True,False,True
2108,92,238,6160075.324,total,,0.8474338355,2016,2024,2024,14825,False,False,False,False,True,False,False,False,False,False,True,False,True
2109,92,238,6808365.443,total,,0.827456511,2016,2024,2024,14825,False,False,False,False,True,False,False,False,False,False,True,False,True
2110,92,238,7524651.819,total,,0.8089128413,2016,2024,2024,14825,False,False,False,False,True,False,False,False,False,False,True,False,True
2111,92,238,8315398.968,total,,0.7917152046,2016,2024,2024,14825,False,False,False,False,True,False,False,False,False,False,True,False,True
2112,92,238,9190122.36,total,,0.7782815192,2016,2024,2024,14825,False,False,False,False,True,False,False,False,False,False,True,False,True
2113,92,238,10154873.71,total,,0.7666284535,2016,2024,2024,14825,False,False,False,False,True,False,False,False,False,False,False,True,True
2114,92,238,11226508.81,total,,0.7620255061,2016,2024,2024,14825,False,False,False,False,True,False,False,False,False,False,False,True,True
2115,92,238,12406127.52,total,,0.7612134454,2016,2024,2024,14825,False,False,False,False,True,False,False,False,False,False,False,True,True
2116,92,238,13710660.09,total,,0.7662529319,2016,2024,2024,14825,False,False,False,False,True,False,False,False,False,False,False,True,True
2117,92,238,15155236.72,total,,0.7732597081,2016,2024,2024,14825,False,False,False,False,True,False,False,False,False,False,False,True,True
2118,92,238,16744733.5,total,,0.7802632921,2016,2024,2024,14825,False,False,False,False,True,False,False,False,False,False,False,True,True
2119,92,238,18509159.89,total,,0.7871486341,2016,2024,2024,14825,False,False,False,False,True,False,False,False,False,False,False,True,True
2120,92,238,19950000,total,,0.7917327434,2016,2024,2024,14825,False,False,False,False,True,False,False,False,False,False,False,True,True
2121,93,237,1065.3873,capture,,1.111104499,2016,2022,2022,23601,True,False,False,False,False,False,False,True,False,False,False,False,False
2122,93,237,1218.084,capture,,1.060131,2016,2022,2022,23601,True,False,False,False,False,False,False,True,False,False,False,False,False
2123,93,237,1406.1765,capture,,1.05927556,2016,2022,2022,23601,True,False,False,False,False,False,False,True,False,False,False,False,False
2124,93,237,1641.535,capture,,0.9698444036,2016,2022,2022,23601,True,False,False,False,False,False,False,True,False,False,False,False,False
2125,93,237,1904.08,capture,,0.9387448195,2016,2022,2022,23601,True,False,False,False,False,False,False,True,False,False,False,False,False
2126,93,237,2198.1735,capture,,0.9066043717,2016,2022,2022,23601,True,False,False,False,False,False,False,True,False,False,False,False,False
2127,93,237,2566.189,capture,,0.895218059,2016,2022,2022,23601,True,False,False,False,False,False,False,True,False,False,False,False,False
2128,93,237,3035.2015,capture,,0.8480289221,2016,2022,2022,23601,True,False,False,False,False,False,False,True,False,False,False,False,False
2129,93,237,3645.9535,capture,,0.7869004192,2016,2022,2022,23601,True,False,False,False,False,False,False,True,False,False,False,False,False
2130,93,237,4462.078,capture,,0.7301521725,2016,2022,2022,23601,True,False,False,False,False,False,False,True,False,False,False,False,False
2131,93,237,5587.5275,capture,,0.6992131412,2016,2022,2022,23601,True,False,False,False,False,False,False,True,False,False,False,False,False
2132,93,237,7201.782,capture,,0.6261144344,2016,2022,2022,23601,True,False,False,False,False,False,False,True,False,False,False,False,False
2133,93,237,9637.1795,capture,,0.5778937383,2016,2022,2022,23601,True,False,False,False,False,False,False,True,False,False,False,False,False
2134,93,237,13568.19,capture,,0.5162576539,2016,2022,2022,23601,True,False,False,False,False,False,False,False,True,False,False,False,False
2135,93,237,18483.46,capture,,0.4431690758,2016,2022,2022,23601,True,False,False,False,False,False,False,False,True,False,False,False,False
2136,93,237,24743.96,capture,,0.3905818786,2016,2022,2022,23601,True,False,False,False,False,False,False,False,True,False,False,False,False
2137,93,237,34856.615,capture,,0.3442546926,2016,2022,2022,23601,True,False,False,False,False,False,False,False,True,False,False,False,False
2138,93,237,52830.615,capture,,0.2659963705,2016,2022,2022,23601,True,False,False,False,False,False,False,False,True,False,False,False,False
2139,93,237,74437.595,capture,,0.2312656484,2016,2022,2022,23601,True,False,False,False,False,False,False,False,True,False,False,False,False
2140,93,237,99758.45,capture,,0.1317148785,2016,2022,2022,23601,True,False,False,False,False,False,False,False,True,False,False,False,False
2141,93,237,140741,capture,,0.06307052564,2016,2022,2022,23601,True,False,False,False,False,False,False,False,False,True,False,False,True
2142,93,237,213794.15,capture,,-0.06565307326,2016,2022,2022,23601,True,False,False,False,False,False,False,False,False,True,False,False,True
2143,93,237,364803.75,capture,,-0.2621714941,2016,2022,2022,23601,True,False,False,False,False,False,False,False,False,True,False,False,True
2144,93,237,770144.85,capture,,-0.6876110506,2016,2022,2022,23601,True,False,False,False,False,False,False,False,False,True,False,False,True
2145,93,237,1065.3873,capture,,1.108138638,2016,2022,2022,23601,True,False,False,False,False,False,False,True,False,False,False,False,False
2146,93,237,1218.084,capture,,1.057167634,2016,2022,2022,23601,True,False,False,False,False,False,False,True,False,False,False,False,False
2147,93,237,1406.1765,capture,,1.056313961,2016,2022,2022,23601,True,False,False,False,False,False,False,True,False,False,False,False,False
2148,93,237,1641.535,capture,,0.9668782347,2016,2022,2022,23601,True,False,False,False,False,False,False,True,False,False,False,False,False
2149,93,237,1904.08,capture,,0.9362874885,2016,2022,2022,23601,True,False,False,False,False,False,False,True,False,False,False,False,False
2150,93,237,2198.1735,capture,,0.9041527072,2016,2022,2022,23601,True,False,False,False,False,False,False,True,False,False,False,False,False
2151,93,237,2566.189,capture,,0.8927622346,2016,2022,2022,23601,True,False,False,False,False,False,False,True,False,False,False,False,False
2152,93,237,3035.2015,capture,,0.845569304,2016,2022,2022,23601,True,False,False,False,False,False,False,True,False,False,False,False,False
2153,93,237,3645.9535,capture,,0.7844389742,2016,2022,2022,23601,True,False,False,False,False,False,False,True,False,False,False,False,False
2154,93,237,4462.078,capture,,0.7276957538,2016,2022,2022,23601,True,False,False,False,False,False,False,True,False,False,False,False,False
2155,93,237,5587.5275,capture,,0.6967581655,2016,2022,2022,23601,True,False,False,False,False,False,False,True,False,False,False,False,False
2156,93,237,7201.782,capture,,0.6236523767,2016,2022,2022,23601,True,False,False,False,False,False,False,True,False,False,False,False,False
2157,93,237,9637.1795,capture,,0.5754418791,2016,2022,2022,23601,True,False,False,False,False,False,False,True,False,False,False,False,False
2158,93,237,13568.19,capture,,0.513790065,2016,2022,2022,23601,True,False,False,False,False,False,False,False,True,False,False,False,False
2159,93,237,18483.46,capture,,0.4398377609,2016,2022,2022,23601,True,False,False,False,False,False,False,False,True,False,False,False,False
2160,93,237,24743.96,capture,,0.3872474114,2016,2022,2022,23601,True,False,False,False,False,False,False,False,True,False,False,False,False
2161,93,237,34856.615,capture,,0.3409197934,2016,2022,2022,23601,True,False,False,False,False,False,False,False,True,False,False,False,False
2162,93,237,52830.615,capture,,0.2626646247,2016,2022,2022,23601,True,False,False,False,False,False,False,False,True,False,False,False,False
2163,93,237,74437.595,capture,,0.2279380974,2016,2022,2022,23601,True,False,False,False,False,False,False,False,True,False,False,False,False
2164,93,237,99758.46,capture,,0.1283669539,2016,2022,2022,23601,True,False,False,False,False,False,False,False,True,False,False,False,False
2165,93,237,140741,capture,,0.05975269421,2016,2022,2022,23601,True,False,False,False,False,False,False,False,False,True,False,False,True
2166,93,237,213794.15,capture,,-0.06900005804,2016,2022,2022,23601,True,False,False,False,False,False,False,False,False,True,False,False,True
2167,93,237,364803.75,capture,,-0.2655202106,2016,2022,2022,23601,True,False,False,False,False,False,False,False,False,True,False,False,True
2168,93,237,770144.85,capture,,-0.691008971,2016,2022,2022,23601,True,False,False,False,False,False,False,False,False,True,False,False,True
2169,93,237,3197256.011,total,,0.8894501778,2016,2024,2024,14825,False,False,False,False,True,False,False,False,False,False,True,False,True
2170,93,237,3443188.928,total,,0.8934676956,2016,2024,2024,14825,False,False,False,False,True,False,False,False,False,False,True,False,True
2171,93,237,3800806.754,total,,0.8949844392,2016,2024,2024,14825,False,False,False,False,True,False,False,False,False,False,True,False,True
2172,93,237,4195648.579,total,,0.8922713468,2016,2024,2024,14825,False,False,False,False,True,False,False,False,False,False,True,False,True
2173,93,237,4631234.391,total,,0.8853866662,2016,2024,2024,14825,False,False,False,False,True,False,False,False,False,False,True,False,True
2174,93,237,5111800.312,total,,0.8753246555,2016,2024,2024,14825,False,False,False,False,True,False,False,False,False,False,True,False,True
2175,93,237,5642348.084,total,,0.8588739159,2016,2024,2024,14825,False,False,False,False,True,False,False,False,False,False,True,False,True
2176,93,237,6228380.123,total,,0.8419394981,2016,2024,2024,14825,False,False,False,False,True,False,False,False,False,False,True,False,True
2177,93,237,6874632.714,total,,0.8216739847,2016,2024,2024,14825,False,False,False,False,True,False,False,False,False,False,True,False,True
2178,93,237,7588608.563,total,,0.8047934494,2016,2024,2024,14825,False,False,False,False,True,False,False,False,False,False,True,False,True
2179,93,237,8376063.032,total,,0.7869784449,2016,2024,2024,14825,False,False,False,False,True,False,False,False,False,False,True,False,True
2180,93,237,9245974.85,total,,0.7720942294,2016,2024,2024,14825,False,False,False,False,True,False,False,False,False,False,True,False,True
2181,93,237,10204877.47,total,,0.7632201564,2016,2024,2024,14825,False,False,False,False,True,False,False,False,False,False,False,True,True
2182,93,237,11407130.04,total,,0.7563058885,2016,2024,2024,14825,False,False,False,False,True,False,False,False,False,False,False,True,True
2183,93,237,12745104.86,total,,0.7548870465,2016,2024,2024,14825,False,False,False,False,True,False,False,False,False,False,False,True,True
2184,93,237,14069683.68,total,,0.7589705258,2016,2024,2024,14825,False,False,False,False,True,False,False,False,False,False,False,True,True
2185,93,237,15526596.21,total,,0.767391509,2016,2024,2024,14825,False,False,False,False,True,False,False,False,False,False,False,True,True
2186,93,237,17140978.38,total,,0.7772219524,2016,2024,2024,14825,False,False,False,False,True,False,False,False,False,False,False,True,True
2187,93,237,18920296.75,total,,0.7845263594,2016,2024,2024,14825,False,False,False,False,True,False,False,False,False,False,False,True,True
2188,94,239,1060,capture,,0.6106601631,2016,2018,2022,14794,True,False,False,False,False,False,False,True,False,False,False,False,False
2189,94,239,1190,capture,,0.5477747054,2016,2018,2022,14794,True,False,False,False,False,False,False,True,False,False,False,False,False
2190,94,239,1335,capture,,0.532754379,2016,2018,2022,14794,True,False,False,False,False,False,False,True,False,False,False,False,False
2191,94,239,1495,capture,,0.5943925504,2016,2018,2022,14794,True,False,False,False,False,False,False,True,False,False,False,False,False
2192,94,239,1680,capture,,0.6683859167,2016,2018,2022,14794,True,False,False,False,False,False,False,True,False,False,False,False,False
2193,94,239,1890,capture,,0.5965970956,2016,2018,2022,14794,True,False,False,False,False,False,False,True,False,False,False,False,False
2194,94,239,2120,capture,,0.5078558717,2016,2018,2022,14794,True,False,False,False,False,False,False,True,False,False,False,False,False
2195,94,239,2375,capture,,0.4983105538,2016,2018,2022,14794,True,False,False,False,False,False,False,True,False,False,False,False,False
2196,94,239,2665,capture,,0.42975228,2016,2018,2022,14794,True,False,False,False,False,False,False,True,False,False,False,False,False
2197,94,239,2990,capture,,0.4563660331,2016,2018,2022,14794,True,False,False,False,False,False,False,True,False,False,False,False,False
2198,94,239,3355,capture,,0.3424226808,2016,2018,2022,14794,True,False,False,False,False,False,False,True,False,False,False,False,False
2199,94,239,3765,capture,,0.3201462861,2016,2018,2022,14794,True,False,False,False,False,False,False,True,False,False,False,False,False
2200,94,239,4225,capture,,0.3283796034,2016,2018,2022,14794,True,False,False,False,False,False,False,True,False,False,False,False,False
2201,94,239,4740,capture,,0.2624510897,2016,2018,2022,14794,True,False,False,False,False,False,False,True,False,False,False,False,False
2202,94,239,5315,capture,,0.2455126678,2016,2018,2022,14794,True,False,False,False,False,False,False,True,False,False,False,False,False
2203,94,239,5965,capture,,0.2430380487,2016,2018,2022,14794,True,False,False,False,False,False,False,True,False,False,False,False,False
2204,94,239,6695,capture,,0.1931245984,2016,2018,2022,14794,True,False,False,False,False,False,False,True,False,False,False,False,False
2205,94,239,7510,capture,,0.1172712957,2016,2018,2022,14794,True,False,False,False,False,False,False,True,False,False,False,False,False
2206,94,239,8425,capture,,0.07918124605,2016,2018,2022,14794,True,False,False,False,False,False,False,True,False,False,False,False,False
2207,94,239,9455,capture,,0.02530586526,2016,2018,2022,14794,True,False,False,False,False,False,False,True,False,False,False,False,False
2208,94,239,10600,capture,,0,2016,2018,2022,14794,True,False,False,False,False,False,False,False,True,False,False,False,False
2209,94,239,11850,capture,,-0.03151705145,2016,2018,2022,14794,True,False,False,False,False,False,False,False,True,False,False,False,False
2210,94,239,13300,capture,,-0.08618614762,2016,2018,2022,14794,True,False,False,False,False,False,False,False,True,False,False,False,False
2211,94,239,14950,capture,,-0.1135092748,2016,2018,2022,14794,True,False,False,False,False,False,False,False,True,False,False,False,False
2212,94,239,16750,capture,,-0.1307682803,2016,2018,2022,14794,True,False,False,False,False,False,False,False,True,False,False,False,False
2213,94,239,20000,capture,,-0.1804560645,2016,2018,2022,14794,True,False,False,False,False,False,False,False,True,False,False,False,False
2214,94,239,23700,capture,,-0.2291479884,2016,2018,2022,14794,True,False,False,False,False,False,False,False,True,False,False,False,False
2215,94,239,26600,capture,,-0.2924298239,2016,2018,2022,14794,True,False,False,False,False,False,False,False,True,False,False,False,False
2216,94,239,29850,capture,,-0.3010299957,2016,2018,2022,14794,True,False,False,False,False,False,False,False,True,False,False,False,False
2217,94,239,33500,capture,,-0.3187587626,2016,2018,2022,14794,True,False,False,False,False,False,False,False,True,False,False,False,False
2218,94,239,37600,capture,,-0.3767507096,2016,2018,2022,14794,True,False,False,False,False,False,False,False,True,False,False,False,False
2219,94,239,42200,capture,,-0.3979400087,2016,2018,2022,14794,True,False,False,False,False,False,False,False,True,False,False,False,False
2220,94,239,47350,capture,,-0.4436974992,2016,2018,2022,14794,True,False,False,False,False,False,False,False,True,False,False,False,False
2221,94,239,53150,capture,,-0.468521083,2016,2018,2022,14794,True,False,False,False,False,False,False,False,True,False,False,False,False
2222,94,239,59650,capture,,-0.5228787453,2016,2018,2022,14794,True,False,False,False,False,False,False,False,True,False,False,False,False
2223,94,239,66900,capture,,-0.5376020021,2016,2018,2022,14794,True,False,False,False,False,False,False,False,True,False,False,False,False
2224,94,239,75050,capture,,-0.5528419687,2016,2018,2022,14794,True,False,False,False,False,False,False,False,True,False,False,False,False
2225,94,239,84250,capture,,-0.5528419687,2016,2018,2022,14794,True,False,False,False,False,False,False,False,True,False,False,False,False
2226,94,239,106000,capture,,-0.6197887583,2016,2018,2022,14794,True,False,False,False,False,False,False,False,False,True,False,False,True
2227,94,239,118500,capture,,-0.638272164,2016,2018,2022,14794,True,False,False,False,False,False,False,False,False,True,False,False,True
2228,94,239,133000,capture,,-0.6575773192,2016,2018,2022,14794,True,False,False,False,False,False,False,False,False,True,False,False,True
2229,94,239,149500,capture,,-0.6777807053,2016,2018,2022,14794,True,False,False,False,False,False,False,False,False,True,False,False,True
2230,94,239,167500,capture,,-0.6861327796,2016,2018,2022,14794,True,False,False,False,False,False,False,False,False,True,False,False,True
2231,94,239,188000,capture,,-0.6968039426,2016,2018,2022,14794,True,False,False,False,False,False,False,False,False,True,False,False,True
2232,94,239,211000,capture,,-0.7235381958,2016,2018,2022,14794,True,False,False,False,False,False,False,False,False,True,False,False,True
2233,94,239,237000,capture,,-0.7594507517,2016,2018,2022,14794,True,False,False,False,False,False,False,False,False,True,False,False,True
2234,94,239,266000,capture,,-0.7986028757,2016,2018,2022,14794,True,False,False,False,False,False,False,False,False,True,False,False,True
2235,94,239,298500,capture,,-0.8068754016,2016,2018,2022,14794,True,False,False,False,False,False,False,False,False,True,False,False,True
2236,94,239,335000,capture,,-0.876148359,2016,2018,2022,14794,True,False,False,False,False,False,False,False,False,True,False,False,True
2237,94,239,376000,capture,,-0.8827287043,2016,2018,2022,14794,True,False,False,False,False,False,False,False,False,True,False,False,True
2238,94,239,422000,capture,,-0.8996294549,2016,2018,2022,14794,True,False,False,False,False,False,False,False,False,True,False,False,True
2239,94,239,473500,capture,,-0.9469215565,2016,2018,2022,14794,True,False,False,False,False,False,False,False,False,True,False,False,True
2240,94,239,531500,capture,,-1.004364805,2016,2018,2022,14794,True,False,False,False,False,False,False,False,False,True,False,False,True
2241,94,239,596000,capture,,-1.026872146,2016,2018,2022,14794,True,False,False,False,False,False,False,False,False,True,False,False,True
2242,94,239,668500,capture,,-1.107905397,2016,2018,2022,14794,True,False,False,False,False,False,False,False,False,True,False,False,True
2243,94,239,750500,capture,,-1.091514981,2016,2018,2022,14794,True,False,False,False,False,False,False,False,False,True,False,False,True
2244,94,239,842500,capture,,-1.27572413,2016,2018,2022,14794,True,False,False,False,False,False,False,False,False,True,False,False,True
2245,94,239,945500,capture,,-1.283996656,2016,2018,2022,14794,True,False,False,False,False,False,False,False,False,True,False,False,True
2246,94,239,1061000,capture,,-1.37675071,2016,2018,2022,14794,True,False,False,False,False,False,False,False,False,False,True,False,True
2247,94,239,1190000,capture,,-1.537602002,2016,2018,2022,14794,True,False,False,False,False,False,False,False,False,False,True,False,True
2248,94,239,1335000,capture,,-1.552841969,2016,2018,2022,14794,True,False,False,False,False,False,False,False,False,False,True,False,True
2249,94,239,7100000,n2n,,-0.8477116556,2016,2021,2022,23777,False,True,False,False,False,False,False,False,False,False,True,False,True
2250,94,239,7720000,n2n,,-0.6834006979,2016,2021,2022,23777,False,True,False,False,False,False,False,False,False,False,True,False,True
2251,94,239,9340000,n2n,,-0.57024772,2016,2021,2022,23777,False,True,False,False,False,False,False,False,False,False,True,False,True
2252,94,239,3433928.556,total,,0.8946907385,2016,2024,2024,14825,False,False,False,False,True,False,False,False,False,False,True,False,True
2253,94,239,3879349.172,total,,0.894792196,2016,2024,2024,14825,False,False,False,False,True,False,False,False,False,False,True,False,True
2254,94,239,4277223.632,total,,0.8927149778,2016,2024,2024,14825,False,False,False,False,True,False,False,False,False,False,True,False,True
2255,94,239,4715597.947,total,,0.8867698248,2016,2024,2024,14825,False,False,False,False,True,False,False,False,False,False,True,False,True
2256,94,239,5198961.242,total,,0.8748817179,2016,2024,2024,14825,False,False,False,False,True,False,False,False,False,False,True,False,True
2257,94,239,5731802.683,total,,0.8602361601,2016,2024,2024,14825,False,False,False,False,True,False,False,False,False,False,True,False,True
2258,94,239,6319123.753,total,,0.8420504125,2016,2024,2024,14825,False,False,False,False,True,False,False,False,False,False,True,False,True
2259,94,239,6966926.223,total,,0.8228673581,2016,2024,2024,14825,False,False,False,False,True,False,False,False,False,False,True,False,True
2260,94,239,7681211.884,total,,0.8060374477,2016,2024,2024,14825,False,False,False,False,True,False,False,False,False,False,True,False,True
2261,94,239,8468470.464,total,,0.7901056373,2016,2024,2024,14825,False,False,False,False,True,False,False,False,False,False,True,False,True
2262,94,239,9336216.418,total,,0.7756504901,2016,2024,2024,14825,False,False,False,False,True,False,False,False,False,False,True,False,True
2263,94,239,10296965.57,total,,0.7659292022,2016,2024,2024,14825,False,False,False,False,True,False,False,False,False,False,False,True,True
2264,94,239,11346545.73,total,,0.7612924624,2016,2024,2024,14825,False,False,False,False,True,False,False,False,False,False,False,True,True
2265,94,239,12511282.91,total,,0.7567501811,2016,2024,2024,14825,False,False,False,False,True,False,False,False,False,False,False,True,True
2266,94,239,13790931.8,total,,0.7621043756,2016,2024,2024,14825,False,False,False,False,True,False,False,False,False,False,False,True,True
2267,94,239,15205499.01,total,,0.7718042066,2016,2024,2024,14825,False,False,False,False,True,False,False,False,False,False,False,True,True
2268,94,239,16764987.32,total,,0.7792464618,2016,2024,2024,14825,False,False,False,False,True,False,False,False,False,False,False,True,True
2269,94,239,18484523.26,total,,0.7833496436,2016,2024,2024,14825,False,False,False,False,True,False,False,False,False,False,False,True,True
2270,94,239,19890000,total,,0.7895807122,2016,2024,2024,14825,False,False,False,False,True,False,False,False,False,False,False,True,True
2271,95,241,1053.840377,capture,,1.091806835,2016,2018,2018,23369,True,False,False,False,False,False,False,True,False,False,False,False,False
2272,95,241,1155.51123,capture,,1.084169674,2016,2018,2018,23369,True,False,False,False,False,False,False,True,False,False,False,False,False
2273,95,241,1276.752538,capture,,1.046777523,2016,2018,2018,23369,True,False,False,False,False,False,False,True,False,False,False,False,False
2274,95,241,1410.721033,capture,,0.9852332367,2016,2018,2018,23369,True,False,False,False,False,False,False,True,False,False,False,False,False
2275,95,241,1558.738879,capture,,0.957060946,2016,2018,2018,23369,True,False,False,False,False,False,False,True,False,False,False,False,False
2276,95,241,1722.289781,capture,,0.9108887781,2016,2018,2018,23369,True,False,False,False,False,False,False,True,False,False,False,False,False
2277,95,241,1903.00236,capture,,0.9157776525,2016,2018,2018,23369,True,False,False,False,False,False,False,True,False,False,False,False,False
2278,95,241,2102.678174,capture,,0.9118666437,2016,2018,2018,23369,True,False,False,False,False,False,False,True,False,False,False,False,False
2279,95,241,2323.302115,capture,,0.8861396831,2016,2018,2018,23369,True,False,False,False,False,False,False,True,False,False,False,False,False
2280,95,241,2567.076965,capture,,0.8432456551,2016,2018,2018,23369,True,False,False,False,False,False,False,True,False,False,False,False,False
2281,95,241,2836.428795,capture,,0.8227005298,2016,2018,2018,23369,True,False,False,False,False,False,False,True,False,False,False,False,False
2282,95,241,3134.043747,capture,,0.8303890098,2016,2018,2018,23369,True,False,False,False,False,False,False,True,False,False,False,False,False
2283,95,241,3462.882121,capture,,0.7588982732,2016,2018,2018,23369,True,False,False,False,False,False,False,True,False,False,False,False,False
2284,95,241,3826.225024,capture,,0.7311179572,2016,2018,2018,23369,True,False,False,False,False,False,False,True,False,False,False,False,False
2285,95,241,4227.694529,capture,,0.7088861485,2016,2018,2018,23369,True,False,False,False,False,False,False,True,False,False,False,False,False
2286,95,241,4671.286271,capture,,0.6877384778,2016,2018,2018,23369,True,False,False,False,False,False,False,True,False,False,False,False,False
2287,95,241,5161.422941,capture,,0.6536613285,2016,2018,2018,23369,True,False,False,False,False,False,False,True,False,False,False,False,False
2288,95,241,5702.984259,capture,,0.6275413144,2016,2018,2018,23369,True,False,False,False,False,False,False,True,False,False,False,False,False
2289,95,241,6301.369935,capture,,0.6213297272,2016,2018,2018,23369,True,False,False,False,False,False,False,True,False,False,False,False,False
2290,95,241,6962.54387,capture,,0.6014169406,2016,2018,2018,23369,True,False,False,False,False,False,False,True,False,False,False,False,False
2291,95,241,7693.086124,capture,,0.5971548019,2016,2018,2018,23369,True,False,False,False,False,False,False,True,False,False,False,False,False
2292,95,241,8500.282873,capture,,0.5530162016,2016,2018,2018,23369,True,False,False,False,False,False,False,True,False,False,False,False,False
2293,95,241,9392.175281,capture,,0.5668925095,2016,2018,2018,23369,True,False,False,False,False,False,False,True,False,False,False,False,False
2294,95,241,23500,capture,,0.434568904,2016,2023,2023,23606,True,False,False,False,False,False,False,False,True,False,False,False,False
2295,95,241,51500,capture,,0.3304137733,2016,2023,2023,23606,True,False,False,False,False,False,False,False,True,False,False,False,False
2296,95,241,127700,capture,,0.1205739312,2016,2023,2023,23606,True,False,False,False,False,False,False,False,False,True,False,False,True
2297,95,241,1041.128371,capture,,1.146748014,2016,2024,2025,23620,True,False,False,False,False,False,False,True,False,False,False,False,False
2298,95,241,1148.579498,capture,,1.09852836,2016,2024,2025,23620,True,False,False,False,False,False,False,True,False,False,False,False,False
2299,95,241,1273.571169,capture,,1.089551883,2016,2024,2025,23620,True,False,False,False,False,False,False,True,False,False,False,False,False
2300,95,241,1420.140065,capture,,1.044931546,2016,2024,2025,23620,True,False,False,False,False,False,False,True,False,False,False,False,False
2301,95,241,1562.269623,capture,,1.036029731,2016,2024,2025,23620,True,False,False,False,False,False,False,True,False,False,False,False,False
2302,95,241,1727.443179,capture,,0.9879640328,2016,2024,2025,23620,True,False,False,False,False,False,False,True,False,False,False,False,False
2303,95,241,1919.561574,capture,,1.01911629,2016,2024,2025,23620,True,False,False,False,False,False,False,True,False,False,False,False,False
2304,95,241,2097.647087,capture,,0.9997827985,2016,2024,2025,23620,True,False,False,False,False,False,False,True,False,False,False,False,False
2305,95,241,2301.726714,capture,,0.98788961,2016,2024,2025,23620,True,False,False,False,False,False,False,True,False,False,False,False,False
2306,95,241,2474.619,capture,,0.903089987,2016,2024,2025,23620,True,False,False,False,False,False,False,True,False,False,False,False,False
2307,95,241,2810.578045,capture,,0.8779469516,2016,2024,2025,23620,True,False,False,False,False,False,False,True,False,False,False,False,False
2308,95,241,3130.78131,capture,,0.8512583487,2016,2024,2025,23620,True,False,False,False,False,False,False,True,False,False,False,False,False
2309,95,241,3509.030763,capture,,0.656098202,2016,2024,2025,23620,True,False,False,False,False,False,False,True,False,False,False,False,False
2310,95,241,3838.7155,capture,,0.806179974,2016,2024,2025,23620,True,False,False,False,False,False,False,True,False,False,False,False,False
2311,95,241,4219.267447,capture,,0.7948364578,2016,2024,2025,23620,True,False,False,False,False,False,False,True,False,False,False,False,False
2312,95,241,4656.853,capture,,0.7015679851,2016,2024,2025,23620,True,False,False,False,False,False,False,True,False,False,False,False,False
2313,95,241,5169.404838,capture,,0.7976137302,2016,2024,2025,23620,True,False,False,False,False,False,False,True,False,False,False,False,False
2314,95,241,5767.687,capture,,0.6674529529,2016,2024,2025,23620,True,False,False,False,False,False,False,True,False,False,False,False,False
2315,95,241,6227.672,capture,,0.6848453616,2016,2024,2025,23620,True,False,False,False,False,False,False,True,False,False,False,False,False
2316,95,241,7031.290772,capture,,0.6910814921,2016,2024,2025,23620,True,False,False,False,False,False,False,True,False,False,False,False,False
2317,95,241,7993.945,capture,,0.5965970956,2016,2024,2025,23620,True,False,False,False,False,False,False,True,False,False,False,False,False
2318,95,241,8752.878,capture,,0.6646419756,2016,2024,2025,23620,True,False,False,False,False,False,False,True,False,False,False,False,False
2319,95,241,9625.43,capture,,0.622214023,2016,2024,2025,23620,True,False,False,False,False,False,False,True,False,False,False,False,False
2320,95,241,10635.5005,capture,,0.6937269489,2016,2024,2025,23620,True,False,False,False,False,False,False,False,True,False,False,False,False
2321,95,241,11813.645,capture,,0.4727564493,2016,2024,2025,23620,True,False,False,False,False,False,False,False,True,False,False,False,False
2322,95,241,13199.425,capture,,0.480006943,2016,2024,2025,23620,True,False,False,False,False,False,False,False,True,False,False,False,False
2323,95,241,14844.76,capture,,0.4048337166,2016,2024,2025,23620,True,False,False,False,False,False,False,False,True,False,False,False,False
2324,95,241,16818.965,capture,,0.4727564493,2016,2024,2025,23620,True,False,False,False,False,False,False,False,True,False,False,False,False
2325,95,241,19216.19,capture,,0.4517864355,2016,2024,2025,23620,True,False,False,False,False,False,False,False,True,False,False,False,False
2326,95,241,22166.975,capture,,0.4048337166,2016,2024,2025,23620,True,False,False,False,False,False,False,False,True,False,False,False,False
2327,95,241,25856.625,capture,,0.3138672204,2016,2024,2025,23620,True,False,False,False,False,False,False,False,True,False,False,False,False
2328,95,241,30555.405,capture,,0.3463529745,2016,2024,2025,23620,True,False,False,False,False,False,False,False,True,False,False,False,False
2329,95,241,36670.245,capture,,0.4248816366,2016,2024,2025,23620,True,False,False,False,False,False,False,False,True,False,False,False,False
2330,95,241,44837.485,capture,,0.3304137733,2016,2024,2025,23620,True,False,False,False,False,False,False,False,True,False,False,False,False
2331,95,241,56099.02,capture,,0.3384564936,2016,2024,2025,23620,True,False,False,False,False,False,False,False,True,False,False,False,False
2332,95,241,72260.66,capture,,0.2479732664,2016,2024,2025,23620,True,False,False,False,False,False,False,False,True,False,False,False,False
2333,95,241,96688.115,capture,,0.05307844348,2016,2024,2025,23620,True,False,False,False,False,False,False,False,True,False,False,False,False
2334,95,241,136288.415,capture,,0.1430148003,2016,2024,2025,23620,True,False,False,False,False,False,False,False,False,True,False,False,True
2335,95,241,207277.8,capture,,0.1367205672,2016,2024,2025,23620,True,False,False,False,False,False,False,False,False,True,False,False,True
2336,95,241,356323.6,capture,,-0.1307682803,2016,2024,2025,23620,True,False,False,False,False,False,False,False,False,True,False,False,True
2337,95,241,774386.6,capture,,-0.4948500217,2016,2024,2025,23620,True,False,False,False,False,False,False,False,False,True,False,False,True
2338,95,241,14800000,n2n,,-0.57024772,2016,2019,2025,32859,False,True,False,False,False,False,False,False,False,False,False,True,True
2339,95,243,23400,capture,,0.4014005408,2016,2021,2022,23748,True,False,False,False,False,False,False,False,True,False,False,False,False
