row,Z,A,energy_ev,quantity,spectrum,label,freeze_year,pub_year,compiled_year,entry,sub:capture,sub:n2n,sub:np,sub:na,sub:total,sub:elastic,sub:inelastic,sub:< 10 keV,sub:10-100 keV,sub:0.1-1 MeV,sub:1-10 MeV,sub:> 10 MeV,sub:E >= 100 keV (DATEDEXAM post-hoc subset)
0,4,7,1292.45,np,,2.318683015,2010,2018,2018,23399,False,False,True,False,False,False,False,True,False,False,False,False,False
1,4,7,2048.39,np,,2.125767448,2010,2018,2018,23399,False,False,True,False,False,False,False,True,False,False,False,False,False
2,4,7,3246.48,np,,2.005557996,2010,2018,2018,23399,False,False,True,False,False,False,False,True,False,False,False,False,False
3,4,7,5145.32,np,,1.870378151,2010,2018,2018,23399,False,False,True,False,False,False,False,True,False,False,False,False,False
4,4,7,8154.79,np,,1.785527003,2010,2018,2018,23399,False,False,True,False,False,False,False,True,False,False,False,False,False
5,4,7,12924.5,np,,1.523628125,2010,2018,2018,23399,False,False,True,False,False,False,False,False,True,False,False,False,False
6,4,7,20483.9,np,,1.416677113,2010,2018,2018,23399,False,False,True,False,False,False,False,False,True,False,False,False,False
7,4,7,32464.8,np,,1.356637647,2010,2018,2018,23399,False,False,True,False,False,False,False,False,True,False,False,False,False
8,4,7,51453.2,np,,1.027251728,2010,2018,2018,23399,False,False,True,False,False,False,False,False,True,False,False,False,False
9,4,7,81547.9,np,,0.795431594,2010,2018,2018,23399,False,False,True,False,False,False,False,False,True,False,False,False,False
10,4,7,129245,np,,0.3990815701,2010,2018,2018,23399,False,False,True,False,False,False,False,False,False,True,False,False,True
11,4,7,204839,np,,0.5799892663,2010,2018,2018,23399,False,False,True,False,False,False,False,False,False,True,False,False,True
12,4,7,324648,np,,0.6018558249,2010,2018,2018,23399,False,False,True,False,False,False,False,False,False,True,False,False,True
13,4,9,400149.9844,total,,0.5783526415,2010,2012,2012,14349,False,False,False,False,True,False,False,False,False,True,False,False,True
14,4,9,420699.3978,total,,0.5670568034,2010,2012,2012,14349,False,False,False,False,True,False,False,False,False,True,False,False,True
15,4,9,464943.149,total,,0.5520503331,2010,2012,2012,14349,False,False,False,False,True,False,False,False,False,True,False,False,True
16,4,9,513851.4322,total,,0.5395460412,2010,2012,2012,14349,False,False,False,False,True,False,False,False,False,True,False,False,True
17,4,9,567862.8032,total,,0.5623008232,2010,2012,2012,14349,False,False,False,False,True,False,False,False,False,True,False,False,True
18,4,9,627542.8067,total,,0.7492724083,2010,2012,2012,14349,False,False,False,False,True,False,False,False,False,True,False,False,True
19,4,9,693557.0319,total,,0.5535650836,2010,2012,2012,14349,False,False,False,False,True,False,False,False,False,True,False,False,True
20,4,9,766539.605,total,,0.5458822268,2010,2012,2012,14349,False,False,False,False,True,False,False,False,False,True,False,False,True
21,4,9,847179.6132,total,,0.5734163206,2010,2012,2012,14349,False,False,False,False,True,False,False,False,False,True,False,False,True
22,4,9,936207.4642,total,,0.5341350938,2010,2012,2012,14349,False,False,False,False,True,False,False,False,False,True,False,False,True
23,4,9,1034903.428,total,,0.5141783431,2010,2012,2012,14349,False,False,False,False,True,False,False,False,False,False,True,False,True
24,4,9,1143832.667,total,,0.4772797777,2010,2012,2012,14349,False,False,False,False,True,False,False,False,False,False,True,False,True
25,4,9,1263964.12,total,,0.4290770483,2010,2012,2012,14349,False,False,False,False,True,False,False,False,False,False,True,False,True
26,4,9,1396717.53,total,,0.3733379527,2010,2012,2012,14349,False,False,False,False,True,False,False,False,False,False,True,False,True
27,4,9,1543480.275,total,,0.3140293613,2010,2012,2012,14349,False,False,False,False,True,False,False,False,False,False,True,False,True
28,4,9,1706222.216,total,,0.2607191877,2010,2012,2012,14349,False,False,False,False,True,False,False,False,False,False,True,False,True
29,4,9,1885145.844,total,,0.2246109058,2010,2012,2012,14349,False,False,False,False,True,False,False,False,False,False,True,False,True
30,4,9,2083161.19,total,,0.2347235716,2010,2012,2012,14349,False,False,False,False,True,False,False,False,False,False,True,False,True
31,4,9,2302486.718,total,,0.306062602,2010,2012,2012,14349,False,False,False,False,True,False,False,False,False,False,True,False,True
32,4,9,2544808.896,total,,0.437292676,2010,2012,2012,14349,False,False,False,False,True,False,False,False,False,False,True,False,True
33,4,9,2812885.605,total,,0.5798262393,2010,2012,2012,14349,False,False,False,False,True,False,False,False,False,False,True,False,True
34,4,9,3108628.87,total,,0.4631227769,2010,2012,2012,14349,False,False,False,False,True,False,False,False,False,False,True,False,True
35,4,9,3435200.899,total,,0.3853107648,2010,2012,2012,14349,False,False,False,False,True,False,False,False,False,False,True,False,True
36,4,9,3796474.424,total,,0.3273589344,2010,2012,2012,14349,False,False,False,False,True,False,False,False,False,False,True,False,True
37,4,9,4196919.605,total,,0.2906820271,2010,2012,2012,14349,False,False,False,False,True,False,False,False,False,False,True,False,True
38,4,9,4637632.976,total,,0.2895632275,2010,2012,2012,14349,False,False,False,False,True,False,False,False,False,False,True,False,True
39,4,9,5123345.955,total,,0.2760438114,2010,2012,2012,14349,False,False,False,False,True,False,False,False,False,False,True,False,True
40,4,9,5662802.545,total,,0.2737199297,2010,2012,2012,14349,False,False,False,False,True,False,False,False,False,False,True,False,True
41,4,9,6260846.881,total,,0.2605218872,2010,2012,2012,14349,False,False,False,False,True,False,False,False,False,False,True,False,True
42,4,9,6918625.024,total,,0.2509937071,2010,2012,2012,14349,False,False,False,False,True,False,False,False,False,False,True,False,True
43,4,9,7643764.127,total,,0.2462736003,2010,2012,2012,14349,False,False,False,False,True,False,False,False,False,False,True,False,True
44,4,9,8445795.795,total,,0.2361510445,2010,2012,2012,14349,False,False,False,False,True,False,False,False,False,False,True,False,True
45,4,9,9337039.896,total,,0.2333048871,2010,2012,2012,14349,False,False,False,False,True,False,False,False,False,False,True,False,True
46,4,9,10326326.96,total,,0.2237554537,2010,2012,2012,14349,False,False,False,False,True,False,False,False,False,False,False,True,True
47,4,9,11412550.57,total,,0.2148839695,2010,2012,2012,14349,False,False,False,False,True,False,False,False,False,False,False,True,True
48,4,9,12611085.85,total,,0.1848716173,2010,2012,2012,14349,False,False,False,False,True,False,False,False,False,False,False,True,True
49,4,9,13940648.59,total,,0.1765735406,2010,2012,2012,14349,False,False,False,False,True,False,False,False,False,False,False,True,True
50,4,9,15397532.75,total,,0.1585778625,2010,2012,2012,14349,False,False,False,False,True,False,False,False,False,False,False,True,True
51,4,9,17003087.98,total,,0.1428469749,2010,2012,2012,14349,False,False,False,False,True,False,False,False,False,False,False,True,True
52,4,9,18804464.01,total,,0.1054774313,2010,2012,2012,14349,False,False,False,False,True,False,False,False,False,False,False,True,True
53,4,9,19889919.56,total,,0.06213053462,2010,2012,2012,14349,False,False,False,False,True,False,False,False,False,False,False,True,True
54,4,9,400149.9844,total,,0.5777789367,2010,2012,2012,14349,False,False,False,False,True,False,False,False,False,True,False,False,True
55,4,9,420699.3978,total,,0.565325255,2010,2012,2012,14349,False,False,False,False,True,False,False,False,False,True,False,False,True
56,4,9,464943.149,total,,0.5521165769,2010,2012,2012,14349,False,False,False,False,True,False,False,False,False,True,False,False,True
57,4,9,513851.4322,total,,0.5417614493,2010,2012,2012,14349,False,False,False,False,True,False,False,False,False,True,False,False,True
58,4,9,567862.8032,total,,0.5623883601,2010,2012,2012,14349,False,False,False,False,True,False,False,False,False,True,False,False,True
59,4,9,627542.8067,total,,0.7486666844,2010,2012,2012,14349,False,False,False,False,True,False,False,False,False,True,False,False,True
60,4,9,693557.0319,total,,0.5532962178,2010,2012,2012,14349,False,False,False,False,True,False,False,False,False,True,False,False,True
61,4,9,766539.605,total,,0.5456618578,2010,2012,2012,14349,False,False,False,False,True,False,False,False,False,True,False,False,True
62,4,9,847179.6132,total,,0.5730658845,2010,2012,2012,14349,False,False,False,False,True,False,False,False,False,True,False,False,True
63,4,9,936207.4642,total,,0.5339988548,2010,2012,2012,14349,False,False,False,False,True,False,False,False,False,True,False,False,True
64,4,9,1034903.428,total,,0.5158382171,2010,2012,2012,14349,False,False,False,False,True,False,False,False,False,False,True,False,True
65,4,9,1143832.667,total,,0.4775140102,2010,2012,2012,14349,False,False,False,False,True,False,False,False,False,False,True,False,True
66,4,9,1263964.12,total,,0.4296317799,2010,2012,2012,14349,False,False,False,False,True,False,False,False,False,False,True,False,True
67,4,9,1396717.53,total,,0.3736474722,2010,2012,2012,14349,False,False,False,False,True,False,False,False,False,False,True,False,True
68,4,9,1543480.275,total,,0.3158896441,2010,2012,2012,14349,False,False,False,False,True,False,False,False,False,False,True,False,True
69,4,9,1706222.216,total,,0.2611596905,2010,2012,2012,14349,False,False,False,False,True,False,False,False,False,False,True,False,True
70,4,9,1885145.844,total,,0.2251189269,2010,2012,2012,14349,False,False,False,False,True,False,False,False,False,False,True,False,True
71,4,9,2083161.19,total,,0.2353354128,2010,2012,2012,14349,False,False,False,False,True,False,False,False,False,False,True,False,True
72,4,9,2302486.718,total,,0.3042896131,2010,2012,2012,14349,False,False,False,False,True,False,False,False,False,False,True,False,True
73,4,9,2544808.896,total,,0.4395439509,2010,2012,2012,14349,False,False,False,False,True,False,False,False,False,False,True,False,True
74,4,9,2812885.605,total,,0.5797068292,2010,2012,2012,14349,False,False,False,False,True,False,False,False,False,False,True,False,True
75,4,9,3108628.87,total,,0.46439406,2010,2012,2012,14349,False,False,False,False,True,False,False,False,False,False,True,False,True
76,4,9,3435200.899,total,,0.3858572981,2010,2012,2012,14349,False,False,False,False,True,False,False,False,False,False,True,False,True
77,4,9,3796474.424,total,,0.3295732031,2010,2012,2012,14349,False,False,False,False,True,False,False,False,False,False,True,False,True
78,4,9,4196919.605,total,,0.2892239821,2010,2012,2012,14349,False,False,False,False,True,False,False,False,False,False,True,False,True
79,4,9,4637632.976,total,,0.2875864236,2010,2012,2012,14349,False,False,False,False,True,False,False,False,False,False,True,False,True
80,4,9,5123345.955,total,,0.2762760793,2010,2012,2012,14349,False,False,False,False,True,False,False,False,False,False,True,False,True
81,4,9,5662802.545,total,,0.272696397,2010,2012,2012,14349,False,False,False,False,True,False,False,False,False,False,True,False,True
82,4,9,6260846.881,total,,0.2619233928,2010,2012,2012,14349,False,False,False,False,True,False,False,False,False,False,True,False,True
83,4,9,6918625.024,total,,0.2499604922,2010,2012,2012,14349,False,False,False,False,True,False,False,False,False,False,True,False,True
84,4,9,7643764.127,total,,0.2461823587,2010,2012,2012,14349,False,False,False,False,True,False,False,False,False,False,True,False,True
85,4,9,8445795.795,total,,0.2378178274,2010,2012,2012,14349,False,False,False,False,True,False,False,False,False,False,True,False,True
86,4,9,9337039.896,total,,0.2343325603,2010,2012,2012,14349,False,False,False,False,True,False,False,False,False,False,True,False,True
87,4,9,10326326.96,total,,0.2229764499,2010,2012,2012,14349,False,False,False,False,True,False,False,False,False,False,False,True,True
88,4,9,11412550.57,total,,0.2099615899,2010,2012,2012,14349,False,False,False,False,True,False,False,False,False,False,False,True,True
89,4,9,12611085.85,total,,0.1902427399,2010,2012,2012,14349,False,False,False,False,True,False,False,False,False,False,False,True,True
90,4,9,13940648.59,total,,0.1791207296,2010,2012,2012,14349,False,False,False,False,True,False,False,False,False,False,False,True,True
91,4,9,15397532.75,total,,0.1703665035,2010,2012,2012,14349,False,False,False,False,True,False,False,False,False,False,False,True,True
92,4,9,17003087.98,total,,0.1482483666,2010,2012,2012,14349,False,False,False,False,True,False,False,False,False,False,False,True,True
93,4,9,18804464.01,total,,0.1347531357,2010,2012,2012,14349,False,False,False,False,True,False,False,False,False,False,False,True,True
94,4,9,19889919.56,total,,0.123851641,2010,2012,2012,14349,False,False,False,False,True,False,False,False,False,False,False,True,True
95,4,9,400149.9844,total,,0.5754765086,2010,2012,2012,14349,False,False,False,False,True,False,False,False,False,True,False,False,True
96,4,9,420399.0432,total,,0.5644432133,2010,2012,2012,14349,False,False,False,False,True,False,False,False,False,True,False,False,True
97,4,9,465009.0438,total,,0.5529703956,2010,2012,2012,14349,False,False,False,False,True,False,False,False,False,True,False,False,True
98,4,9,513851.4322,total,,0.5412463237,2010,2012,2012,14349,False,False,False,False,True,False,False,False,False,True,False,False,True
99,4,9,567862.8032,total,,0.5618708405,2010,2012,2012,14349,False,False,False,False,True,False,False,False,False,True,False,False,True
100,4,9,627723.838,total,,0.7312003177,2010,2012,2012,14349,False,False,False,False,True,False,False,False,False,True,False,False,True
101,4,9,693557.0319,total,,0.553686019,2010,2012,2012,14349,False,False,False,False,True,False,False,False,False,True,False,False,True
102,4,9,766539.605,total,,0.5454989045,2010,2012,2012,14349,False,False,False,False,True,False,False,False,False,True,False,False,True
103,4,9,847179.6132,total,,0.5703713611,2010,2012,2012,14349,False,False,False,False,True,False,False,False,False,True,False,False,True
104,4,9,936207.4642,total,,0.5341296451,2010,2012,2012,14349,False,False,False,False,True,False,False,False,False,True,False,False,True
105,4,9,1034903.428,total,,0.5143213777,2010,2012,2012,14349,False,False,False,False,True,False,False,False,False,False,True,False,True
106,4,9,1143832.667,total,,0.4766660411,2010,2012,2012,14349,False,False,False,False,True,False,False,False,False,False,True,False,True
107,4,9,1263964.12,total,,0.4284974415,2010,2012,2012,14349,False,False,False,False,True,False,False,False,False,False,True,False,True
108,4,9,1396717.53,total,,0.3727570085,2010,2012,2012,14349,False,False,False,False,True,False,False,False,False,False,True,False,True
109,4,9,1543480.275,total,,0.3152088502,2010,2012,2012,14349,False,False,False,False,True,False,False,False,False,False,True,False,True
110,4,9,1706222.216,total,,0.2603471655,2010,2012,2012,14349,False,False,False,False,True,False,False,False,False,False,True,False,True
111,4,9,1885145.844,total,,0.2234497537,2010,2012,2012,14349,False,False,False,False,True,False,False,False,False,False,True,False,True
112,4,9,2083161.19,total,,0.2338849159,2010,2012,2012,14349,False,False,False,False,True,False,False,False,False,False,True,False,True
113,4,9,2302486.718,total,,0.3037067261,2010,2012,2012,14349,False,False,False,False,True,False,False,False,False,False,True,False,True
114,4,9,2544808.896,total,,0.4370803207,2010,2012,2012,14349,False,False,False,False,True,False,False,False,False,False,True,False,True
115,4,9,2812885.605,total,,0.5807122593,2010,2012,2012,14349,False,False,False,False,True,False,False,False,False,False,True,False,True
116,4,9,3108628.87,total,,0.4643591203,2010,2012,2012,14349,False,False,False,False,True,False,False,False,False,False,True,False,True
117,4,9,3435200.899,total,,0.3860639152,2010,2012,2012,14349,False,False,False,False,True,False,False,False,False,False,True,False,True
118,4,9,3796474.424,total,,0.3288539255,2010,2012,2012,14349,False,False,False,False,True,False,False,False,False,False,True,False,True
119,4,9,4196919.605,total,,0.2892239821,2010,2012,2012,14349,False,False,False,False,True,False,False,False,False,False,True,False,True
120,4,9,4637632.976,total,,0.285189327,2010,2012,2012,14349,False,False,False,False,True,False,False,False,False,False,True,False,True
121,4,9,5123345.955,total,,0.2751600588,2010,2012,2012,14349,False,False,False,False,True,False,False,False,False,False,True,False,True
122,4,9,5662802.545,total,,0.2714747521,2010,2012,2012,14349,False,False,False,False,True,False,False,False,False,False,True,False,True
123,4,9,6260846.881,total,,0.2613421847,2010,2012,2012,14349,False,False,False,False,True,False,False,False,False,False,True,False,True
124,4,9,6918625.024,total,,0.2477133913,2010,2012,2012,14349,False,False,False,False,True,False,False,False,False,False,True,False,True
125,4,9,7643764.127,total,,0.2442618451,2010,2012,2012,14349,False,False,False,False,True,False,False,False,False,False,True,False,True
126,4,9,8445795.795,total,,0.2378504456,2010,2012,2012,14349,False,False,False,False,True,False,False,False,False,False,True,False,True
127,4,9,9337039.896,total,,0.2330304298,2010,2012,2012,14349,False,False,False,False,True,False,False,False,False,False,True,False,True
128,4,9,10326326.96,total,,0.223681323,2010,2012,2012,14349,False,False,False,False,True,False,False,False,False,False,False,True,True
129,4,9,11412550.57,total,,0.2104077065,2010,2012,2012,14349,False,False,False,False,True,False,False,False,False,False,False,True,True
130,4,9,12611085.85,total,,0.1900647685,2010,2012,2012,14349,False,False,False,False,True,False,False,False,False,False,False,True,True
131,4,9,13940648.59,total,,0.1776326785,2010,2012,2012,14349,False,False,False,False,True,False,False,False,False,False,False,True,True
132,4,9,15397532.75,total,,0.1601361123,2010,2012,2012,14349,False,False,False,False,True,False,False,False,False,False,False,True,True
133,4,9,17003087.98,total,,0.1428411866,2010,2012,2012,14349,False,False,False,False,True,False,False,False,False,False,False,True,True
134,4,9,18804464.01,total,,0.1095720575,2010,2012,2012,14349,False,False,False,False,True,False,False,False,False,False,False,True,True
135,4,9,19889919.56,total,,0.07554696139,2010,2012,2012,14349,False,False,False,False,True,False,False,False,False,False,False,True,True
136,5,10,6000000,elastic,,-0.06550154876,2010,2021,2021,14719,False,False,False,False,False,True,False,False,False,False,True,False,True
137,5,10,10000000,elastic,,-0.09205147839,2010,2021,2021,14719,False,False,False,False,False,True,False,False,False,False,False,True,True
138,5,10,160000,na,,0.3040594662,2010,2017,2019,23409,False,False,False,True,False,False,False,False,False,True,False,False,True
139,5,10,220000,na,,0.2319790268,2010,2017,2019,23409,False,False,False,True,False,False,False,False,False,True,False,False,True
140,5,10,270000,na,,0.1280760127,2010,2017,2019,23409,False,False,False,True,False,False,False,False,False,True,False,False,True
141,5,10,320000,na,,0.05614226206,2010,2017,2019,23409,False,False,False,True,False,False,False,False,False,True,False,False,True
142,5,10,370000,na,,-0.04000516167,2010,2017,2019,23409,False,False,False,True,False,False,False,False,False,True,False,False,True
143,5,10,420000,na,,-0.03198428601,2010,2017,2019,23409,False,False,False,True,False,False,False,False,False,True,False,False,True
144,5,10,470000,na,,-0.05601112493,2010,2017,2019,23409,False,False,False,True,False,False,False,False,False,True,False,False,True
145,5,10,530000,na,,-0.136082623,2010,2017,2019,23409,False,False,False,True,False,False,False,False,False,True,False,False,True
146,5,10,570000,na,,-0.208309351,2010,2017,2019,23409,False,False,False,True,False,False,False,False,False,True,False,False,True
147,5,10,694550.2142,na,,-0.4388986164,2010,2017,2019,23409,False,False,False,True,False,False,False,False,False,True,False,False,True
148,5,10,770000,na,,-0.5114492835,2010,2017,2019,23409,False,False,False,True,False,False,False,False,False,True,False,False,True
149,5,10,849470.4233,na,,-0.5670307091,2010,2017,2019,23409,False,False,False,True,False,False,False,False,False,True,False,False,True
150,5,10,944669.2543,na,,-0.6556077263,2010,2017,2019,23409,False,False,False,True,False,False,False,False,False,True,False,False,True
151,5,10,1044700.914,na,,-0.6757175447,2010,2017,2019,23409,False,False,False,True,False,False,False,False,False,False,True,False,True
152,5,10,1139824.548,na,,-0.6882461389,2010,2017,2019,23409,False,False,False,True,False,False,False,False,False,False,True,False,True
153,5,10,1269343.493,na,,-0.6932176754,2010,2017,2019,23409,False,False,False,True,False,False,False,False,False,False,True,False,True
154,5,10,1394775.968,na,,-0.6439741428,2010,2017,2019,23409,False,False,False,True,False,False,False,False,False,False,True,False,True
155,5,10,1543987.917,na,,-0.4861168144,2010,2017,2019,23409,False,False,False,True,False,False,False,False,False,False,True,False,True
156,5,10,1719515.367,na,,-0.348721986,2010,2017,2019,23409,False,False,False,True,False,False,False,False,False,False,True,False,True
157,5,10,1894175.052,na,,-0.3384239227,2010,2017,2019,23409,False,False,False,True,False,False,False,False,False,False,True,False,True
158,5,10,2096662.45,na,,-0.4720480417,2010,2017,2019,23409,False,False,False,True,False,False,False,False,False,False,True,False,True
159,5,10,2318921.813,na,,-0.5843590201,2010,2017,2019,23409,False,False,False,True,False,False,False,False,False,False,True,False,True
160,5,10,2569026.795,na,,-0.6241535637,2010,2017,2019,23409,False,False,False,True,False,False,False,False,False,False,True,False,True
161,5,10,2819113.14,na,,-0.6318991483,2010,2017,2019,23409,False,False,False,True,False,False,False,False,False,False,True,False,True
162,5,10,3044076.215,na,,-0.7110803943,2010,2017,2019,23409,False,False,False,True,False,False,False,False,False,False,True,False,True
163,5,10,4000000,na,,-0.6115827491,2010,2011,2012,32694,False,False,False,True,False,False,False,False,False,False,True,False,True
164,5,10,5000000,na,,-0.8398221812,2010,2011,2012,32694,False,False,False,True,False,False,False,False,False,False,True,False,True
165,5,10,4000000,na,,-0.5597207868,2010,2017,2018,32771,False,False,False,True,False,False,False,False,False,False,True,False,True
166,5,10,4500000,na,,-0.6428277423,2010,2017,2018,32771,False,False,False,True,False,False,False,False,False,False,True,False,True
167,5,10,5000000,na,,-0.7544873322,2010,2017,2018,32771,False,False,False,True,False,False,False,False,False,False,True,False,True
168,5,10,1000,na,,1.245512668,2010,2019,2020,32804,False,False,False,True,False,False,False,True,False,False,False,False,False
169,5,10,1260,na,,1.193124598,2010,2019,2020,32804,False,False,False,True,False,False,False,True,False,False,False,False,False
170,5,10,1580,na,,1.149219113,2010,2019,2020,32804,False,False,False,True,False,False,False,True,False,False,False,False,False
171,5,10,2000,na,,1.103803721,2010,2019,2020,32804,False,False,False,True,False,False,False,True,False,False,False,False,False
172,5,10,2510,na,,1.056904851,2010,2019,2020,32804,False,False,False,True,False,False,False,True,False,False,False,False,False
173,5,10,3160,na,,1.017033339,2010,2019,2020,32804,False,False,False,True,False,False,False,True,False,False,False,False,False
174,5,10,3980,na,,0.9604707775,2010,2019,2020,32804,False,False,False,True,False,False,False,True,False,False,False,False,False
175,5,10,5010,na,,0.8859263398,2010,2019,2020,32804,False,False,False,True,False,False,False,True,False,False,False,False,False
176,5,10,6310,na,,0.8536982118,2010,2019,2020,32804,False,False,False,True,False,False,False,True,False,False,False,False,False
177,5,10,7940,na,,0.8048206787,2010,2019,2020,32804,False,False,False,True,False,False,False,True,False,False,False,False,False
178,5,10,10000,na,,0.7774268224,2010,2019,2020,32804,False,False,False,True,False,False,False,False,True,False,False,False,False
179,5,10,12600,na,,0.7250945211,2010,2019,2020,32804,False,False,False,True,False,False,False,False,True,False,False,False,False
180,5,10,15800,na,,0.6730209071,2010,2019,2020,32804,False,False,False,True,False,False,False,False,True,False,False,False,False
181,5,10,20000,na,,0.6364878964,2010,2019,2020,32804,False,False,False,True,False,False,False,False,True,False,False,False,False
182,5,10,25100,na,,0.5774917998,2010,2019,2020,32804,False,False,False,True,False,False,False,False,True,False,False,False,False
183,5,10,31600,na,,0.4913616938,2010,2019,2020,32804,False,False,False,True,False,False,False,False,True,False,False,False,False
184,5,10,39800,na,,0.4668676204,2010,2019,2020,32804,False,False,False,True,False,False,False,False,True,False,False,False,False
185,5,10,50100,na,,0.4183012913,2010,2019,2020,32804,False,False,False,True,False,False,False,False,True,False,False,False,False
186,5,10,63100,na,,0.3710678623,2010,2019,2020,32804,False,False,False,True,False,False,False,False,True,False,False,False,False
187,5,10,79400,na,,0.3263358609,2010,2019,2020,32804,False,False,False,True,False,False,False,False,True,False,False,False,False
188,5,10,100000,na,,0.2922560714,2010,2019,2020,32804,False,False,False,True,False,False,False,False,False,True,False,False,True
189,5,10,200000,na,,0.1430148003,2010,2019,2020,32804,False,False,False,True,False,False,False,False,False,True,False,False,True
190,5,10,300000,na,,0.0170333393,2010,2019,2020,32804,False,False,False,True,False,False,False,False,False,True,False,False,True
191,5,10,400000,na,,-0.06148027482,2010,2019,2020,32804,False,False,False,True,False,False,False,False,False,True,False,False,True
192,5,10,500000,na,,-0.1135092748,2010,2019,2020,32804,False,False,False,True,False,False,False,False,False,True,False,False,True
193,5,10,600000,na,,-0.272458743,2010,2019,2020,32804,False,False,False,True,False,False,False,False,False,True,False,False,True
194,5,10,700000,na,,-0.4353339357,2010,2019,2020,32804,False,False,False,True,False,False,False,False,False,True,False,False,True
195,5,10,800000,na,,-0.5575202309,2010,2019,2020,32804,False,False,False,True,False,False,False,False,False,True,False,False,True
196,5,10,900000,na,,-0.6038006529,2010,2019,2020,32804,False,False,False,True,False,False,False,False,False,True,False,False,True
197,5,10,1000000,na,,-0.6090648929,2010,2019,2020,32804,False,False,False,True,False,False,False,False,False,True,False,False,True
198,5,10,1200000,na,,-0.7077439286,2010,2019,2020,32804,False,False,False,True,False,False,False,False,False,False,True,False,True
199,5,10,1400000,na,,-0.588380294,2010,2019,2020,32804,False,False,False,True,False,False,False,False,False,False,True,False,True
200,5,10,1600000,na,,-0.359518563,2010,2019,2020,32804,False,False,False,True,False,False,False,False,False,False,True,False,True
201,5,10,1800000,na,,-0.2510371387,2010,2019,2020,32804,False,False,False,True,False,False,False,False,False,False,True,False,True
202,5,10,2000000,na,,-0.3565473235,2010,2019,2020,32804,False,False,False,True,False,False,False,False,False,False,True,False,True
203,5,10,2297825.059,na,,-0.530177984,2010,2019,2020,32804,False,False,False,True,False,False,False,False,False,False,True,False,True
204,5,11,6000000,elastic,,0.1335389084,2010,2021,2021,14719,False,False,False,False,False,True,False,False,False,False,True,False,True
205,5,11,10000000,elastic,,-0.04383156952,2010,2021,2021,14719,False,False,False,False,False,True,False,False,False,False,False,True,True
206,6,12,14100000,elastic,,-0.1023729087,2010,2025,2025,41788,False,False,False,False,False,True,False,False,False,False,False,True,True
207,6,12,6918767.112,inelastic,,-0.7454023818,2010,2023,2024,14820,False,False,False,False,False,False,True,False,False,False,True,False,True
208,6,12,7674122.661,inelastic,,-0.4557756378,2010,2023,2024,14820,False,False,False,False,False,False,True,False,False,False,True,False,True
209,6,12,8511944.16,inelastic,,-0.5524315217,2010,2023,2024,14820,False,False,False,False,False,False,True,False,False,False,True,False,True
210,6,12,9333162.03,inelastic,,-0.5476013034,2010,2023,2024,14820,False,False,False,False,False,False,True,False,False,False,True,False,True
211,6,12,10352108.86,inelastic,,-0.5224221076,2010,2023,2024,14820,False,False,False,False,False,False,True,False,False,False,False,True,True
212,6,12,11482320,inelastic,,-0.5582416489,2010,2023,2024,14820,False,False,False,False,False,False,True,False,False,False,False,True,True
213,6,12,12590103.24,inelastic,,-0.644407697,2010,2023,2024,14820,False,False,False,False,False,False,True,False,False,False,False,True,True
214,6,12,13964595.15,inelastic,,-0.7006278265,2010,2023,2024,14820,False,False,False,False,False,False,True,False,False,False,False,True,True
215,6,12,15489166.79,inelastic,,-0.8001043304,2010,2023,2024,14820,False,False,False,False,False,False,True,False,False,False,False,True,True
216,6,12,16407000,inelastic,,-0.9266042835,2010,2023,2024,14820,False,False,False,False,False,False,True,False,False,False,False,True,True
217,6,12,4842723.229,inelastic,,-1.676675695,2010,2023,2024,14820,False,False,False,False,False,False,True,False,False,False,True,False,True
218,6,12,5125749.018,inelastic,,-1.189126098,2010,2023,2024,14820,False,False,False,False,False,False,True,False,False,False,True,False,True
219,6,12,5665760.922,inelastic,,-0.826417352,2010,2023,2024,14820,False,False,False,False,False,False,True,False,False,False,True,False,True
220,6,12,6260389.565,inelastic,,-0.6113538945,2010,2023,2024,14820,False,False,False,False,False,False,True,False,False,False,True,False,True
221,6,12,6916122.588,inelastic,,-0.7135716682,2010,2023,2024,14820,False,False,False,False,False,False,True,False,False,False,True,False,True
222,6,12,7644839.784,inelastic,,-0.4864418394,2010,2023,2024,14820,False,False,False,False,False,False,True,False,False,False,True,False,True
223,6,12,8448802.416,inelastic,,-0.5247731458,2010,2023,2024,14820,False,False,False,False,False,False,True,False,False,False,True,False,True
224,6,12,9338464.19,inelastic,,-0.5407323101,2010,2023,2024,14820,False,False,False,False,False,False,True,False,False,False,True,False,True
225,6,12,10320172.4,inelastic,,-0.5069021472,2010,2023,2024,14820,False,False,False,False,False,False,True,False,False,False,False,True,True
226,6,12,11400281.94,inelastic,,-0.5309537061,2010,2023,2024,14820,False,False,False,False,False,False,True,False,False,False,False,True,True
227,6,12,12600633.45,inelastic,,-0.6070881386,2010,2023,2024,14820,False,False,False,False,False,False,True,False,False,False,False,True,True
228,6,12,13933048.65,inelastic,,-0.6608593821,2010,2023,2024,14820,False,False,False,False,False,False,True,False,False,False,False,True,True
229,6,12,15316589.92,inelastic,,-0.7414628358,2010,2023,2024,14820,False,False,False,False,False,False,True,False,False,False,False,True,True
230,6,12,400149.9844,total,,0.560205623,2010,2012,2012,14349,False,False,False,False,True,False,False,False,False,True,False,False,True
231,6,12,420726.3969,total,,0.5541130389,2010,2012,2012,14349,False,False,False,False,True,False,False,False,False,True,False,False,True
232,6,12,464972.4223,total,,0.5395119719,2010,2012,2012,14349,False,False,False,False,True,False,False,False,False,True,False,False,True
233,6,12,513805.199,total,,0.5276422132,2010,2012,2012,14349,False,False,False,False,True,False,False,False,False,True,False,False,True
234,6,12,567804.6847,total,,0.5127510825,2010,2012,2012,14349,False,False,False,False,True,False,False,False,False,True,False,False,True
235,6,12,627589.1316,total,,0.4994555515,2010,2012,2012,14349,False,False,False,False,True,False,False,False,False,True,False,False,True
236,6,12,693612.7449,total,,0.4836478165,2010,2012,2012,14349,False,False,False,False,True,False,False,False,False,True,False,False,True
237,6,12,766606.2177,total,,0.4671031053,2010,2012,2012,14349,False,False,False,False,True,False,False,False,False,True,False,False,True
238,6,12,847249.0155,total,,0.4482771439,2010,2012,2012,14349,False,False,False,False,True,False,False,False,False,True,False,False,True
239,6,12,936292.7871,total,,0.429475028,2010,2012,2012,14349,False,False,False,False,True,False,False,False,False,True,False,False,True
240,6,12,1034795.85,total,,0.4075057395,2010,2012,2012,14349,False,False,False,False,True,False,False,False,False,False,True,False,True
241,6,12,1143404.43,total,,0.383156845,2010,2012,2012,14349,False,False,False,False,True,False,False,False,False,False,True,False,True
242,6,12,1263768.584,total,,0.3591871903,2010,2012,2012,14349,False,False,False,False,True,False,False,False,False,False,True,False,True
243,6,12,1396864.933,total,,0.3319597812,2010,2012,2012,14349,False,False,False,False,True,False,False,False,False,False,True,False,True
244,6,12,1543628.333,total,,0.3033503635,2010,2012,2012,14349,False,False,False,False,True,False,False,False,False,False,True,False,True
245,6,12,1706378.731,total,,0.2755975892,2010,2012,2012,14349,False,False,False,False,True,False,False,False,False,False,True,False,True
246,6,12,1885415.92,total,,0.2459514638,2010,2012,2012,14349,False,False,False,False,True,False,False,False,False,False,True,False,True
247,6,12,2083453.655,total,,0.2800038721,2010,2012,2012,14349,False,False,False,False,True,False,False,False,False,False,True,False,True
248,6,12,2302803.294,total,,0.2070263182,2010,2012,2012,14349,False,False,False,False,True,False,False,False,False,False,True,False,True
249,6,12,2544312.028,total,,0.2108628425,2010,2012,2012,14349,False,False,False,False,True,False,False,False,False,False,True,False,True
250,6,12,2812297.79,total,,0.3415883855,2010,2012,2012,14349,False,False,False,False,True,False,False,False,False,False,True,False,True
251,6,12,3109160.228,total,,0.2355876218,2010,2012,2012,14349,False,False,False,False,True,False,False,False,False,False,True,False,True
252,6,12,3435811.479,total,,0.4038575987,2010,2012,2012,14349,False,False,False,False,True,False,False,False,False,False,True,False,True
253,6,12,3795520.858,total,,0.3620889138,2010,2012,2012,14349,False,False,False,False,True,False,False,False,False,False,True,False,True
254,6,12,4193939.467,total,,0.2945864572,2010,2012,2012,14349,False,False,False,False,True,False,False,False,False,False,True,False,True
255,6,12,4636381.926,total,,0.1819796238,2010,2012,2012,14349,False,False,False,False,True,False,False,False,False,False,True,False,True
256,6,12,5124454.453,total,,0.08291586746,2010,2012,2012,14349,False,False,False,False,True,False,False,False,False,False,True,False,True
257,6,12,5663990.736,total,,0.04309328174,2010,2012,2012,14349,False,False,False,False,True,False,False,False,False,False,True,False,True
258,6,12,6258809.182,total,,0.1112171889,2010,2012,2012,14349,False,False,False,False,True,False,False,False,False,False,True,False,True
259,6,12,6916378.071,total,,-0.09756067942,2010,2012,2012,14349,False,False,False,False,True,False,False,False,False,False,True,False,True
260,6,12,7645776.131,total,,0.2742148845,2010,2012,2012,14349,False,False,False,False,True,False,False,False,False,False,True,False,True
261,6,12,8448157.535,total,,0.1052756666,2010,2012,2012,14349,False,False,False,False,True,False,False,False,False,False,True,False,True
262,6,12,9339793.609,total,,0.09313761594,2010,2012,2012,14349,False,False,False,False,True,False,False,False,False,False,True,False,True
263,6,12,10321511.9,total,,0.07839376717,2010,2012,2012,14349,False,False,False,False,True,False,False,False,False,False,False,True,True
264,6,12,11399077.69,total,,0.1480976285,2010,2012,2012,14349,False,False,False,False,True,False,False,False,False,False,False,True,True
265,6,12,12594754.03,total,,0.1542741922,2010,2012,2012,14349,False,False,False,False,True,False,False,False,False,False,False,True,True
266,6,12,13921670.77,total,,0.1343896324,2010,2012,2012,14349,False,False,False,False,True,False,False,False,False,False,False,True,True
267,6,12,15390223.95,total,,0.167576414,2010,2012,2012,14349,False,False,False,False,True,False,False,False,False,False,False,True,True
268,6,12,17010322.75,total,,0.1535890515,2010,2012,2012,14349,False,False,False,False,True,False,False,False,False,False,False,True,True
269,6,12,18793447.63,total,,0.17688532,2010,2012,2012,14349,False,False,False,False,True,False,False,False,False,False,False,True,True
270,6,12,19879882.63,total,,0.227458195,2010,2012,2012,14349,False,False,False,False,True,False,False,False,False,False,False,True,True
271,6,12,400199.9917,total,,0.4847742189,2010,2012,2012,14349,False,False,False,False,True,False,False,False,False,True,False,False,True
272,6,12,420072.8854,total,,0.5738595127,2010,2012,2012,14349,False,False,False,False,True,False,False,False,False,True,False,False,True
273,6,12,465278.8994,total,,0.5531732424,2010,2012,2012,14349,False,False,False,False,True,False,False,False,False,True,False,False,True
274,6,12,513805.199,total,,0.5329246985,2010,2012,2012,14349,False,False,False,False,True,False,False,False,False,True,False,False,True
275,6,12,567804.6847,total,,0.5140472067,2010,2012,2012,14349,False,False,False,False,True,False,False,False,False,True,False,False,True
276,6,12,627589.1316,total,,0.4986973885,2010,2012,2012,14349,False,False,False,False,True,False,False,False,False,True,False,False,True
277,6,12,693612.7449,total,,0.483721481,2010,2012,2012,14349,False,False,False,False,True,False,False,False,False,True,False,False,True
278,6,12,766606.2177,total,,0.4664020184,2010,2012,2012,14349,False,False,False,False,True,False,False,False,False,True,False,False,True
279,6,12,847249.0155,total,,0.4481760997,2010,2012,2012,14349,False,False,False,False,True,False,False,False,False,True,False,False,True
280,6,12,936292.7871,total,,0.4277033733,2010,2012,2012,14349,False,False,False,False,True,False,False,False,False,True,False,False,True
281,6,12,1034795.85,total,,0.4060028297,2010,2012,2012,14349,False,False,False,False,True,False,False,False,False,False,True,False,True
282,6,12,1143404.43,total,,0.3826772928,2010,2012,2012,14349,False,False,False,False,True,False,False,False,False,False,True,False,True
283,6,12,1263768.584,total,,0.3561016205,2010,2012,2012,14349,False,False,False,False,True,False,False,False,False,False,True,False,True
284,6,12,1396864.933,total,,0.3300504632,2010,2012,2012,14349,False,False,False,False,True,False,False,False,False,False,True,False,True
285,6,12,1543628.333,total,,0.3018643753,2010,2012,2012,14349,False,False,False,False,True,False,False,False,False,False,True,False,True
286,6,12,1706378.731,total,,0.2728740612,2010,2012,2012,14349,False,False,False,False,True,False,False,False,False,False,True,False,True
287,6,12,1885415.92,total,,0.2443909684,2010,2012,2012,14349,False,False,False,False,True,False,False,False,False,False,True,False,True
288,6,12,2083453.655,total,,0.2723147104,2010,2012,2012,14349,False,False,False,False,True,False,False,False,False,False,True,False,True
289,6,12,2302803.294,total,,0.2058770767,2010,2012,2012,14349,False,False,False,False,True,False,False,False,False,False,True,False,True
290,6,12,2544312.028,total,,0.209876111,2010,2012,2012,14349,False,False,False,False,True,False,False,False,False,False,True,False,True
291,6,12,2812297.79,total,,0.337126341,2010,2012,2012,14349,False,False,False,False,True,False,False,False,False,False,True,False,True
292,6,12,3109160.228,total,,0.2316248726,2010,2012,2012,14349,False,False,False,False,True,False,False,False,False,False,True,False,True
293,6,12,3435811.479,total,,0.4027089147,2010,2012,2012,14349,False,False,False,False,True,False,False,False,False,False,True,False,True
294,6,12,3795520.858,total,,0.3619904678,2010,2012,2012,14349,False,False,False,False,True,False,False,False,False,False,True,False,True
295,6,12,4193939.467,total,,0.2960665761,2010,2012,2012,14349,False,False,False,False,True,False,False,False,False,False,True,False,True
296,6,12,4636381.926,total,,0.1775777219,2010,2012,2012,14349,False,False,False,False,True,False,False,False,False,False,True,False,True
297,6,12,5124454.453,total,,0.07775318652,2010,2012,2012,14349,False,False,False,False,True,False,False,False,False,False,True,False,True
298,6,12,5663990.736,total,,0.0430518829,2010,2012,2012,14349,False,False,False,False,True,False,False,False,False,False,True,False,True
299,6,12,6258809.182,total,,0.105747408,2010,2012,2012,14349,False,False,False,False,True,False,False,False,False,False,True,False,True
300,6,12,6916378.071,total,,-0.1060512435,2010,2012,2012,14349,False,False,False,False,True,False,False,False,False,False,True,False,True
301,6,12,7645776.131,total,,0.270894399,2010,2012,2012,14349,False,False,False,False,True,False,False,False,False,False,True,False,True
302,6,12,8448157.535,total,,0.1041144863,2010,2012,2012,14349,False,False,False,False,True,False,False,False,False,False,True,False,True
303,6,12,9339793.609,total,,0.08914101275,2010,2012,2012,14349,False,False,False,False,True,False,False,False,False,False,True,False,True
304,6,12,10321511.9,total,,0.07765749638,2010,2012,2012,14349,False,False,False,False,True,False,False,False,False,False,False,True,True
305,6,12,11399077.69,total,,0.1413072182,2010,2012,2012,14349,False,False,False,False,True,False,False,False,False,False,False,True,True
306,6,12,12594754.03,total,,0.1463741646,2010,2012,2012,14349,False,False,False,False,True,False,False,False,False,False,False,True,True
307,6,12,13921670.77,total,,0.1269967515,2010,2012,2012,14349,False,False,False,False,True,False,False,False,False,False,False,True,True
308,6,12,15390223.95,total,,0.1632555582,2010,2012,2012,14349,False,False,False,False,True,False,False,False,False,False,False,True,True
309,6,12,17010322.75,total,,0.1504721599,2010,2012,2012,14349,False,False,False,False,True,False,False,False,False,False,False,True,True
310,6,12,18793447.63,total,,0.1621307976,2010,2012,2012,14349,False,False,False,False,True,False,False,False,False,False,False,True,True
311,6,12,19879882.63,total,,0.1780171801,2010,2012,2012,14349,False,False,False,False,True,False,False,False,False,False,False,True,True
312,6,12,419686.5002,total,,0.294691121,2010,2012,2012,14349,False,False,False,False,True,False,False,False,False,True,False,False,True
313,6,12,466440.9732,total,,0.3611538153,2010,2012,2012,14349,False,False,False,False,True,False,False,False,False,True,False,False,True
314,6,12,513410.3136,total,,0.4265112614,2010,2012,2012,14349,False,False,False,False,True,False,False,False,False,True,False,False,True
315,6,12,569295.814,total,,0.4511388284,2010,2012,2012,14349,False,False,False,False,True,False,False,False,False,True,False,False,True
316,6,12,629128.1369,total,,0.4625995467,2010,2012,2012,14349,False,False,False,False,True,False,False,False,False,True,False,False,True
317,6,12,696031.5517,total,,0.483587297,2010,2012,2012,14349,False,False,False,False,True,False,False,False,False,True,False,False,True
318,6,12,765651.9468,total,,0.477940815,2010,2012,2012,14349,False,False,False,False,True,False,False,False,False,True,False,False,True
319,6,12,850817.0507,total,,0.4572008612,2010,2012,2012,14349,False,False,False,False,True,False,False,False,False,True,False,False,True
320,6,12,935325.3005,total,,0.4485874166,2010,2012,2012,14349,False,False,False,False,True,False,False,False,False,True,False,False,True
321,6,12,1035834.163,total,,0.4228359688,2010,2012,2012,14349,False,False,False,False,True,False,False,False,False,False,True,False,True
322,6,12,1143404.43,total,,0.3894529869,2010,2012,2012,14349,False,False,False,False,True,False,False,False,False,False,True,False,True
323,6,12,1263768.584,total,,0.3613256985,2010,2012,2012,14349,False,False,False,False,True,False,False,False,False,False,True,False,True
324,6,12,1396864.933,total,,0.3341785261,2010,2012,2012,14349,False,False,False,False,True,False,False,False,False,False,True,False,True
325,6,12,1543628.333,total,,0.3041210726,2010,2012,2012,14349,False,False,False,False,True,False,False,False,False,False,True,False,True
326,6,12,1706378.731,total,,0.2739307881,2010,2012,2012,14349,False,False,False,False,True,False,False,False,False,False,True,False,True
327,6,12,1885415.92,total,,0.2453309673,2010,2012,2012,14349,False,False,False,False,True,False,False,False,False,False,True,False,True
328,6,12,2083644.24,total,,0.2554162874,2010,2012,2012,14349,False,False,False,False,True,False,False,False,False,False,True,False,True
329,6,12,2302803.294,total,,0.2079907907,2010,2012,2012,14349,False,False,False,False,True,False,False,False,False,False,True,False,True
330,6,12,2544312.028,total,,0.2129616639,2010,2012,2012,14349,False,False,False,False,True,False,False,False,False,False,True,False,True
331,6,12,2797859.07,total,,0.327384695,2010,2012,2012,14349,False,False,False,False,True,False,False,False,False,False,True,False,True
332,6,12,3110364.059,total,,0.2346129273,2010,2012,2012,14349,False,False,False,False,True,False,False,False,False,False,True,False,True
333,6,12,3409281.275,total,,0.4230686651,2010,2012,2012,14349,False,False,False,False,True,False,False,False,False,False,True,False,True
334,6,12,3818545.712,total,,0.3715898268,2010,2012,2012,14349,False,False,False,False,True,False,False,False,False,False,True,False,True
335,6,12,4192657.943,total,,0.3104886886,2010,2012,2012,14349,False,False,False,False,True,False,False,False,False,False,True,False,True
336,6,12,4636381.926,total,,0.1820340262,2010,2012,2012,14349,False,False,False,False,True,False,False,False,False,False,True,False,True
337,6,12,5124454.453,total,,0.07661470302,2010,2012,2012,14349,False,False,False,False,True,False,False,False,False,False,True,False,True
338,6,12,5663990.736,total,,0.04540534072,2010,2012,2012,14349,False,False,False,False,True,False,False,False,False,False,True,False,True
339,6,12,6258809.182,total,,0.09977372582,2010,2012,2012,14349,False,False,False,False,True,False,False,False,False,False,True,False,True
340,6,12,6916378.071,total,,-0.1075623961,2010,2012,2012,14349,False,False,False,False,True,False,False,False,False,False,True,False,True
341,6,12,7645776.131,total,,0.2762064119,2010,2012,2012,14349,False,False,False,False,True,False,False,False,False,False,True,False,True
342,6,12,8448157.535,total,,0.1086177326,2010,2012,2012,14349,False,False,False,False,True,False,False,False,False,False,True,False,True
343,6,12,9339793.609,total,,0.09190449766,2010,2012,2012,14349,False,False,False,False,True,False,False,False,False,False,True,False,True
344,6,12,10321511.9,total,,0.08137862072,2010,2012,2012,14349,False,False,False,False,True,False,False,False,False,False,False,True,True
345,6,12,11399077.69,total,,0.1434879395,2010,2012,2012,14349,False,False,False,False,True,False,False,False,False,False,False,True,True
346,6,12,12594754.03,total,,0.1516081649,2010,2012,2012,14349,False,False,False,False,True,False,False,False,False,False,False,True,True
347,6,12,13921670.77,total,,0.1265642949,2010,2012,2012,14349,False,False,False,False,True,False,False,False,False,False,False,True,True
348,6,12,15390223.95,total,,0.1690760332,2010,2012,2012,14349,False,False,False,False,True,False,False,False,False,False,False,True,True
349,6,12,17010322.75,total,,0.1497891278,2010,2012,2012,14349,False,False,False,False,True,False,False,False,False,False,False,True,True
350,6,12,18793447.63,total,,0.1545612032,2010,2012,2012,14349,False,False,False,False,True,False,False,False,False,False,False,True,True
351,6,12,19879882.63,total,,0.1430148003,2010,2012,2012,14349,False,False,False,False,True,False,False,False,False,False,False,True,True
352,6,12,155000,total,,0.6269559514,2010,2013,2015,14356,False,False,False,False,True,False,False,False,False,True,False,False,True
353,6,12,169926.4547,total,,0.6176292978,2010,2013,2015,14356,False,False,False,False,True,False,False,False,False,True,False,False,True
354,6,12,189934.1991,total,,0.6118294795,2010,2013,2015,14356,False,False,False,False,True,False,False,False,False,True,False,False,True
355,6,12,209940.4678,total,,0.6033609243,2010,2013,2015,14356,False,False,False,False,True,False,False,False,False,True,False,False,True
356,6,12,229945.6458,total,,0.6006462357,2010,2013,2015,14356,False,False,False,False,True,False,False,False,False,True,False,False,True
357,6,12,254869.214,total,,0.5939871671,2010,2013,2015,14356,False,False,False,False,True,False,False,False,False,True,False,False,True
358,6,12,284882.9929,total,,0.5870371177,2010,2013,2015,14356,False,False,False,False,True,False,False,False,False,True,False,False,True
359,6,12,314894.1443,total,,0.580848977,2010,2013,2015,14356,False,False,False,False,True,False,False,False,False,True,False,False,True
360,6,12,344903.3546,total,,0.5691397255,2010,2013,2015,14356,False,False,False,False,True,False,False,False,False,True,False,False,True
361,6,12,379835.4451,total,,0.5600860485,2010,2013,2015,14356,False,False,False,False,True,False,False,False,False,True,False,False,True
362,6,12,419851.1303,total,,0.5497693488,2010,2013,2015,14356,False,False,False,False,True,False,False,False,False,True,False,False,True
363,6,12,464784.8268,total,,0.5400289943,2010,2013,2015,14356,False,False,False,False,True,False,False,False,False,True,False,False,True
364,6,12,514805.7373,total,,0.5242922425,2010,2013,2015,14356,False,False,False,False,True,False,False,False,False,True,False,False,True
365,6,12,569744.0105,total,,0.5150344563,2010,2013,2015,14356,False,False,False,False,True,False,False,False,False,True,False,False,True
366,6,12,619899.1749,total,,0.5018463068,2010,2013,2015,14356,False,False,False,False,True,False,False,False,False,True,False,False,True
367,6,12,2584461.575,total,,0.219842023,2010,2020,2020,14661,False,False,False,False,True,False,False,False,False,False,True,False,True
368,6,12,2809252.091,total,,0.3427026801,2010,2020,2020,14661,False,False,False,False,True,False,False,False,False,False,True,False,True
369,6,12,3108163.818,total,,0.2362531138,2010,2020,2020,14661,False,False,False,False,True,False,False,False,False,False,True,False,True
370,6,12,3435325.325,total,,0.4044926593,2010,2020,2020,14661,False,False,False,False,True,False,False,False,False,False,True,False,True
371,6,12,3791528.281,total,,0.360394929,2010,2020,2020,14661,False,False,False,False,True,False,False,False,False,False,True,False,True
372,6,12,4196370.367,total,,0.2936503816,2010,2020,2020,14661,False,False,False,False,True,False,False,False,False,False,True,False,True
373,6,12,4646452.128,total,,0.1709580821,2010,2020,2020,14661,False,False,False,False,True,False,False,False,False,False,True,False,True
374,6,12,5132842.259,total,,0.0852665367,2010,2020,2020,14661,False,False,False,False,True,False,False,False,False,False,True,False,True
375,6,12,5668716.927,total,,0.04276206106,2010,2020,2020,14661,False,False,False,False,True,False,False,False,False,False,True,False,True
376,6,12,6257030.423,total,,0.1080129511,2010,2020,2020,14661,False,False,False,False,True,False,False,False,False,False,True,False,True
377,6,12,6921428.708,total,,-0.08783454396,2010,2020,2020,14661,False,False,False,False,True,False,False,False,False,False,True,False,True
378,6,12,7648210.956,total,,0.2755977178,2010,2020,2020,14661,False,False,False,False,True,False,False,False,False,False,True,False,True
379,6,12,8440002.567,total,,0.1013311341,2010,2020,2020,14661,False,False,False,False,True,False,False,False,False,False,True,False,True
380,6,12,9328420.124,total,,0.09195019903,2010,2020,2020,14661,False,False,False,False,True,False,False,False,False,False,True,False,True
381,6,12,10327595.46,total,,0.08319050572,2010,2020,2020,14661,False,False,False,False,True,False,False,False,False,False,False,True,True
382,6,12,11406427.44,total,,0.1423068025,2010,2020,2020,14661,False,False,False,False,True,False,False,False,False,False,False,True,True
383,6,12,12561848.22,total,,0.144217857,2010,2020,2020,14661,False,False,False,False,True,False,False,False,False,False,False,True,True
384,6,12,13903370,total,,0.125724641,2010,2020,2020,14661,False,False,False,False,True,False,False,False,False,False,False,True,True
385,6,12,15402638.41,total,,0.163727736,2010,2020,2020,14661,False,False,False,False,True,False,False,False,False,False,False,True,True
386,6,12,16995573.77,total,,0.1502875171,2010,2020,2020,14661,False,False,False,False,True,False,False,False,False,False,False,True,True
387,6,12,18758520.98,total,,0.1667015001,2010,2020,2020,14661,False,False,False,False,True,False,False,False,False,False,False,True,True
388,6,12,19843930,total,,0.174030718,2010,2020,2020,14661,False,False,False,False,True,False,False,False,False,False,False,True,True
389,6,12,14100000,total,,0.1553360375,2010,2020,2020,31807,False,False,False,False,True,False,False,False,False,False,False,True,True
390,7,14,104396.7987,total,,0.6104496222,2010,2025,2025,23672,False,False,False,False,True,False,False,False,False,True,False,False,True
391,7,14,114621.1463,total,,0.6003808872,2010,2025,2025,23672,False,False,False,False,True,False,False,False,False,True,False,False,True
392,7,14,126697.5941,total,,0.5951260423,2010,2025,2025,23672,False,False,False,False,True,False,False,False,False,True,False,False,True
393,7,14,140051.256,total,,0.5831944228,2010,2025,2025,23672,False,False,False,False,True,False,False,False,False,True,False,False,True
394,7,14,154776.5706,total,,0.5729699738,2010,2025,2025,23672,False,False,False,False,True,False,False,False,False,True,False,False,True
395,7,14,171014.6206,total,,0.5615908244,2010,2025,2025,23672,False,False,False,False,True,False,False,False,False,True,False,False,True
396,7,14,188986.9441,total,,0.5499053639,2010,2025,2025,23672,False,False,False,False,True,False,False,False,False,True,False,False,True
397,7,14,208905.044,total,,0.534529708,2010,2025,2025,23672,False,False,False,False,True,False,False,False,False,True,False,False,True
398,7,14,230846.3359,total,,0.5205105217,2010,2025,2025,23672,False,False,False,False,True,False,False,False,False,True,False,False,True
399,7,14,255128.7423,total,,0.5106051153,2010,2025,2025,23672,False,False,False,False,True,False,False,False,False,True,False,False,True
400,7,14,282049.6416,total,,0.4942185509,2010,2025,2025,23672,False,False,False,False,True,False,False,False,False,True,False,False,True
401,7,14,311701.4988,total,,0.4765943689,2010,2025,2025,23672,False,False,False,False,True,False,False,False,False,True,False,False,True
402,7,14,344394.1687,total,,0.460610709,2010,2025,2025,23672,False,False,False,False,True,False,False,False,False,True,False,False,True
403,7,14,380497.9112,total,,0.4426410468,2010,2025,2025,23672,False,False,False,False,True,False,False,False,False,True,False,False,True
404,7,14,420464.03,total,,0.5249239237,2010,2025,2025,23672,False,False,False,False,True,False,False,False,False,True,False,False,True
405,7,14,464849.7533,total,,0.4073671069,2010,2025,2025,23672,False,False,False,False,True,False,False,False,False,True,False,False,True
406,7,14,513773.3106,total,,0.3766474816,2010,2025,2025,23672,False,False,False,False,True,False,False,False,False,True,False,False,True
407,7,14,567848.3628,total,,0.3063791393,2010,2025,2025,23672,False,False,False,False,True,False,False,False,False,True,False,False,True
408,7,14,627820.7943,total,,0.2858936021,2010,2025,2025,23672,False,False,False,False,True,False,False,False,False,True,False,False,True
409,7,14,693763.2074,total,,0.3674474132,2010,2025,2025,23672,False,False,False,False,True,False,False,False,False,True,False,False,True
410,7,14,766476.1621,total,,0.3003226503,2010,2025,2025,23672,False,False,False,False,True,False,False,False,False,True,False,False,True
411,7,14,846997.764,total,,0.2264352876,2010,2025,2025,23672,False,False,False,False,True,False,False,False,False,True,False,False,True
412,7,14,935952.6614,total,,0.09195511289,2010,2025,2025,23672,False,False,False,False,True,False,False,False,False,True,False,False,True
413,7,14,1033959.642,total,,0.3429218638,2010,2025,2025,23672,False,False,False,False,True,False,False,False,False,False,True,False,True
414,7,14,1143449.648,total,,0.308710629,2010,2025,2025,23672,False,False,False,False,True,False,False,False,False,False,True,False,True
415,7,14,1264615.328,total,,0.2156120571,2010,2025,2025,23672,False,False,False,False,True,False,False,False,False,False,True,False,True
416,7,14,1397100.685,total,,0.4017839855,2010,2025,2025,23672,False,False,False,False,True,False,False,False,False,False,True,False,True
417,7,14,1544071.526,total,,0.3361894666,2010,2025,2025,23672,False,False,False,False,True,False,False,False,False,False,True,False,True
418,7,14,1706818.172,total,,0.3237225818,2010,2025,2025,23672,False,False,False,False,True,False,False,False,False,False,True,False,True
419,7,14,1886626.092,total,,0.2570691039,2010,2025,2025,23672,False,False,False,False,True,False,False,False,False,False,True,False,True
420,7,14,2084654.298,total,,0.1915113501,2010,2025,2025,23672,False,False,False,False,True,False,False,False,False,False,True,False,True
421,7,14,2301986.145,total,,0.2048825595,2010,2025,2025,23672,False,False,False,False,True,False,False,False,False,False,True,False,True
422,7,14,2542510.657,total,,0.1617983395,2010,2025,2025,23672,False,False,False,False,True,False,False,False,False,False,True,False,True
423,7,14,2828566.056,total,,0.1698854128,2010,2025,2025,23672,False,False,False,False,True,False,False,False,False,False,True,False,True
424,7,14,3109173.937,total,,0.2385478877,2010,2025,2025,23672,False,False,False,False,True,False,False,False,False,False,True,False,True
425,7,14,3436510.915,total,,0.227584833,2010,2025,2025,23672,False,False,False,False,True,False,False,False,False,False,True,False,True
426,7,14,3801063.604,total,,0.2529537444,2010,2025,2025,23672,False,False,False,False,True,False,False,False,False,False,True,False,True
427,7,14,4199988.111,total,,0.3203419728,2010,2025,2025,23672,False,False,False,False,True,False,False,False,False,False,True,False,True
428,7,14,4641917.84,total,,0.1605365563,2010,2025,2025,23672,False,False,False,False,True,False,False,False,False,False,True,False,True
429,7,14,5130244.941,total,,0.1344958558,2010,2025,2025,23672,False,False,False,False,True,False,False,False,False,False,True,False,True
430,7,14,5668437.19,total,,0.1568877685,2010,2025,2025,23672,False,False,False,False,True,False,False,False,False,False,True,False,True
431,7,14,6259321.057,total,,0.1545018774,2010,2025,2025,23672,False,False,False,False,True,False,False,False,False,False,True,False,True
432,7,14,6919696.361,total,,0.1134366026,2010,2025,2025,23672,False,False,False,False,True,False,False,False,False,False,True,False,True
433,7,14,7657307.933,total,,0.1919234242,2010,2025,2025,23672,False,False,False,False,True,False,False,False,False,False,True,False,True
434,7,14,8462077.319,total,,0.1084773811,2010,2025,2025,23672,False,False,False,False,True,False,False,False,False,False,True,False,True
435,7,14,9356381.87,total,,0.1122058851,2010,2025,2025,23672,False,False,False,False,True,False,False,False,False,False,True,False,True
436,7,14,10322509.19,total,,0.1484256671,2010,2025,2025,23672,False,False,False,False,True,False,False,False,False,False,False,True,True
437,7,14,11387338.34,total,,0.1519501778,2010,2025,2025,23672,False,False,False,False,True,False,False,False,False,False,False,True,True
438,8,16,14296852.8,np,,-1.392544977,2010,2021,2022,23779,False,False,True,False,False,False,False,False,False,False,False,True,True
439,8,17,14296852.8,np,,-1.468521083,2010,2021,2022,23779,False,False,True,False,False,False,False,False,False,False,False,True,True
440,9,19,117692.1433,inelastic,,-0.7817375807,2010,2025,2025,23674,False,False,False,False,False,False,True,False,False,True,False,False,True
441,9,19,126732.1019,inelastic,,-0.5232625973,2010,2025,2025,23674,False,False,False,False,False,False,True,False,False,True,False,False,True
442,9,19,140103.2377,inelastic,,-0.4965332998,2010,2025,2025,23674,False,False,False,False,False,False,True,False,False,True,False,False,True
443,9,19,155055.305,inelastic,,-0.490212314,2010,2025,2025,23674,False,False,False,False,False,False,True,False,False,True,False,False,True
444,9,19,171030.2217,inelastic,,-0.4075641165,2010,2025,2025,23674,False,False,False,False,False,False,True,False,False,True,False,False,True
445,9,19,188745.2015,inelastic,,-0.2349783911,2010,2025,2025,23674,False,False,False,False,False,False,True,False,False,True,False,False,True
446,9,19,208852.9255,inelastic,,0.002426005036,2010,2025,2025,23674,False,False,False,False,False,False,True,False,False,True,False,False,True
447,9,19,231174.9137,inelastic,,0.2106250669,2010,2025,2025,23674,False,False,False,False,False,False,True,False,False,True,False,False,True
448,9,19,255214.5375,inelastic,,0.3128394164,2010,2025,2025,23674,False,False,False,False,False,False,True,False,False,True,False,False,True
449,9,19,281635.8079,inelastic,,0.1771716131,2010,2025,2025,23674,False,False,False,False,False,False,True,False,False,True,False,False,True
450,9,19,311455.3671,inelastic,,-0.1042248182,2010,2025,2025,23674,False,False,False,False,False,False,True,False,False,True,False,False,True
451,9,19,344131.233,inelastic,,-0.002342266339,2010,2025,2025,23674,False,False,False,False,False,False,True,False,False,True,False,False,True
452,9,19,380998.0293,inelastic,,0.1918560553,2010,2025,2025,23674,False,False,False,False,False,False,True,False,False,True,False,False,True
453,9,19,421195.0179,inelastic,,0.1104764327,2010,2025,2025,23674,False,False,False,False,False,False,True,False,False,True,False,False,True
454,9,19,464767.6487,inelastic,,-0.0398023818,2010,2025,2025,23674,False,False,False,False,False,False,True,False,False,True,False,False,True
455,9,19,513504.2481,inelastic,,-0.1476332868,2010,2025,2025,23674,False,False,False,False,False,False,True,False,False,True,False,False,True
456,9,19,568079.7955,inelastic,,-0.2578631866,2010,2025,2025,23674,False,False,False,False,False,False,True,False,False,True,False,False,True
457,9,19,629176.1597,inelastic,,-0.3047180778,2010,2025,2025,23674,False,False,False,False,False,False,True,False,False,True,False,False,True
458,9,19,694528.913,inelastic,,-0.2295085556,2010,2025,2025,23674,False,False,False,False,False,False,True,False,False,True,False,False,True
459,9,19,767088.922,inelastic,,-0.09601441509,2010,2025,2025,23674,False,False,False,False,False,False,True,False,False,True,False,False,True
460,9,19,847473.9963,inelastic,,-0.1093076459,2010,2025,2025,23674,False,False,False,False,False,False,True,False,False,True,False,False,True
461,9,19,936426.7039,inelastic,,-0.1572651701,2010,2025,2025,23674,False,False,False,False,False,False,True,False,False,True,False,False,True
462,9,19,1034531.509,inelastic,,-0.1851234733,2010,2025,2025,23674,False,False,False,False,False,False,True,False,False,False,True,False,True
463,9,19,1142478.631,inelastic,,-0.05245818089,2010,2025,2025,23674,False,False,False,False,False,False,True,False,False,False,True,False,True
464,9,19,1260677.997,inelastic,,-0.1114664869,2010,2025,2025,23674,False,False,False,False,False,False,True,False,False,False,True,False,True
465,9,19,1389594.985,inelastic,,-0.2544390474,2010,2025,2025,23674,False,False,False,False,False,False,True,False,False,False,True,False,True
466,9,19,1539367.12,inelastic,,-0.03325876796,2010,2025,2025,23674,False,False,False,False,False,False,True,False,False,False,True,False,True
467,9,19,1702831.867,inelastic,,-0.2196464724,2010,2025,2025,23674,False,False,False,False,False,False,True,False,False,False,True,False,True
468,9,19,1880210.636,inelastic,,-0.1162054178,2010,2025,2025,23674,False,False,False,False,False,False,True,False,False,False,True,False,True
469,9,19,2086859.437,inelastic,,-0.0872576183,2010,2025,2025,23674,False,False,False,False,False,False,True,False,False,False,True,False,True
470,9,19,2310723.626,inelastic,,-0.06467036772,2010,2025,2025,23674,False,False,False,False,False,False,True,False,False,False,True,False,True
471,9,19,2551165.336,inelastic,,-0.06730635331,2010,2025,2025,23674,False,False,False,False,False,False,True,False,False,False,True,False,True
472,9,19,2805986.542,inelastic,,-0.121632188,2010,2025,2025,23674,False,False,False,False,False,False,True,False,False,False,True,False,True
473,9,19,3101534.93,inelastic,,-0.122905024,2010,2025,2025,23674,False,False,False,False,False,False,True,False,False,False,True,False,True
474,9,19,3445872.286,inelastic,,-0.08783121027,2010,2025,2025,23674,False,False,False,False,False,False,True,False,False,False,True,False,True
475,9,19,3811635.07,inelastic,,-0.1518398369,2010,2025,2025,23674,False,False,False,False,False,False,True,False,False,False,True,False,True
476,9,19,4192759.447,inelastic,,-0.1491045305,2010,2025,2025,23674,False,False,False,False,False,False,True,False,False,False,True,False,True
477,9,19,4635075.898,inelastic,,-0.1783240509,2010,2025,2025,23674,False,False,False,False,False,False,True,False,False,False,True,False,True
478,9,19,5150410.09,inelastic,,-0.180021987,2010,2025,2025,23674,False,False,False,False,False,False,True,False,False,False,True,False,True
479,9,19,5685010.34,inelastic,,-0.2261148629,2010,2025,2025,23674,False,False,False,False,False,False,True,False,False,False,True,False,True
480,9,19,6307703.815,inelastic,,-0.337052442,2010,2025,2025,23674,False,False,False,False,False,False,True,False,False,False,True,False,True
481,9,19,6940036.708,inelastic,,-0.3817084875,2010,2025,2025,23674,False,False,False,False,False,False,True,False,False,False,True,False,True
482,9,19,7674758.599,inelastic,,-0.4583861262,2010,2025,2025,23674,False,False,False,False,False,False,True,False,False,False,True,False,True
483,9,19,8530932.959,inelastic,,-0.5217640402,2010,2025,2025,23674,False,False,False,False,False,False,True,False,False,False,True,False,True
484,9,19,9385993.301,inelastic,,-0.622025091,2010,2025,2025,23674,False,False,False,False,False,False,True,False,False,False,True,False,True
485,9,19,10377156.98,inelastic,,-0.7219464056,2010,2025,2025,23674,False,False,False,False,False,False,True,False,False,False,False,True,True
486,9,19,11535153.04,inelastic,,-0.8490185424,2010,2025,2025,23674,False,False,False,False,False,False,True,False,False,False,False,True,True
487,9,19,12654018.56,inelastic,,-0.9770502112,2010,2025,2025,23674,False,False,False,False,False,False,True,False,False,False,False,True,True
488,9,19,13949890.29,inelastic,,-1.033229426,2010,2025,2025,23674,False,False,False,False,False,False,True,False,False,False,False,True,True
489,9,19,15451782.49,inelastic,,-1.233584178,2010,2025,2025,23674,False,False,False,False,False,False,True,False,False,False,False,True,True
490,9,19,16839333.41,inelastic,,-1.273971646,2010,2025,2025,23674,False,False,False,False,False,False,True,False,False,False,False,True,True
491,9,19,18005300,inelastic,,-1.353737467,2010,2025,2025,23674,False,False,False,False,False,False,True,False,False,False,False,True,True
492,9,19,17500000,n2n,,-0.9788107009,2010,2022,2021,31842,False,True,False,False,False,False,False,False,False,False,False,True,True
493,9,19,4198014.681,na,,-1.250890936,2010,2013,2013,41572,False,False,False,True,False,False,False,False,False,False,True,False,True
494,9,19,4648207.007,na,,-1.076312815,2010,2013,2013,41572,False,False,False,True,False,False,False,False,False,False,True,False,True
495,9,19,5116315.949,na,,-1.124497428,2010,2013,2013,41572,False,False,False,True,False,False,False,False,False,False,True,False,True
496,9,19,5712801.32,na,,-1.033919308,2010,2013,2013,41572,False,False,False,True,False,False,False,False,False,False,True,False,True
497,9,19,6272625.009,na,,-0.9720696824,2010,2013,2013,41572,False,False,False,True,False,False,False,False,False,False,True,False,True
498,9,19,6922065.185,na,,-0.7740799597,2010,2013,2013,41572,False,False,False,True,False,False,False,False,False,False,True,False,True
499,9,19,7324957.338,na,,-0.7136221325,2010,2013,2013,41572,False,False,False,True,False,False,False,False,False,False,True,False,True
500,9,19,14100000,total,,0.318063335,2010,2020,2020,31807,False,False,False,False,True,False,False,False,False,False,False,True,True
501,11,23,14920000,capture,,-3.537602002,2010,2020,2020,33150,True,False,False,False,False,False,False,False,False,False,False,True,True
502,11,23,474759.7943,inelastic,,-1.97759278,2010,2012,2011,23137,False,False,False,False,False,False,True,False,False,True,False,False,True
503,11,23,513895.7838,inelastic,,-1.720152789,2010,2012,2011,23137,False,False,False,False,False,False,True,False,False,True,False,False,True
504,11,23,567896.941,inelastic,,-1.060810337,2010,2012,2011,23137,False,False,False,False,False,False,True,False,False,True,False,False,True
505,11,23,627572.2068,inelastic,,-0.7337683033,2010,2012,2011,23137,False,False,False,False,False,False,True,False,False,True,False,False,True
506,11,23,693717.0763,inelastic,,-0.454298756,2010,2012,2011,23137,False,False,False,False,False,False,True,False,False,True,False,False,True
507,11,23,766872.6422,inelastic,,-0.4086117997,2010,2012,2011,23137,False,False,False,False,False,False,True,False,False,True,False,False,True
508,11,23,847051.8648,inelastic,,-0.5687156751,2010,2012,2011,23137,False,False,False,False,False,False,True,False,False,True,False,False,True
509,11,23,935687.8031,inelastic,,-0.5052034332,2010,2012,2011,23137,False,False,False,False,False,False,True,False,False,True,False,False,True
510,11,23,1034099.431,inelastic,,-0.248616851,2010,2012,2011,23137,False,False,False,False,False,False,True,False,False,False,True,False,True
511,11,23,1143214.131,inelastic,,-0.2887037966,2010,2012,2011,23137,False,False,False,False,False,False,True,False,False,False,True,False,True
512,11,23,1263933.779,inelastic,,-0.3068639191,2010,2012,2011,23137,False,False,False,False,False,False,True,False,False,False,True,False,True
513,11,23,1397154.992,inelastic,,-0.4920809107,2010,2012,2011,23137,False,False,False,False,False,False,True,False,False,False,True,False,True
514,11,23,1543662.068,inelastic,,-0.4270122918,2010,2012,2011,23137,False,False,False,False,False,False,True,False,False,False,True,False,True
515,11,23,1705620.689,inelastic,,-0.2537416974,2010,2012,2011,23137,False,False,False,False,False,False,True,False,False,False,True,False,True
516,11,23,1885860.131,inelastic,,-0.2604420388,2010,2012,2011,23137,False,False,False,False,False,False,True,False,False,False,True,False,True
517,11,23,2084245.816,inelastic,,-0.1901813915,2010,2012,2011,23137,False,False,False,False,False,False,True,False,False,False,True,False,True
518,11,23,2304067.317,inelastic,,-0.1871000065,2010,2012,2011,23137,False,False,False,False,False,False,True,False,False,False,True,False,True
519,11,23,2547063.548,inelastic,,-0.2703355558,2010,2012,2011,23137,False,False,False,False,False,False,True,False,False,False,True,False,True
520,11,23,2814961.709,inelastic,,-0.1866266092,2010,2012,2011,23137,False,False,False,False,False,False,True,False,False,False,True,False,True
521,11,23,3109203.961,inelastic,,-0.1867209083,2010,2012,2011,23137,False,False,False,False,False,False,True,False,False,False,True,False,True
522,11,23,3435282.835,inelastic,,-0.1190052572,2010,2012,2011,23137,False,False,False,False,False,False,True,False,False,False,True,False,True
523,11,23,3722582.004,inelastic,,-0.08726978052,2010,2012,2011,23137,False,False,False,False,False,False,True,False,False,False,True,False,True
524,11,23,17500000,n2n,,-1.022276395,2010,2022,2021,31842,False,True,False,False,False,False,False,False,False,False,False,True,True
525,11,23,18500000,n2n,,-1.060480747,2010,2025,2024,31859,False,True,False,False,False,False,False,False,False,False,False,True,True
526,11,23,14075212.23,n2n,,-1.726960126,2010,2016,2016,41614,False,True,False,False,False,False,False,False,False,False,False,True,True
527,11,23,14780000,n2n,,-1.42365865,2010,2016,2016,41614,False,True,False,False,False,False,False,False,False,False,False,True,True
528,12,24,1450777.381,inelastic,,-2.415768464,2010,2014,2014,23258,False,False,False,False,False,False,True,False,False,False,True,False,True
529,12,24,1543662.009,inelastic,,-0.7409543581,2010,2014,2014,23258,False,False,False,False,False,False,True,False,False,False,True,False,True
530,12,24,1705621.713,inelastic,,-0.7539885375,2010,2014,2014,23258,False,False,False,False,False,False,True,False,False,False,True,False,True
531,12,24,1885859.857,inelastic,,-0.6285816716,2010,2014,2014,23258,False,False,False,False,False,False,True,False,False,False,True,False,True
532,12,24,2084245.792,inelastic,,-0.3950314531,2010,2014,2014,23258,False,False,False,False,False,False,True,False,False,False,True,False,True
533,12,24,2304067.21,inelastic,,-0.233975827,2010,2014,2014,23258,False,False,False,False,False,False,True,False,False,False,True,False,True
534,12,24,2547062.804,inelastic,,-0.2042105619,2010,2014,2014,23258,False,False,False,False,False,False,True,False,False,False,True,False,True
535,12,24,2814961.236,inelastic,,-0.328748907,2010,2014,2014,23258,False,False,False,False,False,False,True,False,False,False,True,False,True
536,12,24,3109204.097,inelastic,,-0.2648865694,2010,2014,2014,23258,False,False,False,False,False,False,True,False,False,False,True,False,True
537,12,24,3435283.078,inelastic,,-0.2427257656,2010,2014,2014,23258,False,False,False,False,False,False,True,False,False,False,True,False,True
538,12,24,3795765.969,inelastic,,-0.1862123415,2010,2014,2014,23258,False,False,False,False,False,False,True,False,False,False,True,False,True
539,12,24,4193406.978,inelastic,,-0.2434950612,2010,2014,2014,23258,False,False,False,False,False,False,True,False,False,False,True,False,True
540,12,24,4637084.893,inelastic,,0.004659672259,2010,2014,2014,23258,False,False,False,False,False,False,True,False,False,False,True,False,True
541,12,24,5124272.953,inelastic,,-0.04373530809,2010,2014,2014,23258,False,False,False,False,False,False,True,False,False,False,True,False,True
542,12,24,5665763.69,inelastic,,-0.03734047191,2010,2014,2014,23258,False,False,False,False,False,False,True,False,False,False,True,False,True
543,12,24,6266599.248,inelastic,,-0.1456407325,2010,2014,2014,23258,False,False,False,False,False,False,True,False,False,False,True,False,True
544,12,24,6919921.967,inelastic,,-0.1065406497,2010,2014,2014,23258,False,False,False,False,False,False,True,False,False,False,True,False,True
545,12,24,7639153.248,inelastic,,-0.1623803515,2010,2014,2014,23258,False,False,False,False,False,False,True,False,False,False,True,False,True
546,12,24,8444335.744,inelastic,,-0.2176851243,2010,2014,2014,23258,False,False,False,False,False,False,True,False,False,False,True,False,True
547,12,24,9346278.095,inelastic,,-0.2438944657,2010,2014,2014,23258,False,False,False,False,False,False,True,False,False,False,True,False,True
548,12,24,10334569.56,inelastic,,-0.2313985713,2010,2014,2014,23258,False,False,False,False,False,False,True,False,False,False,False,True,True
549,12,24,11411832.57,inelastic,,-0.2519491922,2010,2014,2014,23258,False,False,False,False,False,False,True,False,False,False,False,True,True
550,12,24,12607815.47,inelastic,,-0.2727617782,2010,2014,2014,23258,False,False,False,False,False,False,True,False,False,False,False,True,True
551,12,24,13933698.09,inelastic,,-0.3464946775,2010,2014,2014,23258,False,False,False,False,False,False,True,False,False,False,False,True,True
552,12,24,15400715.62,inelastic,,-0.3990516239,2010,2014,2014,23258,False,False,False,False,False,False,True,False,False,False,False,True,True
553,12,24,17019785.12,inelastic,,-0.5418299303,2010,2014,2014,23258,False,False,False,False,False,False,True,False,False,False,False,True,True
554,12,24,14050000,np,,-0.7328282716,2010,2023,2023,31858,False,False,True,False,False,False,False,False,False,False,False,True,True
555,12,25,4000000,na,,-1.65130581,2010,2018,2019,32783,False,False,False,True,False,False,False,False,False,False,True,False,True
556,12,25,4500000,na,,-1.573326112,2010,2018,2019,32783,False,False,False,True,False,False,False,False,False,False,True,False,True
557,12,25,5000000,na,,-1.532984182,2010,2018,2019,32783,False,False,False,True,False,False,False,False,False,False,True,False,True
558,12,25,5500000,na,,-1.426316307,2010,2018,2019,32783,False,False,False,True,False,False,False,False,False,False,True,False,True
559,12,25,6000000,na,,-1.403842919,2010,2018,2019,32783,False,False,False,True,False,False,False,False,False,False,True,False,True
560,12,26,14096954.74,na,,-1.286719515,2010,2016,2016,41614,False,False,False,True,False,False,False,False,False,False,False,True,True
561,12,26,14784857.12,na,,-1.27083521,2010,2016,2016,41614,False,False,False,True,False,False,False,False,False,False,False,True,True
562,13,26,83212.7995,na,,-1.365976406,2010,2021,2021,23752,False,False,False,True,False,False,False,False,True,False,False,False,False
563,13,26,93893.76976,na,,-0.9399635459,2010,2021,2021,23752,False,False,False,True,False,False,False,False,True,False,False,False,False
564,13,26,104109.093,na,,-0.9705891643,2010,2021,2021,23752,False,False,False,True,False,False,False,False,False,True,False,False,True
565,13,26,115487.1631,na,,-1.136260893,2010,2021,2021,23752,False,False,False,True,False,False,False,False,False,True,False,False,True
566,13,26,128099.0632,na,,-1.113546878,2010,2021,2021,23752,False,False,False,True,False,False,False,False,False,True,False,False,True
567,13,26,142060.3477,na,,-0.7296783714,2010,2021,2021,23752,False,False,False,True,False,False,False,False,False,True,False,False,True
568,13,26,154901.9044,na,,-0.9351490772,2010,2021,2021,23752,False,False,False,True,False,False,False,False,False,True,False,False,True
569,13,27,14134058.99,n2n,,-2.062195634,2010,2024,2025,32935,False,True,False,False,False,False,False,False,False,False,False,True,True
570,13,27,14854898.18,n2n,,-1.469800302,2010,2024,2025,32935,False,True,False,False,False,False,False,False,False,False,False,True,True
571,13,27,17500000,na,,-1.200659451,2010,2022,2021,31842,False,False,False,True,False,False,False,False,False,False,False,True,True
572,13,27,19800000,na,,-1.455931956,2010,2022,2021,31842,False,False,False,True,False,False,False,False,False,False,False,True,True
573,13,27,17500000,np,,-1.602059991,2010,2022,2021,31842,False,False,True,False,False,False,False,False,False,False,False,True,True
574,13,27,19800000,np,,-1.721246399,2010,2022,2021,31842,False,False,True,False,False,False,False,False,False,False,False,True,True
575,13,27,18500000,np,,-1.585026652,2010,2025,2024,31859,False,False,True,False,False,False,False,False,False,False,False,True,True
576,13,27,14048944.67,np,,-1.135150024,2010,2016,2016,41614,False,False,True,False,False,False,False,False,False,False,False,True,True
577,13,27,14810000,np,,-1.193820026,2010,2016,2016,41614,False,False,True,False,False,False,False,False,False,False,False,True,True
578,13,27,14100000,total,,0.2430380487,2010,2021,2022,31847,False,False,False,False,True,False,False,False,False,False,False,True,True
579,13,27,5745576.404,total,,0.3327327714,2010,2021,2024,32852,False,False,False,False,True,False,False,False,False,False,True,False,True
580,13,27,6297884.092,total,,0.3311913569,2010,2021,2024,32852,False,False,False,False,True,False,False,False,False,False,True,False,True
581,13,27,6905211.744,total,,0.3065215267,2010,2021,2024,32852,False,False,False,False,True,False,False,False,False,False,True,False,True
582,13,27,7657863.751,total,,0.2794821471,2010,2021,2024,32852,False,False,False,False,True,False,False,False,False,False,True,False,True
583,13,27,8494760.14,total,,0.2456933806,2010,2021,2024,32852,False,False,False,False,True,False,False,False,False,False,True,False,True
584,13,27,9314456.506,total,,0.241814719,2010,2021,2024,32852,False,False,False,False,True,False,False,False,False,False,True,False,True
585,13,27,10328590.86,total,,0.2194226179,2010,2021,2024,32852,False,False,False,False,True,False,False,False,False,False,False,True,True
586,13,27,11471008.28,total,,0.2441478031,2010,2021,2024,32852,False,False,False,False,True,False,False,False,False,False,False,True,True
587,13,27,12545516.1,total,,0.2755618368,2010,2021,2024,32852,False,False,False,False,True,False,False,False,False,False,False,True,True
588,13,27,13932172.68,total,,0.2700738957,2010,2021,2024,32852,False,False,False,False,True,False,False,False,False,False,False,True,True
589,13,27,15444738.87,total,,0.2801456814,2010,2021,2024,32852,False,False,False,False,True,False,False,False,False,False,False,True,True
590,13,27,16945204.8,total,,0.282505991,2010,2021,2024,32852,False,False,False,False,True,False,False,False,False,False,False,True,True
591,13,27,18810620.7,total,,0.2648631383,2010,2021,2024,32852,False,False,False,False,True,False,False,False,False,False,False,True,True
592,13,27,5745576.404,total,,0.323717093,2010,2021,2024,32852,False,False,False,False,True,False,False,False,False,False,True,False,True
593,13,27,6297884.092,total,,0.3186762388,2010,2021,2024,32852,False,False,False,False,True,False,False,False,False,False,True,False,True
594,13,27,6905211.744,total,,0.2969135225,2010,2021,2024,32852,False,False,False,False,True,False,False,False,False,False,True,False,True
595,13,27,7657863.751,total,,0.2742562474,2010,2021,2024,32852,False,False,False,False,True,False,False,False,False,False,True,False,True
596,13,27,8494760.14,total,,0.2416286501,2010,2021,2024,32852,False,False,False,False,True,False,False,False,False,False,True,False,True
597,13,27,9314456.506,total,,0.2351116272,2010,2021,2024,32852,False,False,False,False,True,False,False,False,False,False,True,False,True
598,13,27,10328590.86,total,,0.2307451624,2010,2021,2024,32852,False,False,False,False,True,False,False,False,False,False,False,True,True
599,13,27,11471008.28,total,,0.2416292725,2010,2021,2024,32852,False,False,False,False,True,False,False,False,False,False,False,True,True
600,13,27,12545516.1,total,,0.2715947782,2010,2021,2024,32852,False,False,False,False,True,False,False,False,False,False,False,True,True
601,13,27,13932172.68,total,,0.2716176665,2010,2021,2024,32852,False,False,False,False,True,False,False,False,False,False,False,True,True
602,13,27,15444738.87,total,,0.281475395,2010,2021,2024,32852,False,False,False,False,True,False,False,False,False,False,False,True,True
603,13,27,16945204.8,total,,0.2884957105,2010,2021,2024,32852,False,False,False,False,True,False,False,False,False,False,False,True,True
604,13,27,18810620.7,total,,0.2665661111,2010,2021,2024,32852,False,False,False,False,True,False,False,False,False,False,False,True,True
605,13,27,5752277.359,total,,0.2973161439,2010,2021,2024,32852,False,False,False,False,True,False,False,False,False,False,True,False,True
606,13,27,6232920.238,total,,0.3354468677,2010,2021,2024,32852,False,False,False,False,True,False,False,False,False,False,True,False,True
607,13,27,6916298.202,total,,0.274617773,2010,2021,2024,32852,False,False,False,False,True,False,False,False,False,False,True,False,True
608,13,27,7669947.819,total,,0.261562607,2010,2021,2024,32852,False,False,False,False,True,False,False,False,False,False,True,False,True
609,13,27,8412204.487,total,,0.2329389626,2010,2021,2024,32852,False,False,False,False,True,False,False,False,False,False,True,False,True
610,13,27,9331048.017,total,,0.2161833265,2010,2021,2024,32852,False,False,False,False,True,False,False,False,False,False,True,False,True
611,13,27,10346496.43,total,,0.2274933487,2010,2021,2024,32852,False,False,False,False,True,False,False,False,False,False,False,True,True
612,13,27,11346805.29,total,,0.2516114564,2010,2021,2024,32852,False,False,False,False,True,False,False,False,False,False,False,True,True
613,13,27,12592852.28,total,,0.2726240248,2010,2021,2024,32852,False,False,False,False,True,False,False,False,False,False,False,True,True
614,13,27,13945966.41,total,,0.2821835191,2010,2021,2024,32852,False,False,False,False,True,False,False,False,False,False,False,True,True
615,13,27,15295259.93,total,,0.277000317,2010,2021,2024,32852,False,False,False,False,True,False,False,False,False,False,False,True,True
616,13,27,16990581.97,total,,0.2780334468,2010,2021,2024,32852,False,False,False,False,True,False,False,False,False,False,False,True,True
617,13,27,18818852.41,total,,0.2643023826,2010,2021,2024,32852,False,False,False,False,True,False,False,False,False,False,False,True,True
618,13,27,19900000,total,,0.2498047228,2010,2021,2024,32852,False,False,False,False,True,False,False,False,False,False,False,True,True
619,13,27,5752277.359,total,,0.3107860369,2010,2021,2024,32852,False,False,False,False,True,False,False,False,False,False,True,False,True
620,13,27,6232920.238,total,,0.327680704,2010,2021,2024,32852,False,False,False,False,True,False,False,False,False,False,True,False,True
621,13,27,6916298.202,total,,0.2800713977,2010,2021,2024,32852,False,False,False,False,True,False,False,False,False,False,True,False,True
622,13,27,7669947.819,total,,0.2539979125,2010,2021,2024,32852,False,False,False,False,True,False,False,False,False,False,True,False,True
623,13,27,8412204.487,total,,0.2322303409,2010,2021,2024,32852,False,False,False,False,True,False,False,False,False,False,True,False,True
624,13,27,9331048.017,total,,0.2208191207,2010,2021,2024,32852,False,False,False,False,True,False,False,False,False,False,True,False,True
625,13,27,10346496.43,total,,0.2259150618,2010,2021,2024,32852,False,False,False,False,True,False,False,False,False,False,False,True,True
626,13,27,11346805.29,total,,0.2549050089,2010,2021,2024,32852,False,False,False,False,True,False,False,False,False,False,False,True,True
627,13,27,12592852.28,total,,0.2758275931,2010,2021,2024,32852,False,False,False,False,True,False,False,False,False,False,False,True,True
628,13,27,13945966.41,total,,0.2822356749,2010,2021,2024,32852,False,False,False,False,True,False,False,False,False,False,False,True,True
629,13,27,15295259.93,total,,0.2773174859,2010,2021,2024,32852,False,False,False,False,True,False,False,False,False,False,False,True,True
630,13,27,16990581.97,total,,0.271842071,2010,2021,2024,32852,False,False,False,False,True,False,False,False,False,False,False,True,True
631,13,27,18818852.41,total,,0.2638466563,2010,2021,2024,32852,False,False,False,False,True,False,False,False,False,False,False,True,True
632,13,27,19900000,total,,0.2578752825,2010,2021,2024,32852,False,False,False,False,True,False,False,False,False,False,False,True,True
633,14,28,1909989.282,inelastic,,-0.7450701165,2010,2013,2011,23173,False,False,False,False,False,False,True,False,False,False,True,False,True
634,14,28,2084245.792,inelastic,,-0.6956365785,2010,2013,2011,23173,False,False,False,False,False,False,True,False,False,False,True,False,True
635,14,28,2304067.21,inelastic,,-0.3201590296,2010,2013,2011,23173,False,False,False,False,False,False,True,False,False,False,True,False,True
636,14,28,2547062.804,inelastic,,-0.4385697199,2010,2013,2011,23173,False,False,False,False,False,False,True,False,False,False,True,False,True
637,14,28,2814961.236,inelastic,,-0.291741724,2010,2013,2011,23173,False,False,False,False,False,False,True,False,False,False,True,False,True
638,14,28,3109204.097,inelastic,,-0.2688680616,2010,2013,2011,23173,False,False,False,False,False,False,True,False,False,False,True,False,True
639,14,28,3435283.078,inelastic,,-0.2479147329,2010,2013,2011,23173,False,False,False,False,False,False,True,False,False,False,True,False,True
640,14,28,3795765.969,inelastic,,-0.2657249705,2010,2013,2011,23173,False,False,False,False,False,False,True,False,False,False,True,False,True
641,14,28,4193406.978,inelastic,,-0.1622850759,2010,2013,2011,23173,False,False,False,False,False,False,True,False,False,False,True,False,True
642,14,28,4637084.893,inelastic,,-0.1090713315,2010,2013,2011,23173,False,False,False,False,False,False,True,False,False,False,True,False,True
643,14,28,5124272.953,inelastic,,-0.1176532247,2010,2013,2011,23173,False,False,False,False,False,False,True,False,False,False,True,False,True
644,14,28,5665763.69,inelastic,,-0.1404589807,2010,2013,2011,23173,False,False,False,False,False,False,True,False,False,False,True,False,True
645,14,28,6121874.771,inelastic,,-0.1644921401,2010,2013,2011,23173,False,False,False,False,False,False,True,False,False,False,True,False,True
646,14,28,14900000,inelastic,,-0.3925449768,2010,2011,2011,32688,False,False,False,False,False,False,True,False,False,False,False,True,True
647,14,28,14900000,na,,-1.031517051,2010,2011,2011,32688,False,False,False,True,False,False,False,False,False,False,False,True,True
648,14,28,14900000,np,,-0.6055483192,2010,2011,2011,32688,False,False,True,False,False,False,False,False,False,False,False,True,True
649,14,28,14053361.84,np,,-0.5662301661,2010,2016,2016,41614,False,False,True,False,False,False,False,False,False,False,False,True,True
650,14,28,14810000,np,,-0.6575773192,2010,2016,2016,41614,False,False,True,False,False,False,False,False,False,False,False,True,True
651,14,29,14900000,inelastic,,-0.5100415206,2010,2011,2011,32688,False,False,False,False,False,False,True,False,False,False,False,True,True
652,14,29,14900000,na,,-0.8894102897,2010,2011,2011,32688,False,False,False,True,False,False,False,False,False,False,False,True,True
653,14,30,14900000,inelastic,,-0.4294570601,2010,2011,2011,32688,False,False,False,False,False,False,True,False,False,False,False,True,True
654,14,30,14014073.73,na,,-1.185530429,2010,2016,2016,41614,False,False,False,True,False,False,False,False,False,False,False,True,True
655,14,30,14810000,na,,-1.150580586,2010,2016,2016,41614,False,False,False,True,False,False,False,False,False,False,False,True,True
656,17,35,2740000,na,,-2.377785977,2010,2019,2019,14556,False,False,False,True,False,False,False,False,False,False,True,False,True
657,17,35,2420000,na,,-2.920818754,2010,2019,2019,14556,False,False,False,True,False,False,False,False,False,False,True,False,True
658,17,35,2579534.8,na,,-2.303934986,2010,2019,2019,14556,False,False,False,True,False,False,False,False,False,False,True,False,True
659,17,35,2420000,na,,-2.853871964,2010,2019,2019,14556,False,False,False,True,False,False,False,False,False,False,True,False,True
660,17,35,2579534.8,na,,-2.350016456,2010,2019,2019,14556,False,False,False,True,False,False,False,False,False,False,True,False,True
661,17,35,2849561.37,na,,-1.740645073,2010,2024,2024,14840,False,False,False,True,False,False,False,False,False,False,True,False,True
662,17,35,3098924.358,na,,-1.487360067,2010,2024,2024,14840,False,False,False,True,False,False,False,False,False,False,True,False,True
663,17,35,3448187.32,na,,-1.223898382,2010,2024,2024,14840,False,False,False,True,False,False,False,False,False,False,True,False,True
664,17,35,3798683.983,na,,-1.087060913,2010,2024,2024,14840,False,False,False,True,False,False,False,False,False,False,True,False,True
665,17,35,4198809.355,na,,-0.9098830892,2010,2024,2024,14840,False,False,False,True,False,False,False,False,False,False,True,False,True
666,17,35,4598912.915,na,,-0.8583151127,2010,2024,2024,14840,False,False,False,True,False,False,False,False,False,False,True,False,True
667,17,35,5097384.28,na,,-0.7966950839,2010,2024,2024,14840,False,False,False,True,False,False,False,False,False,False,True,False,True
668,17,35,5623610.94,na,,-0.7395469824,2010,2024,2024,14840,False,False,False,True,False,False,False,False,False,False,True,False,True
669,17,35,6198185.218,na,,-0.739225243,2010,2024,2024,14840,False,False,False,True,False,False,False,False,False,False,True,False,True
670,17,35,6945680.77,na,,-0.734663222,2010,2024,2024,14840,False,False,False,True,False,False,False,False,False,False,True,False,True
671,17,35,7698538.822,na,,-0.7275317895,2010,2024,2024,14840,False,False,False,True,False,False,False,False,False,False,True,False,True
672,17,35,8496322.734,na,,-0.7336154096,2010,2024,2024,14840,False,False,False,True,False,False,False,False,False,False,True,False,True
673,17,35,9496709.957,na,,-0.7478875992,2010,2024,2024,14840,False,False,False,True,False,False,False,False,False,False,True,False,True
674,17,35,10497023.39,na,,-0.7493238883,2010,2024,2024,14840,False,False,False,True,False,False,False,False,False,False,False,True,True
675,17,35,11497282.29,na,,-0.7349933943,2010,2024,2024,14840,False,False,False,True,False,False,False,False,False,False,False,True,True
676,17,35,12250000,na,,-0.7567138539,2010,2024,2024,14840,False,False,False,True,False,False,False,False,False,False,False,True,True
677,17,35,2025000,na,,-2.954677021,2010,2024,2024,14840,False,False,False,True,False,False,False,False,False,False,True,False,True
678,17,35,2275000,na,,-2.583359493,2010,2024,2024,14840,False,False,False,True,False,False,False,False,False,False,True,False,True
679,17,35,2525000,na,,-2.140861703,2010,2024,2024,14840,False,False,False,True,False,False,False,False,False,False,True,False,True
680,17,35,2775000,na,,-1.782252927,2010,2024,2024,14840,False,False,False,True,False,False,False,False,False,False,True,False,True
681,17,35,3025000,na,,-1.561457651,2010,2024,2024,14840,False,False,False,True,False,False,False,False,False,False,True,False,True
682,17,35,3397701.429,na,,-1.255198681,2010,2024,2024,14840,False,False,False,True,False,False,False,False,False,False,True,False,True
683,17,35,3775000,na,,-1.076496933,2010,2024,2024,14840,False,False,False,True,False,False,False,False,False,False,True,False,True
684,17,35,4148117.043,na,,-0.9024130155,2010,2024,2024,14840,False,False,False,True,False,False,False,False,False,False,True,False,True
685,17,35,4648319.589,na,,-0.7859645857,2010,2024,2024,14840,False,False,False,True,False,False,False,False,False,False,True,False,True
686,17,35,5148482.786,na,,-0.7307790185,2010,2024,2024,14840,False,False,False,True,False,False,False,False,False,False,True,False,True
687,17,35,5648617.087,na,,-0.6936822189,2010,2024,2024,14840,False,False,False,True,False,False,False,False,False,False,True,False,True
688,17,35,6271678.189,na,,-0.7066374453,2010,2024,2024,14840,False,False,False,True,False,False,False,False,False,False,True,False,True
689,17,35,7022033.148,na,,-0.7170231053,2010,2024,2024,14840,False,False,False,True,False,False,False,False,False,False,True,False,True
690,17,35,7772319.548,na,,-0.7108199702,2010,2024,2024,14840,False,False,False,True,False,False,False,False,False,False,True,False,True
691,17,35,8522555.506,na,,-0.7054676427,2010,2024,2024,14840,False,False,False,True,False,False,False,False,False,False,True,False,True
692,17,35,9395842.319,na,,-0.6910729366,2010,2024,2024,14840,False,False,False,True,False,False,False,False,False,False,True,False,True
693,17,35,10025000,na,,-0.7109687649,2010,2024,2024,14840,False,False,False,True,False,False,False,False,False,False,False,True,True
694,17,35,3300000,na,,-1.360513511,2010,2021,2021,41744,False,False,False,True,False,False,False,False,False,False,True,False,True
695,17,35,3900000,na,,-1.255707017,2010,2021,2021,41744,False,False,False,True,False,False,False,False,False,False,True,False,True
696,17,35,4300000,na,,-1.129011186,2010,2021,2021,41744,False,False,False,True,False,False,False,False,False,False,True,False,True
697,17,35,4647580.015,na,,-1.026410377,2010,2021,2021,41744,False,False,False,True,False,False,False,False,False,False,True,False,True
698,17,35,5131827.11,na,,-0.969063119,2010,2021,2021,41744,False,False,False,True,False,False,False,False,False,False,True,False,True
699,17,35,2740000,np,,-1.548981548,2010,2019,2019,14556,False,False,True,False,False,False,False,False,False,False,True,False,True
700,17,35,2420000,np,,-1.779891912,2010,2019,2019,14556,False,False,True,False,False,False,False,False,False,False,True,False,True
701,17,35,2579534.8,np,,-1.395413985,2010,2019,2019,14556,False,False,True,False,False,False,False,False,False,False,True,False,True
702,17,35,2740000,np,,-1.501689446,2010,2019,2019,14556,False,False,True,False,False,False,False,False,False,False,True,False,True
703,17,35,2420000,np,,-1.707743929,2010,2019,2019,14556,False,False,True,False,False,False,False,False,False,False,True,False,True
704,17,35,2579534.8,np,,-1.415668776,2010,2019,2019,14556,False,False,True,False,False,False,False,False,False,False,True,False,True
705,17,35,2740000,np,,-1.48945499,2010,2019,2019,14556,False,False,True,False,False,False,False,False,False,False,True,False,True
706,17,35,321930.0978,np,,-2.1837587,2010,2024,2024,14840,False,False,True,False,False,False,False,False,False,True,False,False,True
707,17,35,337475.1089,np,,-1.755139969,2010,2024,2024,14840,False,False,True,False,False,False,False,False,False,True,False,False,True
708,17,35,376968.9475,np,,-2.214966916,2010,2024,2024,14840,False,False,True,False,False,False,False,False,False,True,False,False,True
709,17,35,418042.9895,np,,-2.490430933,2010,2024,2024,14840,False,False,True,False,False,False,False,False,False,True,False,False,True
710,17,35,468103.6712,np,,-2.120808514,2010,2024,2024,14840,False,False,True,False,False,False,False,False,False,True,False,False,True
711,17,35,514126.92,np,,-1.905478961,2010,2024,2024,14840,False,False,True,False,False,False,False,False,False,True,False,False,True
712,17,35,570111.5698,np,,-2.452225295,2010,2024,2024,14840,False,False,True,False,False,False,False,False,False,True,False,False,True
713,17,35,628704.5718,np,,-1.893701719,2010,2024,2024,14840,False,False,True,False,False,False,False,False,False,True,False,False,True
714,17,35,695093.3912,np,,-1.738089808,2010,2024,2024,14840,False,False,True,False,False,False,False,False,False,True,False,False,True
715,17,35,768037.566,np,,-1.586611473,2010,2024,2024,14840,False,False,True,False,False,False,False,False,False,True,False,False,True
716,17,35,847909.9869,np,,-1.487515724,2010,2024,2024,14840,False,False,True,False,False,False,False,False,False,True,False,False,True
717,17,35,934842.8664,np,,-1.549114803,2010,2024,2024,14840,False,False,True,False,False,False,False,False,False,True,False,False,True
718,17,35,1032396.251,np,,-1.348799546,2010,2024,2024,14840,False,False,True,False,False,False,False,False,False,False,True,False,True
719,17,35,1141948.337,np,,-1.310843418,2010,2024,2024,14840,False,False,True,False,False,False,False,False,False,False,True,False,True
720,17,35,1265198.072,np,,-1.420232731,2010,2024,2024,14840,False,False,True,False,False,False,False,False,False,False,True,False,True
721,17,35,1398346.979,np,,-1.325866353,2010,2024,2024,14840,False,False,True,False,False,False,False,False,False,False,True,False,True
722,17,35,1540951.511,np,,-1.150467983,2010,2024,2024,14840,False,False,True,False,False,False,False,False,False,False,True,False,True
723,17,35,1706541.653,np,,-1.155735156,2010,2024,2024,14840,False,False,True,False,False,False,False,False,False,False,True,False,True
724,17,35,1891591.785,np,,-1.055476951,2010,2024,2024,14840,False,False,True,False,False,False,False,False,False,False,True,False,True
725,17,35,2088166.971,np,,-1.076119,2010,2024,2024,14840,False,False,True,False,False,False,False,False,False,False,True,False,True
726,17,35,2305450.115,np,,-1.149402771,2010,2024,2024,14840,False,False,True,False,False,False,False,False,False,False,True,False,True
727,17,35,2544813.04,np,,-0.9611414984,2010,2024,2024,14840,False,False,True,False,False,False,False,False,False,False,True,False,True
728,17,35,2807890.936,np,,-0.8953460011,2010,2024,2024,14840,False,False,True,False,False,False,False,False,False,False,True,False,True
729,17,35,3114031.841,np,,-0.8599670845,2010,2024,2024,14840,False,False,True,False,False,False,False,False,False,False,True,False,True
730,17,35,3451500.337,np,,-0.7860176504,2010,2024,2024,14840,False,False,True,False,False,False,False,False,False,False,True,False,True
731,17,35,3768482.928,np,,-0.8280571841,2010,2024,2024,14840,False,False,True,False,False,False,False,False,False,False,True,False,True
732,17,35,4186088.908,np,,-0.7586693922,2010,2024,2024,14840,False,False,True,False,False,False,False,False,False,False,True,False,True
733,17,35,4622894.156,np,,-0.7044329,2010,2024,2024,14840,False,False,True,False,False,False,False,False,False,False,True,False,True
734,17,35,5123099.787,np,,-0.6872938544,2010,2024,2024,14840,False,False,True,False,False,False,False,False,False,False,True,False,True
735,17,35,5684851.374,np,,-0.6862888164,2010,2024,2024,14840,False,False,True,False,False,False,False,False,False,False,True,False,True
736,17,35,6309923.371,np,,-0.7144201893,2010,2024,2024,14840,False,False,True,False,False,False,False,False,False,False,True,False,True
737,17,35,6873583.742,np,,-0.7142402175,2010,2024,2024,14840,False,False,True,False,False,False,False,False,False,False,True,False,True
738,18,40,5460000,capture,,-3.431798276,2010,2014,2014,14398,True,False,False,False,False,False,False,False,False,False,True,False,True
739,18,40,6000000,capture,,-3.443697499,2010,2014,2014,14398,True,False,False,False,False,False,False,False,False,False,True,False,True
740,18,40,7040000,capture,,-3.508638306,2010,2014,2014,14398,True,False,False,False,False,False,False,False,False,False,True,False,True
741,18,40,14800000,capture,,-3.346787486,2010,2014,2014,14398,True,False,False,False,False,False,False,False,False,False,False,True,True
742,18,40,9370000,np,,-2.747146969,2010,2012,2012,14326,False,False,True,False,False,False,False,False,False,False,True,False,True
743,18,40,10112032.44,np,,-2.446723954,2010,2012,2012,14326,False,False,True,False,False,False,False,False,False,False,False,True,True
744,18,40,11349467.94,np,,-2.110698297,2010,2012,2012,14326,False,False,True,False,False,False,False,False,False,False,False,True,True
745,18,40,12592616.88,np,,-1.896709528,2010,2012,2012,14326,False,False,True,False,False,False,False,False,False,False,False,True,True
746,18,40,13830759.73,np,,-1.689023621,2010,2012,2012,14326,False,False,True,False,False,False,False,False,False,False,False,True,True
747,18,40,14830000,np,,-1.555018888,2010,2012,2012,14326,False,False,True,False,False,False,False,False,False,False,False,True,True
748,19,41,14920000,na,,-1.600499339,2010,2022,2021,33163,False,False,False,True,False,False,False,False,False,False,False,True,True
749,19,41,13962533.5,na,,-1.477990713,2010,2016,2016,41614,False,False,False,True,False,False,False,False,False,False,False,True,True
750,19,41,14754694.17,na,,-1.544393887,2010,2016,2016,41614,False,False,False,True,False,False,False,False,False,False,False,True,True
751,19,41,14920000,np,,-1.376337293,2010,2020,2020,33150,False,False,True,False,False,False,False,False,False,False,False,True,True
752,19,41,13962533.5,np,,-1.27764034,2010,2016,2016,41614,False,False,True,False,False,False,False,False,False,False,False,True,True
753,19,41,14754694.17,np,,-1.315154638,2010,2016,2016,41614,False,False,True,False,False,False,False,False,False,False,False,True,True
754,21,45,13796738.75,n2n,,-0.6706021206,2010,2013,2014,32712,False,True,False,False,False,False,False,False,False,False,False,True,True
755,21,45,14800000,n2n,,-0.4948500217,2010,2013,2014,32712,False,True,False,False,False,False,False,False,False,False,False,True,True
756,22,46,14050000,np,,-0.5670307091,2010,2023,2023,31858,False,False,True,False,False,False,False,False,False,False,False,True,True
757,22,47,4000000,na,,-2.086186148,2010,2018,2018,41653,False,False,False,True,False,False,False,False,False,False,True,False,True
758,22,47,5000000,na,,-1.714442691,2010,2018,2018,41653,False,False,False,True,False,False,False,False,False,False,True,False,True
759,22,47,6000000,na,,-1.48148606,2010,2018,2018,41653,False,False,False,True,False,False,False,False,False,False,True,False,True
760,22,47,2760000,np,,-1.586700236,2010,2017,2026,14484,False,False,True,False,False,False,False,False,False,False,True,False,True
761,22,47,2760000,np,,-1.573488739,2010,2017,2026,14484,False,False,True,False,False,False,False,False,False,False,True,False,True
762,22,48,1053795.247,inelastic,,-0.7719555389,2010,2017,2017,23346,False,False,False,False,False,False,True,False,False,False,True,False,True
763,22,48,1137586.834,inelastic,,-0.4506202673,2010,2017,2017,23346,False,False,False,False,False,False,True,False,False,False,True,False,True
764,22,48,1259301.677,inelastic,,-0.377316843,2010,2017,2017,23346,False,False,False,False,False,False,True,False,False,False,True,False,True
765,22,48,1390622.841,inelastic,,-0.2417716123,2010,2017,2017,23346,False,False,False,False,False,False,True,False,False,False,True,False,True
766,22,48,1543845.034,inelastic,,-0.254584111,2010,2017,2017,23346,False,False,False,False,False,False,True,False,False,False,True,False,True
767,22,48,1708574.168,inelastic,,-0.1708433331,2010,2017,2017,23346,False,False,False,False,False,False,True,False,False,False,True,False,True
768,22,48,1884318.036,inelastic,,-0.09419638692,2010,2017,2017,23346,False,False,False,False,False,False,True,False,False,False,True,False,True
769,22,48,2088341.341,inelastic,,-0.1131698682,2010,2017,2017,23346,False,False,False,False,False,False,True,False,False,False,True,False,True
770,22,48,2304223.624,inelastic,,-0.05300353762,2010,2017,2017,23346,False,False,False,False,False,False,True,False,False,False,True,False,True
771,22,48,2555447.604,inelastic,,0.02073590722,2010,2017,2017,23346,False,False,False,False,False,False,True,False,False,False,True,False,True
772,22,48,2818210.452,inelastic,,0.02006177313,2010,2017,2017,23346,False,False,False,False,False,False,True,False,False,False,True,False,True
773,22,48,3087674.229,inelastic,,0.06396632179,2010,2017,2017,23346,False,False,False,False,False,False,True,False,False,False,True,False,True
774,22,48,3397798.844,inelastic,,0.07590902662,2010,2017,2017,23346,False,False,False,False,False,False,True,False,False,False,True,False,True
775,22,48,3757214.896,inelastic,,0.1033349772,2010,2017,2017,23346,False,False,False,False,False,False,True,False,False,False,True,False,True
776,22,48,4176978.962,inelastic,,0.1163104759,2010,2017,2017,23346,False,False,False,False,False,False,True,False,False,False,True,False,True
777,22,48,4604399.598,inelastic,,0.1135188726,2010,2017,2017,23346,False,False,False,False,False,False,True,False,False,False,True,False,True
778,22,48,5102441.353,inelastic,,0.1169363288,2010,2017,2017,23346,False,False,False,False,False,False,True,False,False,False,True,False,True
779,22,48,5684573.091,inelastic,,0.1131553399,2010,2017,2017,23346,False,False,False,False,False,False,True,False,False,False,True,False,True
780,22,48,6267753.419,inelastic,,0.1050512365,2010,2017,2017,23346,False,False,False,False,False,False,True,False,False,False,True,False,True
781,22,48,6945886.186,inelastic,,0.1132267323,2010,2017,2017,23346,False,False,False,False,False,False,True,False,False,False,True,False,True
782,22,48,7740869.272,inelastic,,0.1180507787,2010,2017,2017,23346,False,False,False,False,False,False,True,False,False,False,True,False,True
783,22,48,8511627.971,inelastic,,0.1265437425,2010,2017,2017,23346,False,False,False,False,False,False,True,False,False,False,True,False,True
784,22,48,9407339.748,inelastic,,0.1250375274,2010,2017,2017,23346,False,False,False,False,False,False,True,False,False,False,True,False,True
785,22,48,10449233.98,inelastic,,0.1209406236,2010,2017,2017,23346,False,False,False,False,False,False,True,False,False,False,False,True,True
786,22,48,11415282.55,inelastic,,0.1156038558,2010,2017,2017,23346,False,False,False,False,False,False,True,False,False,False,False,True,True
787,22,48,12522782.11,inelastic,,0.061475098,2010,2017,2017,23346,False,False,False,False,False,False,True,False,False,False,False,True,True
788,22,48,13800944.03,inelastic,,-0.03563239904,2010,2017,2017,23346,False,False,False,False,False,False,True,False,False,False,False,True,True
789,22,48,15287059.31,inelastic,,-0.2039570659,2010,2017,2017,23346,False,False,False,False,False,False,True,False,False,False,False,True,True
790,22,48,16563450,inelastic,,-0.3237097858,2010,2017,2017,23346,False,False,False,False,False,False,True,False,False,False,False,True,True
791,22,48,14050000,np,,-1.208309351,2010,2023,2023,31858,False,False,True,False,False,False,False,False,False,False,False,True,True
792,22,48,14000000,np,,-1.194499142,2010,2023,2024,32893,False,False,True,False,False,False,False,False,False,False,False,True,True
793,22,49,1439503.938,inelastic,,-1.365333334,2010,2017,2017,23346,False,False,False,False,False,False,True,False,False,False,True,False,True
794,22,49,1541128.61,inelastic,,-1.044821293,2010,2017,2017,23346,False,False,False,False,False,False,True,False,False,False,True,False,True
795,22,49,1705660.054,inelastic,,-0.385347618,2010,2017,2017,23346,False,False,False,False,False,False,True,False,False,False,True,False,True
796,22,49,1884113.944,inelastic,,-0.1850434886,2010,2017,2017,23346,False,False,False,False,False,False,True,False,False,False,True,False,True
797,22,49,2076294.427,inelastic,,-0.1196358801,2010,2017,2017,23346,False,False,False,False,False,False,True,False,False,False,True,False,True
798,22,49,2299491.383,inelastic,,-0.05568614328,2010,2017,2017,23346,False,False,False,False,False,False,True,False,False,False,True,False,True
799,22,49,2549817.375,inelastic,,-1.943511293e-05,2010,2017,2017,23346,False,False,False,False,False,False,True,False,False,False,True,False,True
800,22,49,2818111.925,inelastic,,0.04811820461,2010,2017,2017,23346,False,False,False,False,False,False,True,False,False,False,True,False,True
801,22,49,3068919.246,inelastic,,0.06312385612,2010,2017,2017,23346,False,False,False,False,False,False,True,False,False,False,True,False,True
802,22,49,3397798.844,inelastic,,0.07358089363,2010,2017,2017,23346,False,False,False,False,False,False,True,False,False,False,True,False,True
803,22,49,3757214.896,inelastic,,0.06867092413,2010,2017,2017,23346,False,False,False,False,False,False,True,False,False,False,True,False,True
804,22,49,4176978.962,inelastic,,0.06332209793,2010,2017,2017,23346,False,False,False,False,False,False,True,False,False,False,True,False,True
805,22,49,4604399.598,inelastic,,0.05499075966,2010,2017,2017,23346,False,False,False,False,False,False,True,False,False,False,True,False,True
806,22,49,5102441.353,inelastic,,0.06674603715,2010,2017,2017,23346,False,False,False,False,False,False,True,False,False,False,True,False,True
807,22,49,5684573.091,inelastic,,0.08071064436,2010,2017,2017,23346,False,False,False,False,False,False,True,False,False,False,True,False,True
808,22,49,6267753.419,inelastic,,0.07027312272,2010,2017,2017,23346,False,False,False,False,False,False,True,False,False,False,True,False,True
809,22,49,6945886.186,inelastic,,0.07274483132,2010,2017,2017,23346,False,False,False,False,False,False,True,False,False,False,True,False,True
810,22,49,7740869.272,inelastic,,0.09938594818,2010,2017,2017,23346,False,False,False,False,False,False,True,False,False,False,True,False,True
811,22,49,8511627.971,inelastic,,0.09031626072,2010,2017,2017,23346,False,False,False,False,False,False,True,False,False,False,True,False,True
812,22,50,14000000,na,,-2.060480747,2010,2023,2024,32893,False,False,False,True,False,False,False,False,False,False,False,True,True
813,23,50,13650000,na,,-1.465973894,2010,2016,2016,41614,False,False,False,True,False,False,False,False,False,False,False,True,True
814,23,50,14820000,na,,-1.394694954,2010,2016,2016,41614,False,False,False,True,False,False,False,False,False,False,False,True,True
815,23,51,14050000,na,,-1.823908741,2010,2023,2023,31858,False,False,False,True,False,False,False,False,False,False,False,True,True
816,23,51,14075212.23,na,,-1.796785741,2010,2016,2016,41614,False,False,False,True,False,False,False,False,False,False,False,True,True
817,23,51,14799986.49,na,,-1.732828272,2010,2016,2016,41614,False,False,False,True,False,False,False,False,False,False,False,True,True
818,23,51,7870000,np,,-1.93930216,2010,2021,2022,33168,False,False,True,False,False,False,False,False,False,False,True,False,True
819,23,51,13050000,np,,-1.527243551,2010,2021,2022,33168,False,False,True,False,False,False,False,False,False,False,False,True,True
820,23,51,16980000,np,,-1.573488739,2010,2021,2022,33168,False,False,True,False,False,False,False,False,False,False,False,True,True
821,24,50,14540000,n2n,,-1.756961951,2010,2020,2021,33151,False,True,False,False,False,False,False,False,False,False,False,True,True
822,24,50,5597618.035,na,,-2.549237844,2010,2018,2018,41653,False,False,False,True,False,False,False,False,False,False,True,False,True
823,24,50,6194618.987,na,,-2.198825047,2010,2018,2018,41653,False,False,False,True,False,False,False,False,False,False,True,False,True
824,24,50,6908099.887,na,,-2.012668968,2010,2018,2018,41653,False,False,False,True,False,False,False,False,False,False,True,False,True
825,24,52,5360000,inelastic,,0.1319873694,2010,2025,2025,32930,False,False,False,False,False,False,True,False,False,False,True,False,True
826,24,52,5990000,inelastic,,0.1625255752,2010,2025,2025,32930,False,False,False,False,False,False,True,False,False,False,True,False,True
827,24,52,7690000,inelastic,,0.1093118818,2010,2025,2025,32930,False,False,False,False,False,False,True,False,False,False,True,False,True
828,24,52,14540000,n2n,,-0.4137503611,2010,2020,2021,33151,False,True,False,False,False,False,False,False,False,False,False,True,True
829,24,52,6998571.079,na,,-2.656000931,2010,2018,2018,41653,False,False,False,True,False,False,False,False,False,False,True,False,True
830,24,52,14540000,np,,-1.018181393,2010,2020,2021,33151,False,False,True,False,False,False,False,False,False,False,False,True,True
831,24,53,4500000,na,,-2.886056648,2010,2018,2018,41653,False,False,False,True,False,False,False,False,False,False,True,False,True
832,24,53,5000000,na,,-2.657577319,2010,2018,2018,41653,False,False,False,True,False,False,False,False,False,False,True,False,True
833,24,53,5500000,na,,-2.585026652,2010,2018,2018,41653,False,False,False,True,False,False,False,False,False,False,True,False,True
834,24,53,6244997.998,na,,-2.515700161,2010,2018,2018,41653,False,False,False,True,False,False,False,False,False,False,True,False,True
835,24,53,6972804.314,na,,-2.392544977,2010,2018,2018,41653,False,False,False,True,False,False,False,False,False,False,True,False,True
836,24,53,14800000,np,,-1.347270304,2010,2012,2011,33034,False,False,True,False,False,False,False,False,False,False,False,True,True
837,25,55,1120000,capture,,-2.623058243,2010,2016,2017,33100,True,False,False,False,False,False,False,False,False,False,True,False,True
838,25,55,2120000,capture,,-2.685711339,2010,2016,2017,33100,True,False,False,False,False,False,False,False,False,False,True,False,True
839,25,55,3120000,capture,,-2.926648298,2010,2016,2017,33100,True,False,False,False,False,False,False,False,False,False,True,False,True
840,25,55,4120000,capture,,-2.972242795,2010,2016,2017,33100,True,False,False,False,False,False,False,False,False,False,True,False,True
841,25,55,14540000,capture,,-3.161150909,2010,2020,2021,33151,True,False,False,False,False,False,False,False,False,False,False,True,True
842,25,55,14050000,n2n,,-0.1636758843,2010,2023,2023,31858,False,True,False,False,False,False,False,False,False,False,False,True,True
843,25,55,14100000,n2n,,-0.1443597191,2010,2012,2012,32701,False,True,False,False,False,False,False,False,False,False,False,True,True
844,25,55,14700000,n2n,,-0.1315906967,2010,2012,2012,32701,False,True,False,False,False,False,False,False,False,False,False,True,True
845,25,55,14540000,n2n,,-0.1801929354,2010,2020,2021,33151,False,True,False,False,False,False,False,False,False,False,False,True,True
846,25,55,14075212.23,n2n,,-0.1619909375,2010,2016,2016,41614,False,True,False,False,False,False,False,False,False,False,False,True,True
847,25,55,14780000,n2n,,-0.104577454,2010,2016,2016,41614,False,True,False,False,False,False,False,False,False,False,False,True,True
848,25,55,14100000,na,,-1.671620397,2010,2012,2012,32701,False,False,False,True,False,False,False,False,False,False,False,True,True
849,25,55,14700000,na,,-1.623423043,2010,2012,2012,32701,False,False,False,True,False,False,False,False,False,False,False,True,True
850,25,55,14540000,na,,-1.559090918,2010,2020,2021,33151,False,False,False,True,False,False,False,False,False,False,False,True,True
851,25,55,14048944.67,na,,-1.648645498,2010,2016,2016,41614,False,False,False,True,False,False,False,False,False,False,False,True,True
852,25,55,14810000,na,,-1.642065153,2010,2016,2016,41614,False,False,False,True,False,False,False,False,False,False,False,True,True
853,26,54,2114190.495,elastic,,0.4272967267,2010,2024,2024,23661,False,False,False,False,False,True,False,False,False,False,True,False,True
854,26,54,2296599.909,elastic,,0.413150115,2010,2024,2024,23661,False,False,False,False,False,True,False,False,False,False,True,False,True
855,26,54,2544033.905,elastic,,0.4385825087,2010,2024,2024,23661,False,False,False,False,False,True,False,False,False,False,True,False,True
856,26,54,2821636.898,elastic,,0.3938690203,2010,2024,2024,23661,False,False,False,False,False,True,False,False,False,False,True,False,True
857,26,54,3119278.863,elastic,,0.3981184276,2010,2024,2024,23661,False,False,False,False,False,True,False,False,False,False,True,False,True
858,26,54,3434265.956,elastic,,0.3491725846,2010,2024,2024,23661,False,False,False,False,False,True,False,False,False,False,True,False,True
859,26,54,3781010.239,elastic,,0.3553633879,2010,2024,2024,23661,False,False,False,False,False,True,False,False,False,False,True,False,True
860,26,54,4183203.67,elastic,,0.3391452403,2010,2024,2024,23661,False,False,False,False,False,True,False,False,False,False,True,False,True
861,26,54,4627751.971,elastic,,0.3518907458,2010,2024,2024,23661,False,False,False,False,False,True,False,False,False,False,True,False,True
862,26,54,5118084.69,elastic,,0.3256684286,2010,2024,2024,23661,False,False,False,False,False,True,False,False,False,False,True,False,True
863,26,54,5656379.506,elastic,,0.3080706165,2010,2024,2024,23661,False,False,False,False,False,True,False,False,False,False,True,False,True
864,26,54,6245109.261,elastic,,0.2840809013,2010,2024,2024,23661,False,False,False,False,False,True,False,False,False,False,True,False,True
865,26,54,6931143.443,elastic,,0.2741953864,2010,2024,2024,23661,False,False,False,False,False,True,False,False,False,False,True,False,True
866,26,54,7628122.852,elastic,,0.2685428712,2010,2024,2024,23661,False,False,False,False,False,True,False,False,False,False,True,False,True
867,26,54,1453258.281,inelastic,,-1.245663417,2010,2018,2019,23461,False,False,False,False,False,False,True,False,False,False,True,False,True
868,26,54,1543274.463,inelastic,,-0.4342159927,2010,2018,2019,23461,False,False,False,False,False,False,True,False,False,False,True,False,True
869,26,54,1704588.379,inelastic,,-0.4171721789,2010,2018,2019,23461,False,False,False,False,False,False,True,False,False,False,True,False,True
870,26,54,1885735.289,inelastic,,-0.2406550559,2010,2018,2019,23461,False,False,False,False,False,False,True,False,False,False,True,False,True
871,26,54,2085362.911,inelastic,,-0.2095874793,2010,2018,2019,23461,False,False,False,False,False,False,True,False,False,False,True,False,True
872,26,54,2304571.747,inelastic,,-0.1178691123,2010,2018,2019,23461,False,False,False,False,False,False,True,False,False,False,True,False,True
873,26,54,2544062.76,inelastic,,-0.1733868763,2010,2018,2019,23461,False,False,False,False,False,False,True,False,False,False,True,False,True
874,26,54,2810562.583,inelastic,,-0.1150827917,2010,2018,2019,23461,False,False,False,False,False,False,True,False,False,False,True,False,True
875,26,54,3106633.959,inelastic,,-0.1184183914,2010,2018,2019,23461,False,False,False,False,False,False,True,False,False,False,True,False,True
876,26,54,3435374.53,inelastic,,-0.07373663236,2010,2018,2019,23461,False,False,False,False,False,False,True,False,False,False,True,False,True
877,26,54,3799438.248,inelastic,,-0.05052327153,2010,2018,2019,23461,False,False,False,False,False,False,True,False,False,False,True,False,True
878,26,54,4190496.691,inelastic,,-0.02466100919,2010,2018,2019,23461,False,False,False,False,False,False,True,False,False,False,True,False,True
879,26,54,4632212.07,inelastic,,-0.01212413482,2010,2018,2019,23461,False,False,False,False,False,False,True,False,False,False,True,False,True
880,26,54,5132253.673,inelastic,,0.007160810437,2010,2018,2019,23461,False,False,False,False,False,False,True,False,False,False,True,False,True
881,26,54,5663906.892,inelastic,,-0.01621649937,2010,2018,2019,23461,False,False,False,False,False,False,True,False,False,False,True,False,True
882,26,54,6241681.682,inelastic,,-0.02404903363,2010,2018,2019,23461,False,False,False,False,False,False,True,False,False,False,True,False,True
883,26,54,6912958.43,inelastic,,-0.02191006567,2010,2018,2019,23461,False,False,False,False,False,False,True,False,False,False,True,False,True
884,26,54,7642161.71,inelastic,,-0.03083414061,2010,2018,2019,23461,False,False,False,False,False,False,True,False,False,False,True,False,True
885,26,54,8428760.116,inelastic,,-0.04654234214,2010,2018,2019,23461,False,False,False,False,False,False,True,False,False,False,True,False,True
886,26,54,9344040.835,inelastic,,-0.05953703895,2010,2018,2019,23461,False,False,False,False,False,False,True,False,False,False,True,False,True
887,26,54,10310024.47,inelastic,,-0.06945650448,2010,2018,2019,23461,False,False,False,False,False,False,True,False,False,False,False,True,True
888,26,54,11426363.33,inelastic,,-0.1018796325,2010,2018,2019,23461,False,False,False,False,False,False,True,False,False,False,False,True,True
889,26,54,12531331.96,inelastic,,-0.1617507756,2010,2018,2019,23461,False,False,False,False,False,False,True,False,False,False,False,True,True
890,26,54,13806013.36,inelastic,,-0.2744173152,2010,2018,2019,23461,False,False,False,False,False,False,True,False,False,False,False,True,True
891,26,54,15287295.11,inelastic,,-0.4265929433,2010,2018,2019,23461,False,False,False,False,False,False,True,False,False,False,False,True,True
892,26,54,17022876.5,inelastic,,-0.5635771724,2010,2018,2019,23461,False,False,False,False,False,False,True,False,False,False,False,True,True
893,26,54,14442624.68,n2n,,-2.287350298,2010,2011,2011,23171,False,True,False,False,False,False,False,False,False,False,False,True,True
894,26,54,14800000,n2n,,-1.990549104,2010,2011,2011,23171,False,True,False,False,False,False,False,False,False,False,False,True,True
895,26,54,14510000,n2n,,-2.26760624,2010,2022,2025,32882,False,True,False,False,False,False,False,False,False,False,False,True,True
896,26,54,14749783.05,n2n,,-2.063989204,2010,2022,2025,32882,False,True,False,False,False,False,False,False,False,False,False,True,True
897,26,54,5500000,na,,-2.493494968,2010,2015,2016,32737,False,False,False,True,False,False,False,False,False,False,True,False,True
898,26,54,6500000,na,,-1.890759031,2010,2015,2016,32737,False,False,False,True,False,False,False,False,False,False,True,False,True
899,26,54,5500000,na,,-2.488116639,2010,2015,2016,32737,False,False,False,True,False,False,False,False,False,False,True,False,True
900,26,54,5500000,na,,-2.423462797,2010,2019,2019,32786,False,False,False,True,False,False,False,False,False,False,True,False,True
901,26,54,7700000,na,,-1.538765645,2010,2019,2019,32786,False,False,False,True,False,False,False,False,False,False,True,False,True
902,26,54,8500000,na,,-1.444813151,2010,2019,2019,32786,False,False,False,True,False,False,False,False,False,False,True,False,True
903,26,54,9500000,na,,-1.380287114,2010,2019,2019,32786,False,False,False,True,False,False,False,False,False,False,True,False,True
904,26,54,10500000,na,,-1.355584852,2010,2019,2019,32786,False,False,False,True,False,False,False,False,False,False,False,True,True
905,26,54,5123475.383,na,,-2.869666232,2010,2018,2018,41653,False,False,False,True,False,False,False,False,False,False,True,False,True
906,26,54,5623610.94,na,,-2.314258261,2010,2018,2018,41653,False,False,False,True,False,False,False,False,False,False,True,False,True
907,26,54,6246664.887,na,,-1.91721463,2010,2018,2018,41653,False,False,False,True,False,False,False,False,False,False,True,False,True
908,26,54,6873863.542,na,,-1.678815973,2010,2018,2018,41653,False,False,False,True,False,False,False,False,False,False,True,False,True
909,26,54,14075212.23,np,,-0.4828041021,2010,2016,2016,41614,False,False,True,False,False,False,False,False,False,False,False,True,True
910,26,54,14780000,np,,-0.5228787453,2010,2016,2016,41614,False,False,True,False,False,False,False,False,False,False,False,True,True
911,26,56,2750000,elastic,,0.4440447959,2010,2017,2017,14462,False,False,False,False,False,True,False,False,False,False,True,False,True
912,26,56,3000000,elastic,,0.3961993471,2010,2017,2017,14462,False,False,False,False,False,True,False,False,False,False,True,False,True
913,26,56,3500000,elastic,,0.3765769571,2010,2017,2017,14462,False,False,False,False,False,True,False,False,False,False,True,False,True
914,26,56,4000000,elastic,,0.3944516808,2010,2017,2017,14462,False,False,False,False,False,True,False,False,False,False,True,False,True
915,26,56,4500000,elastic,,0.3820170426,2010,2017,2017,14462,False,False,False,False,False,True,False,False,False,False,True,False,True
916,26,56,4900000,elastic,,0.3598354823,2010,2017,2017,14462,False,False,False,False,False,True,False,False,False,False,True,False,True
917,26,56,5940000,elastic,,0.3283796034,2010,2017,2017,14462,False,False,False,False,False,True,False,False,False,False,True,False,True
918,26,56,6960000,elastic,,0.2878017299,2010,2017,2017,14462,False,False,False,False,False,True,False,False,False,False,True,False,True
919,26,56,7960000,elastic,,0.2833012287,2010,2017,2017,14462,False,False,False,False,False,True,False,False,False,False,True,False,True
920,26,56,2595719.429,elastic,,0.4304244586,2010,2025,2025,23673,False,False,False,False,False,True,False,False,False,False,True,False,True
921,26,56,2797812.367,elastic,,0.3899571385,2010,2025,2025,23673,False,False,False,False,False,True,False,False,False,False,True,False,True
922,26,56,3105522.457,elastic,,0.3764005271,2010,2025,2025,23673,False,False,False,False,False,True,False,False,False,False,True,False,True
923,26,56,3434278.9,elastic,,0.3448675758,2010,2025,2025,23673,False,False,False,False,False,True,False,False,False,False,True,False,True
924,26,56,3781060.557,elastic,,0.3573248827,2010,2025,2025,23673,False,False,False,False,False,True,False,False,False,False,True,False,True
925,26,56,4183259.819,elastic,,0.3677508934,2010,2025,2025,23673,False,False,False,False,False,True,False,False,False,False,True,False,True
926,26,56,4653430.898,elastic,,0.3672813576,2010,2025,2025,23673,False,False,False,False,False,True,False,False,False,False,True,False,True
927,26,56,5147506.824,elastic,,0.3570482104,2010,2025,2025,23673,False,False,False,False,False,True,False,False,False,False,True,False,True
928,26,56,5656600.842,elastic,,0.3431426178,2010,2025,2025,23673,False,False,False,False,False,True,False,False,False,False,True,False,True
929,26,56,6245409.148,elastic,,0.3306065248,2010,2025,2025,23673,False,False,False,False,False,True,False,False,False,False,True,False,True
930,26,56,6931548.123,elastic,,0.3210648132,2010,2025,2025,23673,False,False,False,False,False,True,False,False,False,False,True,False,True
931,26,56,7628660.965,elastic,,0.3035416269,2010,2025,2025,23673,False,False,False,False,False,True,False,False,False,False,True,False,True
932,26,56,867745.9306,inelastic,,-0.7746907183,2010,2014,2011,23134,False,False,False,False,False,False,True,False,False,True,False,False,True
933,26,56,958674.0843,inelastic,,-0.3665315444,2010,2014,2011,23134,False,False,False,False,False,False,True,False,False,True,False,False,True
934,26,56,1038000,inelastic,,-0.2620126737,2010,2014,2011,23134,False,False,False,False,False,False,True,False,False,False,True,False,True
935,26,56,1126059.501,inelastic,,-0.2132485779,2010,2014,2011,23134,False,False,False,False,False,False,True,False,False,False,True,False,True
936,26,56,1263458.349,inelastic,,-0.2700257143,2010,2014,2011,23134,False,False,False,False,False,False,True,False,False,False,True,False,True
937,26,56,1383000,inelastic,,-0.1487416513,2010,2014,2011,23134,False,False,False,False,False,False,True,False,False,False,True,False,True
938,26,56,1520694.578,inelastic,,-0.07546228222,2010,2014,2011,23134,False,False,False,False,False,False,True,False,False,False,True,False,True
939,26,56,1680000,inelastic,,-0.09097914579,2010,2014,2011,23134,False,False,False,False,False,False,True,False,False,False,True,False,True
940,26,56,1865797.417,inelastic,,-0.06854212931,2010,2014,2011,23134,False,False,False,False,False,False,True,False,False,False,True,False,True
941,26,56,2084000,inelastic,,0.02816441942,2010,2014,2011,23134,False,False,False,False,False,False,True,False,False,False,True,False,True
942,26,56,2252000,inelastic,,0.03019478536,2010,2014,2011,23134,False,False,False,False,False,False,True,False,False,False,True,False,True
943,26,56,2546273.748,inelastic,,0.04960561259,2010,2014,2011,23134,False,False,False,False,False,False,True,False,False,False,True,False,True
944,26,56,2899000,inelastic,,0.08206693429,2010,2014,2011,23134,False,False,False,False,False,False,True,False,False,False,True,False,True
945,26,56,3177000,inelastic,,0.1109262423,2010,2014,2011,23134,False,False,False,False,False,False,True,False,False,False,True,False,True
946,26,56,3498000,inelastic,,0.1205739312,2010,2014,2011,23134,False,False,False,False,False,False,True,False,False,False,True,False,True
947,26,56,3870000,inelastic,,0.1565491513,2010,2014,2011,23134,False,False,False,False,False,False,True,False,False,False,True,False,True
948,26,56,4305000,inelastic,,0.1528995964,2010,2014,2011,23134,False,False,False,False,False,False,True,False,False,False,True,False,True
949,26,56,4818000,inelastic,,0.1565491513,2010,2014,2011,23134,False,False,False,False,False,False,True,False,False,False,True,False,True
950,26,56,5428000,inelastic,,0.1835545336,2010,2014,2011,23134,False,False,False,False,False,False,True,False,False,False,True,False,True
951,26,56,6163000,inelastic,,0.1731862684,2010,2014,2011,23134,False,False,False,False,False,False,True,False,False,False,True,False,True
952,26,56,7060000,inelastic,,0.1743505975,2010,2014,2011,23134,False,False,False,False,False,False,True,False,False,False,True,False,True
953,26,56,8168000,inelastic,,0.1202447955,2010,2014,2011,23134,False,False,False,False,False,False,True,False,False,False,True,False,True
954,26,56,9562000,inelastic,,0.1287222843,2010,2014,2011,23134,False,False,False,False,False,False,True,False,False,False,True,False,True
955,26,56,11348000,inelastic,,0.1192558893,2010,2014,2011,23134,False,False,False,False,False,False,True,False,False,False,False,True,True
956,26,56,13888048.7,n2n,,-0.412419979,2010,2011,2011,23171,False,True,False,False,False,False,False,False,False,False,False,True,True
957,26,56,14717889.64,n2n,,-0.3009952535,2010,2011,2011,23171,False,True,False,False,False,False,False,False,False,False,False,True,True
958,26,56,18109334.54,n2n,,-0.1824346304,2010,2011,2011,23171,False,True,False,False,False,False,False,False,False,False,False,True,True
959,26,56,6500000,na,,-2.3400838,2010,2015,2016,32737,False,False,False,True,False,False,False,False,False,False,True,False,True
960,26,56,5500000,na,,-2.978810701,2010,2015,2016,32737,False,False,False,True,False,False,False,False,False,False,True,False,True
961,26,56,6500000,na,,-2.230622674,2010,2015,2016,32737,False,False,False,True,False,False,False,False,False,False,True,False,True
962,26,56,5500000,na,,-2.99005047,2010,2019,2019,32786,False,False,False,True,False,False,False,False,False,False,True,False,True
963,26,56,7700000,na,,-2.029885207,2010,2019,2019,32786,False,False,False,True,False,False,False,False,False,False,True,False,True
964,26,56,8500000,na,,-1.821192857,2010,2019,2019,32786,False,False,False,True,False,False,False,False,False,False,True,False,True
965,26,56,9500000,na,,-1.65848388,2010,2019,2019,32786,False,False,False,True,False,False,False,False,False,False,True,False,True
966,26,56,10500000,na,,-1.62643339,2010,2019,2019,32786,False,False,False,True,False,False,False,False,False,False,False,True,True
967,26,56,14050000,np,,-0.9507819773,2010,2023,2023,31858,False,False,True,False,False,False,False,False,False,False,False,True,True
968,26,56,5900000,np,,-1.871277716,2010,2013,2013,33045,False,False,True,False,False,False,False,False,False,False,True,False,True
969,26,56,9850000,np,,-1.174296857,2010,2013,2013,33045,False,False,True,False,False,False,False,False,False,False,True,False,True
970,26,56,15500000,np,,-1.108140336,2010,2013,2013,33045,False,False,True,False,False,False,False,False,False,False,False,True,True
971,26,56,14800000,np,,-0.9205654894,2010,2013,2013,33045,False,False,True,False,False,False,False,False,False,False,False,True,True
972,26,56,14075212.23,np,,-0.9498781383,2010,2016,2016,41614,False,False,True,False,False,False,False,False,False,False,False,True,True
973,26,57,209775.5751,inelastic,,-0.2299990393,2010,2017,2018,23392,False,False,False,False,False,False,True,False,False,True,False,False,True
974,26,57,231761.8398,inelastic,,-0.2026285692,2010,2017,2018,23392,False,False,False,False,False,False,True,False,False,True,False,False,True
975,26,57,257396.7273,inelastic,,-0.1636208853,2010,2017,2018,23392,False,False,False,False,False,False,True,False,False,True,False,False,True
976,26,57,287531.0956,inelastic,,-0.1981604983,2010,2017,2018,23392,False,False,False,False,False,False,True,False,False,True,False,False,True
977,26,57,313675,inelastic,,-0.1841730859,2010,2017,2018,23392,False,False,False,False,False,False,True,False,False,True,False,False,True
978,26,57,343721.0732,inelastic,,-0.1636917591,2010,2017,2018,23392,False,False,False,False,False,False,True,False,False,True,False,False,True
979,26,57,378105,inelastic,,-0.1229454867,2010,2017,2018,23392,False,False,False,False,False,False,True,False,False,True,False,False,True
980,26,57,418158.6756,inelastic,,-0.09162459694,2010,2017,2018,23392,False,False,False,False,False,False,True,False,False,True,False,False,True
981,26,57,464645,inelastic,,-0.06833479607,2010,2017,2018,23392,False,False,False,False,False,False,True,False,False,True,False,False,True
982,26,57,519709.339,inelastic,,-0.05568433088,2010,2017,2018,23392,False,False,False,False,False,False,True,False,False,True,False,False,True
983,26,57,584720,inelastic,,-0.0479479733,2010,2017,2018,23392,False,False,False,False,False,False,True,False,False,True,False,False,True
984,26,57,635260,inelastic,,-0.03212865658,2010,2017,2018,23392,False,False,False,False,False,False,True,False,False,True,False,False,True
985,26,57,692655,inelastic,,-0.01413945203,2010,2017,2018,23392,False,False,False,False,False,False,True,False,False,True,False,False,True
986,26,57,758205,inelastic,,0.01093317624,2010,2017,2018,23392,False,False,False,False,False,False,True,False,False,True,False,False,True
987,26,57,833530,inelastic,,0.03089738648,2010,2017,2018,23392,False,False,False,False,False,False,True,False,False,True,False,False,True
988,26,57,920675,inelastic,,0.04259768845,2010,2017,2018,23392,False,False,False,False,False,False,True,False,False,True,False,False,True
989,26,57,1022260,inelastic,,0.05796717439,2010,2017,2018,23392,False,False,False,False,False,False,True,False,False,False,True,False,True
990,26,57,1141660,inelastic,,0.07934753597,2010,2017,2018,23392,False,False,False,False,False,False,True,False,False,False,True,False,True
991,26,57,1283310,inelastic,,0.07198720351,2010,2017,2018,23392,False,False,False,False,False,False,True,False,False,False,True,False,True
992,26,57,1453090,inelastic,,0.07966349023,2010,2017,2018,23392,False,False,False,False,False,False,True,False,False,False,True,False,True
993,26,57,1659030,inelastic,,0.09196566773,2010,2017,2018,23392,False,False,False,False,False,False,True,False,False,False,True,False,True
994,26,57,1912190,inelastic,,0.09934094732,2010,2017,2018,23392,False,False,False,False,False,False,True,False,False,False,True,False,True
995,26,57,2113360,inelastic,,0.1009597015,2010,2017,2018,23392,False,False,False,False,False,False,True,False,False,False,True,False,True
996,26,57,2310309.476,inelastic,,0.09854247288,2010,2017,2018,23392,False,False,False,False,False,False,True,False,False,False,True,False,True
997,26,57,2534960,inelastic,,0.1046580791,2010,2017,2018,23392,False,False,False,False,False,False,True,False,False,False,True,False,True
998,26,57,2795600.71,inelastic,,0.1083348756,2010,2017,2018,23392,False,False,False,False,False,False,True,False,False,False,True,False,True
999,26,57,3096860,inelastic,,0.111161862,2010,2017,2018,23392,False,False,False,False,False,False,True,False,False,False,True,False,True
1000,26,57,3451967.305,inelastic,,0.1166944934,2010,2017,2018,23392,False,False,False,False,False,False,True,False,False,False,True,False,True
1001,26,57,3869180,inelastic,,0.1236507072,2010,2017,2018,23392,False,False,False,False,False,False,True,False,False,False,True,False,True
1002,26,57,4191990,inelastic,,0.1277780692,2010,2017,2018,23392,False,False,False,False,False,False,True,False,False,False,True,False,True
1003,26,57,4557080,inelastic,,0.1314583397,2010,2017,2018,23392,False,False,False,False,False,False,True,False,False,False,True,False,True
1004,26,57,4972190,inelastic,,0.1297041235,2010,2017,2018,23392,False,False,False,False,False,False,True,False,False,False,True,False,True
1005,26,57,5446920,inelastic,,0.1267384234,2010,2017,2018,23392,False,False,False,False,False,False,True,False,False,False,True,False,True
1006,26,57,5993330,inelastic,,0.1204438251,2010,2017,2018,23392,False,False,False,False,False,False,True,False,False,False,True,False,True
1007,26,57,6626660,inelastic,,0.1121983125,2010,2017,2018,23392,False,False,False,False,False,False,True,False,False,False,True,False,True
1008,26,57,7366460,inelastic,,0.1019527396,2010,2017,2018,23392,False,False,False,False,False,False,True,False,False,False,True,False,True
1009,26,57,8238170,inelastic,,0.08735797764,2010,2017,2018,23392,False,False,False,False,False,False,True,False,False,False,True,False,True
1010,26,57,9275320,inelastic,,0.02129586806,2010,2017,2018,23392,False,False,False,False,False,False,True,False,False,False,True,False,True
1011,26,57,10522900,inelastic,,-0.1442241383,2010,2017,2018,23392,False,False,False,False,False,False,True,False,False,False,False,True,True
1012,26,57,12042500,inelastic,,-0.3516046574,2010,2017,2018,23392,False,False,False,False,False,False,True,False,False,False,False,True,True
1013,26,57,13919900,inelastic,,-0.6196878273,2010,2017,2018,23392,False,False,False,False,False,False,True,False,False,False,False,True,True
1014,26,57,5000000,na,,-2.507239611,2010,2014,2016,32748,False,False,False,True,False,False,False,False,False,False,True,False,True
1015,26,57,5500000,na,,-2.328827157,2010,2014,2016,32748,False,False,False,True,False,False,False,False,False,False,True,False,True
1016,26,57,6244997.998,na,,-2.174573882,2010,2014,2016,32748,False,False,False,True,False,False,False,False,False,False,True,False,True
1017,26,57,4300000,na,,-2.924453039,2010,2018,2018,41653,False,False,False,True,False,False,False,False,False,False,True,False,True
1018,26,57,4500000,na,,-2.782516056,2010,2018,2018,41653,False,False,False,True,False,False,False,False,False,False,True,False,True
1019,26,57,5000000,na,,-2.610833916,2010,2018,2018,41653,False,False,False,True,False,False,False,False,False,False,True,False,True
1020,26,57,5500000,na,,-2.474955193,2010,2018,2018,41653,False,False,False,True,False,False,False,False,False,False,True,False,True
1021,26,57,6244997.998,na,,-2.432385557,2010,2018,2018,41653,False,False,False,True,False,False,False,False,False,False,True,False,True
1022,26,57,14086668.74,np,,-1.068923703,2010,2016,2016,41614,False,False,True,False,False,False,False,False,False,False,False,True,True
1023,26,57,14774897.63,np,,-1.062983893,2010,2016,2016,41614,False,False,True,False,False,False,False,False,False,False,False,True,True
1024,27,59,17500000,n2n,,0.0813473078,2010,2011,2015,31764,False,True,False,False,False,False,False,False,False,False,False,True,True
1025,27,59,17300000,n2n,,-0.15490196,2010,2016,2016,31767,False,True,False,False,False,False,False,False,False,False,False,True,True
1026,27,59,14050000,n2n,,-0.1726307269,2010,2023,2023,31858,False,True,False,False,False,False,False,False,False,False,False,True,True
1027,27,59,11980000,n2n,,-0.6274561992,2010,2018,2020,33117,False,True,False,False,False,False,False,False,False,False,False,True,True
1028,27,59,15750000,n2n,,-0.1366176516,2010,2018,2020,33117,False,True,False,False,False,False,False,False,False,False,False,True,True
1029,27,59,14075212.23,n2n,,-0.1724153565,2010,2016,2016,41614,False,True,False,False,False,False,False,False,False,False,False,True,True
1030,27,59,14780000,n2n,,-0.1307682803,2010,2016,2016,41614,False,True,False,False,False,False,False,False,False,False,False,True,True
1031,27,59,17500000,na,,-1.681936665,2010,2022,2021,31842,False,False,False,True,False,False,False,False,False,False,False,True,True
1032,27,59,14050000,na,,-1.522878745,2010,2023,2023,31858,False,False,False,True,False,False,False,False,False,False,False,True,True
1033,27,59,18500000,na,,-1.772113295,2010,2025,2024,31859,False,False,False,True,False,False,False,False,False,False,False,True,True
1034,27,59,14075212.23,na,,-1.500542036,2010,2016,2016,41614,False,False,False,True,False,False,False,False,False,False,False,True,True
1035,27,59,14780000,na,,-1.490797478,2010,2016,2016,41614,False,False,False,True,False,False,False,False,False,False,False,True,True
1036,27,59,17500000,np,,-1.166852888,2010,2011,2015,31764,False,False,True,False,False,False,False,False,False,False,False,True,True
1037,27,59,17500000,np,,-1.205511953,2010,2011,2015,31764,False,False,True,False,False,False,False,False,False,False,False,True,True
1038,27,59,17300000,np,,-1.537602002,2010,2016,2016,31767,False,False,True,False,False,False,False,False,False,False,False,True,True
1039,27,59,17500000,np,,-1.54668166,2010,2022,2021,31842,False,False,True,False,False,False,False,False,False,False,False,True,True
1040,27,59,14050000,np,,-1.278189385,2010,2023,2023,31858,False,False,True,False,False,False,False,False,False,False,False,True,True
1041,27,59,17600000,np,,-1.522878745,2010,2025,2024,31859,False,False,True,False,False,False,False,False,False,False,False,True,True
1042,27,59,18500000,np,,-1.48148606,2010,2025,2024,31859,False,False,True,False,False,False,False,False,False,False,False,True,True
1043,27,59,14075212.23,np,,-1.296565314,2010,2016,2016,41614,False,False,True,False,False,False,False,False,False,False,False,True,True
1044,27,59,14780000,np,,-1.32330639,2010,2016,2016,41614,False,False,True,False,False,False,False,False,False,False,False,True,True
1045,28,58,17350000,n2n,,-1.251811973,2010,2016,2016,14447,False,True,False,False,False,False,False,False,False,False,False,True,True
1046,28,58,18828494.36,n2n,,-1.197226275,2010,2016,2016,14447,False,True,False,False,False,False,False,False,False,False,False,True,True
1047,28,58,17500000,n2n,,-1.337242168,2010,2013,2011,31714,False,True,False,False,False,False,False,False,False,False,False,True,True
1048,28,58,14540000,n2n,,-1.607303047,2010,2020,2020,33143,False,True,False,False,False,False,False,False,False,False,False,True,True
1049,28,58,14017842.75,n2n,,-1.653484033,2010,2016,2016,41614,False,True,False,False,False,False,False,False,False,False,False,True,True
1050,28,58,14773149.73,n2n,,-1.430236064,2010,2016,2016,41614,False,True,False,False,False,False,False,False,False,False,False,True,True
1051,28,58,4623310.502,na,,-1.563589021,2010,2020,2021,32813,False,False,False,True,False,False,False,False,False,False,True,False,True
1052,28,58,5123475.383,na,,-1.388468097,2010,2020,2021,32813,False,False,False,True,False,False,False,False,False,False,True,False,True
1053,28,58,5500000,na,,-1.28666793,2010,2020,2021,32813,False,False,False,True,False,False,False,False,False,False,True,False,True
1054,28,58,14050000,np,,-0.440093375,2010,2023,2023,31858,False,False,True,False,False,False,False,False,False,False,False,True,True
1055,28,58,14039230.75,np,,-0.4962093169,2010,2011,2012,32695,False,False,True,False,False,False,False,False,False,False,False,True,True
1056,28,58,3700000,np,,-0.4989407378,2010,2012,2013,33039,False,False,True,False,False,False,False,False,False,False,True,False,True
1057,28,58,5888300,np,,-0.3842603114,2010,2015,2017,33094,False,False,True,False,False,False,False,False,False,False,True,False,True
1058,28,58,10112600,np,,-0.2371714468,2010,2015,2017,33094,False,False,True,False,False,False,False,False,False,False,False,True,True
1059,28,58,15867300,np,,-0.785156152,2010,2015,2017,33094,False,False,True,False,False,False,False,False,False,False,False,True,True
1060,28,58,5888300,np,,-0.2638426247,2010,2015,2017,33094,False,False,True,False,False,False,False,False,False,False,True,False,True
1061,28,58,10112600,np,,-0.1482525809,2010,2015,2017,33094,False,False,True,False,False,False,False,False,False,False,False,True,True
1062,28,58,15867300,np,,-0.6916490514,2010,2015,2017,33094,False,False,True,False,False,False,False,False,False,False,False,True,True
1063,28,58,14540000,np,,-0.4597957002,2010,2020,2020,33143,False,False,True,False,False,False,False,False,False,False,False,True,True
1064,28,58,1660000,np,,-1.718512112,2010,2024,2024,33203,False,False,True,False,False,False,False,False,False,False,True,False,True
1065,28,58,2060000,np,,-1.233884717,2010,2024,2024,33203,False,False,True,False,False,False,False,False,False,False,True,False,True
1066,28,58,2660000,np,,-0.7762964365,2010,2024,2024,33203,False,False,True,False,False,False,False,False,False,False,True,False,True
1067,28,58,1060000,np,,-2.540607512,2010,2024,2025,33212,False,False,True,False,False,False,False,False,False,False,True,False,True
1068,28,58,1860000,np,,-1.231657941,2010,2024,2025,33212,False,False,True,False,False,False,False,False,False,False,True,False,True
1069,28,58,2850000,np,,-0.8819668712,2010,2024,2025,33212,False,False,True,False,False,False,False,False,False,False,True,False,True
1070,28,58,14017842.75,np,,-0.4428939939,2010,2016,2016,41614,False,False,True,False,False,False,False,False,False,False,False,True,True
1071,28,58,14773149.73,np,,-0.54668166,2010,2016,2016,41614,False,False,True,False,False,False,False,False,False,False,False,True,True
1072,28,58,2584461.575,total,,0.5073930821,2010,2020,2020,14661,False,False,False,False,True,False,False,False,False,False,True,False,True
1073,28,58,2809252.091,total,,0.5220760458,2010,2020,2020,14661,False,False,False,False,True,False,False,False,False,False,True,False,True
1074,28,58,3108163.818,total,,0.5139049463,2010,2020,2020,14661,False,False,False,False,True,False,False,False,False,False,True,False,True
1075,28,58,3435325.325,total,,0.5387770432,2010,2020,2020,14661,False,False,False,False,True,False,False,False,False,False,True,False,True
1076,28,58,3791528.281,total,,0.5407367833,2010,2020,2020,14661,False,False,False,False,True,False,False,False,False,False,True,False,True
1077,28,58,4196370.367,total,,0.5436149009,2010,2020,2020,14661,False,False,False,False,True,False,False,False,False,False,True,False,True
1078,28,58,4646452.128,total,,0.5591993338,2010,2020,2020,14661,False,False,False,False,True,False,False,False,False,False,True,False,True
1079,28,58,5132842.259,total,,0.5659951879,2010,2020,2020,14661,False,False,False,False,True,False,False,False,False,False,True,False,True
1080,28,58,5668716.927,total,,0.568032277,2010,2020,2020,14661,False,False,False,False,True,False,False,False,False,False,True,False,True
1081,28,58,6257030.423,total,,0.5692595196,2010,2020,2020,14661,False,False,False,False,True,False,False,False,False,False,True,False,True
1082,28,58,6921428.708,total,,0.559540512,2010,2020,2020,14661,False,False,False,False,True,False,False,False,False,False,True,False,True
1083,28,58,7648210.956,total,,0.5491489021,2010,2020,2020,14661,False,False,False,False,True,False,False,False,False,False,True,False,True
1084,28,58,8440002.567,total,,0.5353180077,2010,2020,2020,14661,False,False,False,False,True,False,False,False,False,False,True,False,True
1085,28,58,9328420.124,total,,0.5209927651,2010,2020,2020,14661,False,False,False,False,True,False,False,False,False,False,True,False,True
1086,28,58,10327595.46,total,,0.5027220123,2010,2020,2020,14661,False,False,False,False,True,False,False,False,False,False,False,True,True
1087,28,58,11406427.44,total,,0.4848766169,2010,2020,2020,14661,False,False,False,False,True,False,False,False,False,False,False,True,True
1088,28,58,12561848.22,total,,0.4624283226,2010,2020,2020,14661,False,False,False,False,True,False,False,False,False,False,False,True,True
1089,28,58,13903370,total,,0.4358227409,2010,2020,2020,14661,False,False,False,False,True,False,False,False,False,False,False,True,True
1090,28,58,15402638.41,total,,0.4086345991,2010,2020,2020,14661,False,False,False,False,True,False,False,False,False,False,False,True,True
1091,28,58,16995573.77,total,,0.3900775003,2010,2020,2020,14661,False,False,False,False,True,False,False,False,False,False,False,True,True
1092,28,58,18758520.98,total,,0.3759054715,2010,2020,2020,14661,False,False,False,False,True,False,False,False,False,False,False,True,True
1093,28,58,19843930,total,,0.3695757643,2010,2020,2020,14661,False,False,False,False,True,False,False,False,False,False,False,True,True
1094,28,59,1400000,na,,-2.167491087,2010,2022,2022,14787,False,False,False,True,False,False,False,False,False,False,True,False,True
1095,28,59,2000000,na,,-1.987162775,2010,2022,2022,14787,False,False,False,True,False,False,False,False,False,False,True,False,True
1096,28,59,2600000,na,,-1.821023053,2010,2022,2022,14787,False,False,False,True,False,False,False,False,False,False,True,False,True
1097,28,59,3200000,na,,-1.522878745,2010,2022,2022,14787,False,False,False,True,False,False,False,False,False,False,True,False,True
1098,28,59,3800000,na,,-1.480172006,2010,2022,2022,14787,False,False,False,True,False,False,False,False,False,False,True,False,True
1099,28,59,4400000,na,,-1.472370099,2010,2022,2022,14787,False,False,False,True,False,False,False,False,False,False,True,False,True
1100,28,59,5000000,na,,-1.326979093,2010,2022,2022,14787,False,False,False,True,False,False,False,False,False,False,True,False,True
1101,28,59,5600000,na,,-1.287350298,2010,2022,2022,14787,False,False,False,True,False,False,False,False,False,False,True,False,True
1102,28,59,6200000,na,,-1.319664487,2010,2022,2022,14787,False,False,False,True,False,False,False,False,False,False,True,False,True
1103,28,59,7000000,na,,-1.253365801,2010,2022,2022,14787,False,False,False,True,False,False,False,False,False,False,True,False,True
1104,28,59,8000000,na,,-1.252588192,2010,2022,2022,14787,False,False,False,True,False,False,False,False,False,False,True,False,True
1105,28,59,9000000,na,,-1.196542884,2010,2022,2022,14787,False,False,False,True,False,False,False,False,False,False,True,False,True
1106,28,59,10000000,na,,-1.217527376,2010,2022,2022,14787,False,False,False,True,False,False,False,False,False,False,False,True,True
1107,28,59,650000,np,,-1.777283529,2010,2022,2022,14787,False,False,True,False,False,False,False,False,False,True,False,False,True
1108,28,59,950000,np,,-1.630784143,2010,2022,2022,14787,False,False,True,False,False,False,False,False,False,True,False,False,True
1109,28,59,1250000,np,,-1.458420756,2010,2022,2022,14787,False,False,True,False,False,False,False,False,False,False,True,False,True
1110,28,59,1550000,np,,-1.510041521,2010,2022,2022,14787,False,False,True,False,False,False,False,False,False,False,True,False,True
1111,28,59,1850000,np,,-1.438898616,2010,2022,2022,14787,False,False,True,False,False,False,False,False,False,False,True,False,True
1112,28,59,2150000,np,,-1.338187314,2010,2022,2022,14787,False,False,True,False,False,False,False,False,False,False,True,False,True
1113,28,59,2450000,np,,-1.235077015,2010,2022,2022,14787,False,False,True,False,False,False,False,False,False,False,True,False,True
1114,28,59,2750000,np,,-1.124938737,2010,2022,2022,14787,False,False,True,False,False,False,False,False,False,False,True,False,True
1115,28,59,3050000,np,,-0.998699067,2010,2022,2022,14787,False,False,True,False,False,False,False,False,False,False,True,False,True
1116,28,59,3350000,np,,-1.009217308,2010,2022,2022,14787,False,False,True,False,False,False,False,False,False,False,True,False,True
1117,28,59,3797038.32,np,,-0.9471137647,2010,2022,2022,14787,False,False,True,False,False,False,False,False,False,False,True,False,True
1118,28,59,4250000,np,,-0.8613815661,2010,2022,2022,14787,False,False,True,False,False,False,False,False,False,False,True,False,True
1119,28,59,4697605.773,np,,-0.8365404482,2010,2022,2022,14787,False,False,True,False,False,False,False,False,False,False,True,False,True
1120,28,59,5150000,np,,-0.8728952016,2010,2022,2022,14787,False,False,True,False,False,False,False,False,False,False,True,False,True
1121,28,59,5597990.711,np,,-0.7887459324,2010,2022,2022,14787,False,False,True,False,False,False,False,False,False,False,True,False,True
1122,28,59,6198185.218,np,,-0.7360090673,2010,2022,2022,14787,False,False,True,False,False,False,False,False,False,False,True,False,True
1123,28,59,7000000,np,,-0.7734000948,2010,2022,2022,14787,False,False,True,False,False,False,False,False,False,False,True,False,True
1124,28,59,8000000,np,,-0.7644715531,2010,2022,2022,14787,False,False,True,False,False,False,False,False,False,False,True,False,True
1125,28,59,9000000,np,,-0.71828503,2010,2022,2022,14787,False,False,True,False,False,False,False,False,False,False,True,False,True
1126,28,59,10000000,np,,-0.7265357274,2010,2022,2022,14787,False,False,True,False,False,False,False,False,False,False,False,True,True
1127,28,60,14600000,n2n,,-0.3705904009,2010,2015,2016,32736,False,True,False,False,False,False,False,False,False,False,False,True,True
1128,28,60,5000000,na,,-2.37413345,2010,2020,2021,32813,False,False,False,True,False,False,False,False,False,False,True,False,True
1129,28,60,5500000,na,,-2.10418374,2010,2020,2021,32813,False,False,False,True,False,False,False,False,False,False,True,False,True
1130,28,60,6259956.185,na,,-1.730195289,2010,2018,2018,41653,False,False,False,True,False,False,False,False,False,False,True,False,True
1131,28,60,6864384.979,na,,-1.596307662,2010,2018,2018,41653,False,False,False,True,False,False,False,False,False,False,True,False,True
1132,28,60,14050245.93,np,,-0.8068754016,2010,2016,2016,41614,False,False,True,False,False,False,False,False,False,False,False,True,True
1133,28,60,14860000,np,,-0.8601209136,2010,2016,2016,41614,False,False,True,False,False,False,False,False,False,False,False,True,True
1134,28,61,5000000,na,,-2.026318048,2010,2020,2021,32813,False,False,False,True,False,False,False,False,False,False,True,False,True
1135,28,61,5500000,na,,-1.924611511,2010,2020,2021,32813,False,False,False,True,False,False,False,False,False,False,True,False,True
1136,28,61,14039230.75,np,,-1,2010,2011,2012,32695,False,False,True,False,False,False,False,False,False,False,False,True,True
1137,28,63,210979,capture,,-2.15490196,2010,2015,2015,14446,True,False,False,False,False,False,False,False,False,True,False,False,True
1138,28,63,231333.8695,capture,,-2.062147907,2010,2015,2015,14446,True,False,False,False,False,False,False,False,False,True,False,False,True
1139,28,63,259560.8896,capture,,-2.124938737,2010,2015,2015,14446,True,False,False,False,False,False,False,False,False,True,False,False,True
1140,28,63,284602.8499,capture,,-2.124938737,2010,2015,2015,14446,True,False,False,False,False,False,False,False,False,True,False,False,True
1141,28,63,312060.8706,capture,,-2.346787486,2010,2015,2015,14446,True,False,False,False,False,False,False,False,False,True,False,False,True
1142,28,63,342167.8891,capture,,-2.602059991,2010,2015,2015,14446,True,False,False,False,False,False,False,False,False,True,False,False,True
1143,28,63,375179.6373,capture,,-2.397940009,2010,2015,2015,14446,True,False,False,False,False,False,False,False,False,True,False,False,True
1144,28,63,420958.4637,capture,,-2.522878745,2010,2015,2015,14446,True,False,False,False,False,False,False,False,False,True,False,False,True
1145,28,63,472323.1841,capture,,-2.346787486,2010,2015,2015,14446,True,False,False,False,False,False,False,False,False,True,False,False,True
1146,28,63,514215.442,capture,,-2.522878745,2010,2015,2015,14446,True,False,False,False,False,False,False,False,False,True,False,False,True
1147,28,63,743267.451,capture,,-2.397940009,2010,2015,2015,14446,True,False,False,False,False,False,False,False,False,True,False,False,True
1148,28,64,2584461.575,total,,0.5249458371,2010,2020,2020,14661,False,False,False,False,True,False,False,False,False,False,True,False,True
1149,28,64,2809252.091,total,,0.5287217973,2010,2020,2020,14661,False,False,False,False,True,False,False,False,False,False,True,False,True
1150,28,64,3108163.818,total,,0.5232465064,2010,2020,2020,14661,False,False,False,False,True,False,False,False,False,False,True,False,True
1151,28,64,3435325.325,total,,0.5598856094,2010,2020,2020,14661,False,False,False,False,True,False,False,False,False,False,True,False,True
1152,28,64,3791528.281,total,,0.5652554634,2010,2020,2020,14661,False,False,False,False,True,False,False,False,False,False,True,False,True
1153,28,64,4196370.367,total,,0.5730080236,2010,2020,2020,14661,False,False,False,False,True,False,False,False,False,False,True,False,True
1154,28,64,4646452.128,total,,0.5791823685,2010,2020,2020,14661,False,False,False,False,True,False,False,False,False,False,True,False,True
1155,28,64,5132842.259,total,,0.6009608079,2010,2020,2020,14661,False,False,False,False,True,False,False,False,False,False,True,False,True
1156,28,64,5668716.927,total,,0.6028203058,2010,2020,2020,14661,False,False,False,False,True,False,False,False,False,False,True,False,True
1157,28,64,6257030.423,total,,0.5970336283,2010,2020,2020,14661,False,False,False,False,True,False,False,False,False,False,True,False,True
1158,28,64,6921428.708,total,,0.5858299053,2010,2020,2020,14661,False,False,False,False,True,False,False,False,False,False,True,False,True
1159,28,64,7648210.956,total,,0.5770865757,2010,2020,2020,14661,False,False,False,False,True,False,False,False,False,False,True,False,True
1160,28,64,8440002.567,total,,0.5629444121,2010,2020,2020,14661,False,False,False,False,True,False,False,False,False,False,True,False,True
1161,28,64,9328420.124,total,,0.5483062194,2010,2020,2020,14661,False,False,False,False,True,False,False,False,False,False,True,False,True
1162,28,64,10327595.46,total,,0.5316999313,2010,2020,2020,14661,False,False,False,False,True,False,False,False,False,False,False,True,True
1163,28,64,11406427.44,total,,0.5151207893,2010,2020,2020,14661,False,False,False,False,True,False,False,False,False,False,False,True,True
1164,28,64,12561848.22,total,,0.4895492909,2010,2020,2020,14661,False,False,False,False,True,False,False,False,False,False,False,True,True
1165,28,64,13903370,total,,0.4620808971,2010,2020,2020,14661,False,False,False,False,True,False,False,False,False,False,False,True,True
1166,28,64,15402638.41,total,,0.4339056342,2010,2020,2020,14661,False,False,False,False,True,False,False,False,False,False,False,True,True
1167,28,64,16995573.77,total,,0.4118290595,2010,2020,2020,14661,False,False,False,False,True,False,False,False,False,False,False,True,True
1168,28,64,18758520.98,total,,0.3965234645,2010,2020,2020,14661,False,False,False,False,True,False,False,False,False,False,False,True,True
1169,28,64,19843930,total,,0.3892742014,2010,2020,2020,14661,False,False,False,False,True,False,False,False,False,False,False,True,True
1170,29,63,71474.76307,capture,,-1.278189385,2010,2017,2017,14467,True,False,False,False,False,False,False,False,True,False,False,False,False
1171,29,63,76586.66907,capture,,-1.257667718,2010,2017,2017,14467,True,False,False,False,False,False,False,False,True,False,False,False,False
1172,29,63,84947.975,capture,,-1.192464972,2010,2017,2017,14467,True,False,False,False,False,False,False,False,True,False,False,False,False
1173,29,63,94222.15014,capture,,-1.241655937,2010,2017,2017,14467,True,False,False,False,False,False,False,False,True,False,False,False,False
1174,29,63,103312.5374,capture,,-1.270632695,2010,2017,2017,14467,True,False,False,False,False,False,False,False,False,True,False,False,True
1175,29,63,114591.6557,capture,,-1.326979093,2010,2017,2017,14467,True,False,False,False,False,False,False,False,False,True,False,False,True
1176,29,63,127102.204,capture,,-1.358278075,2010,2017,2017,14467,True,False,False,False,False,False,False,False,False,True,False,False,True
1177,29,63,139364.7657,capture,,-1.258651398,2010,2017,2017,14467,True,False,False,False,False,False,False,False,False,True,False,False,True
1178,29,63,154579.8916,capture,,-1.317133204,2010,2017,2017,14467,True,False,False,False,False,False,False,False,False,True,False,False,True
1179,29,63,171456.129,capture,,-1.400116928,2010,2017,2017,14467,True,False,False,False,False,False,False,False,False,True,False,False,True
1180,29,63,187997.8971,capture,,-1.331148352,2010,2017,2017,14467,True,False,False,False,False,False,False,False,False,True,False,False,True
1181,29,63,208522.5469,capture,,-1.35222595,2010,2017,2017,14467,True,False,False,False,False,False,False,False,False,True,False,False,True
1182,29,63,231287.9264,capture,,-1.362010219,2010,2017,2017,14467,True,False,False,False,False,False,False,False,False,True,False,False,True
1183,29,63,253602.1814,capture,,-1.497914441,2010,2017,2017,14467,True,False,False,False,False,False,False,False,False,True,False,False,True
1184,29,63,281289.1613,capture,,-1.473144013,2010,2017,2017,14467,True,False,False,False,False,False,False,False,False,True,False,False,True
1185,29,63,311998.854,capture,,-1.507588863,2010,2017,2017,14467,True,False,False,False,False,False,False,False,False,True,False,False,True
1186,29,63,342099.9529,capture,,-1.588801326,2010,2017,2017,14467,True,False,False,False,False,False,False,False,False,True,False,False,True
1187,29,63,379448.6096,capture,,-1.624885315,2010,2017,2017,14467,True,False,False,False,False,False,False,False,False,True,False,False,True
1188,29,63,420874.8726,capture,,-1.627548299,2010,2017,2017,14467,True,False,False,False,False,False,False,False,False,True,False,False,True
1189,29,63,466823.7983,capture,,-1.586700236,2010,2017,2017,14467,True,False,False,False,False,False,False,False,False,True,False,False,True
1190,29,63,517789.2047,capture,,-1.669586227,2010,2017,2017,14467,True,False,False,False,False,False,False,False,False,True,False,False,True
1191,29,63,567744.6252,capture,,-1.694648631,2010,2017,2017,14467,True,False,False,False,False,False,False,False,False,True,False,False,True
1192,29,63,629727.9945,capture,,-1.802443787,2010,2017,2017,14467,True,False,False,False,False,False,False,False,False,True,False,False,True
1193,29,63,682579.1125,capture,,-1.782516056,2010,2017,2017,14467,True,False,False,False,False,False,False,False,False,True,False,False,True
1194,29,63,390000,capture,,-1.600672468,2010,2018,2018,14502,True,False,False,False,False,False,False,False,False,True,False,False,True
1195,29,63,880000,capture,,-1.871600731,2010,2018,2018,14502,True,False,False,False,False,False,False,False,False,True,False,False,True
1196,29,63,1340000,capture,,-1.941573976,2010,2018,2018,14502,True,False,False,False,False,False,False,False,False,False,True,False,True
1197,29,63,1890000,capture,,-2.149353765,2010,2018,2018,14502,True,False,False,False,False,False,False,False,False,False,True,False,True
1198,29,63,2790000,capture,,-2.268411235,2010,2018,2018,14502,True,False,False,False,False,False,False,False,False,False,True,False,True
1199,29,63,3520000,capture,,-2.457174573,2010,2018,2018,14502,True,False,False,False,False,False,False,False,False,False,True,False,True
1200,29,63,4300000,capture,,-2.505845406,2010,2018,2018,14502,True,False,False,False,False,False,False,False,False,False,True,False,True
1201,29,63,5130000,capture,,-2.573488739,2010,2018,2018,14502,True,False,False,False,False,False,False,False,False,False,True,False,True
1202,29,63,6400000,capture,,-2.732828272,2010,2018,2018,14502,True,False,False,False,False,False,False,False,False,False,True,False,True
1203,29,63,7390000,capture,,-2.701146924,2010,2018,2018,14502,True,False,False,False,False,False,False,False,False,False,True,False,True
1204,29,63,5000000,na,,-2.772113295,2010,2014,2016,32748,False,False,False,True,False,False,False,False,False,False,True,False,True
1205,29,63,5500000,na,,-2.468521083,2010,2014,2016,32748,False,False,False,True,False,False,False,False,False,False,True,False,True
1206,29,63,6244997.998,na,,-2.175223538,2010,2014,2016,32748,False,False,False,True,False,False,False,False,False,False,True,False,True
1207,29,63,5000000,na,,-2.835647144,2010,2023,2024,32903,False,False,False,True,False,False,False,False,False,False,True,False,True
1208,29,63,5500000,na,,-2.498940738,2010,2023,2024,32903,False,False,False,True,False,False,False,False,False,False,True,False,True
1209,29,63,8500000,na,,-1.695294102,2010,2023,2024,32903,False,False,False,True,False,False,False,False,False,False,True,False,True
1210,29,63,9500000,na,,-1.574139855,2010,2023,2024,32903,False,False,False,True,False,False,False,False,False,False,True,False,True
1211,29,63,10500000,na,,-1.491470281,2010,2023,2024,32903,False,False,False,True,False,False,False,False,False,False,False,True,True
1212,29,63,8500000,na,,-1.648203693,2010,2023,2024,32903,False,False,False,True,False,False,False,False,False,False,True,False,True
1213,29,63,10500000,na,,-1.474825572,2010,2023,2024,32903,False,False,False,True,False,False,False,False,False,False,False,True,True
1214,29,63,14050245.93,na,,-1.339405533,2010,2016,2016,41614,False,False,False,True,False,False,False,False,False,False,False,True,True
1215,29,63,14860000,na,,-1.368556231,2010,2016,2016,41614,False,False,False,True,False,False,False,False,False,False,False,True,True
1216,29,65,390000,capture,,-1.902048929,2010,2018,2018,14502,True,False,False,False,False,False,False,False,False,True,False,False,True
1217,29,65,880000,capture,,-2.04431225,2010,2018,2018,14502,True,False,False,False,False,False,False,False,False,True,False,False,True
1218,29,65,1340000,capture,,-2.015472687,2010,2018,2018,14502,True,False,False,False,False,False,False,False,False,False,True,False,True
1219,29,65,1890000,capture,,-2.066006836,2010,2018,2018,14502,True,False,False,False,False,False,False,False,False,False,True,False,True
1220,29,65,2790000,capture,,-2.180456064,2010,2018,2018,14502,True,False,False,False,False,False,False,False,False,False,True,False,True
1221,29,65,3520000,capture,,-2.298432015,2010,2018,2018,14502,True,False,False,False,False,False,False,False,False,False,True,False,True
1222,29,65,4300000,capture,,-2.463441557,2010,2018,2018,14502,True,False,False,False,False,False,False,False,False,False,True,False,True
1223,29,65,5130000,capture,,-2.59345982,2010,2018,2018,14502,True,False,False,False,False,False,False,False,False,False,True,False,True
1224,29,65,6400000,capture,,-2.777283529,2010,2018,2018,14502,True,False,False,False,False,False,False,False,False,False,True,False,True
1225,29,65,7390000,capture,,-2.739928612,2010,2018,2018,14502,True,False,False,False,False,False,False,False,False,False,True,False,True
1226,29,65,14920000,n2n,,0.01318283615,2010,2022,2021,33163,False,True,False,False,False,False,False,False,False,False,False,True,True
1227,29,65,14075212.23,n2n,,-0.0511796667,2010,2016,2016,41614,False,True,False,False,False,False,False,False,False,False,False,True,True
1228,29,65,14780000,n2n,,-0.01457352592,2010,2016,2016,41614,False,True,False,False,False,False,False,False,False,False,False,True,True
1229,29,65,14500000,np,,-1.653647026,2010,2022,2024,32872,False,False,True,False,False,False,False,False,False,False,False,True,True
1230,29,65,14700000,np,,-1.668370282,2010,2022,2024,32872,False,False,True,False,False,False,False,False,False,False,False,True,True
1231,29,65,14920000,np,,-1.648977147,2010,2020,2020,33150,False,False,True,False,False,False,False,False,False,False,False,True,True
1232,29,65,14075212.23,np,,-1.675031997,2010,2016,2016,41614,False,False,True,False,False,False,False,False,False,False,False,True,True
1233,29,65,14780000,np,,-1.684029655,2010,2016,2016,41614,False,False,True,False,False,False,False,False,False,False,False,True,True
1234,30,64,12789517.29,n2n,,-1.762079434,2010,2013,2013,14330,False,True,False,False,False,False,False,False,False,False,False,True,True
1235,30,64,13905505.09,n2n,,-1.042239516,2010,2013,2013,14330,False,True,False,False,False,False,False,False,False,False,False,True,True
1236,30,64,17500000,n2n,,-0.6020599913,2010,2013,2011,31714,False,True,False,False,False,False,False,False,False,False,False,True,True
1237,30,64,14540000,n2n,,-0.7537723222,2010,2019,2020,33137,False,True,False,False,False,False,False,False,False,False,False,True,True
1238,30,64,14770000,n2n,,-0.8102851577,2010,2023,2024,33196,False,True,False,False,False,False,False,False,False,False,False,True,True
1239,30,64,14048944.67,n2n,,-0.9938396913,2010,2016,2016,41614,False,True,False,False,False,False,False,False,False,False,False,True,True
1240,30,64,14810000,n2n,,-0.7958800173,2010,2016,2016,41614,False,True,False,False,False,False,False,False,False,False,False,True,True
1241,30,64,4324349.662,na,,-1.207258214,2010,2018,2018,41653,False,False,False,True,False,False,False,False,False,False,True,False,True
1242,30,64,4500000,na,,-1.199970641,2010,2018,2018,41653,False,False,False,True,False,False,False,False,False,False,True,False,True
1243,30,64,6049793.385,na,,-1.120330794,2010,2018,2018,41653,False,False,False,True,False,False,False,False,False,False,True,False,True
1244,30,64,2760000,np,,-1.301899454,2010,2017,2026,14484,False,False,True,False,False,False,False,False,False,False,True,False,True
1245,30,64,2760000,np,,-1.308034897,2010,2017,2026,14484,False,False,True,False,False,False,False,False,False,False,True,False,True
1246,30,64,2760000,np,,-1.30980392,2010,2017,2026,14484,False,False,True,False,False,False,False,False,False,False,True,False,True
1247,30,64,2760000,np,,-1.338187314,2010,2017,2026,14484,False,False,True,False,False,False,False,False,False,False,True,False,True
1248,30,64,2760000,np,,-1.332547047,2010,2017,2026,14484,False,False,True,False,False,False,False,False,False,False,True,False,True
1249,30,64,2760000,np,,-1.329754147,2010,2017,2026,14484,False,False,True,False,False,False,False,False,False,False,True,False,True
1250,30,64,14000000,np,,-0.7444862872,2010,2023,2024,32884,False,False,True,False,False,False,False,False,False,False,False,True,True
1251,30,66,14000000,n2n,,-0.1833610551,2010,2023,2024,32884,False,True,False,False,False,False,False,False,False,False,False,True,True
1252,30,66,14770000,n2n,,-0.1405554619,2010,2023,2024,33196,False,True,False,False,False,False,False,False,False,False,False,True,True
1253,30,66,4000000,na,,-2.744727495,2010,2017,2017,32755,False,False,False,True,False,False,False,False,False,False,True,False,True
1254,30,66,5000000,na,,-2.263603498,2010,2017,2017,32755,False,False,False,True,False,False,False,False,False,False,True,False,True
1255,30,66,6000000,na,,-2,2010,2017,2017,32755,False,False,False,True,False,False,False,False,False,False,True,False,True
1256,30,66,14770000,np,,-1.229516191,2010,2023,2024,33196,False,False,True,False,False,False,False,False,False,False,False,True,True
1257,30,67,14540000,np,,-1.301464507,2010,2019,2020,33137,False,False,True,False,False,False,False,False,False,False,False,True,True
1258,30,67,14770000,np,,-1.294563953,2010,2023,2024,33196,False,False,True,False,False,False,False,False,False,False,False,True,True
1259,30,68,6350000,na,,-2.939551478,2010,2025,2026,14862,False,False,False,True,False,False,False,False,False,False,True,False,True
1260,30,68,6850000,na,,-2.795711761,2010,2025,2026,14862,False,False,False,True,False,False,False,False,False,False,True,False,True
1261,30,68,7595887.045,na,,-2.539878269,2010,2025,2026,14862,False,False,False,True,False,False,False,False,False,False,True,False,True
1262,30,68,8596365.511,na,,-2.369882446,2010,2025,2026,14862,False,False,False,True,False,False,False,False,False,False,True,False,True
1263,30,68,9350000,na,,-2.306882722,2010,2025,2026,14862,False,False,False,True,False,False,False,False,False,False,True,False,True
1264,30,68,10341942.2,na,,-2.234342371,2010,2025,2026,14862,False,False,False,True,False,False,False,False,False,False,False,True,True
1265,30,68,11597305.72,na,,-2.056699674,2010,2025,2026,14862,False,False,False,True,False,False,False,False,False,False,False,True,True
1266,30,68,12597519.6,na,,-1.971224457,2010,2025,2026,14862,False,False,False,True,False,False,False,False,False,False,False,True,True
1267,30,68,14770000,na,,-2.010550182,2010,2023,2024,33196,False,False,False,True,False,False,False,False,False,False,False,True,True
1268,30,68,6850000,np,,-2.938852992,2010,2025,2026,14862,False,False,True,False,False,False,False,False,False,False,True,False,True
1269,30,68,7595887.045,np,,-2.440924474,2010,2025,2026,14862,False,False,True,False,False,False,False,False,False,False,True,False,True
1270,30,68,8596365.511,np,,-2.166707829,2010,2025,2026,14862,False,False,True,False,False,False,False,False,False,False,True,False,True
1271,30,68,9350000,np,,-1.989551628,2010,2025,2026,14862,False,False,True,False,False,False,False,False,False,False,True,False,True
1272,30,68,10341942.2,np,,-1.883058142,2010,2025,2026,14862,False,False,True,False,False,False,False,False,False,False,False,True,True
1273,30,68,11597305.72,np,,-1.671976338,2010,2025,2026,14862,False,False,True,False,False,False,False,False,False,False,False,True,True
1274,30,68,12350000,np,,-1.834307659,2010,2025,2026,14862,False,False,True,False,False,False,False,False,False,False,False,True,True
1275,31,69,11247221.88,n2n,,-1.406160339,2010,2011,2011,14291,False,True,False,False,False,False,False,False,False,False,False,True,True
1276,31,69,12869537.68,n2n,,-0.3374310331,2010,2011,2011,14291,False,True,False,False,False,False,False,False,False,False,False,True,True
1277,31,69,14247806.85,n2n,,-0.1602078156,2010,2011,2011,14291,False,True,False,False,False,False,False,False,False,False,False,True,True
1278,31,69,15000000,n2n,,-0.1466060225,2010,2011,2011,14291,False,True,False,False,False,False,False,False,False,False,False,True,True
1279,31,69,13796738.75,n2n,,-0.06424089625,2010,2012,2012,32704,False,True,False,False,False,False,False,False,False,False,False,True,True
1280,31,69,14800000,n2n,,-0.03011835625,2010,2012,2012,32704,False,True,False,False,False,False,False,False,False,False,False,True,True
1281,31,69,14900000,n2n,,-0.08025266819,2010,2019,2019,33132,False,True,False,False,False,False,False,False,False,False,False,True,True
1282,31,71,13796738.75,capture,,-2.775985189,2010,2012,2012,32706,True,False,False,False,False,False,False,False,False,False,False,True,True
1283,31,71,14800000,capture,,-3.039767127,2010,2012,2012,32706,True,False,False,False,False,False,False,False,False,False,False,True,True
1284,31,71,620000,capture,,-1.742321425,2010,2012,2012,32707,True,False,False,False,False,False,False,False,False,True,False,False,True
1285,31,71,1020000,capture,,-1.886056648,2010,2012,2012,32707,True,False,False,False,False,False,False,False,False,False,True,False,True
1286,31,71,1940000,capture,,-2.1837587,2010,2012,2012,32707,True,False,False,False,False,False,False,False,False,False,True,False,True
1287,31,71,2980000,capture,,-2.282329497,2010,2012,2012,32707,True,False,False,False,False,False,False,False,False,False,True,False,True
1288,31,71,2150000,capture,,-2.039053804,2010,2023,2023,33193,True,False,False,False,False,False,False,False,False,False,True,False,True
1289,31,71,3190000,capture,,-2.241088108,2010,2023,2023,33193,True,False,False,False,False,False,False,False,False,False,True,False,True
1290,31,71,13796738.75,n2n,,-0.004364805402,2010,2012,2012,32704,False,True,False,False,False,False,False,False,False,False,False,True,True
1291,31,71,14800000,n2n,,0.03342375549,2010,2012,2012,32704,False,True,False,False,False,False,False,False,False,False,False,True,True
1292,31,71,14900000,n2n,,0.06269853248,2010,2019,2019,33132,False,True,False,False,False,False,False,False,False,False,False,True,True
1293,32,70,124567,capture,,-1.371070837,2010,2022,2022,14791,True,False,False,False,False,False,False,False,False,True,False,False,True
1294,32,70,141059.8301,capture,,-1.216819895,2010,2022,2022,14791,True,False,False,False,False,False,False,False,False,True,False,False,True
1295,32,70,159736,capture,,-1.352398959,2010,2022,2022,14791,True,False,False,False,False,False,False,False,False,True,False,False,True
1296,32,70,173541,capture,,-1.344567651,2010,2022,2022,14791,True,False,False,False,False,False,False,False,False,True,False,False,True
1297,32,70,188540,capture,,-1.364949759,2010,2022,2022,14791,True,False,False,False,False,False,False,False,False,True,False,False,True
1298,32,70,204834,capture,,-1.344148256,2010,2022,2022,14791,True,False,False,False,False,False,False,False,False,True,False,False,True
1299,32,70,231954.2422,capture,,-1.377373127,2010,2022,2022,14791,True,False,False,False,False,False,False,False,False,True,False,False,True
1300,32,70,262665,capture,,-1.398144175,2010,2022,2022,14791,True,False,False,False,False,False,False,False,False,True,False,False,True
1301,32,70,285366,capture,,-1.405973384,2010,2022,2022,14791,True,False,False,False,False,False,False,False,False,True,False,False,True
1302,32,70,310029,capture,,-1.408020997,2010,2022,2022,14791,True,False,False,False,False,False,False,False,False,True,False,False,True
1303,32,70,336824,capture,,-1.416659508,2010,2022,2022,14791,True,False,False,False,False,False,False,False,False,True,False,False,True
1304,32,70,381419.3506,capture,,-1.404256389,2010,2022,2022,14791,True,False,False,False,False,False,False,False,False,True,False,False,True
1305,32,70,431920,capture,,-1.403329245,2010,2022,2022,14791,True,False,False,False,False,False,False,False,False,True,False,False,True
1306,32,70,469249,capture,,-1.37271302,2010,2022,2022,14791,True,False,False,False,False,False,False,False,False,True,False,False,True
1307,32,70,509804,capture,,-1.400187861,2010,2022,2022,14791,True,False,False,False,False,False,False,False,False,True,False,False,True
1308,32,70,553864,capture,,-1.409795925,2010,2022,2022,14791,True,False,False,False,False,False,False,False,False,True,False,False,True
1309,32,70,627195.721,capture,,-1.435193138,2010,2022,2022,14791,True,False,False,False,False,False,False,False,False,True,False,False,True
1310,32,70,710236,capture,,-1.423405289,2010,2022,2022,14791,True,False,False,False,False,False,False,False,False,True,False,False,True
1311,32,70,771619,capture,,-1.388432811,2010,2022,2022,14791,True,False,False,False,False,False,False,False,False,True,False,False,True
1312,32,70,838307,capture,,-1.373057377,2010,2022,2022,14791,True,False,False,False,False,False,False,False,False,True,False,False,True
1313,32,70,910758,capture,,-1.416720725,2010,2022,2022,14791,True,False,False,False,False,False,False,False,False,True,False,False,True
1314,32,70,118608.8799,capture,,-1.353252308,2010,2019,2019,23454,True,False,False,False,False,False,False,False,False,True,False,False,True
1315,32,70,126951.531,capture,,-1.368677759,2010,2019,2019,23454,True,False,False,False,False,False,False,False,False,True,False,False,True
1316,32,70,140568.3877,capture,,-1.342260719,2010,2019,2019,23454,True,False,False,False,False,False,False,False,False,True,False,False,True
1317,32,70,155632.7548,capture,,-1.40833976,2010,2019,2019,23454,True,False,False,False,False,False,False,False,False,True,False,False,True
1318,32,70,170360.1461,capture,,-1.429568859,2010,2019,2019,23454,True,False,False,False,False,False,False,False,False,True,False,False,True
1319,32,70,188582.2999,capture,,-1.448368515,2010,2019,2019,23454,True,False,False,False,False,False,False,False,False,True,False,False,True
1320,32,70,208733.1713,capture,,-1.49892738,2010,2019,2019,23454,True,False,False,False,False,False,False,False,False,True,False,False,True
1321,32,70,231011.7836,capture,,-1.465686999,2010,2019,2019,23454,True,False,False,False,False,False,False,False,False,True,False,False,True
1322,32,70,255640.1151,capture,,-1.503898236,2010,2019,2019,23454,True,False,False,False,False,False,False,False,False,True,False,False,True
1323,32,70,282860.144,capture,,-1.542689569,2010,2019,2019,23454,True,False,False,False,False,False,False,False,False,True,False,False,True
1324,32,70,302580,capture,,-1.531496115,2010,2019,2019,23454,True,False,False,False,False,False,False,False,False,True,False,False,True
1325,32,72,159736,capture,,-1.559473454,2010,2022,2022,14791,True,False,False,False,False,False,False,False,False,True,False,False,True
1326,32,72,173541,capture,,-1.542003114,2010,2022,2022,14791,True,False,False,False,False,False,False,False,False,True,False,False,True
1327,32,72,188540,capture,,-1.504047922,2010,2022,2022,14791,True,False,False,False,False,False,False,False,False,True,False,False,True
1328,32,72,204834,capture,,-1.496729693,2010,2022,2022,14791,True,False,False,False,False,False,False,False,False,True,False,False,True
1329,32,72,231954.2422,capture,,-1.548119963,2010,2022,2022,14791,True,False,False,False,False,False,False,False,False,True,False,False,True
1330,32,72,262665,capture,,-1.575131425,2010,2022,2022,14791,True,False,False,False,False,False,False,False,False,True,False,False,True
1331,32,72,285366,capture,,-1.586847821,2010,2022,2022,14791,True,False,False,False,False,False,False,False,False,True,False,False,True
1332,32,72,310029,capture,,-1.602059991,2010,2022,2022,14791,True,False,False,False,False,False,False,False,False,True,False,False,True
1333,32,72,336824,capture,,-1.584642638,2010,2022,2022,14791,True,False,False,False,False,False,False,False,False,True,False,False,True
1334,32,72,381419.3506,capture,,-1.567335303,2010,2022,2022,14791,True,False,False,False,False,False,False,False,False,True,False,False,True
1335,32,72,431920,capture,,-1.568369307,2010,2022,2022,14791,True,False,False,False,False,False,False,False,False,True,False,False,True
1336,32,72,469249,capture,,-1.580637477,2010,2022,2022,14791,True,False,False,False,False,False,False,False,False,True,False,False,True
1337,32,72,509804,capture,,-1.553744066,2010,2022,2022,14791,True,False,False,False,False,False,False,False,False,True,False,False,True
1338,32,72,553864,capture,,-1.576437944,2010,2022,2022,14791,True,False,False,False,False,False,False,False,False,True,False,False,True
1339,32,72,627195.721,capture,,-1.579639869,2010,2022,2022,14791,True,False,False,False,False,False,False,False,False,True,False,False,True
1340,32,72,710236,capture,,-1.59003815,2010,2022,2022,14791,True,False,False,False,False,False,False,False,False,True,False,False,True
1341,32,72,771619,capture,,-1.641324817,2010,2022,2022,14791,True,False,False,False,False,False,False,False,False,True,False,False,True
1342,32,72,838307,capture,,-1.722088375,2010,2022,2022,14791,True,False,False,False,False,False,False,False,False,True,False,False,True
1343,32,72,910758,capture,,-1.82716364,2010,2022,2022,14791,True,False,False,False,False,False,False,False,False,True,False,False,True
1344,32,72,155625,capture,,-1.539944513,2010,2021,2021,23757,True,False,False,False,False,False,False,False,False,True,False,False,True
1345,32,72,170348.9668,capture,,-1.624190122,2010,2021,2021,23757,True,False,False,False,False,False,False,False,False,True,False,False,True
1346,32,72,190716.4183,capture,,-1.637150114,2010,2021,2021,23757,True,False,False,False,False,False,False,False,False,True,False,False,True
1347,32,72,208721.9768,capture,,-1.605154481,2010,2021,2021,23757,True,False,False,False,False,False,False,False,False,True,False,False,True
1348,32,72,228414.5059,capture,,-1.595722331,2010,2021,2021,23757,True,False,False,False,False,False,False,False,False,True,False,False,True
1349,32,72,255627.485,capture,,-1.664341548,2010,2021,2021,23757,True,False,False,False,False,False,False,False,False,True,False,False,True
1350,32,72,286040.2942,capture,,-1.693403433,2010,2021,2021,23757,True,False,False,False,False,False,False,False,False,True,False,False,True
1351,32,72,305975,capture,,-1.630951211,2010,2021,2021,23757,True,False,False,False,False,False,False,False,False,True,False,False,True
1352,32,72,17900000,np,,-1.458420756,2010,2024,2024,23907,False,False,True,False,False,False,False,False,False,False,False,True,True
1353,32,72,17900000,np,,-1.552841969,2010,2024,2024,23907,False,False,True,False,False,False,False,False,False,False,False,True,True
1354,32,73,14387.58572,capture,,-0.225242475,2010,2019,2019,23451,True,False,False,False,False,False,False,False,True,False,False,False,False
1355,32,73,15588.01832,capture,,-0.2371028439,2010,2019,2019,23451,True,False,False,False,False,False,False,False,True,False,False,False,False
1356,32,73,17082.70638,capture,,-0.3090317399,2010,2019,2019,23451,True,False,False,False,False,False,False,False,True,False,False,False,False
1357,32,73,18935.62562,capture,,-0.3218895212,2010,2019,2019,23451,True,False,False,False,False,False,False,False,True,False,False,False,False
1358,32,73,20988.83647,capture,,-0.3552778822,2010,2019,2019,23451,True,False,False,False,False,False,False,False,True,False,False,False,False
1359,32,73,22999.40873,capture,,-0.3673784865,2010,2019,2019,23451,True,False,False,False,False,False,False,False,True,False,False,False,False
1360,32,73,25491.50071,capture,,-0.3987180924,2010,2019,2019,23451,True,False,False,False,False,False,False,False,True,False,False,False,False
1361,32,73,28252.55563,capture,,-0.4343259929,2010,2019,2019,23451,True,False,False,False,False,False,False,False,True,False,False,False,False
1362,32,73,31311.345,capture,,-0.4498032109,2010,2019,2019,23451,True,False,False,False,False,False,False,False,True,False,False,False,False
1363,32,73,34699.89586,capture,,-0.4842688481,2010,2019,2019,23451,True,False,False,False,False,False,False,False,True,False,False,False,False
1364,32,73,38017.075,capture,,-0.5580316511,2010,2019,2019,23451,True,False,False,False,False,False,False,False,True,False,False,False,False
1365,32,73,42127.57852,capture,,-0.5180316632,2010,2019,2019,23451,True,False,False,False,False,False,False,False,True,False,False,False,False
1366,32,73,46680.20974,capture,,-0.5944133329,2010,2019,2019,23451,True,False,False,False,False,False,False,False,True,False,False,False,False
1367,32,73,51722.06071,capture,,-0.5905281158,2010,2019,2019,23451,True,False,False,False,False,False,False,False,True,False,False,False,False
1368,32,73,57305.47297,capture,,-0.6352192552,2010,2019,2019,23451,True,False,False,False,False,False,False,False,True,False,False,False,False
1369,32,73,62769.44734,capture,,-0.6500521169,2010,2019,2019,23451,True,False,False,False,False,False,False,False,True,False,False,False,False
1370,32,73,69537.51021,capture,,-0.718421265,2010,2019,2019,23451,True,False,False,False,False,False,False,False,True,False,False,False,False
1371,32,73,77030.64059,capture,,-0.7322998104,2010,2019,2019,23451,True,False,False,False,False,False,False,False,True,False,False,False,False
1372,32,73,85325.31312,capture,,-0.7916048704,2010,2019,2019,23451,True,False,False,False,False,False,False,False,True,False,False,False,False
1373,32,73,94506.77759,capture,,-0.8520695101,2010,2019,2019,23451,True,False,False,False,False,False,False,False,True,False,False,False,False
1374,32,73,103487.9546,capture,,-0.8351982087,2010,2019,2019,23451,True,False,False,False,False,False,False,False,False,True,False,False,True
1375,32,73,114607.0823,capture,,-0.8617326785,2010,2019,2019,23451,True,False,False,False,False,False,False,False,False,True,False,False,True
1376,32,73,126911.0463,capture,,-0.9056546708,2010,2019,2019,23451,True,False,False,False,False,False,False,False,False,True,False,False,True
1377,32,73,140523.6055,capture,,-0.9551853257,2010,2019,2019,23451,True,False,False,False,False,False,False,False,False,True,False,False,True
1378,32,73,155583.5201,capture,,-0.9555424615,2010,2019,2019,23451,True,False,False,False,False,False,False,False,False,True,False,False,True
1379,32,73,170305.657,capture,,-1.004353839,2010,2019,2019,23451,True,False,False,False,False,False,False,False,False,True,False,False,True
1380,32,73,188522.137,capture,,-1.026820958,2010,2019,2019,23451,True,False,False,False,False,False,False,False,False,True,False,False,True
1381,32,73,208666.4366,capture,,-1.068816956,2010,2019,2019,23451,True,False,False,False,False,False,False,False,False,True,False,False,True
1382,32,73,230937.8182,capture,,-1.07995122,2010,2019,2019,23451,True,False,False,False,False,False,False,False,False,True,False,False,True
1383,32,73,255558.1454,capture,,-1.090227279,2010,2019,2019,23451,True,False,False,False,False,False,False,False,False,True,False,False,True
1384,32,73,282769.1879,capture,,-1.139045912,2010,2019,2019,23451,True,False,False,False,False,False,False,False,False,True,False,False,True
1385,32,74,380000,capture,,-1.692717953,2010,2015,2017,14469,True,False,False,False,False,False,False,False,False,True,False,False,True
1386,32,74,860000,capture,,-1.927015255,2010,2015,2017,14469,True,False,False,False,False,False,False,False,False,True,False,False,True
1387,32,74,1320000,capture,,-2.071604148,2010,2015,2017,14469,True,False,False,False,False,False,False,False,False,False,True,False,True
1388,32,74,1870000,capture,,-2.208309351,2010,2015,2017,14469,True,False,False,False,False,False,False,False,False,False,True,False,True
1389,32,74,2770000,capture,,-2.203425667,2010,2015,2017,14469,True,False,False,False,False,False,False,False,False,False,True,False,True
1390,32,74,3390000,capture,,-2.443697499,2010,2015,2017,14469,True,False,False,False,False,False,False,False,False,False,True,False,True
1391,32,74,4390000,capture,,-2.600326279,2010,2015,2017,14469,True,False,False,False,False,False,False,False,False,False,True,False,True
1392,32,74,5330000,capture,,-2.790484985,2010,2015,2017,14469,True,False,False,False,False,False,False,False,False,False,True,False,True
1393,32,74,6640000,capture,,-2.910094889,2010,2015,2017,14469,True,False,False,False,False,False,False,False,False,False,True,False,True
1394,32,74,7360000,capture,,-2.91721463,2010,2015,2017,14469,True,False,False,False,False,False,False,False,False,False,True,False,True
1395,32,74,13930689.97,np,,-2.026179676,2010,2016,2016,41614,False,False,True,False,False,False,False,False,False,False,False,True,True
1396,32,74,14799783.78,np,,-1.91721463,2010,2016,2016,41614,False,False,True,False,False,False,False,False,False,False,False,True,True
1397,32,76,580340.7343,inelastic,,-0.8155925146,2010,2013,2014,23204,False,False,False,False,False,False,True,False,False,True,False,False,True
1398,32,76,627056.6724,inelastic,,-0.5752816627,2010,2013,2014,23204,False,False,False,False,False,False,True,False,False,True,False,False,True
1399,32,76,694603.6901,inelastic,,-0.3410351573,2010,2013,2014,23204,False,False,False,False,False,False,True,False,False,True,False,False,True
1400,32,76,764741.0613,inelastic,,-0.2408044713,2010,2013,2014,23204,False,False,False,False,False,False,True,False,False,True,False,False,True
1401,32,76,846159.9198,inelastic,,-0.2092458354,2010,2013,2014,23204,False,False,False,False,False,False,True,False,False,True,False,False,True
1402,32,76,935132.1758,inelastic,,-0.1023729087,2010,2013,2014,23204,False,False,False,False,False,False,True,False,False,True,False,False,True
1403,32,76,1031445.459,inelastic,,-0.02671816856,2010,2013,2014,23204,False,False,False,False,False,False,True,False,False,False,True,False,True
1404,32,76,1139998.482,inelastic,,-0.002807843907,2010,2013,2014,23204,False,False,False,False,False,False,True,False,False,False,True,False,True
1405,32,76,1265832.369,inelastic,,0.03875258899,2010,2013,2014,23204,False,False,False,False,False,False,True,False,False,False,True,False,True
1406,32,76,1404772.267,inelastic,,0.05327056668,2010,2013,2014,23204,False,False,False,False,False,False,True,False,False,False,True,False,True
1407,32,76,1547291.577,inelastic,,0.08788278191,2010,2013,2014,23204,False,False,False,False,False,False,True,False,False,False,True,False,True
1408,32,76,1700933.057,inelastic,,0.09740606615,2010,2013,2014,23204,False,False,False,False,False,False,True,False,False,False,True,False,True
1409,32,76,1878667.803,inelastic,,0.1167974337,2010,2013,2014,23204,False,False,False,False,False,False,True,False,False,False,True,False,True
1410,32,76,2054400.816,inelastic,,0.1205739312,2010,2013,2014,23204,False,False,False,False,False,False,True,False,False,False,True,False,True
1411,32,76,2211220,inelastic,,0.1461280357,2010,2013,2014,23204,False,False,False,False,False,False,True,False,False,False,True,False,True
1412,32,76,10142041.21,n2n,,-0.8873782436,2010,2017,2017,14472,False,True,False,False,False,False,False,False,False,False,False,True,True
1413,32,76,11379486.93,n2n,,-0.2882180704,2010,2017,2017,14472,False,True,False,False,False,False,False,False,False,False,False,True,True
1414,32,76,12622622.55,n2n,,-0.07522982509,2010,2017,2017,14472,False,True,False,False,False,False,False,False,False,False,False,True,True
1415,32,76,13860772.52,n2n,,0.005509398912,2010,2017,2017,14472,False,True,False,False,False,False,False,False,False,False,False,True,True
1416,32,76,14800000,n2n,,0.03753007877,2010,2017,2017,14472,False,True,False,False,False,False,False,False,False,False,False,True,True
1417,32,76,17900000,n2n,,0.08278537032,2010,2024,2024,23907,False,True,False,False,False,False,False,False,False,False,False,True,True
1418,32,76,17900000,n2n,,0.06069784035,2010,2024,2024,23907,False,True,False,False,False,False,False,False,False,False,False,True,True
1419,32,76,13796738.75,n2n,,0.1012313868,2010,2018,2018,32777,False,True,False,False,False,False,False,False,False,False,False,True,True
1420,32,76,14800000,n2n,,0.1109262423,2010,2018,2018,32777,False,True,False,False,False,False,False,False,False,False,False,True,True
1421,33,75,11500000,n2n,,-0.6792307717,2010,2011,2011,14291,False,True,False,False,False,False,False,False,False,False,False,True,True
1422,33,75,12869537.68,n2n,,-0.16127681,2010,2011,2011,14291,False,True,False,False,False,False,False,False,False,False,False,True,True
1423,33,75,14247806.85,n2n,,-0.03007181057,2010,2011,2011,14291,False,True,False,False,False,False,False,False,False,False,False,True,True
1424,33,75,15000000,n2n,,-0.03687355892,2010,2011,2011,14291,False,True,False,False,False,False,False,False,False,False,False,True,True
1425,33,75,14100000,n2n,,-0.01322826573,2010,2026,2026,14866,False,True,False,False,False,False,False,False,False,False,False,True,True
1426,33,75,14100000,n2n,,-0.01682492796,2010,2026,2026,14866,False,True,False,False,False,False,False,False,False,False,False,True,True
1427,33,75,14100000,n2n,,-0.03763066433,2010,2026,2026,14866,False,True,False,False,False,False,False,False,False,False,False,True,True
1428,33,75,7745966.692,np,,-2.158015195,2010,2011,2011,14291,False,False,True,False,False,False,False,False,False,False,True,False,True
1429,33,75,8500000,np,,-2.008773924,2010,2011,2011,14291,False,False,True,False,False,False,False,False,False,False,True,False,True
1430,33,75,9500000,np,,-1.928117993,2010,2011,2011,14291,False,False,True,False,False,False,False,False,False,False,True,False,True
1431,33,75,10200000,np,,-1.832682665,2010,2011,2011,14291,False,False,True,False,False,False,False,False,False,False,False,True,True
1432,33,75,11247221.88,np,,-1.73400363,2010,2011,2011,14291,False,False,True,False,False,False,False,False,False,False,False,True,True
1433,33,75,12869537.68,np,,-1.603800653,2010,2011,2011,14291,False,False,True,False,False,False,False,False,False,False,False,True,True
1434,33,75,14247806.85,np,,-1.57921938,2010,2011,2011,14291,False,False,True,False,False,False,False,False,False,False,False,True,True
1435,33,75,15000000,np,,-1.552841969,2010,2011,2011,14291,False,False,True,False,False,False,False,False,False,False,False,True,True
1436,34,74,13796738.75,n2n,,-0.5279753023,2010,2020,2021,32805,False,True,False,False,False,False,False,False,False,False,False,True,True
1437,34,74,14800000,n2n,,-0.2873502984,2010,2020,2021,32805,False,True,False,False,False,False,False,False,False,False,False,True,True
1438,34,74,14022177.09,n2n,,-0.5382014425,2010,2016,2016,41614,False,True,False,False,False,False,False,False,False,False,False,True,True
1439,34,74,14810000,n2n,,-0.3545777307,2010,2016,2016,41614,False,True,False,False,False,False,False,False,False,False,False,True,True
1440,34,74,14015229.98,np,,-0.7972393126,2010,2016,2016,41614,False,False,True,False,False,False,False,False,False,False,False,True,True
1441,34,74,14810000,np,,-0.8728952016,2010,2016,2016,41614,False,False,True,False,False,False,False,False,False,False,False,True,True
1442,34,76,14770000,n2n,,-0.0657086455,2010,2023,2023,33192,False,True,False,False,False,False,False,False,False,False,False,True,True
1443,34,76,14022177.09,n2n,,-0.1099144733,2010,2016,2016,41614,False,True,False,False,False,False,False,False,False,False,False,True,True
1444,34,76,14810000,n2n,,-0.005243055412,2010,2016,2016,41614,False,True,False,False,False,False,False,False,False,False,False,True,True
1445,34,76,14770000,np,,-1.330497166,2010,2023,2023,33192,False,False,True,False,False,False,False,False,False,False,False,True,True
1446,34,76,14022177.09,np,,-1.308388126,2010,2016,2016,41614,False,False,True,False,False,False,False,False,False,False,False,True,True
1447,34,76,14810000,np,,-1.2644011,2010,2016,2016,41614,False,False,True,False,False,False,False,False,False,False,False,True,True
1448,34,77,20997.53359,capture,,-0.1882430709,2010,2023,2023,23655,True,False,False,False,False,False,False,False,True,False,False,False,False
1449,34,77,23008.90611,capture,,-0.1800085112,2010,2023,2023,23655,True,False,False,False,False,False,False,False,True,False,False,False,False
1450,34,77,25501.97476,capture,,-0.2188677284,2010,2023,2023,23655,True,False,False,False,False,False,False,False,True,False,False,False,False
1451,34,77,28264.15258,capture,,-0.3014312519,2010,2023,2023,23655,True,False,False,False,False,False,False,False,True,False,False,False,False
1452,34,77,31324.17845,capture,,-0.2329893685,2010,2023,2023,23655,True,False,False,False,False,False,False,False,True,False,False,False,False
1453,34,77,34714.04191,capture,,-0.2356052804,2010,2023,2023,23655,True,False,False,False,False,False,False,False,True,False,False,False,False
1454,34,77,38032.57035,capture,,-0.3300433088,2010,2023,2023,23655,True,False,False,False,False,False,False,False,True,False,False,False,False
1455,34,77,42144.6901,capture,,-0.3552082098,2010,2023,2023,23655,True,False,False,False,False,False,False,False,True,False,False,False,False
1456,34,77,46699.15336,capture,,-0.3327911145,2010,2023,2023,23655,True,False,False,False,False,False,False,False,True,False,False,False,False
1457,34,77,51742.97105,capture,,-0.3540749476,2010,2023,2023,23655,True,False,False,False,False,False,False,False,True,False,False,False,False
1458,34,77,57328.59037,capture,,-0.4037991727,2010,2023,2023,23655,True,False,False,False,False,False,False,False,True,False,False,False,False
1459,34,77,62794.68958,capture,,-0.4348067714,2010,2023,2023,23655,True,False,False,False,False,False,False,False,True,False,False,False,False
1460,34,77,69565.37641,capture,,-0.4635892932,2010,2023,2023,23655,True,False,False,False,False,False,False,False,True,False,False,False,False
1461,34,77,77061.4065,capture,,-0.4801713502,2010,2023,2023,23655,True,False,False,False,False,False,False,False,True,False,False,False,False
1462,34,77,84395.24372,capture,,-0.4887280882,2010,2023,2023,23655,True,False,False,False,False,False,False,False,True,False,False,False,False
1463,34,77,93476.98591,capture,,-0.5392954538,2010,2023,2023,23655,True,False,False,False,False,False,False,False,True,False,False,False,False
1464,34,77,103528.6979,capture,,-0.516449074,2010,2023,2023,23655,True,False,False,False,False,False,False,False,False,True,False,False,True
1465,34,77,114652.4739,capture,,-0.5005584456,2010,2023,2023,23655,True,False,False,False,False,False,False,False,False,True,False,False,True
1466,34,77,126961.0284,capture,,-0.5419997098,2010,2023,2023,23655,True,False,False,False,False,False,False,False,False,True,False,False,True
1467,34,77,140578.9795,capture,,-0.5757091443,2010,2023,2023,23655,True,False,False,False,False,False,False,False,False,True,False,False,True
1468,34,77,155644.2528,capture,,-0.579168702,2010,2023,2023,23655,True,False,False,False,False,False,False,False,False,True,False,False,True
1469,34,77,170372.133,capture,,-0.6092030594,2010,2023,2023,23655,True,False,False,False,False,False,False,False,False,True,False,False,True
1470,34,77,188595.3065,capture,,-0.6238330791,2010,2023,2023,23655,True,False,False,False,False,False,False,False,False,True,False,False,True
1471,34,77,14022177.09,np,,-1.207328211,2010,2016,2016,41614,False,False,True,False,False,False,False,False,False,False,False,True,True
1472,34,77,14810000,np,,-1.11407366,2010,2016,2016,41614,False,False,True,False,False,False,False,False,False,False,False,True,True
1473,34,78,155697.2066,capture,,-1.30980392,2010,2024,2024,23666,True,False,False,False,False,False,False,False,False,True,False,False,True
1474,34,78,170429.4973,capture,,-1.375305469,2010,2024,2024,23666,True,False,False,False,False,False,False,False,False,True,False,False,True
1475,34,78,188659.601,capture,,-1.317629257,2010,2024,2024,23666,True,False,False,False,False,False,False,False,False,True,False,False,True
1476,34,78,208817.5564,capture,,-1.36552273,2010,2024,2024,23666,True,False,False,False,False,False,False,False,False,True,False,False,True
1477,34,78,231105.4368,capture,,-1.362760512,2010,2024,2024,23666,True,False,False,False,False,False,False,False,False,True,False,False,True
1478,34,78,255742.2934,capture,,-1.38341947,2010,2024,2024,23666,True,False,False,False,False,False,False,False,False,True,False,False,True
1479,34,78,282973.3532,capture,,-1.398483216,2010,2024,2024,23666,True,False,False,False,False,False,False,False,False,True,False,False,True
1480,34,78,313063.6643,capture,,-1.42365865,2010,2024,2024,23666,True,False,False,False,False,False,False,False,False,True,False,False,True
1481,34,78,346310.3342,capture,,-1.417652506,2010,2024,2024,23666,True,False,False,False,False,False,False,False,False,True,False,False,True
1482,34,78,378771.6205,capture,,-1.411448194,2010,2024,2024,23666,True,False,False,False,False,False,False,False,False,True,False,False,True
1483,34,78,418884.0158,capture,,-1.415216621,2010,2024,2024,23666,True,False,False,False,False,False,False,False,False,True,False,False,True
1484,34,78,463177.9872,capture,,-1.453148998,2010,2024,2024,23666,True,False,False,False,False,False,False,False,False,True,False,False,True
1485,34,78,512072.972,capture,,-1.416121402,2010,2024,2024,23666,True,False,False,False,False,False,False,False,False,True,False,False,True
1486,34,78,566040.4396,capture,,-1.424235019,2010,2024,2024,23666,True,False,False,False,False,False,False,False,False,True,False,False,True
1487,34,78,598401.344,capture,,-1.413412695,2010,2024,2024,23666,True,False,False,False,False,False,False,False,False,True,False,False,True
1488,34,78,13876435.04,na,,-2.113133425,2010,2016,2016,41614,False,False,False,True,False,False,False,False,False,False,False,True,True
1489,34,78,14810000,na,,-2,2010,2016,2016,41614,False,False,False,True,False,False,False,False,False,False,False,True,True
1490,34,78,14070514.08,np,,-1.767851294,2010,2014,2015,33080,False,False,True,False,False,False,False,False,False,False,False,True,True
1491,34,78,14724931.24,np,,-1.673664139,2010,2014,2015,33080,False,False,True,False,False,False,False,False,False,False,False,True,True
1492,34,78,14770000,np,,-1.71828503,2010,2023,2023,33192,False,False,True,False,False,False,False,False,False,False,False,True,True
1493,34,78,14123306.56,np,,-1.721246399,2010,2016,2016,41614,False,False,True,False,False,False,False,False,False,False,False,True,True
1494,34,78,14824992.41,np,,-1.681936665,2010,2016,2016,41614,False,False,True,False,False,False,False,False,False,False,False,True,True
1495,34,80,14070514.08,np,,-2.165367394,2010,2014,2015,33080,False,False,True,False,False,False,False,False,False,False,False,True,True
1496,34,80,14724931.24,np,,-1.987162775,2010,2014,2015,33080,False,False,True,False,False,False,False,False,False,False,False,True,True
1497,34,80,13944596.3,np,,-2.02487468,2010,2016,2016,41614,False,False,True,False,False,False,False,False,False,False,False,True,True
1498,34,80,14759945.8,np,,-1.933674075,2010,2016,2016,41614,False,False,True,False,False,False,False,False,False,False,False,True,True
1499,34,82,14123306.56,n2n,,0.1524921907,2010,2016,2016,41614,False,True,False,False,False,False,False,False,False,False,False,True,True
1500,34,82,14824992.41,n2n,,0.2074997233,2010,2016,2016,41614,False,True,False,False,False,False,False,False,False,False,False,True,True
1501,35,79,13994964.18,n2n,,0.06082370457,2010,2023,2024,32900,False,True,False,False,False,False,False,False,False,False,False,True,True
1502,35,79,14800000,n2n,,0.09691001301,2010,2023,2024,32900,False,True,False,False,False,False,False,False,False,False,False,True,True
1503,35,79,13994964.18,na,,-1.924453039,2010,2023,2024,32900,False,False,False,True,False,False,False,False,False,False,False,True,True
1504,35,79,14800000,na,,-1.869666232,2010,2023,2024,32900,False,False,False,True,False,False,False,False,False,False,False,True,True
1505,35,81,13994964.18,n2n,,0.05050864615,2010,2023,2024,32898,False,True,False,False,False,False,False,False,False,False,False,True,True
1506,35,81,14800000,n2n,,0.08635983067,2010,2023,2024,32898,False,True,False,False,False,False,False,False,False,False,False,True,True
1507,35,81,13994964.18,na,,-2.346787486,2010,2023,2024,32900,False,False,False,True,False,False,False,False,False,False,False,True,True
1508,35,81,14800000,na,,-2.244125144,2010,2023,2024,32900,False,False,False,True,False,False,False,False,False,False,False,True,True
1509,36,78,14800000,n2n,,-0.3331701383,2010,2022,2025,32875,False,True,False,False,False,False,False,False,False,False,False,True,True
1510,36,78,13834047.09,n2n,,-0.7919888511,2010,2023,2024,32892,False,True,False,False,False,False,False,False,False,False,False,True,True
1511,36,78,14849915.82,n2n,,-0.5222277917,2010,2023,2024,32892,False,True,False,False,False,False,False,False,False,False,False,True,True
1512,36,86,3610000,capture,,-3.070581074,2010,2015,2015,14429,True,False,False,False,False,False,False,False,False,False,True,False,True
1513,36,86,4180000,capture,,-3.180456064,2010,2015,2015,14429,True,False,False,False,False,False,False,False,False,False,True,False,True
1514,36,86,5310000,capture,,-3.200659451,2010,2015,2015,14429,True,False,False,False,False,False,False,False,False,False,True,False,True
1515,36,86,6330000,capture,,-3.236572006,2010,2015,2015,14429,True,False,False,False,False,False,False,False,False,False,True,False,True
1516,36,86,7250000,capture,,-3.27572413,2010,2015,2015,14429,True,False,False,False,False,False,False,False,False,False,True,False,True
1517,36,86,14800000,capture,,-3.13076828,2010,2015,2015,14429,True,False,False,False,False,False,False,False,False,False,False,True,True
1518,37,85,14052383.39,n2n,,-0.008242460466,2010,2011,2012,32696,False,True,False,False,False,False,False,False,False,False,False,True,True
1519,37,85,14800000,n2n,,0.03822263837,2010,2011,2012,32696,False,True,False,False,False,False,False,False,False,False,False,True,True
1520,37,85,13796738.75,n2n,,0.01452053876,2010,2018,2020,32782,False,True,False,False,False,False,False,False,False,False,False,True,True
1521,37,85,14800000,n2n,,0.07003786661,2010,2018,2020,32782,False,True,False,False,False,False,False,False,False,False,False,True,True
1522,37,85,12489996,n2n,,-0.2514243831,2010,2020,2021,32801,False,True,False,False,False,False,False,False,False,False,False,True,True
1523,37,85,14000000,n2n,,-0.003926345515,2010,2020,2021,32801,False,True,False,False,False,False,False,False,False,False,False,True,True
1524,37,85,15540270.27,n2n,,0.06818586175,2010,2020,2021,32801,False,True,False,False,False,False,False,False,False,False,False,True,True
1525,37,85,17200000,n2n,,0.1068705445,2010,2020,2021,32801,False,True,False,False,False,False,False,False,False,False,False,True,True
1526,37,85,18693314.31,n2n,,0.1124374173,2010,2020,2021,32801,False,True,False,False,False,False,False,False,False,False,False,True,True
1527,37,85,19800000,n2n,,0.1139433523,2010,2020,2021,32801,False,True,False,False,False,False,False,False,False,False,False,True,True
1528,37,87,14052383.39,n2n,,0.07714979472,2010,2011,2012,32696,False,True,False,False,False,False,False,False,False,False,False,True,True
1529,37,87,14800000,n2n,,0.1280760127,2010,2011,2012,32696,False,True,False,False,False,False,False,False,False,False,False,True,True
1530,37,87,13796738.75,n2n,,0.1024337057,2010,2018,2020,32782,False,True,False,False,False,False,False,False,False,False,False,True,True
1531,37,87,14800000,n2n,,0.1319392952,2010,2018,2020,32782,False,True,False,False,False,False,False,False,False,False,False,True,True
1532,38,84,14770000,n2n,,-0.1836261112,2010,2022,2022,33180,False,True,False,False,False,False,False,False,False,False,False,True,True
1533,38,88,14770000,np,,-1.829738285,2010,2022,2022,33180,False,False,True,False,False,False,False,False,False,False,False,True,True
1534,39,89,17400000,n2n,,0.1522883444,2010,2014,2013,31723,False,True,False,False,False,False,False,False,False,False,False,True,True
1535,39,89,17400000,n2n,,0.07918124605,2010,2014,2013,31723,False,True,False,False,False,False,False,False,False,False,False,True,True
1536,39,89,17400000,n2n,,0.103803721,2010,2018,2018,31787,False,True,False,False,False,False,False,False,False,False,False,True,True
1537,39,89,17500000,n2n,,0.04921802267,2010,2022,2021,31842,False,True,False,False,False,False,False,False,False,False,False,True,True
1538,39,89,19800000,n2n,,0.04532297879,2010,2022,2021,31842,False,True,False,False,False,False,False,False,False,False,False,True,True
1539,39,89,14050000,n2n,,-0.09963287134,2010,2023,2023,31858,False,True,False,False,False,False,False,False,False,False,False,True,True
1540,39,89,17600000,n2n,,0.008600171762,2010,2025,2024,31859,False,True,False,False,False,False,False,False,False,False,False,True,True
1541,39,89,18500000,n2n,,0.03742649794,2010,2025,2024,31859,False,True,False,False,False,False,False,False,False,False,False,True,True
1542,39,89,14052383.39,n2n,,-0.08113125662,2010,2011,2012,32696,False,True,False,False,False,False,False,False,False,False,False,True,True
1543,39,89,14800000,n2n,,-0.007446482168,2010,2011,2012,32696,False,True,False,False,False,False,False,False,False,False,False,True,True
1544,39,89,13796738.75,n2n,,-0.09151498112,2010,2016,2016,32729,False,True,False,False,False,False,False,False,False,False,False,True,True
1545,39,89,14800000,n2n,,-0.003488327846,2010,2016,2016,32729,False,True,False,False,False,False,False,False,False,False,False,True,True
1546,39,89,14540000,n2n,,0.002420945897,2010,2019,2020,33137,False,True,False,False,False,False,False,False,False,False,False,True,True
1547,39,89,14770000,n2n,,-0.02692759179,2010,2023,2024,33196,False,True,False,False,False,False,False,False,False,False,False,True,True
1548,39,89,13960707.11,n2n,,-0.08249449045,2010,2016,2016,41614,False,True,False,False,False,False,False,False,False,False,False,True,True
1549,39,89,14769725.79,n2n,,0.004751155591,2010,2016,2016,41614,False,True,False,False,False,False,False,False,False,False,False,True,True
1550,39,89,13796738.75,na,,-2.244125144,2010,2016,2016,32729,False,False,False,True,False,False,False,False,False,False,False,True,True
1551,39,89,14800000,na,,-2.113509275,2010,2016,2016,32729,False,False,False,True,False,False,False,False,False,False,False,True,True
1552,39,89,13960755.67,na,,-2.242098095,2010,2016,2016,41614,False,False,False,True,False,False,False,False,False,False,False,True,True
1553,39,89,14769725.79,na,,-2.1316495,2010,2016,2016,41614,False,False,False,True,False,False,False,False,False,False,False,True,True
1554,39,89,13796738.75,np,,-1.742321425,2010,2016,2016,32729,False,False,True,False,False,False,False,False,False,False,False,True,True
1555,39,89,14800000,np,,-1.701146924,2010,2016,2016,32729,False,False,True,False,False,False,False,False,False,False,False,True,True
1556,40,90,14050000,n2n,,-0.1817741064,2010,2023,2023,31858,False,True,False,False,False,False,False,False,False,False,False,True,True
1557,40,90,14075212.23,n2n,,-0.2163345861,2010,2016,2016,41614,False,True,False,False,False,False,False,False,False,False,False,True,True
1558,40,90,14780000,n2n,,-0.1051303433,2010,2016,2016,41614,False,True,False,False,False,False,False,False,False,False,False,True,True
1559,40,91,65670,capture,,-1.42945706,2010,2024,2024,32922,True,False,False,False,False,False,False,False,True,False,False,False,False
1560,40,91,101160,capture,,-1.721246399,2010,2024,2024,32922,True,False,False,False,False,False,False,False,False,True,False,False,True
1561,40,91,176720,capture,,-1.696803943,2010,2024,2024,32922,True,False,False,False,False,False,False,False,False,True,False,False,True
1562,40,92,13994964.18,np,,-1.725842151,2010,2020,2022,32814,False,False,True,False,False,False,False,False,False,False,False,True,True
1563,40,92,14800000,np,,-1.694648631,2010,2020,2022,32814,False,False,True,False,False,False,False,False,False,False,False,True,True
1564,40,92,14075212.23,np,,-1.730098077,2010,2016,2016,41614,False,False,True,False,False,False,False,False,False,False,False,True,True
1565,40,92,14780000,np,,-1.68613278,2010,2016,2016,41614,False,False,True,False,False,False,False,False,False,False,False,True,True
1566,40,94,2450000,capture,,-2.266802735,2010,2012,2012,33037,True,False,False,False,False,False,False,False,False,False,True,False,True
1567,40,94,17350000,na,,-2.107905397,2010,2016,2016,14447,False,False,False,True,False,False,False,False,False,False,False,True,True
1568,40,94,18828494.36,na,,-2.105130343,2010,2016,2016,14447,False,False,False,True,False,False,False,False,False,False,False,True,True
1569,40,94,13994964.18,na,,-2.372292851,2010,2020,2022,32814,False,False,False,True,False,False,False,False,False,False,False,True,True
1570,40,94,14800000,na,,-2.293282218,2010,2020,2022,32814,False,False,False,True,False,False,False,False,False,False,False,True,True
1571,40,94,14075212.23,na,,-2.330993219,2010,2016,2016,41614,False,False,False,True,False,False,False,False,False,False,False,True,True
1572,40,94,14780000,na,,-2.274088368,2010,2016,2016,41614,False,False,False,True,False,False,False,False,False,False,False,True,True
1573,40,94,13796738.75,np,,-2.232844134,2010,2020,2022,32814,False,False,True,False,False,False,False,False,False,False,False,True,True
1574,40,94,14800000,np,,-2.13667714,2010,2020,2022,32814,False,False,True,False,False,False,False,False,False,False,False,True,True
1575,40,96,13994964.18,capture,,-2.669586227,2010,2020,2022,32814,True,False,False,False,False,False,False,False,False,False,False,True,True
1576,40,96,14800000,capture,,-2.735182177,2010,2020,2022,32814,True,False,False,False,False,False,False,False,False,False,False,True,True
1577,40,96,13994964.18,n2n,,0.1802214821,2010,2020,2022,32814,False,True,False,False,False,False,False,False,False,False,False,True,True
1578,40,96,14800000,n2n,,0.1978316933,2010,2020,2022,32814,False,True,False,False,False,False,False,False,False,False,False,True,True
1579,40,96,14075212.23,n2n,,0.2058356716,2010,2016,2016,41614,False,True,False,False,False,False,False,False,False,False,False,True,True
1580,40,96,14780000,n2n,,0.2095150145,2010,2016,2016,41614,False,True,False,False,False,False,False,False,False,False,False,True,True
1581,41,93,14050000,n2n,,-0.3316140833,2010,2023,2023,31858,False,True,False,False,False,False,False,False,False,False,False,True,True
1582,41,93,14018736.04,na,,-1.891096872,2010,2016,2016,41614,False,False,False,True,False,False,False,False,False,False,False,True,True
1583,41,93,14773149.73,na,,-1.871816209,2010,2016,2016,41614,False,False,False,True,False,False,False,False,False,False,False,True,True
1584,42,92,13796738.75,n2n,,-0.9871627753,2010,2020,2022,32812,False,True,False,False,False,False,False,False,False,False,False,True,True
1585,42,92,14800000,n2n,,-0.8507808873,2010,2020,2022,32812,False,True,False,False,False,False,False,False,False,False,False,True,True
1586,42,92,7730000,na,,-2.443697499,2010,2014,2014,23233,False,False,False,True,False,False,False,False,False,False,True,False,True
1587,42,92,8920000,na,,-2.229147988,2010,2014,2014,23233,False,False,False,True,False,False,False,False,False,False,True,False,True
1588,42,92,10050000,na,,-2.026872146,2010,2014,2014,23233,False,False,False,True,False,False,False,False,False,False,False,True,True
1589,42,92,10920000,na,,-1.928117993,2010,2014,2014,23233,False,False,False,True,False,False,False,False,False,False,False,True,True
1590,42,92,12575261.43,na,,-1.764471553,2010,2014,2014,23233,False,False,False,True,False,False,False,False,False,False,False,True,True
1591,42,92,14480000,na,,-1.619788758,2010,2014,2014,23233,False,False,False,True,False,False,False,False,False,False,False,True,True
1592,42,92,13796738.75,na,,-1.582528307,2010,2021,2022,32855,False,False,False,True,False,False,False,False,False,False,False,True,True
1593,42,92,14800000,na,,-1.534617149,2010,2021,2022,32855,False,False,False,True,False,False,False,False,False,False,False,True,True
1594,42,92,13520000,na,,-1.590066877,2010,2020,2020,33141,False,False,False,True,False,False,False,False,False,False,False,True,True
1595,42,92,14051641.88,na,,-1.620564977,2010,2016,2016,41614,False,False,False,True,False,False,False,False,False,False,False,True,True
1596,42,92,14820000,na,,-1.568636236,2010,2016,2016,41614,False,False,False,True,False,False,False,False,False,False,False,True,True
1597,42,95,8080000,np,,-2.244125144,2010,2014,2014,23233,False,False,True,False,False,False,False,False,False,False,True,False,True
1598,42,95,10050000,np,,-1.821023053,2010,2014,2014,23233,False,False,True,False,False,False,False,False,False,False,False,True,True
1599,42,95,12575261.43,np,,-1.496890563,2010,2014,2014,23233,False,False,True,False,False,False,False,False,False,False,False,True,True
1600,42,95,13796738.75,np,,-1.387216143,2010,2021,2022,32855,False,False,True,False,False,False,False,False,False,False,False,True,True
1601,42,95,14800000,np,,-1.35261703,2010,2021,2022,32855,False,False,True,False,False,False,False,False,False,False,False,True,True
1602,42,95,176090,total,,0.9684829486,2010,2015,2015,14421,False,False,False,False,True,False,False,False,False,True,False,False,True
1603,42,95,214981,total,,0.9666109867,2010,2015,2015,14421,False,False,False,False,True,False,False,False,False,True,False,False,True
1604,42,95,268338,total,,0.9637878273,2010,2015,2015,14421,False,False,False,False,True,False,False,False,False,True,False,False,True
1605,42,95,312444,total,,0.9609461957,2010,2015,2015,14421,False,False,False,False,True,False,False,False,False,True,False,False,True
1606,42,95,344431.1336,total,,0.9506082248,2010,2015,2015,14421,False,False,False,False,True,False,False,False,False,True,False,False,True
1607,42,95,381373,total,,0.946452265,2010,2015,2015,14421,False,False,False,False,True,False,False,False,False,True,False,False,True
1608,42,95,424867.6087,total,,0.9339931638,2010,2015,2015,14421,False,False,False,False,True,False,False,False,False,True,False,False,True
1609,42,95,475908,total,,0.9370161075,2010,2015,2015,14421,False,False,False,False,True,False,False,False,False,True,False,False,True
1610,42,95,515349,total,,0.9299295601,2010,2015,2015,14421,False,False,False,False,True,False,False,False,False,True,False,False,True
1611,42,95,559905,total,,0.9153998352,2010,2015,2015,14421,False,False,False,False,True,False,False,False,False,True,False,False,True
1612,42,96,8920000,np,,-2.835647144,2010,2014,2014,23233,False,False,True,False,False,False,False,False,False,False,True,False,True
1613,42,96,10920000,np,,-2.193820026,2010,2014,2014,23233,False,False,True,False,False,False,False,False,False,False,False,True,True
1614,42,96,12575261.43,np,,-1.871277716,2010,2014,2014,23233,False,False,True,False,False,False,False,False,False,False,False,True,True
1615,42,96,13796738.75,np,,-1.619788758,2010,2020,2022,32812,False,False,True,False,False,False,False,False,False,False,False,True,True
1616,42,96,14800000,np,,-1.537602002,2010,2020,2022,32812,False,False,True,False,False,False,False,False,False,False,False,True,True
1617,42,96,14540000,np,,-1.600326279,2010,2020,2020,33147,False,False,True,False,False,False,False,False,False,False,False,True,True
1618,42,96,14770000,np,,-1.633017024,2010,2023,2024,33196,False,False,True,False,False,False,False,False,False,False,False,True,True
1619,42,97,8920000,np,,-2.982966661,2010,2014,2014,23233,False,False,True,False,False,False,False,False,False,False,True,False,True
1620,42,97,10920000,np,,-2.346787486,2010,2014,2014,23233,False,False,True,False,False,False,False,False,False,False,False,True,True
1621,42,97,12575261.43,np,,-1.982966661,2010,2014,2014,23233,False,False,True,False,False,False,False,False,False,False,False,True,True
1622,42,97,13796738.75,np,,-1.765735876,2010,2020,2022,32812,False,False,True,False,False,False,False,False,False,False,False,True,True
1623,42,97,14800000,np,,-1.709965389,2010,2020,2022,32812,False,False,True,False,False,False,False,False,False,False,False,True,True
1624,42,97,13520000,np,,-1.747146969,2010,2020,2020,33141,False,False,True,False,False,False,False,False,False,False,False,True,True
1625,42,97,14540000,np,,-1.732828272,2010,2020,2021,33153,False,False,True,False,False,False,False,False,False,False,False,True,True
1626,42,97,14770000,np,,-1.850165303,2010,2023,2024,33196,False,False,True,False,False,False,False,False,False,False,False,True,True
1627,42,98,3200000,capture,,-1.93930216,2010,2012,2011,33038,True,False,False,False,False,False,False,False,False,False,True,False,True
1628,42,98,1670000,capture,,-1.964666338,2010,2023,2024,33197,True,False,False,False,False,False,False,False,False,False,True,False,True
1629,42,98,2060000,capture,,-1.912190198,2010,2023,2024,33197,True,False,False,False,False,False,False,False,False,False,True,False,True
1630,42,98,2660000,capture,,-2.0839147,2010,2023,2024,33197,True,False,False,False,False,False,False,False,False,False,True,False,True
1631,42,98,12575261.43,na,,-2.462180905,2010,2014,2014,23233,False,False,False,True,False,False,False,False,False,False,False,True,True
1632,42,98,13796738.75,na,,-2.255707017,2010,2020,2022,32812,False,False,False,True,False,False,False,False,False,False,False,True,True
1633,42,98,14800000,na,,-2.236572006,2010,2020,2022,32812,False,False,False,True,False,False,False,False,False,False,False,True,True
1634,42,98,13960707.11,na,,-2.25052135,2010,2016,2016,41614,False,False,False,True,False,False,False,False,False,False,False,True,True
1635,42,98,14769725.79,na,,-2.18608558,2010,2016,2016,41614,False,False,False,True,False,False,False,False,False,False,False,True,True
1636,42,100,8920000,n2n,,-0.8601209136,2010,2014,2014,23233,False,True,False,False,False,False,False,False,False,False,True,False,True
1637,42,100,10090000,n2n,,-0.1237821594,2010,2014,2014,23233,False,True,False,False,False,False,False,False,False,False,False,True,True
1638,42,100,11770000,n2n,,0.1136091511,2010,2014,2014,23233,False,True,False,False,False,False,False,False,False,False,False,True,True
1639,42,100,12575261.43,n2n,,0.1417632303,2010,2014,2014,23233,False,True,False,False,False,False,False,False,False,False,False,True,True
1640,42,100,14480000,n2n,,0.1869563355,2010,2014,2014,23233,False,True,False,False,False,False,False,False,False,False,False,True,True
1641,42,100,13796738.75,n2n,,0.1562461904,2010,2020,2022,32812,False,True,False,False,False,False,False,False,False,False,False,True,True
1642,42,100,14800000,n2n,,0.1571544399,2010,2020,2022,32812,False,True,False,False,False,False,False,False,False,False,False,True,True
1643,42,100,11900000,n2n,,0.1178411404,2010,2017,2019,33108,False,True,False,False,False,False,False,False,False,False,False,True,True
1644,42,100,15750000,n2n,,0.1717206045,2010,2017,2019,33108,False,True,False,False,False,False,False,False,False,False,False,True,True
1645,42,100,14540000,n2n,,0.1841375652,2010,2020,2020,33147,False,True,False,False,False,False,False,False,False,False,False,True,True
1646,42,100,13590000,n2n,,0.1676126727,2010,2020,2021,33164,False,True,False,False,False,False,False,False,False,False,False,True,True
1647,42,100,14770000,n2n,,0.1938172465,2010,2023,2024,33196,False,True,False,False,False,False,False,False,False,False,False,True,True
1648,42,100,14050170.81,n2n,,0.1546413051,2010,2016,2016,41614,False,True,False,False,False,False,False,False,False,False,False,True,True
1649,42,100,14860000,n2n,,0.1625644065,2010,2016,2016,41614,False,True,False,False,False,False,False,False,False,False,False,True,True
1650,42,100,12575261.43,na,,-2.838631998,2010,2014,2014,23233,False,False,False,True,False,False,False,False,False,False,False,True,True
1651,42,100,14480000,na,,-2.508638306,2010,2014,2014,23233,False,False,False,True,False,False,False,False,False,False,False,True,True
1652,42,100,13796738.75,na,,-2.709965389,2010,2020,2022,32812,False,False,False,True,False,False,False,False,False,False,False,True,True
1653,42,100,14800000,na,,-2.638272164,2010,2020,2022,32812,False,False,False,True,False,False,False,False,False,False,False,True,True
1654,42,100,14115727.21,na,,-2.604382427,2010,2016,2016,41614,False,False,False,True,False,False,False,False,False,False,False,True,True
1655,43,99,13933980.48,na,,-2.239326261,2010,2016,2016,41614,False,False,False,True,False,False,False,False,False,False,False,True,True
1656,43,99,14739877.88,na,,-2.196201592,2010,2016,2016,41614,False,False,False,True,False,False,False,False,False,False,False,True,True
1657,43,99,13933980.48,np,,-1.836639818,2010,2016,2016,41614,False,False,True,False,False,False,False,False,False,False,False,True,True
1658,43,99,14739877.88,np,,-1.802719442,2010,2016,2016,41614,False,False,True,False,False,False,False,False,False,False,False,True,True
1659,43,99,1500,total,,1.12904506,2010,2020,2021,23730,False,False,False,False,True,False,False,True,False,False,False,False,False
1660,43,99,1700,total,,1.088844563,2010,2020,2021,23730,False,False,False,False,True,False,False,True,False,False,False,False,False
1661,43,99,1900,total,,1.045322979,2010,2020,2021,23730,False,False,False,False,True,False,False,True,False,False,False,False,False
1662,43,99,2250,total,,1.01911629,2010,2020,2021,23730,False,False,False,False,True,False,False,True,False,False,False,False,False
1663,43,99,2750,total,,1.063708559,2010,2020,2021,23730,False,False,False,False,True,False,False,True,False,False,False,False,False
1664,43,99,3250,total,,1.009025742,2010,2020,2021,23730,False,False,False,False,True,False,False,True,False,False,False,False,False
1665,43,99,3750,total,,1.003460532,2010,2020,2021,23730,False,False,False,False,True,False,False,True,False,False,False,False,False
1666,43,99,4250,total,,0.9995654882,2010,2020,2021,23730,False,False,False,False,True,False,False,True,False,False,False,False,False
1667,43,99,4750,total,,0.9795483747,2010,2020,2021,23730,False,False,False,False,True,False,False,True,False,False,False,False,False
1668,43,99,6250,total,,0.9840770339,2010,2020,2021,23730,False,False,False,False,True,False,False,True,False,False,False,False,False
1669,43,99,8750,total,,0.9777236053,2010,2020,2021,23730,False,False,False,False,True,False,False,True,False,False,False,False,False
1670,43,99,12500,total,,0.9726655923,2010,2020,2021,23730,False,False,False,False,True,False,False,False,True,False,False,False,False
1671,43,99,17500,total,,0.9703468762,2010,2020,2021,23730,False,False,False,False,True,False,False,False,True,False,False,False,False
1672,43,99,22500,total,,0.9786369484,2010,2020,2021,23730,False,False,False,False,True,False,False,False,True,False,False,False,False
1673,43,99,27500,total,,0.9885589569,2010,2020,2021,23730,False,False,False,False,True,False,False,False,True,False,False,False,False
1674,43,99,35000,total,,0.9929950984,2010,2020,2021,23730,False,False,False,False,True,False,False,False,True,False,False,False,False
1675,43,99,45000,total,,0.9898945637,2010,2020,2021,23730,False,False,False,False,True,False,False,False,True,False,False,False,False
1676,43,99,55000,total,,0.9907826918,2010,2020,2021,23730,False,False,False,False,True,False,False,False,True,False,False,False,False
1677,43,99,65000,total,,0.9938769149,2010,2020,2021,23730,False,False,False,False,True,False,False,False,True,False,False,False,False
1678,43,99,75000,total,,1.000434077,2010,2020,2021,23730,False,False,False,False,True,False,False,False,True,False,False,False,False
1679,43,99,85000,total,,0.9973863844,2010,2020,2021,23730,False,False,False,False,True,False,False,False,True,False,False,False,False
1680,43,99,105000,total,,0.9876662649,2010,2020,2021,23730,False,False,False,False,True,False,False,False,False,True,False,False,True
1681,43,99,125000,total,,0.9956351946,2010,2020,2021,23730,False,False,False,False,True,False,False,False,False,True,False,False,True
1682,43,99,139910.6858,total,,0.9993480692,2010,2020,2021,23730,False,False,False,False,True,False,False,False,False,True,False,False,True
1683,43,99,155000,total,,0.9854264741,2010,2020,2021,23730,False,False,False,False,True,False,False,False,False,True,False,False,True
1684,43,99,165000,total,,0.9772662124,2010,2020,2021,23730,False,False,False,False,True,False,False,False,False,True,False,False,True
1685,45,103,16860000,n2n,,0.1707749359,2010,2023,2023,33195,False,True,False,False,False,False,False,False,False,False,False,True,True
1686,45,103,19890000,n2n,,0.01513752088,2010,2023,2023,33195,False,True,False,False,False,False,False,False,False,False,False,True,True
1687,45,103,14017001.01,n2n,,0.1067007324,2010,2016,2016,41614,False,True,False,False,False,False,False,False,False,False,False,True,True
1688,45,103,14860000,n2n,,0.1417632303,2010,2016,2016,41614,False,True,False,False,False,False,False,False,False,False,False,True,True
1689,45,103,14017001.01,np,,-1.675717545,2010,2016,2016,41614,False,False,True,False,False,False,False,False,False,False,False,True,True
1690,45,103,14860000,np,,-1.653647026,2010,2016,2016,41614,False,False,True,False,False,False,False,False,False,False,False,True,True
1691,45,103,2584461.575,total,,0.6246651009,2010,2020,2020,14661,False,False,False,False,True,False,False,False,False,False,True,False,True
1692,45,103,2809252.091,total,,0.6120132582,2010,2020,2020,14661,False,False,False,False,True,False,False,False,False,False,True,False,True
1693,45,103,3108163.818,total,,0.6029745639,2010,2020,2020,14661,False,False,False,False,True,False,False,False,False,False,True,False,True
1694,45,103,3435325.325,total,,0.5980441788,2010,2020,2020,14661,False,False,False,False,True,False,False,False,False,False,True,False,True
1695,45,103,3791528.281,total,,0.5869763691,2010,2020,2020,14661,False,False,False,False,True,False,False,False,False,False,True,False,True
1696,45,103,4196370.367,total,,0.5784322744,2010,2020,2020,14661,False,False,False,False,True,False,False,False,False,False,True,False,True
1697,45,103,4646452.128,total,,0.5801254118,2010,2020,2020,14661,False,False,False,False,True,False,False,False,False,False,True,False,True
1698,45,103,5132842.259,total,,0.5855331554,2010,2020,2020,14661,False,False,False,False,True,False,False,False,False,False,True,False,True
1699,45,103,5668716.927,total,,0.5894620645,2010,2020,2020,14661,False,False,False,False,True,False,False,False,False,False,True,False,True
1700,45,103,6257030.423,total,,0.591457456,2010,2020,2020,14661,False,False,False,False,True,False,False,False,False,False,True,False,True
1701,45,103,6921428.708,total,,0.5998805687,2010,2020,2020,14661,False,False,False,False,True,False,False,False,False,False,True,False,True
1702,45,103,7648210.956,total,,0.6105522147,2010,2020,2020,14661,False,False,False,False,True,False,False,False,False,False,True,False,True
1703,45,103,8440002.567,total,,0.6146435224,2010,2020,2020,14661,False,False,False,False,True,False,False,False,False,False,True,False,True
1704,45,103,9328420.124,total,,0.624668103,2010,2020,2020,14661,False,False,False,False,True,False,False,False,False,False,True,False,True
1705,45,103,10327595.46,total,,0.6288878995,2010,2020,2020,14661,False,False,False,False,True,False,False,False,False,False,False,True,True
1706,45,103,11406427.44,total,,0.6225490295,2010,2020,2020,14661,False,False,False,False,True,False,False,False,False,False,False,True,True
1707,45,103,12561848.22,total,,0.6161741515,2010,2020,2020,14661,False,False,False,False,True,False,False,False,False,False,False,True,True
1708,45,103,13903370,total,,0.6090861011,2010,2020,2020,14661,False,False,False,False,True,False,False,False,False,False,False,True,True
1709,45,103,15402638.41,total,,0.5876225056,2010,2020,2020,14661,False,False,False,False,True,False,False,False,False,False,False,True,True
1710,45,103,16995573.77,total,,0.5738545029,2010,2020,2020,14661,False,False,False,False,True,False,False,False,False,False,False,True,True
1711,45,103,18758520.98,total,,0.5477482532,2010,2020,2020,14661,False,False,False,False,True,False,False,False,False,False,False,True,True
1712,45,103,19843930,total,,0.5293995522,2010,2020,2020,14661,False,False,False,False,True,False,False,False,False,False,False,True,True
1713,46,102,14540000,n2n,,-0.03796231343,2010,2020,2020,33146,False,True,False,False,False,False,False,False,False,False,False,True,True
1714,46,102,14770000,n2n,,-0.02273378757,2010,2024,2026,33224,False,True,False,False,False,False,False,False,False,False,False,True,True
1715,46,102,13960586.54,n2n,,-0.02541155645,2010,2016,2016,41614,False,True,False,False,False,False,False,False,False,False,False,True,True
1716,46,102,14774694.58,n2n,,0.02077548819,2010,2016,2016,41614,False,True,False,False,False,False,False,False,False,False,False,True,True
1717,46,105,20000,capture,,0.1571544399,2010,2014,2012,23187,True,False,False,False,False,False,False,False,True,False,False,False,False
1718,46,105,30000,capture,,0.06744284278,2010,2014,2012,23187,True,False,False,False,False,False,False,False,True,False,False,False,False
1719,46,105,45000,capture,,-0.01772876696,2010,2014,2012,23187,True,False,False,False,False,False,False,False,True,False,False,False,False
1720,46,105,77500,capture,,-0.1249387366,2010,2014,2012,23187,True,False,False,False,False,False,False,False,True,False,False,False,False
1721,46,105,20400,capture,,0.1287222843,2010,2014,2012,23187,True,False,False,False,False,False,False,False,True,False,False,False,False
1722,46,105,30100,capture,,0.05076631123,2010,2014,2012,23187,True,False,False,False,False,False,False,False,True,False,False,False,False
1723,46,105,44800,capture,,-0.02594909721,2010,2014,2012,23187,True,False,False,False,False,False,False,False,True,False,False,False,False
1724,46,105,71400,capture,,-0.1106982975,2010,2014,2012,23187,True,False,False,False,False,False,False,False,True,False,False,False,False
1725,46,105,14540000,np,,-1.363512104,2010,2020,2020,33146,False,False,True,False,False,False,False,False,False,False,False,True,True
1726,46,105,14770000,np,,-1.337242168,2010,2024,2026,33224,False,False,True,False,False,False,False,False,False,False,False,True,True
1727,46,105,13990148.72,np,,-1.466397389,2010,2016,2016,41614,False,False,True,False,False,False,False,False,False,False,False,True,True
1728,46,105,14880000,np,,-1.37675071,2010,2016,2016,41614,False,False,True,False,False,False,False,False,False,False,False,True,True
1729,46,106,13962242.1,na,,-2.317253408,2010,2016,2016,41614,False,False,False,True,False,False,False,False,False,False,False,True,True
1730,46,106,14774694.58,na,,-2.23395914,2010,2016,2016,41614,False,False,False,True,False,False,False,False,False,False,False,True,True
1731,46,108,13962242.1,na,,-2.60292945,2010,2016,2016,41614,False,False,False,True,False,False,False,False,False,False,False,True,True
1732,46,108,14774694.58,na,,-2.455931956,2010,2016,2016,41614,False,False,False,True,False,False,False,False,False,False,False,True,True
1733,46,110,13796738.75,n2n,,0.2233661264,2010,2018,2019,32776,False,True,False,False,False,False,False,False,False,False,False,True,True
1734,46,110,14800000,n2n,,0.2242740143,2010,2018,2019,32776,False,True,False,False,False,False,False,False,False,False,False,True,True
1735,46,110,14540000,n2n,,0.2799861609,2010,2020,2020,33146,False,True,False,False,False,False,False,False,False,False,False,True,True
1736,46,110,13990148.72,n2n,,0.1517783097,2010,2016,2016,41614,False,True,False,False,False,False,False,False,False,False,False,True,True
1737,46,110,14880000,n2n,,0.1947917577,2010,2016,2016,41614,False,True,False,False,False,False,False,False,False,False,False,True,True
1738,47,107,2889.57208,capture,,0.334834346,2010,2022,2024,32913,True,False,False,False,False,False,False,True,False,False,False,False,False
1739,47,107,3136.933431,capture,,0.1905657138,2010,2022,2024,32913,True,False,False,False,False,False,False,True,False,False,False,False,False
1740,47,107,3465.108732,capture,,0.1090097651,2010,2022,2024,32913,True,False,False,False,False,False,False,True,False,False,False,False,False
1741,47,107,3827.514698,capture,,0.2607207682,2010,2022,2024,32913,True,False,False,False,False,False,False,True,False,False,False,False,False
1742,47,107,4233.181287,capture,,0.174685145,2010,2022,2024,32913,True,False,False,False,False,False,False,True,False,False,False,False,False
1743,47,107,4677.353567,capture,,0.2941578584,2010,2022,2024,32913,True,False,False,False,False,False,False,True,False,False,False,False,False
1744,47,107,5168.131238,capture,,0.2112397617,2010,2022,2024,32913,True,False,False,False,False,False,False,True,False,False,False,False,False
1745,47,107,5710.404418,capture,,0.1896218983,2010,2022,2024,32913,True,False,False,False,False,False,False,True,False,False,False,False,False
1746,47,107,6309.576344,capture,,0.2179632764,2010,2022,2024,32913,True,False,False,False,False,False,False,True,False,False,False,False,False
1747,47,107,6971.617215,capture,,0.09798147774,2010,2022,2024,32913,True,False,False,False,False,False,False,True,False,False,False,False,False
1748,47,107,7703.123598,capture,,0.1634847039,2010,2022,2024,32913,True,False,False,False,False,False,False,True,False,False,False,False,False
1749,47,107,8511.384302,capture,,0.1963882035,2010,2022,2024,32913,True,False,False,False,False,False,False,True,False,False,False,False,False
1750,47,107,9413.479901,capture,,0.1769175713,2010,2022,2024,32913,True,False,False,False,False,False,False,True,False,False,False,False,False
1751,47,107,10411.18587,capture,,0.1210711806,2010,2022,2024,32913,True,False,False,False,False,False,False,False,True,False,False,False,False
1752,47,107,11503.59368,capture,,0.09318415247,2010,2022,2024,32913,True,False,False,False,False,False,False,False,True,False,False,False,False
1753,47,107,12710.62385,capture,,0.1090420446,2010,2022,2024,32913,True,False,False,False,False,False,False,False,True,False,False,False,False
1754,47,107,14044.3033,capture,,0.09261294146,2010,2022,2024,32913,True,False,False,False,False,False,False,False,True,False,False,False,False
1755,47,107,15517.92088,capture,,0.08610694345,2010,2022,2024,32913,True,False,False,False,False,False,False,False,True,False,False,False,False
1756,47,107,17146.15978,capture,,0.1029812027,2010,2022,2024,32913,True,False,False,False,False,False,False,False,True,False,False,False,False
1757,47,107,18945.24387,capture,,0.08072331281,2010,2022,2024,32913,True,False,False,False,False,False,False,False,True,False,False,False,False
1758,47,107,20953.19236,capture,,0.03376131782,2010,2022,2024,32913,True,False,False,False,False,False,False,False,True,False,False,False,False
1759,47,107,23173.95717,capture,,-0.002357255211,2010,2022,2024,32913,True,False,False,False,False,False,False,False,True,False,False,False,False
1760,47,107,25605.51607,capture,,-0.0776708903,2010,2022,2024,32913,True,False,False,False,False,False,False,False,True,False,False,False,False
1761,47,107,28292.20958,capture,,0.02934011969,2010,2022,2024,32913,True,False,False,False,False,False,False,False,True,False,False,False,False
1762,47,107,31260.80806,capture,,-0.02005943337,2010,2022,2024,32913,True,False,False,False,False,False,False,False,True,False,False,False,False
1763,47,107,34540.89076,capture,,-0.07666330403,2010,2022,2024,32913,True,False,False,False,False,False,False,False,True,False,False,False,False
1764,47,107,38165.14058,capture,,-0.07406858993,2010,2022,2024,32913,True,False,False,False,False,False,False,False,True,False,False,False,False
1765,47,107,42169.66975,capture,,-0.144197115,2010,2022,2024,32913,True,False,False,False,False,False,False,False,True,False,False,False,False
1766,47,107,46594.37957,capture,,-0.1523487531,2010,2022,2024,32913,True,False,False,False,False,False,False,False,True,False,False,False,False
1767,47,107,51532.77544,capture,,-0.1709157425,2010,2022,2024,32913,True,False,False,False,False,False,False,False,True,False,False,False,False
1768,47,107,56994.5768,capture,,-0.2062943771,2010,2022,2024,32913,True,False,False,False,False,False,False,False,True,False,False,False,False
1769,47,107,62974.8101,capture,,-0.2550306854,2010,2022,2024,32913,True,False,False,False,False,False,False,False,True,False,False,False,False
1770,47,107,69582.52749,capture,,-0.2877131713,2010,2022,2024,32913,True,False,False,False,False,False,False,False,True,False,False,False,False
1771,47,107,76883.56861,capture,,-0.2992117414,2010,2022,2024,32913,True,False,False,False,False,False,False,False,True,False,False,False,False
1772,47,107,84950.68136,capture,,-0.2899763709,2010,2022,2024,32913,True,False,False,False,False,False,False,False,True,False,False,False,False
1773,47,107,93864.24687,capture,,-0.2941234971,2010,2022,2024,32913,True,False,False,False,False,False,False,False,True,False,False,False,False
1774,47,107,99330.7085,capture,,-0.3188502843,2010,2022,2024,32913,True,False,False,False,False,False,False,False,True,False,False,False,False
1775,48,106,13960707.11,n2n,,-0.3303732411,2010,2016,2016,41614,False,True,False,False,False,False,False,False,False,False,False,True,True
1776,48,106,14783138.34,n2n,,-0.2668027349,2010,2016,2016,41614,False,True,False,False,False,False,False,False,False,False,False,True,True
1777,48,108,14094673.02,n2n,,0.1038892036,2010,2016,2016,41614,False,True,False,False,False,False,False,False,False,False,False,True,True
1778,48,108,14810000,n2n,,0.1373541114,2010,2016,2016,41614,False,True,False,False,False,False,False,False,False,False,False,True,True
1779,48,110,14094673.02,n2n,,0.170921459,2010,2016,2016,41614,False,True,False,False,False,False,False,False,False,False,False,True,True
1780,48,111,14094673.02,np,,-1.628009089,2010,2016,2016,41614,False,False,True,False,False,False,False,False,False,False,False,True,True
1781,48,111,14880000,np,,-1.508638306,2010,2016,2016,41614,False,False,True,False,False,False,False,False,False,False,False,True,True
1782,48,112,14094673.02,na,,-2.476578726,2010,2016,2016,41614,False,False,False,True,False,False,False,False,False,False,False,True,True
1783,48,112,14880000,na,,-2.313363731,2010,2016,2016,41614,False,False,False,True,False,False,False,False,False,False,False,True,True
1784,48,112,14540000,np,,-1.726767166,2010,2024,2025,33209,False,False,True,False,False,False,False,False,False,False,False,True,True
1785,48,112,14540000,np,,-1.654822383,2010,2024,2025,33209,False,False,True,False,False,False,False,False,False,False,False,True,True
1786,48,112,13960654.84,np,,-1.896766594,2010,2016,2016,41614,False,False,True,False,False,False,False,False,False,False,False,True,True
1787,48,112,14783138.34,np,,-1.788701433,2010,2016,2016,41614,False,False,True,False,False,False,False,False,False,False,False,True,True
1788,48,116,13975896.9,n2n,,0.1451964061,2010,2016,2016,41614,False,True,False,False,False,False,False,False,False,False,False,True,True
1789,48,116,14880000,n2n,,0.1205739312,2010,2016,2016,41614,False,True,False,False,False,False,False,False,False,False,False,True,True
1790,49,113,13796738.75,n2n,,0.1589652604,2010,2017,2018,32775,False,True,False,False,False,False,False,False,False,False,False,True,True
1791,49,113,14800000,n2n,,0.1746411927,2010,2017,2018,32775,False,True,False,False,False,False,False,False,False,False,False,True,True
1792,49,115,13796738.75,n2n,,0.1346551423,2010,2017,2018,32775,False,True,False,False,False,False,False,False,False,False,False,True,True
1793,49,115,14800000,n2n,,0.1667260556,2010,2017,2018,32775,False,True,False,False,False,False,False,False,False,False,False,True,True
1794,49,115,14075212.23,na,,-2.692147545,2010,2016,2016,41614,False,False,False,True,False,False,False,False,False,False,False,True,True
1795,49,115,14780000,na,,-2.588380294,2010,2016,2016,41614,False,False,False,True,False,False,False,False,False,False,False,True,True
1796,49,115,13960707.11,np,,-2.039687811,2010,2016,2016,41614,False,False,True,False,False,False,False,False,False,False,False,True,True
1797,49,115,14769725.79,np,,-1.960585881,2010,2016,2016,41614,False,False,True,False,False,False,False,False,False,False,False,True,True
1798,50,112,14500000,n2n,,-0.0390965706,2010,2021,2021,33161,False,True,False,False,False,False,False,False,False,False,False,True,True
1799,50,112,13929131.63,n2n,,-0.1557299764,2010,2016,2016,41614,False,True,False,False,False,False,False,False,False,False,False,True,True
1800,50,112,14789767.56,n2n,,-0.0895534753,2010,2016,2016,41614,False,True,False,False,False,False,False,False,False,False,False,True,True
1801,50,112,3128503.737,total,,0.6368568833,2010,2020,2020,14661,False,False,False,False,True,False,False,False,False,False,True,False,True
1802,50,112,3430398.192,total,,0.6224077658,2010,2020,2020,14661,False,False,False,False,True,False,False,False,False,False,True,False,True
1803,50,112,3793428.459,total,,0.6110394941,2010,2020,2020,14661,False,False,False,False,True,False,False,False,False,False,True,False,True
1804,50,112,4199448.443,total,,0.6073425478,2010,2020,2020,14661,False,False,False,False,True,False,False,False,False,False,True,False,True
1805,50,112,4643049.72,total,,0.5994039233,2010,2020,2020,14661,False,False,False,False,True,False,False,False,False,False,True,False,True
1806,50,112,5124738.318,total,,0.6029509832,2010,2020,2020,14661,False,False,False,False,True,False,False,False,False,False,True,False,True
1807,50,112,5657520.78,total,,0.6054792678,2010,2020,2020,14661,False,False,False,False,True,False,False,False,False,False,True,False,True
1808,50,112,6262329.486,total,,0.607796266,2010,2020,2020,14661,False,False,False,False,True,False,False,False,False,False,True,False,True
1809,50,112,6931239.215,total,,0.6130473547,2010,2020,2020,14661,False,False,False,False,True,False,False,False,False,False,True,False,True
1810,50,112,7647552.843,total,,0.6216775762,2010,2020,2020,14661,False,False,False,False,True,False,False,False,False,False,True,False,True
1811,50,112,8456004.443,total,,0.6279671742,2010,2020,2020,14661,False,False,False,False,True,False,False,False,False,False,True,False,True
1812,50,112,9340287.126,total,,0.6432263896,2010,2020,2020,14661,False,False,False,False,True,False,False,False,False,False,True,False,True
1813,50,112,10302230.55,total,,0.6441062583,2010,2020,2020,14661,False,False,False,False,True,False,False,False,False,False,False,True,True
1814,50,112,11381747.29,total,,0.6461405629,2010,2020,2020,14661,False,False,False,False,True,False,False,False,False,False,False,True,True
1815,50,112,12594944.32,total,,0.6467165548,2010,2020,2020,14661,False,False,False,False,True,False,False,False,False,False,False,True,True
1816,50,112,13960067.13,total,,0.6433292798,2010,2020,2020,14661,False,False,False,False,True,False,False,False,False,False,False,True,True
1817,50,112,15432810.1,total,,0.6305999822,2010,2020,2020,14661,False,False,False,False,True,False,False,False,False,False,False,True,True
1818,50,112,17006603.13,total,,0.6137982077,2010,2020,2020,14661,False,False,False,False,True,False,False,False,False,False,False,True,True
1819,50,112,18750306.32,total,,0.5979765487,2010,2020,2020,14661,False,False,False,False,True,False,False,False,False,False,False,True,True
1820,50,112,19814810,total,,0.5921667607,2010,2020,2020,14661,False,False,False,False,True,False,False,False,False,False,False,True,True
1821,50,117,13863938.83,np,,-1.913640169,2010,2016,2016,41614,False,False,True,False,False,False,False,False,False,False,False,True,True
1822,50,117,14789767.56,np,,-1.779891912,2010,2016,2016,41614,False,False,True,False,False,False,False,False,False,False,False,True,True
1823,50,118,14600000,na,,-2.782516056,2010,2011,2011,32692,False,False,False,True,False,False,False,False,False,False,False,True,True
1824,50,120,14800000,np,,-2.707743929,2010,2012,2011,33034,False,False,True,False,False,False,False,False,False,False,False,True,True
1825,50,124,14025454.17,n2n,,0.2717486994,2010,2016,2016,41614,False,True,False,False,False,False,False,False,False,False,False,True,True
1826,50,124,14789726.16,n2n,,0.2718416065,2010,2016,2016,41614,False,True,False,False,False,False,False,False,False,False,False,True,True
1827,50,124,3128503.737,total,,0.646757275,2010,2020,2020,14661,False,False,False,False,True,False,False,False,False,False,True,False,True
1828,50,124,3430398.192,total,,0.6349992646,2010,2020,2020,14661,False,False,False,False,True,False,False,False,False,False,True,False,True
1829,50,124,3793428.459,total,,0.6258980037,2010,2020,2020,14661,False,False,False,False,True,False,False,False,False,False,True,False,True
1830,50,124,4199448.443,total,,0.6230364426,2010,2020,2020,14661,False,False,False,False,True,False,False,False,False,False,True,False,True
1831,50,124,4643049.72,total,,0.6201687181,2010,2020,2020,14661,False,False,False,False,True,False,False,False,False,False,True,False,True
1832,50,124,5124738.318,total,,0.6213495593,2010,2020,2020,14661,False,False,False,False,True,False,False,False,False,False,True,False,True
1833,50,124,5657520.78,total,,0.6206508105,2010,2020,2020,14661,False,False,False,False,True,False,False,False,False,False,True,False,True
1834,50,124,6262329.486,total,,0.6197681549,2010,2020,2020,14661,False,False,False,False,True,False,False,False,False,False,True,False,True
1835,50,124,6931239.215,total,,0.6204082571,2010,2020,2020,14661,False,False,False,False,True,False,False,False,False,False,True,False,True
1836,50,124,7647552.843,total,,0.629762013,2010,2020,2020,14661,False,False,False,False,True,False,False,False,False,False,True,False,True
1837,50,124,8456004.443,total,,0.6400085943,2010,2020,2020,14661,False,False,False,False,True,False,False,False,False,False,True,False,True
1838,50,124,9340287.126,total,,0.6567622701,2010,2020,2020,14661,False,False,False,False,True,False,False,False,False,False,True,False,True
1839,50,124,10302230.55,total,,0.6670677388,2010,2020,2020,14661,False,False,False,False,True,False,False,False,False,False,False,True,True
1840,50,124,11381747.29,total,,0.6711553145,2010,2020,2020,14661,False,False,False,False,True,False,False,False,False,False,False,True,True
1841,50,124,12594944.32,total,,0.6726776301,2010,2020,2020,14661,False,False,False,False,True,False,False,False,False,False,False,True,True
1842,50,124,13960067.13,total,,0.6659064997,2010,2020,2020,14661,False,False,False,False,True,False,False,False,False,False,False,True,True
1843,50,124,15432810.1,total,,0.6549500716,2010,2020,2020,14661,False,False,False,False,True,False,False,False,False,False,False,True,True
1844,50,124,17006603.13,total,,0.6412758474,2010,2020,2020,14661,False,False,False,False,True,False,False,False,False,False,False,True,True
1845,50,124,18750306.32,total,,0.6220113866,2010,2020,2020,14661,False,False,False,False,True,False,False,False,False,False,False,True,True
1846,50,124,19814810,total,,0.6155134347,2010,2020,2020,14661,False,False,False,False,True,False,False,False,False,False,False,True,True
1847,51,121,1660000,capture,,-1.126377183,2010,2025,2026,33221,True,False,False,False,False,False,False,False,False,False,True,False,True
1848,51,121,2650000,capture,,-1.326822369,2010,2025,2026,33221,True,False,False,False,False,False,False,False,False,False,True,False,True
1849,51,121,3050000,capture,,-1.324459944,2010,2025,2026,33221,True,False,False,False,False,False,False,False,False,False,True,False,True
1850,51,123,13796738.75,n2n,,0.2343907224,2010,2018,2020,32780,False,True,False,False,False,False,False,False,False,False,False,True,True
1851,51,123,14800000,n2n,,0.2678754193,2010,2018,2020,32780,False,True,False,False,False,False,False,False,False,False,False,True,True
1852,52,120,13985179.52,n2n,,0.03638932867,2010,2016,2016,41614,False,True,False,False,False,False,False,False,False,False,False,True,True
1853,52,120,14749783.05,n2n,,0.09760432887,2010,2016,2016,41614,False,True,False,False,False,False,False,False,False,False,False,True,True
1854,52,122,13796738.75,n2n,,0.01786771896,2010,2020,2020,32803,False,True,False,False,False,False,False,False,False,False,False,True,True
1855,52,122,14800000,n2n,,0.06520612805,2010,2020,2020,32803,False,True,False,False,False,False,False,False,False,False,False,True,True
1856,52,122,14114405.29,n2n,,0.1730405076,2010,2016,2016,41614,False,True,False,False,False,False,False,False,False,False,False,True,True
1857,52,122,14749783.05,n2n,,0.1747864174,2010,2016,2016,41614,False,True,False,False,False,False,False,False,False,False,False,True,True
1858,52,122,13985179.52,np,,-1.872247484,2010,2016,2016,41614,False,False,True,False,False,False,False,False,False,False,False,True,True
1859,52,122,14749783.05,np,,-1.795880017,2010,2016,2016,41614,False,False,True,False,False,False,False,False,False,False,False,True,True
1860,52,128,13858246.53,n2n,,0.1775364999,2010,2024,2025,32936,False,True,False,False,False,False,False,False,False,False,False,True,True
1861,52,128,14819514.16,n2n,,0.193263773,2010,2024,2025,32936,False,True,False,False,False,False,False,False,False,False,False,True,True
1862,52,130,13985179.52,n2n,,0.2238073376,2010,2016,2016,41614,False,True,False,False,False,False,False,False,False,False,False,True,True
1863,52,130,14749783.05,n2n,,0.2538224387,2010,2016,2016,41614,False,True,False,False,False,False,False,False,False,False,False,True,True
1864,53,127,1564.863375,capture,,0.6170003411,2010,2024,2024,23615,True,False,False,False,False,False,False,True,False,False,False,False,False
1865,53,127,1730.159269,capture,,0.352375495,2010,2024,2024,23615,True,False,False,False,False,False,False,True,False,False,False,False,False
1866,53,127,1922.385581,capture,,0.7423322824,2010,2024,2024,23615,True,False,False,False,False,False,False,True,False,False,False,False,False
1867,53,127,2100.536523,capture,,0.7493110862,2010,2024,2024,23615,True,False,False,False,False,False,False,True,False,False,False,False,False
1868,53,127,2304.651699,capture,,0.4286206727,2010,2024,2024,23615,True,False,False,False,False,False,False,True,False,False,False,False,False
1869,53,127,2540.032898,capture,,0.3984608496,2010,2024,2024,23615,True,False,False,False,False,False,False,True,False,False,False,False,False
1870,53,127,2813.407627,capture,,0.6633710755,2010,2024,2024,23615,True,False,False,False,False,False,False,True,False,False,False,False,False
1871,53,127,3133.416675,capture,,0.179838928,2010,2024,2024,23615,True,False,False,False,False,False,False,True,False,False,False,False,False
1872,53,127,3511.30394,capture,,0.4272426022,2010,2024,2024,23615,True,False,False,False,False,False,False,True,False,False,False,False,False
1873,53,127,3840.56,capture,,0.6835873176,2010,2024,2024,23615,True,False,False,False,False,False,False,True,False,False,False,False,False
1874,53,127,4220.475168,capture,,0.485579477,2010,2024,2024,23615,True,False,False,False,False,False,False,True,False,False,False,False,False
1875,53,127,4657.161,capture,,0.1849751907,2010,2024,2024,23615,True,False,False,False,False,False,False,True,False,False,False,False,False
1876,53,127,5168.404503,capture,,0.08278537032,2010,2024,2024,23615,True,False,False,False,False,False,False,True,False,False,False,False,False
1877,53,127,5764.851,capture,,0.1309766916,2010,2024,2024,23615,True,False,False,False,False,False,False,True,False,False,False,False,False
1878,53,127,6223.179,capture,,0.1821292141,2010,2024,2024,23615,True,False,False,False,False,False,False,True,False,False,False,False,False
1879,53,127,7023.386935,capture,,0.1963143854,2010,2024,2024,23615,True,False,False,False,False,False,False,True,False,False,False,False,False
1880,53,127,7981.174,capture,,0.1152775914,2010,2024,2024,23615,True,False,False,False,False,False,False,True,False,False,False,False,False
1881,53,127,8735.621,capture,,0.1583624921,2010,2024,2024,23615,True,False,False,False,False,False,False,True,False,False,False,False,False
1882,53,127,9602.326,capture,,0.1095785469,2010,2024,2024,23615,True,False,False,False,False,False,False,True,False,False,False,False,False
1883,53,127,10604.72,capture,,0.1122697684,2010,2024,2024,23615,True,False,False,False,False,False,False,False,True,False,False,False,False
1884,53,127,11772.67,capture,,0.08421868674,2010,2024,2024,23615,True,False,False,False,False,False,False,False,True,False,False,False,False
1885,53,127,13144.77,capture,,0.01619735351,2010,2024,2024,23615,True,False,False,False,False,False,False,False,True,False,False,False,False
1886,53,127,14771.5,capture,,0.02242837119,2010,2024,2024,23615,True,False,False,False,False,False,False,False,True,False,False,False,False
1887,53,127,16720,capture,,0.00259798072,2010,2024,2024,23615,True,False,False,False,False,False,False,False,True,False,False,False,False
1888,53,127,19081.1,capture,,-0.01502287358,2010,2024,2024,23615,True,False,False,False,False,False,False,False,True,False,False,False,False
1889,53,127,21980.06,capture,,-0.0752040042,2010,2024,2024,23615,True,False,False,False,False,False,False,False,True,False,False,False,False
1890,53,127,25593.6,capture,,-0.05012229596,2010,2024,2024,23615,True,False,False,False,False,False,False,False,True,False,False,False,False
1891,53,127,30177.39,capture,,-0.0840727883,2010,2024,2024,23615,True,False,False,False,False,False,False,False,True,False,False,False,False
1892,53,127,36112.67,capture,,-0.2350770154,2010,2024,2024,23615,True,False,False,False,False,False,False,False,True,False,False,False,False
1893,53,127,43988.04,capture,,-0.2225731776,2010,2024,2024,23615,True,False,False,False,False,False,False,False,True,False,False,False,False
1894,53,127,54751.31,capture,,-0.2525881921,2010,2024,2024,23615,True,False,False,False,False,False,False,False,True,False,False,False,False
1895,53,127,70008.55,capture,,-0.3605135107,2010,2024,2024,23615,True,False,False,False,False,False,False,False,True,False,False,False,False
1896,53,127,92659.98,capture,,-0.5316526696,2010,2024,2024,23615,True,False,False,False,False,False,False,False,True,False,False,False,False
1897,53,127,128387.2,capture,,-0.5833594927,2010,2024,2024,23615,True,False,False,False,False,False,False,False,False,True,False,False,True
1898,53,127,189597.2,capture,,-0.6345120151,2010,2024,2024,23615,True,False,False,False,False,False,False,False,False,True,False,False,True
1899,53,127,307848.1,capture,,-0.7904849855,2010,2024,2024,23615,True,False,False,False,False,False,False,False,False,True,False,False,True
1900,53,127,584459.2,capture,,-1.207608311,2010,2024,2024,23615,True,False,False,False,False,False,False,False,False,True,False,False,True
1901,53,127,51500,capture,,-0.2125395255,2010,2026,2025,23622,True,False,False,False,False,False,False,False,True,False,False,False,False
1902,53,127,127700,capture,,-0.54668166,2010,2026,2025,23622,True,False,False,False,False,False,False,False,False,True,False,False,True
1903,53,127,600000,capture,,-1.322575562,2010,2021,2021,33162,True,False,False,False,False,False,False,False,False,True,False,False,True
1904,53,127,1260000,capture,,-1.500587874,2010,2021,2021,33162,True,False,False,False,False,False,False,False,False,False,True,False,True
1905,53,127,2510000,capture,,-1.56320149,2010,2021,2021,33162,True,False,False,False,False,False,False,False,False,False,True,False,True
1906,53,127,14077780.36,n2n,,0.1710972215,2010,2023,2025,32796,False,True,False,False,False,False,False,False,False,False,False,True,True
1907,53,127,14790000,n2n,,0.2019157827,2010,2023,2025,32796,False,True,False,False,False,False,False,False,False,False,False,True,True
1908,53,127,14920000,n2n,,0.1814090762,2010,2020,2020,33150,False,True,False,False,False,False,False,False,False,False,False,True,True
1909,53,129,2100.53608,capture,,0.2227164711,2010,2024,2024,23615,True,False,False,False,False,False,False,True,False,False,False,False,False
1910,53,129,2304.651187,capture,,0.3053513694,2010,2024,2024,23615,True,False,False,False,False,False,False,True,False,False,False,False,False
1911,53,129,2540.031873,capture,,0.411619706,2010,2024,2024,23615,True,False,False,False,False,False,False,True,False,False,False,False,False
1912,53,129,2813.408141,capture,,0.2900346114,2010,2024,2024,23615,True,False,False,False,False,False,False,True,False,False,False,False,False
1913,53,129,3133.415619,capture,,-0.351639989,2010,2024,2024,23615,True,False,False,False,False,False,False,True,False,False,False,False,False
1914,53,129,3511.304028,capture,,0.1628629933,2010,2024,2024,23615,True,False,False,False,False,False,False,True,False,False,False,False,False
1915,53,129,3840.56,capture,,0.2405492483,2010,2024,2024,23615,True,False,False,False,False,False,False,True,False,False,False,False,False
1916,53,129,4220.474136,capture,,0.220108088,2010,2024,2024,23615,True,False,False,False,False,False,False,True,False,False,False,False,False
1917,53,129,4657.16,capture,,0.1553360375,2010,2024,2024,23615,True,False,False,False,False,False,False,True,False,False,False,False,False
1918,53,129,5168.401948,capture,,-0.004364805402,2010,2024,2024,23615,True,False,False,False,False,False,False,True,False,False,False,False,False
1919,53,129,5764.85,capture,,-0.04095860768,2010,2024,2024,23615,True,False,False,False,False,False,False,True,False,False,False,False,False
1920,53,129,6223.18,capture,,0.03742649794,2010,2024,2024,23615,True,False,False,False,False,False,False,True,False,False,False,False,False
1921,53,129,7023.384495,capture,,0.006466042249,2010,2024,2024,23615,True,False,False,False,False,False,False,True,False,False,False,False,False
1922,53,129,7981.17,capture,,-0.04575749056,2010,2024,2024,23615,True,False,False,False,False,False,False,True,False,False,False,False,False
1923,53,129,8735.62,capture,,-0.04095860768,2010,2024,2024,23615,True,False,False,False,False,False,False,True,False,False,False,False,False
1924,53,129,9602.33,capture,,-0.1487416513,2010,2024,2024,23615,True,False,False,False,False,False,False,True,False,False,False,False,False
1925,53,129,10604.7,capture,,-0.0268721464,2010,2024,2024,23615,True,False,False,False,False,False,False,False,True,False,False,False,False
1926,53,129,11772.7,capture,,-0.06550154876,2010,2024,2024,23615,True,False,False,False,False,False,False,False,True,False,False,False,False
1927,53,129,13144.8,capture,,-0.2441251443,2010,2024,2024,23615,True,False,False,False,False,False,False,False,True,False,False,False,False
1928,53,129,14771.5,capture,,-0.193820026,2010,2024,2024,23615,True,False,False,False,False,False,False,False,True,False,False,False,False
1929,53,129,16720,capture,,-0.1870866434,2010,2024,2024,23615,True,False,False,False,False,False,False,False,True,False,False,False,False
1930,53,129,19081.1,capture,,-0.2291479884,2010,2024,2024,23615,True,False,False,False,False,False,False,False,True,False,False,False,False
1931,53,129,21980.1,capture,,-0.3372421683,2010,2024,2024,23615,True,False,False,False,False,False,False,False,True,False,False,False,False
1932,53,129,25593.6,capture,,-0.2596373105,2010,2024,2024,23615,True,False,False,False,False,False,False,False,True,False,False,False,False
1933,53,129,30177.4,capture,,-0.3767507096,2010,2024,2024,23615,True,False,False,False,False,False,False,False,True,False,False,False,False
1934,53,129,51500,capture,,-0.5559552041,2010,2026,2025,23622,True,False,False,False,False,False,False,False,True,False,False,False,False
1935,53,129,127700,capture,,-0.8507808873,2010,2026,2025,23622,True,False,False,False,False,False,False,False,False,True,False,False,True
1936,54,124,370000,capture,,-0.5736188838,2010,2015,2015,14443,True,False,False,False,False,False,False,False,False,True,False,False,True
1937,54,124,860000,capture,,-0.754142008,2010,2015,2015,14443,True,False,False,False,False,False,False,False,False,True,False,False,True
1938,54,124,1860000,capture,,-0.8478340093,2010,2015,2015,14443,True,False,False,False,False,False,False,False,False,False,True,False,True
1939,54,124,2730000,capture,,-0.8991471733,2010,2015,2015,14443,True,False,False,False,False,False,False,False,False,False,True,False,True
1940,54,124,3610000,capture,,-0.8741285326,2010,2015,2015,14443,True,False,False,False,False,False,False,False,False,False,True,False,True
1941,54,124,4480000,capture,,-1.192871044,2010,2015,2015,14443,True,False,False,False,False,False,False,False,False,False,True,False,True
1942,54,124,5310000,capture,,-1.530030791,2010,2015,2015,14443,True,False,False,False,False,False,False,False,False,False,True,False,True
1943,54,124,6310000,capture,,-1.64244628,2010,2015,2015,14443,True,False,False,False,False,False,False,False,False,False,True,False,True
1944,54,124,7250000,capture,,-1.793174124,2010,2015,2015,14443,True,False,False,False,False,False,False,False,False,False,True,False,True
1945,54,124,11607308.04,n2n,,-0.8111839695,2010,2015,2015,14443,False,True,False,False,False,False,False,False,False,False,False,True,True
1946,54,124,12602618.78,n2n,,-0.3181755712,2010,2015,2015,14443,False,True,False,False,False,False,False,False,False,False,False,True,True
1947,54,124,13843980.54,n2n,,-0.1135600395,2010,2015,2015,14443,False,True,False,False,False,False,False,False,False,False,False,True,True
1948,54,124,14800000,n2n,,-0.04122594809,2010,2015,2015,14443,False,True,False,False,False,False,False,False,False,False,False,True,True
1949,54,124,13945966.41,n2n,,0.02806265153,2010,2022,2024,32871,False,True,False,False,False,False,False,False,False,False,False,True,True
1950,54,124,14800000,n2n,,0.1115985249,2010,2022,2024,32871,False,True,False,False,False,False,False,False,False,False,False,True,True
1951,54,124,13834047.09,n2n,,0.03848504475,2010,2023,2024,32892,False,True,False,False,False,False,False,False,False,False,False,True,True
1952,54,124,14849915.82,n2n,,0.1007323065,2010,2023,2024,32892,False,True,False,False,False,False,False,False,False,False,False,True,True
1953,54,126,13945966.41,n2n,,0.1952075495,2010,2022,2024,32871,False,True,False,False,False,False,False,False,False,False,False,True,True
1954,54,126,14800000,n2n,,0.2540644529,2010,2022,2024,32871,False,True,False,False,False,False,False,False,False,False,False,True,True
1955,54,128,13945966.41,n2n,,0.2191914402,2010,2022,2024,32871,False,True,False,False,False,False,False,False,False,False,False,True,True
1956,54,128,14800000,n2n,,0.2412973871,2010,2022,2024,32871,False,True,False,False,False,False,False,False,False,False,False,True,True
1957,54,131,13945966.41,np,,-2.207608311,2010,2022,2024,32871,False,False,True,False,False,False,False,False,False,False,False,True,True
1958,54,131,14800000,np,,-2.13667714,2010,2022,2024,32871,False,False,True,False,False,False,False,False,False,False,False,True,True
1959,54,134,13945966.41,n2n,,0.2294898607,2010,2023,2024,32895,False,True,False,False,False,False,False,False,False,False,False,True,True
1960,54,134,14800000,n2n,,0.2240148114,2010,2023,2024,32895,False,True,False,False,False,False,False,False,False,False,False,True,True
1961,54,136,3340000,capture,,-3.017728767,2010,2014,2014,14385,True,False,False,False,False,False,False,False,False,False,True,False,True
1962,54,136,4100000,capture,,-2.962573502,2010,2014,2014,14385,True,False,False,False,False,False,False,False,False,False,True,False,True
1963,54,136,5660000,capture,,-3.050609993,2010,2014,2014,14385,True,False,False,False,False,False,False,False,False,False,True,False,True
1964,54,136,6240000,capture,,-3.207608311,2010,2014,2014,14385,True,False,False,False,False,False,False,False,False,False,True,False,True
1965,54,136,7310000,capture,,-3.244125144,2010,2014,2014,14385,True,False,False,False,False,False,False,False,False,False,True,False,True
1966,54,136,14790000,capture,,-3.13667714,2010,2014,2014,14385,True,False,False,False,False,False,False,False,False,False,False,True,True
1967,54,136,9206606.324,n2n,,-0.3854296819,2010,2013,2013,14355,False,True,False,False,False,False,False,False,False,False,True,False,True
1968,54,136,9960000,n2n,,-0.1266968401,2010,2013,2013,14355,False,True,False,False,False,False,False,False,False,False,True,False,True
1969,54,136,11434290.53,n2n,,0.1724861697,2010,2013,2013,14355,False,True,False,False,False,False,False,False,False,False,False,True,True
1970,54,136,12940000,n2n,,0.2433704669,2010,2013,2013,14355,False,True,False,False,False,False,False,False,False,False,False,True,True
1971,54,136,14095655.36,n2n,,0.2561522661,2010,2013,2013,14355,False,True,False,False,False,False,False,False,False,False,False,True,True
1972,54,136,14850000,n2n,,0.2375060373,2010,2013,2013,14355,False,True,False,False,False,False,False,False,False,False,False,True,True
1973,54,136,13945966.41,n2n,,0.1761636354,2010,2022,2025,32883,False,True,False,False,False,False,False,False,False,False,False,True,True
1974,54,136,14800000,n2n,,0.1804126328,2010,2022,2025,32883,False,True,False,False,False,False,False,False,False,False,False,True,True
1975,55,133,14077780.36,n2n,,0.1936532249,2010,2023,2025,32796,False,True,False,False,False,False,False,False,False,False,False,True,True
1976,55,133,14790000,n2n,,0.2215185603,2010,2023,2025,32796,False,True,False,False,False,False,False,False,False,False,False,True,True
1977,56,132,13796738.75,n2n,,0.08831331559,2010,2017,2018,32769,False,True,False,False,False,False,False,False,False,False,False,True,True
1978,56,132,14800000,n2n,,0.1383026982,2010,2017,2018,32769,False,True,False,False,False,False,False,False,False,False,False,True,True
1979,56,134,13796738.75,n2n,,0.1436392353,2010,2017,2018,32769,False,True,False,False,False,False,False,False,False,False,False,True,True
1980,56,134,14800000,n2n,,0.1740598077,2010,2017,2018,32769,False,True,False,False,False,False,False,False,False,False,False,True,True
1981,56,138,14048944.67,na,,-2.640706708,2010,2016,2016,41614,False,False,False,True,False,False,False,False,False,False,False,True,True
1982,56,138,14810000,na,,-2.567030709,2010,2016,2016,41614,False,False,False,True,False,False,False,False,False,False,False,True,True
1983,56,138,14800000,np,,-2.542118103,2010,2012,2011,33034,False,False,True,False,False,False,False,False,False,False,False,True,True
1984,57,139,13796738.75,capture,,-2.972650392,2010,2013,2016,32713,True,False,False,False,False,False,False,False,False,False,False,True,True
1985,57,139,14800000,capture,,-3.036212173,2010,2013,2016,32713,True,False,False,False,False,False,False,False,False,False,False,True,True
1986,57,139,13796738.75,capture,,-2.935542011,2010,2013,2016,32713,True,False,False,False,False,False,False,False,False,False,False,True,True
1987,57,139,14800000,capture,,-3.008773924,2010,2013,2016,32713,True,False,False,False,False,False,False,False,False,False,False,True,True
1988,57,139,13796738.75,capture,,-2.829738285,2010,2013,2016,32713,True,False,False,False,False,False,False,False,False,False,False,True,True
1989,57,139,14800000,capture,,-2.962573502,2010,2013,2016,32713,True,False,False,False,False,False,False,False,False,False,False,True,True
1990,57,139,13796738.75,capture,,-2.906578315,2010,2013,2016,32713,True,False,False,False,False,False,False,False,False,False,False,True,True
1991,57,139,14800000,capture,,-3,2010,2013,2016,32713,True,False,False,False,False,False,False,False,False,False,False,True,True
1992,58,136,13796738.75,n2n,,0.1157768762,2010,2015,2017,32752,False,True,False,False,False,False,False,False,False,False,False,True,True
1993,58,136,14800000,n2n,,0.163161375,2010,2015,2017,32752,False,True,False,False,False,False,False,False,False,False,False,True,True
1994,58,136,14200000,n2n,,0.1532049001,2010,2019,2021,32768,False,True,False,False,False,False,False,False,False,False,False,True,True
1995,58,136,14900000,n2n,,0.1855421549,2010,2019,2021,32768,False,True,False,False,False,False,False,False,False,False,False,True,True
1996,58,136,13960707.11,n2n,,0.1407698397,2010,2016,2016,41614,False,True,False,False,False,False,False,False,False,False,False,True,True
1997,58,136,14769725.79,n2n,,0.1821292141,2010,2016,2016,41614,False,True,False,False,False,False,False,False,False,False,False,True,True
1998,58,138,13796738.75,n2n,,0.1515230676,2010,2015,2017,32738,False,True,False,False,False,False,False,False,False,False,False,True,True
1999,58,138,14800000,n2n,,0.2073650375,2010,2015,2017,32738,False,True,False,False,False,False,False,False,False,False,False,True,True
2000,58,140,14052383.39,n2n,,0.2368394495,2010,2011,2012,32696,False,True,False,False,False,False,False,False,False,False,False,True,True
2001,58,140,14800000,n2n,,0.2603099458,2010,2011,2012,32696,False,True,False,False,False,False,False,False,False,False,False,True,True
2002,58,140,13500000,n2n,,0.2245330626,2010,2015,2017,32752,False,True,False,False,False,False,False,False,False,False,False,True,True
2003,58,140,14800000,n2n,,0.268343914,2010,2015,2017,32752,False,True,False,False,False,False,False,False,False,False,False,True,True
2004,58,140,14200000,n2n,,0.2322335211,2010,2019,2021,32768,False,True,False,False,False,False,False,False,False,False,False,True,True
2005,58,140,14900000,n2n,,0.2427898095,2010,2019,2021,32768,False,True,False,False,False,False,False,False,False,False,False,True,True
2006,58,140,13500000,n2n,,0.2671717284,2010,2020,2021,33149,False,True,False,False,False,False,False,False,False,False,False,True,True
2007,58,140,13500000,n2n,,0.2552725051,2010,2020,2021,33149,False,True,False,False,False,False,False,False,False,False,False,True,True
2008,58,140,13960707.11,n2n,,0.2406740276,2010,2016,2016,41614,False,True,False,False,False,False,False,False,False,False,False,True,True
2009,58,140,14769725.79,n2n,,0.2562365332,2010,2016,2016,41614,False,True,False,False,False,False,False,False,False,False,False,True,True
2010,58,140,13796738.75,np,,-2.193820026,2010,2015,2017,32752,False,False,True,False,False,False,False,False,False,False,False,True,True
2011,58,140,14800000,np,,-2.065501549,2010,2015,2017,32752,False,False,True,False,False,False,False,False,False,False,False,True,True
2012,58,140,14200000,np,,-2.17327748,2010,2019,2021,32768,False,False,True,False,False,False,False,False,False,False,False,True,True
2013,58,140,14900000,np,,-2.087777943,2010,2019,2021,32768,False,False,True,False,False,False,False,False,False,False,False,True,True
2014,58,140,13960707.11,np,,-2.187755303,2010,2016,2016,41614,False,False,True,False,False,False,False,False,False,False,False,True,True
2015,58,140,14769725.79,np,,-2.104301273,2010,2016,2016,41614,False,False,True,False,False,False,False,False,False,False,False,True,True
2016,58,142,14200000,capture,,-2.886056648,2010,2019,2021,32768,True,False,False,False,False,False,False,False,False,False,False,True,True
2017,58,142,14900000,capture,,-2.866461092,2010,2019,2021,32768,True,False,False,False,False,False,False,False,False,False,False,True,True
2018,58,142,14052383.39,n2n,,0.2777008763,2010,2011,2012,32696,False,True,False,False,False,False,False,False,False,False,False,True,True
2019,58,142,14800000,n2n,,0.2716093014,2010,2011,2012,32696,False,True,False,False,False,False,False,False,False,False,False,True,True
2020,58,142,13796738.75,n2n,,0.2518814546,2010,2015,2017,32752,False,True,False,False,False,False,False,False,False,False,False,True,True
2021,58,142,14800000,n2n,,0.203576775,2010,2015,2017,32752,False,True,False,False,False,False,False,False,False,False,False,True,True
2022,58,142,14200000,n2n,,0.285557309,2010,2019,2021,32768,False,True,False,False,False,False,False,False,False,False,False,True,True
2023,58,142,14900000,n2n,,0.2736955879,2010,2019,2021,32768,False,True,False,False,False,False,False,False,False,False,False,True,True
2024,58,142,13500000,n2n,,0.3117538611,2010,2020,2021,33149,False,True,False,False,False,False,False,False,False,False,False,True,True
2025,58,142,13500000,n2n,,0.3263358609,2010,2020,2021,33149,False,True,False,False,False,False,False,False,False,False,False,True,True
2026,58,142,13960707.11,n2n,,0.2914798522,2010,2016,2016,41614,False,True,False,False,False,False,False,False,False,False,False,True,True
2027,58,142,14769725.79,n2n,,0.2754265367,2010,2016,2016,41614,False,True,False,False,False,False,False,False,False,False,False,True,True
2028,58,142,14200000,na,,-2.20481541,2010,2019,2021,32768,False,False,False,True,False,False,False,False,False,False,False,True,True
2029,58,142,14900000,na,,-2.19314197,2010,2019,2021,32768,False,False,False,True,False,False,False,False,False,False,False,True,True
2030,58,142,13796738.75,np,,-2.576754126,2010,2015,2017,32752,False,False,True,False,False,False,False,False,False,False,False,True,True
2031,58,142,14800000,np,,-2.356547324,2010,2015,2017,32752,False,False,True,False,False,False,False,False,False,False,False,True,True
2032,58,142,14200000,np,,-2.274905479,2010,2019,2021,32768,False,False,True,False,False,False,False,False,False,False,False,True,True
2033,58,142,14900000,np,,-2.106793247,2010,2019,2021,32768,False,False,True,False,False,False,False,False,False,False,False,True,True
2034,59,141,13796738.75,capture,,-2.522878745,2010,2012,2012,32703,True,False,False,False,False,False,False,False,False,False,False,True,True
2035,59,141,14800000,capture,,-2.657577319,2010,2012,2012,32703,True,False,False,False,False,False,False,False,False,False,False,True,True
2036,60,142,13796738.75,n2n,,0.1378286638,2010,2015,2017,32743,False,True,False,False,False,False,False,False,False,False,False,True,True
2037,60,142,14800000,n2n,,0.1809855808,2010,2015,2017,32743,False,True,False,False,False,False,False,False,False,False,False,True,True
2038,60,142,14770000,n2n,,0.1868517872,2010,2022,2022,33170,False,True,False,False,False,False,False,False,False,False,False,True,True
2039,60,142,14700000,np,,-1.859806321,2010,2013,2013,32710,False,False,True,False,False,False,False,False,False,False,False,True,True
2040,60,142,13796738.75,np,,-2.116338565,2010,2015,2017,32743,False,False,True,False,False,False,False,False,False,False,False,True,True
2041,60,142,14800000,np,,-2.022276395,2010,2015,2017,32743,False,False,True,False,False,False,False,False,False,False,False,True,True
2042,60,146,13796738.75,na,,-2.823908741,2010,2015,2017,32743,False,False,False,True,False,False,False,False,False,False,False,True,True
2043,60,146,14800000,na,,-2.638272164,2010,2015,2017,32743,False,False,False,True,False,False,False,False,False,False,False,True,True
2044,60,146,13796738.75,np,,-2.457174573,2010,2013,2013,32710,False,False,True,False,False,False,False,False,False,False,False,True,True
2045,60,146,14700000,np,,-2.307153081,2010,2013,2013,32710,False,False,True,False,False,False,False,False,False,False,False,True,True
2046,60,146,14100000,np,,-2.455931956,2010,2015,2017,32743,False,False,True,False,False,False,False,False,False,False,False,True,True
2047,60,146,14800000,np,,-2.356547324,2010,2015,2017,32743,False,False,True,False,False,False,False,False,False,False,False,True,True
2048,60,146,14540000,np,,-2.387216143,2010,2020,2021,33153,False,False,True,False,False,False,False,False,False,False,False,True,True
2049,60,146,14770000,np,,-2.461928873,2010,2022,2022,33170,False,False,True,False,False,False,False,False,False,False,False,True,True
2050,60,148,13796738.75,n2n,,0.22284648,2010,2015,2017,32743,False,True,False,False,False,False,False,False,False,False,False,True,True
2051,60,148,14800000,n2n,,0.2027606874,2010,2015,2017,32743,False,True,False,False,False,False,False,False,False,False,False,True,True
2052,60,148,14540000,n2n,,0.2585415071,2010,2020,2021,33153,False,True,False,False,False,False,False,False,False,False,False,True,True
2053,60,148,14770000,n2n,,0.255577731,2010,2022,2022,33170,False,True,False,False,False,False,False,False,False,False,False,True,True
2054,60,150,13796738.75,n2n,,0.2366631987,2010,2015,2017,32743,False,True,False,False,False,False,False,False,False,False,False,True,True
2055,60,150,14800000,n2n,,0.1818435879,2010,2015,2017,32743,False,True,False,False,False,False,False,False,False,False,False,True,True
2056,60,150,14770000,n2n,,0.2369175309,2010,2022,2022,33170,False,True,False,False,False,False,False,False,False,False,False,True,True
2057,62,144,14800000,na,,-1.886056648,2010,2016,2017,32730,False,False,False,True,False,False,False,False,False,False,False,True,True
2058,62,144,13500000,np,,-1.692503962,2010,2016,2017,32730,False,False,True,False,False,False,False,False,False,False,False,True,True
2059,62,144,14800000,np,,-1.628932138,2010,2016,2017,32730,False,False,True,False,False,False,False,False,False,False,False,True,True
2060,62,149,13500000,np,,-2.200659451,2010,2016,2017,32730,False,False,True,False,False,False,False,False,False,False,False,True,True
2061,62,149,14800000,np,,-2.113509275,2010,2016,2017,32730,False,False,True,False,False,False,False,False,False,False,False,True,True
2062,62,150,13500000,np,,-2.522878745,2010,2016,2017,32730,False,False,True,False,False,False,False,False,False,False,False,True,True
2063,62,150,14800000,np,,-2.346787486,2010,2016,2017,32730,False,False,True,False,False,False,False,False,False,False,False,True,True
2064,62,154,13500000,n2n,,0.2151085811,2010,2016,2017,32730,False,True,False,False,False,False,False,False,False,False,False,True,True
2065,62,154,14800000,n2n,,0.1894903137,2010,2016,2017,32730,False,True,False,False,False,False,False,False,False,False,False,True,True
2066,63,151,13796738.75,n2n,,0.04960561259,2010,2018,2019,32779,False,True,False,False,False,False,False,False,False,False,False,True,True
2067,63,151,14800000,n2n,,0.07554696139,2010,2018,2019,32779,False,True,False,False,False,False,False,False,False,False,False,True,True
2068,63,151,14075212.23,n2n,,0.2143580847,2010,2016,2016,41614,False,True,False,False,False,False,False,False,False,False,False,True,True
2069,63,151,14780000,n2n,,0.2375437381,2010,2016,2016,41614,False,True,False,False,False,False,False,False,False,False,False,True,True
2070,63,151,13796738.75,na,,-2.530177984,2010,2017,2017,32753,False,False,False,True,False,False,False,False,False,False,False,True,True
2071,63,151,14800000,na,,-2.420216403,2010,2017,2017,32753,False,False,False,True,False,False,False,False,False,False,False,True,True
2072,63,151,13962486.46,na,,-2.430821235,2010,2016,2016,41614,False,False,False,True,False,False,False,False,False,False,False,True,True
2073,63,151,14769725.79,na,,-2.38563016,2010,2016,2016,41614,False,False,False,True,False,False,False,False,False,False,False,True,True
2074,63,153,13796738.75,n2n,,0.2485862439,2010,2017,2018,32772,False,True,False,False,False,False,False,False,False,False,False,True,True
2075,63,153,14800000,n2n,,0.2557547866,2010,2017,2018,32772,False,True,False,False,False,False,False,False,False,False,False,True,True
2076,63,153,14075212.23,n2n,,0.2517598545,2010,2016,2016,41614,False,True,False,False,False,False,False,False,False,False,False,True,True
2077,63,153,14780000,n2n,,0.2380461031,2010,2016,2016,41614,False,True,False,False,False,False,False,False,False,False,False,True,True
2078,63,153,13796738.75,na,,-2.868060705,2010,2020,2020,32808,False,False,False,True,False,False,False,False,False,False,False,True,True
2079,63,153,14800000,na,,-2.76700389,2010,2020,2020,32808,False,False,False,True,False,False,False,False,False,False,False,True,True
2080,63,153,13936156.92,na,,-2.876148359,2010,2016,2016,41614,False,False,False,True,False,False,False,False,False,False,False,True,True
2081,63,153,14800000,na,,-2.769551079,2010,2016,2016,41614,False,False,False,True,False,False,False,False,False,False,False,True,True
2082,63,153,13796738.75,np,,-2.431798276,2010,2020,2020,32808,False,False,True,False,False,False,False,False,False,False,False,True,True
2083,63,153,14800000,np,,-2.346787486,2010,2020,2020,32808,False,False,True,False,False,False,False,False,False,False,False,True,True
2084,65,159,3670000,capture,,-1.511449283,2010,2015,2015,23255,True,False,False,False,False,False,False,False,False,False,True,False,True
2085,65,159,4280000,capture,,-1.661942125,2010,2015,2015,23255,True,False,False,False,False,False,False,False,False,False,True,False,True
2086,65,159,5390000,capture,,-2.212539525,2010,2015,2015,23255,True,False,False,False,False,False,False,False,False,False,True,False,True
2087,65,159,6850000,capture,,-2.669586227,2010,2015,2015,23255,True,False,False,False,False,False,False,False,False,False,True,False,True
2088,65,159,2292.232515,capture,,0.7882454622,2010,2023,2024,32899,True,False,False,False,False,False,False,True,False,False,False,False,False
2089,65,159,2542.49,capture,,0.762359664,2010,2023,2024,32899,True,False,False,False,False,False,False,True,False,False,False,False,False
2090,65,159,2820.067802,capture,,0.7705405329,2010,2023,2024,32899,True,False,False,False,False,False,False,True,False,False,False,False,False
2091,65,159,3127.94,capture,,0.8007782325,2010,2023,2024,32899,True,False,False,False,False,False,False,True,False,False,False,False,False
2092,65,159,3469.435364,capture,,0.6641298266,2010,2023,2024,32899,True,False,False,False,False,False,False,True,False,False,False,False,False
2093,65,159,3848.21,capture,,0.5820554046,2010,2023,2024,32899,True,False,False,False,False,False,False,True,False,False,False,False,False
2094,65,159,4268.338753,capture,,0.5326117134,2010,2023,2024,32899,True,False,False,False,False,False,False,True,False,False,False,False,False
2095,65,159,4734.34,capture,,0.5555961982,2010,2023,2024,32899,True,False,False,False,False,False,False,True,False,False,False,False,False
2096,65,159,5072.93,capture,,0.6274846568,2010,2023,2024,32899,True,False,False,False,False,False,False,True,False,False,False,False,False
2097,65,159,5626.763513,capture,,0.4586287854,2010,2023,2024,32899,True,False,False,False,False,False,False,True,False,False,False,False,False
2098,65,159,6241.07,capture,,0.5063737772,2010,2023,2024,32899,True,False,False,False,False,False,False,True,False,False,False,False,False
2099,65,159,6922.430606,capture,,0.4875915311,2010,2023,2024,32899,True,False,False,False,False,False,False,True,False,False,False,False,False
2100,65,159,7678.19,capture,,0.4666467114,2010,2023,2024,32899,True,False,False,False,False,False,False,True,False,False,False,False,False
2101,65,159,8516.459619,capture,,0.3825762195,2010,2023,2024,32899,True,False,False,False,False,False,False,True,False,False,False,False,False
2102,65,159,9446.24,capture,,0.4524136377,2010,2023,2024,32899,True,False,False,False,False,False,False,True,False,False,False,False,False
2103,65,159,10477.5,capture,,0.4107645838,2010,2023,2024,32899,True,False,False,False,False,False,False,False,True,False,False,False,False
2104,65,159,11621.4,capture,,0.2664715981,2010,2023,2024,32899,True,False,False,False,False,False,False,False,True,False,False,False,False
2105,65,159,12890.21072,capture,,0.3595926647,2010,2023,2024,32899,True,False,False,False,False,False,False,False,True,False,False,False,False
2106,65,159,14297.5,capture,,0.3204267207,2010,2023,2024,32899,True,False,False,False,False,False,False,False,True,False,False,False,False
2107,65,159,15320,capture,,0.2491934639,2010,2023,2024,32899,True,False,False,False,False,False,False,False,True,False,False,False,False
2108,65,159,16992.56421,capture,,0.2711489702,2010,2023,2024,32899,True,False,False,False,False,False,False,False,True,False,False,False,False
2109,65,159,18847.7,capture,,0.2349068602,2010,2023,2024,32899,True,False,False,False,False,False,False,False,True,False,False,False,False
2110,65,159,20905.42914,capture,,0.2727591578,2010,2023,2024,32899,True,False,False,False,False,False,False,False,True,False,False,False,False
2111,65,159,23187.8,capture,,0.1955039046,2010,2023,2024,32899,True,False,False,False,False,False,False,False,True,False,False,False,False
2112,65,159,25719.25747,capture,,0.1518155625,2010,2023,2024,32899,True,False,False,False,False,False,False,False,True,False,False,False,False
2113,65,159,28527.2,capture,,0.1019360059,2010,2023,2024,32899,True,False,False,False,False,False,False,False,True,False,False,False,False
2114,65,159,31641.62437,capture,,0.1081081655,2010,2023,2024,32899,True,False,False,False,False,False,False,False,True,False,False,False,False
2115,65,159,35096.1,capture,,0.101815786,2010,2023,2024,32899,True,False,False,False,False,False,False,False,True,False,False,False,False
2116,65,159,37606.2,capture,,0.07269462861,2010,2023,2024,32899,True,False,False,False,False,False,False,False,True,False,False,False,False
2117,65,159,41711.76832,capture,,0.07561629699,2010,2023,2024,32899,True,False,False,False,False,False,False,False,True,False,False,False,False
2118,65,159,46265.7,capture,,0.06998242122,2010,2023,2024,32899,True,False,False,False,False,False,False,False,True,False,False,False,False
2119,65,159,51316.73908,capture,,0.04603643516,2010,2023,2024,32899,True,False,False,False,False,False,False,False,True,False,False,False,False
2120,65,159,56919.2,capture,,-0.0002658695873,2010,2023,2024,32899,True,False,False,False,False,False,False,False,True,False,False,False,False
2121,65,159,63133.33889,capture,,-0.03087775507,2010,2023,2024,32899,True,False,False,False,False,False,False,False,True,False,False,False,False
2122,65,159,70026,capture,,0.003555308261,2010,2023,2024,32899,True,False,False,False,False,False,False,False,True,False,False,False,False
2123,65,159,77671.01903,capture,,-0.09787929912,2010,2023,2024,32899,True,False,False,False,False,False,False,False,True,False,False,False,False
2124,65,159,86150.7,capture,,-0.0995766079,2010,2023,2024,32899,True,False,False,False,False,False,False,False,True,False,False,False,False
2125,65,159,92312.2,capture,,-0.1521097558,2010,2023,2024,32899,True,False,False,False,False,False,False,False,True,False,False,False,False
2126,65,159,102390.5647,capture,,-0.1812361917,2010,2023,2024,32899,True,False,False,False,False,False,False,False,False,True,False,False,True
2127,65,159,113569,capture,,-0.1269818236,2010,2023,2024,32899,True,False,False,False,False,False,False,False,False,True,False,False,True
2128,65,159,125967.3619,capture,,-0.2119759461,2010,2023,2024,32899,True,False,False,False,False,False,False,False,False,True,False,False,True
2129,65,159,139720,capture,,-0.2313286066,2010,2023,2024,32899,True,False,False,False,False,False,False,False,False,True,False,False,True
2130,65,159,154974.0606,capture,,-0.267588145,2010,2023,2024,32899,True,False,False,False,False,False,False,False,False,True,False,False,True
2131,65,159,171893,capture,,-0.3131323474,2010,2023,2024,32899,True,False,False,False,False,False,False,False,False,True,False,False,True
2132,65,159,190659.7659,capture,,-0.3182465069,2010,2023,2024,32899,True,False,False,False,False,False,False,False,False,True,False,False,True
2133,65,159,211475,capture,,-0.349298196,2010,2023,2024,32899,True,False,False,False,False,False,False,False,False,True,False,False,True
2134,65,159,226600,capture,,-0.3724999835,2010,2023,2024,32899,True,False,False,False,False,False,False,False,False,True,False,False,True
2135,65,159,251338.5761,capture,,-0.3900679967,2010,2023,2024,32899,True,False,False,False,False,False,False,False,False,True,False,False,True
2136,65,159,278778,capture,,-0.4003395882,2010,2023,2024,32899,True,False,False,False,False,False,False,False,False,True,False,False,True
2137,65,159,309213.5464,capture,,-0.4033215505,2010,2023,2024,32899,True,False,False,False,False,False,False,False,False,True,False,False,True
2138,65,159,342972,capture,,-0.4499001192,2010,2023,2024,32899,True,False,False,False,False,False,False,False,False,True,False,False,True
2139,65,159,380416.0634,capture,,-0.5093919703,2010,2023,2024,32899,True,False,False,False,False,False,False,False,False,True,False,False,True
2140,65,159,421948,capture,,-0.535166313,2010,2023,2024,32899,True,False,False,False,False,False,False,False,False,True,False,False,True
2141,65,159,468013.8135,capture,,-0.5939139372,2010,2023,2024,32899,True,False,False,False,False,False,False,False,False,True,False,False,True
2142,65,159,519110,capture,,-0.649275295,2010,2023,2024,32899,True,False,False,False,False,False,False,False,False,True,False,False,True
2143,65,159,575783.0425,capture,,-0.6650167727,2010,2023,2024,32899,True,False,False,False,False,False,False,False,False,True,False,False,True
2144,65,159,638644,capture,,-0.7242511155,2010,2023,2024,32899,True,False,False,False,False,False,False,False,False,True,False,False,True
2145,65,159,684320,capture,,-0.7105492946,2010,2023,2024,32899,True,False,False,False,False,False,False,False,False,True,False,False,True
2146,65,159,759030.2276,capture,,-0.7800790128,2010,2023,2024,32899,True,False,False,False,False,False,False,False,False,True,False,False,True
2147,65,159,841897,capture,,-0.8286421951,2010,2023,2024,32899,True,False,False,False,False,False,False,False,False,True,False,False,True
2148,65,159,902109,capture,,-0.8232375511,2010,2023,2024,32899,True,False,False,False,False,False,False,False,False,True,False,False,True
2149,65,159,5080000,capture,,-3.003002645,2010,2018,2019,33113,True,False,False,False,False,False,False,False,False,False,True,False,True
2150,65,159,12470000,capture,,-2.890884002,2010,2018,2019,33113,True,False,False,False,False,False,False,False,False,False,False,True,True
2151,65,159,16630000,capture,,-3.2083725,2010,2018,2019,33113,True,False,False,False,False,False,False,False,False,False,False,True,True
2152,65,159,13796738.75,n2n,,0.2265999052,2010,2014,2014,32716,False,True,False,False,False,False,False,False,False,False,False,True,True
2153,65,159,14800000,n2n,,0.2193225084,2010,2014,2014,32716,False,True,False,False,False,False,False,False,False,False,False,True,True
2154,65,159,14100000,na,,-2.886056648,2010,2014,2014,32716,False,False,False,True,False,False,False,False,False,False,False,True,True
2155,65,159,14800000,na,,-2.744727495,2010,2014,2014,32716,False,False,False,True,False,False,False,False,False,False,False,True,True
2156,65,159,13796738.75,np,,-2.420216403,2010,2014,2014,32716,False,False,True,False,False,False,False,False,False,False,False,True,True
2157,65,159,14800000,np,,-2.214670165,2010,2014,2014,32716,False,False,True,False,False,False,False,False,False,False,False,True,True
2158,66,156,17100000,n2n,,0.2227164711,2010,2021,2023,23782,False,True,False,False,False,False,False,False,False,False,False,True,True
2159,66,156,18544540.98,n2n,,0.2329961104,2010,2021,2023,23782,False,True,False,False,False,False,False,False,False,False,False,True,True
2160,66,156,14700000,n2n,,0.2395497208,2010,2012,2012,32233,False,True,False,False,False,False,False,False,False,False,False,True,True
2161,66,156,13500000,n2n,,0.1592663311,2010,2016,2017,32733,False,True,False,False,False,False,False,False,False,False,False,True,True
2162,66,156,14800000,n2n,,0.1967287226,2010,2016,2017,32733,False,True,False,False,False,False,False,False,False,False,False,True,True
2163,66,156,14700000,np,,-1.761953897,2010,2012,2012,32233,False,False,True,False,False,False,False,False,False,False,False,True,True
2164,66,158,14700000,n2n,,0.3104808915,2010,2012,2012,32233,False,True,False,False,False,False,False,False,False,False,False,True,True
2165,66,158,13500000,n2n,,0.2723058444,2010,2016,2017,32733,False,True,False,False,False,False,False,False,False,False,False,True,True
2166,66,158,14800000,n2n,,0.2685779719,2010,2016,2017,32733,False,True,False,False,False,False,False,False,False,False,False,True,True
2167,66,160,14700000,np,,-1.974694135,2010,2012,2012,32233,False,False,True,False,False,False,False,False,False,False,False,True,True
2168,66,162,13500000,np,,-2.327902142,2010,2016,2017,32735,False,False,True,False,False,False,False,False,False,False,False,True,True
2169,66,162,14800000,np,,-2.251811973,2010,2016,2017,32735,False,False,True,False,False,False,False,False,False,False,False,True,True
2170,66,163,14700000,np,,-2.552841969,2010,2012,2012,32233,False,False,True,False,False,False,False,False,False,False,False,True,True
2171,66,163,13500000,np,,-2.795880017,2010,2016,2017,32735,False,False,True,False,False,False,False,False,False,False,False,True,True
2172,66,163,14800000,np,,-2.552841969,2010,2016,2017,32735,False,False,True,False,False,False,False,False,False,False,False,True,True
2173,66,164,14700000,na,,-2.705533774,2010,2012,2012,32233,False,False,False,True,False,False,False,False,False,False,False,True,True
2174,67,165,13500000,n2n,,0.08529057823,2010,2014,2014,32717,False,True,False,False,False,False,False,False,False,False,False,True,True
2175,67,165,14800000,n2n,,0.1119342763,2010,2014,2014,32717,False,True,False,False,False,False,False,False,False,False,False,True,True
2176,68,162,10700000,n2n,,-0.3565473235,2010,2018,2018,23418,False,True,False,False,False,False,False,False,False,False,False,True,True
2177,68,162,11148990.99,n2n,,-0.1904402854,2010,2018,2018,23418,False,True,False,False,False,False,False,False,False,False,False,True,True
2178,68,162,17100000,n2n,,0.2944662262,2010,2018,2018,23418,False,True,False,False,False,False,False,False,False,False,False,True,True
2179,68,162,18544540.98,n2n,,0.2741578493,2010,2018,2018,23418,False,True,False,False,False,False,False,False,False,False,False,True,True
2180,68,162,14700000,n2n,,0.2938043599,2010,2012,2012,32233,False,True,False,False,False,False,False,False,False,False,False,True,True
2181,68,162,13500000,n2n,,0.1640552919,2010,2011,2012,32693,False,True,False,False,False,False,False,False,False,False,False,True,True
2182,68,162,14800000,n2n,,0.1846914308,2010,2011,2012,32693,False,True,False,False,False,False,False,False,False,False,False,True,True
2183,68,162,14700000,np,,-1.978810701,2010,2012,2012,32233,False,False,True,False,False,False,False,False,False,False,False,True,True
2184,68,164,14700000,n2n,,0.3096301674,2010,2012,2012,32233,False,True,False,False,False,False,False,False,False,False,False,True,True
2185,68,164,13500000,n2n,,0.123851641,2010,2011,2012,32693,False,True,False,False,False,False,False,False,False,False,False,True,True
2186,68,164,14800000,n2n,,0.1841233542,2010,2011,2012,32693,False,True,False,False,False,False,False,False,False,False,False,True,True
2187,68,166,14700000,np,,-2.346787486,2010,2012,2012,32233,False,False,True,False,False,False,False,False,False,False,False,True,True
2188,68,167,14700000,np,,-2.387216143,2010,2012,2012,32233,False,False,True,False,False,False,False,False,False,False,False,True,True
2189,68,168,14700000,na,,-2.677780705,2010,2012,2012,32233,False,False,False,True,False,False,False,False,False,False,False,True,True
2190,68,168,14700000,np,,-2.508638306,2010,2012,2012,32233,False,False,True,False,False,False,False,False,False,False,False,True,True
2191,68,168,14800000,np,,-2.638272164,2010,2011,2012,32693,False,False,True,False,False,False,False,False,False,False,False,True,True
2192,69,169,1047.133389,capture,,0.8842106264,2010,2025,2025,14855,True,False,False,False,False,False,False,True,False,False,False,False,False
2193,69,169,1153.465168,capture,,0.8311708755,2010,2025,2025,14855,True,False,False,False,False,False,False,True,False,False,False,False,False
2194,69,169,1276.467657,capture,,0.7862324361,2010,2025,2025,14855,True,False,False,False,False,False,False,True,False,False,False,False,False
2195,69,169,1412.564907,capture,,0.9943651516,2010,2025,2025,14855,True,False,False,False,False,False,False,True,False,False,False,False,False
2196,69,169,1555.975429,capture,,0.7551779017,2010,2025,2025,14855,True,False,False,False,False,False,False,True,False,False,False,False,False
2197,69,169,1713.981958,capture,,0.7048085602,2010,2025,2025,14855,True,False,False,False,False,False,False,True,False,False,False,False,False
2198,69,169,1896.722612,capture,,0.6771687877,2010,2025,2025,14855,True,False,False,False,False,False,False,True,False,False,False,False,False
2199,69,169,2098.973224,capture,,0.7961597708,2010,2025,2025,14855,True,False,False,False,False,False,False,True,False,False,False,False,False
2200,69,169,2322.760426,capture,,0.619803603,2010,2025,2025,14855,True,False,False,False,False,False,False,True,False,False,False,False,False
2201,69,169,2570.418406,capture,,0.672737488,2010,2025,2025,14855,True,False,False,False,False,False,False,True,False,False,False,False,False
2202,69,169,2844.493841,capture,,0.7287543142,2010,2025,2025,14855,True,False,False,False,False,False,False,True,False,False,False,False,False
2203,69,169,3133.313278,capture,,0.5610274041,2010,2025,2025,14855,True,False,False,False,False,False,False,True,False,False,False,False,False
2204,69,169,3451.463045,capture,,0.4555079168,2010,2025,2025,14855,True,False,False,False,False,False,False,True,False,False,False,False,False
2205,69,169,3801.939616,capture,,0.555686814,2010,2025,2025,14855,True,False,False,False,False,False,False,True,False,False,False,False,False
2206,69,169,4217.223016,capture,,0.5136064259,2010,2025,2025,14855,True,False,False,False,False,False,False,True,False,False,False,False,False
2207,69,169,4677.650595,capture,,0.5230470018,2010,2025,2025,14855,True,False,False,False,False,False,False,True,False,False,False,False,False
2208,69,169,5128.924976,capture,,0.4194476736,2010,2025,2025,14855,True,False,False,False,False,False,False,True,False,False,False,False,False
2209,69,169,5688.903869,capture,,0.3888433457,2010,2025,2025,14855,True,False,False,False,False,False,False,True,False,False,False,False,False
2210,69,169,6310.009431,capture,,0.4150735582,2010,2025,2025,14855,True,False,False,False,False,False,False,True,False,False,False,False,False
2211,69,169,6998.889334,capture,,0.3369917688,2010,2025,2025,14855,True,False,False,False,False,False,False,True,False,False,False,False,False
2212,69,169,7762.976826,capture,,0.3863294952,2010,2025,2025,14855,True,False,False,False,False,False,False,True,False,False,False,False,False
2213,69,169,8511.954169,capture,,0.3035794069,2010,2025,2025,14855,True,False,False,False,False,False,False,True,False,False,False,False,False
2214,69,169,9441.213496,capture,,0.2363155233,2010,2025,2025,14855,True,False,False,False,False,False,False,True,False,False,False,False,False
2215,69,169,10471.77578,capture,,0.2147445316,2010,2025,2025,14855,True,False,False,False,False,False,False,False,True,False,False,False,False
2216,69,169,11482.19006,capture,,0.1745467706,2010,2025,2025,14855,True,False,False,False,False,False,False,False,True,False,False,False,False
2217,69,169,12736.04859,capture,,0.1183242597,2010,2025,2025,14855,True,False,False,False,False,False,False,False,True,False,False,False,False
2218,69,169,14126.56949,capture,,0.1182647261,2010,2025,2025,14855,True,False,False,False,False,False,False,False,True,False,False,False,False
2219,69,169,15489.35877,capture,,0.1146526772,2010,2025,2025,14855,True,False,False,False,False,False,False,False,True,False,False,False,False
2220,69,169,17180.09022,capture,,0.06383605374,2010,2025,2025,14855,True,False,False,False,False,False,False,False,True,False,False,False,False
2221,69,169,19056.18089,capture,,0.04412800461,2010,2025,2025,14855,True,False,False,False,False,False,False,False,True,False,False,False,False
2222,69,169,20894.32273,capture,,0.008930025116,2010,2025,2025,14855,True,False,False,False,False,False,False,False,True,False,False,False,False
2223,69,169,23175.3059,capture,,-0.03442016162,2010,2025,2025,14855,True,False,False,False,False,False,False,False,True,False,False,False,False
2224,69,169,25705.48122,capture,,-0.07482977369,2010,2025,2025,14855,True,False,False,False,False,False,False,False,True,False,False,False,False
2225,69,169,28185.66267,capture,,-0.06786629518,2010,2025,2025,14855,True,False,False,False,False,False,False,False,True,False,False,False,False
2226,69,169,30551.2676,capture,,-0.05156747185,2010,2025,2025,14855,True,False,False,False,False,False,False,False,True,False,False,False,False
2227,69,169,38907.42083,capture,,-0.1298771308,2010,2025,2025,14855,True,False,False,False,False,False,False,False,True,False,False,False,False
2228,69,169,42172.23016,capture,,-0.1436034509,2010,2025,2025,14855,True,False,False,False,False,False,False,False,True,False,False,False,False
2229,69,169,46776.50595,capture,,-0.1771097873,2010,2025,2025,14855,True,False,False,False,False,False,False,False,True,False,False,False,False
2230,69,169,51289.24976,capture,,-0.2188660031,2010,2025,2025,14855,True,False,False,False,False,False,False,False,True,False,False,False,False
2231,69,169,56889.03869,capture,,-0.2516708502,2010,2025,2025,14855,True,False,False,False,False,False,False,False,True,False,False,False,False
2232,69,169,63100.09431,capture,,-0.2400659955,2010,2025,2025,14855,True,False,False,False,False,False,False,False,True,False,False,False,False
2233,69,169,69187.82402,capture,,-0.2485572964,2010,2025,2025,14855,True,False,False,False,False,False,False,False,True,False,False,False,False
2234,69,169,75862.60402,capture,,-0.2336949962,2010,2025,2025,14855,True,False,False,False,False,False,False,False,True,False,False,False,False
2235,69,169,96611,capture,,-0.3474345843,2010,2025,2025,14855,True,False,False,False,False,False,False,False,True,False,False,False,False
2236,69,169,103519.4953,capture,,-0.3367986592,2010,2025,2025,14855,True,False,False,False,False,False,False,False,False,True,False,False,True
2237,69,169,114821.9006,capture,,-0.3608373601,2010,2025,2025,14855,True,False,False,False,False,False,False,False,False,True,False,False,True
2238,69,169,125903.2634,capture,,-0.4140882897,2010,2025,2025,14855,True,False,False,False,False,False,False,False,False,True,False,False,True
2239,69,169,146230,capture,,-0.4090801819,2010,2025,2025,14855,True,False,False,False,False,False,False,False,False,True,False,False,True
2240,69,169,154893.5877,capture,,-0.4920328715,2010,2025,2025,14855,True,False,False,False,False,False,False,False,False,True,False,False,True
2241,69,169,169833.754,capture,,-0.498875667,2010,2025,2025,14855,True,False,False,False,False,False,False,False,False,True,False,False,True
2242,69,169,186223.2494,capture,,-0.4978290254,2010,2025,2025,14855,True,False,False,False,False,False,False,False,False,True,False,False,True
2243,69,169,208943.2273,capture,,-0.5387454009,2010,2025,2025,14855,True,False,False,False,False,False,False,False,False,True,False,False,True
2244,69,169,231753.059,capture,,-0.5819308365,2010,2025,2025,14855,True,False,False,False,False,False,False,False,False,True,False,False,True
2245,69,169,251203.3764,capture,,-0.609479966,2010,2025,2025,14855,True,False,False,False,False,False,False,False,False,True,False,False,True
2246,69,169,288420.8924,capture,,-0.6364820334,2010,2025,2025,14855,True,False,False,False,False,False,False,False,False,True,False,False,True
2247,69,169,312628.2547,capture,,-0.6544616021,2010,2025,2025,14855,True,False,False,False,False,False,False,False,False,True,False,False,True
2248,69,169,346762.5533,capture,,-0.6480491674,2010,2025,2025,14855,True,False,False,False,False,False,False,False,False,True,False,False,True
2249,69,169,380216.4798,capture,,-0.6910889295,2010,2025,2025,14855,True,False,False,False,False,False,False,False,False,True,False,False,True
2250,69,169,421722.3016,capture,,-0.7188302266,2010,2025,2025,14855,True,False,False,False,False,False,False,False,False,True,False,False,True
2251,69,169,467765.0595,capture,,-0.8079973851,2010,2025,2025,14855,True,False,False,False,False,False,False,False,False,True,False,False,True
2252,69,169,512892.4976,capture,,-0.8378689093,2010,2025,2025,14855,True,False,False,False,False,False,False,False,False,True,False,False,True
2253,69,169,568890.3869,capture,,-0.8667230246,2010,2025,2025,14855,True,False,False,False,False,False,False,False,False,True,False,False,True
2254,69,169,631000.9431,capture,,-0.8792451504,2010,2025,2025,14855,True,False,False,False,False,False,False,False,False,True,False,False,True
2255,69,169,691878.2402,capture,,-0.898605246,2010,2025,2025,14855,True,False,False,False,False,False,False,False,False,True,False,False,True
2256,69,169,767411.001,capture,,-0.93751579,2010,2025,2025,14855,True,False,False,False,False,False,False,False,False,True,False,False,True
2257,69,169,851195.4169,capture,,-0.9490859224,2010,2025,2025,14855,True,False,False,False,False,False,False,False,False,True,False,False,True
2258,69,169,933313.2365,capture,,-0.972796201,2010,2025,2025,14855,True,False,False,False,False,False,False,False,False,True,False,False,True
2259,69,169,17350000,n2n,,0.2430380487,2010,2016,2016,14447,False,True,False,False,False,False,False,False,False,False,False,True,True
2260,69,169,18828494.36,n2n,,0.09516935143,2010,2016,2016,14447,False,True,False,False,False,False,False,False,False,False,False,True,True
2261,69,169,8430000,n2n,,-0.8748441704,2010,2017,2018,14496,False,True,False,False,False,False,False,False,False,False,True,False,True
2262,69,169,9176595.229,n2n,,-0.2124332674,2010,2017,2018,14496,False,True,False,False,False,False,False,False,False,False,True,False,True
2263,69,169,10172049.94,n2n,,0.09187789963,2010,2017,2018,14496,False,True,False,False,False,False,False,False,False,False,False,True,True
2264,69,169,11406174.59,n2n,,0.1994626245,2010,2017,2018,14496,False,True,False,False,False,False,False,False,False,False,False,True,True
2265,69,169,12652628.19,n2n,,0.2708185331,2010,2017,2018,14496,False,True,False,False,False,False,False,False,False,False,False,True,True
2266,69,169,13647710.43,n2n,,0.3054373598,2010,2017,2018,14496,False,True,False,False,False,False,False,False,False,False,False,True,True
2267,69,169,14800000,n2n,,0.3155925338,2010,2017,2018,14496,False,True,False,False,False,False,False,False,False,False,False,True,True
2268,69,169,15243359.21,n2n,,0.3106614558,2010,2021,2021,14708,False,True,False,False,False,False,False,False,False,False,False,True,True
2269,69,169,17045972.59,n2n,,0.2597730063,2010,2021,2021,14708,False,True,False,False,False,False,False,False,False,False,False,True,True
2270,69,169,18421183.46,n2n,,0.1093253878,2010,2021,2021,14708,False,True,False,False,False,False,False,False,False,False,False,True,True
2271,69,169,14050000,n2n,,0.3222192947,2010,2023,2023,31858,False,True,False,False,False,False,False,False,False,False,False,True,True
2272,69,169,14052383.39,n2n,,0.2938926671,2010,2011,2012,32696,False,True,False,False,False,False,False,False,False,False,False,True,True
2273,69,169,14800000,n2n,,0.2968844755,2010,2011,2012,32696,False,True,False,False,False,False,False,False,False,False,False,True,True
2274,69,169,13500000,n2n,,0.2617385474,2010,2014,2017,32746,False,True,False,False,False,False,False,False,False,False,False,True,True
2275,69,169,14800000,n2n,,0.2846562828,2010,2014,2017,32746,False,True,False,False,False,False,False,False,False,False,False,True,True
2276,69,169,14300000,n2n,,0.2174049744,2010,2015,2022,32847,False,True,False,False,False,False,False,False,False,False,False,True,True
2277,69,169,12489996,n2n,,0.2639909327,2010,2023,2025,32925,False,True,False,False,False,False,False,False,False,False,False,True,True
2278,69,169,14000000,n2n,,0.2871296207,2010,2023,2025,32925,False,True,False,False,False,False,False,False,False,False,False,True,True
2279,69,169,15491933.38,n2n,,0.3016809493,2010,2023,2025,32925,False,True,False,False,False,False,False,False,False,False,False,True,True
2280,69,169,17000000,n2n,,0.2633993313,2010,2023,2025,32925,False,True,False,False,False,False,False,False,False,False,False,True,True
2281,69,169,18493242.01,n2n,,0.116607744,2010,2023,2025,32925,False,True,False,False,False,False,False,False,False,False,False,True,True
2282,69,169,19800000,n2n,,-0.02826040911,2010,2023,2025,32925,False,True,False,False,False,False,False,False,False,False,False,True,True
2283,70,168,14700000,n2n,,0.2730012721,2010,2012,2012,32233,False,True,False,False,False,False,False,False,False,False,False,True,True
2284,70,168,13500000,n2n,,0.221153322,2010,2013,2016,32727,False,True,False,False,False,False,False,False,False,False,False,True,True
2285,70,168,14800000,n2n,,0.2819419334,2010,2013,2016,32727,False,True,False,False,False,False,False,False,False,False,False,True,True
2286,70,168,14770000,n2n,,0.2806716836,2010,2022,2022,33175,False,True,False,False,False,False,False,False,False,False,False,True,True
2287,70,170,14700000,n2n,,0.2957869403,2010,2012,2012,32233,False,True,False,False,False,False,False,False,False,False,False,True,True
2288,70,170,13500000,n2n,,0.3064250276,2010,2013,2016,32727,False,True,False,False,False,False,False,False,False,False,False,True,True
2289,70,170,14800000,n2n,,0.3300077009,2010,2013,2016,32727,False,True,False,False,False,False,False,False,False,False,False,True,True
2290,70,170,14770000,n2n,,0.3412188077,2010,2022,2022,33175,False,True,False,False,False,False,False,False,False,False,False,True,True
2291,70,172,14700000,np,,-2.283996656,2010,2012,2012,32233,False,False,True,False,False,False,False,False,False,False,False,True,True
2292,70,172,13500000,np,,-2.443697499,2010,2013,2016,32727,False,False,True,False,False,False,False,False,False,False,False,True,True
2293,70,172,14800000,np,,-2.337242168,2010,2013,2016,32727,False,False,True,False,False,False,False,False,False,False,False,True,True
2294,70,173,14700000,np,,-2.259637311,2010,2012,2012,32233,False,False,True,False,False,False,False,False,False,False,False,True,True
2295,70,173,13500000,np,,-2.602059991,2010,2013,2016,32727,False,False,True,False,False,False,False,False,False,False,False,True,True
2296,70,173,14800000,np,,-2.346787486,2010,2013,2016,32727,False,False,True,False,False,False,False,False,False,False,False,True,True
2297,70,173,14770000,np,,-2.346787486,2010,2022,2022,33175,False,False,True,False,False,False,False,False,False,False,False,True,True
2298,70,174,14600000,na,,-2.950781977,2010,2014,2014,23221,False,False,False,True,False,False,False,False,False,False,False,True,True
2299,70,174,14700000,na,,-2.935542011,2010,2012,2012,32233,False,False,False,True,False,False,False,False,False,False,False,True,True
2300,70,174,14770000,na,,-2.93930216,2010,2022,2022,33175,False,False,False,True,False,False,False,False,False,False,False,True,True
2301,70,174,14600000,np,,-2.507239611,2010,2014,2014,23221,False,False,True,False,False,False,False,False,False,False,False,True,True
2302,70,174,14700000,np,,-2.552841969,2010,2012,2012,32233,False,False,True,False,False,False,False,False,False,False,False,True,True
2303,70,174,14800000,np,,-2.585026652,2010,2013,2016,32727,False,False,True,False,False,False,False,False,False,False,False,True,True
2304,70,174,14770000,np,,-2.555955204,2010,2022,2022,33175,False,False,True,False,False,False,False,False,False,False,False,True,True
2305,70,176,14700000,n2n,,0.3667963833,2010,2012,2012,32233,False,True,False,False,False,False,False,False,False,False,False,True,True
2306,70,176,13500000,n2n,,0.3287872004,2010,2013,2016,32727,False,True,False,False,False,False,False,False,False,False,False,True,True
2307,70,176,14800000,n2n,,0.3161800989,2010,2013,2016,32727,False,True,False,False,False,False,False,False,False,False,False,True,True
2308,70,176,14770000,n2n,,0.3508370184,2010,2022,2022,33175,False,True,False,False,False,False,False,False,False,False,False,True,True
2309,70,176,14600000,np,,-2.841637508,2010,2014,2014,23221,False,False,True,False,False,False,False,False,False,False,False,True,True
2310,70,176,14800000,np,,-2.207608311,2010,2013,2016,32727,False,False,True,False,False,False,False,False,False,False,False,True,True
2311,71,175,14052383.39,n2n,,0.3028069627,2010,2011,2012,32696,False,True,False,False,False,False,False,False,False,False,False,True,True
2312,71,175,14800000,n2n,,0.2922560714,2010,2011,2012,32696,False,True,False,False,False,False,False,False,False,False,False,True,True
2313,71,175,14298601.33,n2n,,0.3093107158,2010,2018,2019,32773,False,True,False,False,False,False,False,False,False,False,False,True,True
2314,71,175,14700000,n2n,,0.2960066693,2010,2018,2019,32773,False,True,False,False,False,False,False,False,False,False,False,True,True
2315,71,175,14600000,na,,-2.63638802,2010,2024,2025,32254,False,False,False,True,False,False,False,False,False,False,False,True,True
2316,71,175,14800000,na,,-2.948461609,2010,2011,2011,32690,False,False,False,True,False,False,False,False,False,False,False,True,True
2317,71,175,14298601.33,na,,-2.869666232,2010,2018,2019,32773,False,False,False,True,False,False,False,False,False,False,False,True,True
2318,71,175,14700000,na,,-2.823908741,2010,2018,2019,32773,False,False,False,True,False,False,False,False,False,False,False,True,True
2319,71,175,14620000,na,,-2.970616222,2010,2024,2025,32934,False,False,False,True,False,False,False,False,False,False,False,True,True
2320,71,175,14860000,na,,-2.935542011,2010,2024,2025,32934,False,False,False,True,False,False,False,False,False,False,False,True,True
2321,71,175,14600000,np,,-2.180456064,2010,2024,2025,32254,False,False,True,False,False,False,False,False,False,False,False,True,True
2322,71,175,13796738.75,np,,-2.161150909,2010,2011,2011,32690,False,False,True,False,False,False,False,False,False,False,False,True,True
2323,71,175,14800000,np,,-2.086186148,2010,2011,2011,32690,False,False,True,False,False,False,False,False,False,False,False,True,True
2324,71,175,14298601.33,np,,-2.431798276,2010,2018,2019,32773,False,False,True,False,False,False,False,False,False,False,False,True,True
2325,71,175,14700000,np,,-2.420216403,2010,2018,2019,32773,False,False,True,False,False,False,False,False,False,False,False,True,True
2326,71,175,14066788.7,np,,-2.466821298,2010,2024,2025,32934,False,False,True,False,False,False,False,False,False,False,False,True,True
2327,71,175,14860000,np,,-2.366531544,2010,2024,2025,32934,False,False,True,False,False,False,False,False,False,False,False,True,True
2328,71,176,14600000,na,,-2.555955204,2010,2024,2025,32254,False,False,False,True,False,False,False,False,False,False,False,True,True
2329,71,176,14860000,na,,-3,2010,2024,2025,32934,False,False,False,True,False,False,False,False,False,False,False,True,True
2330,72,174,10500000,n2n,,-0.09312646528,2010,2012,2012,23184,False,True,False,False,False,False,False,False,False,False,False,True,True
2331,72,174,11000000,n2n,,0.2100508499,2010,2012,2012,23184,False,True,False,False,False,False,False,False,False,False,False,True,True
2332,72,176,8800000,n2n,,-0.3788237182,2010,2012,2012,23184,False,True,False,False,False,False,False,False,False,False,True,False,True
2333,72,176,9000000,n2n,,-0.1366771399,2010,2012,2012,23184,False,True,False,False,False,False,False,False,False,False,True,False,True
2334,72,176,10246950.77,n2n,,0.09516935143,2010,2012,2012,23184,False,True,False,False,False,False,False,False,False,False,False,True,True
2335,72,176,11000000,n2n,,0.2203696325,2010,2012,2012,23184,False,True,False,False,False,False,False,False,False,False,False,True,True
2336,72,180,450000,capture,,-1.441291429,2010,2012,2012,32707,True,False,False,False,False,False,False,False,False,True,False,False,True
2337,72,180,1020000,capture,,-1.358525889,2010,2012,2012,32707,True,False,False,False,False,False,False,False,False,False,True,False,True
2338,72,180,1940000,capture,,-1.514278574,2010,2012,2012,32707,True,False,False,False,False,False,False,False,False,False,True,False,True
2339,72,180,2980000,capture,,-1.714442691,2010,2012,2012,32707,True,False,False,False,False,False,False,False,False,False,True,False,True
2340,72,180,13796738.75,np,,-2.874518734,2010,2021,2021,32851,False,False,True,False,False,False,False,False,False,False,False,True,True
2341,72,180,14800000,np,,-2.725842151,2010,2021,2021,32851,False,False,True,False,False,False,False,False,False,False,False,True,True
2342,73,181,23495,capture,,-0.02826040911,2010,2017,2017,14473,True,False,False,False,False,False,False,False,True,False,False,False,False
2343,73,181,81337,capture,,-0.3535962738,2010,2017,2017,14473,True,False,False,False,False,False,False,False,True,False,False,False,False
2344,73,181,127755,capture,,-0.4609239012,2010,2017,2017,14473,True,False,False,False,False,False,False,False,False,True,False,False,True
2345,73,181,136580,capture,,-0.468521083,2010,2017,2017,14473,True,False,False,False,False,False,False,False,False,True,False,False,True
2346,73,181,167550,capture,,-0.505845406,2010,2017,2017,14473,True,False,False,False,False,False,False,False,False,True,False,False,True
2347,73,181,183035,capture,,-0.5243288117,2010,2017,2017,14473,True,False,False,False,False,False,False,False,False,True,False,False,True
2348,73,181,219155,capture,,-0.5833594927,2010,2017,2017,14473,True,False,False,False,False,False,False,False,False,True,False,False,True
2349,73,181,272385,capture,,-0.616184634,2010,2017,2017,14473,True,False,False,False,False,False,False,False,False,True,False,False,True
2350,73,181,306225,capture,,-0.6497519817,2010,2017,2017,14473,True,False,False,False,False,False,False,False,False,True,False,False,True
2351,73,181,352150,capture,,-0.6882461389,2010,2017,2017,14473,True,False,False,False,False,False,False,False,False,True,False,False,True
2352,73,181,375600,capture,,-0.721246399,2010,2017,2017,14473,True,False,False,False,False,False,False,False,False,True,False,False,True
2353,73,181,467475,capture,,-0.7423214251,2010,2017,2017,14473,True,False,False,False,False,False,False,False,False,True,False,False,True
2354,73,181,555790,capture,,-0.7304870558,2010,2017,2017,14473,True,False,False,False,False,False,False,False,False,True,False,False,True
2355,73,181,642065,capture,,-0.7878123956,2010,2017,2017,14473,True,False,False,False,False,False,False,False,False,True,False,False,True
2356,73,181,699525,capture,,-0.8153085692,2010,2017,2017,14473,True,False,False,False,False,False,False,False,False,True,False,False,True
2357,73,181,949095,capture,,-0.8664610916,2010,2017,2017,14473,True,False,False,False,False,False,False,False,False,True,False,False,True
2358,73,181,1180200,capture,,-0.9665762445,2010,2017,2017,14473,True,False,False,False,False,False,False,False,False,False,True,False,True
2359,73,181,14780000,n2n,,0.2624510897,2010,2020,2020,33142,False,True,False,False,False,False,False,False,False,False,False,True,True
2360,73,181,13967665.97,np,,-2.601596991,2010,2016,2016,41614,False,False,True,False,False,False,False,False,False,False,False,True,True
2361,73,181,14759834.01,np,,-2.436103804,2010,2016,2016,41614,False,False,True,False,False,False,False,False,False,False,False,True,True
2362,73,181,400199.9917,total,,0.8332746393,2010,2019,2019,14576,False,False,False,False,True,False,False,False,False,True,False,False,True
2363,73,181,420753.4013,total,,0.839771971,2010,2019,2019,14576,False,False,False,False,True,False,False,False,False,True,False,False,True
2364,73,181,464935.8695,total,,0.8363177848,2010,2019,2019,14576,False,False,False,False,True,False,False,False,False,True,False,False,True
2365,73,181,513760.7032,total,,0.8343183479,2010,2019,2019,14576,False,False,False,False,True,False,False,False,False,True,False,False,True
2366,73,181,567757.4869,total,,0.8318834647,2010,2019,2019,14576,False,False,False,False,True,False,False,False,False,True,False,False,True
2367,73,181,627530.8606,total,,0.8324973004,2010,2019,2019,14576,False,False,False,False,True,False,False,False,False,True,False,False,True
2368,73,181,693672.4664,total,,0.8336156263,2010,2019,2019,14576,False,False,False,False,True,False,False,False,False,True,False,False,True
2369,73,181,766520.5527,total,,0.8350766069,2010,2019,2019,14576,False,False,False,False,True,False,False,False,False,True,False,False,True
2370,73,181,847159.565,total,,0.8359925216,2010,2019,2019,14576,False,False,False,False,True,False,False,False,False,True,False,False,True
2371,73,181,936384.1154,total,,0.8369391013,2010,2019,2019,14576,False,False,False,False,True,False,False,False,False,True,False,False,True
2372,73,181,1034879.82,total,,0.8388014569,2010,2019,2019,14576,False,False,False,False,True,False,False,False,False,False,True,False,True
2373,73,181,1143518.219,total,,0.84023279,2010,2019,2019,14576,False,False,False,False,True,False,False,False,False,False,True,False,True
2374,73,181,1263921.094,total,,0.8443553576,2010,2019,2019,14576,False,False,False,False,True,False,False,False,False,False,True,False,True
2375,73,181,1396656.799,total,,0.8459385691,2010,2019,2019,14576,False,False,False,False,True,False,False,False,False,False,True,False,True
2376,73,181,1543406.233,total,,0.8503207614,2010,2019,2019,14576,False,False,False,False,True,False,False,False,False,False,True,False,True
2377,73,181,1706062.252,total,,0.8527267462,2010,2019,2019,14576,False,False,False,False,True,False,False,False,False,False,True,False,True
2378,73,181,1885100.995,total,,0.8567082646,2010,2019,2019,14576,False,False,False,False,True,False,False,False,False,False,True,False,True
2379,73,181,2083766.096,total,,0.8579651894,2010,2019,2019,14576,False,False,False,False,True,False,False,False,False,False,True,False,True
2380,73,181,2303168.934,total,,0.8576608645,2010,2019,2019,14576,False,False,False,False,True,False,False,False,False,False,True,False,True
2381,73,181,2544709.435,total,,0.8534073596,2010,2019,2019,14576,False,False,False,False,True,False,False,False,False,False,True,False,True
2382,73,181,2811691.946,total,,0.8477471043,2010,2019,2019,14576,False,False,False,False,True,False,False,False,False,False,True,False,True
2383,73,181,3107278.362,total,,0.839977615,2010,2019,2019,14576,False,False,False,False,True,False,False,False,False,False,True,False,True
2384,73,181,3435103.857,total,,0.8269341462,2010,2019,2019,14576,False,False,False,False,True,False,False,False,False,False,True,False,True
2385,73,181,3796275.872,total,,0.8143176749,2010,2019,2019,14576,False,False,False,False,True,False,False,False,False,False,True,False,True
2386,73,181,4194811.571,total,,0.7988545948,2010,2019,2019,14576,False,False,False,False,True,False,False,False,False,False,True,False,True
2387,73,181,4637381.628,total,,0.7828260314,2010,2019,2019,14576,False,False,False,False,True,False,False,False,False,False,True,False,True
2388,73,181,5125585.362,total,,0.7668760698,2010,2019,2019,14576,False,False,False,False,True,False,False,False,False,False,True,False,True
2389,73,181,5662302.151,total,,0.7486654554,2010,2019,2019,14576,False,False,False,False,True,False,False,False,False,False,True,False,True
2390,73,181,6256893.196,total,,0.7345447055,2010,2019,2019,14576,False,False,False,False,True,False,False,False,False,False,True,False,True
2391,73,181,6918144.802,total,,0.7200919657,2010,2019,2019,14576,False,False,False,False,True,False,False,False,False,False,True,False,True
2392,73,181,7647874.409,total,,0.7123482634,2010,2019,2019,14576,False,False,False,False,True,False,False,False,False,False,True,False,True
2393,73,181,8450635.949,total,,0.7070002539,2010,2019,2019,14576,False,False,False,False,True,False,False,False,False,False,True,False,True
2394,73,181,9336228.321,total,,0.706184478,2010,2019,2019,14576,False,False,False,False,True,False,False,False,False,False,True,False,True
2395,73,181,10317494.11,total,,0.710964326,2010,2019,2019,14576,False,False,False,False,True,False,False,False,False,False,False,True,True
2396,73,181,11403169.23,total,,0.7157906999,2010,2019,2019,14576,False,False,False,False,True,False,False,False,False,False,False,True,True
2397,73,181,12600456.8,total,,0.7219126332,2010,2019,2019,14576,False,False,False,False,True,False,False,False,False,False,False,True,True
2398,73,181,13927335.01,total,,0.7264011621,2010,2019,2019,14576,False,False,False,False,True,False,False,False,False,False,False,True,True
2399,73,181,15395837.2,total,,0.7310229644,2010,2019,2019,14576,False,False,False,False,True,False,False,False,False,False,False,True,True
2400,73,181,17018495.35,total,,0.7320331875,2010,2019,2019,14576,False,False,False,False,True,False,False,False,False,False,False,True,True
2401,73,181,18802067.52,total,,0.7200360128,2010,2019,2019,14576,False,False,False,False,True,False,False,False,False,False,False,True,True
2402,73,181,19889882.69,total,,0.7294347894,2010,2019,2019,14576,False,False,False,False,True,False,False,False,False,False,False,True,True
2403,73,181,400199.9917,total,,0.8391007827,2010,2019,2019,14576,False,False,False,False,True,False,False,False,False,True,False,False,True
2404,73,181,420753.4013,total,,0.8419928849,2010,2019,2019,14576,False,False,False,False,True,False,False,False,False,True,False,False,True
2405,73,181,464935.8695,total,,0.8387380711,2010,2019,2019,14576,False,False,False,False,True,False,False,False,False,True,False,False,True
2406,73,181,513760.7032,total,,0.8355546917,2010,2019,2019,14576,False,False,False,False,True,False,False,False,False,True,False,False,True
2407,73,181,567757.4869,total,,0.8329363324,2010,2019,2019,14576,False,False,False,False,True,False,False,False,False,True,False,False,True
2408,73,181,627530.8606,total,,0.832917379,2010,2019,2019,14576,False,False,False,False,True,False,False,False,False,True,False,False,True
2409,73,181,693672.4664,total,,0.8352989954,2010,2019,2019,14576,False,False,False,False,True,False,False,False,False,True,False,False,True
2410,73,181,766520.5527,total,,0.8355849731,2010,2019,2019,14576,False,False,False,False,True,False,False,False,False,True,False,False,True
2411,73,181,847159.565,total,,0.8367906989,2010,2019,2019,14576,False,False,False,False,True,False,False,False,False,True,False,False,True
2412,73,181,936384.1154,total,,0.8379180219,2010,2019,2019,14576,False,False,False,False,True,False,False,False,False,True,False,False,True
2413,73,181,1034879.82,total,,0.8393220264,2010,2019,2019,14576,False,False,False,False,True,False,False,False,False,False,True,False,True
2414,73,181,1143518.219,total,,0.8412578431,2010,2019,2019,14576,False,False,False,False,True,False,False,False,False,False,True,False,True
2415,73,181,1263921.094,total,,0.8440146393,2010,2019,2019,14576,False,False,False,False,True,False,False,False,False,False,True,False,True
2416,73,181,1396656.799,total,,0.8471010819,2010,2019,2019,14576,False,False,False,False,True,False,False,False,False,False,True,False,True
2417,73,181,1543406.233,total,,0.8506455657,2010,2019,2019,14576,False,False,False,False,True,False,False,False,False,False,True,False,True
2418,73,181,1706062.252,total,,0.8537484253,2010,2019,2019,14576,False,False,False,False,True,False,False,False,False,False,True,False,True
2419,73,181,1885100.995,total,,0.8566198574,2010,2019,2019,14576,False,False,False,False,True,False,False,False,False,False,True,False,True
2420,73,181,2083766.096,total,,0.8579931939,2010,2019,2019,14576,False,False,False,False,True,False,False,False,False,False,True,False,True
2421,73,181,2303168.934,total,,0.8575174886,2010,2019,2019,14576,False,False,False,False,True,False,False,False,False,False,True,False,True
2422,73,181,2544709.435,total,,0.8538905677,2010,2019,2019,14576,False,False,False,False,True,False,False,False,False,False,True,False,True
2423,73,181,2811691.946,total,,0.8480235874,2010,2019,2019,14576,False,False,False,False,True,False,False,False,False,False,True,False,True
2424,73,181,3107278.362,total,,0.8392707889,2010,2019,2019,14576,False,False,False,False,True,False,False,False,False,False,True,False,True
2425,73,181,3435103.857,total,,0.8294266342,2010,2019,2019,14576,False,False,False,False,True,False,False,False,False,False,True,False,True
2426,73,181,3796275.872,total,,0.8144074293,2010,2019,2019,14576,False,False,False,False,True,False,False,False,False,False,True,False,True
2427,73,181,4194811.571,total,,0.7987240783,2010,2019,2019,14576,False,False,False,False,True,False,False,False,False,False,True,False,True
2428,73,181,4637381.628,total,,0.7839838456,2010,2019,2019,14576,False,False,False,False,True,False,False,False,False,False,True,False,True
2429,73,181,5125585.362,total,,0.767167864,2010,2019,2019,14576,False,False,False,False,True,False,False,False,False,False,True,False,True
2430,73,181,5662302.151,total,,0.7497593335,2010,2019,2019,14576,False,False,False,False,True,False,False,False,False,False,True,False,True
2431,73,181,6256893.196,total,,0.7349366637,2010,2019,2019,14576,False,False,False,False,True,False,False,False,False,False,True,False,True
2432,73,181,6918144.802,total,,0.7199793922,2010,2019,2019,14576,False,False,False,False,True,False,False,False,False,False,True,False,True
2433,73,181,7647874.409,total,,0.7120747091,2010,2019,2019,14576,False,False,False,False,True,False,False,False,False,False,True,False,True
2434,73,181,8450635.949,total,,0.7066324509,2010,2019,2019,14576,False,False,False,False,True,False,False,False,False,False,True,False,True
2435,73,181,9336228.321,total,,0.7073426456,2010,2019,2019,14576,False,False,False,False,True,False,False,False,False,False,True,False,True
2436,73,181,10317494.11,total,,0.710471574,2010,2019,2019,14576,False,False,False,False,True,False,False,False,False,False,False,True,True
2437,73,181,11403169.23,total,,0.7136699666,2010,2019,2019,14576,False,False,False,False,True,False,False,False,False,False,False,True,True
2438,73,181,12600456.8,total,,0.7199675544,2010,2019,2019,14576,False,False,False,False,True,False,False,False,False,False,False,True,True
2439,73,181,13927335.01,total,,0.723584272,2010,2019,2019,14576,False,False,False,False,True,False,False,False,False,False,False,True,True
2440,73,181,15395837.2,total,,0.7291178779,2010,2019,2019,14576,False,False,False,False,True,False,False,False,False,False,False,True,True
2441,73,181,17018495.35,total,,0.7293613061,2010,2019,2019,14576,False,False,False,False,True,False,False,False,False,False,False,True,True
2442,73,181,18802067.52,total,,0.721655465,2010,2019,2019,14576,False,False,False,False,True,False,False,False,False,False,False,True,True
2443,73,181,19889882.69,total,,0.7243851123,2010,2019,2019,14576,False,False,False,False,True,False,False,False,False,False,False,True,True
2444,74,182,8606369.734,n2n,,-0.6546262694,2010,2025,2025,14856,False,True,False,False,False,False,False,False,False,False,True,False,True
2445,74,182,9350000,n2n,,-0.09205147839,2010,2025,2025,14856,False,True,False,False,False,False,False,False,False,False,True,False,True
2446,74,182,10315734.67,n2n,,0.1343896324,2010,2025,2025,14856,False,True,False,False,False,False,False,False,False,False,False,True,True
2447,74,182,11542400.1,n2n,,0.2467447097,2010,2025,2025,14856,False,True,False,False,False,False,False,False,False,False,False,True,True
2448,74,182,12517503.74,n2n,,0.2963360546,2010,2025,2025,14856,False,True,False,False,False,False,False,False,False,False,False,True,True
2449,74,182,14700000,n2n,,0.3479151865,2010,2025,2025,14856,False,True,False,False,False,False,False,False,False,False,False,True,True
2450,74,182,13942740.05,n2n,,0.3133398439,2010,2022,2024,32874,False,True,False,False,False,False,False,False,False,False,False,True,True
2451,74,182,14800000,n2n,,0.3358589113,2010,2022,2024,32874,False,True,False,False,False,False,False,False,False,False,False,True,True
2452,74,182,13994964.18,np,,-2.39218768,2010,2022,2024,32874,False,False,True,False,False,False,False,False,False,False,False,True,True
2453,74,182,14800000,np,,-2.257274869,2010,2022,2024,32874,False,False,True,False,False,False,False,False,False,False,False,True,True
2454,74,182,14063717.81,np,,-2.383997374,2010,2016,2016,41614,False,False,True,False,False,False,False,False,False,False,False,True,True
2455,74,182,14749833.9,np,,-2.254417787,2010,2016,2016,41614,False,False,True,False,False,False,False,False,False,False,False,True,True
2456,74,183,13994964.18,np,,-2.531160551,2010,2023,2025,32904,False,False,True,False,False,False,False,False,False,False,False,True,True
2457,74,183,14800000,np,,-2.32330639,2010,2023,2025,32904,False,False,True,False,False,False,False,False,False,False,False,True,True
2458,74,183,14063717.81,np,,-2.314258261,2010,2016,2016,41614,False,False,True,False,False,False,False,False,False,False,False,True,True
2459,74,183,14749833.9,np,,-2.153353671,2010,2016,2016,41614,False,False,True,False,False,False,False,False,False,False,False,True,True
2460,74,184,13994964.18,np,,-2.718966633,2010,2022,2024,32874,False,False,True,False,False,False,False,False,False,False,False,True,True
2461,74,184,14800000,np,,-2.514278574,2010,2022,2024,32874,False,False,True,False,False,False,False,False,False,False,False,True,True
2462,74,184,13962433.96,np,,-2.69429045,2010,2016,2016,41614,False,False,True,False,False,False,False,False,False,False,False,True,True
2463,74,184,14759783.2,np,,-2.504455662,2010,2016,2016,41614,False,False,True,False,False,False,False,False,False,False,False,True,True
2464,74,186,3200000,capture,,-1.860120914,2010,2012,2011,33038,True,False,False,False,False,False,False,False,False,False,True,False,True
2465,74,186,13930841.4,n2n,,0.2835273649,2010,2016,2016,41614,False,True,False,False,False,False,False,False,False,False,False,True,True
2466,74,186,14749833.9,n2n,,0.3055663135,2010,2016,2016,41614,False,True,False,False,False,False,False,False,False,False,False,True,True
2467,74,186,14400000,np,,-2.853871964,2010,2019,2020,32797,False,False,True,False,False,False,False,False,False,False,False,True,True
2468,74,186,14160781.12,np,,-2.868862726,2010,2016,2016,41614,False,False,True,False,False,False,False,False,False,False,False,True,True
2469,74,186,14744809.26,np,,-2.721246399,2010,2016,2016,41614,False,False,True,False,False,False,False,False,False,False,False,True,True
2470,75,185,24000,capture,,0.03342375549,2010,2011,2011,31713,True,False,False,False,False,False,False,False,True,False,False,False,False
2471,75,185,54000,capture,,-0.1837587,2010,2011,2011,31713,True,False,False,False,False,False,False,False,True,False,False,False,False
2472,75,185,59000,capture,,-0.2153827074,2010,2011,2011,31713,True,False,False,False,False,False,False,False,True,False,False,False,False
2473,75,185,133000,capture,,-0.3788237182,2010,2011,2011,31713,True,False,False,False,False,False,False,False,False,True,False,False,True
2474,75,185,148000,capture,,-0.2932822177,2010,2011,2011,31713,True,False,False,False,False,False,False,False,False,True,False,False,True
2475,75,185,1044.652998,capture,,1.04857881,2010,2024,2025,32929,True,False,False,False,False,False,False,True,False,False,False,False,False
2476,75,185,1151.453607,capture,,1.103381806,2010,2024,2025,32929,True,False,False,False,False,False,False,True,False,False,False,False,False
2477,75,185,1269.665242,capture,,1.049839259,2010,2024,2025,32929,True,False,False,False,False,False,False,True,False,False,False,False,False
2478,75,185,1399.356788,capture,,1.078279439,2010,2024,2025,32929,True,False,False,False,False,False,False,True,False,False,False,False,False
2479,75,185,1561.212346,capture,,0.9807616105,2010,2024,2025,32929,True,False,False,False,False,False,False,True,False,False,False,False,False
2480,75,185,1722.002037,capture,,0.8668050816,2010,2024,2025,32929,True,False,False,False,False,False,False,True,False,False,False,False,False
2481,75,185,1899.157446,capture,,0.867522169,2010,2024,2025,32929,True,False,False,False,False,False,False,True,False,False,False,False,False
2482,75,185,2089.365794,capture,,0.9414775176,2010,2024,2025,32929,True,False,False,False,False,False,False,True,False,False,False,False,False
2483,75,185,2304.956272,capture,,0.9749632531,2010,2024,2025,32929,True,False,False,False,False,False,False,True,False,False,False,False,False
2484,75,185,2566.82114,capture,,0.96867661,2010,2024,2025,32929,True,False,False,False,False,False,False,True,False,False,False,False,False
2485,75,185,2829.204692,capture,,0.8939142653,2010,2024,2025,32929,True,False,False,False,False,False,False,True,False,False,False,False,False
2486,75,185,3120.518639,capture,,0.8552028596,2010,2024,2025,32929,True,False,False,False,False,False,False,True,False,False,False,False,False
2487,75,185,3476.381856,capture,,0.8243906272,2010,2024,2025,32929,True,False,False,False,False,False,False,True,False,False,False,False,False
2488,75,185,3831.376381,capture,,0.811418149,2010,2024,2025,32929,True,False,False,False,False,False,False,True,False,False,False,False,False
2489,75,185,4221.951508,capture,,0.8048454559,2010,2024,2025,32929,True,False,False,False,False,False,False,True,False,False,False,False,False
2490,75,185,4707.875708,capture,,0.7434387353,2010,2024,2025,32929,True,False,False,False,False,False,False,True,False,False,False,False,False
2491,75,185,5185.961517,capture,,0.7478548109,2010,2024,2025,32929,True,False,False,False,False,False,False,True,False,False,False,False,False
2492,75,185,5719.398518,capture,,0.690248015,2010,2024,2025,32929,True,False,False,False,False,False,False,True,False,False,False,False,False
2493,75,185,6303.165515,capture,,0.6115124807,2010,2024,2025,32929,True,False,False,False,False,False,False,True,False,False,False,False,False
2494,75,185,6948.67607,capture,,0.6189876673,2010,2024,2025,32929,True,False,False,False,False,False,False,True,False,False,False,False,False
2495,75,185,7740.397139,capture,,0.6181803533,2010,2024,2025,32929,True,False,False,False,False,False,False,True,False,False,False,False,False
2496,75,185,8532.519697,capture,,0.5227760225,2010,2024,2025,32929,True,False,False,False,False,False,False,True,False,False,False,False,False
2497,75,185,9405.619887,capture,,0.4916515937,2010,2024,2025,32929,True,False,False,False,False,False,False,True,False,False,False,False,False
2498,75,185,10040,capture,,0.4801435373,2010,2024,2025,32929,True,False,False,False,False,False,False,False,True,False,False,False,False
2499,75,185,14052383.39,n2n,,0.3471738364,2010,2011,2012,32696,False,True,False,False,False,False,False,False,False,False,False,True,True
2500,75,185,14800000,n2n,,0.3372595398,2010,2011,2012,32696,False,True,False,False,False,False,False,False,False,False,False,True,True
2501,75,185,14740000,n2n,,0.2659963705,2010,2016,2016,41614,False,True,False,False,False,False,False,False,False,False,False,True,True
2502,75,185,14480000,na,,-2.853871964,2010,2016,2016,41614,False,False,False,True,False,False,False,False,False,False,False,True,True
2503,75,187,24000,capture,,-0.09582563172,2010,2011,2011,31713,True,False,False,False,False,False,False,False,True,False,False,False,False
2504,75,187,54000,capture,,-0.3334820194,2010,2011,2011,31713,True,False,False,False,False,False,False,False,True,False,False,False,False
2505,75,187,59000,capture,,-0.3716110699,2010,2011,2011,31713,True,False,False,False,False,False,False,False,True,False,False,False,False
2506,75,187,133000,capture,,-0.4023048141,2010,2011,2011,31713,True,False,False,False,False,False,False,False,False,True,False,False,True
2507,75,187,148000,capture,,-0.448550002,2010,2011,2011,31713,True,False,False,False,False,False,False,False,False,True,False,False,True
2508,75,187,1044.652998,capture,,1.334018535,2010,2024,2025,32929,True,False,False,False,False,False,False,True,False,False,False,False,False
2509,75,187,1151.453607,capture,,1.195638444,2010,2024,2025,32929,True,False,False,False,False,False,False,True,False,False,False,False,False
2510,75,187,1269.665242,capture,,1.135728562,2010,2024,2025,32929,True,False,False,False,False,False,False,True,False,False,False,False,False
2511,75,187,1399.356788,capture,,1.285151943,2010,2024,2025,32929,True,False,False,False,False,False,False,True,False,False,False,False,False
2512,75,187,1561.212346,capture,,1.106781843,2010,2024,2025,32929,True,False,False,False,False,False,False,True,False,False,False,False,False
2513,75,187,1722.002037,capture,,1.085993997,2010,2024,2025,32929,True,False,False,False,False,False,False,True,False,False,False,False,False
2514,75,187,1899.157446,capture,,1.090562623,2010,2024,2025,32929,True,False,False,False,False,False,False,True,False,False,False,False,False
2515,75,187,2089.365794,capture,,1.050347657,2010,2024,2025,32929,True,False,False,False,False,False,False,True,False,False,False,False,False
2516,75,187,2304.956272,capture,,1.003621295,2010,2024,2025,32929,True,False,False,False,False,False,False,True,False,False,False,False,False
2517,75,187,2566.82114,capture,,1.090663299,2010,2024,2025,32929,True,False,False,False,False,False,False,True,False,False,False,False,False
2518,75,187,2829.204692,capture,,1.022971827,2010,2024,2025,32929,True,False,False,False,False,False,False,True,False,False,False,False,False
2519,75,187,3120.518639,capture,,0.9496275837,2010,2024,2025,32929,True,False,False,False,False,False,False,True,False,False,False,False,False
2520,75,187,3476.381856,capture,,0.893613977,2010,2024,2025,32929,True,False,False,False,False,False,False,True,False,False,False,False,False
2521,75,187,3831.376381,capture,,0.9067104419,2010,2024,2025,32929,True,False,False,False,False,False,False,True,False,False,False,False,False
2522,75,187,4221.951508,capture,,0.869210474,2010,2024,2025,32929,True,False,False,False,False,False,False,True,False,False,False,False,False
2523,75,187,4707.875708,capture,,0.7705720591,2010,2024,2025,32929,True,False,False,False,False,False,False,True,False,False,False,False,False
2524,75,187,5185.961517,capture,,0.8441762029,2010,2024,2025,32929,True,False,False,False,False,False,False,True,False,False,False,False,False
2525,75,187,5719.398518,capture,,0.7436632301,2010,2024,2025,32929,True,False,False,False,False,False,False,True,False,False,False,False,False
2526,75,187,6303.165515,capture,,0.7014339202,2010,2024,2025,32929,True,False,False,False,False,False,False,True,False,False,False,False,False
2527,75,187,6948.67607,capture,,0.7099273515,2010,2024,2025,32929,True,False,False,False,False,False,False,True,False,False,False,False,False
2528,75,187,7740.397139,capture,,0.7217028111,2010,2024,2025,32929,True,False,False,False,False,False,False,True,False,False,False,False,False
2529,75,187,8532.519697,capture,,0.509844078,2010,2024,2025,32929,True,False,False,False,False,False,False,True,False,False,False,False,False
2530,75,187,9405.619887,capture,,0.5766642439,2010,2024,2025,32929,True,False,False,False,False,False,False,True,False,False,False,False,False
2531,75,187,10040,capture,,0.5092253793,2010,2024,2025,32929,True,False,False,False,False,False,False,False,True,False,False,False,False
2532,75,187,18100000,na,,-2.815292596,2010,2016,2016,23301,False,False,False,True,False,False,False,False,False,False,False,True,True
2533,75,187,16100000,na,,-2.970616222,2010,2016,2016,23301,False,False,False,True,False,False,False,False,False,False,False,True,True
2534,75,187,16800000,na,,-2.974694135,2010,2016,2016,23301,False,False,False,True,False,False,False,False,False,False,False,True,True
2535,75,187,18300000,na,,-2.818156412,2010,2016,2016,23301,False,False,False,True,False,False,False,False,False,False,False,True,True
2536,75,187,18100000,np,,-2.315894947,2010,2016,2016,23301,False,False,True,False,False,False,False,False,False,False,False,True,True
2537,75,187,18100000,np,,-2.30980392,2010,2020,2021,23723,False,False,True,False,False,False,False,False,False,False,False,True,True
2538,75,187,15390746.11,np,,-2.451815389,2010,2020,2021,23723,False,False,True,False,False,False,False,False,False,False,False,True,True
2539,75,187,17048167.06,np,,-2.341988603,2010,2020,2021,23723,False,False,True,False,False,False,False,False,False,False,False,True,True
2540,75,187,18300000,np,,-2.30980392,2010,2020,2021,23723,False,False,True,False,False,False,False,False,False,False,False,True,True
2541,75,187,13994964.18,np,,-2.600326279,2010,2021,2025,32854,False,False,True,False,False,False,False,False,False,False,False,True,True
2542,75,187,14800000,np,,-2.485452247,2010,2021,2025,32854,False,False,True,False,False,False,False,False,False,False,False,True,True
2543,75,187,14059634.89,np,,-2.504918416,2010,2016,2016,41614,False,False,True,False,False,False,False,False,False,False,False,True,True
2544,75,187,14840000,np,,-2.404503778,2010,2016,2016,41614,False,False,True,False,False,False,False,False,False,False,False,True,True
2545,76,188,13992354.17,np,,-2.434545742,2010,2016,2016,41614,False,False,True,False,False,False,False,False,False,False,False,True,True
2546,76,188,14749833.9,np,,-2.270430274,2010,2016,2016,41614,False,False,True,False,False,False,False,False,False,False,False,True,True
2547,76,189,13992354.17,np,,-2.141663354,2010,2016,2016,41614,False,False,True,False,False,False,False,False,False,False,False,True,True
2548,76,189,14749833.9,np,,-1.968591536,2010,2016,2016,41614,False,False,True,False,False,False,False,False,False,False,False,True,True
2549,77,191,13994282.8,n2n,,0.3235149257,2010,2022,2025,32926,False,True,False,False,False,False,False,False,False,False,False,True,True
2550,77,191,14829969.66,n2n,,0.3292493598,2010,2022,2025,32926,False,True,False,False,False,False,False,False,False,False,False,True,True
2551,77,191,14070966.77,n2n,,0.2728159335,2010,2016,2016,41614,False,True,False,False,False,False,False,False,False,False,False,True,True
2552,77,191,14749833.9,n2n,,0.27600199,2010,2016,2016,41614,False,True,False,False,False,False,False,False,False,False,False,True,True
2553,77,191,14070966.77,np,,-2.40560745,2010,2016,2016,41614,False,False,True,False,False,False,False,False,False,False,False,True,True
2554,77,191,14749833.9,np,,-2.326058001,2010,2016,2016,41614,False,False,True,False,False,False,False,False,False,False,False,True,True
2555,77,193,14207862.15,np,,-2.701146924,2010,2016,2016,41614,False,False,True,False,False,False,False,False,False,False,False,True,True
2556,77,193,14749833.9,np,,-2.492144128,2010,2016,2016,41614,False,False,True,False,False,False,False,False,False,False,False,True,True
2557,78,192,14064410.13,n2n,,0.2844307338,2010,2016,2016,41614,False,True,False,False,False,False,False,False,False,False,False,True,True
2558,78,192,14820000,n2n,,0.3106933123,2010,2016,2016,41614,False,True,False,False,False,False,False,False,False,False,False,True,True
2559,78,194,14680000,na,,-2.93930216,2010,2016,2016,41614,False,False,False,True,False,False,False,False,False,False,False,True,True
2560,78,194,13964741.32,np,,-2.506541949,2010,2016,2016,41614,False,False,True,False,False,False,False,False,False,False,False,True,True
2561,78,194,14820000,np,,-2.332547047,2010,2016,2016,41614,False,False,True,False,False,False,False,False,False,False,False,True,True
2562,78,196,14770000,np,,-2.841637508,2010,2016,2016,41614,False,False,True,False,False,False,False,False,False,False,False,True,True
2563,79,197,5221.801777,capture,,0.1809855808,2010,2011,2011,23152,True,False,False,False,False,False,False,True,False,False,False,False,False
2564,79,197,5725.570997,capture,,0.3298968879,2010,2011,2011,23152,True,False,False,False,False,False,False,True,False,False,False,False,False
2565,79,197,6306.848372,capture,,0.2461044841,2010,2011,2011,23152,True,False,False,False,False,False,False,True,False,False,False,False,False
2566,79,197,6947.234991,capture,,0.2369950401,2010,2011,2011,23152,True,False,False,False,False,False,False,True,False,False,False,False,False
2567,79,197,7687.875851,capture,,0.1920095927,2010,2011,2011,23152,True,False,False,False,False,False,False,True,False,False,False,False,False
2568,79,197,8507.619568,capture,,0.1499744806,2010,2011,2011,23152,True,False,False,False,False,False,False,True,False,False,False,False,False
2569,79,197,9414.639901,capture,,0.04232487874,2010,2011,2011,23152,True,False,False,False,False,False,False,True,False,False,False,False,False
2570,79,197,10418.39734,capture,,0.03342375549,2010,2011,2011,23152,True,False,False,False,False,False,False,False,True,False,False,False,False
2571,79,197,11529.28993,capture,,0.09006557495,2010,2011,2011,23152,True,False,False,False,False,False,False,False,True,False,False,False,False
2572,79,197,12758.54683,capture,,0.003264648077,2010,2011,2011,23152,True,False,False,False,False,False,False,False,True,False,False,False,False
2573,79,197,14054.03297,capture,,-0.03607057797,2010,2011,2011,23152,True,False,False,False,False,False,False,False,True,False,False,False,False
2574,79,197,15481.21015,capture,,-0.07647339087,2010,2011,2011,23152,True,False,False,False,False,False,False,False,True,False,False,False,False
2575,79,197,17131.95634,capture,,-0.09765091933,2010,2011,2011,23152,True,False,False,False,False,False,False,False,True,False,False,False,False
2576,79,197,18958.55109,capture,,-0.1297025264,2010,2011,2011,23152,True,False,False,False,False,False,False,False,True,False,False,False,False
2577,79,197,20979.96042,capture,,-0.1714572745,2010,2011,2011,23152,True,False,False,False,False,False,False,False,True,False,False,False,False
2578,79,197,23216.83374,capture,,-0.2000332147,2010,2011,2011,23152,True,False,False,False,False,False,False,False,True,False,False,False,False
2579,79,197,25692.46349,capture,,-0.2260142002,2010,2011,2011,23152,True,False,False,False,False,False,False,False,True,False,False,False,False
2580,79,197,28301.1931,capture,,-0.1817741064,2010,2011,2011,23152,True,False,False,False,False,False,False,False,True,False,False,False,False
2581,79,197,31174.91387,capture,,-0.2610033567,2010,2011,2011,23152,True,False,False,False,False,False,False,False,True,False,False,False,False
2582,79,197,34498.77435,capture,,-0.316871058,2010,2011,2011,23152,True,False,False,False,False,False,False,False,True,False,False,False,False
2583,79,197,38177.26003,capture,,-0.2523763584,2010,2011,2011,23152,True,False,False,False,False,False,False,False,True,False,False,False,False
2584,79,197,42247.71763,capture,,-0.3481055282,2010,2011,2011,23152,True,False,False,False,False,False,False,False,True,False,False,False,False
2585,79,197,46752.53486,capture,,-0.3321227242,2010,2011,2011,23152,True,False,False,False,False,False,False,False,True,False,False,False,False
2586,79,197,51737.41488,capture,,-0.3610571717,2010,2011,2011,23152,True,False,False,False,False,False,False,False,True,False,False,False,False
2587,79,197,56990.80529,capture,,-0.4097155963,2010,2011,2011,23152,True,False,False,False,False,False,False,False,True,False,False,False,False
2588,79,197,62777.50475,capture,,-0.4190750243,2010,2011,2011,23152,True,False,False,False,False,False,False,False,True,False,False,False,False
2589,79,197,69471.12299,capture,,-0.3953812756,2010,2011,2011,23152,True,False,False,False,False,False,False,False,True,False,False,False,False
2590,79,197,76878.29765,capture,,-0.416801226,2010,2011,2011,23152,True,False,False,False,False,False,False,False,True,False,False,False,False
2591,79,197,85075.50178,capture,,-0.4731909611,2010,2011,2011,23152,True,False,False,False,False,False,False,False,True,False,False,False,False
2592,79,197,94146.64923,capture,,-0.5097860532,2010,2011,2011,23152,True,False,False,False,False,False,False,False,True,False,False,False,False
2593,79,197,104184.9391,capture,,-0.49509685,2010,2011,2011,23152,True,False,False,False,False,False,False,False,False,True,False,False,True
2594,79,197,114763.5363,capture,,-0.5287082889,2010,2011,2011,23152,True,False,False,False,False,False,False,False,False,True,False,False,True
2595,79,197,126416.7822,capture,,-0.5582334754,2010,2011,2011,23152,True,False,False,False,False,False,False,False,False,True,False,False,True
2596,79,197,139895.798,capture,,-0.5477952362,2010,2011,2011,23152,True,False,False,False,False,False,False,False,False,True,False,False,True
2597,79,197,154811.8678,capture,,-0.5693679875,2010,2011,2011,23152,True,False,False,False,False,False,False,False,False,True,False,False,True
2598,79,197,171318.5955,capture,,-0.5923773688,2010,2011,2011,23152,True,False,False,False,False,False,False,False,False,True,False,False,True
2599,79,197,189585.168,capture,,-0.5957884819,2010,2011,2011,23152,True,False,False,False,False,False,False,False,False,True,False,False,True
2600,79,197,209799.5935,capture,,-0.6143937264,2010,2011,2011,23152,True,False,False,False,False,False,False,False,False,True,False,False,True
2601,79,197,231102.4242,capture,,-0.6730500058,2010,2011,2011,23152,True,False,False,False,False,False,False,False,False,True,False,False,True
2602,79,197,254568.3758,capture,,-0.6060261785,2010,2011,2011,23152,True,False,False,False,False,False,False,False,False,True,False,False,True
2603,79,197,281711.4905,capture,,-0.6817468925,2010,2011,2011,23152,True,False,False,False,False,False,False,False,False,True,False,False,True
2604,79,197,311748.7081,capture,,-0.6999581606,2010,2011,2011,23152,True,False,False,False,False,False,False,False,False,True,False,False,True
2605,79,197,344988.5154,capture,,-0.7608143148,2010,2011,2011,23152,True,False,False,False,False,False,False,False,False,True,False,False,True
2606,79,197,380018.357,capture,,-0.7796303675,2010,2011,2011,23152,True,False,False,False,False,False,False,False,False,True,False,False,True
2607,79,197,45000,capture,,-0.339134522,2010,2022,2022,23603,True,False,False,False,False,False,False,False,True,False,False,False,False
2608,79,197,133400,capture,,-0.5287082889,2010,2022,2022,23603,True,False,False,False,False,False,False,False,False,True,False,False,True
2609,79,197,21500,capture,,-0.2125395255,2010,2021,2021,23746,True,False,False,False,False,False,False,False,True,False,False,False,False
2610,79,197,53000,capture,,-0.3946949539,2010,2021,2021,23746,True,False,False,False,False,False,False,False,True,False,False,False,False
2611,79,197,128000,capture,,-0.5243288117,2010,2021,2021,23746,True,False,False,False,False,False,False,False,False,True,False,False,True
2612,79,197,1593.125808,capture,,0.6555255293,2010,2021,2022,32856,True,False,False,False,False,False,False,True,False,False,False,False,False
2613,79,197,1719.887633,capture,,0.6483014709,2010,2021,2022,32856,True,False,False,False,False,False,False,True,False,False,False,False,False
2614,79,197,1899.984554,capture,,0.5876134974,2010,2021,2022,32856,True,False,False,False,False,False,False,True,False,False,False,False,False
2615,79,197,2100.148805,capture,,0.6963752621,2010,2021,2022,32856,True,False,False,False,False,False,False,True,False,False,False,False,False
2616,79,197,2321.400485,capture,,0.520184787,2010,2021,2022,32856,True,False,False,False,False,False,False,True,False,False,False,False,False
2617,79,197,2565.961137,capture,,0.4935460644,2010,2021,2022,32856,True,False,False,False,False,False,False,True,False,False,False,False,False
2618,79,197,2836.286321,capture,,0.4453153093,2010,2021,2022,32856,True,False,False,False,False,False,False,True,False,False,False,False,False
2619,79,197,3135.090431,capture,,0.3622890999,2010,2021,2022,32856,True,False,False,False,False,False,False,True,False,False,False,False,False
2620,79,197,3463.379435,capture,,0.5081918667,2010,2021,2022,32856,True,False,False,False,False,False,False,True,False,False,False,False,False
2621,79,197,3826.044972,capture,,0.4308642417,2010,2021,2022,32856,True,False,False,False,False,False,False,True,False,False,False,False,False
2622,79,197,4229.120654,capture,,0.384791221,2010,2021,2022,32856,True,False,False,False,False,False,False,True,False,False,False,False,False
2623,79,197,4674.660525,capture,,0.3660510686,2010,2021,2022,32856,True,False,False,False,False,False,False,True,False,False,False,False,False
2624,79,197,5167.138153,capture,,0.2293151793,2010,2021,2022,32856,True,False,False,False,False,False,False,True,False,False,False,False,False
2625,79,197,5711.498589,capture,,0.3984361108,2010,2021,2022,32856,True,False,False,False,False,False,False,True,False,False,False,False,False
2626,79,197,6313.207568,capture,,0.3043520724,2010,2021,2022,32856,True,False,False,False,False,False,False,True,False,False,False,False,False
2627,79,197,6974.291129,capture,,0.3019950058,2010,2021,2022,32856,True,False,False,False,False,False,False,True,False,False,False,False,False
2628,79,197,7704.599514,capture,,0.2644229505,2010,2021,2022,32856,True,False,False,False,False,False,False,True,False,False,False,False,False
2629,79,197,8516.282726,capture,,0.2036586618,2010,2021,2022,32856,True,False,False,False,False,False,False,True,False,False,False,False,False
2630,79,197,9413.477211,capture,,0.1354021335,2010,2021,2022,32856,True,False,False,False,False,False,False,True,False,False,False,False,False
2631,79,197,10284.1985,capture,,0.1200290411,2010,2021,2022,32856,True,False,False,False,False,False,False,False,True,False,False,False,False
2632,79,197,11481.56693,capture,,0.1352328905,2010,2021,2022,32856,True,False,False,False,False,False,False,False,True,False,False,False,False
2633,79,197,12705.77521,capture,,0.07093491268,2010,2021,2022,32856,True,False,False,False,False,False,False,False,True,False,False,False,False
2634,79,197,14060.51222,capture,,0.03104195976,2010,2021,2022,32856,True,False,False,False,False,False,False,False,True,False,False,False,False
2635,79,197,15523.91058,capture,,-0.001816414323,2010,2021,2022,32856,True,False,False,False,False,False,False,False,True,False,False,False,False
2636,79,197,17139.61849,capture,,-0.007436862971,2010,2021,2022,32856,True,False,False,False,False,False,False,False,True,False,False,False,False
2637,79,197,18967.10929,capture,,-0.06375128359,2010,2021,2022,32856,True,False,False,False,False,False,False,False,True,False,False,False,False
2638,79,197,20941.1804,capture,,-0.09421010551,2010,2021,2022,32856,True,False,False,False,False,False,False,False,True,False,False,False,False
2639,79,197,23120.70946,capture,,-0.1191496553,2010,2021,2022,32856,True,False,False,False,False,False,False,False,True,False,False,False,False
2640,79,197,25585.92639,capture,,-0.168216378,2010,2021,2022,32856,True,False,False,False,False,False,False,False,True,False,False,False,False
2641,79,197,28313.99519,capture,,-0.1222234005,2010,2021,2022,32856,True,False,False,False,False,False,False,False,True,False,False,False,False
2642,79,197,31260.8766,capture,,-0.1539846182,2010,2021,2022,32856,True,False,False,False,False,False,False,False,True,False,False,False,False
2643,79,197,34514.46607,capture,,-0.2499260467,2010,2021,2022,32856,True,False,False,False,False,False,False,False,True,False,False,False,False
2644,79,197,38194.5294,capture,,-0.1888578592,2010,2021,2022,32856,True,False,False,False,False,False,False,False,True,False,False,False,False
2645,79,197,42169.76255,capture,,-0.2424848205,2010,2021,2022,32856,True,False,False,False,False,False,False,False,True,False,False,False,False
2646,79,197,46558.73234,capture,,-0.2803283577,2010,2021,2022,32856,True,False,False,False,False,False,False,False,True,False,False,False,False
2647,79,197,51522.99985,capture,,-0.2962997723,2010,2021,2022,32856,True,False,False,False,False,False,False,False,True,False,False,False,False
2648,79,197,57016.57751,capture,,-0.3104253087,2010,2021,2022,32856,True,False,False,False,False,False,False,False,True,False,False,False,False
2649,79,197,62950.7868,capture,,-0.3374825804,2010,2021,2022,32856,True,False,False,False,False,False,False,False,True,False,False,False,False
2650,79,197,69502.6168,capture,,-0.3509082053,2010,2021,2022,32856,True,False,False,False,False,False,False,False,True,False,False,False,False
2651,79,197,76913.24758,capture,,-0.3743453098,2010,2021,2022,32856,True,False,False,False,False,False,False,False,True,False,False,False,False
2652,79,197,84918.27122,capture,,-0.3938473601,2010,2021,2022,32856,True,False,False,False,False,False,False,False,True,False,False,False,False
2653,79,197,93756.44964,capture,,-0.3768437827,2010,2021,2022,32856,True,False,False,False,False,False,False,False,True,False,False,False,False
2654,79,197,99083.46772,capture,,-0.3199837514,2010,2021,2022,32856,True,False,False,False,False,False,False,False,True,False,False,False,False
2655,79,197,1594.456691,capture,,0.8193333175,2010,2024,2024,32920,True,False,False,False,False,False,False,True,False,False,False,False,False
2656,79,197,1719.89398,capture,,0.8424032753,2010,2024,2024,32920,True,False,False,False,False,False,False,True,False,False,False,False,False
2657,79,197,1895.770123,capture,,0.7901707683,2010,2024,2024,32920,True,False,False,False,False,False,False,True,False,False,False,False,False
2658,79,197,2089.701851,capture,,0.8037656556,2010,2024,2024,32920,True,False,False,False,False,False,False,True,False,False,False,False,False
2659,79,197,2328.489537,capture,,0.7512236586,2010,2024,2024,32920,True,False,False,False,False,False,False,True,False,False,False,False,False
2660,79,197,2566.649032,capture,,0.7081084527,2010,2024,2024,32920,True,False,False,False,False,False,False,True,False,False,False,False,False
2661,79,197,2829.13492,capture,,0.5212897986,2010,2024,2024,32920,True,False,False,False,False,False,False,True,False,False,False,False,False
2662,79,197,3084.918623,capture,,0.4335244909,2010,2024,2024,32920,True,False,False,False,False,False,False,True,False,False,False,False,False
2663,79,197,1120000,capture,,-1.218668359,2010,2015,2017,33096,True,False,False,False,False,False,False,False,False,False,True,False,True
2664,79,197,2120000,capture,,-1.391602348,2010,2015,2017,33096,True,False,False,False,False,False,False,False,False,False,True,False,True
2665,79,197,3120000,capture,,-1.703971364,2010,2015,2017,33096,True,False,False,False,False,False,False,False,False,False,True,False,True
2666,79,197,4120000,capture,,-1.855612626,2010,2015,2017,33096,True,False,False,False,False,False,False,False,False,False,True,False,True
2667,79,197,14100000,n2n,,0.3271545124,2010,2020,2025,14747,False,True,False,False,False,False,False,False,False,False,False,True,True
2668,79,197,15300000,n2n,,0.2999429,2010,2018,2016,23396,False,True,False,False,False,False,False,False,False,False,False,True,True
2669,79,197,17100000,n2n,,0.2484637176,2010,2018,2016,23396,False,True,False,False,False,False,False,False,False,False,False,True,True
2670,79,197,18393205.27,n2n,,0.1825573013,2010,2018,2016,23396,False,True,False,False,False,False,False,False,False,False,False,True,True
2671,79,197,20000000,n2n,,0.02077548819,2010,2018,2016,23396,False,True,False,False,False,False,False,False,False,False,False,True,True
2672,79,197,15300000,n2n,,0.3057095505,2010,2018,2016,23396,False,True,False,False,False,False,False,False,False,False,False,True,True
2673,79,197,17100000,n2n,,0.2728468288,2010,2018,2016,23396,False,True,False,False,False,False,False,False,False,False,False,True,True
2674,79,197,18393205.27,n2n,,0.1814147963,2010,2018,2016,23396,False,True,False,False,False,False,False,False,False,False,False,True,True
2675,79,197,20000000,n2n,,0.04040452891,2010,2018,2016,23396,False,True,False,False,False,False,False,False,False,False,False,True,True
2676,79,197,17300000,n2n,,0.1673173347,2010,2016,2016,31767,False,True,False,False,False,False,False,False,False,False,False,True,True
2677,79,197,19500000,n2n,,0.01283722471,2010,2016,2016,31767,False,True,False,False,False,False,False,False,False,False,False,True,True
2678,79,197,14050000,n2n,,0.3018977172,2010,2023,2023,31858,False,True,False,False,False,False,False,False,False,False,False,True,True
2679,79,197,14052383.39,n2n,,0.3357787388,2010,2011,2012,32696,False,True,False,False,False,False,False,False,False,False,False,True,True
2680,79,197,14800000,n2n,,0.3340514403,2010,2011,2012,32696,False,True,False,False,False,False,False,False,False,False,False,True,True
2681,79,197,14020727.51,n2n,,0.3191060593,2010,2020,2021,33152,False,True,False,False,False,False,False,False,False,False,False,True,True
2682,79,197,13967500.2,n2n,,0.3439662859,2010,2016,2016,41614,False,True,False,False,False,False,False,False,False,False,False,True,True
2683,79,197,14754809.39,n2n,,0.3485968912,2010,2016,2016,41614,False,True,False,False,False,False,False,False,False,False,False,True,True
2684,79,197,14063717.81,np,,-2.492144128,2010,2016,2016,41614,False,False,True,False,False,False,False,False,False,False,False,True,True
2685,79,197,14749833.9,np,,-2.39093945,2010,2016,2016,41614,False,False,True,False,False,False,False,False,False,False,False,True,True
2686,79,197,208635.1627,total,,0.9373387498,2010,2013,2013,23199,False,False,False,False,True,False,False,False,False,True,False,False,True
2687,79,197,230260.8749,total,,0.9202724403,2010,2013,2013,23199,False,False,False,False,True,False,False,False,False,True,False,False,True
2688,79,197,254437.1196,total,,0.9226855431,2010,2013,2013,23199,False,False,False,False,True,False,False,False,False,True,False,False,True
2689,79,197,281797.588,total,,0.9020447531,2010,2013,2013,23199,False,False,False,False,True,False,False,False,False,True,False,False,True
2690,79,197,312121.1163,total,,0.88536122,2010,2013,2013,23199,False,False,False,False,True,False,False,False,False,True,False,False,True
2691,79,197,344869.502,total,,0.8758501727,2010,2013,2013,23199,False,False,False,False,True,False,False,False,False,True,False,False,True
2692,79,197,380836.6508,total,,0.8500332577,2010,2013,2013,23199,False,False,False,False,True,False,False,False,False,True,False,False,True
2693,79,197,421035.5894,total,,0.8467699535,2010,2013,2013,23199,False,False,False,False,True,False,False,False,False,True,False,False,True
2694,79,197,465099.2308,total,,0.8328919448,2010,2013,2013,23199,False,False,False,False,True,False,False,False,False,True,False,False,True
2695,79,197,514248.4079,total,,0.8231843129,2010,2013,2013,23199,False,False,False,False,True,False,False,False,False,True,False,False,True
2696,79,197,568086.777,total,,0.8075350281,2010,2013,2013,23199,False,False,False,False,True,False,False,False,False,True,False,False,True
2697,79,197,627144.8436,total,,0.7988232242,2010,2013,2013,23199,False,False,False,False,True,False,False,False,False,True,False,False,True
2698,79,197,691710.3454,total,,0.8014894627,2010,2013,2013,23199,False,False,False,False,True,False,False,False,False,True,False,False,True
2699,79,197,766399.4418,total,,0.7872833199,2010,2013,2013,23199,False,False,False,False,True,False,False,False,False,True,False,False,True
2700,79,197,848386.9539,total,,0.7810369386,2010,2013,2013,23199,False,False,False,False,True,False,False,False,False,True,False,False,True
2701,79,197,937027.2817,total,,0.7801114854,2010,2013,2013,23199,False,False,False,False,True,False,False,False,False,True,False,False,True
2702,79,197,1032811.684,total,,0.7775476443,2010,2013,2013,23199,False,False,False,False,True,False,False,False,False,False,True,False,True
2703,79,197,1143835.064,total,,0.7823702324,2010,2013,2013,23199,False,False,False,False,True,False,False,False,False,False,True,False,True
2704,79,197,1263234.171,total,,0.7850449583,2010,2013,2013,23199,False,False,False,False,True,False,False,False,False,False,True,False,True
2705,79,197,1389697.138,total,,0.7919244549,2010,2013,2013,23199,False,False,False,False,True,False,False,False,False,False,True,False,True
2706,79,197,1536060.221,total,,0.8003045776,2010,2013,2013,23199,False,False,False,False,True,False,False,False,False,False,True,False,True
2707,79,197,1707201.253,total,,0.8160202287,2010,2013,2013,23199,False,False,False,False,True,False,False,False,False,False,True,False,True
2708,79,197,1888496.752,total,,0.828981954,2010,2013,2013,23199,False,False,False,False,True,False,False,False,False,False,True,False,True
2709,79,197,2077817.281,total,,0.8444771757,2010,2013,2013,23199,False,False,False,False,True,False,False,False,False,False,True,False,True
2710,79,197,2296753.071,total,,0.8571816736,2010,2013,2013,23199,False,False,False,False,True,False,False,False,False,False,True,False,True
2711,79,197,2522349.389,total,,0.8720105119,2010,2013,2013,23199,False,False,False,False,True,False,False,False,False,False,True,False,True
2712,79,197,2782899.921,total,,0.875784485,2010,2013,2013,23199,False,False,False,False,True,False,False,False,False,False,True,False,True
2713,79,197,3085892.113,total,,0.8818124629,2010,2013,2013,23199,False,False,False,False,True,False,False,False,False,False,True,False,True
2714,79,197,3441306.101,total,,0.8782344687,2010,2013,2013,23199,False,False,False,False,True,False,False,False,False,False,True,False,True
2715,79,197,3804901.381,total,,0.8742884972,2010,2013,2013,23199,False,False,False,False,True,False,False,False,False,False,True,False,True
2716,79,197,4165012.242,total,,0.8717674684,2010,2013,2013,23199,False,False,False,False,True,False,False,False,False,False,True,False,True
2717,79,197,4579072.706,total,,0.8579352647,2010,2013,2013,23199,False,False,False,False,True,False,False,False,False,False,True,False,True
2718,79,197,5057717.583,total,,0.8428171853,2010,2013,2013,23199,False,False,False,False,True,False,False,False,False,False,True,False,True
2719,79,197,5616257.836,total,,0.8155777483,2010,2013,2013,23199,False,False,False,False,True,False,False,False,False,False,True,False,True
2720,79,197,6273658.416,total,,0.7862780766,2010,2013,2013,23199,False,False,False,False,True,False,False,False,False,False,True,False,True
2721,79,197,6912132.522,total,,0.7611758132,2010,2013,2013,23199,False,False,False,False,True,False,False,False,False,False,True,False,True
2722,79,197,7657183.527,total,,0.7253670623,2010,2013,2013,23199,False,False,False,False,True,False,False,False,False,False,True,False,True
2723,79,197,8525905.406,total,,0.7271344238,2010,2013,2013,23199,False,False,False,False,True,False,False,False,False,False,True,False,True
2724,79,197,9334989.77,total,,0.7367947549,2010,2013,2013,23199,False,False,False,False,True,False,False,False,False,False,True,False,True
2725,79,197,10018000,total,,0.7331972651,2010,2013,2013,23199,False,False,False,False,True,False,False,False,False,False,False,True,True
2726,79,197,107000,total,,1.032215703,2010,2013,2013,23199,False,False,False,False,True,False,False,False,False,True,False,False,True
2727,79,197,122000,total,,0.9973863844,2010,2013,2013,23199,False,False,False,False,True,False,False,False,False,True,False,False,True
2728,79,197,140000,total,,0.9929950984,2010,2013,2013,23199,False,False,False,False,True,False,False,False,False,True,False,False,True
2729,79,197,162000,total,,0.9484129658,2010,2013,2013,23199,False,False,False,False,True,False,False,False,False,True,False,False,True
2730,79,197,189000,total,,0.9434945159,2010,2013,2013,23199,False,False,False,False,True,False,False,False,False,True,False,False,True
2731,79,197,225000,total,,0.9247959958,2010,2013,2013,23199,False,False,False,False,True,False,False,False,False,True,False,False,True
2732,79,197,271000,total,,0.9111576087,2010,2013,2013,23199,False,False,False,False,True,False,False,False,False,True,False,False,True
2733,79,197,333000,total,,0.8785217955,2010,2013,2013,23199,False,False,False,False,True,False,False,False,False,True,False,False,True
2734,79,197,419000,total,,0.8419848046,2010,2013,2013,23199,False,False,False,False,True,False,False,False,False,True,False,False,True
2735,79,197,156239.7608,total,,0.9703750561,2010,2018,2018,23415,False,False,False,False,True,False,False,False,False,True,False,False,True
2736,79,197,171138.905,total,,0.9491716488,2010,2018,2018,23415,False,False,False,False,True,False,False,False,False,True,False,False,True
2737,79,197,189041.4211,total,,0.9484808869,2010,2018,2018,23415,False,False,False,False,True,False,False,False,False,True,False,False,True
2738,79,197,208998.4865,total,,0.9330532104,2010,2018,2018,23415,False,False,False,False,True,False,False,False,False,True,False,False,True
2739,79,197,230871.8222,total,,0.9211823234,2010,2018,2018,23415,False,False,False,False,True,False,False,False,False,True,False,False,True
2740,79,197,255147.9857,total,,0.9043604739,2010,2018,2018,23415,False,False,False,False,True,False,False,False,False,True,False,False,True
2741,79,197,282022.5946,total,,0.8972667675,2010,2018,2018,23415,False,False,False,False,True,False,False,False,False,True,False,False,True
2742,79,197,311730.376,total,,0.8704442691,2010,2018,2018,23415,False,False,False,False,True,False,False,False,False,True,False,False,True
2743,79,197,344445.3166,total,,0.862177266,2010,2018,2018,23415,False,False,False,False,True,False,False,False,False,True,False,False,True
2744,79,197,380371.6962,total,,0.8435681591,2010,2018,2018,23415,False,False,False,False,True,False,False,False,False,True,False,False,True
2745,79,197,420478.6458,total,,0.8336516887,2010,2018,2018,23415,False,False,False,False,True,False,False,False,False,True,False,False,True
2746,79,197,464265.6828,total,,0.8198299378,2010,2018,2018,23415,False,False,False,False,True,False,False,False,False,True,False,False,True
2747,79,197,512930.1403,total,,0.8008420012,2010,2018,2018,23415,False,False,False,False,True,False,False,False,False,True,False,False,True
2748,79,197,566951.7687,total,,0.7918242678,2010,2018,2018,23415,False,False,False,False,True,False,False,False,False,True,False,False,True
2749,79,197,626822.3911,total,,0.785329835,2010,2018,2018,23415,False,False,False,False,True,False,False,False,False,True,False,False,True
2750,79,197,693031.2835,total,,0.7776557197,2010,2018,2018,23415,False,False,False,False,True,False,False,False,False,True,False,False,True
2751,79,197,766045.1862,total,,0.7612594359,2010,2018,2018,23415,False,False,False,False,True,False,False,False,False,True,False,False,True
2752,79,197,846279.7559,total,,0.7610429675,2010,2018,2018,23415,False,False,False,False,True,False,False,False,False,True,False,False,True
2753,79,197,936960.1432,total,,0.7541683919,2010,2018,2018,23415,False,False,False,False,True,False,False,False,False,True,False,False,True
2754,79,197,1036260.702,total,,0.7541953882,2010,2018,2018,23415,False,False,False,False,True,False,False,False,False,False,True,False,True
2755,79,197,1144491.484,total,,0.7594160068,2010,2018,2018,23415,False,False,False,False,True,False,False,False,False,False,True,False,True
2756,79,197,1266049.46,total,,0.7658281534,2010,2018,2018,23415,False,False,False,False,True,False,False,False,False,False,True,False,True
2757,79,197,1397522.949,total,,0.7742361416,2010,2018,2018,23415,False,False,False,False,True,False,False,False,False,False,True,False,True
2758,79,197,1544550.056,total,,0.7865876301,2010,2018,2018,23415,False,False,False,False,True,False,False,False,False,False,True,False,True
2759,79,197,1708909.858,total,,0.8011749534,2010,2018,2018,23415,False,False,False,False,True,False,False,False,False,False,True,False,True
2760,79,197,1884464.581,total,,0.8141870373,2010,2018,2018,23415,False,False,False,False,True,False,False,False,False,False,True,False,True
2761,79,197,2079086.955,total,,0.8293622597,2010,2018,2018,23415,False,False,False,False,True,False,False,False,False,False,True,False,True
2762,79,197,2305537.186,total,,0.8447030473,2010,2018,2018,23415,False,False,False,False,True,False,False,False,False,False,True,False,True
2763,79,197,2481320.29,total,,0.8520222794,2010,2018,2018,23415,False,False,False,False,True,False,False,False,False,False,True,False,True
2764,79,197,2809091.353,total,,0.8640361827,2010,2018,2018,23415,False,False,False,False,True,False,False,False,False,False,True,False,True
2765,79,197,3116384.951,total,,0.8679255699,2010,2018,2018,23415,False,False,False,False,True,False,False,False,False,False,True,False,True
2766,79,197,3436247.922,total,,0.868129915,2010,2018,2018,23415,False,False,False,False,True,False,False,False,False,False,True,False,True
2767,79,197,3784785.229,total,,0.864733511,2010,2018,2018,23415,False,False,False,False,True,False,False,False,False,False,True,False,True
2768,79,197,4189305.704,total,,0.8561244442,2010,2018,2018,23415,False,False,False,False,True,False,False,False,False,False,True,False,True
2769,79,197,4630358.235,total,,0.8434997351,2010,2018,2018,23415,False,False,False,False,True,False,False,False,False,False,True,False,True
2770,79,197,5108476.438,total,,0.8291199056,2010,2018,2018,23415,False,False,False,False,True,False,False,False,False,False,True,False,True
2771,79,197,5664915.346,total,,0.8027737253,2010,2018,2018,23415,False,False,False,False,True,False,False,False,False,False,True,False,True
2772,79,197,6267089.429,total,,0.7743952976,2010,2018,2018,23415,False,False,False,False,True,False,False,False,False,False,True,False,True
2773,79,197,6913212.317,total,,0.7554937284,2010,2018,2018,23415,False,False,False,False,True,False,False,False,False,False,True,False,True
2774,79,197,7665122.07,total,,0.7326617601,2010,2018,2018,23415,False,False,False,False,True,False,False,False,False,False,True,False,True
2775,80,196,13796738.75,n2n,,0.2342641244,2010,2018,2020,32781,False,True,False,False,False,False,False,False,False,False,False,True,True
2776,80,196,14800000,n2n,,0.2543063323,2010,2018,2020,32781,False,True,False,False,False,False,False,False,False,False,False,True,True
2777,80,198,13796738.75,n2n,,0.2852196432,2010,2018,2020,32781,False,True,False,False,False,False,False,False,False,False,False,True,True
2778,80,198,14800000,n2n,,0.3008127941,2010,2018,2020,32781,False,True,False,False,False,False,False,False,False,False,False,True,True
2779,81,205,14364365.63,np,,-2.756961951,2010,2016,2016,41614,False,False,True,False,False,False,False,False,False,False,False,True,True
2780,81,205,14779878.21,np,,-2.645891561,2010,2016,2016,41614,False,False,True,False,False,False,False,False,False,False,False,True,True
2781,82,204,13974026.65,n2n,,0.3330104092,2010,2016,2016,41614,False,True,False,False,False,False,False,False,False,False,False,True,True
2782,82,204,14799783.78,n2n,,0.3450795263,2010,2016,2016,41614,False,True,False,False,False,False,False,False,False,False,False,True,True
2783,82,206,14400000,na,,-2.910094889,2010,2015,2016,32740,False,False,False,True,False,False,False,False,False,False,False,True,True
2784,82,206,14700000,na,,-2.8569852,2010,2015,2016,32740,False,False,False,True,False,False,False,False,False,False,False,True,True
2785,83,209,3990000,elastic,,0.7588286573,2010,2011,2012,23156,False,False,False,False,False,True,False,False,False,False,True,False,True
2786,83,209,14740000,n2n,,0.3604040547,2010,2016,2016,41614,False,True,False,False,False,False,False,False,False,False,False,True,True
2787,83,209,705324.5069,total,,0.7334407426,2010,2011,2012,30831,False,False,False,False,True,False,False,False,False,True,False,False,True
2788,83,209,766665.8827,total,,0.7125321254,2010,2011,2012,30831,False,False,False,False,True,False,False,False,False,True,False,False,True
2789,83,209,847179.4124,total,,0.6963653256,2010,2011,2012,30831,False,False,False,False,True,False,False,False,False,True,False,False,True
2790,83,209,936050.0306,total,,0.6962842916,2010,2011,2012,30831,False,False,False,False,True,False,False,False,False,True,False,False,True
2791,83,209,1034471.032,total,,0.6995178469,2010,2011,2012,30831,False,False,False,False,True,False,False,False,False,False,True,False,True
2792,83,209,1143255.956,total,,0.6993196991,2010,2011,2012,30831,False,False,False,False,True,False,False,False,False,False,True,False,True
2793,83,209,1213753.347,total,,0.7172513385,2010,2011,2012,30831,False,False,False,False,True,False,False,False,False,False,True,False,True
2794,83,209,463457.4982,total,,0.8014551637,2010,2023,2024,32911,False,False,False,False,True,False,False,False,False,True,False,False,True
2795,83,209,509878.5037,total,,0.7795784554,2010,2023,2024,32911,False,False,False,False,True,False,False,False,False,True,False,False,True
2796,83,209,567678.6341,total,,0.7632632299,2010,2023,2024,32911,False,False,False,False,True,False,False,False,False,True,False,False,True
2797,83,209,632030.0694,total,,0.7385229169,2010,2023,2024,32911,False,False,False,False,True,False,False,False,False,True,False,False,True
2798,83,209,695329.9735,total,,0.7247263189,2010,2023,2024,32911,False,False,False,False,True,False,False,False,False,True,False,False,True
2799,83,209,764970.1904,total,,0.6921857248,2010,2023,2024,32911,False,False,False,False,True,False,False,False,False,True,False,False,True
2800,83,209,841590.4707,total,,0.6763734852,2010,2023,2024,32911,False,False,False,False,True,False,False,False,False,True,False,False,True
2801,83,209,936992.2869,total,,0.664378687,2010,2023,2024,32911,False,False,False,False,True,False,False,False,False,True,False,False,True
2802,83,209,1043178.642,total,,0.6723518921,2010,2023,2024,32911,False,False,False,False,True,False,False,False,False,False,True,False,True
2803,83,209,1147691.269,total,,0.6622618864,2010,2023,2024,32911,False,False,False,False,True,False,False,False,False,False,True,False,True
2804,83,209,1262649.872,total,,0.6610076909,2010,2023,2024,32911,False,False,False,False,True,False,False,False,False,False,True,False,True
2805,83,209,1389106.006,total,,0.6657451102,2010,2023,2024,32911,False,False,False,False,True,False,False,False,False,False,True,False,True
2806,83,209,1546579.072,total,,0.6791552413,2010,2023,2024,32911,False,False,False,False,True,False,False,False,False,False,True,False,True
2807,83,209,1721887.028,total,,0.7137634664,2010,2023,2024,32911,False,False,False,False,True,False,False,False,False,False,True,False,True
2808,83,209,1894350.241,total,,0.7501225268,2010,2023,2024,32911,False,False,False,False,True,False,False,False,False,False,True,False,True
2809,83,209,2084083.556,total,,0.7610252517,2010,2023,2024,32911,False,False,False,False,True,False,False,False,False,False,True,False,True
2810,83,209,2292808.731,total,,0.7953933349,2010,2023,2024,32911,False,False,False,False,True,False,False,False,False,False,True,False,True
2811,83,209,2522452.325,total,,0.8215790279,2010,2023,2024,32911,False,False,False,False,True,False,False,False,False,False,True,False,True
2812,83,209,2808400.447,total,,0.8564267725,2010,2023,2024,32911,False,False,False,False,True,False,False,False,False,False,True,False,True
2813,83,209,3126762.021,total,,0.8512277635,2010,2023,2024,32911,False,False,False,False,True,False,False,False,False,False,True,False,True
2814,83,209,3439925.698,total,,0.8849227459,2010,2023,2024,32911,False,False,False,False,True,False,False,False,False,False,True,False,True
2815,83,209,3784477.864,total,,0.8852481078,2010,2023,2024,32911,False,False,False,False,True,False,False,False,False,False,True,False,True
2816,83,209,4163493.141,total,,0.8761889637,2010,2023,2024,32911,False,False,False,False,True,False,False,False,False,False,True,False,True
2817,83,209,4635479.554,total,,0.8626321995,2010,2023,2024,32911,False,False,False,False,True,False,False,False,False,False,True,False,True
2818,83,209,5160938.317,total,,0.8314538293,2010,2023,2024,32911,False,False,False,False,True,False,False,False,False,False,True,False,True
2819,83,209,5677853.66,total,,0.8138310862,2010,2023,2024,32911,False,False,False,False,True,False,False,False,False,False,True,False,True
2820,83,209,6246526.338,total,,0.7733292447,2010,2023,2024,32911,False,False,False,False,True,False,False,False,False,False,True,False,True
2821,83,209,6872128.712,total,,0.728637807,2010,2023,2024,32911,False,False,False,False,True,False,False,False,False,False,True,False,True
2822,83,209,7651162.337,total,,0.7165875777,2010,2023,2024,32911,False,False,False,False,True,False,False,False,False,False,True,False,True
2823,83,209,8518518.448,total,,0.6521496054,2010,2023,2024,32911,False,False,False,False,True,False,False,False,False,False,True,False,True
2824,83,209,9371689.579,total,,0.6422913615,2010,2023,2024,32911,False,False,False,False,True,False,False,False,False,False,True,False,True
2825,83,209,10310280.86,total,,0.7033988635,2010,2023,2024,32911,False,False,False,False,True,False,False,False,False,False,False,True,True
2826,83,209,11342713.43,total,,0.6838796885,2010,2023,2024,32911,False,False,False,False,True,False,False,False,False,False,False,True,True
2827,83,209,12628805.4,total,,0.6805893066,2010,2023,2024,32911,False,False,False,False,True,False,False,False,False,False,False,True,True
2828,83,209,14060495.08,total,,0.7434901662,2010,2023,2024,32911,False,False,False,False,True,False,False,False,False,False,False,True,True
2829,83,209,15468500.09,total,,0.6961160184,2010,2023,2024,32911,False,False,False,False,True,False,False,False,False,False,False,True,True
2830,83,209,17017948.05,total,,0.7185639637,2010,2023,2024,32911,False,False,False,False,True,False,False,False,False,False,False,True,True
2831,83,209,18722331.85,total,,0.6743558533,2010,2023,2024,32911,False,False,False,False,True,False,False,False,False,False,False,True,True
2832,83,209,19873000,total,,0.6883308181,2010,2023,2024,32911,False,False,False,False,True,False,False,False,False,False,False,True,True
2833,83,209,1046889.728,total,,0.7832602329,2010,2023,2024,32911,False,False,False,False,True,False,False,False,False,False,True,False,True
2834,83,209,1140820.619,total,,0.7222636274,2010,2023,2024,32911,False,False,False,False,True,False,False,False,False,False,True,False,True
2835,83,209,1258475.963,total,,0.6791779691,2010,2023,2024,32911,False,False,False,False,True,False,False,False,False,False,True,False,True
2836,83,209,1388326.68,total,,0.7752644764,2010,2023,2024,32911,False,False,False,False,True,False,False,False,False,False,True,False,True
2837,83,209,1531548.556,total,,0.7323133275,2010,2023,2024,32911,False,False,False,False,True,False,False,False,False,False,True,False,True
2838,83,209,1689539.021,total,,0.7302572532,2010,2023,2024,32911,False,False,False,False,True,False,False,False,False,False,True,False,True
2839,83,209,1886863.49,total,,0.7689930862,2010,2023,2024,32911,False,False,False,False,True,False,False,False,False,False,True,False,True
2840,83,209,2107181.53,total,,0.7947319638,2010,2023,2024,32911,False,False,False,False,True,False,False,False,False,False,True,False,True
2841,83,209,2324599.593,total,,0.8334499283,2010,2023,2024,32911,False,False,False,False,True,False,False,False,False,False,True,False,True
2842,83,209,2564408.892,total,,0.8875188416,2010,2023,2024,32911,False,False,False,False,True,False,False,False,False,False,True,False,True
2843,83,209,2828984.422,total,,0.8930262223,2010,2023,2024,32911,False,False,False,False,True,False,False,False,False,False,True,False,True
2844,83,209,3120849.365,total,,0.872403954,2010,2023,2024,32911,False,False,False,False,True,False,False,False,False,False,True,False,True
2845,83,209,3442778.239,total,,0.8978606679,2010,2023,2024,32911,False,False,False,False,True,False,False,False,False,False,True,False,True
2846,83,209,3797945.099,total,,0.9200319687,2010,2023,2024,32911,False,False,False,False,True,False,False,False,False,False,True,False,True
2847,83,209,4189772.209,total,,0.8901973862,2010,2023,2024,32911,False,False,False,False,True,False,False,False,False,False,True,False,True
2848,83,209,4621984.473,total,,0.8774289408,2010,2023,2024,32911,False,False,False,False,True,False,False,False,False,False,True,False,True
2849,83,209,5098805.099,total,,0.8559883278,2010,2023,2024,32911,False,False,False,False,True,False,False,False,False,False,True,False,True
2850,83,209,5624831.525,total,,0.8254910299,2010,2023,2024,32911,False,False,False,False,True,False,False,False,False,False,True,False,True
2851,83,209,6205088.485,total,,0.7810728887,2010,2023,2024,32911,False,False,False,False,True,False,False,False,False,False,True,False,True
2852,83,209,6845271.99,total,,0.6892200373,2010,2023,2024,32911,False,False,False,False,True,False,False,False,False,False,True,False,True
2853,83,209,7644712.804,total,,0.6980483227,2010,2023,2024,32911,False,False,False,False,True,False,False,False,False,False,True,False,True
2854,83,209,8537510.187,total,,0.6825060859,2010,2023,2024,32911,False,False,False,False,True,False,False,False,False,False,True,False,True
2855,83,209,9418277.983,total,,0.7311252167,2010,2023,2024,32911,False,False,False,False,True,False,False,False,False,False,True,False,True
2856,83,209,10389830.46,total,,0.7665615526,2010,2023,2024,32911,False,False,False,False,True,False,False,False,False,False,False,True,True
2857,83,209,11461677.23,total,,0.7571302078,2010,2023,2024,32911,False,False,False,False,True,False,False,False,False,False,False,True,True
2858,83,209,12643991.97,total,,0.7142249463,2010,2023,2024,32911,False,False,False,False,True,False,False,False,False,False,False,True,True
2859,83,209,13948489.27,total,,0.7732377469,2010,2023,2024,32911,False,False,False,False,True,False,False,False,False,False,False,True,True
2860,83,209,15387698.25,total,,0.6970767024,2010,2023,2024,32911,False,False,False,False,True,False,False,False,False,False,False,True,True
2861,83,209,16975099.59,total,,0.7089517577,2010,2023,2024,32911,False,False,False,False,True,False,False,False,False,False,False,True,True
2862,83,209,18726439.93,total,,0.7517216432,2010,2023,2024,32911,False,False,False,False,True,False,False,False,False,False,False,True,True
2863,83,209,19911000,total,,0.7492724083,2010,2023,2024,32911,False,False,False,False,True,False,False,False,False,False,False,True,True
2864,83,209,463457.4982,total,,0.8059424042,2010,2023,2024,32911,False,False,False,False,True,False,False,False,False,True,False,False,True
2865,83,209,509878.5037,total,,0.7857745811,2010,2023,2024,32911,False,False,False,False,True,False,False,False,False,True,False,False,True
2866,83,209,567678.6341,total,,0.7755521984,2010,2023,2024,32911,False,False,False,False,True,False,False,False,False,True,False,False,True
2867,83,209,632030.0694,total,,0.7581167238,2010,2023,2024,32911,False,False,False,False,True,False,False,False,False,True,False,False,True
2868,83,209,695329.9735,total,,0.7311252167,2010,2023,2024,32911,False,False,False,False,True,False,False,False,False,True,False,False,True
2869,83,209,764970.1904,total,,0.7076553235,2010,2023,2024,32911,False,False,False,False,True,False,False,False,False,True,False,False,True
2870,83,209,841590.4707,total,,0.6933971467,2010,2023,2024,32911,False,False,False,False,True,False,False,False,False,True,False,False,True
2871,83,209,936992.2869,total,,0.6899833123,2010,2023,2024,32911,False,False,False,False,True,False,False,False,False,True,False,False,True
2872,83,209,1043178.642,total,,0.6911257154,2010,2023,2024,32911,False,False,False,False,True,False,False,False,False,False,True,False,True
2873,83,209,1147691.269,total,,0.6838347212,2010,2023,2024,32911,False,False,False,False,True,False,False,False,False,False,True,False,True
2874,83,209,1262649.872,total,,0.6781995974,2010,2023,2024,32911,False,False,False,False,True,False,False,False,False,False,True,False,True
2875,83,209,1389106.006,total,,0.690151762,2010,2023,2024,32911,False,False,False,False,True,False,False,False,False,False,True,False,True
2876,83,209,1546579.072,total,,0.7106250151,2010,2023,2024,32911,False,False,False,False,True,False,False,False,False,False,True,False,True
2877,83,209,1721887.028,total,,0.736695226,2010,2023,2024,32911,False,False,False,False,True,False,False,False,False,False,True,False,True
2878,83,209,1894350.241,total,,0.7604224834,2010,2023,2024,32911,False,False,False,False,True,False,False,False,False,False,True,False,True
2879,83,209,2084083.556,total,,0.7946100224,2010,2023,2024,32911,False,False,False,False,True,False,False,False,False,False,True,False,True
2880,83,209,2292808.731,total,,0.8207759775,2010,2023,2024,32911,False,False,False,False,True,False,False,False,False,False,True,False,True
2881,83,209,2522452.325,total,,0.8491889985,2010,2023,2024,32911,False,False,False,False,True,False,False,False,False,False,True,False,True
2882,83,209,2808400.447,total,,0.8686091762,2010,2023,2024,32911,False,False,False,False,True,False,False,False,False,False,True,False,True
2883,83,209,3126762.021,total,,0.8804419973,2010,2023,2024,32911,False,False,False,False,True,False,False,False,False,False,True,False,True
2884,83,209,3439925.698,total,,0.8863073804,2010,2023,2024,32911,False,False,False,False,True,False,False,False,False,False,True,False,True
2885,83,209,3784477.864,total,,0.899574296,2010,2023,2024,32911,False,False,False,False,True,False,False,False,False,False,True,False,True
2886,83,209,4163493.141,total,,0.8885866297,2010,2023,2024,32911,False,False,False,False,True,False,False,False,False,False,True,False,True
2887,83,209,4635479.554,total,,0.8720280058,2010,2023,2024,32911,False,False,False,False,True,False,False,False,False,False,True,False,True
2888,83,209,5160938.317,total,,0.8404511336,2010,2023,2024,32911,False,False,False,False,True,False,False,False,False,False,True,False,True
2889,83,209,5677853.66,total,,0.8173174138,2010,2023,2024,32911,False,False,False,False,True,False,False,False,False,False,True,False,True
2890,83,209,6246526.338,total,,0.7854544098,2010,2023,2024,32911,False,False,False,False,True,False,False,False,False,False,True,False,True
2891,83,209,6872128.712,total,,0.7478000909,2010,2023,2024,32911,False,False,False,False,True,False,False,False,False,False,True,False,True
2892,83,209,7651162.337,total,,0.7183355789,2010,2023,2024,32911,False,False,False,False,True,False,False,False,False,False,True,False,True
2893,83,209,8518518.448,total,,0.6883975727,2010,2023,2024,32911,False,False,False,False,True,False,False,False,False,False,True,False,True
2894,83,209,9371689.579,total,,0.6982310754,2010,2023,2024,32911,False,False,False,False,True,False,False,False,False,False,True,False,True
2895,83,209,10310280.86,total,,0.7147278203,2010,2023,2024,32911,False,False,False,False,True,False,False,False,False,False,False,True,True
2896,83,209,11342713.43,total,,0.7084633926,2010,2023,2024,32911,False,False,False,False,True,False,False,False,False,False,False,True,True
2897,83,209,12628805.4,total,,0.7051449932,2010,2023,2024,32911,False,False,False,False,True,False,False,False,False,False,False,True,True
2898,83,209,14060495.08,total,,0.7373516958,2010,2023,2024,32911,False,False,False,False,True,False,False,False,False,False,False,True,True
2899,83,209,15468500.09,total,,0.7279680222,2010,2023,2024,32911,False,False,False,False,True,False,False,False,False,False,False,True,True
2900,83,209,17017948.05,total,,0.7328961248,2010,2023,2024,32911,False,False,False,False,True,False,False,False,False,False,False,True,True
2901,83,209,18722331.85,total,,0.7123760773,2010,2023,2024,32911,False,False,False,False,True,False,False,False,False,False,False,True,True
2902,83,209,19873000,total,,0.7271344238,2010,2023,2024,32911,False,False,False,False,True,False,False,False,False,False,False,True,True
2903,83,209,1046889.728,total,,0.7353327063,2010,2023,2024,32911,False,False,False,False,True,False,False,False,False,False,True,False,True
2904,83,209,1140820.619,total,,0.7277445308,2010,2023,2024,32911,False,False,False,False,True,False,False,False,False,False,True,False,True
2905,83,209,1258475.963,total,,0.71149088,2010,2023,2024,32911,False,False,False,False,True,False,False,False,False,False,True,False,True
2906,83,209,1388326.68,total,,0.7247672456,2010,2023,2024,32911,False,False,False,False,True,False,False,False,False,False,True,False,True
2907,83,209,1531548.556,total,,0.7306409859,2010,2023,2024,32911,False,False,False,False,True,False,False,False,False,False,True,False,True
2908,83,209,1689539.021,total,,0.7428429167,2010,2023,2024,32911,False,False,False,False,True,False,False,False,False,False,True,False,True
2909,83,209,1886863.49,total,,0.7814968746,2010,2023,2024,32911,False,False,False,False,True,False,False,False,False,False,True,False,True
2910,83,209,2107181.53,total,,0.8057386695,2010,2023,2024,32911,False,False,False,False,True,False,False,False,False,False,True,False,True
2911,83,209,2324599.593,total,,0.8437465243,2010,2023,2024,32911,False,False,False,False,True,False,False,False,False,False,True,False,True
2912,83,209,2564408.892,total,,0.8663316526,2010,2023,2024,32911,False,False,False,False,True,False,False,False,False,False,True,False,True
2913,83,209,2828984.422,total,,0.8797121746,2010,2023,2024,32911,False,False,False,False,True,False,False,False,False,False,True,False,True
2914,83,209,3120849.365,total,,0.8852622484,2010,2023,2024,32911,False,False,False,False,True,False,False,False,False,False,True,False,True
2915,83,209,3442778.239,total,,0.9030356968,2010,2023,2024,32911,False,False,False,False,True,False,False,False,False,False,True,False,True
2916,83,209,3797945.099,total,,0.9085922388,2010,2023,2024,32911,False,False,False,False,True,False,False,False,False,False,True,False,True
2917,83,209,4189772.209,total,,0.8976270913,2010,2023,2024,32911,False,False,False,False,True,False,False,False,False,False,True,False,True
2918,83,209,4621984.473,total,,0.8763766294,2010,2023,2024,32911,False,False,False,False,True,False,False,False,False,False,True,False,True
2919,83,209,5098805.099,total,,0.8579954956,2010,2023,2024,32911,False,False,False,False,True,False,False,False,False,False,True,False,True
2920,83,209,5624831.525,total,,0.8323172699,2010,2023,2024,32911,False,False,False,False,True,False,False,False,False,False,True,False,True
2921,83,209,6205088.485,total,,0.7959321296,2010,2023,2024,32911,False,False,False,False,True,False,False,False,False,False,True,False,True
2922,83,209,6845271.99,total,,0.7529506888,2010,2023,2024,32911,False,False,False,False,True,False,False,False,False,False,True,False,True
2923,83,209,7644712.804,total,,0.7294563821,2010,2023,2024,32911,False,False,False,False,True,False,False,False,False,False,True,False,True
2924,83,209,8537510.187,total,,0.7101808538,2010,2023,2024,32911,False,False,False,False,True,False,False,False,False,False,True,False,True
2925,83,209,9418277.983,total,,0.7261156701,2010,2023,2024,32911,False,False,False,False,True,False,False,False,False,False,True,False,True
2926,83,209,10389830.46,total,,0.7432745235,2010,2023,2024,32911,False,False,False,False,True,False,False,False,False,False,False,True,True
2927,83,209,11461677.23,total,,0.719124036,2010,2023,2024,32911,False,False,False,False,True,False,False,False,False,False,False,True,True
2928,83,209,12643991.97,total,,0.7213158806,2010,2023,2024,32911,False,False,False,False,True,False,False,False,False,False,False,True,True
2929,83,209,13948489.27,total,,0.7410333538,2010,2023,2024,32911,False,False,False,False,True,False,False,False,False,False,False,True,True
2930,83,209,15387698.25,total,,0.7196212723,2010,2023,2024,32911,False,False,False,False,True,False,False,False,False,False,False,True,True
2931,83,209,16975099.59,total,,0.726380776,2010,2023,2024,32911,False,False,False,False,True,False,False,False,False,False,False,True,True
2932,83,209,18726439.93,total,,0.738503092,2010,2023,2024,32911,False,False,False,False,True,False,False,False,False,False,False,True,True
2933,83,209,19911000,total,,0.7390974461,2010,2023,2024,32911,False,False,False,False,True,False,False,False,False,False,False,True,True
2934,90,232,2060000,capture,,-1.277695213,2010,2020,2021,32806,True,False,False,False,False,False,False,False,False,False,True,False,True
2935,90,232,3520000,capture,,-2.095284455,2010,2020,2021,32806,True,False,False,False,False,False,False,False,False,False,True,False,True
2936,90,232,4360000,capture,,-2.659555885,2010,2020,2021,32806,True,False,False,False,False,False,False,False,False,False,True,False,True
2937,90,232,10190,capture,,-0.05060999336,2010,2023,2024,32918,True,False,False,False,False,False,False,False,True,False,False,False,False
2938,90,232,11305,capture,,-0.1307682803,2010,2023,2024,32918,True,False,False,False,False,False,False,False,True,False,False,False,False
2939,90,232,12535,capture,,-0.08618614762,2010,2023,2024,32918,True,False,False,False,False,False,False,False,True,False,False,False,False
2940,90,232,13900,capture,,-0.08618614762,2010,2023,2024,32918,True,False,False,False,False,False,False,False,True,False,False,False,False
2941,90,232,15420,capture,,-0.1366771399,2010,2023,2024,32918,True,False,False,False,False,False,False,False,True,False,False,False,False
2942,90,232,17105,capture,,-0.1870866434,2010,2023,2024,32918,True,False,False,False,False,False,False,False,True,False,False,False,False
2943,90,232,18970,capture,,-0.1804560645,2010,2023,2024,32918,True,False,False,False,False,False,False,False,True,False,False,False,False
2944,90,232,21040,capture,,-0.1804560645,2010,2023,2024,32918,True,False,False,False,False,False,False,False,True,False,False,False,False
2945,90,232,23340,capture,,-0.251811973,2010,2023,2024,32918,True,False,False,False,False,False,False,False,True,False,False,False,False
2946,90,232,25890,capture,,-0.2676062402,2010,2023,2024,32918,True,False,False,False,False,False,False,False,True,False,False,False,False
2947,90,232,28715,capture,,-0.2757241304,2010,2023,2024,32918,True,False,False,False,False,False,False,False,True,False,False,False,False
2948,90,232,31850,capture,,-0.251811973,2010,2023,2024,32918,True,False,False,False,False,False,False,False,True,False,False,False,False
2949,90,232,35325,capture,,-0.2839966564,2010,2023,2024,32918,True,False,False,False,False,False,False,False,True,False,False,False,False
2950,90,232,39180,capture,,-0.3279021421,2010,2023,2024,32918,True,False,False,False,False,False,False,False,True,False,False,False,False
2951,90,232,43460,capture,,-0.3372421683,2010,2023,2024,32918,True,False,False,False,False,False,False,False,True,False,False,False,False
2952,90,232,48205,capture,,-0.3767507096,2010,2023,2024,32918,True,False,False,False,False,False,False,False,True,False,False,False,False
2953,90,232,53465,capture,,-0.4202164034,2010,2023,2024,32918,True,False,False,False,False,False,False,False,True,False,False,False,False
2954,90,232,59300,capture,,-0.4559319556,2010,2023,2024,32918,True,False,False,False,False,False,False,False,True,False,False,False,False
2955,90,232,65775,capture,,-0.5228787453,2010,2023,2024,32918,True,False,False,False,False,False,False,False,True,False,False,False,False
2956,90,232,72960,capture,,-0.5528419687,2010,2023,2024,32918,True,False,False,False,False,False,False,False,True,False,False,False,False
2957,90,232,80925,capture,,-0.585026652,2010,2023,2024,32918,True,False,False,False,False,False,False,False,True,False,False,False,False
2958,90,232,89760,capture,,-0.6197887583,2010,2023,2024,32918,True,False,False,False,False,False,False,False,True,False,False,False,False
2959,90,232,99560,capture,,-0.6777807053,2010,2023,2024,32918,True,False,False,False,False,False,False,False,True,False,False,False,False
2960,90,232,110425,capture,,-0.6777807053,2010,2023,2024,32918,True,False,False,False,False,False,False,False,False,True,False,False,True
2961,90,232,122480,capture,,-0.721246399,2010,2023,2024,32918,True,False,False,False,False,False,False,False,False,True,False,False,True
2962,90,232,135855,capture,,-0.721246399,2010,2023,2024,32918,True,False,False,False,False,False,False,False,False,True,False,False,True
2963,90,232,150690,capture,,-0.7447274949,2010,2023,2024,32918,True,False,False,False,False,False,False,False,False,True,False,False,True
2964,90,232,167140,capture,,-0.7695510786,2010,2023,2024,32918,True,False,False,False,False,False,False,False,False,True,False,False,True
2965,90,232,185385,capture,,-0.7958800173,2010,2023,2024,32918,True,False,False,False,False,False,False,False,False,True,False,False,True
2966,90,232,3994,capture,,0.07605759576,2010,2022,2025,32923,True,False,False,False,False,False,False,True,False,False,False,False,False
2967,90,232,4482,capture,,0.09824558429,2010,2022,2025,32923,True,False,False,False,False,False,False,True,False,False,False,False,False
2968,90,232,5028,capture,,0.1157203194,2010,2022,2025,32923,True,False,False,False,False,False,False,True,False,False,False,False,False
2969,90,232,5642,capture,,-0.1567011793,2010,2022,2025,32923,True,False,False,False,False,False,False,True,False,False,False,False,False
2970,90,232,6331,capture,,0.0006596264233,2010,2022,2025,32923,True,False,False,False,False,False,False,True,False,False,False,False,False
2971,90,232,7103,capture,,-0.1669000827,2010,2022,2025,32923,True,False,False,False,False,False,False,True,False,False,False,False,False
2972,90,232,7970,capture,,-0.06218983489,2010,2022,2025,32923,True,False,False,False,False,False,False,True,False,False,False,False,False
2973,90,232,8942,capture,,-0.1202253848,2010,2022,2025,32923,True,False,False,False,False,False,False,True,False,False,False,False,False
2974,90,232,10033,capture,,-0.1370538901,2010,2022,2025,32923,True,False,False,False,False,False,False,False,True,False,False,False,False
2975,90,232,11257,capture,,-0.1370973594,2010,2022,2025,32923,True,False,False,False,False,False,False,False,True,False,False,False,False
2976,90,232,12631,capture,,-0.2623208383,2010,2022,2025,32923,True,False,False,False,False,False,False,False,True,False,False,False,False
2977,90,232,14172,capture,,-0.05560074014,2010,2022,2025,32923,True,False,False,False,False,False,False,False,True,False,False,False,False
2978,90,232,15902,capture,,-0.2682251485,2010,2022,2025,32923,True,False,False,False,False,False,False,False,True,False,False,False,False
2979,90,232,17842,capture,,-0.08348288594,2010,2022,2025,32923,True,False,False,False,False,False,False,False,True,False,False,False,False
2980,90,232,20019,capture,,-0.2053028731,2010,2022,2025,32923,True,False,False,False,False,False,False,False,True,False,False,False,False
2981,90,232,22461,capture,,-0.3086231819,2010,2022,2025,32923,True,False,False,False,False,False,False,False,True,False,False,False,False
2982,90,232,25202,capture,,-0.2259767317,2010,2022,2025,32923,True,False,False,False,False,False,False,False,True,False,False,False,False
2983,90,232,28999,capture,,-0.3629547992,2010,2022,2025,32923,True,False,False,False,False,False,False,False,True,False,False,False,False
2984,90,232,31728,capture,,-0.3413133473,2010,2022,2025,32923,True,False,False,False,False,False,False,False,True,False,False,False,False
2985,90,232,35599,capture,,-0.4107677441,2010,2022,2025,32923,True,False,False,False,False,False,False,False,True,False,False,False,False
2986,90,232,39943,capture,,-0.3650302713,2010,2022,2025,32923,True,False,False,False,False,False,False,False,True,False,False,False,False
2987,90,232,44816,capture,,-0.3906873867,2010,2022,2025,32923,True,False,False,False,False,False,False,False,True,False,False,False,False
2988,90,232,50285,capture,,-0.5144773158,2010,2022,2025,32923,True,False,False,False,False,False,False,False,True,False,False,False,False
2989,90,232,56421,capture,,-0.4624642329,2010,2022,2025,32923,True,False,False,False,False,False,False,False,True,False,False,False,False
2990,90,232,63305,capture,,-0.5212128062,2010,2022,2025,32923,True,False,False,False,False,False,False,False,True,False,False,False,False
2991,90,232,71029,capture,,-0.6739059363,2010,2022,2025,32923,True,False,False,False,False,False,False,False,True,False,False,False,False
2992,90,232,79696,capture,,-0.6909045141,2010,2022,2025,32923,True,False,False,False,False,False,False,False,True,False,False,False,False
2993,90,232,89421,capture,,-0.7289976011,2010,2022,2025,32923,True,False,False,False,False,False,False,False,True,False,False,False,False
2994,90,232,100330,capture,,-0.5926158947,2010,2022,2025,32923,True,False,False,False,False,False,False,False,False,True,False,False,True
2995,90,232,112570,capture,,-0.6807335834,2010,2022,2025,32923,True,False,False,False,False,False,False,False,False,True,False,False,True
2996,90,232,126310,capture,,-0.6411042925,2010,2022,2025,32923,True,False,False,False,False,False,False,False,False,True,False,False,True
2997,90,232,3700000,capture,,-1.962573502,2010,2011,2011,33033,True,False,False,False,False,False,False,False,False,False,True,False,True
2998,90,232,9850000,capture,,-2.869666232,2010,2011,2011,33033,True,False,False,False,False,False,False,False,False,False,True,False,True
2999,90,232,1600000,capture,,-1.038578906,2010,2012,2011,33038,True,False,False,False,False,False,False,False,False,False,True,False,True
3000,90,232,2200000,capture,,-1.318758763,2010,2012,2011,33038,True,False,False,False,False,False,False,False,False,False,True,False,True
3001,90,232,3000000,capture,,-1.782516056,2010,2012,2011,33038,True,False,False,False,False,False,False,False,False,False,True,False,True
3002,90,232,3700000,capture,,-1.966576245,2010,2012,2011,33038,True,False,False,False,False,False,False,False,False,False,True,False,True
3003,90,232,5900000,capture,,-2.946921557,2010,2012,2012,33040,True,False,False,False,False,False,False,False,False,False,True,False,True
3004,90,232,15500000,capture,,-3.107905397,2010,2012,2012,33040,True,False,False,False,False,False,False,False,False,False,False,True,True
3005,90,232,8040000,capture,,-3.113509275,2010,2012,2013,33042,True,False,False,False,False,False,False,False,False,False,True,False,True
3006,90,232,11900000,capture,,-2.950781977,2010,2012,2013,33042,True,False,False,False,False,False,False,False,False,False,False,True,True
3007,90,232,13500000,capture,,-2.97798426,2010,2012,2013,33044,True,False,False,False,False,False,False,False,False,False,False,True,True
3008,90,232,15500000,capture,,-3.154281982,2010,2012,2013,33044,True,False,False,False,False,False,False,False,False,False,False,True,True
3009,90,232,17280000,capture,,-3.298432015,2010,2012,2013,33044,True,False,False,False,False,False,False,False,False,False,False,True,True
3010,90,232,2450000,capture,,-1.438946344,2010,2015,2017,33091,True,False,False,False,False,False,False,False,False,False,True,False,True
3011,90,232,14800000,capture,,-2.804377056,2010,2015,2017,33091,True,False,False,False,False,False,False,False,False,False,False,True,True
3012,90,232,10950000,capture,,-2.747875447,2010,2018,2019,33116,True,False,False,False,False,False,False,False,False,False,False,True,True
3013,90,232,13970000,capture,,-2.91829273,2010,2018,2019,33116,True,False,False,False,False,False,False,False,False,False,False,True,True
3014,90,232,14980000,capture,,-2.913640169,2010,2018,2019,33116,True,False,False,False,False,False,False,False,False,False,False,True,True
3015,90,232,18990000,capture,,-3.276544328,2010,2018,2019,33116,True,False,False,False,False,False,False,False,False,False,False,True,True
3016,90,232,13992696.05,n2n,,0.1980519517,2010,2011,2012,23177,False,True,False,False,False,False,False,False,False,False,False,True,True
3017,90,232,14789945.91,n2n,,0.0537696896,2010,2011,2012,23177,False,True,False,False,False,False,False,False,False,False,False,True,True
3018,90,232,12490000,n2n,,0.3516552542,2010,2024,2025,32933,False,True,False,False,False,False,False,False,False,False,False,True,True
3019,90,232,16380000,n2n,,-0.07591722494,2010,2024,2025,32933,False,True,False,False,False,False,False,False,False,False,False,True,True
3020,90,232,18100000,n2n,,-0.3016558304,2010,2024,2025,32933,False,True,False,False,False,False,False,False,False,False,False,True,True
3021,90,232,9850000,n2n,,0.2360331471,2010,2011,2011,33033,False,True,False,False,False,False,False,False,False,False,True,False,True
3022,90,232,15500000,n2n,,-0.03011835625,2010,2012,2012,33040,False,True,False,False,False,False,False,False,False,False,False,True,True
3023,90,232,8040000,n2n,,0.1948721752,2010,2012,2013,33042,False,True,False,False,False,False,False,False,False,False,True,False,True
3024,90,232,11900000,n2n,,0.3217909933,2010,2012,2013,33042,False,True,False,False,False,False,False,False,False,False,False,True,True
3025,90,232,17280000,n2n,,-0.1830961606,2010,2012,2013,33044,False,True,False,False,False,False,False,False,False,False,False,True,True
3026,90,232,14800000,n2n,,0.2237554537,2010,2015,2017,33091,False,True,False,False,False,False,False,False,False,False,False,True,True
3027,90,232,8970000,n2n,,0.260071388,2010,2018,2019,33115,False,True,False,False,False,False,False,False,False,False,True,False,True
3028,90,232,16520000,n2n,,-0.2076083105,2010,2018,2019,33115,False,True,False,False,False,False,False,False,False,False,False,True,True
3029,90,232,10490000,n2n,,0.3344537512,2010,2019,2020,33136,False,True,False,False,False,False,False,False,False,False,False,True,True
3030,90,232,14460000,n2n,,0.03342375549,2010,2019,2020,33136,False,True,False,False,False,False,False,False,False,False,False,True,True
3031,90,232,18360000,n2n,,-0.3467874862,2010,2019,2020,33136,False,True,False,False,False,False,False,False,False,False,False,True,True
3032,90,232,15030000,n2n,,0.0170333393,2010,2019,2020,33136,False,True,False,False,False,False,False,False,False,False,False,True,True
3033,90,232,13967594.41,n2n,,0.2095150145,2010,2016,2016,41614,False,True,False,False,False,False,False,False,False,False,False,True,True
3034,90,232,14749783.05,n2n,,0.08475496318,2010,2016,2016,41614,False,True,False,False,False,False,False,False,False,False,False,True,True
3035,90,232,3380931.676,total,,0.9054477658,2010,2024,2024,14825,False,False,False,False,True,False,False,False,False,False,True,False,True
3036,90,232,3736330.285,total,,0.906502046,2010,2024,2024,14825,False,False,False,False,True,False,False,False,False,False,True,False,True
3037,90,232,4129715.729,total,,0.9013138958,2010,2024,2024,14825,False,False,False,False,True,False,False,False,False,False,True,False,True
3038,90,232,4563576.339,total,,0.8939558478,2010,2024,2024,14825,False,False,False,False,True,False,False,False,False,False,True,False,True
3039,90,232,5043426.316,total,,0.8837068492,2010,2024,2024,14825,False,False,False,False,True,False,False,False,False,False,True,False,True
3040,90,232,5574267.216,total,,0.8677001885,2010,2024,2024,14825,False,False,False,False,True,False,False,False,False,False,True,False,True
3041,90,232,6160075.324,total,,0.8486539636,2010,2024,2024,14825,False,False,False,False,True,False,False,False,False,False,True,False,True
3042,90,232,6808365.443,total,,0.8274306645,2010,2024,2024,14825,False,False,False,False,True,False,False,False,False,False,True,False,True
3043,90,232,7524651.819,total,,0.8077953914,2010,2024,2024,14825,False,False,False,False,True,False,False,False,False,False,True,False,True
3044,90,232,8315398.968,total,,0.789355046,2010,2024,2024,14825,False,False,False,False,True,False,False,False,False,False,True,False,True
3045,90,232,9190122.36,total,,0.7750385357,2010,2024,2024,14825,False,False,False,False,True,False,False,False,False,False,True,False,True
3046,90,232,10154873.71,total,,0.7636750219,2010,2024,2024,14825,False,False,False,False,True,False,False,False,False,False,False,True,True
3047,90,232,11226508.81,total,,0.7596942792,2010,2024,2024,14825,False,False,False,False,True,False,False,False,False,False,False,True,True
3048,90,232,12406127.52,total,,0.7595809771,2010,2024,2024,14825,False,False,False,False,True,False,False,False,False,False,False,True,True
3049,90,232,13710660.09,total,,0.7665801372,2010,2024,2024,14825,False,False,False,False,True,False,False,False,False,False,False,True,True
3050,90,232,15155236.72,total,,0.7748088303,2010,2024,2024,14825,False,False,False,False,True,False,False,False,False,False,False,True,True
3051,90,232,16744733.5,total,,0.7831028254,2010,2024,2024,14825,False,False,False,False,True,False,False,False,False,False,False,True,True
3052,90,232,18509159.89,total,,0.7904364721,2010,2024,2024,14825,False,False,False,False,True,False,False,False,False,False,False,True,True
3053,90,232,19950000,total,,0.7962342571,2010,2024,2024,14825,False,False,False,False,True,False,False,False,False,False,False,True,True
3054,92,235,3197256.011,total,,0.8955523729,2010,2024,2024,14825,False,False,False,False,True,False,False,False,False,False,True,False,True
3055,92,235,3443188.928,total,,0.8962188509,2010,2024,2024,14825,False,False,False,False,True,False,False,False,False,False,True,False,True
3056,92,235,3800806.754,total,,0.8977438953,2010,2024,2024,14825,False,False,False,False,True,False,False,False,False,False,True,False,True
3057,92,235,4195648.579,total,,0.8961774845,2010,2024,2024,14825,False,False,False,False,True,False,False,False,False,False,True,False,True
3058,92,235,4631234.391,total,,0.8898365359,2010,2024,2024,14825,False,False,False,False,True,False,False,False,False,False,True,False,True
3059,92,235,5111800.312,total,,0.8778692894,2010,2024,2024,14825,False,False,False,False,True,False,False,False,False,False,True,False,True
3060,92,235,5642348.084,total,,0.8630238079,2010,2024,2024,14825,False,False,False,False,True,False,False,False,False,False,True,False,True
3061,92,235,6228380.123,total,,0.843566004,2010,2024,2024,14825,False,False,False,False,True,False,False,False,False,False,True,False,True
3062,92,235,6874632.714,total,,0.8237219542,2010,2024,2024,14825,False,False,False,False,True,False,False,False,False,False,True,False,True
3063,92,235,7588608.563,total,,0.8054736714,2010,2024,2024,14825,False,False,False,False,True,False,False,False,False,False,True,False,True
3064,92,235,8376063.032,total,,0.7834229466,2010,2024,2024,14825,False,False,False,False,True,False,False,False,False,False,True,False,True
3065,92,235,9245974.85,total,,0.7702074528,2010,2024,2024,14825,False,False,False,False,True,False,False,False,False,False,True,False,True
3066,92,235,10204877.47,total,,0.7603470785,2010,2024,2024,14825,False,False,False,False,True,False,False,False,False,False,False,True,True
3067,92,235,11407130.04,total,,0.7557636011,2010,2024,2024,14825,False,False,False,False,True,False,False,False,False,False,False,True,True
3068,92,235,12745104.86,total,,0.7577963518,2010,2024,2024,14825,False,False,False,False,True,False,False,False,False,False,False,True,True
3069,92,235,14069683.68,total,,0.7600283483,2010,2024,2024,14825,False,False,False,False,True,False,False,False,False,False,False,True,True
3070,92,235,15526596.21,total,,0.7708115247,2010,2024,2024,14825,False,False,False,False,True,False,False,False,False,False,False,True,True
3071,92,235,17140978.38,total,,0.7794395542,2010,2024,2024,14825,False,False,False,False,True,False,False,False,False,False,False,True,True
3072,92,235,18920296.75,total,,0.7850752354,2010,2024,2024,14825,False,False,False,False,True,False,False,False,False,False,False,True,True
3073,92,236,1418.08,capture,,0.5259008841,2010,2017,2017,14481,True,False,False,False,False,False,False,True,False,False,False,False,False
3074,92,236,1628.18,capture,,0.3006128727,2010,2017,2017,14481,True,False,False,False,False,False,False,True,False,False,False,False,False
3075,92,236,1869.4,capture,,0.3226554382,2010,2017,2017,14481,True,False,False,False,False,False,False,True,False,False,False,False,False
3076,92,236,2146.36,capture,,0.2959056078,2010,2017,2017,14481,True,False,False,False,False,False,False,True,False,False,False,False,False
3077,92,236,2464.35,capture,,0.2288057163,2010,2017,2017,14481,True,False,False,False,False,False,False,True,False,False,False,False,False
3078,92,236,2829.45,capture,,0.1604505227,2010,2017,2017,14481,True,False,False,False,False,False,False,True,False,False,False,False,False
3079,92,236,3248.64,capture,,0.1554757181,2010,2017,2017,14481,True,False,False,False,False,False,False,True,False,False,False,False,False
3080,92,236,3729.94,capture,,0.1809741292,2010,2017,2017,14481,True,False,False,False,False,False,False,True,False,False,False,False,False
3081,92,236,4282.55,capture,,0.125936467,2010,2017,2017,14481,True,False,False,False,False,False,False,True,False,False,False,False,False
3082,92,236,4917.02,capture,,0.1015546224,2010,2017,2017,14481,True,False,False,False,False,False,False,True,False,False,False,False,False
3083,92,236,5645.49,capture,,0.08673700467,2010,2017,2017,14481,True,False,False,False,False,False,False,True,False,False,False,False,False
3084,92,236,6481.9,capture,,0.07134064216,2010,2017,2017,14481,True,False,False,False,False,False,False,True,False,False,False,False,False
3085,92,236,7442.21,capture,,-0.001432927353,2010,2017,2017,14481,True,False,False,False,False,False,False,True,False,False,False,False,False
3086,92,236,8544.8,capture,,-0.03794809471,2010,2017,2017,14481,True,False,False,False,False,False,False,True,False,False,False,False,False
3087,92,236,9810.74,capture,,-0.050581204,2010,2017,2017,14481,True,False,False,False,False,False,False,True,False,False,False,False,False
3088,92,236,11264.2,capture,,-0.08095644326,2010,2017,2017,14481,True,False,False,False,False,False,False,False,True,False,False,False,False
3089,92,236,12933.1,capture,,-0.1115076795,2010,2017,2017,14481,True,False,False,False,False,False,False,False,True,False,False,False,False
3090,92,236,14849.2,capture,,-0.1067954684,2010,2017,2017,14481,True,False,False,False,False,False,False,False,True,False,False,False,False
3091,92,236,17049.1,capture,,-0.1523810762,2010,2017,2017,14481,True,False,False,False,False,False,False,False,True,False,False,False,False
3092,92,236,19575,capture,,-0.1729151796,2010,2017,2017,14481,True,False,False,False,False,False,False,False,True,False,False,False,False
3093,92,236,22475.1,capture,,-0.1684232655,2010,2017,2017,14481,True,False,False,False,False,False,False,False,True,False,False,False,False
3094,92,236,25804.9,capture,,-0.1935134138,2010,2017,2017,14481,True,False,False,False,False,False,False,False,True,False,False,False,False
3095,92,236,29628,capture,,-0.2422943052,2010,2017,2017,14481,True,False,False,False,False,False,False,False,True,False,False,False,False
3096,92,236,34017.5,capture,,-0.2584040875,2010,2017,2017,14481,True,False,False,False,False,False,False,False,True,False,False,False,False
3097,92,236,39057.3,capture,,-0.2566988094,2010,2017,2017,14481,True,False,False,False,False,False,False,False,True,False,False,False,False
3098,92,236,44843.8,capture,,-0.311645149,2010,2017,2017,14481,True,False,False,False,False,False,False,False,True,False,False,False,False
3099,92,236,51487.5,capture,,-0.3320457964,2010,2017,2017,14481,True,False,False,False,False,False,False,False,True,False,False,False,False
3100,92,236,59115.6,capture,,-0.4082811036,2010,2017,2017,14481,True,False,False,False,False,False,False,False,True,False,False,False,False
3101,92,236,67873.8,capture,,-0.4235929922,2010,2017,2017,14481,True,False,False,False,False,False,False,False,True,False,False,False,False
3102,92,236,77929.5,capture,,-0.4907477316,2010,2017,2017,14481,True,False,False,False,False,False,False,False,True,False,False,False,False
3103,92,236,89475.1,capture,,-0.4839871513,2010,2017,2017,14481,True,False,False,False,False,False,False,False,True,False,False,False,False
3104,92,236,102731,capture,,-0.5479650289,2010,2017,2017,14481,True,False,False,False,False,False,False,False,False,True,False,False,True
3105,92,236,117951,capture,,-0.6028667908,2010,2017,2017,14481,True,False,False,False,False,False,False,False,False,True,False,False,True
3106,92,236,135426,capture,,-0.6628063885,2010,2017,2017,14481,True,False,False,False,False,False,False,False,False,True,False,False,True
3107,92,236,155490,capture,,-0.6603875915,2010,2017,2017,14481,True,False,False,False,False,False,False,False,False,True,False,False,True
3108,92,236,178526,capture,,-0.6207633946,2010,2017,2017,14481,True,False,False,False,False,False,False,False,False,True,False,False,True
3109,92,236,204976,capture,,-0.6727330436,2010,2017,2017,14481,True,False,False,False,False,False,False,False,False,True,False,False,True
3110,92,236,235343,capture,,-0.7601476793,2010,2017,2017,14481,True,False,False,False,False,False,False,False,False,True,False,False,True
3111,92,236,270210,capture,,-0.7781399589,2010,2017,2017,14481,True,False,False,False,False,False,False,False,False,True,False,False,True
3112,92,236,310243,capture,,-0.7221731201,2010,2017,2017,14481,True,False,False,False,False,False,False,False,False,True,False,False,True
3113,92,236,356207,capture,,-0.7469310886,2010,2017,2017,14481,True,False,False,False,False,False,False,False,False,True,False,False,True
3114,92,236,408980,capture,,-0.8420659818,2010,2017,2017,14481,True,False,False,False,False,False,False,False,False,True,False,False,True
3115,92,236,469572,capture,,-0.7473872319,2010,2017,2017,14481,True,False,False,False,False,False,False,False,False,True,False,False,True
3116,92,236,539141,capture,,-0.8562484617,2010,2017,2017,14481,True,False,False,False,False,False,False,False,False,True,False,False,True
3117,92,236,619016,capture,,-0.8307489008,2010,2017,2017,14481,True,False,False,False,False,False,False,False,False,True,False,False,True
3118,92,236,710726,capture,,-0.8758056302,2010,2017,2017,14481,True,False,False,False,False,False,False,False,False,True,False,False,True
3119,92,238,2120.368342,capture,,0.1847368449,2010,2014,2011,14310,True,False,False,False,False,False,False,True,False,False,False,False,False
3120,92,238,2340.884478,capture,,0.1592663311,2010,2014,2011,14310,True,False,False,False,False,False,False,True,False,False,False,False,False
3121,92,238,2584.386025,capture,,0.1377970431,2010,2014,2011,14310,True,False,False,False,False,False,False,True,False,False,False,False,False
3122,92,238,2853.681754,capture,,0.06490702716,2010,2014,2011,14310,True,False,False,False,False,False,False,True,False,False,False,False,False
3123,92,238,3150.364475,capture,,0.1027080547,2010,2014,2011,14310,True,False,False,False,False,False,False,True,False,False,False,False,False
3124,92,238,3478.231673,capture,,0.06235631809,2010,2014,2011,14310,True,False,False,False,False,False,False,True,False,False,False,False,False
3125,92,238,3840.288575,capture,,0.01493195755,2010,2014,2011,14310,True,False,False,False,False,False,False,True,False,False,False,False,False
3126,92,238,4239.936308,capture,,-0.09267464665,2010,2014,2011,14310,True,False,False,False,False,False,False,True,False,False,False,False,False
3127,92,238,4681.565125,capture,,-0.06851161789,2010,2014,2011,14310,True,False,False,False,False,False,False,True,False,False,False,False,False
3128,92,238,5168.57583,capture,,-0.04333222588,2010,2014,2011,14310,True,False,False,False,False,False,False,True,False,False,False,False,False
3129,92,238,5706.763156,capture,,-0.03591959451,2010,2014,2011,14310,True,False,False,False,False,False,False,True,False,False,False,False,False
3130,92,238,6300.728827,capture,,-0.05976250938,2010,2014,2011,14310,True,False,False,False,False,False,False,True,False,False,False,False,False
3131,92,238,6956.075042,capture,,-0.1194950951,2010,2014,2011,14310,True,False,False,False,False,False,False,True,False,False,False,False,False
3132,92,238,7680.384933,capture,,-0.1506297312,2010,2014,2011,14310,True,False,False,False,False,False,False,True,False,False,False,False,False
3133,92,238,8479.472546,capture,,-0.2040227116,2010,2014,2011,14310,True,False,False,False,False,False,False,True,False,False,False,False,False
3134,92,238,9362.333718,capture,,-0.1928845867,2010,2014,2011,14310,True,False,False,False,False,False,False,True,False,False,False,False,False
3135,92,238,9935,capture,,-0.2130357406,2010,2014,2011,14310,True,False,False,False,False,False,False,True,False,False,False,False,False
3136,92,238,10460,capture,,-0.1694754859,2010,2014,2011,14310,True,False,False,False,False,False,False,False,True,False,False,False,False
3137,92,238,11251.63988,capture,,-0.2047806125,2010,2014,2011,14310,True,False,False,False,False,False,False,False,True,False,False,False,False
3138,92,238,12716.595,capture,,-0.20033787,2010,2014,2011,14310,True,False,False,False,False,False,False,False,True,False,False,False,False
3139,92,238,14365.73702,capture,,-0.2299953206,2010,2014,2011,14310,True,False,False,False,False,False,False,False,True,False,False,False,False
3140,92,238,15840.32197,capture,,-0.2227544736,2010,2014,2011,14310,True,False,False,False,False,False,False,False,True,False,False,False,False
3141,92,238,17459.82818,capture,,-0.2042589791,2010,2014,2011,14310,True,False,False,False,False,False,False,False,True,False,False,False,False
3142,92,238,19254.26446,capture,,-0.2703493317,2010,2014,2011,14310,True,False,False,False,False,False,False,False,True,False,False,False,False
3143,92,238,21223.6307,capture,,-0.2873502984,2010,2014,2011,14310,True,False,False,False,False,False,False,False,True,False,False,False,False
3144,92,238,23403.05963,capture,,-0.3279021421,2010,2014,2011,14310,True,False,False,False,False,False,False,False,True,False,False,False,False
3145,92,238,25802.30997,capture,,-0.3088742846,2010,2014,2011,14310,True,False,False,False,False,False,False,False,True,False,False,False,False
3146,92,238,28446.51121,capture,,-0.4254478913,2010,2014,2011,14310,True,False,False,False,False,False,False,False,True,False,False,False,False
3147,92,238,30600,capture,,-0.3010299957,2010,2014,2011,14310,True,False,False,False,False,False,False,False,True,False,False,False,False
3148,92,238,39060,capture,,-0.3639134849,2010,2014,2011,14310,True,False,False,False,False,False,False,False,True,False,False,False,False
3149,92,238,42022.50112,capture,,-0.4450870494,2010,2014,2011,14310,True,False,False,False,False,False,False,False,True,False,False,False,False
3150,92,238,46336.22341,capture,,-0.4519178295,2010,2014,2011,14310,True,False,False,False,False,False,False,False,True,False,False,False,False
3151,92,238,51079.82968,capture,,-0.4979827852,2010,2014,2011,14310,True,False,False,False,False,False,False,False,True,False,False,False,False
3152,92,238,56318.2173,capture,,-0.5676722077,2010,2014,2011,14310,True,False,False,False,False,False,False,False,True,False,False,False,False
3153,92,238,62086.51867,capture,,-0.5616950355,2010,2014,2011,14310,True,False,False,False,False,False,False,False,True,False,False,False,False
3154,92,238,68449.63112,capture,,-0.6575773192,2010,2014,2011,14310,True,False,False,False,False,False,False,False,True,False,False,False,False
3155,92,238,75467.57251,capture,,-0.6132335843,2010,2014,2011,14310,True,False,False,False,False,False,False,False,True,False,False,False,False
3156,92,238,81200,capture,,-0.6813107301,2010,2014,2011,14310,True,False,False,False,False,False,False,False,True,False,False,False,False
3157,92,238,98700,capture,,-0.7617029321,2010,2014,2011,14310,True,False,False,False,False,False,False,False,True,False,False,False,False
3158,92,238,106168.1685,capture,,-0.6917558233,2010,2014,2011,14310,True,False,False,False,False,False,False,False,False,True,False,False,True
3159,92,238,117115.3278,capture,,-0.6968039426,2010,2014,2011,14310,True,False,False,False,False,False,False,False,False,True,False,False,True
3160,92,238,129111.5797,capture,,-0.7400479401,2010,2014,2011,14310,True,False,False,False,False,False,False,False,False,True,False,False,True
3161,92,238,142308.1867,capture,,-0.7226200253,2010,2014,2011,14310,True,False,False,False,False,False,False,False,False,True,False,False,True
3162,92,238,156902.7724,capture,,-0.9835516817,2010,2014,2011,14310,True,False,False,False,False,False,False,False,False,True,False,False,True
3163,92,238,172949.0098,capture,,-0.8732680771,2010,2014,2011,14310,True,False,False,False,False,False,False,False,False,True,False,False,True
3164,92,238,190693.314,capture,,-0.9490598512,2010,2014,2011,14310,True,False,False,False,False,False,False,False,False,True,False,False,True
3165,92,238,210238.1507,capture,,-0.8208792704,2010,2014,2011,14310,True,False,False,False,False,False,False,False,False,True,False,False,True
3166,92,238,231781.1468,capture,,-0.9319997739,2010,2014,2011,14310,True,False,False,False,False,False,False,False,False,True,False,False,True
3167,92,238,255573.5902,capture,,-0.8789328325,2010,2014,2011,14310,True,False,False,False,False,False,False,False,False,True,False,False,True
3168,92,238,281766.7475,capture,,-0.8546481834,2010,2014,2011,14310,True,False,False,False,False,False,False,False,False,True,False,False,True
3169,92,238,310658.2688,capture,,-0.799286266,2010,2014,2011,14310,True,False,False,False,False,False,False,False,False,True,False,False,True
3170,92,238,342448.2151,capture,,-0.8858896435,2010,2014,2011,14310,True,False,False,False,False,False,False,False,False,True,False,False,True
3171,92,238,377587.9368,capture,,-0.9257322574,2010,2014,2011,14310,True,False,False,False,False,False,False,False,False,True,False,False,True
3172,92,238,416326.2903,capture,,-0.9459617893,2010,2014,2011,14310,True,False,False,False,False,False,False,False,False,True,False,False,True
3173,92,238,458963.3646,capture,,-1.068847361,2010,2014,2011,14310,True,False,False,False,False,False,False,False,False,True,False,False,True
3174,92,238,505999.3083,capture,,-0.7661158912,2010,2014,2011,14310,True,False,False,False,False,False,False,False,False,True,False,False,True
3175,92,238,557834.2406,capture,,-0.8571414489,2010,2014,2011,14310,True,False,False,False,False,False,False,False,False,True,False,False,True
3176,92,238,615017.1055,capture,,-0.7440042733,2010,2014,2011,14310,True,False,False,False,False,False,False,False,False,True,False,False,True
3177,92,238,2085.824986,capture,,0.1094403403,2010,2017,2017,23364,True,False,False,False,False,False,False,True,False,False,False,False,False
3178,92,238,2286.975707,capture,,0.1777469591,2010,2017,2017,23364,True,False,False,False,False,False,False,True,False,False,False,False,False
3179,92,238,2565.901734,capture,,0.142029804,2010,2017,2017,23364,True,False,False,False,False,False,False,True,False,False,False,False,False
3180,92,238,2878.839016,capture,,0.04394906329,2010,2017,2017,23364,True,False,False,False,False,False,False,True,False,False,False,False,False
3181,92,238,3156.444528,capture,,0.1181803728,2010,2017,2017,23364,True,False,False,False,False,False,False,True,False,False,False,False,False
3182,92,238,3460.812952,capture,,0.1025791322,2010,2017,2017,23364,True,False,False,False,False,False,False,True,False,False,False,False,False
3183,92,238,3794.523125,capture,,0.03836797543,2010,2017,2017,23364,True,False,False,False,False,False,False,True,False,False,False,False,False
3184,92,238,4160.400787,capture,,-0.06049796975,2010,2017,2017,23364,True,False,False,False,False,False,False,True,False,False,False,False,False
3185,92,238,4667.733965,capture,,-0.04237802921,2010,2017,2017,23364,True,False,False,False,False,False,False,True,False,False,False,False,False
3186,92,238,5236.91541,capture,,-0.06349254076,2010,2017,2017,23364,True,False,False,False,False,False,False,True,False,False,False,False,False
3187,92,238,5741.822319,capture,,-0.03229480769,2010,2017,2017,23364,True,False,False,False,False,False,False,True,False,False,False,False,False
3188,92,238,6295.390364,capture,,-0.01640144908,2010,2017,2017,23364,True,False,False,False,False,False,False,True,False,False,False,False,False
3189,92,238,6902.307812,capture,,-0.08204860918,2010,2017,2017,23364,True,False,False,False,False,False,False,True,False,False,False,False,False
3190,92,238,7567.713285,capture,,-0.1060835169,2010,2017,2017,23364,True,False,False,False,False,False,False,True,False,False,False,False,False
3191,92,238,8490.349595,capture,,-0.1517145891,2010,2017,2017,23364,True,False,False,False,False,False,False,True,False,False,False,False,False
3192,92,238,9525.422547,capture,,-0.1709034512,2010,2017,2017,23364,True,False,False,False,False,False,False,True,False,False,False,False,False
3193,92,238,10443.57625,capture,,-0.1498609419,2010,2017,2017,23364,True,False,False,False,False,False,False,False,True,False,False,False,False
3194,92,238,11450.1952,capture,,-0.1907470931,2010,2017,2017,23364,True,False,False,False,False,False,False,False,True,False,False,False,False
3195,92,238,12553.7834,capture,,-0.1970888269,2010,2017,2017,23364,True,False,False,False,False,False,False,False,True,False,False,False,False
3196,92,238,14083.94587,capture,,-0.1964234015,2010,2017,2017,23364,True,False,False,False,False,False,False,False,True,False,False,False,False
3197,92,238,15800.51532,capture,,-0.2229097231,2010,2017,2017,23364,True,False,False,False,False,False,False,False,True,False,False,False,False
3198,92,238,17323.12799,capture,,-0.2334808232,2010,2017,2017,23364,True,False,False,False,False,False,False,False,True,False,False,False,False
3199,92,238,18992.37706,capture,,-0.2747680967,2010,2017,2017,23364,True,False,False,False,False,False,False,False,True,False,False,False,False
3200,92,238,20822.36866,capture,,-0.2713609761,2010,2017,2017,23364,True,False,False,False,False,False,False,False,True,False,False,False,False
3201,92,238,22828.56395,capture,,-0.3068466281,2010,2017,2017,23364,True,False,False,False,False,False,False,False,True,False,False,False,False
3202,92,238,25610.06642,capture,,-0.3349846792,2010,2017,2017,23364,True,False,False,False,False,False,False,False,True,False,False,False,False
3203,92,238,28730.221,capture,,-0.3294095392,2010,2017,2017,23364,True,False,False,False,False,False,False,False,True,False,False,False,False
3204,92,238,31497.67052,capture,,-0.330671495,2010,2017,2017,23364,True,False,False,False,False,False,False,False,True,False,False,False,False
3205,92,238,34531.47019,capture,,-0.3509135197,2010,2017,2017,23364,True,False,False,False,False,False,False,False,True,False,False,False,False
3206,92,238,37857.22277,capture,,-0.3911954013,2010,2017,2017,23364,True,False,False,False,False,False,False,False,True,False,False,False,False
3207,92,238,41502.98141,capture,,-0.4101335813,2010,2017,2017,23364,True,False,False,False,False,False,False,False,True,False,False,False,False
3208,92,238,46557.29241,capture,,-0.4149015216,2010,2017,2017,23364,True,False,False,False,False,False,False,False,True,False,False,False,False
3209,92,238,52226.50951,capture,,-0.4873629573,2010,2017,2017,23364,True,False,False,False,False,False,False,False,True,False,False,False,False
3210,92,238,57254.47469,capture,,-0.5481598565,2010,2017,2017,23364,True,False,False,False,False,False,False,False,True,False,False,False,False
3211,92,238,62765.93805,capture,,-0.5614402481,2010,2017,2017,23364,True,False,False,False,False,False,False,False,True,False,False,False,False
3212,92,238,68807.31213,capture,,-0.6312251568,2010,2017,2017,23364,True,False,False,False,False,False,False,False,True,False,False,False,False
3213,92,238,75429.45394,capture,,-0.6473371284,2010,2017,2017,23364,True,False,False,False,False,False,False,False,True,False,False,False,False
3214,92,238,14298601.33,capture,,-2.821742679,2010,2018,2021,32784,True,False,False,False,False,False,False,False,False,False,False,True,True
3215,92,238,14800000,capture,,-2.915066425,2010,2018,2021,32784,True,False,False,False,False,False,False,False,False,False,False,True,True
3216,92,238,2040000,capture,,-1.410385459,2010,2020,2021,32802,True,False,False,False,False,False,False,False,False,False,True,False,True
3217,92,238,3020000,capture,,-1.818156412,2010,2020,2021,32802,True,False,False,False,False,False,False,False,False,False,True,False,True
3218,92,238,4380000,capture,,-2.283162277,2010,2020,2021,32802,True,False,False,False,False,False,False,False,False,False,True,False,True
3219,92,238,3622000,capture,,-1.92226882,2010,2023,2024,32896,True,False,False,False,False,False,False,False,False,False,True,False,True
3220,92,238,4626000,capture,,-2.352910571,2010,2023,2024,32896,True,False,False,False,False,False,False,False,False,False,True,False,True
3221,92,238,6117000,capture,,-2.978397284,2010,2023,2024,32896,True,False,False,False,False,False,False,False,False,False,True,False,True
3222,92,238,3700000,capture,,-1.935542011,2010,2012,2013,33043,True,False,False,False,False,False,False,False,False,False,True,False,True
3223,92,238,9850000,capture,,-2.847711656,2010,2012,2013,33043,True,False,False,False,False,False,False,False,False,False,True,False,True
3224,92,238,5900000,capture,,-2.935542011,2010,2014,2015,33056,True,False,False,False,False,False,False,False,False,False,True,False,True
3225,92,238,15500000,capture,,-3.207608311,2010,2014,2015,33056,True,False,False,False,False,False,False,False,False,False,False,True,True
3226,92,238,8040000,capture,,-2.970616222,2010,2014,2015,33059,True,False,False,False,False,False,False,False,False,False,True,False,True
3227,92,238,11900000,capture,,-2.950781977,2010,2014,2015,33059,True,False,False,False,False,False,False,False,False,False,False,True,True
3228,92,238,2450000,capture,,-1.522820843,2010,2015,2017,33091,True,False,False,False,False,False,False,False,False,False,True,False,True
3229,92,238,14800000,capture,,-2.897566294,2010,2015,2017,33091,True,False,False,False,False,False,False,False,False,False,False,True,True
3230,92,238,6340000,n2n,,-1.15490196,2010,2017,2017,14482,False,True,False,False,False,False,False,False,False,False,True,False,True
3231,92,238,6890000,n2n,,-0.408935393,2010,2017,2017,14482,False,True,False,False,False,False,False,False,False,False,True,False,True
3232,92,238,7631382.575,n2n,,-0.008773924308,2010,2017,2017,14482,False,True,False,False,False,False,False,False,False,False,True,False,True
3233,92,238,8380000,n2n,,0.103803721,2010,2017,2017,14482,False,True,False,False,False,False,False,False,False,False,True,False,True
3234,92,238,9141444.087,n2n,,0.1351326514,2010,2017,2017,14482,False,True,False,False,False,False,False,False,False,False,True,False,True
3235,92,238,10156923.75,n2n,,0.1568519011,2010,2017,2017,14482,False,True,False,False,False,False,False,False,False,False,False,True,True
3236,92,238,11415888.77,n2n,,0.1573560154,2010,2017,2017,14482,False,True,False,False,False,False,False,False,False,False,False,True,True
3237,92,238,12430000,n2n,,0.1461280357,2010,2017,2017,14482,False,True,False,False,False,False,False,False,False,False,False,True,True
3238,92,238,13847743.5,n2n,,0,2010,2017,2017,14482,False,True,False,False,False,False,False,False,False,False,False,True,True
3239,92,238,14800000,n2n,,-0.1804560645,2010,2017,2017,14482,False,True,False,False,False,False,False,False,False,False,False,True,True
3240,92,238,14052383.39,n2n,,-0.06874559358,2010,2011,2012,32696,False,True,False,False,False,False,False,False,False,False,False,True,True
3241,92,238,14800000,n2n,,-0.2111248842,2010,2011,2012,32696,False,True,False,False,False,False,False,False,False,False,False,True,True
3242,92,238,9850000,n2n,,0.1176026917,2010,2012,2013,33043,False,True,False,False,False,False,False,False,False,False,True,False,True
3243,92,238,15500000,n2n,,-0.272458743,2010,2014,2015,33056,False,True,False,False,False,False,False,False,False,False,False,True,True
3244,92,238,8040000,n2n,,0.01872129771,2010,2014,2015,33059,False,True,False,False,False,False,False,False,False,False,True,False,True
3245,92,238,11900000,n2n,,0.09039562241,2010,2014,2015,33059,False,True,False,False,False,False,False,False,False,False,False,True,True
3246,92,238,14800000,n2n,,-0.1594548124,2010,2015,2017,33091,False,True,False,False,False,False,False,False,False,False,False,True,True
3247,92,238,13960707.11,n2n,,-0.02380291467,2010,2016,2016,41614,False,True,False,False,False,False,False,False,False,False,False,True,True
3248,92,238,14769725.79,n2n,,-0.1611509093,2010,2016,2016,41614,False,True,False,False,False,False,False,False,False,False,False,True,True
3249,92,238,3380931.676,total,,0.895988528,2010,2024,2024,14825,False,False,False,False,True,False,False,False,False,False,True,False,True
3250,92,238,3736330.285,total,,0.8965041715,2010,2024,2024,14825,False,False,False,False,True,False,False,False,False,False,True,False,True
3251,92,238,4129715.729,total,,0.8957456603,2010,2024,2024,14825,False,False,False,False,True,False,False,False,False,False,True,False,True
3252,92,238,4563576.339,total,,0.8896685964,2010,2024,2024,14825,False,False,False,False,True,False,False,False,False,False,True,False,True
3253,92,238,5043426.316,total,,0.8798553738,2010,2024,2024,14825,False,False,False,False,True,False,False,False,False,False,True,False,True
3254,92,238,5574267.216,total,,0.8647542653,2010,2024,2024,14825,False,False,False,False,True,False,False,False,False,False,True,False,True
3255,92,238,6160075.324,total,,0.8474338355,2010,2024,2024,14825,False,False,False,False,True,False,False,False,False,False,True,False,True
3256,92,238,6808365.443,total,,0.827456511,2010,2024,2024,14825,False,False,False,False,True,False,False,False,False,False,True,False,True
3257,92,238,7524651.819,total,,0.8089128413,2010,2024,2024,14825,False,False,False,False,True,False,False,False,False,False,True,False,True
3258,92,238,8315398.968,total,,0.7917152046,2010,2024,2024,14825,False,False,False,False,True,False,False,False,False,False,True,False,True
3259,92,238,9190122.36,total,,0.7782815192,2010,2024,2024,14825,False,False,False,False,True,False,False,False,False,False,True,False,True
3260,92,238,10154873.71,total,,0.7666284535,2010,2024,2024,14825,False,False,False,False,True,False,False,False,False,False,False,True,True
3261,92,238,11226508.81,total,,0.7620255061,2010,2024,2024,14825,False,False,False,False,True,False,False,False,False,False,False,True,True
3262,92,238,12406127.52,total,,0.7612134454,2010,2024,2024,14825,False,False,False,False,True,False,False,False,False,False,False,True,True
3263,92,238,13710660.09,total,,0.7662529319,2010,2024,2024,14825,False,False,False,False,True,False,False,False,False,False,False,True,True
3264,92,238,15155236.72,total,,0.7732597081,2010,2024,2024,14825,False,False,False,False,True,False,False,False,False,False,False,True,True
3265,92,238,16744733.5,total,,0.7802632921,2010,2024,2024,14825,False,False,False,False,True,False,False,False,False,False,False,True,True
3266,92,238,18509159.89,total,,0.7871486341,2010,2024,2024,14825,False,False,False,False,True,False,False,False,False,False,False,True,True
3267,92,238,19950000,total,,0.7917327434,2010,2024,2024,14825,False,False,False,False,True,False,False,False,False,False,False,True,True
3268,93,237,1010,capture,,1.041392685,2010,2013,2013,23193,True,False,False,False,False,False,False,True,False,False,False,False,False
3269,93,237,1065.3873,capture,,1.111104499,2010,2022,2022,23601,True,False,False,False,False,False,False,True,False,False,False,False,False
3270,93,237,1218.084,capture,,1.060131,2010,2022,2022,23601,True,False,False,False,False,False,False,True,False,False,False,False,False
3271,93,237,1406.1765,capture,,1.05927556,2010,2022,2022,23601,True,False,False,False,False,False,False,True,False,False,False,False,False
3272,93,237,1641.535,capture,,0.9698444036,2010,2022,2022,23601,True,False,False,False,False,False,False,True,False,False,False,False,False
3273,93,237,1904.08,capture,,0.9387448195,2010,2022,2022,23601,True,False,False,False,False,False,False,True,False,False,False,False,False
3274,93,237,2198.1735,capture,,0.9066043717,2010,2022,2022,23601,True,False,False,False,False,False,False,True,False,False,False,False,False
3275,93,237,2566.189,capture,,0.895218059,2010,2022,2022,23601,True,False,False,False,False,False,False,True,False,False,False,False,False
3276,93,237,3035.2015,capture,,0.8480289221,2010,2022,2022,23601,True,False,False,False,False,False,False,True,False,False,False,False,False
3277,93,237,3645.9535,capture,,0.7869004192,2010,2022,2022,23601,True,False,False,False,False,False,False,True,False,False,False,False,False
3278,93,237,4462.078,capture,,0.7301521725,2010,2022,2022,23601,True,False,False,False,False,False,False,True,False,False,False,False,False
3279,93,237,5587.5275,capture,,0.6992131412,2010,2022,2022,23601,True,False,False,False,False,False,False,True,False,False,False,False,False
3280,93,237,7201.782,capture,,0.6261144344,2010,2022,2022,23601,True,False,False,False,False,False,False,True,False,False,False,False,False
3281,93,237,9637.1795,capture,,0.5778937383,2010,2022,2022,23601,True,False,False,False,False,False,False,True,False,False,False,False,False
3282,93,237,13568.19,capture,,0.5162576539,2010,2022,2022,23601,True,False,False,False,False,False,False,False,True,False,False,False,False
3283,93,237,18483.46,capture,,0.4431690758,2010,2022,2022,23601,True,False,False,False,False,False,False,False,True,False,False,False,False
3284,93,237,24743.96,capture,,0.3905818786,2010,2022,2022,23601,True,False,False,False,False,False,False,False,True,False,False,False,False
3285,93,237,34856.615,capture,,0.3442546926,2010,2022,2022,23601,True,False,False,False,False,False,False,False,True,False,False,False,False
3286,93,237,52830.615,capture,,0.2659963705,2010,2022,2022,23601,True,False,False,False,False,False,False,False,True,False,False,False,False
3287,93,237,74437.595,capture,,0.2312656484,2010,2022,2022,23601,True,False,False,False,False,False,False,False,True,False,False,False,False
3288,93,237,99758.45,capture,,0.1317148785,2010,2022,2022,23601,True,False,False,False,False,False,False,False,True,False,False,False,False
3289,93,237,140741,capture,,0.06307052564,2010,2022,2022,23601,True,False,False,False,False,False,False,False,False,True,False,False,True
3290,93,237,213794.15,capture,,-0.06565307326,2010,2022,2022,23601,True,False,False,False,False,False,False,False,False,True,False,False,True
3291,93,237,364803.75,capture,,-0.2621714941,2010,2022,2022,23601,True,False,False,False,False,False,False,False,False,True,False,False,True
3292,93,237,770144.85,capture,,-0.6876110506,2010,2022,2022,23601,True,False,False,False,False,False,False,False,False,True,False,False,True
3293,93,237,1065.3873,capture,,1.108138638,2010,2022,2022,23601,True,False,False,False,False,False,False,True,False,False,False,False,False
3294,93,237,1218.084,capture,,1.057167634,2010,2022,2022,23601,True,False,False,False,False,False,False,True,False,False,False,False,False
3295,93,237,1406.1765,capture,,1.056313961,2010,2022,2022,23601,True,False,False,False,False,False,False,True,False,False,False,False,False
3296,93,237,1641.535,capture,,0.9668782347,2010,2022,2022,23601,True,False,False,False,False,False,False,True,False,False,False,False,False
3297,93,237,1904.08,capture,,0.9362874885,2010,2022,2022,23601,True,False,False,False,False,False,False,True,False,False,False,False,False
3298,93,237,2198.1735,capture,,0.9041527072,2010,2022,2022,23601,True,False,False,False,False,False,False,True,False,False,False,False,False
3299,93,237,2566.189,capture,,0.8927622346,2010,2022,2022,23601,True,False,False,False,False,False,False,True,False,False,False,False,False
3300,93,237,3035.2015,capture,,0.845569304,2010,2022,2022,23601,True,False,False,False,False,False,False,True,False,False,False,False,False
3301,93,237,3645.9535,capture,,0.7844389742,2010,2022,2022,23601,True,False,False,False,False,False,False,True,False,False,False,False,False
3302,93,237,4462.078,capture,,0.7276957538,2010,2022,2022,23601,True,False,False,False,False,False,False,True,False,False,False,False,False
3303,93,237,5587.5275,capture,,0.6967581655,2010,2022,2022,23601,True,False,False,False,False,False,False,True,False,False,False,False,False
3304,93,237,7201.782,capture,,0.6236523767,2010,2022,2022,23601,True,False,False,False,False,False,False,True,False,False,False,False,False
3305,93,237,9637.1795,capture,,0.5754418791,2010,2022,2022,23601,True,False,False,False,False,False,False,True,False,False,False,False,False
3306,93,237,13568.19,capture,,0.513790065,2010,2022,2022,23601,True,False,False,False,False,False,False,False,True,False,False,False,False
3307,93,237,18483.46,capture,,0.4398377609,2010,2022,2022,23601,True,False,False,False,False,False,False,False,True,False,False,False,False
3308,93,237,24743.96,capture,,0.3872474114,2010,2022,2022,23601,True,False,False,False,False,False,False,False,True,False,False,False,False
3309,93,237,34856.615,capture,,0.3409197934,2010,2022,2022,23601,True,False,False,False,False,False,False,False,True,False,False,False,False
3310,93,237,52830.615,capture,,0.2626646247,2010,2022,2022,23601,True,False,False,False,False,False,False,False,True,False,False,False,False
3311,93,237,74437.595,capture,,0.2279380974,2010,2022,2022,23601,True,False,False,False,False,False,False,False,True,False,False,False,False
3312,93,237,99758.46,capture,,0.1283669539,2010,2022,2022,23601,True,False,False,False,False,False,False,False,True,False,False,False,False
3313,93,237,140741,capture,,0.05975269421,2010,2022,2022,23601,True,False,False,False,False,False,False,False,False,True,False,False,True
3314,93,237,213794.15,capture,,-0.06900005804,2010,2022,2022,23601,True,False,False,False,False,False,False,False,False,True,False,False,True
3315,93,237,364803.75,capture,,-0.2655202106,2010,2022,2022,23601,True,False,False,False,False,False,False,False,False,True,False,False,True
3316,93,237,770144.85,capture,,-0.691008971,2010,2022,2022,23601,True,False,False,False,False,False,False,False,False,True,False,False,True
3317,93,237,3197256.011,total,,0.8894501778,2010,2024,2024,14825,False,False,False,False,True,False,False,False,False,False,True,False,True
3318,93,237,3443188.928,total,,0.8934676956,2010,2024,2024,14825,False,False,False,False,True,False,False,False,False,False,True,False,True
3319,93,237,3800806.754,total,,0.8949844392,2010,2024,2024,14825,False,False,False,False,True,False,False,False,False,False,True,False,True
3320,93,237,4195648.579,total,,0.8922713468,2010,2024,2024,14825,False,False,False,False,True,False,False,False,False,False,True,False,True
3321,93,237,4631234.391,total,,0.8853866662,2010,2024,2024,14825,False,False,False,False,True,False,False,False,False,False,True,False,True
3322,93,237,5111800.312,total,,0.8753246555,2010,2024,2024,14825,False,False,False,False,True,False,False,False,False,False,True,False,True
3323,93,237,5642348.084,total,,0.8588739159,2010,2024,2024,14825,False,False,False,False,True,False,False,False,False,False,True,False,True
3324,93,237,6228380.123,total,,0.8419394981,2010,2024,2024,14825,False,False,False,False,True,False,False,False,False,False,True,False,True
3325,93,237,6874632.714,total,,0.8216739847,2010,2024,2024,14825,False,False,False,False,True,False,False,False,False,False,True,False,True
3326,93,237,7588608.563,total,,0.8047934494,2010,2024,2024,14825,False,False,False,False,True,False,False,False,False,False,True,False,True
3327,93,237,8376063.032,total,,0.7869784449,2010,2024,2024,14825,False,False,False,False,True,False,False,False,False,False,True,False,True
3328,93,237,9245974.85,total,,0.7720942294,2010,2024,2024,14825,False,False,False,False,True,False,False,False,False,False,True,False,True
3329,93,237,10204877.47,total,,0.7632201564,2010,2024,2024,14825,False,False,False,False,True,False,False,False,False,False,False,True,True
3330,93,237,11407130.04,total,,0.7563058885,2010,2024,2024,14825,False,False,False,False,True,False,False,False,False,False,False,True,True
3331,93,237,12745104.86,total,,0.7548870465,2010,2024,2024,14825,False,False,False,False,True,False,False,False,False,False,False,True,True
3332,93,237,14069683.68,total,,0.7589705258,2010,2024,2024,14825,False,False,False,False,True,False,False,False,False,False,False,True,True
3333,93,237,15526596.21,total,,0.767391509,2010,2024,2024,14825,False,False,False,False,True,False,False,False,False,False,False,True,True
3334,93,237,17140978.38,total,,0.7772219524,2010,2024,2024,14825,False,False,False,False,True,False,False,False,False,False,False,True,True
3335,93,237,18920296.75,total,,0.7845263594,2010,2024,2024,14825,False,False,False,False,True,False,False,False,False,False,False,True,True
3336,94,238,1129.47,capture,,0.6853179829,2010,2013,2013,14364,True,False,False,False,False,False,False,True,False,False,False,False,False
3337,94,238,1421.91,capture,,0.624721326,2010,2013,2013,14364,True,False,False,False,False,False,False,True,False,False,False,False,False
3338,94,238,1790.08,capture,,0.524967016,2010,2013,2013,14364,True,False,False,False,False,False,False,True,False,False,False,False,False
3339,94,238,2253.57,capture,,0.5895128544,2010,2013,2013,14364,True,False,False,False,False,False,False,True,False,False,False,False,False
3340,94,238,2837.09,capture,,0.373546419,2010,2013,2013,14364,True,False,False,False,False,False,False,True,False,False,False,False,False
3341,94,238,3571.68,capture,,0.3551947373,2010,2013,2013,14364,True,False,False,False,False,False,False,True,False,False,False,False,False
3342,94,238,4496.47,capture,,0.2796053538,2010,2013,2013,14364,True,False,False,False,False,False,False,True,False,False,False,False,False
3343,94,238,5660.72,capture,,0.2751062546,2010,2013,2013,14364,True,False,False,False,False,False,False,True,False,False,False,False,False
3344,94,238,7126.42,capture,,0.1618469595,2010,2013,2013,14364,True,False,False,False,False,False,False,True,False,False,False,False,False
3345,94,238,8971.64,capture,,0.05119498472,2010,2013,2013,14364,True,False,False,False,False,False,False,True,False,False,False,False,False
3346,94,238,11294.6,capture,,0.1307517768,2010,2013,2013,14364,True,False,False,False,False,False,False,False,True,False,False,False,False
3347,94,238,14219.1,capture,,0.05434488877,2010,2013,2013,14364,True,False,False,False,False,False,False,False,True,False,False,False,False
3348,94,238,17900.8,capture,,0.05485043463,2010,2013,2013,14364,True,False,False,False,False,False,False,False,True,False,False,False,False
3349,94,238,22535.8,capture,,-0.08499294879,2010,2013,2013,14364,True,False,False,False,False,False,False,False,True,False,False,False,False
3350,94,238,28370.8,capture,,0.02035299451,2010,2013,2013,14364,True,False,False,False,False,False,False,False,True,False,False,False,False
3351,94,238,35716.8,capture,,-0.2170131203,2010,2013,2013,14364,True,False,False,False,False,False,False,False,True,False,False,False,False
3352,94,238,44964.7,capture,,-0.2196970926,2010,2013,2013,14364,True,False,False,False,False,False,False,False,True,False,False,False,False
3353,94,238,56607.2,capture,,-0.2857255786,2010,2013,2013,14364,True,False,False,False,False,False,False,False,True,False,False,False,False
3354,94,238,71264.2,capture,,-0.05071052708,2010,2013,2013,14364,True,False,False,False,False,False,False,False,True,False,False,False,False
3355,94,238,89716.4,capture,,-0.2415074723,2010,2013,2013,14364,True,False,False,False,False,False,False,False,True,False,False,False,False
3356,94,238,112946,capture,,-0.3272521111,2010,2013,2013,14364,True,False,False,False,False,False,False,False,False,True,False,False,True
3357,94,238,142191,capture,,-0.2762775938,2010,2013,2013,14364,True,False,False,False,False,False,False,False,False,True,False,False,True
3358,94,238,179008,capture,,-0.2235501695,2010,2013,2013,14364,True,False,False,False,False,False,False,False,False,True,False,False,True
3359,94,238,225358,capture,,-0.1619226246,2010,2013,2013,14364,True,False,False,False,False,False,False,False,False,True,False,False,True
3360,94,238,283708,capture,,-0.221591868,2010,2013,2013,14364,True,False,False,False,False,False,False,False,False,True,False,False,True
3361,94,239,1060,capture,,0.6106601631,2010,2018,2022,14794,True,False,False,False,False,False,False,True,False,False,False,False,False
3362,94,239,1190,capture,,0.5477747054,2010,2018,2022,14794,True,False,False,False,False,False,False,True,False,False,False,False,False
3363,94,239,1335,capture,,0.532754379,2010,2018,2022,14794,True,False,False,False,False,False,False,True,False,False,False,False,False
3364,94,239,1495,capture,,0.5943925504,2010,2018,2022,14794,True,False,False,False,False,False,False,True,False,False,False,False,False
3365,94,239,1680,capture,,0.6683859167,2010,2018,2022,14794,True,False,False,False,False,False,False,True,False,False,False,False,False
3366,94,239,1890,capture,,0.5965970956,2010,2018,2022,14794,True,False,False,False,False,False,False,True,False,False,False,False,False
3367,94,239,2120,capture,,0.5078558717,2010,2018,2022,14794,True,False,False,False,False,False,False,True,False,False,False,False,False
3368,94,239,2375,capture,,0.4983105538,2010,2018,2022,14794,True,False,False,False,False,False,False,True,False,False,False,False,False
3369,94,239,2665,capture,,0.42975228,2010,2018,2022,14794,True,False,False,False,False,False,False,True,False,False,False,False,False
3370,94,239,2990,capture,,0.4563660331,2010,2018,2022,14794,True,False,False,False,False,False,False,True,False,False,False,False,False
3371,94,239,3355,capture,,0.3424226808,2010,2018,2022,14794,True,False,False,False,False,False,False,True,False,False,False,False,False
3372,94,239,3765,capture,,0.3201462861,2010,2018,2022,14794,True,False,False,False,False,False,False,True,False,False,False,False,False
3373,94,239,4225,capture,,0.3283796034,2010,2018,2022,14794,True,False,False,False,False,False,False,True,False,False,False,False,False
3374,94,239,4740,capture,,0.2624510897,2010,2018,2022,14794,True,False,False,False,False,False,False,True,False,False,False,False,False
3375,94,239,5315,capture,,0.2455126678,2010,2018,2022,14794,True,False,False,False,False,False,False,True,False,False,False,False,False
3376,94,239,5965,capture,,0.2430380487,2010,2018,2022,14794,True,False,False,False,False,False,False,True,False,False,False,False,False
3377,94,239,6695,capture,,0.1931245984,2010,2018,2022,14794,True,False,False,False,False,False,False,True,False,False,False,False,False
3378,94,239,7510,capture,,0.1172712957,2010,2018,2022,14794,True,False,False,False,False,False,False,True,False,False,False,False,False
3379,94,239,8425,capture,,0.07918124605,2010,2018,2022,14794,True,False,False,False,False,False,False,True,False,False,False,False,False
3380,94,239,9455,capture,,0.02530586526,2010,2018,2022,14794,True,False,False,False,False,False,False,True,False,False,False,False,False
3381,94,239,10600,capture,,0,2010,2018,2022,14794,True,False,False,False,False,False,False,False,True,False,False,False,False
3382,94,239,11850,capture,,-0.03151705145,2010,2018,2022,14794,True,False,False,False,False,False,False,False,True,False,False,False,False
3383,94,239,13300,capture,,-0.08618614762,2010,2018,2022,14794,True,False,False,False,False,False,False,False,True,False,False,False,False
3384,94,239,14950,capture,,-0.1135092748,2010,2018,2022,14794,True,False,False,False,False,False,False,False,True,False,False,False,False
3385,94,239,16750,capture,,-0.1307682803,2010,2018,2022,14794,True,False,False,False,False,False,False,False,True,False,False,False,False
3386,94,239,20000,capture,,-0.1804560645,2010,2018,2022,14794,True,False,False,False,False,False,False,False,True,False,False,False,False
3387,94,239,23700,capture,,-0.2291479884,2010,2018,2022,14794,True,False,False,False,False,False,False,False,True,False,False,False,False
3388,94,239,26600,capture,,-0.2924298239,2010,2018,2022,14794,True,False,False,False,False,False,False,False,True,False,False,False,False
3389,94,239,29850,capture,,-0.3010299957,2010,2018,2022,14794,True,False,False,False,False,False,False,False,True,False,False,False,False
3390,94,239,33500,capture,,-0.3187587626,2010,2018,2022,14794,True,False,False,False,False,False,False,False,True,False,False,False,False
3391,94,239,37600,capture,,-0.3767507096,2010,2018,2022,14794,True,False,False,False,False,False,False,False,True,False,False,False,False
3392,94,239,42200,capture,,-0.3979400087,2010,2018,2022,14794,True,False,False,False,False,False,False,False,True,False,False,False,False
3393,94,239,47350,capture,,-0.4436974992,2010,2018,2022,14794,True,False,False,False,False,False,False,False,True,False,False,False,False
3394,94,239,53150,capture,,-0.468521083,2010,2018,2022,14794,True,False,False,False,False,False,False,False,True,False,False,False,False
3395,94,239,59650,capture,,-0.5228787453,2010,2018,2022,14794,True,False,False,False,False,False,False,False,True,False,False,False,False
3396,94,239,66900,capture,,-0.5376020021,2010,2018,2022,14794,True,False,False,False,False,False,False,False,True,False,False,False,False
3397,94,239,75050,capture,,-0.5528419687,2010,2018,2022,14794,True,False,False,False,False,False,False,False,True,False,False,False,False
3398,94,239,84250,capture,,-0.5528419687,2010,2018,2022,14794,True,False,False,False,False,False,False,False,True,False,False,False,False
3399,94,239,106000,capture,,-0.6197887583,2010,2018,2022,14794,True,False,False,False,False,False,False,False,False,True,False,False,True
3400,94,239,118500,capture,,-0.638272164,2010,2018,2022,14794,True,False,False,False,False,False,False,False,False,True,False,False,True
3401,94,239,133000,capture,,-0.6575773192,2010,2018,2022,14794,True,False,False,False,False,False,False,False,False,True,False,False,True
3402,94,239,149500,capture,,-0.6777807053,2010,2018,2022,14794,True,False,False,False,False,False,False,False,False,True,False,False,True
3403,94,239,167500,capture,,-0.6861327796,2010,2018,2022,14794,True,False,False,False,False,False,False,False,False,True,False,False,True
3404,94,239,188000,capture,,-0.6968039426,2010,2018,2022,14794,True,False,False,False,False,False,False,False,False,True,False,False,True
3405,94,239,211000,capture,,-0.7235381958,2010,2018,2022,14794,True,False,False,False,False,False,False,False,False,True,False,False,True
3406,94,239,237000,capture,,-0.7594507517,2010,2018,2022,14794,True,False,False,False,False,False,False,False,False,True,False,False,True
3407,94,239,266000,capture,,-0.7986028757,2010,2018,2022,14794,True,False,False,False,False,False,False,False,False,True,False,False,True
3408,94,239,298500,capture,,-0.8068754016,2010,2018,2022,14794,True,False,False,False,False,False,False,False,False,True,False,False,True
3409,94,239,335000,capture,,-0.876148359,2010,2018,2022,14794,True,False,False,False,False,False,False,False,False,True,False,False,True
3410,94,239,376000,capture,,-0.8827287043,2010,2018,2022,14794,True,False,False,False,False,False,False,False,False,True,False,False,True
3411,94,239,422000,capture,,-0.8996294549,2010,2018,2022,14794,True,False,False,False,False,False,False,False,False,True,False,False,True
3412,94,239,473500,capture,,-0.9469215565,2010,2018,2022,14794,True,False,False,False,False,False,False,False,False,True,False,False,True
3413,94,239,531500,capture,,-1.004364805,2010,2018,2022,14794,True,False,False,False,False,False,False,False,False,True,False,False,True
3414,94,239,596000,capture,,-1.026872146,2010,2018,2022,14794,True,False,False,False,False,False,False,False,False,True,False,False,True
3415,94,239,668500,capture,,-1.107905397,2010,2018,2022,14794,True,False,False,False,False,False,False,False,False,True,False,False,True
3416,94,239,750500,capture,,-1.091514981,2010,2018,2022,14794,True,False,False,False,False,False,False,False,False,True,False,False,True
3417,94,239,842500,capture,,-1.27572413,2010,2018,2022,14794,True,False,False,False,False,False,False,False,False,True,False,False,True
3418,94,239,945500,capture,,-1.283996656,2010,2018,2022,14794,True,False,False,False,False,False,False,False,False,True,False,False,True
3419,94,239,1061000,capture,,-1.37675071,2010,2018,2022,14794,True,False,False,False,False,False,False,False,False,False,True,False,True
3420,94,239,1190000,capture,,-1.537602002,2010,2018,2022,14794,True,False,False,False,False,False,False,False,False,False,True,False,True
3421,94,239,1335000,capture,,-1.552841969,2010,2018,2022,14794,True,False,False,False,False,False,False,False,False,False,True,False,True
3422,94,239,7100000,n2n,,-0.8477116556,2010,2021,2022,23777,False,True,False,False,False,False,False,False,False,False,True,False,True
3423,94,239,7720000,n2n,,-0.6834006979,2010,2021,2022,23777,False,True,False,False,False,False,False,False,False,False,True,False,True
3424,94,239,9340000,n2n,,-0.57024772,2010,2021,2022,23777,False,True,False,False,False,False,False,False,False,False,True,False,True
3425,94,239,3433928.556,total,,0.8946907385,2010,2024,2024,14825,False,False,False,False,True,False,False,False,False,False,True,False,True
3426,94,239,3879349.172,total,,0.894792196,2010,2024,2024,14825,False,False,False,False,True,False,False,False,False,False,True,False,True
3427,94,239,4277223.632,total,,0.8927149778,2010,2024,2024,14825,False,False,False,False,True,False,False,False,False,False,True,False,True
3428,94,239,4715597.947,total,,0.8867698248,2010,2024,2024,14825,False,False,False,False,True,False,False,False,False,False,True,False,True
3429,94,239,5198961.242,total,,0.8748817179,2010,2024,2024,14825,False,False,False,False,True,False,False,False,False,False,True,False,True
3430,94,239,5731802.683,total,,0.8602361601,2010,2024,2024,14825,False,False,False,False,True,False,False,False,False,False,True,False,True
3431,94,239,6319123.753,total,,0.8420504125,2010,2024,2024,14825,False,False,False,False,True,False,False,False,False,False,True,False,True
3432,94,239,6966926.223,total,,0.8228673581,2010,2024,2024,14825,False,False,False,False,True,False,False,False,False,False,True,False,True
3433,94,239,7681211.884,total,,0.8060374477,2010,2024,2024,14825,False,False,False,False,True,False,False,False,False,False,True,False,True
3434,94,239,8468470.464,total,,0.7901056373,2010,2024,2024,14825,False,False,False,False,True,False,False,False,False,False,True,False,True
3435,94,239,9336216.418,total,,0.7756504901,2010,2024,2024,14825,False,False,False,False,True,False,False,False,False,False,True,False,True
3436,94,239,10296965.57,total,,0.7659292022,2010,2024,2024,14825,False,False,False,False,True,False,False,False,False,False,False,True,True
3437,94,239,11346545.73,total,,0.7612924624,2010,2024,2024,14825,False,False,False,False,True,False,False,False,False,False,False,True,True
3438,94,239,12511282.91,total,,0.7567501811,2010,2024,2024,14825,False,False,False,False,True,False,False,False,False,False,False,True,True
3439,94,239,13790931.8,total,,0.7621043756,2010,2024,2024,14825,False,False,False,False,True,False,False,False,False,False,False,True,True
3440,94,239,15205499.01,total,,0.7718042066,2010,2024,2024,14825,False,False,False,False,True,False,False,False,False,False,False,True,True
3441,94,239,16764987.32,total,,0.7792464618,2010,2024,2024,14825,False,False,False,False,True,False,False,False,False,False,False,True,True
3442,94,239,18484523.26,total,,0.7833496436,2010,2024,2024,14825,False,False,False,False,True,False,False,False,False,False,False,True,True
3443,94,239,19890000,total,,0.7895807122,2010,2024,2024,14825,False,False,False,False,True,False,False,False,False,False,False,True,True
3444,94,242,1510.487019,capture,,0.1314489548,2010,2016,2016,14456,True,False,False,False,False,False,False,True,False,False,False,False,False
3445,94,242,1795.217187,capture,,0.02207807229,2010,2016,2016,14456,True,False,False,False,False,False,False,True,False,False,False,False,False
3446,94,242,2133.619625,capture,,0.1161353413,2010,2016,2016,14456,True,False,False,False,False,False,False,True,False,False,False,False,False
3447,94,242,2535.811677,capture,,-0.02477642701,2010,2016,2016,14456,True,False,False,False,False,False,False,True,False,False,False,False,False
3448,94,242,3013.817826,capture,,0.06543255994,2010,2016,2016,14456,True,False,False,False,False,False,False,True,False,False,False,False,False
3449,94,242,3581.9292,capture,,-0.03101440141,2010,2016,2016,14456,True,False,False,False,False,False,False,True,False,False,False,False,False
3450,94,242,4257.130832,capture,,-0.04031527863,2010,2016,2016,14456,True,False,False,False,False,False,False,True,False,False,False,False,False
3451,94,242,5059.609476,capture,,-0.05709054323,2010,2016,2016,14456,True,False,False,False,False,False,False,True,False,False,False,False,False
3452,94,242,6013.357133,capture,,-0.1865304346,2010,2016,2016,14456,True,False,False,False,False,False,False,True,False,False,False,False,False
3453,94,242,7146.888346,capture,,-0.1939163958,2010,2016,2016,14456,True,False,False,False,False,False,False,True,False,False,False,False,False
3454,94,242,8824.001056,capture,,-0.3546013129,2010,2016,2016,14456,True,False,False,False,False,False,False,True,False,False,False,False,False
3455,94,242,10817.25324,capture,,-0.4640517657,2010,2016,2016,14456,True,False,False,False,False,False,False,False,True,False,False,False,False
3456,94,242,12856.32958,capture,,-0.3667669352,2010,2016,2016,14456,True,False,False,False,False,False,False,False,True,False,False,False,False
3457,94,242,15279.77634,capture,,-0.3902114288,2010,2016,2016,14456,True,False,False,False,False,False,False,False,True,False,False,False,False
3458,94,242,18160.04821,capture,,-0.4381202091,2010,2016,2016,14456,True,False,False,False,False,False,False,False,True,False,False,False,False
3459,94,242,21583.25775,capture,,-0.3216482691,2010,2016,2016,14456,True,False,False,False,False,False,False,False,True,False,False,False,False
3460,94,242,25651.74991,capture,,-0.5434988403,2010,2016,2016,14456,True,False,False,False,False,False,False,False,True,False,False,False,False
3461,94,242,30487.16191,capture,,-0.5189086758,2010,2016,2016,14456,True,False,False,False,False,False,False,False,True,False,False,False,False
3462,94,242,36234.05984,capture,,-0.5933763749,2010,2016,2016,14456,True,False,False,False,False,False,False,False,True,False,False,False,False
3463,95,241,1053.840377,capture,,1.091806835,2010,2018,2018,23369,True,False,False,False,False,False,False,True,False,False,False,False,False
3464,95,241,1155.51123,capture,,1.084169674,2010,2018,2018,23369,True,False,False,False,False,False,False,True,False,False,False,False,False
3465,95,241,1276.752538,capture,,1.046777523,2010,2018,2018,23369,True,False,False,False,False,False,False,True,False,False,False,False,False
3466,95,241,1410.721033,capture,,0.9852332367,2010,2018,2018,23369,True,False,False,False,False,False,False,True,False,False,False,False,False
3467,95,241,1558.738879,capture,,0.957060946,2010,2018,2018,23369,True,False,False,False,False,False,False,True,False,False,False,False,False
3468,95,241,1722.289781,capture,,0.9108887781,2010,2018,2018,23369,True,False,False,False,False,False,False,True,False,False,False,False,False
3469,95,241,1903.00236,capture,,0.9157776525,2010,2018,2018,23369,True,False,False,False,False,False,False,True,False,False,False,False,False
3470,95,241,2102.678174,capture,,0.9118666437,2010,2018,2018,23369,True,False,False,False,False,False,False,True,False,False,False,False,False
3471,95,241,2323.302115,capture,,0.8861396831,2010,2018,2018,23369,True,False,False,False,False,False,False,True,False,False,False,False,False
3472,95,241,2567.076965,capture,,0.8432456551,2010,2018,2018,23369,True,False,False,False,False,False,False,True,False,False,False,False,False
3473,95,241,2836.428795,capture,,0.8227005298,2010,2018,2018,23369,True,False,False,False,False,False,False,True,False,False,False,False,False
3474,95,241,3134.043747,capture,,0.8303890098,2010,2018,2018,23369,True,False,False,False,False,False,False,True,False,False,False,False,False
3475,95,241,3462.882121,capture,,0.7588982732,2010,2018,2018,23369,True,False,False,False,False,False,False,True,False,False,False,False,False
3476,95,241,3826.225024,capture,,0.7311179572,2010,2018,2018,23369,True,False,False,False,False,False,False,True,False,False,False,False,False
3477,95,241,4227.694529,capture,,0.7088861485,2010,2018,2018,23369,True,False,False,False,False,False,False,True,False,False,False,False,False
3478,95,241,4671.286271,capture,,0.6877384778,2010,2018,2018,23369,True,False,False,False,False,False,False,True,False,False,False,False,False
3479,95,241,5161.422941,capture,,0.6536613285,2010,2018,2018,23369,True,False,False,False,False,False,False,True,False,False,False,False,False
3480,95,241,5702.984259,capture,,0.6275413144,2010,2018,2018,23369,True,False,False,False,False,False,False,True,False,False,False,False,False
3481,95,241,6301.369935,capture,,0.6213297272,2010,2018,2018,23369,True,False,False,False,False,False,False,True,False,False,False,False,False
3482,95,241,6962.54387,capture,,0.6014169406,2010,2018,2018,23369,True,False,False,False,False,False,False,True,False,False,False,False,False
3483,95,241,7693.086124,capture,,0.5971548019,2010,2018,2018,23369,True,False,False,False,False,False,False,True,False,False,False,False,False
3484,95,241,8500.282873,capture,,0.5530162016,2010,2018,2018,23369,True,False,False,False,False,False,False,True,False,False,False,False,False
3485,95,241,9392.175281,capture,,0.5668925095,2010,2018,2018,23369,True,False,False,False,False,False,False,True,False,False,False,False,False
3486,95,241,23500,capture,,0.434568904,2010,2023,2023,23606,True,False,False,False,False,False,False,False,True,False,False,False,False
3487,95,241,51500,capture,,0.3304137733,2010,2023,2023,23606,True,False,False,False,False,False,False,False,True,False,False,False,False
3488,95,241,127700,capture,,0.1205739312,2010,2023,2023,23606,True,False,False,False,False,False,False,False,False,True,False,False,True
3489,95,241,1041.128371,capture,,1.146748014,2010,2024,2025,23620,True,False,False,False,False,False,False,True,False,False,False,False,False
3490,95,241,1148.579498,capture,,1.09852836,2010,2024,2025,23620,True,False,False,False,False,False,False,True,False,False,False,False,False
3491,95,241,1273.571169,capture,,1.089551883,2010,2024,2025,23620,True,False,False,False,False,False,False,True,False,False,False,False,False
3492,95,241,1420.140065,capture,,1.044931546,2010,2024,2025,23620,True,False,False,False,False,False,False,True,False,False,False,False,False
3493,95,241,1562.269623,capture,,1.036029731,2010,2024,2025,23620,True,False,False,False,False,False,False,True,False,False,False,False,False
3494,95,241,1727.443179,capture,,0.9879640328,2010,2024,2025,23620,True,False,False,False,False,False,False,True,False,False,False,False,False
3495,95,241,1919.561574,capture,,1.01911629,2010,2024,2025,23620,True,False,False,False,False,False,False,True,False,False,False,False,False
3496,95,241,2097.647087,capture,,0.9997827985,2010,2024,2025,23620,True,False,False,False,False,False,False,True,False,False,False,False,False
3497,95,241,2301.726714,capture,,0.98788961,2010,2024,2025,23620,True,False,False,False,False,False,False,True,False,False,False,False,False
3498,95,241,2474.619,capture,,0.903089987,2010,2024,2025,23620,True,False,False,False,False,False,False,True,False,False,False,False,False
3499,95,241,2810.578045,capture,,0.8779469516,2010,2024,2025,23620,True,False,False,False,False,False,False,True,False,False,False,False,False
3500,95,241,3130.78131,capture,,0.8512583487,2010,2024,2025,23620,True,False,False,False,False,False,False,True,False,False,False,False,False
3501,95,241,3509.030763,capture,,0.656098202,2010,2024,2025,23620,True,False,False,False,False,False,False,True,False,False,False,False,False
3502,95,241,3838.7155,capture,,0.806179974,2010,2024,2025,23620,True,False,False,False,False,False,False,True,False,False,False,False,False
3503,95,241,4219.267447,capture,,0.7948364578,2010,2024,2025,23620,True,False,False,False,False,False,False,True,False,False,False,False,False
3504,95,241,4656.853,capture,,0.7015679851,2010,2024,2025,23620,True,False,False,False,False,False,False,True,False,False,False,False,False
3505,95,241,5169.404838,capture,,0.7976137302,2010,2024,2025,23620,True,False,False,False,False,False,False,True,False,False,False,False,False
3506,95,241,5767.687,capture,,0.6674529529,2010,2024,2025,23620,True,False,False,False,False,False,False,True,False,False,False,False,False
3507,95,241,6227.672,capture,,0.6848453616,2010,2024,2025,23620,True,False,False,False,False,False,False,True,False,False,False,False,False
3508,95,241,7031.290772,capture,,0.6910814921,2010,2024,2025,23620,True,False,False,False,False,False,False,True,False,False,False,False,False
3509,95,241,7993.945,capture,,0.5965970956,2010,2024,2025,23620,True,False,False,False,False,False,False,True,False,False,False,False,False
3510,95,241,8752.878,capture,,0.6646419756,2010,2024,2025,23620,True,False,False,False,False,False,False,True,False,False,False,False,False
3511,95,241,9625.43,capture,,0.622214023,2010,2024,2025,23620,True,False,False,False,False,False,False,True,False,False,False,False,False
3512,95,241,10635.5005,capture,,0.6937269489,2010,2024,2025,23620,True,False,False,False,False,False,False,False,True,False,False,False,False
3513,95,241,11813.645,capture,,0.4727564493,2010,2024,2025,23620,True,False,False,False,False,False,False,False,True,False,False,False,False
3514,95,241,13199.425,capture,,0.480006943,2010,2024,2025,23620,True,False,False,False,False,False,False,False,True,False,False,False,False
3515,95,241,14844.76,capture,,0.4048337166,2010,2024,2025,23620,True,False,False,False,False,False,False,False,True,False,False,False,False
3516,95,241,16818.965,capture,,0.4727564493,2010,2024,2025,23620,True,False,False,False,False,False,False,False,True,False,False,False,False
3517,95,241,19216.19,capture,,0.4517864355,2010,2024,2025,23620,True,False,False,False,False,False,False,False,True,False,False,False,False
3518,95,241,22166.975,capture,,0.4048337166,2010,2024,2025,23620,True,False,False,False,False,False,False,False,True,False,False,False,False
3519,95,241,25856.625,capture,,0.3138672204,2010,2024,2025,23620,True,False,False,False,False,False,False,False,True,False,False,False,False
3520,95,241,30555.405,capture,,0.3463529745,2010,2024,2025,23620,True,False,False,False,False,False,False,False,True,False,False,False,False
3521,95,241,36670.245,capture,,0.4248816366,2010,2024,2025,23620,True,False,False,False,False,False,False,False,True,False,False,False,False
3522,95,241,44837.485,capture,,0.3304137733,2010,2024,2025,23620,True,False,False,False,False,False,False,False,True,False,False,False,False
3523,95,241,56099.02,capture,,0.3384564936,2010,2024,2025,23620,True,False,False,False,False,False,False,False,True,False,False,False,False
3524,95,241,72260.66,capture,,0.2479732664,2010,2024,2025,23620,True,False,False,False,False,False,False,False,True,False,False,False,False
3525,95,241,96688.115,capture,,0.05307844348,2010,2024,2025,23620,True,False,False,False,False,False,False,False,True,False,False,False,False
3526,95,241,136288.415,capture,,0.1430148003,2010,2024,2025,23620,True,False,False,False,False,False,False,False,False,True,False,False,True
3527,95,241,207277.8,capture,,0.1367205672,2010,2024,2025,23620,True,False,False,False,False,False,False,False,False,True,False,False,True
3528,95,241,356323.6,capture,,-0.1307682803,2010,2024,2025,23620,True,False,False,False,False,False,False,False,False,True,False,False,True
3529,95,241,774386.6,capture,,-0.4948500217,2010,2024,2025,23620,True,False,False,False,False,False,False,False,False,True,False,False,True
3530,95,241,10394869.26,n2n,,-0.651695137,2010,2016,2016,23289,False,True,False,False,False,False,False,False,False,False,False,True,True
3531,95,241,17100000,n2n,,-0.8696662315,2010,2016,2016,23289,False,True,False,False,False,False,False,False,False,False,False,True,True
3532,95,241,14800000,n2n,,-0.57024772,2010,2019,2025,32859,False,True,False,False,False,False,False,False,False,False,False,True,True
3533,95,241,13831321.08,n2n,,-0.6363880201,2010,2016,2016,41614,False,True,False,False,False,False,False,False,False,False,False,True,True
3534,95,241,14796471.73,n2n,,-0.6917914197,2010,2016,2016,41614,False,True,False,False,False,False,False,False,False,False,False,True,True
3535,95,243,1034.96676,capture,,1.17865214,2010,2014,2014,23254,True,False,False,False,False,False,False,True,False,False,False,False,False
3536,95,243,1161.251804,capture,,1.041863067,2010,2014,2014,23254,True,False,False,False,False,False,False,True,False,False,False,False,False
3537,95,243,1302.94595,capture,,0.8879393576,2010,2014,2014,23254,True,False,False,False,False,False,False,True,False,False,False,False,False
3538,95,243,1406.88867,capture,,0.8510869215,2010,2014,2014,23254,True,False,False,False,False,False,False,True,False,False,False,False,False
3539,95,243,1519.12345,capture,,0.9391891632,2010,2014,2014,23254,True,False,False,False,False,False,False,True,False,False,False,False,False
3540,95,243,1704.484542,capture,,0.9315089507,2010,2014,2014,23254,True,False,False,False,False,False,False,True,False,False,False,False,False
3541,95,243,1912.46311,capture,,0.9397340505,2010,2014,2014,23254,True,False,False,False,False,False,False,True,False,False,False,False,False
3542,95,243,2065.03017,capture,,0.9470774151,2010,2014,2014,23254,True,False,False,False,False,False,False,True,False,False,False,False,False
3543,95,243,2317.001954,capture,,0.7698617595,2010,2014,2014,23254,True,False,False,False,False,False,False,True,False,False,False,False,False
3544,95,243,23400,capture,,0.4014005408,2010,2021,2022,23748,True,False,False,False,False,False,False,False,True,False,False,False,False
