row,Z,A,energy_ev,quantity,spectrum,label,freeze_year,pub_year,compiled_year,entry,sub:capture,sub:n2n,sub:np,sub:na,sub:total,sub:elastic,sub:inelastic,sub:< 10 keV,sub:10-100 keV,sub:0.1-1 MeV,sub:1-10 MeV,sub:> 10 MeV,sub:E >= 100 keV (DATEDEXAM post-hoc subset)
0,3,6,8170000,elastic,,0.05493463508,2006,2009,2016,32711,False,False,False,False,False,True,False,False,False,False,True,False,True
1,3,6,10270000,elastic,,0.02987461827,2006,2009,2016,32711,False,False,False,False,False,True,False,False,False,False,False,True,True
2,4,7,1292.45,np,,2.318683015,2006,2018,2018,23399,False,False,True,False,False,False,False,True,False,False,False,False,False
3,4,7,2048.39,np,,2.125767448,2006,2018,2018,23399,False,False,True,False,False,False,False,True,False,False,False,False,False
4,4,7,3246.48,np,,2.005557996,2006,2018,2018,23399,False,False,True,False,False,False,False,True,False,False,False,False,False
5,4,7,5145.32,np,,1.870378151,2006,2018,2018,23399,False,False,True,False,False,False,False,True,False,False,False,False,False
6,4,7,8154.79,np,,1.785527003,2006,2018,2018,23399,False,False,True,False,False,False,False,True,False,False,False,False,False
7,4,7,12924.5,np,,1.523628125,2006,2018,2018,23399,False,False,True,False,False,False,False,False,True,False,False,False,False
8,4,7,20483.9,np,,1.416677113,2006,2018,2018,23399,False,False,True,False,False,False,False,False,True,False,False,False,False
9,4,7,32464.8,np,,1.356637647,2006,2018,2018,23399,False,False,True,False,False,False,False,False,True,False,False,False,False
10,4,7,51453.2,np,,1.027251728,2006,2018,2018,23399,False,False,True,False,False,False,False,False,True,False,False,False,False
11,4,7,81547.9,np,,0.795431594,2006,2018,2018,23399,False,False,True,False,False,False,False,False,True,False,False,False,False
12,4,7,129245,np,,0.3990815701,2006,2018,2018,23399,False,False,True,False,False,False,False,False,False,True,False,False,True
13,4,7,204839,np,,0.5799892663,2006,2018,2018,23399,False,False,True,False,False,False,False,False,False,True,False,False,True
14,4,7,324648,np,,0.6018558249,2006,2018,2018,23399,False,False,True,False,False,False,False,False,False,True,False,False,True
15,4,9,7100000,elastic,,0.03630944372,2006,2007,2007,22973,False,False,False,False,False,True,False,False,False,False,True,False,True
16,4,9,8090000,elastic,,0.04229980741,2006,2007,2007,22973,False,False,False,False,False,True,False,False,False,False,True,False,True
17,4,9,9090000,elastic,,0.03310193666,2006,2007,2007,22973,False,False,False,False,False,True,False,False,False,False,True,False,True
18,4,9,9970000,elastic,,0.02995164204,2006,2007,2007,22973,False,False,False,False,False,True,False,False,False,False,True,False,True
19,4,9,5900000,elastic,,0.07408468903,2006,2009,2009,31671,False,False,False,False,False,True,False,False,False,False,True,False,True
20,4,9,6400000,elastic,,0.05499586153,2006,2009,2009,31671,False,False,False,False,False,True,False,False,False,False,True,False,True
21,4,9,14200000,n2n,,-0.412289035,2006,2007,2009,23055,False,True,False,False,False,False,False,False,False,False,False,True,True
22,4,9,23970,total,,0.7723950611,2006,2007,2007,14154,False,False,False,False,True,False,False,False,True,False,False,False,False
23,4,9,81940,total,,0.7357585374,2006,2007,2007,14154,False,False,False,False,True,False,False,False,True,False,False,False,False
24,4,9,127800,total,,0.7089305358,2006,2007,2007,14154,False,False,False,False,True,False,False,False,False,True,False,False,True
25,4,9,136900,total,,0.7024305364,2006,2007,2007,14154,False,False,False,False,True,False,False,False,False,True,False,False,True
26,4,9,167600,total,,0.6773331514,2006,2007,2007,14154,False,False,False,False,True,False,False,False,False,True,False,False,True
27,4,9,183200,total,,0.6748611407,2006,2007,2007,14154,False,False,False,False,True,False,False,False,False,True,False,False,True
28,4,9,218800,total,,0.6580113967,2006,2007,2007,14154,False,False,False,False,True,False,False,False,False,True,False,False,True
29,4,9,244100,total,,0.639984248,2006,2007,2007,14154,False,False,False,False,True,False,False,False,False,True,False,False,True
30,4,9,273300,total,,0.6273658566,2006,2007,2007,14154,False,False,False,False,True,False,False,False,False,True,False,False,True
31,4,9,307300,total,,0.6115108871,2006,2007,2007,14154,False,False,False,False,True,False,False,False,False,True,False,False,True
32,4,9,352600,total,,0.5926208213,2006,2007,2007,14154,False,False,False,False,True,False,False,False,False,True,False,False,True
33,4,9,374700,total,,0.5765716841,2006,2007,2007,14154,False,False,False,False,True,False,False,False,False,True,False,False,True
34,4,9,435100,total,,0.5541255815,2006,2007,2007,14154,False,False,False,False,True,False,False,False,False,True,False,False,True
35,4,9,466100,total,,0.5487578286,2006,2007,2007,14154,False,False,False,False,True,False,False,False,False,True,False,False,True
36,4,9,502240.7391,total,,0.5328180539,2006,2007,2007,14154,False,False,False,False,True,False,False,False,False,True,False,False,True
37,4,9,556800,total,,0.5474054597,2006,2007,2007,14154,False,False,False,False,True,False,False,False,False,True,False,False,True
38,4,9,608600,total,,0.7331169814,2006,2007,2007,14154,False,False,False,False,True,False,False,False,False,True,False,False,True
39,4,9,698300,total,,0.5400790888,2006,2007,2007,14154,False,False,False,False,True,False,False,False,False,True,False,False,True
40,4,9,941800,total,,0.53529412,2006,2007,2007,14154,False,False,False,False,True,False,False,False,False,True,False,False,True
41,4,9,23870,total,,0.7730546934,2006,2007,2007,14154,False,False,False,False,True,False,False,False,True,False,False,False,False
42,4,9,81630,total,,0.733919151,2006,2007,2007,14154,False,False,False,False,True,False,False,False,True,False,False,False,False
43,4,9,127900,total,,0.7057782128,2006,2007,2007,14154,False,False,False,False,True,False,False,False,False,True,False,False,True
44,4,9,136500,total,,0.7042363373,2006,2007,2007,14154,False,False,False,False,True,False,False,False,False,True,False,False,True
45,4,9,166900,total,,0.6820547771,2006,2007,2007,14154,False,False,False,False,True,False,False,False,False,True,False,False,True
46,4,9,182900,total,,0.6740340004,2006,2007,2007,14154,False,False,False,False,True,False,False,False,False,True,False,False,True
47,4,9,219600,total,,0.6559064182,2006,2007,2007,14154,False,False,False,False,True,False,False,False,False,True,False,False,True
48,4,9,243800,total,,0.6392872259,2006,2007,2007,14154,False,False,False,False,True,False,False,False,False,True,False,False,True
49,4,9,271900,total,,0.6267508537,2006,2007,2007,14154,False,False,False,False,True,False,False,False,False,True,False,False,True
50,4,9,307300,total,,0.6103407115,2006,2007,2007,14154,False,False,False,False,True,False,False,False,False,True,False,False,True
51,4,9,351200,total,,0.5938396611,2006,2007,2007,14154,False,False,False,False,True,False,False,False,False,True,False,False,True
52,4,9,373200,total,,0.5785246053,2006,2007,2007,14154,False,False,False,False,True,False,False,False,False,True,False,False,True
53,4,9,436900,total,,0.5671440452,2006,2007,2007,14154,False,False,False,False,True,False,False,False,False,True,False,False,True
54,4,9,466100,total,,0.5554572172,2006,2007,2007,14154,False,False,False,False,True,False,False,False,False,True,False,False,True
55,4,9,501233.6381,total,,0.53000749,2006,2007,2007,14154,False,False,False,False,True,False,False,False,False,True,False,False,True
56,4,9,556800,total,,0.5461723683,2006,2007,2007,14154,False,False,False,False,True,False,False,False,False,True,False,False,True
57,4,9,606200,total,,0.7383841235,2006,2007,2007,14154,False,False,False,False,True,False,False,False,False,True,False,False,True
58,4,9,698300,total,,0.5414544287,2006,2007,2007,14154,False,False,False,False,True,False,False,False,False,True,False,False,True
59,4,9,941800,total,,0.5359267414,2006,2007,2007,14154,False,False,False,False,True,False,False,False,False,True,False,False,True
60,4,9,23970,total,,0.771954749,2006,2007,2007,14154,False,False,False,False,True,False,False,False,True,False,False,False,False
61,4,9,81610,total,,0.7348798028,2006,2007,2007,14154,False,False,False,False,True,False,False,False,True,False,False,False,False
62,4,9,127800,total,,0.7042363373,2006,2007,2007,14154,False,False,False,False,True,False,False,False,False,True,False,False,True
63,4,9,136900,total,,0.7009631782,2006,2007,2007,14154,False,False,False,False,True,False,False,False,False,True,False,False,True
64,4,9,167600,total,,0.6866362693,2006,2007,2007,14154,False,False,False,False,True,False,False,False,False,True,False,False,True
65,4,9,183200,total,,0.6743098889,2006,2007,2007,14154,False,False,False,False,True,False,False,False,False,True,False,False,True
66,4,9,218800,total,,0.654369091,2006,2007,2007,14154,False,False,False,False,True,False,False,False,False,True,False,False,True
67,4,9,243100,total,,0.6421676344,2006,2007,2007,14154,False,False,False,False,True,False,False,False,False,True,False,False,True
68,4,9,272200,total,,0.6268534147,2006,2007,2007,14154,False,False,False,False,True,False,False,False,False,True,False,False,True
69,4,9,306100,total,,0.6091673743,2006,2007,2007,14154,False,False,False,False,True,False,False,False,False,True,False,False,True
70,4,9,351200,total,,0.591954555,2006,2007,2007,14154,False,False,False,False,True,False,False,False,False,True,False,False,True
71,4,9,374700,total,,0.5790973266,2006,2007,2007,14154,False,False,False,False,True,False,False,False,False,True,False,False,True
72,4,9,436900,total,,0.5626496722,2006,2007,2007,14154,False,False,False,False,True,False,False,False,False,True,False,False,True
73,4,9,468000,total,,0.5454308295,2006,2007,2007,14154,False,False,False,False,True,False,False,False,False,True,False,False,True
74,4,9,501233.6381,total,,0.5331362883,2006,2007,2007,14154,False,False,False,False,True,False,False,False,False,True,False,False,True
75,4,9,561300,total,,0.5407047833,2006,2007,2007,14154,False,False,False,False,True,False,False,False,False,True,False,False,True
76,4,9,606200,total,,0.7327153403,2006,2007,2007,14154,False,False,False,False,True,False,False,False,False,True,False,False,True
77,4,9,698300,total,,0.5420781463,2006,2007,2007,14154,False,False,False,False,True,False,False,False,False,True,False,False,True
78,4,9,938000,total,,0.5282737772,2006,2007,2007,14154,False,False,False,False,True,False,False,False,False,True,False,False,True
79,4,9,400149.9844,total,,0.5783526415,2006,2012,2012,14349,False,False,False,False,True,False,False,False,False,True,False,False,True
80,4,9,420699.3978,total,,0.5670568034,2006,2012,2012,14349,False,False,False,False,True,False,False,False,False,True,False,False,True
81,4,9,464943.149,total,,0.5520503331,2006,2012,2012,14349,False,False,False,False,True,False,False,False,False,True,False,False,True
82,4,9,513851.4322,total,,0.5395460412,2006,2012,2012,14349,False,False,False,False,True,False,False,False,False,True,False,False,True
83,4,9,567862.8032,total,,0.5623008232,2006,2012,2012,14349,False,False,False,False,True,False,False,False,False,True,False,False,True
84,4,9,627542.8067,total,,0.7492724083,2006,2012,2012,14349,False,False,False,False,True,False,False,False,False,True,False,False,True
85,4,9,693557.0319,total,,0.5535650836,2006,2012,2012,14349,False,False,False,False,True,False,False,False,False,True,False,False,True
86,4,9,766539.605,total,,0.5458822268,2006,2012,2012,14349,False,False,False,False,True,False,False,False,False,True,False,False,True
87,4,9,847179.6132,total,,0.5734163206,2006,2012,2012,14349,False,False,False,False,True,False,False,False,False,True,False,False,True
88,4,9,936207.4642,total,,0.5341350938,2006,2012,2012,14349,False,False,False,False,True,False,False,False,False,True,False,False,True
89,4,9,1034903.428,total,,0.5141783431,2006,2012,2012,14349,False,False,False,False,True,False,False,False,False,False,True,False,True
90,4,9,1143832.667,total,,0.4772797777,2006,2012,2012,14349,False,False,False,False,True,False,False,False,False,False,True,False,True
91,4,9,1263964.12,total,,0.4290770483,2006,2012,2012,14349,False,False,False,False,True,False,False,False,False,False,True,False,True
92,4,9,1396717.53,total,,0.3733379527,2006,2012,2012,14349,False,False,False,False,True,False,False,False,False,False,True,False,True
93,4,9,1543480.275,total,,0.3140293613,2006,2012,2012,14349,False,False,False,False,True,False,False,False,False,False,True,False,True
94,4,9,1706222.216,total,,0.2607191877,2006,2012,2012,14349,False,False,False,False,True,False,False,False,False,False,True,False,True
95,4,9,1885145.844,total,,0.2246109058,2006,2012,2012,14349,False,False,False,False,True,False,False,False,False,False,True,False,True
96,4,9,2083161.19,total,,0.2347235716,2006,2012,2012,14349,False,False,False,False,True,False,False,False,False,False,True,False,True
97,4,9,2302486.718,total,,0.306062602,2006,2012,2012,14349,False,False,False,False,True,False,False,False,False,False,True,False,True
98,4,9,2544808.896,total,,0.437292676,2006,2012,2012,14349,False,False,False,False,True,False,False,False,False,False,True,False,True
99,4,9,2812885.605,total,,0.5798262393,2006,2012,2012,14349,False,False,False,False,True,False,False,False,False,False,True,False,True
100,4,9,3108628.87,total,,0.4631227769,2006,2012,2012,14349,False,False,False,False,True,False,False,False,False,False,True,False,True
101,4,9,3435200.899,total,,0.3853107648,2006,2012,2012,14349,False,False,False,False,True,False,False,False,False,False,True,False,True
102,4,9,3796474.424,total,,0.3273589344,2006,2012,2012,14349,False,False,False,False,True,False,False,False,False,False,True,False,True
103,4,9,4196919.605,total,,0.2906820271,2006,2012,2012,14349,False,False,False,False,True,False,False,False,False,False,True,False,True
104,4,9,4637632.976,total,,0.2895632275,2006,2012,2012,14349,False,False,False,False,True,False,False,False,False,False,True,False,True
105,4,9,5123345.955,total,,0.2760438114,2006,2012,2012,14349,False,False,False,False,True,False,False,False,False,False,True,False,True
106,4,9,5662802.545,total,,0.2737199297,2006,2012,2012,14349,False,False,False,False,True,False,False,False,False,False,True,False,True
107,4,9,6260846.881,total,,0.2605218872,2006,2012,2012,14349,False,False,False,False,True,False,False,False,False,False,True,False,True
108,4,9,6918625.024,total,,0.2509937071,2006,2012,2012,14349,False,False,False,False,True,False,False,False,False,False,True,False,True
109,4,9,7643764.127,total,,0.2462736003,2006,2012,2012,14349,False,False,False,False,True,False,False,False,False,False,True,False,True
110,4,9,8445795.795,total,,0.2361510445,2006,2012,2012,14349,False,False,False,False,True,False,False,False,False,False,True,False,True
111,4,9,9337039.896,total,,0.2333048871,2006,2012,2012,14349,False,False,False,False,True,False,False,False,False,False,True,False,True
112,4,9,10326326.96,total,,0.2237554537,2006,2012,2012,14349,False,False,False,False,True,False,False,False,False,False,False,True,True
113,4,9,11412550.57,total,,0.2148839695,2006,2012,2012,14349,False,False,False,False,True,False,False,False,False,False,False,True,True
114,4,9,12611085.85,total,,0.1848716173,2006,2012,2012,14349,False,False,False,False,True,False,False,False,False,False,False,True,True
115,4,9,13940648.59,total,,0.1765735406,2006,2012,2012,14349,False,False,False,False,True,False,False,False,False,False,False,True,True
116,4,9,15397532.75,total,,0.1585778625,2006,2012,2012,14349,False,False,False,False,True,False,False,False,False,False,False,True,True
117,4,9,17003087.98,total,,0.1428469749,2006,2012,2012,14349,False,False,False,False,True,False,False,False,False,False,False,True,True
118,4,9,18804464.01,total,,0.1054774313,2006,2012,2012,14349,False,False,False,False,True,False,False,False,False,False,False,True,True
119,4,9,19889919.56,total,,0.06213053462,2006,2012,2012,14349,False,False,False,False,True,False,False,False,False,False,False,True,True
120,4,9,400149.9844,total,,0.5777789367,2006,2012,2012,14349,False,False,False,False,True,False,False,False,False,True,False,False,True
121,4,9,420699.3978,total,,0.565325255,2006,2012,2012,14349,False,False,False,False,True,False,False,False,False,True,False,False,True
122,4,9,464943.149,total,,0.5521165769,2006,2012,2012,14349,False,False,False,False,True,False,False,False,False,True,False,False,True
123,4,9,513851.4322,total,,0.5417614493,2006,2012,2012,14349,False,False,False,False,True,False,False,False,False,True,False,False,True
124,4,9,567862.8032,total,,0.5623883601,2006,2012,2012,14349,False,False,False,False,True,False,False,False,False,True,False,False,True
125,4,9,627542.8067,total,,0.7486666844,2006,2012,2012,14349,False,False,False,False,True,False,False,False,False,True,False,False,True
126,4,9,693557.0319,total,,0.5532962178,2006,2012,2012,14349,False,False,False,False,True,False,False,False,False,True,False,False,True
127,4,9,766539.605,total,,0.5456618578,2006,2012,2012,14349,False,False,False,False,True,False,False,False,False,True,False,False,True
128,4,9,847179.6132,total,,0.5730658845,2006,2012,2012,14349,False,False,False,False,True,False,False,False,False,True,False,False,True
129,4,9,936207.4642,total,,0.5339988548,2006,2012,2012,14349,False,False,False,False,True,False,False,False,False,True,False,False,True
130,4,9,1034903.428,total,,0.5158382171,2006,2012,2012,14349,False,False,False,False,True,False,False,False,False,False,True,False,True
131,4,9,1143832.667,total,,0.4775140102,2006,2012,2012,14349,False,False,False,False,True,False,False,False,False,False,True,False,True
132,4,9,1263964.12,total,,0.4296317799,2006,2012,2012,14349,False,False,False,False,True,False,False,False,False,False,True,False,True
133,4,9,1396717.53,total,,0.3736474722,2006,2012,2012,14349,False,False,False,False,True,False,False,False,False,False,True,False,True
134,4,9,1543480.275,total,,0.3158896441,2006,2012,2012,14349,False,False,False,False,True,False,False,False,False,False,True,False,True
135,4,9,1706222.216,total,,0.2611596905,2006,2012,2012,14349,False,False,False,False,True,False,False,False,False,False,True,False,True
136,4,9,1885145.844,total,,0.2251189269,2006,2012,2012,14349,False,False,False,False,True,False,False,False,False,False,True,False,True
137,4,9,2083161.19,total,,0.2353354128,2006,2012,2012,14349,False,False,False,False,True,False,False,False,False,False,True,False,True
138,4,9,2302486.718,total,,0.3042896131,2006,2012,2012,14349,False,False,False,False,True,False,False,False,False,False,True,False,True
139,4,9,2544808.896,total,,0.4395439509,2006,2012,2012,14349,False,False,False,False,True,False,False,False,False,False,True,False,True
140,4,9,2812885.605,total,,0.5797068292,2006,2012,2012,14349,False,False,False,False,True,False,False,False,False,False,True,False,True
141,4,9,3108628.87,total,,0.46439406,2006,2012,2012,14349,False,False,False,False,True,False,False,False,False,False,True,False,True
142,4,9,3435200.899,total,,0.3858572981,2006,2012,2012,14349,False,False,False,False,True,False,False,False,False,False,True,False,True
143,4,9,3796474.424,total,,0.3295732031,2006,2012,2012,14349,False,False,False,False,True,False,False,False,False,False,True,False,True
144,4,9,4196919.605,total,,0.2892239821,2006,2012,2012,14349,False,False,False,False,True,False,False,False,False,False,True,False,True
145,4,9,4637632.976,total,,0.2875864236,2006,2012,2012,14349,False,False,False,False,True,False,False,False,False,False,True,False,True
146,4,9,5123345.955,total,,0.2762760793,2006,2012,2012,14349,False,False,False,False,True,False,False,False,False,False,True,False,True
147,4,9,5662802.545,total,,0.272696397,2006,2012,2012,14349,False,False,False,False,True,False,False,False,False,False,True,False,True
148,4,9,6260846.881,total,,0.2619233928,2006,2012,2012,14349,False,False,False,False,True,False,False,False,False,False,True,False,True
149,4,9,6918625.024,total,,0.2499604922,2006,2012,2012,14349,False,False,False,False,True,False,False,False,False,False,True,False,True
150,4,9,7643764.127,total,,0.2461823587,2006,2012,2012,14349,False,False,False,False,True,False,False,False,False,False,True,False,True
151,4,9,8445795.795,total,,0.2378178274,2006,2012,2012,14349,False,False,False,False,True,False,False,False,False,False,True,False,True
152,4,9,9337039.896,total,,0.2343325603,2006,2012,2012,14349,False,False,False,False,True,False,False,False,False,False,True,False,True
153,4,9,10326326.96,total,,0.2229764499,2006,2012,2012,14349,False,False,False,False,True,False,False,False,False,False,False,True,True
154,4,9,11412550.57,total,,0.2099615899,2006,2012,2012,14349,False,False,False,False,True,False,False,False,False,False,False,True,True
155,4,9,12611085.85,total,,0.1902427399,2006,2012,2012,14349,False,False,False,False,True,False,False,False,False,False,False,True,True
156,4,9,13940648.59,total,,0.1791207296,2006,2012,2012,14349,False,False,False,False,True,False,False,False,False,False,False,True,True
157,4,9,15397532.75,total,,0.1703665035,2006,2012,2012,14349,False,False,False,False,True,False,False,False,False,False,False,True,True
158,4,9,17003087.98,total,,0.1482483666,2006,2012,2012,14349,False,False,False,False,True,False,False,False,False,False,False,True,True
159,4,9,18804464.01,total,,0.1347531357,2006,2012,2012,14349,False,False,False,False,True,False,False,False,False,False,False,True,True
160,4,9,19889919.56,total,,0.123851641,2006,2012,2012,14349,False,False,False,False,True,False,False,False,False,False,False,True,True
161,4,9,400149.9844,total,,0.5754765086,2006,2012,2012,14349,False,False,False,False,True,False,False,False,False,True,False,False,True
162,4,9,420399.0432,total,,0.5644432133,2006,2012,2012,14349,False,False,False,False,True,False,False,False,False,True,False,False,True
163,4,9,465009.0438,total,,0.5529703956,2006,2012,2012,14349,False,False,False,False,True,False,False,False,False,True,False,False,True
164,4,9,513851.4322,total,,0.5412463237,2006,2012,2012,14349,False,False,False,False,True,False,False,False,False,True,False,False,True
165,4,9,567862.8032,total,,0.5618708405,2006,2012,2012,14349,False,False,False,False,True,False,False,False,False,True,False,False,True
166,4,9,627723.838,total,,0.7312003177,2006,2012,2012,14349,False,False,False,False,True,False,False,False,False,True,False,False,True
167,4,9,693557.0319,total,,0.553686019,2006,2012,2012,14349,False,False,False,False,True,False,False,False,False,True,False,False,True
168,4,9,766539.605,total,,0.5454989045,2006,2012,2012,14349,False,False,False,False,True,False,False,False,False,True,False,False,True
169,4,9,847179.6132,total,,0.5703713611,2006,2012,2012,14349,False,False,False,False,True,False,False,False,False,True,False,False,True
170,4,9,936207.4642,total,,0.5341296451,2006,2012,2012,14349,False,False,False,False,True,False,False,False,False,True,False,False,True
171,4,9,1034903.428,total,,0.5143213777,2006,2012,2012,14349,False,False,False,False,True,False,False,False,False,False,True,False,True
172,4,9,1143832.667,total,,0.4766660411,2006,2012,2012,14349,False,False,False,False,True,False,False,False,False,False,True,False,True
173,4,9,1263964.12,total,,0.4284974415,2006,2012,2012,14349,False,False,False,False,True,False,False,False,False,False,True,False,True
174,4,9,1396717.53,total,,0.3727570085,2006,2012,2012,14349,False,False,False,False,True,False,False,False,False,False,True,False,True
175,4,9,1543480.275,total,,0.3152088502,2006,2012,2012,14349,False,False,False,False,True,False,False,False,False,False,True,False,True
176,4,9,1706222.216,total,,0.2603471655,2006,2012,2012,14349,False,False,False,False,True,False,False,False,False,False,True,False,True
177,4,9,1885145.844,total,,0.2234497537,2006,2012,2012,14349,False,False,False,False,True,False,False,False,False,False,True,False,True
178,4,9,2083161.19,total,,0.2338849159,2006,2012,2012,14349,False,False,False,False,True,False,False,False,False,False,True,False,True
179,4,9,2302486.718,total,,0.3037067261,2006,2012,2012,14349,False,False,False,False,True,False,False,False,False,False,True,False,True
180,4,9,2544808.896,total,,0.4370803207,2006,2012,2012,14349,False,False,False,False,True,False,False,False,False,False,True,False,True
181,4,9,2812885.605,total,,0.5807122593,2006,2012,2012,14349,False,False,False,False,True,False,False,False,False,False,True,False,True
182,4,9,3108628.87,total,,0.4643591203,2006,2012,2012,14349,False,False,False,False,True,False,False,False,False,False,True,False,True
183,4,9,3435200.899,total,,0.3860639152,2006,2012,2012,14349,False,False,False,False,True,False,False,False,False,False,True,False,True
184,4,9,3796474.424,total,,0.3288539255,2006,2012,2012,14349,False,False,False,False,True,False,False,False,False,False,True,False,True
185,4,9,4196919.605,total,,0.2892239821,2006,2012,2012,14349,False,False,False,False,True,False,False,False,False,False,True,False,True
186,4,9,4637632.976,total,,0.285189327,2006,2012,2012,14349,False,False,False,False,True,False,False,False,False,False,True,False,True
187,4,9,5123345.955,total,,0.2751600588,2006,2012,2012,14349,False,False,False,False,True,False,False,False,False,False,True,False,True
188,4,9,5662802.545,total,,0.2714747521,2006,2012,2012,14349,False,False,False,False,True,False,False,False,False,False,True,False,True
189,4,9,6260846.881,total,,0.2613421847,2006,2012,2012,14349,False,False,False,False,True,False,False,False,False,False,True,False,True
190,4,9,6918625.024,total,,0.2477133913,2006,2012,2012,14349,False,False,False,False,True,False,False,False,False,False,True,False,True
191,4,9,7643764.127,total,,0.2442618451,2006,2012,2012,14349,False,False,False,False,True,False,False,False,False,False,True,False,True
192,4,9,8445795.795,total,,0.2378504456,2006,2012,2012,14349,False,False,False,False,True,False,False,False,False,False,True,False,True
193,4,9,9337039.896,total,,0.2330304298,2006,2012,2012,14349,False,False,False,False,True,False,False,False,False,False,True,False,True
194,4,9,10326326.96,total,,0.223681323,2006,2012,2012,14349,False,False,False,False,True,False,False,False,False,False,False,True,True
195,4,9,11412550.57,total,,0.2104077065,2006,2012,2012,14349,False,False,False,False,True,False,False,False,False,False,False,True,True
196,4,9,12611085.85,total,,0.1900647685,2006,2012,2012,14349,False,False,False,False,True,False,False,False,False,False,False,True,True
197,4,9,13940648.59,total,,0.1776326785,2006,2012,2012,14349,False,False,False,False,True,False,False,False,False,False,False,True,True
198,4,9,15397532.75,total,,0.1601361123,2006,2012,2012,14349,False,False,False,False,True,False,False,False,False,False,False,True,True
199,4,9,17003087.98,total,,0.1428411866,2006,2012,2012,14349,False,False,False,False,True,False,False,False,False,False,False,True,True
200,4,9,18804464.01,total,,0.1095720575,2006,2012,2012,14349,False,False,False,False,True,False,False,False,False,False,False,True,True
201,4,9,19889919.56,total,,0.07554696139,2006,2012,2012,14349,False,False,False,False,True,False,False,False,False,False,False,True,True
202,5,10,6000000,elastic,,-0.06550154876,2006,2021,2021,14719,False,False,False,False,False,True,False,False,False,False,True,False,True
203,5,10,10000000,elastic,,-0.09205147839,2006,2021,2021,14719,False,False,False,False,False,True,False,False,False,False,False,True,True
204,5,10,160000,na,,0.3040594662,2006,2017,2019,23409,False,False,False,True,False,False,False,False,False,True,False,False,True
205,5,10,220000,na,,0.2319790268,2006,2017,2019,23409,False,False,False,True,False,False,False,False,False,True,False,False,True
206,5,10,270000,na,,0.1280760127,2006,2017,2019,23409,False,False,False,True,False,False,False,False,False,True,False,False,True
207,5,10,320000,na,,0.05614226206,2006,2017,2019,23409,False,False,False,True,False,False,False,False,False,True,False,False,True
208,5,10,370000,na,,-0.04000516167,2006,2017,2019,23409,False,False,False,True,False,False,False,False,False,True,False,False,True
209,5,10,420000,na,,-0.03198428601,2006,2017,2019,23409,False,False,False,True,False,False,False,False,False,True,False,False,True
210,5,10,470000,na,,-0.05601112493,2006,2017,2019,23409,False,False,False,True,False,False,False,False,False,True,False,False,True
211,5,10,530000,na,,-0.136082623,2006,2017,2019,23409,False,False,False,True,False,False,False,False,False,True,False,False,True
212,5,10,570000,na,,-0.208309351,2006,2017,2019,23409,False,False,False,True,False,False,False,False,False,True,False,False,True
213,5,10,694550.2142,na,,-0.4388986164,2006,2017,2019,23409,False,False,False,True,False,False,False,False,False,True,False,False,True
214,5,10,770000,na,,-0.5114492835,2006,2017,2019,23409,False,False,False,True,False,False,False,False,False,True,False,False,True
215,5,10,849470.4233,na,,-0.5670307091,2006,2017,2019,23409,False,False,False,True,False,False,False,False,False,True,False,False,True
216,5,10,944669.2543,na,,-0.6556077263,2006,2017,2019,23409,False,False,False,True,False,False,False,False,False,True,False,False,True
217,5,10,1044700.914,na,,-0.6757175447,2006,2017,2019,23409,False,False,False,True,False,False,False,False,False,False,True,False,True
218,5,10,1139824.548,na,,-0.6882461389,2006,2017,2019,23409,False,False,False,True,False,False,False,False,False,False,True,False,True
219,5,10,1269343.493,na,,-0.6932176754,2006,2017,2019,23409,False,False,False,True,False,False,False,False,False,False,True,False,True
220,5,10,1394775.968,na,,-0.6439741428,2006,2017,2019,23409,False,False,False,True,False,False,False,False,False,False,True,False,True
221,5,10,1543987.917,na,,-0.4861168144,2006,2017,2019,23409,False,False,False,True,False,False,False,False,False,False,True,False,True
222,5,10,1719515.367,na,,-0.348721986,2006,2017,2019,23409,False,False,False,True,False,False,False,False,False,False,True,False,True
223,5,10,1894175.052,na,,-0.3384239227,2006,2017,2019,23409,False,False,False,True,False,False,False,False,False,False,True,False,True
224,5,10,2096662.45,na,,-0.4720480417,2006,2017,2019,23409,False,False,False,True,False,False,False,False,False,False,True,False,True
225,5,10,2318921.813,na,,-0.5843590201,2006,2017,2019,23409,False,False,False,True,False,False,False,False,False,False,True,False,True
226,5,10,2569026.795,na,,-0.6241535637,2006,2017,2019,23409,False,False,False,True,False,False,False,False,False,False,True,False,True
227,5,10,2819113.14,na,,-0.6318991483,2006,2017,2019,23409,False,False,False,True,False,False,False,False,False,False,True,False,True
228,5,10,3044076.215,na,,-0.7110803943,2006,2017,2019,23409,False,False,False,True,False,False,False,False,False,False,True,False,True
229,5,10,4000000,na,,-0.6679431478,2006,2008,2008,31617,False,False,False,True,False,False,False,False,False,False,True,False,True
230,5,10,5000000,na,,-0.7653366492,2006,2008,2008,31617,False,False,False,True,False,False,False,False,False,False,True,False,True
231,5,10,4000000,na,,-0.6115827491,2006,2011,2012,32694,False,False,False,True,False,False,False,False,False,False,True,False,True
232,5,10,5000000,na,,-0.8398221812,2006,2011,2012,32694,False,False,False,True,False,False,False,False,False,False,True,False,True
233,5,10,4000000,na,,-0.5597207868,2006,2017,2018,32771,False,False,False,True,False,False,False,False,False,False,True,False,True
234,5,10,4500000,na,,-0.6428277423,2006,2017,2018,32771,False,False,False,True,False,False,False,False,False,False,True,False,True
235,5,10,5000000,na,,-0.7544873322,2006,2017,2018,32771,False,False,False,True,False,False,False,False,False,False,True,False,True
236,5,10,1000,na,,1.245512668,2006,2019,2020,32804,False,False,False,True,False,False,False,True,False,False,False,False,False
237,5,10,1260,na,,1.193124598,2006,2019,2020,32804,False,False,False,True,False,False,False,True,False,False,False,False,False
238,5,10,1580,na,,1.149219113,2006,2019,2020,32804,False,False,False,True,False,False,False,True,False,False,False,False,False
239,5,10,2000,na,,1.103803721,2006,2019,2020,32804,False,False,False,True,False,False,False,True,False,False,False,False,False
240,5,10,2510,na,,1.056904851,2006,2019,2020,32804,False,False,False,True,False,False,False,True,False,False,False,False,False
241,5,10,3160,na,,1.017033339,2006,2019,2020,32804,False,False,False,True,False,False,False,True,False,False,False,False,False
242,5,10,3980,na,,0.9604707775,2006,2019,2020,32804,False,False,False,True,False,False,False,True,False,False,False,False,False
243,5,10,5010,na,,0.8859263398,2006,2019,2020,32804,False,False,False,True,False,False,False,True,False,False,False,False,False
244,5,10,6310,na,,0.8536982118,2006,2019,2020,32804,False,False,False,True,False,False,False,True,False,False,False,False,False
245,5,10,7940,na,,0.8048206787,2006,2019,2020,32804,False,False,False,True,False,False,False,True,False,False,False,False,False
246,5,10,10000,na,,0.7774268224,2006,2019,2020,32804,False,False,False,True,False,False,False,False,True,False,False,False,False
247,5,10,12600,na,,0.7250945211,2006,2019,2020,32804,False,False,False,True,False,False,False,False,True,False,False,False,False
248,5,10,15800,na,,0.6730209071,2006,2019,2020,32804,False,False,False,True,False,False,False,False,True,False,False,False,False
249,5,10,20000,na,,0.6364878964,2006,2019,2020,32804,False,False,False,True,False,False,False,False,True,False,False,False,False
250,5,10,25100,na,,0.5774917998,2006,2019,2020,32804,False,False,False,True,False,False,False,False,True,False,False,False,False
251,5,10,31600,na,,0.4913616938,2006,2019,2020,32804,False,False,False,True,False,False,False,False,True,False,False,False,False
252,5,10,39800,na,,0.4668676204,2006,2019,2020,32804,False,False,False,True,False,False,False,False,True,False,False,False,False
253,5,10,50100,na,,0.4183012913,2006,2019,2020,32804,False,False,False,True,False,False,False,False,True,False,False,False,False
254,5,10,63100,na,,0.3710678623,2006,2019,2020,32804,False,False,False,True,False,False,False,False,True,False,False,False,False
255,5,10,79400,na,,0.3263358609,2006,2019,2020,32804,False,False,False,True,False,False,False,False,True,False,False,False,False
256,5,10,100000,na,,0.2922560714,2006,2019,2020,32804,False,False,False,True,False,False,False,False,False,True,False,False,True
257,5,10,200000,na,,0.1430148003,2006,2019,2020,32804,False,False,False,True,False,False,False,False,False,True,False,False,True
258,5,10,300000,na,,0.0170333393,2006,2019,2020,32804,False,False,False,True,False,False,False,False,False,True,False,False,True
259,5,10,400000,na,,-0.06148027482,2006,2019,2020,32804,False,False,False,True,False,False,False,False,False,True,False,False,True
260,5,10,500000,na,,-0.1135092748,2006,2019,2020,32804,False,False,False,True,False,False,False,False,False,True,False,False,True
261,5,10,600000,na,,-0.272458743,2006,2019,2020,32804,False,False,False,True,False,False,False,False,False,True,False,False,True
262,5,10,700000,na,,-0.4353339357,2006,2019,2020,32804,False,False,False,True,False,False,False,False,False,True,False,False,True
263,5,10,800000,na,,-0.5575202309,2006,2019,2020,32804,False,False,False,True,False,False,False,False,False,True,False,False,True
264,5,10,900000,na,,-0.6038006529,2006,2019,2020,32804,False,False,False,True,False,False,False,False,False,True,False,False,True
265,5,10,1000000,na,,-0.6090648929,2006,2019,2020,32804,False,False,False,True,False,False,False,False,False,True,False,False,True
266,5,10,1200000,na,,-0.7077439286,2006,2019,2020,32804,False,False,False,True,False,False,False,False,False,False,True,False,True
267,5,10,1400000,na,,-0.588380294,2006,2019,2020,32804,False,False,False,True,False,False,False,False,False,False,True,False,True
268,5,10,1600000,na,,-0.359518563,2006,2019,2020,32804,False,False,False,True,False,False,False,False,False,False,True,False,True
269,5,10,1800000,na,,-0.2510371387,2006,2019,2020,32804,False,False,False,True,False,False,False,False,False,False,True,False,True
270,5,10,2000000,na,,-0.3565473235,2006,2019,2020,32804,False,False,False,True,False,False,False,False,False,False,True,False,True
271,5,10,2297825.059,na,,-0.530177984,2006,2019,2020,32804,False,False,False,True,False,False,False,False,False,False,True,False,True
272,5,11,6000000,elastic,,0.1335389084,2006,2021,2021,14719,False,False,False,False,False,True,False,False,False,False,True,False,True
273,5,11,10000000,elastic,,-0.04383156952,2006,2021,2021,14719,False,False,False,False,False,True,False,False,False,False,False,True,True
274,6,12,14100000,elastic,,-0.1023729087,2006,2025,2025,41788,False,False,False,False,False,True,False,False,False,False,False,True,True
275,6,12,6918767.112,inelastic,,-0.7454023818,2006,2023,2024,14820,False,False,False,False,False,False,True,False,False,False,True,False,True
276,6,12,7674122.661,inelastic,,-0.4557756378,2006,2023,2024,14820,False,False,False,False,False,False,True,False,False,False,True,False,True
277,6,12,8511944.16,inelastic,,-0.5524315217,2006,2023,2024,14820,False,False,False,False,False,False,True,False,False,False,True,False,True
278,6,12,9333162.03,inelastic,,-0.5476013034,2006,2023,2024,14820,False,False,False,False,False,False,True,False,False,False,True,False,True
279,6,12,10352108.86,inelastic,,-0.5224221076,2006,2023,2024,14820,False,False,False,False,False,False,True,False,False,False,False,True,True
280,6,12,11482320,inelastic,,-0.5582416489,2006,2023,2024,14820,False,False,False,False,False,False,True,False,False,False,False,True,True
281,6,12,12590103.24,inelastic,,-0.644407697,2006,2023,2024,14820,False,False,False,False,False,False,True,False,False,False,False,True,True
282,6,12,13964595.15,inelastic,,-0.7006278265,2006,2023,2024,14820,False,False,False,False,False,False,True,False,False,False,False,True,True
283,6,12,15489166.79,inelastic,,-0.8001043304,2006,2023,2024,14820,False,False,False,False,False,False,True,False,False,False,False,True,True
284,6,12,16407000,inelastic,,-0.9266042835,2006,2023,2024,14820,False,False,False,False,False,False,True,False,False,False,False,True,True
285,6,12,4842723.229,inelastic,,-1.676675695,2006,2023,2024,14820,False,False,False,False,False,False,True,False,False,False,True,False,True
286,6,12,5125749.018,inelastic,,-1.189126098,2006,2023,2024,14820,False,False,False,False,False,False,True,False,False,False,True,False,True
287,6,12,5665760.922,inelastic,,-0.826417352,2006,2023,2024,14820,False,False,False,False,False,False,True,False,False,False,True,False,True
288,6,12,6260389.565,inelastic,,-0.6113538945,2006,2023,2024,14820,False,False,False,False,False,False,True,False,False,False,True,False,True
289,6,12,6916122.588,inelastic,,-0.7135716682,2006,2023,2024,14820,False,False,False,False,False,False,True,False,False,False,True,False,True
290,6,12,7644839.784,inelastic,,-0.4864418394,2006,2023,2024,14820,False,False,False,False,False,False,True,False,False,False,True,False,True
291,6,12,8448802.416,inelastic,,-0.5247731458,2006,2023,2024,14820,False,False,False,False,False,False,True,False,False,False,True,False,True
292,6,12,9338464.19,inelastic,,-0.5407323101,2006,2023,2024,14820,False,False,False,False,False,False,True,False,False,False,True,False,True
293,6,12,10320172.4,inelastic,,-0.5069021472,2006,2023,2024,14820,False,False,False,False,False,False,True,False,False,False,False,True,True
294,6,12,11400281.94,inelastic,,-0.5309537061,2006,2023,2024,14820,False,False,False,False,False,False,True,False,False,False,False,True,True
295,6,12,12600633.45,inelastic,,-0.6070881386,2006,2023,2024,14820,False,False,False,False,False,False,True,False,False,False,False,True,True
296,6,12,13933048.65,inelastic,,-0.6608593821,2006,2023,2024,14820,False,False,False,False,False,False,True,False,False,False,False,True,True
297,6,12,15316589.92,inelastic,,-0.7414628358,2006,2023,2024,14820,False,False,False,False,False,False,True,False,False,False,False,True,True
298,6,12,400149.9844,total,,0.560205623,2006,2012,2012,14349,False,False,False,False,True,False,False,False,False,True,False,False,True
299,6,12,420726.3969,total,,0.5541130389,2006,2012,2012,14349,False,False,False,False,True,False,False,False,False,True,False,False,True
300,6,12,464972.4223,total,,0.5395119719,2006,2012,2012,14349,False,False,False,False,True,False,False,False,False,True,False,False,True
301,6,12,513805.199,total,,0.5276422132,2006,2012,2012,14349,False,False,False,False,True,False,False,False,False,True,False,False,True
302,6,12,567804.6847,total,,0.5127510825,2006,2012,2012,14349,False,False,False,False,True,False,False,False,False,True,False,False,True
303,6,12,627589.1316,total,,0.4994555515,2006,2012,2012,14349,False,False,False,False,True,False,False,False,False,True,False,False,True
304,6,12,693612.7449,total,,0.4836478165,2006,2012,2012,14349,False,False,False,False,True,False,False,False,False,True,False,False,True
305,6,12,766606.2177,total,,0.4671031053,2006,2012,2012,14349,False,False,False,False,True,False,False,False,False,True,False,False,True
306,6,12,847249.0155,total,,0.4482771439,2006,2012,2012,14349,False,False,False,False,True,False,False,False,False,True,False,False,True
307,6,12,936292.7871,total,,0.429475028,2006,2012,2012,14349,False,False,False,False,True,False,False,False,False,True,False,False,True
308,6,12,1034795.85,total,,0.4075057395,2006,2012,2012,14349,False,False,False,False,True,False,False,False,False,False,True,False,True
309,6,12,1143404.43,total,,0.383156845,2006,2012,2012,14349,False,False,False,False,True,False,False,False,False,False,True,False,True
310,6,12,1263768.584,total,,0.3591871903,2006,2012,2012,14349,False,False,False,False,True,False,False,False,False,False,True,False,True
311,6,12,1396864.933,total,,0.3319597812,2006,2012,2012,14349,False,False,False,False,True,False,False,False,False,False,True,False,True
312,6,12,1543628.333,total,,0.3033503635,2006,2012,2012,14349,False,False,False,False,True,False,False,False,False,False,True,False,True
313,6,12,1706378.731,total,,0.2755975892,2006,2012,2012,14349,False,False,False,False,True,False,False,False,False,False,True,False,True
314,6,12,1885415.92,total,,0.2459514638,2006,2012,2012,14349,False,False,False,False,True,False,False,False,False,False,True,False,True
315,6,12,2083453.655,total,,0.2800038721,2006,2012,2012,14349,False,False,False,False,True,False,False,False,False,False,True,False,True
316,6,12,2302803.294,total,,0.2070263182,2006,2012,2012,14349,False,False,False,False,True,False,False,False,False,False,True,False,True
317,6,12,2544312.028,total,,0.2108628425,2006,2012,2012,14349,False,False,False,False,True,False,False,False,False,False,True,False,True
318,6,12,2812297.79,total,,0.3415883855,2006,2012,2012,14349,False,False,False,False,True,False,False,False,False,False,True,False,True
319,6,12,3109160.228,total,,0.2355876218,2006,2012,2012,14349,False,False,False,False,True,False,False,False,False,False,True,False,True
320,6,12,3435811.479,total,,0.4038575987,2006,2012,2012,14349,False,False,False,False,True,False,False,False,False,False,True,False,True
321,6,12,3795520.858,total,,0.3620889138,2006,2012,2012,14349,False,False,False,False,True,False,False,False,False,False,True,False,True
322,6,12,4193939.467,total,,0.2945864572,2006,2012,2012,14349,False,False,False,False,True,False,False,False,False,False,True,False,True
323,6,12,4636381.926,total,,0.1819796238,2006,2012,2012,14349,False,False,False,False,True,False,False,False,False,False,True,False,True
324,6,12,5124454.453,total,,0.08291586746,2006,2012,2012,14349,False,False,False,False,True,False,False,False,False,False,True,False,True
325,6,12,5663990.736,total,,0.04309328174,2006,2012,2012,14349,False,False,False,False,True,False,False,False,False,False,True,False,True
326,6,12,6258809.182,total,,0.1112171889,2006,2012,2012,14349,False,False,False,False,True,False,False,False,False,False,True,False,True
327,6,12,6916378.071,total,,-0.09756067942,2006,2012,2012,14349,False,False,False,False,True,False,False,False,False,False,True,False,True
328,6,12,7645776.131,total,,0.2742148845,2006,2012,2012,14349,False,False,False,False,True,False,False,False,False,False,True,False,True
329,6,12,8448157.535,total,,0.1052756666,2006,2012,2012,14349,False,False,False,False,True,False,False,False,False,False,True,False,True
330,6,12,9339793.609,total,,0.09313761594,2006,2012,2012,14349,False,False,False,False,True,False,False,False,False,False,True,False,True
331,6,12,10321511.9,total,,0.07839376717,2006,2012,2012,14349,False,False,False,False,True,False,False,False,False,False,False,True,True
332,6,12,11399077.69,total,,0.1480976285,2006,2012,2012,14349,False,False,False,False,True,False,False,False,False,False,False,True,True
333,6,12,12594754.03,total,,0.1542741922,2006,2012,2012,14349,False,False,False,False,True,False,False,False,False,False,False,True,True
334,6,12,13921670.77,total,,0.1343896324,2006,2012,2012,14349,False,False,False,False,True,False,False,False,False,False,False,True,True
335,6,12,15390223.95,total,,0.167576414,2006,2012,2012,14349,False,False,False,False,True,False,False,False,False,False,False,True,True
336,6,12,17010322.75,total,,0.1535890515,2006,2012,2012,14349,False,False,False,False,True,False,False,False,False,False,False,True,True
337,6,12,18793447.63,total,,0.17688532,2006,2012,2012,14349,False,False,False,False,True,False,False,False,False,False,False,True,True
338,6,12,19879882.63,total,,0.227458195,2006,2012,2012,14349,False,False,False,False,True,False,False,False,False,False,False,True,True
339,6,12,400199.9917,total,,0.4847742189,2006,2012,2012,14349,False,False,False,False,True,False,False,False,False,True,False,False,True
340,6,12,420072.8854,total,,0.5738595127,2006,2012,2012,14349,False,False,False,False,True,False,False,False,False,True,False,False,True
341,6,12,465278.8994,total,,0.5531732424,2006,2012,2012,14349,False,False,False,False,True,False,False,False,False,True,False,False,True
342,6,12,513805.199,total,,0.5329246985,2006,2012,2012,14349,False,False,False,False,True,False,False,False,False,True,False,False,True
343,6,12,567804.6847,total,,0.5140472067,2006,2012,2012,14349,False,False,False,False,True,False,False,False,False,True,False,False,True
344,6,12,627589.1316,total,,0.4986973885,2006,2012,2012,14349,False,False,False,False,True,False,False,False,False,True,False,False,True
345,6,12,693612.7449,total,,0.483721481,2006,2012,2012,14349,False,False,False,False,True,False,False,False,False,True,False,False,True
346,6,12,766606.2177,total,,0.4664020184,2006,2012,2012,14349,False,False,False,False,True,False,False,False,False,True,False,False,True
347,6,12,847249.0155,total,,0.4481760997,2006,2012,2012,14349,False,False,False,False,True,False,False,False,False,True,False,False,True
348,6,12,936292.7871,total,,0.4277033733,2006,2012,2012,14349,False,False,False,False,True,False,False,False,False,True,False,False,True
349,6,12,1034795.85,total,,0.4060028297,2006,2012,2012,14349,False,False,False,False,True,False,False,False,False,False,True,False,True
350,6,12,1143404.43,total,,0.3826772928,2006,2012,2012,14349,False,False,False,False,True,False,False,False,False,False,True,False,True
351,6,12,1263768.584,total,,0.3561016205,2006,2012,2012,14349,False,False,False,False,True,False,False,False,False,False,True,False,True
352,6,12,1396864.933,total,,0.3300504632,2006,2012,2012,14349,False,False,False,False,True,False,False,False,False,False,True,False,True
353,6,12,1543628.333,total,,0.3018643753,2006,2012,2012,14349,False,False,False,False,True,False,False,False,False,False,True,False,True
354,6,12,1706378.731,total,,0.2728740612,2006,2012,2012,14349,False,False,False,False,True,False,False,False,False,False,True,False,True
355,6,12,1885415.92,total,,0.2443909684,2006,2012,2012,14349,False,False,False,False,True,False,False,False,False,False,True,False,True
356,6,12,2083453.655,total,,0.2723147104,2006,2012,2012,14349,False,False,False,False,True,False,False,False,False,False,True,False,True
357,6,12,2302803.294,total,,0.2058770767,2006,2012,2012,14349,False,False,False,False,True,False,False,False,False,False,True,False,True
358,6,12,2544312.028,total,,0.209876111,2006,2012,2012,14349,False,False,False,False,True,False,False,False,False,False,True,False,True
359,6,12,2812297.79,total,,0.337126341,2006,2012,2012,14349,False,False,False,False,True,False,False,False,False,False,True,False,True
360,6,12,3109160.228,total,,0.2316248726,2006,2012,2012,14349,False,False,False,False,True,False,False,False,False,False,True,False,True
361,6,12,3435811.479,total,,0.4027089147,2006,2012,2012,14349,False,False,False,False,True,False,False,False,False,False,True,False,True
362,6,12,3795520.858,total,,0.3619904678,2006,2012,2012,14349,False,False,False,False,True,False,False,False,False,False,True,False,True
363,6,12,4193939.467,total,,0.2960665761,2006,2012,2012,14349,False,False,False,False,True,False,False,False,False,False,True,False,True
364,6,12,4636381.926,total,,0.1775777219,2006,2012,2012,14349,False,False,False,False,True,False,False,False,False,False,True,False,True
365,6,12,5124454.453,total,,0.07775318652,2006,2012,2012,14349,False,False,False,False,True,False,False,False,False,False,True,False,True
366,6,12,5663990.736,total,,0.0430518829,2006,2012,2012,14349,False,False,False,False,True,False,False,False,False,False,True,False,True
367,6,12,6258809.182,total,,0.105747408,2006,2012,2012,14349,False,False,False,False,True,False,False,False,False,False,True,False,True
368,6,12,6916378.071,total,,-0.1060512435,2006,2012,2012,14349,False,False,False,False,True,False,False,False,False,False,True,False,True
369,6,12,7645776.131,total,,0.270894399,2006,2012,2012,14349,False,False,False,False,True,False,False,False,False,False,True,False,True
370,6,12,8448157.535,total,,0.1041144863,2006,2012,2012,14349,False,False,False,False,True,False,False,False,False,False,True,False,True
371,6,12,9339793.609,total,,0.08914101275,2006,2012,2012,14349,False,False,False,False,True,False,False,False,False,False,True,False,True
372,6,12,10321511.9,total,,0.07765749638,2006,2012,2012,14349,False,False,False,False,True,False,False,False,False,False,False,True,True
373,6,12,11399077.69,total,,0.1413072182,2006,2012,2012,14349,False,False,False,False,True,False,False,False,False,False,False,True,True
374,6,12,12594754.03,total,,0.1463741646,2006,2012,2012,14349,False,False,False,False,True,False,False,False,False,False,False,True,True
375,6,12,13921670.77,total,,0.1269967515,2006,2012,2012,14349,False,False,False,False,True,False,False,False,False,False,False,True,True
376,6,12,15390223.95,total,,0.1632555582,2006,2012,2012,14349,False,False,False,False,True,False,False,False,False,False,False,True,True
377,6,12,17010322.75,total,,0.1504721599,2006,2012,2012,14349,False,False,False,False,True,False,False,False,False,False,False,True,True
378,6,12,18793447.63,total,,0.1621307976,2006,2012,2012,14349,False,False,False,False,True,False,False,False,False,False,False,True,True
379,6,12,19879882.63,total,,0.1780171801,2006,2012,2012,14349,False,False,False,False,True,False,False,False,False,False,False,True,True
380,6,12,419686.5002,total,,0.294691121,2006,2012,2012,14349,False,False,False,False,True,False,False,False,False,True,False,False,True
381,6,12,466440.9732,total,,0.3611538153,2006,2012,2012,14349,False,False,False,False,True,False,False,False,False,True,False,False,True
382,6,12,513410.3136,total,,0.4265112614,2006,2012,2012,14349,False,False,False,False,True,False,False,False,False,True,False,False,True
383,6,12,569295.814,total,,0.4511388284,2006,2012,2012,14349,False,False,False,False,True,False,False,False,False,True,False,False,True
384,6,12,629128.1369,total,,0.4625995467,2006,2012,2012,14349,False,False,False,False,True,False,False,False,False,True,False,False,True
385,6,12,696031.5517,total,,0.483587297,2006,2012,2012,14349,False,False,False,False,True,False,False,False,False,True,False,False,True
386,6,12,765651.9468,total,,0.477940815,2006,2012,2012,14349,False,False,False,False,True,False,False,False,False,True,False,False,True
387,6,12,850817.0507,total,,0.4572008612,2006,2012,2012,14349,False,False,False,False,True,False,False,False,False,True,False,False,True
388,6,12,935325.3005,total,,0.4485874166,2006,2012,2012,14349,False,False,False,False,True,False,False,False,False,True,False,False,True
389,6,12,1035834.163,total,,0.4228359688,2006,2012,2012,14349,False,False,False,False,True,False,False,False,False,False,True,False,True
390,6,12,1143404.43,total,,0.3894529869,2006,2012,2012,14349,False,False,False,False,True,False,False,False,False,False,True,False,True
391,6,12,1263768.584,total,,0.3613256985,2006,2012,2012,14349,False,False,False,False,True,False,False,False,False,False,True,False,True
392,6,12,1396864.933,total,,0.3341785261,2006,2012,2012,14349,False,False,False,False,True,False,False,False,False,False,True,False,True
393,6,12,1543628.333,total,,0.3041210726,2006,2012,2012,14349,False,False,False,False,True,False,False,False,False,False,True,False,True
394,6,12,1706378.731,total,,0.2739307881,2006,2012,2012,14349,False,False,False,False,True,False,False,False,False,False,True,False,True
395,6,12,1885415.92,total,,0.2453309673,2006,2012,2012,14349,False,False,False,False,True,False,False,False,False,False,True,False,True
396,6,12,2083644.24,total,,0.2554162874,2006,2012,2012,14349,False,False,False,False,True,False,False,False,False,False,True,False,True
397,6,12,2302803.294,total,,0.2079907907,2006,2012,2012,14349,False,False,False,False,True,False,False,False,False,False,True,False,True
398,6,12,2544312.028,total,,0.2129616639,2006,2012,2012,14349,False,False,False,False,True,False,False,False,False,False,True,False,True
399,6,12,2797859.07,total,,0.327384695,2006,2012,2012,14349,False,False,False,False,True,False,False,False,False,False,True,False,True
400,6,12,3110364.059,total,,0.2346129273,2006,2012,2012,14349,False,False,False,False,True,False,False,False,False,False,True,False,True
401,6,12,3409281.275,total,,0.4230686651,2006,2012,2012,14349,False,False,False,False,True,False,False,False,False,False,True,False,True
402,6,12,3818545.712,total,,0.3715898268,2006,2012,2012,14349,False,False,False,False,True,False,False,False,False,False,True,False,True
403,6,12,4192657.943,total,,0.3104886886,2006,2012,2012,14349,False,False,False,False,True,False,False,False,False,False,True,False,True
404,6,12,4636381.926,total,,0.1820340262,2006,2012,2012,14349,False,False,False,False,True,False,False,False,False,False,True,False,True
405,6,12,5124454.453,total,,0.07661470302,2006,2012,2012,14349,False,False,False,False,True,False,False,False,False,False,True,False,True
406,6,12,5663990.736,total,,0.04540534072,2006,2012,2012,14349,False,False,False,False,True,False,False,False,False,False,True,False,True
407,6,12,6258809.182,total,,0.09977372582,2006,2012,2012,14349,False,False,False,False,True,False,False,False,False,False,True,False,True
408,6,12,6916378.071,total,,-0.1075623961,2006,2012,2012,14349,False,False,False,False,True,False,False,False,False,False,True,False,True
409,6,12,7645776.131,total,,0.2762064119,2006,2012,2012,14349,False,False,False,False,True,False,False,False,False,False,True,False,True
410,6,12,8448157.535,total,,0.1086177326,2006,2012,2012,14349,False,False,False,False,True,False,False,False,False,False,True,False,True
411,6,12,9339793.609,total,,0.09190449766,2006,2012,2012,14349,False,False,False,False,True,False,False,False,False,False,True,False,True
412,6,12,10321511.9,total,,0.08137862072,2006,2012,2012,14349,False,False,False,False,True,False,False,False,False,False,False,True,True
413,6,12,11399077.69,total,,0.1434879395,2006,2012,2012,14349,False,False,False,False,True,False,False,False,False,False,False,True,True
414,6,12,12594754.03,total,,0.1516081649,2006,2012,2012,14349,False,False,False,False,True,False,False,False,False,False,False,True,True
415,6,12,13921670.77,total,,0.1265642949,2006,2012,2012,14349,False,False,False,False,True,False,False,False,False,False,False,True,True
416,6,12,15390223.95,total,,0.1690760332,2006,2012,2012,14349,False,False,False,False,True,False,False,False,False,False,False,True,True
417,6,12,17010322.75,total,,0.1497891278,2006,2012,2012,14349,False,False,False,False,True,False,False,False,False,False,False,True,True
418,6,12,18793447.63,total,,0.1545612032,2006,2012,2012,14349,False,False,False,False,True,False,False,False,False,False,False,True,True
419,6,12,19879882.63,total,,0.1430148003,2006,2012,2012,14349,False,False,False,False,True,False,False,False,False,False,False,True,True
420,6,12,155000,total,,0.6269559514,2006,2013,2015,14356,False,False,False,False,True,False,False,False,False,True,False,False,True
421,6,12,169926.4547,total,,0.6176292978,2006,2013,2015,14356,False,False,False,False,True,False,False,False,False,True,False,False,True
422,6,12,189934.1991,total,,0.6118294795,2006,2013,2015,14356,False,False,False,False,True,False,False,False,False,True,False,False,True
423,6,12,209940.4678,total,,0.6033609243,2006,2013,2015,14356,False,False,False,False,True,False,False,False,False,True,False,False,True
424,6,12,229945.6458,total,,0.6006462357,2006,2013,2015,14356,False,False,False,False,True,False,False,False,False,True,False,False,True
425,6,12,254869.214,total,,0.5939871671,2006,2013,2015,14356,False,False,False,False,True,False,False,False,False,True,False,False,True
426,6,12,284882.9929,total,,0.5870371177,2006,2013,2015,14356,False,False,False,False,True,False,False,False,False,True,False,False,True
427,6,12,314894.1443,total,,0.580848977,2006,2013,2015,14356,False,False,False,False,True,False,False,False,False,True,False,False,True
428,6,12,344903.3546,total,,0.5691397255,2006,2013,2015,14356,False,False,False,False,True,False,False,False,False,True,False,False,True
429,6,12,379835.4451,total,,0.5600860485,2006,2013,2015,14356,False,False,False,False,True,False,False,False,False,True,False,False,True
430,6,12,419851.1303,total,,0.5497693488,2006,2013,2015,14356,False,False,False,False,True,False,False,False,False,True,False,False,True
431,6,12,464784.8268,total,,0.5400289943,2006,2013,2015,14356,False,False,False,False,True,False,False,False,False,True,False,False,True
432,6,12,514805.7373,total,,0.5242922425,2006,2013,2015,14356,False,False,False,False,True,False,False,False,False,True,False,False,True
433,6,12,569744.0105,total,,0.5150344563,2006,2013,2015,14356,False,False,False,False,True,False,False,False,False,True,False,False,True
434,6,12,619899.1749,total,,0.5018463068,2006,2013,2015,14356,False,False,False,False,True,False,False,False,False,True,False,False,True
435,6,12,2584461.575,total,,0.219842023,2006,2020,2020,14661,False,False,False,False,True,False,False,False,False,False,True,False,True
436,6,12,2809252.091,total,,0.3427026801,2006,2020,2020,14661,False,False,False,False,True,False,False,False,False,False,True,False,True
437,6,12,3108163.818,total,,0.2362531138,2006,2020,2020,14661,False,False,False,False,True,False,False,False,False,False,True,False,True
438,6,12,3435325.325,total,,0.4044926593,2006,2020,2020,14661,False,False,False,False,True,False,False,False,False,False,True,False,True
439,6,12,3791528.281,total,,0.360394929,2006,2020,2020,14661,False,False,False,False,True,False,False,False,False,False,True,False,True
440,6,12,4196370.367,total,,0.2936503816,2006,2020,2020,14661,False,False,False,False,True,False,False,False,False,False,True,False,True
441,6,12,4646452.128,total,,0.1709580821,2006,2020,2020,14661,False,False,False,False,True,False,False,False,False,False,True,False,True
442,6,12,5132842.259,total,,0.0852665367,2006,2020,2020,14661,False,False,False,False,True,False,False,False,False,False,True,False,True
443,6,12,5668716.927,total,,0.04276206106,2006,2020,2020,14661,False,False,False,False,True,False,False,False,False,False,True,False,True
444,6,12,6257030.423,total,,0.1080129511,2006,2020,2020,14661,False,False,False,False,True,False,False,False,False,False,True,False,True
445,6,12,6921428.708,total,,-0.08783454396,2006,2020,2020,14661,False,False,False,False,True,False,False,False,False,False,True,False,True
446,6,12,7648210.956,total,,0.2755977178,2006,2020,2020,14661,False,False,False,False,True,False,False,False,False,False,True,False,True
447,6,12,8440002.567,total,,0.1013311341,2006,2020,2020,14661,False,False,False,False,True,False,False,False,False,False,True,False,True
448,6,12,9328420.124,total,,0.09195019903,2006,2020,2020,14661,False,False,False,False,True,False,False,False,False,False,True,False,True
449,6,12,10327595.46,total,,0.08319050572,2006,2020,2020,14661,False,False,False,False,True,False,False,False,False,False,False,True,True
450,6,12,11406427.44,total,,0.1423068025,2006,2020,2020,14661,False,False,False,False,True,False,False,False,False,False,False,True,True
451,6,12,12561848.22,total,,0.144217857,2006,2020,2020,14661,False,False,False,False,True,False,False,False,False,False,False,True,True
452,6,12,13903370,total,,0.125724641,2006,2020,2020,14661,False,False,False,False,True,False,False,False,False,False,False,True,True
453,6,12,15402638.41,total,,0.163727736,2006,2020,2020,14661,False,False,False,False,True,False,False,False,False,False,False,True,True
454,6,12,16995573.77,total,,0.1502875171,2006,2020,2020,14661,False,False,False,False,True,False,False,False,False,False,False,True,True
455,6,12,18758520.98,total,,0.1667015001,2006,2020,2020,14661,False,False,False,False,True,False,False,False,False,False,False,True,True
456,6,12,19843930,total,,0.174030718,2006,2020,2020,14661,False,False,False,False,True,False,False,False,False,False,False,True,True
457,6,12,14100000,total,,0.1553360375,2006,2020,2020,31807,False,False,False,False,True,False,False,False,False,False,False,True,True
458,7,14,104396.7987,total,,0.6104496222,2006,2025,2025,23672,False,False,False,False,True,False,False,False,False,True,False,False,True
459,7,14,114621.1463,total,,0.6003808872,2006,2025,2025,23672,False,False,False,False,True,False,False,False,False,True,False,False,True
460,7,14,126697.5941,total,,0.5951260423,2006,2025,2025,23672,False,False,False,False,True,False,False,False,False,True,False,False,True
461,7,14,140051.256,total,,0.5831944228,2006,2025,2025,23672,False,False,False,False,True,False,False,False,False,True,False,False,True
462,7,14,154776.5706,total,,0.5729699738,2006,2025,2025,23672,False,False,False,False,True,False,False,False,False,True,False,False,True
463,7,14,171014.6206,total,,0.5615908244,2006,2025,2025,23672,False,False,False,False,True,False,False,False,False,True,False,False,True
464,7,14,188986.9441,total,,0.5499053639,2006,2025,2025,23672,False,False,False,False,True,False,False,False,False,True,False,False,True
465,7,14,208905.044,total,,0.534529708,2006,2025,2025,23672,False,False,False,False,True,False,False,False,False,True,False,False,True
466,7,14,230846.3359,total,,0.5205105217,2006,2025,2025,23672,False,False,False,False,True,False,False,False,False,True,False,False,True
467,7,14,255128.7423,total,,0.5106051153,2006,2025,2025,23672,False,False,False,False,True,False,False,False,False,True,False,False,True
468,7,14,282049.6416,total,,0.4942185509,2006,2025,2025,23672,False,False,False,False,True,False,False,False,False,True,False,False,True
469,7,14,311701.4988,total,,0.4765943689,2006,2025,2025,23672,False,False,False,False,True,False,False,False,False,True,False,False,True
470,7,14,344394.1687,total,,0.460610709,2006,2025,2025,23672,False,False,False,False,True,False,False,False,False,True,False,False,True
471,7,14,380497.9112,total,,0.4426410468,2006,2025,2025,23672,False,False,False,False,True,False,False,False,False,True,False,False,True
472,7,14,420464.03,total,,0.5249239237,2006,2025,2025,23672,False,False,False,False,True,False,False,False,False,True,False,False,True
473,7,14,464849.7533,total,,0.4073671069,2006,2025,2025,23672,False,False,False,False,True,False,False,False,False,True,False,False,True
474,7,14,513773.3106,total,,0.3766474816,2006,2025,2025,23672,False,False,False,False,True,False,False,False,False,True,False,False,True
475,7,14,567848.3628,total,,0.3063791393,2006,2025,2025,23672,False,False,False,False,True,False,False,False,False,True,False,False,True
476,7,14,627820.7943,total,,0.2858936021,2006,2025,2025,23672,False,False,False,False,True,False,False,False,False,True,False,False,True
477,7,14,693763.2074,total,,0.3674474132,2006,2025,2025,23672,False,False,False,False,True,False,False,False,False,True,False,False,True
478,7,14,766476.1621,total,,0.3003226503,2006,2025,2025,23672,False,False,False,False,True,False,False,False,False,True,False,False,True
479,7,14,846997.764,total,,0.2264352876,2006,2025,2025,23672,False,False,False,False,True,False,False,False,False,True,False,False,True
480,7,14,935952.6614,total,,0.09195511289,2006,2025,2025,23672,False,False,False,False,True,False,False,False,False,True,False,False,True
481,7,14,1033959.642,total,,0.3429218638,2006,2025,2025,23672,False,False,False,False,True,False,False,False,False,False,True,False,True
482,7,14,1143449.648,total,,0.308710629,2006,2025,2025,23672,False,False,False,False,True,False,False,False,False,False,True,False,True
483,7,14,1264615.328,total,,0.2156120571,2006,2025,2025,23672,False,False,False,False,True,False,False,False,False,False,True,False,True
484,7,14,1397100.685,total,,0.4017839855,2006,2025,2025,23672,False,False,False,False,True,False,False,False,False,False,True,False,True
485,7,14,1544071.526,total,,0.3361894666,2006,2025,2025,23672,False,False,False,False,True,False,False,False,False,False,True,False,True
486,7,14,1706818.172,total,,0.3237225818,2006,2025,2025,23672,False,False,False,False,True,False,False,False,False,False,True,False,True
487,7,14,1886626.092,total,,0.2570691039,2006,2025,2025,23672,False,False,False,False,True,False,False,False,False,False,True,False,True
488,7,14,2084654.298,total,,0.1915113501,2006,2025,2025,23672,False,False,False,False,True,False,False,False,False,False,True,False,True
489,7,14,2301986.145,total,,0.2048825595,2006,2025,2025,23672,False,False,False,False,True,False,False,False,False,False,True,False,True
490,7,14,2542510.657,total,,0.1617983395,2006,2025,2025,23672,False,False,False,False,True,False,False,False,False,False,True,False,True
491,7,14,2828566.056,total,,0.1698854128,2006,2025,2025,23672,False,False,False,False,True,False,False,False,False,False,True,False,True
492,7,14,3109173.937,total,,0.2385478877,2006,2025,2025,23672,False,False,False,False,True,False,False,False,False,False,True,False,True
493,7,14,3436510.915,total,,0.227584833,2006,2025,2025,23672,False,False,False,False,True,False,False,False,False,False,True,False,True
494,7,14,3801063.604,total,,0.2529537444,2006,2025,2025,23672,False,False,False,False,True,False,False,False,False,False,True,False,True
495,7,14,4199988.111,total,,0.3203419728,2006,2025,2025,23672,False,False,False,False,True,False,False,False,False,False,True,False,True
496,7,14,4641917.84,total,,0.1605365563,2006,2025,2025,23672,False,False,False,False,True,False,False,False,False,False,True,False,True
497,7,14,5130244.941,total,,0.1344958558,2006,2025,2025,23672,False,False,False,False,True,False,False,False,False,False,True,False,True
498,7,14,5668437.19,total,,0.1568877685,2006,2025,2025,23672,False,False,False,False,True,False,False,False,False,False,True,False,True
499,7,14,6259321.057,total,,0.1545018774,2006,2025,2025,23672,False,False,False,False,True,False,False,False,False,False,True,False,True
500,7,14,6919696.361,total,,0.1134366026,2006,2025,2025,23672,False,False,False,False,True,False,False,False,False,False,True,False,True
501,7,14,7657307.933,total,,0.1919234242,2006,2025,2025,23672,False,False,False,False,True,False,False,False,False,False,True,False,True
502,7,14,8462077.319,total,,0.1084773811,2006,2025,2025,23672,False,False,False,False,True,False,False,False,False,False,True,False,True
503,7,14,9356381.87,total,,0.1122058851,2006,2025,2025,23672,False,False,False,False,True,False,False,False,False,False,True,False,True
504,7,14,10322509.19,total,,0.1484256671,2006,2025,2025,23672,False,False,False,False,True,False,False,False,False,False,False,True,True
505,7,14,11387338.34,total,,0.1519501778,2006,2025,2025,23672,False,False,False,False,True,False,False,False,False,False,False,True,True
506,8,16,14296852.8,np,,-1.392544977,2006,2021,2022,23779,False,False,True,False,False,False,False,False,False,False,False,True,True
507,8,17,14296852.8,np,,-1.468521083,2006,2021,2022,23779,False,False,True,False,False,False,False,False,False,False,False,True,True
508,9,19,117692.1433,inelastic,,-0.7817375807,2006,2025,2025,23674,False,False,False,False,False,False,True,False,False,True,False,False,True
509,9,19,126732.1019,inelastic,,-0.5232625973,2006,2025,2025,23674,False,False,False,False,False,False,True,False,False,True,False,False,True
510,9,19,140103.2377,inelastic,,-0.4965332998,2006,2025,2025,23674,False,False,False,False,False,False,True,False,False,True,False,False,True
511,9,19,155055.305,inelastic,,-0.490212314,2006,2025,2025,23674,False,False,False,False,False,False,True,False,False,True,False,False,True
512,9,19,171030.2217,inelastic,,-0.4075641165,2006,2025,2025,23674,False,False,False,False,False,False,True,False,False,True,False,False,True
513,9,19,188745.2015,inelastic,,-0.2349783911,2006,2025,2025,23674,False,False,False,False,False,False,True,False,False,True,False,False,True
514,9,19,208852.9255,inelastic,,0.002426005036,2006,2025,2025,23674,False,False,False,False,False,False,True,False,False,True,False,False,True
515,9,19,231174.9137,inelastic,,0.2106250669,2006,2025,2025,23674,False,False,False,False,False,False,True,False,False,True,False,False,True
516,9,19,255214.5375,inelastic,,0.3128394164,2006,2025,2025,23674,False,False,False,False,False,False,True,False,False,True,False,False,True
517,9,19,281635.8079,inelastic,,0.1771716131,2006,2025,2025,23674,False,False,False,False,False,False,True,False,False,True,False,False,True
518,9,19,311455.3671,inelastic,,-0.1042248182,2006,2025,2025,23674,False,False,False,False,False,False,True,False,False,True,False,False,True
519,9,19,344131.233,inelastic,,-0.002342266339,2006,2025,2025,23674,False,False,False,False,False,False,True,False,False,True,False,False,True
520,9,19,380998.0293,inelastic,,0.1918560553,2006,2025,2025,23674,False,False,False,False,False,False,True,False,False,True,False,False,True
521,9,19,421195.0179,inelastic,,0.1104764327,2006,2025,2025,23674,False,False,False,False,False,False,True,False,False,True,False,False,True
522,9,19,464767.6487,inelastic,,-0.0398023818,2006,2025,2025,23674,False,False,False,False,False,False,True,False,False,True,False,False,True
523,9,19,513504.2481,inelastic,,-0.1476332868,2006,2025,2025,23674,False,False,False,False,False,False,True,False,False,True,False,False,True
524,9,19,568079.7955,inelastic,,-0.2578631866,2006,2025,2025,23674,False,False,False,False,False,False,True,False,False,True,False,False,True
525,9,19,629176.1597,inelastic,,-0.3047180778,2006,2025,2025,23674,False,False,False,False,False,False,True,False,False,True,False,False,True
526,9,19,694528.913,inelastic,,-0.2295085556,2006,2025,2025,23674,False,False,False,False,False,False,True,False,False,True,False,False,True
527,9,19,767088.922,inelastic,,-0.09601441509,2006,2025,2025,23674,False,False,False,False,False,False,True,False,False,True,False,False,True
528,9,19,847473.9963,inelastic,,-0.1093076459,2006,2025,2025,23674,False,False,False,False,False,False,True,False,False,True,False,False,True
529,9,19,936426.7039,inelastic,,-0.1572651701,2006,2025,2025,23674,False,False,False,False,False,False,True,False,False,True,False,False,True
530,9,19,1034531.509,inelastic,,-0.1851234733,2006,2025,2025,23674,False,False,False,False,False,False,True,False,False,False,True,False,True
531,9,19,1142478.631,inelastic,,-0.05245818089,2006,2025,2025,23674,False,False,False,False,False,False,True,False,False,False,True,False,True
532,9,19,1260677.997,inelastic,,-0.1114664869,2006,2025,2025,23674,False,False,False,False,False,False,True,False,False,False,True,False,True
533,9,19,1389594.985,inelastic,,-0.2544390474,2006,2025,2025,23674,False,False,False,False,False,False,True,False,False,False,True,False,True
534,9,19,1539367.12,inelastic,,-0.03325876796,2006,2025,2025,23674,False,False,False,False,False,False,True,False,False,False,True,False,True
535,9,19,1702831.867,inelastic,,-0.2196464724,2006,2025,2025,23674,False,False,False,False,False,False,True,False,False,False,True,False,True
536,9,19,1880210.636,inelastic,,-0.1162054178,2006,2025,2025,23674,False,False,False,False,False,False,True,False,False,False,True,False,True
537,9,19,2086859.437,inelastic,,-0.0872576183,2006,2025,2025,23674,False,False,False,False,False,False,True,False,False,False,True,False,True
538,9,19,2310723.626,inelastic,,-0.06467036772,2006,2025,2025,23674,False,False,False,False,False,False,True,False,False,False,True,False,True
539,9,19,2551165.336,inelastic,,-0.06730635331,2006,2025,2025,23674,False,False,False,False,False,False,True,False,False,False,True,False,True
540,9,19,2805986.542,inelastic,,-0.121632188,2006,2025,2025,23674,False,False,False,False,False,False,True,False,False,False,True,False,True
541,9,19,3101534.93,inelastic,,-0.122905024,2006,2025,2025,23674,False,False,False,False,False,False,True,False,False,False,True,False,True
542,9,19,3445872.286,inelastic,,-0.08783121027,2006,2025,2025,23674,False,False,False,False,False,False,True,False,False,False,True,False,True
543,9,19,3811635.07,inelastic,,-0.1518398369,2006,2025,2025,23674,False,False,False,False,False,False,True,False,False,False,True,False,True
544,9,19,4192759.447,inelastic,,-0.1491045305,2006,2025,2025,23674,False,False,False,False,False,False,True,False,False,False,True,False,True
545,9,19,4635075.898,inelastic,,-0.1783240509,2006,2025,2025,23674,False,False,False,False,False,False,True,False,False,False,True,False,True
546,9,19,5150410.09,inelastic,,-0.180021987,2006,2025,2025,23674,False,False,False,False,False,False,True,False,False,False,True,False,True
547,9,19,5685010.34,inelastic,,-0.2261148629,2006,2025,2025,23674,False,False,False,False,False,False,True,False,False,False,True,False,True
548,9,19,6307703.815,inelastic,,-0.337052442,2006,2025,2025,23674,False,False,False,False,False,False,True,False,False,False,True,False,True
549,9,19,6940036.708,inelastic,,-0.3817084875,2006,2025,2025,23674,False,False,False,False,False,False,True,False,False,False,True,False,True
550,9,19,7674758.599,inelastic,,-0.4583861262,2006,2025,2025,23674,False,False,False,False,False,False,True,False,False,False,True,False,True
551,9,19,8530932.959,inelastic,,-0.5217640402,2006,2025,2025,23674,False,False,False,False,False,False,True,False,False,False,True,False,True
552,9,19,9385993.301,inelastic,,-0.622025091,2006,2025,2025,23674,False,False,False,False,False,False,True,False,False,False,True,False,True
553,9,19,10377156.98,inelastic,,-0.7219464056,2006,2025,2025,23674,False,False,False,False,False,False,True,False,False,False,False,True,True
554,9,19,11535153.04,inelastic,,-0.8490185424,2006,2025,2025,23674,False,False,False,False,False,False,True,False,False,False,False,True,True
555,9,19,12654018.56,inelastic,,-0.9770502112,2006,2025,2025,23674,False,False,False,False,False,False,True,False,False,False,False,True,True
556,9,19,13949890.29,inelastic,,-1.033229426,2006,2025,2025,23674,False,False,False,False,False,False,True,False,False,False,False,True,True
557,9,19,15451782.49,inelastic,,-1.233584178,2006,2025,2025,23674,False,False,False,False,False,False,True,False,False,False,False,True,True
558,9,19,16839333.41,inelastic,,-1.273971646,2006,2025,2025,23674,False,False,False,False,False,False,True,False,False,False,False,True,True
559,9,19,18005300,inelastic,,-1.353737467,2006,2025,2025,23674,False,False,False,False,False,False,True,False,False,False,False,True,True
560,9,19,17500000,n2n,,-0.9788107009,2006,2022,2021,31842,False,True,False,False,False,False,False,False,False,False,False,True,True
561,9,19,4198014.681,na,,-1.250890936,2006,2013,2013,41572,False,False,False,True,False,False,False,False,False,False,True,False,True
562,9,19,4648207.007,na,,-1.076312815,2006,2013,2013,41572,False,False,False,True,False,False,False,False,False,False,True,False,True
563,9,19,5116315.949,na,,-1.124497428,2006,2013,2013,41572,False,False,False,True,False,False,False,False,False,False,True,False,True
564,9,19,5712801.32,na,,-1.033919308,2006,2013,2013,41572,False,False,False,True,False,False,False,False,False,False,True,False,True
565,9,19,6272625.009,na,,-0.9720696824,2006,2013,2013,41572,False,False,False,True,False,False,False,False,False,False,True,False,True
566,9,19,6922065.185,na,,-0.7740799597,2006,2013,2013,41572,False,False,False,True,False,False,False,False,False,False,True,False,True
567,9,19,7324957.338,na,,-0.7136221325,2006,2013,2013,41572,False,False,False,True,False,False,False,False,False,False,True,False,True
568,9,19,14100000,total,,0.318063335,2006,2020,2020,31807,False,False,False,False,True,False,False,False,False,False,False,True,True
569,11,23,14920000,capture,,-3.537602002,2006,2020,2020,33150,True,False,False,False,False,False,False,False,False,False,False,True,True
570,11,23,474759.7943,inelastic,,-1.97759278,2006,2012,2011,23137,False,False,False,False,False,False,True,False,False,True,False,False,True
571,11,23,513895.7838,inelastic,,-1.720152789,2006,2012,2011,23137,False,False,False,False,False,False,True,False,False,True,False,False,True
572,11,23,567896.941,inelastic,,-1.060810337,2006,2012,2011,23137,False,False,False,False,False,False,True,False,False,True,False,False,True
573,11,23,627572.2068,inelastic,,-0.7337683033,2006,2012,2011,23137,False,False,False,False,False,False,True,False,False,True,False,False,True
574,11,23,693717.0763,inelastic,,-0.454298756,2006,2012,2011,23137,False,False,False,False,False,False,True,False,False,True,False,False,True
575,11,23,766872.6422,inelastic,,-0.4086117997,2006,2012,2011,23137,False,False,False,False,False,False,True,False,False,True,False,False,True
576,11,23,847051.8648,inelastic,,-0.5687156751,2006,2012,2011,23137,False,False,False,False,False,False,True,False,False,True,False,False,True
577,11,23,935687.8031,inelastic,,-0.5052034332,2006,2012,2011,23137,False,False,False,False,False,False,True,False,False,True,False,False,True
578,11,23,1034099.431,inelastic,,-0.248616851,2006,2012,2011,23137,False,False,False,False,False,False,True,False,False,False,True,False,True
579,11,23,1143214.131,inelastic,,-0.2887037966,2006,2012,2011,23137,False,False,False,False,False,False,True,False,False,False,True,False,True
580,11,23,1263933.779,inelastic,,-0.3068639191,2006,2012,2011,23137,False,False,False,False,False,False,True,False,False,False,True,False,True
581,11,23,1397154.992,inelastic,,-0.4920809107,2006,2012,2011,23137,False,False,False,False,False,False,True,False,False,False,True,False,True
582,11,23,1543662.068,inelastic,,-0.4270122918,2006,2012,2011,23137,False,False,False,False,False,False,True,False,False,False,True,False,True
583,11,23,1705620.689,inelastic,,-0.2537416974,2006,2012,2011,23137,False,False,False,False,False,False,True,False,False,False,True,False,True
584,11,23,1885860.131,inelastic,,-0.2604420388,2006,2012,2011,23137,False,False,False,False,False,False,True,False,False,False,True,False,True
585,11,23,2084245.816,inelastic,,-0.1901813915,2006,2012,2011,23137,False,False,False,False,False,False,True,False,False,False,True,False,True
586,11,23,2304067.317,inelastic,,-0.1871000065,2006,2012,2011,23137,False,False,False,False,False,False,True,False,False,False,True,False,True
587,11,23,2547063.548,inelastic,,-0.2703355558,2006,2012,2011,23137,False,False,False,False,False,False,True,False,False,False,True,False,True
588,11,23,2814961.709,inelastic,,-0.1866266092,2006,2012,2011,23137,False,False,False,False,False,False,True,False,False,False,True,False,True
589,11,23,3109203.961,inelastic,,-0.1867209083,2006,2012,2011,23137,False,False,False,False,False,False,True,False,False,False,True,False,True
590,11,23,3435282.835,inelastic,,-0.1190052572,2006,2012,2011,23137,False,False,False,False,False,False,True,False,False,False,True,False,True
591,11,23,3722582.004,inelastic,,-0.08726978052,2006,2012,2011,23137,False,False,False,False,False,False,True,False,False,False,True,False,True
592,11,23,17500000,n2n,,-1.022276395,2006,2022,2021,31842,False,True,False,False,False,False,False,False,False,False,False,True,True
593,11,23,18500000,n2n,,-1.060480747,2006,2025,2024,31859,False,True,False,False,False,False,False,False,False,False,False,True,True
594,11,23,14075212.23,n2n,,-1.726960126,2006,2016,2016,41614,False,True,False,False,False,False,False,False,False,False,False,True,True
595,11,23,14780000,n2n,,-1.42365865,2006,2016,2016,41614,False,True,False,False,False,False,False,False,False,False,False,True,True
596,12,24,1450777.381,inelastic,,-2.415768464,2006,2014,2014,23258,False,False,False,False,False,False,True,False,False,False,True,False,True
597,12,24,1543662.009,inelastic,,-0.7409543581,2006,2014,2014,23258,False,False,False,False,False,False,True,False,False,False,True,False,True
598,12,24,1705621.713,inelastic,,-0.7539885375,2006,2014,2014,23258,False,False,False,False,False,False,True,False,False,False,True,False,True
599,12,24,1885859.857,inelastic,,-0.6285816716,2006,2014,2014,23258,False,False,False,False,False,False,True,False,False,False,True,False,True
600,12,24,2084245.792,inelastic,,-0.3950314531,2006,2014,2014,23258,False,False,False,False,False,False,True,False,False,False,True,False,True
601,12,24,2304067.21,inelastic,,-0.233975827,2006,2014,2014,23258,False,False,False,False,False,False,True,False,False,False,True,False,True
602,12,24,2547062.804,inelastic,,-0.2042105619,2006,2014,2014,23258,False,False,False,False,False,False,True,False,False,False,True,False,True
603,12,24,2814961.236,inelastic,,-0.328748907,2006,2014,2014,23258,False,False,False,False,False,False,True,False,False,False,True,False,True
604,12,24,3109204.097,inelastic,,-0.2648865694,2006,2014,2014,23258,False,False,False,False,False,False,True,False,False,False,True,False,True
605,12,24,3435283.078,inelastic,,-0.2427257656,2006,2014,2014,23258,False,False,False,False,False,False,True,False,False,False,True,False,True
606,12,24,3795765.969,inelastic,,-0.1862123415,2006,2014,2014,23258,False,False,False,False,False,False,True,False,False,False,True,False,True
607,12,24,4193406.978,inelastic,,-0.2434950612,2006,2014,2014,23258,False,False,False,False,False,False,True,False,False,False,True,False,True
608,12,24,4637084.893,inelastic,,0.004659672259,2006,2014,2014,23258,False,False,False,False,False,False,True,False,False,False,True,False,True
609,12,24,5124272.953,inelastic,,-0.04373530809,2006,2014,2014,23258,False,False,False,False,False,False,True,False,False,False,True,False,True
610,12,24,5665763.69,inelastic,,-0.03734047191,2006,2014,2014,23258,False,False,False,False,False,False,True,False,False,False,True,False,True
611,12,24,6266599.248,inelastic,,-0.1456407325,2006,2014,2014,23258,False,False,False,False,False,False,True,False,False,False,True,False,True
612,12,24,6919921.967,inelastic,,-0.1065406497,2006,2014,2014,23258,False,False,False,False,False,False,True,False,False,False,True,False,True
613,12,24,7639153.248,inelastic,,-0.1623803515,2006,2014,2014,23258,False,False,False,False,False,False,True,False,False,False,True,False,True
614,12,24,8444335.744,inelastic,,-0.2176851243,2006,2014,2014,23258,False,False,False,False,False,False,True,False,False,False,True,False,True
615,12,24,9346278.095,inelastic,,-0.2438944657,2006,2014,2014,23258,False,False,False,False,False,False,True,False,False,False,True,False,True
616,12,24,10334569.56,inelastic,,-0.2313985713,2006,2014,2014,23258,False,False,False,False,False,False,True,False,False,False,False,True,True
617,12,24,11411832.57,inelastic,,-0.2519491922,2006,2014,2014,23258,False,False,False,False,False,False,True,False,False,False,False,True,True
618,12,24,12607815.47,inelastic,,-0.2727617782,2006,2014,2014,23258,False,False,False,False,False,False,True,False,False,False,False,True,True
619,12,24,13933698.09,inelastic,,-0.3464946775,2006,2014,2014,23258,False,False,False,False,False,False,True,False,False,False,False,True,True
620,12,24,15400715.62,inelastic,,-0.3990516239,2006,2014,2014,23258,False,False,False,False,False,False,True,False,False,False,False,True,True
621,12,24,17019785.12,inelastic,,-0.5418299303,2006,2014,2014,23258,False,False,False,False,False,False,True,False,False,False,False,True,True
622,12,24,8444270.484,np,,-0.9361039619,2006,2007,2008,22976,False,False,True,False,False,False,False,False,False,False,True,False,True
623,12,24,9204547.883,np,,-0.9027426903,2006,2007,2008,22976,False,False,True,False,False,False,False,False,False,False,True,False,True
624,12,24,10289200.45,np,,-0.8254169108,2006,2007,2008,22976,False,False,True,False,False,False,False,False,False,False,False,True,True
625,12,24,11418679.76,np,,-0.7715483093,2006,2007,2008,22976,False,False,True,False,False,False,False,False,False,False,False,True,True
626,12,24,12611173.18,np,,-0.737469811,2006,2007,2008,22976,False,False,True,False,False,False,False,False,False,False,False,True,True
627,12,24,13723607.46,np,,-0.6836102489,2006,2007,2008,22976,False,False,True,False,False,False,False,False,False,False,False,True,True
628,12,24,14740000,np,,-0.7791077508,2006,2007,2008,22976,False,False,True,False,False,False,False,False,False,False,False,True,True
629,12,24,14050000,np,,-0.7328282716,2006,2023,2023,31858,False,False,True,False,False,False,False,False,False,False,False,True,True
630,12,25,4000000,na,,-1.65130581,2006,2018,2019,32783,False,False,False,True,False,False,False,False,False,False,True,False,True
631,12,25,4500000,na,,-1.573326112,2006,2018,2019,32783,False,False,False,True,False,False,False,False,False,False,True,False,True
632,12,25,5000000,na,,-1.532984182,2006,2018,2019,32783,False,False,False,True,False,False,False,False,False,False,True,False,True
633,12,25,5500000,na,,-1.426316307,2006,2018,2019,32783,False,False,False,True,False,False,False,False,False,False,True,False,True
634,12,25,6000000,na,,-1.403842919,2006,2018,2019,32783,False,False,False,True,False,False,False,False,False,False,True,False,True
635,12,26,13955747.49,na,,-1.198630596,2006,2008,2008,23034,False,False,False,True,False,False,False,False,False,False,False,True,True
636,12,26,14789834.35,na,,-1.291027022,2006,2008,2008,23034,False,False,False,True,False,False,False,False,False,False,False,True,True
637,12,26,14096954.74,na,,-1.286719515,2006,2016,2016,41614,False,False,False,True,False,False,False,False,False,False,False,True,True
638,12,26,14784857.12,na,,-1.27083521,2006,2016,2016,41614,False,False,False,True,False,False,False,False,False,False,False,True,True
639,13,26,83212.7995,na,,-1.365976406,2006,2021,2021,23752,False,False,False,True,False,False,False,False,True,False,False,False,False
640,13,26,93893.76976,na,,-0.9399635459,2006,2021,2021,23752,False,False,False,True,False,False,False,False,True,False,False,False,False
641,13,26,104109.093,na,,-0.9705891643,2006,2021,2021,23752,False,False,False,True,False,False,False,False,False,True,False,False,True
642,13,26,115487.1631,na,,-1.136260893,2006,2021,2021,23752,False,False,False,True,False,False,False,False,False,True,False,False,True
643,13,26,128099.0632,na,,-1.113546878,2006,2021,2021,23752,False,False,False,True,False,False,False,False,False,True,False,False,True
644,13,26,142060.3477,na,,-0.7296783714,2006,2021,2021,23752,False,False,False,True,False,False,False,False,False,True,False,False,True
645,13,26,154901.9044,na,,-0.9351490772,2006,2021,2021,23752,False,False,False,True,False,False,False,False,False,True,False,False,True
646,13,27,14134058.99,n2n,,-2.062195634,2006,2024,2025,32935,False,True,False,False,False,False,False,False,False,False,False,True,True
647,13,27,14854898.18,n2n,,-1.469800302,2006,2024,2025,32935,False,True,False,False,False,False,False,False,False,False,False,True,True
648,13,27,8444270.484,na,,-1.286929674,2006,2007,2008,22976,False,False,False,True,False,False,False,False,False,False,True,False,True
649,13,27,9204547.883,na,,-1.141914174,2006,2007,2008,22976,False,False,False,True,False,False,False,False,False,False,True,False,True
650,13,27,10289200.45,na,,-1.033482824,2006,2007,2008,22976,False,False,False,True,False,False,False,False,False,False,False,True,True
651,13,27,11485425.01,na,,-0.9570871278,2006,2007,2008,22976,False,False,False,True,False,False,False,False,False,False,False,True,True
652,13,27,12611173.18,na,,-0.9269540742,2006,2007,2008,22976,False,False,False,True,False,False,False,False,False,False,False,True,True
653,13,27,13723607.46,na,,-0.9050632648,2006,2007,2008,22976,False,False,False,True,False,False,False,False,False,False,False,True,True
654,13,27,14740000,na,,-0.9515581964,2006,2007,2008,22976,False,False,False,True,False,False,False,False,False,False,False,True,True
655,13,27,17500000,na,,-1.200659451,2006,2022,2021,31842,False,False,False,True,False,False,False,False,False,False,False,True,True
656,13,27,19800000,na,,-1.455931956,2006,2022,2021,31842,False,False,False,True,False,False,False,False,False,False,False,True,True
657,13,27,14770000,na,,-0.9393021596,2006,2009,2009,33025,False,False,False,True,False,False,False,False,False,False,False,True,True
658,13,27,7980000,np,,-1.106793247,2006,2007,2008,22976,False,False,True,False,False,False,False,False,False,False,True,False,True
659,13,27,9117887.255,np,,-1.071860293,2006,2007,2008,22976,False,False,True,False,False,False,False,False,False,False,True,False,True
660,13,27,10246462.49,np,,-1.01671208,2006,2007,2008,22976,False,False,True,False,False,False,False,False,False,False,False,True,True
661,13,27,11191572.05,np,,-0.9976179251,2006,2007,2008,22976,False,False,True,False,False,False,False,False,False,False,False,True,True
662,13,27,12593630.91,np,,-1.053957331,2006,2007,2008,22976,False,False,True,False,False,False,False,False,False,False,False,True,True
663,13,27,14012170.32,np,,-1.121286759,2006,2007,2008,22976,False,False,True,False,False,False,False,False,False,False,False,True,True
664,13,27,14921000,np,,-1.181774106,2006,2007,2008,22976,False,False,True,False,False,False,False,False,False,False,False,True,True
665,13,27,3200000,np,,-2.769551079,2006,2008,2008,23032,False,False,True,False,False,False,False,False,False,False,True,False,True
666,13,27,3570000,np,,-2.283996656,2006,2008,2008,23032,False,False,True,False,False,False,False,False,False,False,True,False,True
667,13,27,3786689.998,np,,-2.177178355,2006,2008,2008,23032,False,False,True,False,False,False,False,False,False,False,True,False,True
668,13,27,4220396.998,np,,-1.904830649,2006,2008,2008,23032,False,False,True,False,False,False,False,False,False,False,True,False,True
669,13,27,4635937.472,np,,-1.698427475,2006,2008,2008,23032,False,False,True,False,False,False,False,False,False,False,True,False,True
670,13,27,5126767.335,np,,-1.518557371,2006,2008,2008,23032,False,False,True,False,False,False,False,False,False,False,True,False,True
671,13,27,5712191.256,np,,-1.370845343,2006,2008,2008,23032,False,False,True,False,False,False,False,False,False,False,True,False,True
672,13,27,17500000,np,,-1.602059991,2006,2022,2021,31842,False,False,True,False,False,False,False,False,False,False,False,True,True
673,13,27,19800000,np,,-1.721246399,2006,2022,2021,31842,False,False,True,False,False,False,False,False,False,False,False,True,True
674,13,27,18500000,np,,-1.585026652,2006,2025,2024,31859,False,False,True,False,False,False,False,False,False,False,False,True,True
675,13,27,14048944.67,np,,-1.135150024,2006,2016,2016,41614,False,False,True,False,False,False,False,False,False,False,False,True,True
676,13,27,14810000,np,,-1.193820026,2006,2016,2016,41614,False,False,True,False,False,False,False,False,False,False,False,True,True
677,13,27,14100000,total,,0.2430380487,2006,2021,2022,31847,False,False,False,False,True,False,False,False,False,False,False,True,True
678,13,27,5745576.404,total,,0.3327327714,2006,2021,2024,32852,False,False,False,False,True,False,False,False,False,False,True,False,True
679,13,27,6297884.092,total,,0.3311913569,2006,2021,2024,32852,False,False,False,False,True,False,False,False,False,False,True,False,True
680,13,27,6905211.744,total,,0.3065215267,2006,2021,2024,32852,False,False,False,False,True,False,False,False,False,False,True,False,True
681,13,27,7657863.751,total,,0.2794821471,2006,2021,2024,32852,False,False,False,False,True,False,False,False,False,False,True,False,True
682,13,27,8494760.14,total,,0.2456933806,2006,2021,2024,32852,False,False,False,False,True,False,False,False,False,False,True,False,True
683,13,27,9314456.506,total,,0.241814719,2006,2021,2024,32852,False,False,False,False,True,False,False,False,False,False,True,False,True
684,13,27,10328590.86,total,,0.2194226179,2006,2021,2024,32852,False,False,False,False,True,False,False,False,False,False,False,True,True
685,13,27,11471008.28,total,,0.2441478031,2006,2021,2024,32852,False,False,False,False,True,False,False,False,False,False,False,True,True
686,13,27,12545516.1,total,,0.2755618368,2006,2021,2024,32852,False,False,False,False,True,False,False,False,False,False,False,True,True
687,13,27,13932172.68,total,,0.2700738957,2006,2021,2024,32852,False,False,False,False,True,False,False,False,False,False,False,True,True
688,13,27,15444738.87,total,,0.2801456814,2006,2021,2024,32852,False,False,False,False,True,False,False,False,False,False,False,True,True
689,13,27,16945204.8,total,,0.282505991,2006,2021,2024,32852,False,False,False,False,True,False,False,False,False,False,False,True,True
690,13,27,18810620.7,total,,0.2648631383,2006,2021,2024,32852,False,False,False,False,True,False,False,False,False,False,False,True,True
691,13,27,5745576.404,total,,0.323717093,2006,2021,2024,32852,False,False,False,False,True,False,False,False,False,False,True,False,True
692,13,27,6297884.092,total,,0.3186762388,2006,2021,2024,32852,False,False,False,False,True,False,False,False,False,False,True,False,True
693,13,27,6905211.744,total,,0.2969135225,2006,2021,2024,32852,False,False,False,False,True,False,False,False,False,False,True,False,True
694,13,27,7657863.751,total,,0.2742562474,2006,2021,2024,32852,False,False,False,False,True,False,False,False,False,False,True,False,True
695,13,27,8494760.14,total,,0.2416286501,2006,2021,2024,32852,False,False,False,False,True,False,False,False,False,False,True,False,True
696,13,27,9314456.506,total,,0.2351116272,2006,2021,2024,32852,False,False,False,False,True,False,False,False,False,False,True,False,True
697,13,27,10328590.86,total,,0.2307451624,2006,2021,2024,32852,False,False,False,False,True,False,False,False,False,False,False,True,True
698,13,27,11471008.28,total,,0.2416292725,2006,2021,2024,32852,False,False,False,False,True,False,False,False,False,False,False,True,True
699,13,27,12545516.1,total,,0.2715947782,2006,2021,2024,32852,False,False,False,False,True,False,False,False,False,False,False,True,True
700,13,27,13932172.68,total,,0.2716176665,2006,2021,2024,32852,False,False,False,False,True,False,False,False,False,False,False,True,True
701,13,27,15444738.87,total,,0.281475395,2006,2021,2024,32852,False,False,False,False,True,False,False,False,False,False,False,True,True
702,13,27,16945204.8,total,,0.2884957105,2006,2021,2024,32852,False,False,False,False,True,False,False,False,False,False,False,True,True
703,13,27,18810620.7,total,,0.2665661111,2006,2021,2024,32852,False,False,False,False,True,False,False,False,False,False,False,True,True
704,13,27,5752277.359,total,,0.2973161439,2006,2021,2024,32852,False,False,False,False,True,False,False,False,False,False,True,False,True
705,13,27,6232920.238,total,,0.3354468677,2006,2021,2024,32852,False,False,False,False,True,False,False,False,False,False,True,False,True
706,13,27,6916298.202,total,,0.274617773,2006,2021,2024,32852,False,False,False,False,True,False,False,False,False,False,True,False,True
707,13,27,7669947.819,total,,0.261562607,2006,2021,2024,32852,False,False,False,False,True,False,False,False,False,False,True,False,True
708,13,27,8412204.487,total,,0.2329389626,2006,2021,2024,32852,False,False,False,False,True,False,False,False,False,False,True,False,True
709,13,27,9331048.017,total,,0.2161833265,2006,2021,2024,32852,False,False,False,False,True,False,False,False,False,False,True,False,True
710,13,27,10346496.43,total,,0.2274933487,2006,2021,2024,32852,False,False,False,False,True,False,False,False,False,False,False,True,True
711,13,27,11346805.29,total,,0.2516114564,2006,2021,2024,32852,False,False,False,False,True,False,False,False,False,False,False,True,True
712,13,27,12592852.28,total,,0.2726240248,2006,2021,2024,32852,False,False,False,False,True,False,False,False,False,False,False,True,True
713,13,27,13945966.41,total,,0.2821835191,2006,2021,2024,32852,False,False,False,False,True,False,False,False,False,False,False,True,True
714,13,27,15295259.93,total,,0.277000317,2006,2021,2024,32852,False,False,False,False,True,False,False,False,False,False,False,True,True
715,13,27,16990581.97,total,,0.2780334468,2006,2021,2024,32852,False,False,False,False,True,False,False,False,False,False,False,True,True
716,13,27,18818852.41,total,,0.2643023826,2006,2021,2024,32852,False,False,False,False,True,False,False,False,False,False,False,True,True
717,13,27,19900000,total,,0.2498047228,2006,2021,2024,32852,False,False,False,False,True,False,False,False,False,False,False,True,True
718,13,27,5752277.359,total,,0.3107860369,2006,2021,2024,32852,False,False,False,False,True,False,False,False,False,False,True,False,True
719,13,27,6232920.238,total,,0.327680704,2006,2021,2024,32852,False,False,False,False,True,False,False,False,False,False,True,False,True
720,13,27,6916298.202,total,,0.2800713977,2006,2021,2024,32852,False,False,False,False,True,False,False,False,False,False,True,False,True
721,13,27,7669947.819,total,,0.2539979125,2006,2021,2024,32852,False,False,False,False,True,False,False,False,False,False,True,False,True
722,13,27,8412204.487,total,,0.2322303409,2006,2021,2024,32852,False,False,False,False,True,False,False,False,False,False,True,False,True
723,13,27,9331048.017,total,,0.2208191207,2006,2021,2024,32852,False,False,False,False,True,False,False,False,False,False,True,False,True
724,13,27,10346496.43,total,,0.2259150618,2006,2021,2024,32852,False,False,False,False,True,False,False,False,False,False,False,True,True
725,13,27,11346805.29,total,,0.2549050089,2006,2021,2024,32852,False,False,False,False,True,False,False,False,False,False,False,True,True
726,13,27,12592852.28,total,,0.2758275931,2006,2021,2024,32852,False,False,False,False,True,False,False,False,False,False,False,True,True
727,13,27,13945966.41,total,,0.2822356749,2006,2021,2024,32852,False,False,False,False,True,False,False,False,False,False,False,True,True
728,13,27,15295259.93,total,,0.2773174859,2006,2021,2024,32852,False,False,False,False,True,False,False,False,False,False,False,True,True
729,13,27,16990581.97,total,,0.271842071,2006,2021,2024,32852,False,False,False,False,True,False,False,False,False,False,False,True,True
730,13,27,18818852.41,total,,0.2638466563,2006,2021,2024,32852,False,False,False,False,True,False,False,False,False,False,False,True,True
731,13,27,19900000,total,,0.2578752825,2006,2021,2024,32852,False,False,False,False,True,False,False,False,False,False,False,True,True
732,14,28,1909989.282,inelastic,,-0.7450701165,2006,2013,2011,23173,False,False,False,False,False,False,True,False,False,False,True,False,True
733,14,28,2084245.792,inelastic,,-0.6956365785,2006,2013,2011,23173,False,False,False,False,False,False,True,False,False,False,True,False,True
734,14,28,2304067.21,inelastic,,-0.3201590296,2006,2013,2011,23173,False,False,False,False,False,False,True,False,False,False,True,False,True
735,14,28,2547062.804,inelastic,,-0.4385697199,2006,2013,2011,23173,False,False,False,False,False,False,True,False,False,False,True,False,True
736,14,28,2814961.236,inelastic,,-0.291741724,2006,2013,2011,23173,False,False,False,False,False,False,True,False,False,False,True,False,True
737,14,28,3109204.097,inelastic,,-0.2688680616,2006,2013,2011,23173,False,False,False,False,False,False,True,False,False,False,True,False,True
738,14,28,3435283.078,inelastic,,-0.2479147329,2006,2013,2011,23173,False,False,False,False,False,False,True,False,False,False,True,False,True
739,14,28,3795765.969,inelastic,,-0.2657249705,2006,2013,2011,23173,False,False,False,False,False,False,True,False,False,False,True,False,True
740,14,28,4193406.978,inelastic,,-0.1622850759,2006,2013,2011,23173,False,False,False,False,False,False,True,False,False,False,True,False,True
741,14,28,4637084.893,inelastic,,-0.1090713315,2006,2013,2011,23173,False,False,False,False,False,False,True,False,False,False,True,False,True
742,14,28,5124272.953,inelastic,,-0.1176532247,2006,2013,2011,23173,False,False,False,False,False,False,True,False,False,False,True,False,True
743,14,28,5665763.69,inelastic,,-0.1404589807,2006,2013,2011,23173,False,False,False,False,False,False,True,False,False,False,True,False,True
744,14,28,6121874.771,inelastic,,-0.1644921401,2006,2013,2011,23173,False,False,False,False,False,False,True,False,False,False,True,False,True
745,14,28,14900000,inelastic,,-0.3925449768,2006,2011,2011,32688,False,False,False,False,False,False,True,False,False,False,False,True,True
746,14,28,14900000,na,,-1.031517051,2006,2011,2011,32688,False,False,False,True,False,False,False,False,False,False,False,True,True
747,14,28,7046232.539,np,,-0.7367190857,2006,2007,2008,22976,False,False,True,False,False,False,False,False,False,False,True,False,True
748,14,28,7674066.082,np,,-0.6437191255,2006,2007,2008,22976,False,False,True,False,False,False,False,False,False,False,True,False,True
749,14,28,8502262.346,np,,-0.6552148774,2006,2007,2008,22976,False,False,True,False,False,False,False,False,False,False,True,False,True
750,14,28,9341936.18,np,,-0.640670541,2006,2007,2008,22976,False,False,True,False,False,False,False,False,False,False,True,False,True
751,14,28,10137391.18,np,,-0.594568258,2006,2007,2008,22976,False,False,True,False,False,False,False,False,False,False,False,True,True
752,14,28,11314180,np,,-0.5947675083,2006,2007,2008,22976,False,False,True,False,False,False,False,False,False,False,False,True,True
753,14,28,12775117.06,np,,-0.5735700748,2006,2007,2008,22976,False,False,True,False,False,False,False,False,False,False,False,True,True
754,14,28,13678010.27,np,,-0.5756901798,2006,2007,2008,22976,False,False,True,False,False,False,False,False,False,False,False,True,True
755,14,28,4230000,np,,-2.661543506,2006,2008,2008,23032,False,False,True,False,False,False,False,False,False,False,True,False,True
756,14,28,4610878.441,np,,-2.062983893,2006,2008,2008,23032,False,False,True,False,False,False,False,False,False,False,True,False,True
757,14,28,5133478.353,np,,-1.629857153,2006,2008,2008,23032,False,False,True,False,False,False,False,False,False,False,True,False,True
758,14,28,5767781.203,np,,-1.210771943,2006,2008,2008,23032,False,False,True,False,False,False,False,False,False,False,True,False,True
759,14,28,14900000,np,,-0.6055483192,2006,2011,2011,32688,False,False,True,False,False,False,False,False,False,False,False,True,True
760,14,28,14053361.84,np,,-0.5662301661,2006,2016,2016,41614,False,False,True,False,False,False,False,False,False,False,False,True,True
761,14,28,14810000,np,,-0.6575773192,2006,2016,2016,41614,False,False,True,False,False,False,False,False,False,False,False,True,True
762,14,29,14900000,inelastic,,-0.5100415206,2006,2011,2011,32688,False,False,False,False,False,False,True,False,False,False,False,True,True
763,14,29,14900000,na,,-0.8894102897,2006,2011,2011,32688,False,False,False,True,False,False,False,False,False,False,False,True,True
764,14,29,7046232.539,np,,-1.270430274,2006,2007,2008,22976,False,False,True,False,False,False,False,False,False,False,True,False,True
765,14,29,7674066.082,np,,-1.256229006,2006,2007,2008,22976,False,False,True,False,False,False,False,False,False,False,True,False,True
766,14,29,8502262.346,np,,-1.132532512,2006,2007,2008,22976,False,False,True,False,False,False,False,False,False,False,True,False,True
767,14,29,9341936.18,np,,-1.149353765,2006,2007,2008,22976,False,False,True,False,False,False,False,False,False,False,True,False,True
768,14,29,10137391.18,np,,-1.046481919,2006,2007,2008,22976,False,False,True,False,False,False,False,False,False,False,False,True,True
769,14,29,11314180,np,,-0.9928214154,2006,2007,2008,22976,False,False,True,False,False,False,False,False,False,False,False,True,True
770,14,29,12775117.06,np,,-0.9228138459,2006,2007,2008,22976,False,False,True,False,False,False,False,False,False,False,False,True,True
771,14,29,13678010.27,np,,-0.8922813895,2006,2007,2008,22976,False,False,True,False,False,False,False,False,False,False,False,True,True
772,14,29,4560000,np,,-2.017728767,2006,2008,2008,23032,False,False,True,False,False,False,False,False,False,False,True,False,True
773,14,29,5133478.353,np,,-1.772113295,2006,2008,2008,23032,False,False,True,False,False,False,False,False,False,False,True,False,True
774,14,29,5767781.203,np,,-1.607303047,2006,2008,2008,23032,False,False,True,False,False,False,False,False,False,False,True,False,True
775,14,30,14900000,inelastic,,-0.4294570601,2006,2011,2011,32688,False,False,False,False,False,False,True,False,False,False,False,True,True
776,14,30,7823874.36,na,,-2.530177984,2006,2007,2008,22976,False,False,False,True,False,False,False,False,False,False,True,False,True
777,14,30,8502262.346,na,,-2.070581074,2006,2007,2008,22976,False,False,False,True,False,False,False,False,False,False,True,False,True
778,14,30,9341936.18,na,,-1.749579998,2006,2007,2008,22976,False,False,False,True,False,False,False,False,False,False,True,False,True
779,14,30,10137391.18,na,,-1.410050399,2006,2007,2008,22976,False,False,False,True,False,False,False,False,False,False,False,True,True
780,14,30,11314180,na,,-1.307153081,2006,2007,2008,22976,False,False,False,True,False,False,False,False,False,False,False,True,True
781,14,30,12775117.06,na,,-1.221125528,2006,2007,2008,22976,False,False,False,True,False,False,False,False,False,False,False,True,True
782,14,30,13678010.27,na,,-1.159266765,2006,2007,2008,22976,False,False,False,True,False,False,False,False,False,False,False,True,True
783,14,30,14014073.73,na,,-1.185530429,2006,2016,2016,41614,False,False,False,True,False,False,False,False,False,False,False,True,True
784,14,30,14810000,na,,-1.150580586,2006,2016,2016,41614,False,False,False,True,False,False,False,False,False,False,False,True,True
785,17,35,2740000,na,,-2.377785977,2006,2019,2019,14556,False,False,False,True,False,False,False,False,False,False,True,False,True
786,17,35,2420000,na,,-2.920818754,2006,2019,2019,14556,False,False,False,True,False,False,False,False,False,False,True,False,True
787,17,35,2579534.8,na,,-2.303934986,2006,2019,2019,14556,False,False,False,True,False,False,False,False,False,False,True,False,True
788,17,35,2420000,na,,-2.853871964,2006,2019,2019,14556,False,False,False,True,False,False,False,False,False,False,True,False,True
789,17,35,2579534.8,na,,-2.350016456,2006,2019,2019,14556,False,False,False,True,False,False,False,False,False,False,True,False,True
790,17,35,2849561.37,na,,-1.740645073,2006,2024,2024,14840,False,False,False,True,False,False,False,False,False,False,True,False,True
791,17,35,3098924.358,na,,-1.487360067,2006,2024,2024,14840,False,False,False,True,False,False,False,False,False,False,True,False,True
792,17,35,3448187.32,na,,-1.223898382,2006,2024,2024,14840,False,False,False,True,False,False,False,False,False,False,True,False,True
793,17,35,3798683.983,na,,-1.087060913,2006,2024,2024,14840,False,False,False,True,False,False,False,False,False,False,True,False,True
794,17,35,4198809.355,na,,-0.9098830892,2006,2024,2024,14840,False,False,False,True,False,False,False,False,False,False,True,False,True
795,17,35,4598912.915,na,,-0.8583151127,2006,2024,2024,14840,False,False,False,True,False,False,False,False,False,False,True,False,True
796,17,35,5097384.28,na,,-0.7966950839,2006,2024,2024,14840,False,False,False,True,False,False,False,False,False,False,True,False,True
797,17,35,5623610.94,na,,-0.7395469824,2006,2024,2024,14840,False,False,False,True,False,False,False,False,False,False,True,False,True
798,17,35,6198185.218,na,,-0.739225243,2006,2024,2024,14840,False,False,False,True,False,False,False,False,False,False,True,False,True
799,17,35,6945680.77,na,,-0.734663222,2006,2024,2024,14840,False,False,False,True,False,False,False,False,False,False,True,False,True
800,17,35,7698538.822,na,,-0.7275317895,2006,2024,2024,14840,False,False,False,True,False,False,False,False,False,False,True,False,True
801,17,35,8496322.734,na,,-0.7336154096,2006,2024,2024,14840,False,False,False,True,False,False,False,False,False,False,True,False,True
802,17,35,9496709.957,na,,-0.7478875992,2006,2024,2024,14840,False,False,False,True,False,False,False,False,False,False,True,False,True
803,17,35,10497023.39,na,,-0.7493238883,2006,2024,2024,14840,False,False,False,True,False,False,False,False,False,False,False,True,True
804,17,35,11497282.29,na,,-0.7349933943,2006,2024,2024,14840,False,False,False,True,False,False,False,False,False,False,False,True,True
805,17,35,12250000,na,,-0.7567138539,2006,2024,2024,14840,False,False,False,True,False,False,False,False,False,False,False,True,True
806,17,35,2025000,na,,-2.954677021,2006,2024,2024,14840,False,False,False,True,False,False,False,False,False,False,True,False,True
807,17,35,2275000,na,,-2.583359493,2006,2024,2024,14840,False,False,False,True,False,False,False,False,False,False,True,False,True
808,17,35,2525000,na,,-2.140861703,2006,2024,2024,14840,False,False,False,True,False,False,False,False,False,False,True,False,True
809,17,35,2775000,na,,-1.782252927,2006,2024,2024,14840,False,False,False,True,False,False,False,False,False,False,True,False,True
810,17,35,3025000,na,,-1.561457651,2006,2024,2024,14840,False,False,False,True,False,False,False,False,False,False,True,False,True
811,17,35,3397701.429,na,,-1.255198681,2006,2024,2024,14840,False,False,False,True,False,False,False,False,False,False,True,False,True
812,17,35,3775000,na,,-1.076496933,2006,2024,2024,14840,False,False,False,True,False,False,False,False,False,False,True,False,True
813,17,35,4148117.043,na,,-0.9024130155,2006,2024,2024,14840,False,False,False,True,False,False,False,False,False,False,True,False,True
814,17,35,4648319.589,na,,-0.7859645857,2006,2024,2024,14840,False,False,False,True,False,False,False,False,False,False,True,False,True
815,17,35,5148482.786,na,,-0.7307790185,2006,2024,2024,14840,False,False,False,True,False,False,False,False,False,False,True,False,True
816,17,35,5648617.087,na,,-0.6936822189,2006,2024,2024,14840,False,False,False,True,False,False,False,False,False,False,True,False,True
817,17,35,6271678.189,na,,-0.7066374453,2006,2024,2024,14840,False,False,False,True,False,False,False,False,False,False,True,False,True
818,17,35,7022033.148,na,,-0.7170231053,2006,2024,2024,14840,False,False,False,True,False,False,False,False,False,False,True,False,True
819,17,35,7772319.548,na,,-0.7108199702,2006,2024,2024,14840,False,False,False,True,False,False,False,False,False,False,True,False,True
820,17,35,8522555.506,na,,-0.7054676427,2006,2024,2024,14840,False,False,False,True,False,False,False,False,False,False,True,False,True
821,17,35,9395842.319,na,,-0.6910729366,2006,2024,2024,14840,False,False,False,True,False,False,False,False,False,False,True,False,True
822,17,35,10025000,na,,-0.7109687649,2006,2024,2024,14840,False,False,False,True,False,False,False,False,False,False,False,True,True
823,17,35,3300000,na,,-1.360513511,2006,2021,2021,41744,False,False,False,True,False,False,False,False,False,False,True,False,True
824,17,35,3900000,na,,-1.255707017,2006,2021,2021,41744,False,False,False,True,False,False,False,False,False,False,True,False,True
825,17,35,4300000,na,,-1.129011186,2006,2021,2021,41744,False,False,False,True,False,False,False,False,False,False,True,False,True
826,17,35,4647580.015,na,,-1.026410377,2006,2021,2021,41744,False,False,False,True,False,False,False,False,False,False,True,False,True
827,17,35,5131827.11,na,,-0.969063119,2006,2021,2021,41744,False,False,False,True,False,False,False,False,False,False,True,False,True
828,17,35,2740000,np,,-1.548981548,2006,2019,2019,14556,False,False,True,False,False,False,False,False,False,False,True,False,True
829,17,35,2420000,np,,-1.779891912,2006,2019,2019,14556,False,False,True,False,False,False,False,False,False,False,True,False,True
830,17,35,2579534.8,np,,-1.395413985,2006,2019,2019,14556,False,False,True,False,False,False,False,False,False,False,True,False,True
831,17,35,2740000,np,,-1.501689446,2006,2019,2019,14556,False,False,True,False,False,False,False,False,False,False,True,False,True
832,17,35,2420000,np,,-1.707743929,2006,2019,2019,14556,False,False,True,False,False,False,False,False,False,False,True,False,True
833,17,35,2579534.8,np,,-1.415668776,2006,2019,2019,14556,False,False,True,False,False,False,False,False,False,False,True,False,True
834,17,35,2740000,np,,-1.48945499,2006,2019,2019,14556,False,False,True,False,False,False,False,False,False,False,True,False,True
835,17,35,321930.0978,np,,-2.1837587,2006,2024,2024,14840,False,False,True,False,False,False,False,False,False,True,False,False,True
836,17,35,337475.1089,np,,-1.755139969,2006,2024,2024,14840,False,False,True,False,False,False,False,False,False,True,False,False,True
837,17,35,376968.9475,np,,-2.214966916,2006,2024,2024,14840,False,False,True,False,False,False,False,False,False,True,False,False,True
838,17,35,418042.9895,np,,-2.490430933,2006,2024,2024,14840,False,False,True,False,False,False,False,False,False,True,False,False,True
839,17,35,468103.6712,np,,-2.120808514,2006,2024,2024,14840,False,False,True,False,False,False,False,False,False,True,False,False,True
840,17,35,514126.92,np,,-1.905478961,2006,2024,2024,14840,False,False,True,False,False,False,False,False,False,True,False,False,True
841,17,35,570111.5698,np,,-2.452225295,2006,2024,2024,14840,False,False,True,False,False,False,False,False,False,True,False,False,True
842,17,35,628704.5718,np,,-1.893701719,2006,2024,2024,14840,False,False,True,False,False,False,False,False,False,True,False,False,True
843,17,35,695093.3912,np,,-1.738089808,2006,2024,2024,14840,False,False,True,False,False,False,False,False,False,True,False,False,True
844,17,35,768037.566,np,,-1.586611473,2006,2024,2024,14840,False,False,True,False,False,False,False,False,False,True,False,False,True
845,17,35,847909.9869,np,,-1.487515724,2006,2024,2024,14840,False,False,True,False,False,False,False,False,False,True,False,False,True
846,17,35,934842.8664,np,,-1.549114803,2006,2024,2024,14840,False,False,True,False,False,False,False,False,False,True,False,False,True
847,17,35,1032396.251,np,,-1.348799546,2006,2024,2024,14840,False,False,True,False,False,False,False,False,False,False,True,False,True
848,17,35,1141948.337,np,,-1.310843418,2006,2024,2024,14840,False,False,True,False,False,False,False,False,False,False,True,False,True
849,17,35,1265198.072,np,,-1.420232731,2006,2024,2024,14840,False,False,True,False,False,False,False,False,False,False,True,False,True
850,17,35,1398346.979,np,,-1.325866353,2006,2024,2024,14840,False,False,True,False,False,False,False,False,False,False,True,False,True
851,17,35,1540951.511,np,,-1.150467983,2006,2024,2024,14840,False,False,True,False,False,False,False,False,False,False,True,False,True
852,17,35,1706541.653,np,,-1.155735156,2006,2024,2024,14840,False,False,True,False,False,False,False,False,False,False,True,False,True
853,17,35,1891591.785,np,,-1.055476951,2006,2024,2024,14840,False,False,True,False,False,False,False,False,False,False,True,False,True
854,17,35,2088166.971,np,,-1.076119,2006,2024,2024,14840,False,False,True,False,False,False,False,False,False,False,True,False,True
855,17,35,2305450.115,np,,-1.149402771,2006,2024,2024,14840,False,False,True,False,False,False,False,False,False,False,True,False,True
856,17,35,2544813.04,np,,-0.9611414984,2006,2024,2024,14840,False,False,True,False,False,False,False,False,False,False,True,False,True
857,17,35,2807890.936,np,,-0.8953460011,2006,2024,2024,14840,False,False,True,False,False,False,False,False,False,False,True,False,True
858,17,35,3114031.841,np,,-0.8599670845,2006,2024,2024,14840,False,False,True,False,False,False,False,False,False,False,True,False,True
859,17,35,3451500.337,np,,-0.7860176504,2006,2024,2024,14840,False,False,True,False,False,False,False,False,False,False,True,False,True
860,17,35,3768482.928,np,,-0.8280571841,2006,2024,2024,14840,False,False,True,False,False,False,False,False,False,False,True,False,True
861,17,35,4186088.908,np,,-0.7586693922,2006,2024,2024,14840,False,False,True,False,False,False,False,False,False,False,True,False,True
862,17,35,4622894.156,np,,-0.7044329,2006,2024,2024,14840,False,False,True,False,False,False,False,False,False,False,True,False,True
863,17,35,5123099.787,np,,-0.6872938544,2006,2024,2024,14840,False,False,True,False,False,False,False,False,False,False,True,False,True
864,17,35,5684851.374,np,,-0.6862888164,2006,2024,2024,14840,False,False,True,False,False,False,False,False,False,False,True,False,True
865,17,35,6309923.371,np,,-0.7144201893,2006,2024,2024,14840,False,False,True,False,False,False,False,False,False,False,True,False,True
866,17,35,6873583.742,np,,-0.7142402175,2006,2024,2024,14840,False,False,True,False,False,False,False,False,False,False,True,False,True
867,18,40,5460000,capture,,-3.431798276,2006,2014,2014,14398,True,False,False,False,False,False,False,False,False,False,True,False,True
868,18,40,6000000,capture,,-3.443697499,2006,2014,2014,14398,True,False,False,False,False,False,False,False,False,False,True,False,True
869,18,40,7040000,capture,,-3.508638306,2006,2014,2014,14398,True,False,False,False,False,False,False,False,False,False,True,False,True
870,18,40,14800000,capture,,-3.346787486,2006,2014,2014,14398,True,False,False,False,False,False,False,False,False,False,False,True,True
871,18,40,9370000,np,,-2.747146969,2006,2012,2012,14326,False,False,True,False,False,False,False,False,False,False,True,False,True
872,18,40,10112032.44,np,,-2.446723954,2006,2012,2012,14326,False,False,True,False,False,False,False,False,False,False,False,True,True
873,18,40,11349467.94,np,,-2.110698297,2006,2012,2012,14326,False,False,True,False,False,False,False,False,False,False,False,True,True
874,18,40,12592616.88,np,,-1.896709528,2006,2012,2012,14326,False,False,True,False,False,False,False,False,False,False,False,True,True
875,18,40,13830759.73,np,,-1.689023621,2006,2012,2012,14326,False,False,True,False,False,False,False,False,False,False,False,True,True
876,18,40,14830000,np,,-1.555018888,2006,2012,2012,14326,False,False,True,False,False,False,False,False,False,False,False,True,True
877,19,41,14920000,na,,-1.600499339,2006,2022,2021,33163,False,False,False,True,False,False,False,False,False,False,False,True,True
878,19,41,13962533.5,na,,-1.477990713,2006,2016,2016,41614,False,False,False,True,False,False,False,False,False,False,False,True,True
879,19,41,14754694.17,na,,-1.544393887,2006,2016,2016,41614,False,False,False,True,False,False,False,False,False,False,False,True,True
880,19,41,5079517.694,np,,-1.858550227,2006,2008,2008,23032,False,False,True,False,False,False,False,False,False,False,True,False,True
881,19,41,5723844.862,np,,-1.815308569,2006,2008,2008,23032,False,False,True,False,False,False,False,False,False,False,True,False,True
882,19,41,14920000,np,,-1.376337293,2006,2020,2020,33150,False,False,True,False,False,False,False,False,False,False,False,True,True
883,19,41,13962533.5,np,,-1.27764034,2006,2016,2016,41614,False,False,True,False,False,False,False,False,False,False,False,True,True
884,19,41,14754694.17,np,,-1.315154638,2006,2016,2016,41614,False,False,True,False,False,False,False,False,False,False,False,True,True
885,20,40,12604442.88,total,,0.3774276811,2006,2010,2010,14269,False,False,False,False,True,False,False,False,False,False,False,True,True
886,20,40,14141265.86,total,,0.3369597851,2006,2010,2010,14269,False,False,False,False,True,False,False,False,False,False,False,True,True
887,20,40,15505821.49,total,,0.3283796034,2006,2010,2010,14269,False,False,False,False,True,False,False,False,False,False,False,True,True
888,20,40,17005528.51,total,,0.318063335,2006,2010,2010,14269,False,False,False,False,True,False,False,False,False,False,False,True,True
889,20,40,18645042.24,total,,0.3206654667,2006,2010,2010,14269,False,False,False,False,True,False,False,False,False,False,False,True,True
890,20,40,19980000,total,,0.3277674899,2006,2010,2010,14269,False,False,False,False,True,False,False,False,False,False,False,True,True
891,20,41,1051.166141,na,,-0.9682415479,2006,2012,2009,23083,False,False,False,True,False,False,False,True,False,False,False,False,False
892,20,41,1144.17396,na,,-0.802416231,2006,2012,2009,23083,False,False,False,True,False,False,False,True,False,False,False,False,False
893,20,41,1333.33,na,,-2.037630664,2006,2012,2009,23083,False,False,False,True,False,False,False,True,False,False,False,False,False
894,20,41,1421.401777,na,,-1.353825082,2006,2012,2009,23083,False,False,False,True,False,False,False,True,False,False,False,False,False
895,20,41,1543.194021,na,,-1.537452271,2006,2012,2009,23083,False,False,False,True,False,False,False,True,False,False,False,False,False
896,20,41,1924.502777,na,,-1.669890745,2006,2012,2009,23083,False,False,False,True,False,False,False,True,False,False,False,False,False
897,20,41,2099.544221,na,,-1.563122072,2006,2012,2009,23083,False,False,False,True,False,False,False,True,False,False,False,False,False
898,20,41,2317.648848,na,,-1.44850934,2006,2012,2009,23083,False,False,False,True,False,False,False,True,False,False,False,False,False
899,20,41,2580.26092,na,,-1.188603753,2006,2012,2009,23083,False,False,False,True,False,False,False,True,False,False,False,False,False
900,20,41,2847.057055,na,,-1.225524745,2006,2012,2009,23083,False,False,False,True,False,False,False,True,False,False,False,False,False
901,20,41,3140.976058,na,,-0.8008954983,2006,2012,2009,23083,False,False,False,True,False,False,False,True,False,False,False,False,False
902,20,41,3523.855027,na,,-0.7613665208,2006,2012,2009,23083,False,False,False,True,False,False,False,True,False,False,False,False,False
903,20,41,3837.815216,na,,-0.5649177014,2006,2012,2009,23083,False,False,False,True,False,False,False,True,False,False,False,False,False
904,20,41,4236.551211,na,,0.268990592,2006,2012,2009,23083,False,False,False,True,False,False,False,True,False,False,False,False,False
905,20,41,4653.499177,na,,0.8576042048,2006,2012,2009,23083,False,False,False,True,False,False,False,True,False,False,False,False,False
906,20,41,5193.517171,na,,-0.4468197687,2006,2012,2009,23083,False,False,False,True,False,False,False,True,False,False,False,False,False
907,20,41,5710.119427,na,,0.4544479424,2006,2012,2009,23083,False,False,False,True,False,False,False,True,False,False,False,False,False
908,20,41,6311.224131,na,,1.118837894,2006,2012,2009,23083,False,False,False,True,False,False,False,True,False,False,False,False,False
909,20,41,6974.389579,na,,0.02361009296,2006,2012,2009,23083,False,False,False,True,False,False,False,True,False,False,False,False,False
910,20,41,7703.454508,na,,-0.4794518816,2006,2012,2009,23083,False,False,False,True,False,False,False,True,False,False,False,False,False
911,20,41,8506.894363,na,,-0.6394892476,2006,2012,2009,23083,False,False,False,True,False,False,False,True,False,False,False,False,False
912,20,41,9407.262797,na,,-0.5690403355,2006,2012,2009,23083,False,False,False,True,False,False,False,True,False,False,False,False,False
913,20,41,10368.38865,na,,-1.004624959,2006,2012,2009,23083,False,False,False,True,False,False,False,False,True,False,False,False,False
914,20,41,11489.47032,na,,-1.034836305,2006,2012,2009,23083,False,False,False,True,False,False,False,False,True,False,False,False,False
915,20,41,12725.25214,na,,-1.039690455,2006,2012,2009,23083,False,False,False,True,False,False,False,False,True,False,False,False,False
916,20,41,14067.13848,na,,0.09525861713,2006,2012,2009,23083,False,False,False,True,False,False,False,False,True,False,False,False,False
917,20,41,15522.40913,na,,-0.1011575578,2006,2012,2009,23083,False,False,False,True,False,False,False,False,True,False,False,False,False
918,20,41,17165.65937,na,,-0.6567968548,2006,2012,2009,23083,False,False,False,True,False,False,False,False,True,False,False,False,False
919,20,41,18957.28062,na,,0.4425917439,2006,2012,2009,23083,False,False,False,True,False,False,False,False,True,False,False,False,False
920,20,41,20869.21697,na,,-0.8412847869,2006,2012,2009,23083,False,False,False,True,False,False,False,False,True,False,False,False,False
921,20,41,23077.65939,na,,-0.80750921,2006,2012,2009,23083,False,False,False,True,False,False,False,False,True,False,False,False,False
922,20,41,25605.34448,na,,-1.049167454,2006,2012,2009,23083,False,False,False,True,False,False,False,False,True,False,False,False,False
923,20,41,28400.83757,na,,-1.088324034,2006,2012,2009,23083,False,False,False,True,False,False,False,False,True,False,False,False,False
924,20,41,31238.17974,na,,-1.109924345,2006,2012,2009,23083,False,False,False,True,False,False,False,False,True,False,False,False,False
925,20,41,34399.50062,na,,-0.7272576787,2006,2012,2009,23083,False,False,False,True,False,False,False,False,True,False,False,False,False
926,20,41,38194.88536,na,,-0.6346608121,2006,2012,2009,23083,False,False,False,True,False,False,False,False,True,False,False,False,False
927,20,41,42183.23854,na,,-1.110222236,2006,2012,2009,23083,False,False,False,True,False,False,False,False,True,False,False,False,False
928,20,41,44790.91927,na,,-1.116565706,2006,2012,2009,23083,False,False,False,True,False,False,False,False,True,False,False,False,False
929,20,41,3144.599673,na,,-0.4594696948,2006,2012,2010,23124,False,False,False,True,False,False,False,True,False,False,False,False,False
930,20,41,3450.710285,na,,-0.4789953646,2006,2012,2010,23124,False,False,False,True,False,False,False,True,False,False,False,False,False
931,20,41,3837.489659,na,,-0.4806138824,2006,2012,2010,23124,False,False,False,True,False,False,False,True,False,False,False,False,False
932,20,41,4249.393176,na,,0.09463504904,2006,2012,2010,23124,False,False,False,True,False,False,False,True,False,False,False,False,False
933,20,41,4604.534599,na,,1.063297304,2006,2012,2010,23124,False,False,False,True,False,False,False,True,False,False,False,False,False
934,20,41,5192.634251,na,,-0.468060325,2006,2012,2010,23124,False,False,False,True,False,False,False,True,False,False,False,False,False
935,20,41,5711.968477,na,,0.3936782811,2006,2012,2010,23124,False,False,False,True,False,False,False,True,False,False,False,False,False
936,20,41,6307.358181,na,,1.163451702,2006,2012,2010,23124,False,False,False,True,False,False,False,True,False,False,False,False,False
937,20,41,6964.575442,na,,0.07240473221,2006,2012,2010,23124,False,False,False,True,False,False,False,True,False,False,False,False,False
938,20,41,7673.735152,na,,-0.494324983,2006,2012,2010,23124,False,False,False,True,False,False,False,True,False,False,False,False,False
939,20,41,8485.282843,na,,-0.5949476468,2006,2012,2010,23124,False,False,False,True,False,False,False,True,False,False,False,False,False
940,20,41,9434.691335,na,,-0.5176901358,2006,2012,2010,23124,False,False,False,True,False,False,False,True,False,False,False,False,False
941,20,41,10482.88137,na,,-0.7859821306,2006,2012,2010,23124,False,False,False,True,False,False,False,False,True,False,False,False,False
942,20,41,11496.07965,na,,-0.8974643458,2006,2012,2010,23124,False,False,False,True,False,False,False,False,True,False,False,False,False
943,20,41,12672.929,na,,-0.8152837328,2006,2012,2010,23124,False,False,False,True,False,False,False,False,True,False,False,False,False
944,20,41,14164.1485,na,,0.2626419937,2006,2012,2010,23124,False,False,False,True,False,False,False,False,True,False,False,False,False
945,20,41,15511.07313,na,,-0.04172156206,2006,2012,2010,23124,False,False,False,True,False,False,False,False,True,False,False,False,False
946,20,41,17194.72926,na,,-0.6933600231,2006,2012,2010,23124,False,False,False,True,False,False,False,False,True,False,False,False,False
947,20,41,19072.15394,na,,0.5371454764,2006,2012,2010,23124,False,False,False,True,False,False,False,False,True,False,False,False,False
948,20,41,20740.70605,na,,-0.5951115146,2006,2012,2010,23124,False,False,False,True,False,False,False,False,True,False,False,False,False
949,20,41,23217.11011,na,,-0.5865199515,2006,2012,2010,23124,False,False,False,True,False,False,False,False,True,False,False,False,False
950,20,41,25668.43252,na,,-0.8225346528,2006,2012,2010,23124,False,False,False,True,False,False,False,False,True,False,False,False,False
951,20,41,28502.38551,na,,-0.8367166189,2006,2012,2010,23124,False,False,False,True,False,False,False,False,True,False,False,False,False
952,20,41,31087.83497,na,,-0.8873685027,2006,2012,2010,23124,False,False,False,True,False,False,False,False,True,False,False,False,False
953,20,41,34243.80132,na,,-0.4940529503,2006,2012,2010,23124,False,False,False,True,False,False,False,False,True,False,False,False,False
954,20,41,38444.71847,na,,-0.4657481985,2006,2012,2010,23124,False,False,False,True,False,False,False,False,True,False,False,False,False
955,20,41,42101.42416,na,,-0.8630280164,2006,2012,2010,23124,False,False,False,True,False,False,False,False,True,False,False,False,False
956,20,41,46572.85322,na,,-1.03167748,2006,2012,2010,23124,False,False,False,True,False,False,False,False,True,False,False,False,False
957,20,41,50792.7195,na,,-0.8745503374,2006,2012,2010,23124,False,False,False,True,False,False,False,False,True,False,False,False,False
958,20,41,56998.63638,na,,-0.5063643759,2006,2012,2010,23124,False,False,False,True,False,False,False,False,True,False,False,False,False
959,20,41,63231.96887,na,,-0.740231471,2006,2012,2010,23124,False,False,False,True,False,False,False,False,True,False,False,False,False
960,20,41,69867.91958,na,,-0.8284762712,2006,2012,2010,23124,False,False,False,True,False,False,False,False,True,False,False,False,False
961,20,41,76574.86384,na,,-1.219659387,2006,2012,2010,23124,False,False,False,True,False,False,False,False,True,False,False,False,False
962,20,41,84819.33749,na,,-1.111971267,2006,2012,2010,23124,False,False,False,True,False,False,False,False,True,False,False,False,False
963,20,41,93893.39569,na,,-0.9103034269,2006,2012,2010,23124,False,False,False,True,False,False,False,False,True,False,False,False,False
964,20,41,99496.67821,na,,-0.2668474625,2006,2012,2010,23124,False,False,False,True,False,False,False,False,True,False,False,False,False
965,20,48,12604442.88,total,,0.4189086577,2006,2010,2010,14269,False,False,False,False,True,False,False,False,False,False,False,True,True
966,20,48,14141265.86,total,,0.3814760903,2006,2010,2010,14269,False,False,False,False,True,False,False,False,False,False,False,True,True
967,20,48,15505821.49,total,,0.3648323045,2006,2010,2010,14269,False,False,False,False,True,False,False,False,False,False,False,True,True
968,20,48,17005528.51,total,,0.349763044,2006,2010,2010,14269,False,False,False,False,True,False,False,False,False,False,False,True,True
969,20,48,18645042.24,total,,0.3430144972,2006,2010,2010,14269,False,False,False,False,True,False,False,False,False,False,False,True,True
970,20,48,19980000,total,,0.3512163453,2006,2010,2010,14269,False,False,False,False,True,False,False,False,False,False,False,True,True
971,21,45,13796738.75,n2n,,-0.6706021206,2006,2013,2014,32712,False,True,False,False,False,False,False,False,False,False,False,True,True
972,21,45,14800000,n2n,,-0.4948500217,2006,2013,2014,32712,False,True,False,False,False,False,False,False,False,False,False,True,True
973,22,46,14050000,np,,-0.5670307091,2006,2023,2023,31858,False,False,True,False,False,False,False,False,False,False,False,True,True
974,22,47,4000000,na,,-2.086186148,2006,2018,2018,41653,False,False,False,True,False,False,False,False,False,False,True,False,True
975,22,47,5000000,na,,-1.714442691,2006,2018,2018,41653,False,False,False,True,False,False,False,False,False,False,True,False,True
976,22,47,6000000,na,,-1.48148606,2006,2018,2018,41653,False,False,False,True,False,False,False,False,False,False,True,False,True
977,22,47,2760000,np,,-1.586700236,2006,2017,2026,14484,False,False,True,False,False,False,False,False,False,False,True,False,True
978,22,47,2760000,np,,-1.573488739,2006,2017,2026,14484,False,False,True,False,False,False,False,False,False,False,True,False,True
979,22,48,1053795.247,inelastic,,-0.7719555389,2006,2017,2017,23346,False,False,False,False,False,False,True,False,False,False,True,False,True
980,22,48,1137586.834,inelastic,,-0.4506202673,2006,2017,2017,23346,False,False,False,False,False,False,True,False,False,False,True,False,True
981,22,48,1259301.677,inelastic,,-0.377316843,2006,2017,2017,23346,False,False,False,False,False,False,True,False,False,False,True,False,True
982,22,48,1390622.841,inelastic,,-0.2417716123,2006,2017,2017,23346,False,False,False,False,False,False,True,False,False,False,True,False,True
983,22,48,1543845.034,inelastic,,-0.254584111,2006,2017,2017,23346,False,False,False,False,False,False,True,False,False,False,True,False,True
984,22,48,1708574.168,inelastic,,-0.1708433331,2006,2017,2017,23346,False,False,False,False,False,False,True,False,False,False,True,False,True
985,22,48,1884318.036,inelastic,,-0.09419638692,2006,2017,2017,23346,False,False,False,False,False,False,True,False,False,False,True,False,True
986,22,48,2088341.341,inelastic,,-0.1131698682,2006,2017,2017,23346,False,False,False,False,False,False,True,False,False,False,True,False,True
987,22,48,2304223.624,inelastic,,-0.05300353762,2006,2017,2017,23346,False,False,False,False,False,False,True,False,False,False,True,False,True
988,22,48,2555447.604,inelastic,,0.02073590722,2006,2017,2017,23346,False,False,False,False,False,False,True,False,False,False,True,False,True
989,22,48,2818210.452,inelastic,,0.02006177313,2006,2017,2017,23346,False,False,False,False,False,False,True,False,False,False,True,False,True
990,22,48,3087674.229,inelastic,,0.06396632179,2006,2017,2017,23346,False,False,False,False,False,False,True,False,False,False,True,False,True
991,22,48,3397798.844,inelastic,,0.07590902662,2006,2017,2017,23346,False,False,False,False,False,False,True,False,False,False,True,False,True
992,22,48,3757214.896,inelastic,,0.1033349772,2006,2017,2017,23346,False,False,False,False,False,False,True,False,False,False,True,False,True
993,22,48,4176978.962,inelastic,,0.1163104759,2006,2017,2017,23346,False,False,False,False,False,False,True,False,False,False,True,False,True
994,22,48,4604399.598,inelastic,,0.1135188726,2006,2017,2017,23346,False,False,False,False,False,False,True,False,False,False,True,False,True
995,22,48,5102441.353,inelastic,,0.1169363288,2006,2017,2017,23346,False,False,False,False,False,False,True,False,False,False,True,False,True
996,22,48,5684573.091,inelastic,,0.1131553399,2006,2017,2017,23346,False,False,False,False,False,False,True,False,False,False,True,False,True
997,22,48,6267753.419,inelastic,,0.1050512365,2006,2017,2017,23346,False,False,False,False,False,False,True,False,False,False,True,False,True
998,22,48,6945886.186,inelastic,,0.1132267323,2006,2017,2017,23346,False,False,False,False,False,False,True,False,False,False,True,False,True
999,22,48,7740869.272,inelastic,,0.1180507787,2006,2017,2017,23346,False,False,False,False,False,False,True,False,False,False,True,False,True
1000,22,48,8511627.971,inelastic,,0.1265437425,2006,2017,2017,23346,False,False,False,False,False,False,True,False,False,False,True,False,True
1001,22,48,9407339.748,inelastic,,0.1250375274,2006,2017,2017,23346,False,False,False,False,False,False,True,False,False,False,True,False,True
1002,22,48,10449233.98,inelastic,,0.1209406236,2006,2017,2017,23346,False,False,False,False,False,False,True,False,False,False,False,True,True
1003,22,48,11415282.55,inelastic,,0.1156038558,2006,2017,2017,23346,False,False,False,False,False,False,True,False,False,False,False,True,True
1004,22,48,12522782.11,inelastic,,0.061475098,2006,2017,2017,23346,False,False,False,False,False,False,True,False,False,False,False,True,True
1005,22,48,13800944.03,inelastic,,-0.03563239904,2006,2017,2017,23346,False,False,False,False,False,False,True,False,False,False,False,True,True
1006,22,48,15287059.31,inelastic,,-0.2039570659,2006,2017,2017,23346,False,False,False,False,False,False,True,False,False,False,False,True,True
1007,22,48,16563450,inelastic,,-0.3237097858,2006,2017,2017,23346,False,False,False,False,False,False,True,False,False,False,False,True,True
1008,22,48,7681989.804,np,,-1.878221368,2006,2007,2008,22976,False,False,True,False,False,False,False,False,False,False,True,False,True
1009,22,48,8661356.707,np,,-1.657676034,2006,2007,2008,22976,False,False,True,False,False,False,False,False,False,False,True,False,True
1010,22,48,9488192.873,np,,-1.536032396,2006,2007,2008,22976,False,False,True,False,False,False,False,False,False,False,True,False,True
1011,22,48,10139136.21,np,,-1.44279366,2006,2007,2008,22976,False,False,True,False,False,False,False,False,False,False,False,True,True
1012,22,48,11353754.2,np,,-1.336322627,2006,2007,2008,22976,False,False,True,False,False,False,False,False,False,False,False,True,True
1013,22,48,12627049.04,np,,-1.254437292,2006,2007,2008,22976,False,False,True,False,False,False,False,False,False,False,False,True,True
1014,22,48,13956259.46,np,,-1.184189893,2006,2007,2008,22976,False,False,True,False,False,False,False,False,False,False,False,True,True
1015,22,48,14921000,np,,-1.20439802,2006,2007,2008,22976,False,False,True,False,False,False,False,False,False,False,False,True,True
1016,22,48,14050000,np,,-1.208309351,2006,2023,2023,31858,False,False,True,False,False,False,False,False,False,False,False,True,True
1017,22,48,14000000,np,,-1.194499142,2006,2023,2024,32893,False,False,True,False,False,False,False,False,False,False,False,True,True
1018,22,49,1439503.938,inelastic,,-1.365333334,2006,2017,2017,23346,False,False,False,False,False,False,True,False,False,False,True,False,True
1019,22,49,1541128.61,inelastic,,-1.044821293,2006,2017,2017,23346,False,False,False,False,False,False,True,False,False,False,True,False,True
1020,22,49,1705660.054,inelastic,,-0.385347618,2006,2017,2017,23346,False,False,False,False,False,False,True,False,False,False,True,False,True
1021,22,49,1884113.944,inelastic,,-0.1850434886,2006,2017,2017,23346,False,False,False,False,False,False,True,False,False,False,True,False,True
1022,22,49,2076294.427,inelastic,,-0.1196358801,2006,2017,2017,23346,False,False,False,False,False,False,True,False,False,False,True,False,True
1023,22,49,2299491.383,inelastic,,-0.05568614328,2006,2017,2017,23346,False,False,False,False,False,False,True,False,False,False,True,False,True
1024,22,49,2549817.375,inelastic,,-1.943511293e-05,2006,2017,2017,23346,False,False,False,False,False,False,True,False,False,False,True,False,True
1025,22,49,2818111.925,inelastic,,0.04811820461,2006,2017,2017,23346,False,False,False,False,False,False,True,False,False,False,True,False,True
1026,22,49,3068919.246,inelastic,,0.06312385612,2006,2017,2017,23346,False,False,False,False,False,False,True,False,False,False,True,False,True
1027,22,49,3397798.844,inelastic,,0.07358089363,2006,2017,2017,23346,False,False,False,False,False,False,True,False,False,False,True,False,True
1028,22,49,3757214.896,inelastic,,0.06867092413,2006,2017,2017,23346,False,False,False,False,False,False,True,False,False,False,True,False,True
1029,22,49,4176978.962,inelastic,,0.06332209793,2006,2017,2017,23346,False,False,False,False,False,False,True,False,False,False,True,False,True
1030,22,49,4604399.598,inelastic,,0.05499075966,2006,2017,2017,23346,False,False,False,False,False,False,True,False,False,False,True,False,True
1031,22,49,5102441.353,inelastic,,0.06674603715,2006,2017,2017,23346,False,False,False,False,False,False,True,False,False,False,True,False,True
1032,22,49,5684573.091,inelastic,,0.08071064436,2006,2017,2017,23346,False,False,False,False,False,False,True,False,False,False,True,False,True
1033,22,49,6267753.419,inelastic,,0.07027312272,2006,2017,2017,23346,False,False,False,False,False,False,True,False,False,False,True,False,True
1034,22,49,6945886.186,inelastic,,0.07274483132,2006,2017,2017,23346,False,False,False,False,False,False,True,False,False,False,True,False,True
1035,22,49,7740869.272,inelastic,,0.09938594818,2006,2017,2017,23346,False,False,False,False,False,False,True,False,False,False,True,False,True
1036,22,49,8511627.971,inelastic,,0.09031626072,2006,2017,2017,23346,False,False,False,False,False,False,True,False,False,False,True,False,True
1037,22,50,14000000,na,,-2.060480747,2006,2023,2024,32893,False,False,False,True,False,False,False,False,False,False,False,True,True
1038,23,50,13650000,na,,-1.465973894,2006,2016,2016,41614,False,False,False,True,False,False,False,False,False,False,False,True,True
1039,23,50,14820000,na,,-1.394694954,2006,2016,2016,41614,False,False,False,True,False,False,False,False,False,False,False,True,True
1040,23,51,8908000,na,,-2.600326279,2006,2007,2008,22976,False,False,False,True,False,False,False,False,False,False,True,False,True
1041,23,51,10162047.04,na,,-2.287350298,2006,2007,2008,22976,False,False,False,True,False,False,False,False,False,False,False,True,True
1042,23,51,11402989.62,na,,-2.102922997,2006,2007,2008,22976,False,False,False,True,False,False,False,False,False,False,False,True,True
1043,23,51,12636147.83,na,,-1.949878138,2006,2007,2008,22976,False,False,False,True,False,False,False,False,False,False,False,True,True
1044,23,51,13829331.24,na,,-1.820563117,2006,2007,2008,22976,False,False,False,True,False,False,False,False,False,False,False,True,True
1045,23,51,14050000,na,,-1.823908741,2006,2023,2023,31858,False,False,False,True,False,False,False,False,False,False,False,True,True
1046,23,51,14075212.23,na,,-1.796785741,2006,2016,2016,41614,False,False,False,True,False,False,False,False,False,False,False,True,True
1047,23,51,14799986.49,na,,-1.732828272,2006,2016,2016,41614,False,False,False,True,False,False,False,False,False,False,False,True,True
1048,23,51,7858000,np,,-1.884722409,2006,2007,2008,22976,False,False,True,False,False,False,False,False,False,False,True,False,True
1049,23,51,8908000,np,,-1.813043665,2006,2007,2008,22976,False,False,True,False,False,False,False,False,False,False,True,False,True
1050,23,51,10162047.04,np,,-1.703225153,2006,2007,2008,22976,False,False,True,False,False,False,False,False,False,False,False,True,True
1051,23,51,11402989.62,np,,-1.601944195,2006,2007,2008,22976,False,False,True,False,False,False,False,False,False,False,False,True,True
1052,23,51,12636147.83,np,,-1.539603363,2006,2007,2008,22976,False,False,True,False,False,False,False,False,False,False,False,True,True
1053,23,51,13829331.24,np,,-1.542966335,2006,2007,2008,22976,False,False,True,False,False,False,False,False,False,False,False,True,True
1054,23,51,3820000,np,,-2.995678626,2006,2008,2008,23032,False,False,True,False,False,False,False,False,False,False,True,False,True
1055,23,51,4163412.062,np,,-2.858550227,2006,2008,2008,23032,False,False,True,False,False,False,False,False,False,False,True,False,True
1056,23,51,4709989.384,np,,-2.425968732,2006,2008,2008,23032,False,False,True,False,False,False,False,False,False,False,True,False,True
1057,23,51,5240000,np,,-2.346787486,2006,2008,2008,23032,False,False,True,False,False,False,False,False,False,False,True,False,True
1058,23,51,5700561.376,np,,-2.27572413,2006,2008,2008,23032,False,False,True,False,False,False,False,False,False,False,True,False,True
1059,23,51,14347822.13,np,,-1.548981548,2006,2008,2008,31616,False,False,True,False,False,False,False,False,False,False,False,True,True
1060,23,51,7870000,np,,-1.93930216,2006,2021,2022,33168,False,False,True,False,False,False,False,False,False,False,True,False,True
1061,23,51,13050000,np,,-1.527243551,2006,2021,2022,33168,False,False,True,False,False,False,False,False,False,False,False,True,True
1062,23,51,16980000,np,,-1.573488739,2006,2021,2022,33168,False,False,True,False,False,False,False,False,False,False,False,True,True
1063,24,50,14540000,n2n,,-1.756961951,2006,2020,2021,33151,False,True,False,False,False,False,False,False,False,False,False,True,True
1064,24,50,5597618.035,na,,-2.549237844,2006,2018,2018,41653,False,False,False,True,False,False,False,False,False,False,True,False,True
1065,24,50,6194618.987,na,,-2.198825047,2006,2018,2018,41653,False,False,False,True,False,False,False,False,False,False,True,False,True
1066,24,50,6908099.887,na,,-2.012668968,2006,2018,2018,41653,False,False,False,True,False,False,False,False,False,False,True,False,True
1067,24,52,5360000,inelastic,,0.1319873694,2006,2025,2025,32930,False,False,False,False,False,False,True,False,False,False,True,False,True
1068,24,52,5990000,inelastic,,0.1625255752,2006,2025,2025,32930,False,False,False,False,False,False,True,False,False,False,True,False,True
1069,24,52,7690000,inelastic,,0.1093118818,2006,2025,2025,32930,False,False,False,False,False,False,True,False,False,False,True,False,True
1070,24,52,12636147.83,n2n,,-1.470655212,2006,2007,2008,22976,False,True,False,False,False,False,False,False,False,False,False,True,True
1071,24,52,13829331.24,n2n,,-0.6232406046,2006,2007,2008,22976,False,True,False,False,False,False,False,False,False,False,False,True,True
1072,24,52,14540000,n2n,,-0.4137503611,2006,2020,2021,33151,False,True,False,False,False,False,False,False,False,False,False,True,True
1073,24,52,6998571.079,na,,-2.656000931,2006,2018,2018,41653,False,False,False,True,False,False,False,False,False,False,True,False,True
1074,24,52,7858000,np,,-1.438421632,2006,2007,2008,22976,False,False,True,False,False,False,False,False,False,False,True,False,True
1075,24,52,8908000,np,,-1.31461659,2006,2007,2008,22976,False,False,True,False,False,False,False,False,False,False,True,False,True
1076,24,52,10162047.04,np,,-1.263723045,2006,2007,2008,22976,False,False,True,False,False,False,False,False,False,False,False,True,True
1077,24,52,11402989.62,np,,-1.170782022,2006,2007,2008,22976,False,False,True,False,False,False,False,False,False,False,False,True,True
1078,24,52,12636147.83,np,,-1.101293097,2006,2007,2008,22976,False,False,True,False,False,False,False,False,False,False,False,True,True
1079,24,52,13829331.24,np,,-1.081676037,2006,2007,2008,22976,False,False,True,False,False,False,False,False,False,False,False,True,True
1080,24,52,14540000,np,,-1.018181393,2006,2020,2021,33151,False,False,True,False,False,False,False,False,False,False,False,True,True
1081,24,53,4500000,na,,-2.886056648,2006,2018,2018,41653,False,False,False,True,False,False,False,False,False,False,True,False,True
1082,24,53,5000000,na,,-2.657577319,2006,2018,2018,41653,False,False,False,True,False,False,False,False,False,False,True,False,True
1083,24,53,5500000,na,,-2.585026652,2006,2018,2018,41653,False,False,False,True,False,False,False,False,False,False,True,False,True
1084,24,53,6244997.998,na,,-2.515700161,2006,2018,2018,41653,False,False,False,True,False,False,False,False,False,False,True,False,True
1085,24,53,6972804.314,na,,-2.392544977,2006,2018,2018,41653,False,False,False,True,False,False,False,False,False,False,True,False,True
1086,24,53,14800000,np,,-1.347270304,2006,2012,2011,33034,False,False,True,False,False,False,False,False,False,False,False,True,True
1087,25,55,1120000,capture,,-2.623058243,2006,2016,2017,33100,True,False,False,False,False,False,False,False,False,False,True,False,True
1088,25,55,2120000,capture,,-2.685711339,2006,2016,2017,33100,True,False,False,False,False,False,False,False,False,False,True,False,True
1089,25,55,3120000,capture,,-2.926648298,2006,2016,2017,33100,True,False,False,False,False,False,False,False,False,False,True,False,True
1090,25,55,4120000,capture,,-2.972242795,2006,2016,2017,33100,True,False,False,False,False,False,False,False,False,False,True,False,True
1091,25,55,14540000,capture,,-3.161150909,2006,2020,2021,33151,True,False,False,False,False,False,False,False,False,False,False,True,True
1092,25,55,14050000,n2n,,-0.1636758843,2006,2023,2023,31858,False,True,False,False,False,False,False,False,False,False,False,True,True
1093,25,55,14100000,n2n,,-0.1443597191,2006,2012,2012,32701,False,True,False,False,False,False,False,False,False,False,False,True,True
1094,25,55,14700000,n2n,,-0.1315906967,2006,2012,2012,32701,False,True,False,False,False,False,False,False,False,False,False,True,True
1095,25,55,14540000,n2n,,-0.1801929354,2006,2020,2021,33151,False,True,False,False,False,False,False,False,False,False,False,True,True
1096,25,55,14075212.23,n2n,,-0.1619909375,2006,2016,2016,41614,False,True,False,False,False,False,False,False,False,False,False,True,True
1097,25,55,14780000,n2n,,-0.104577454,2006,2016,2016,41614,False,True,False,False,False,False,False,False,False,False,False,True,True
1098,25,55,14100000,na,,-1.671620397,2006,2012,2012,32701,False,False,False,True,False,False,False,False,False,False,False,True,True
1099,25,55,14700000,na,,-1.623423043,2006,2012,2012,32701,False,False,False,True,False,False,False,False,False,False,False,True,True
1100,25,55,14540000,na,,-1.559090918,2006,2020,2021,33151,False,False,False,True,False,False,False,False,False,False,False,True,True
1101,25,55,14048944.67,na,,-1.648645498,2006,2016,2016,41614,False,False,False,True,False,False,False,False,False,False,False,True,True
1102,25,55,14810000,na,,-1.642065153,2006,2016,2016,41614,False,False,False,True,False,False,False,False,False,False,False,True,True
1103,26,54,2114190.495,elastic,,0.4272967267,2006,2024,2024,23661,False,False,False,False,False,True,False,False,False,False,True,False,True
1104,26,54,2296599.909,elastic,,0.413150115,2006,2024,2024,23661,False,False,False,False,False,True,False,False,False,False,True,False,True
1105,26,54,2544033.905,elastic,,0.4385825087,2006,2024,2024,23661,False,False,False,False,False,True,False,False,False,False,True,False,True
1106,26,54,2821636.898,elastic,,0.3938690203,2006,2024,2024,23661,False,False,False,False,False,True,False,False,False,False,True,False,True
1107,26,54,3119278.863,elastic,,0.3981184276,2006,2024,2024,23661,False,False,False,False,False,True,False,False,False,False,True,False,True
1108,26,54,3434265.956,elastic,,0.3491725846,2006,2024,2024,23661,False,False,False,False,False,True,False,False,False,False,True,False,True
1109,26,54,3781010.239,elastic,,0.3553633879,2006,2024,2024,23661,False,False,False,False,False,True,False,False,False,False,True,False,True
1110,26,54,4183203.67,elastic,,0.3391452403,2006,2024,2024,23661,False,False,False,False,False,True,False,False,False,False,True,False,True
1111,26,54,4627751.971,elastic,,0.3518907458,2006,2024,2024,23661,False,False,False,False,False,True,False,False,False,False,True,False,True
1112,26,54,5118084.69,elastic,,0.3256684286,2006,2024,2024,23661,False,False,False,False,False,True,False,False,False,False,True,False,True
1113,26,54,5656379.506,elastic,,0.3080706165,2006,2024,2024,23661,False,False,False,False,False,True,False,False,False,False,True,False,True
1114,26,54,6245109.261,elastic,,0.2840809013,2006,2024,2024,23661,False,False,False,False,False,True,False,False,False,False,True,False,True
1115,26,54,6931143.443,elastic,,0.2741953864,2006,2024,2024,23661,False,False,False,False,False,True,False,False,False,False,True,False,True
1116,26,54,7628122.852,elastic,,0.2685428712,2006,2024,2024,23661,False,False,False,False,False,True,False,False,False,False,True,False,True
1117,26,54,1453258.281,inelastic,,-1.245663417,2006,2018,2019,23461,False,False,False,False,False,False,True,False,False,False,True,False,True
1118,26,54,1543274.463,inelastic,,-0.4342159927,2006,2018,2019,23461,False,False,False,False,False,False,True,False,False,False,True,False,True
1119,26,54,1704588.379,inelastic,,-0.4171721789,2006,2018,2019,23461,False,False,False,False,False,False,True,False,False,False,True,False,True
1120,26,54,1885735.289,inelastic,,-0.2406550559,2006,2018,2019,23461,False,False,False,False,False,False,True,False,False,False,True,False,True
1121,26,54,2085362.911,inelastic,,-0.2095874793,2006,2018,2019,23461,False,False,False,False,False,False,True,False,False,False,True,False,True
1122,26,54,2304571.747,inelastic,,-0.1178691123,2006,2018,2019,23461,False,False,False,False,False,False,True,False,False,False,True,False,True
1123,26,54,2544062.76,inelastic,,-0.1733868763,2006,2018,2019,23461,False,False,False,False,False,False,True,False,False,False,True,False,True
1124,26,54,2810562.583,inelastic,,-0.1150827917,2006,2018,2019,23461,False,False,False,False,False,False,True,False,False,False,True,False,True
1125,26,54,3106633.959,inelastic,,-0.1184183914,2006,2018,2019,23461,False,False,False,False,False,False,True,False,False,False,True,False,True
1126,26,54,3435374.53,inelastic,,-0.07373663236,2006,2018,2019,23461,False,False,False,False,False,False,True,False,False,False,True,False,True
1127,26,54,3799438.248,inelastic,,-0.05052327153,2006,2018,2019,23461,False,False,False,False,False,False,True,False,False,False,True,False,True
1128,26,54,4190496.691,inelastic,,-0.02466100919,2006,2018,2019,23461,False,False,False,False,False,False,True,False,False,False,True,False,True
1129,26,54,4632212.07,inelastic,,-0.01212413482,2006,2018,2019,23461,False,False,False,False,False,False,True,False,False,False,True,False,True
1130,26,54,5132253.673,inelastic,,0.007160810437,2006,2018,2019,23461,False,False,False,False,False,False,True,False,False,False,True,False,True
1131,26,54,5663906.892,inelastic,,-0.01621649937,2006,2018,2019,23461,False,False,False,False,False,False,True,False,False,False,True,False,True
1132,26,54,6241681.682,inelastic,,-0.02404903363,2006,2018,2019,23461,False,False,False,False,False,False,True,False,False,False,True,False,True
1133,26,54,6912958.43,inelastic,,-0.02191006567,2006,2018,2019,23461,False,False,False,False,False,False,True,False,False,False,True,False,True
1134,26,54,7642161.71,inelastic,,-0.03083414061,2006,2018,2019,23461,False,False,False,False,False,False,True,False,False,False,True,False,True
1135,26,54,8428760.116,inelastic,,-0.04654234214,2006,2018,2019,23461,False,False,False,False,False,False,True,False,False,False,True,False,True
1136,26,54,9344040.835,inelastic,,-0.05953703895,2006,2018,2019,23461,False,False,False,False,False,False,True,False,False,False,True,False,True
1137,26,54,10310024.47,inelastic,,-0.06945650448,2006,2018,2019,23461,False,False,False,False,False,False,True,False,False,False,False,True,True
1138,26,54,11426363.33,inelastic,,-0.1018796325,2006,2018,2019,23461,False,False,False,False,False,False,True,False,False,False,False,True,True
1139,26,54,12531331.96,inelastic,,-0.1617507756,2006,2018,2019,23461,False,False,False,False,False,False,True,False,False,False,False,True,True
1140,26,54,13806013.36,inelastic,,-0.2744173152,2006,2018,2019,23461,False,False,False,False,False,False,True,False,False,False,False,True,True
1141,26,54,15287295.11,inelastic,,-0.4265929433,2006,2018,2019,23461,False,False,False,False,False,False,True,False,False,False,False,True,True
1142,26,54,17022876.5,inelastic,,-0.5635771724,2006,2018,2019,23461,False,False,False,False,False,False,True,False,False,False,False,True,True
1143,26,54,14442624.68,n2n,,-2.287350298,2006,2011,2011,23171,False,True,False,False,False,False,False,False,False,False,False,True,True
1144,26,54,14800000,n2n,,-1.990549104,2006,2011,2011,23171,False,True,False,False,False,False,False,False,False,False,False,True,True
1145,26,54,14510000,n2n,,-2.26760624,2006,2022,2025,32882,False,True,False,False,False,False,False,False,False,False,False,True,True
1146,26,54,14749783.05,n2n,,-2.063989204,2006,2022,2025,32882,False,True,False,False,False,False,False,False,False,False,False,True,True
1147,26,54,9361679.016,na,,-1.357436563,2006,2007,2008,22976,False,False,False,True,False,False,False,False,False,False,True,False,True
1148,26,54,10402527.87,na,,-1.29486357,2006,2007,2008,22976,False,False,False,True,False,False,False,False,False,False,False,True,True
1149,26,54,11471485.87,na,,-1.173245119,2006,2007,2008,22976,False,False,False,True,False,False,False,False,False,False,False,True,True
1150,26,54,12474855.31,na,,-1.133181197,2006,2007,2008,22976,False,False,False,True,False,False,False,False,False,False,False,True,True
1151,26,54,14023818.26,na,,-1.052517263,2006,2007,2008,22976,False,False,False,True,False,False,False,False,False,False,False,True,True
1152,26,54,5500000,na,,-2.493494968,2006,2015,2016,32737,False,False,False,True,False,False,False,False,False,False,True,False,True
1153,26,54,6500000,na,,-1.890759031,2006,2015,2016,32737,False,False,False,True,False,False,False,False,False,False,True,False,True
1154,26,54,5500000,na,,-2.488116639,2006,2015,2016,32737,False,False,False,True,False,False,False,False,False,False,True,False,True
1155,26,54,5500000,na,,-2.423462797,2006,2019,2019,32786,False,False,False,True,False,False,False,False,False,False,True,False,True
1156,26,54,7700000,na,,-1.538765645,2006,2019,2019,32786,False,False,False,True,False,False,False,False,False,False,True,False,True
1157,26,54,8500000,na,,-1.444813151,2006,2019,2019,32786,False,False,False,True,False,False,False,False,False,False,True,False,True
1158,26,54,9500000,na,,-1.380287114,2006,2019,2019,32786,False,False,False,True,False,False,False,False,False,False,True,False,True
1159,26,54,10500000,na,,-1.355584852,2006,2019,2019,32786,False,False,False,True,False,False,False,False,False,False,False,True,True
1160,26,54,5123475.383,na,,-2.869666232,2006,2018,2018,41653,False,False,False,True,False,False,False,False,False,False,True,False,True
1161,26,54,5623610.94,na,,-2.314258261,2006,2018,2018,41653,False,False,False,True,False,False,False,False,False,False,True,False,True
1162,26,54,6246664.887,na,,-1.91721463,2006,2018,2018,41653,False,False,False,True,False,False,False,False,False,False,True,False,True
1163,26,54,6873863.542,na,,-1.678815973,2006,2018,2018,41653,False,False,False,True,False,False,False,False,False,False,True,False,True
1164,26,54,9361679.016,np,,-0.3118027219,2006,2007,2008,22976,False,False,True,False,False,False,False,False,False,False,True,False,True
1165,26,54,10402527.87,np,,-0.3125156298,2006,2007,2008,22976,False,False,True,False,False,False,False,False,False,False,False,True,True
1166,26,54,11471485.87,np,,-0.3241300447,2006,2007,2008,22976,False,False,True,False,False,False,False,False,False,False,False,True,True
1167,26,54,12474855.31,np,,-0.3360636208,2006,2007,2008,22976,False,False,True,False,False,False,False,False,False,False,False,True,True
1168,26,54,14023818.26,np,,-0.4545691705,2006,2007,2008,22976,False,False,True,False,False,False,False,False,False,False,False,True,True
1169,26,54,14075212.23,np,,-0.4828041021,2006,2016,2016,41614,False,False,True,False,False,False,False,False,False,False,False,True,True
1170,26,54,14780000,np,,-0.5228787453,2006,2016,2016,41614,False,False,True,False,False,False,False,False,False,False,False,True,True
1171,26,56,2750000,elastic,,0.4440447959,2006,2017,2017,14462,False,False,False,False,False,True,False,False,False,False,True,False,True
1172,26,56,3000000,elastic,,0.3961993471,2006,2017,2017,14462,False,False,False,False,False,True,False,False,False,False,True,False,True
1173,26,56,3500000,elastic,,0.3765769571,2006,2017,2017,14462,False,False,False,False,False,True,False,False,False,False,True,False,True
1174,26,56,4000000,elastic,,0.3944516808,2006,2017,2017,14462,False,False,False,False,False,True,False,False,False,False,True,False,True
1175,26,56,4500000,elastic,,0.3820170426,2006,2017,2017,14462,False,False,False,False,False,True,False,False,False,False,True,False,True
1176,26,56,4900000,elastic,,0.3598354823,2006,2017,2017,14462,False,False,False,False,False,True,False,False,False,False,True,False,True
1177,26,56,5940000,elastic,,0.3283796034,2006,2017,2017,14462,False,False,False,False,False,True,False,False,False,False,True,False,True
1178,26,56,6960000,elastic,,0.2878017299,2006,2017,2017,14462,False,False,False,False,False,True,False,False,False,False,True,False,True
1179,26,56,7960000,elastic,,0.2833012287,2006,2017,2017,14462,False,False,False,False,False,True,False,False,False,False,True,False,True
1180,26,56,2595719.429,elastic,,0.4304244586,2006,2025,2025,23673,False,False,False,False,False,True,False,False,False,False,True,False,True
1181,26,56,2797812.367,elastic,,0.3899571385,2006,2025,2025,23673,False,False,False,False,False,True,False,False,False,False,True,False,True
1182,26,56,3105522.457,elastic,,0.3764005271,2006,2025,2025,23673,False,False,False,False,False,True,False,False,False,False,True,False,True
1183,26,56,3434278.9,elastic,,0.3448675758,2006,2025,2025,23673,False,False,False,False,False,True,False,False,False,False,True,False,True
1184,26,56,3781060.557,elastic,,0.3573248827,2006,2025,2025,23673,False,False,False,False,False,True,False,False,False,False,True,False,True
1185,26,56,4183259.819,elastic,,0.3677508934,2006,2025,2025,23673,False,False,False,False,False,True,False,False,False,False,True,False,True
1186,26,56,4653430.898,elastic,,0.3672813576,2006,2025,2025,23673,False,False,False,False,False,True,False,False,False,False,True,False,True
1187,26,56,5147506.824,elastic,,0.3570482104,2006,2025,2025,23673,False,False,False,False,False,True,False,False,False,False,True,False,True
1188,26,56,5656600.842,elastic,,0.3431426178,2006,2025,2025,23673,False,False,False,False,False,True,False,False,False,False,True,False,True
1189,26,56,6245409.148,elastic,,0.3306065248,2006,2025,2025,23673,False,False,False,False,False,True,False,False,False,False,True,False,True
1190,26,56,6931548.123,elastic,,0.3210648132,2006,2025,2025,23673,False,False,False,False,False,True,False,False,False,False,True,False,True
1191,26,56,7628660.965,elastic,,0.3035416269,2006,2025,2025,23673,False,False,False,False,False,True,False,False,False,False,True,False,True
1192,26,56,876066.0286,inelastic,,-0.5155976519,2006,2013,2008,23073,False,False,False,False,False,False,True,False,False,True,False,False,True
1193,26,56,935685.5036,inelastic,,-0.5592018257,2006,2013,2008,23073,False,False,False,False,False,False,True,False,False,True,False,False,True
1194,26,56,1034098.861,inelastic,,-0.3105793856,2006,2013,2008,23073,False,False,False,False,False,False,True,False,False,False,True,False,True
1195,26,56,1143213.964,inelastic,,-0.2888780868,2006,2013,2008,23073,False,False,False,False,False,False,True,False,False,False,True,False,True
1196,26,56,1263934.008,inelastic,,-0.3609831898,2006,2013,2008,23073,False,False,False,False,False,False,True,False,False,False,True,False,True
1197,26,56,1397155.322,inelastic,,-0.1709534016,2006,2013,2008,23073,False,False,False,False,False,False,True,False,False,False,True,False,True
1198,26,56,1543662.009,inelastic,,-0.07486371643,2006,2013,2008,23073,False,False,False,False,False,False,True,False,False,False,True,False,True
1199,26,56,1705621.713,inelastic,,-0.137945923,2006,2013,2008,23073,False,False,False,False,False,False,True,False,False,False,True,False,True
1200,26,56,1885859.857,inelastic,,-0.1203776849,2006,2013,2008,23073,False,False,False,False,False,False,True,False,False,False,True,False,True
1201,26,56,2084245.792,inelastic,,0.01204126493,2006,2013,2008,23073,False,False,False,False,False,False,True,False,False,False,True,False,True
1202,26,56,2304067.21,inelastic,,0.002202186641,2006,2013,2008,23073,False,False,False,False,False,False,True,False,False,False,True,False,True
1203,26,56,2547062.804,inelastic,,0.025907646,2006,2013,2008,23073,False,False,False,False,False,False,True,False,False,False,True,False,True
1204,26,56,2814961.236,inelastic,,0.03532657154,2006,2013,2008,23073,False,False,False,False,False,False,True,False,False,False,True,False,True
1205,26,56,3109204.097,inelastic,,0.08731227549,2006,2013,2008,23073,False,False,False,False,False,False,True,False,False,False,True,False,True
1206,26,56,3435283.078,inelastic,,0.09955779901,2006,2013,2008,23073,False,False,False,False,False,False,True,False,False,False,True,False,True
1207,26,56,3795765.969,inelastic,,0.1381041657,2006,2013,2008,23073,False,False,False,False,False,False,True,False,False,False,True,False,True
1208,26,56,4188977.198,inelastic,,0.1433930029,2006,2013,2008,23073,False,False,False,False,False,False,True,False,False,False,True,False,True
1209,26,56,4643700.854,inelastic,,0.1565977836,2006,2013,2008,23073,False,False,False,False,False,False,True,False,False,False,True,False,True
1210,26,56,5132094.102,inelastic,,0.1682790508,2006,2013,2008,23073,False,False,False,False,False,False,True,False,False,False,True,False,True
1211,26,56,5665643.391,inelastic,,0.176389758,2006,2013,2008,23073,False,False,False,False,False,False,True,False,False,False,True,False,True
1212,26,56,6245779.333,inelastic,,0.1851986629,2006,2013,2008,23073,False,False,False,False,False,False,True,False,False,False,True,False,True
1213,26,56,6920173.242,inelastic,,0.1634480261,2006,2013,2008,23073,False,False,False,False,False,False,True,False,False,False,True,False,True
1214,26,56,7653194.238,inelastic,,0.1329258455,2006,2013,2008,23073,False,False,False,False,False,False,True,False,False,False,True,False,True
1215,26,56,8477807.721,inelastic,,0.1213271827,2006,2013,2008,23073,False,False,False,False,False,False,True,False,False,False,True,False,True
1216,26,56,9404038.077,inelastic,,0.08851349497,2006,2013,2008,23073,False,False,False,False,False,False,True,False,False,False,True,False,True
1217,26,56,10312354.39,inelastic,,0.07992903604,2006,2013,2008,23073,False,False,False,False,False,False,True,False,False,False,False,True,True
1218,26,56,11361446.21,inelastic,,0.07738547054,2006,2013,2008,23073,False,False,False,False,False,False,True,False,False,False,False,True,True
1219,26,56,12578367.39,inelastic,,0.01928166489,2006,2013,2008,23073,False,False,False,False,False,False,True,False,False,False,False,True,True
1220,26,56,13865079.49,inelastic,,-0.09614134098,2006,2013,2008,23073,False,False,False,False,False,False,True,False,False,False,False,True,True
1221,26,56,15361643.75,inelastic,,-0.3006203886,2006,2013,2008,23073,False,False,False,False,False,False,True,False,False,False,False,True,True
1222,26,56,16926348.54,inelastic,,-0.4904725507,2006,2013,2008,23073,False,False,False,False,False,False,True,False,False,False,False,True,True
1223,26,56,867745.9306,inelastic,,-0.7746907183,2006,2014,2011,23134,False,False,False,False,False,False,True,False,False,True,False,False,True
1224,26,56,958674.0843,inelastic,,-0.3665315444,2006,2014,2011,23134,False,False,False,False,False,False,True,False,False,True,False,False,True
1225,26,56,1038000,inelastic,,-0.2620126737,2006,2014,2011,23134,False,False,False,False,False,False,True,False,False,False,True,False,True
1226,26,56,1126059.501,inelastic,,-0.2132485779,2006,2014,2011,23134,False,False,False,False,False,False,True,False,False,False,True,False,True
1227,26,56,1263458.349,inelastic,,-0.2700257143,2006,2014,2011,23134,False,False,False,False,False,False,True,False,False,False,True,False,True
1228,26,56,1383000,inelastic,,-0.1487416513,2006,2014,2011,23134,False,False,False,False,False,False,True,False,False,False,True,False,True
1229,26,56,1520694.578,inelastic,,-0.07546228222,2006,2014,2011,23134,False,False,False,False,False,False,True,False,False,False,True,False,True
1230,26,56,1680000,inelastic,,-0.09097914579,2006,2014,2011,23134,False,False,False,False,False,False,True,False,False,False,True,False,True
1231,26,56,1865797.417,inelastic,,-0.06854212931,2006,2014,2011,23134,False,False,False,False,False,False,True,False,False,False,True,False,True
1232,26,56,2084000,inelastic,,0.02816441942,2006,2014,2011,23134,False,False,False,False,False,False,True,False,False,False,True,False,True
1233,26,56,2252000,inelastic,,0.03019478536,2006,2014,2011,23134,False,False,False,False,False,False,True,False,False,False,True,False,True
1234,26,56,2546273.748,inelastic,,0.04960561259,2006,2014,2011,23134,False,False,False,False,False,False,True,False,False,False,True,False,True
1235,26,56,2899000,inelastic,,0.08206693429,2006,2014,2011,23134,False,False,False,False,False,False,True,False,False,False,True,False,True
1236,26,56,3177000,inelastic,,0.1109262423,2006,2014,2011,23134,False,False,False,False,False,False,True,False,False,False,True,False,True
1237,26,56,3498000,inelastic,,0.1205739312,2006,2014,2011,23134,False,False,False,False,False,False,True,False,False,False,True,False,True
1238,26,56,3870000,inelastic,,0.1565491513,2006,2014,2011,23134,False,False,False,False,False,False,True,False,False,False,True,False,True
1239,26,56,4305000,inelastic,,0.1528995964,2006,2014,2011,23134,False,False,False,False,False,False,True,False,False,False,True,False,True
1240,26,56,4818000,inelastic,,0.1565491513,2006,2014,2011,23134,False,False,False,False,False,False,True,False,False,False,True,False,True
1241,26,56,5428000,inelastic,,0.1835545336,2006,2014,2011,23134,False,False,False,False,False,False,True,False,False,False,True,False,True
1242,26,56,6163000,inelastic,,0.1731862684,2006,2014,2011,23134,False,False,False,False,False,False,True,False,False,False,True,False,True
1243,26,56,7060000,inelastic,,0.1743505975,2006,2014,2011,23134,False,False,False,False,False,False,True,False,False,False,True,False,True
1244,26,56,8168000,inelastic,,0.1202447955,2006,2014,2011,23134,False,False,False,False,False,False,True,False,False,False,True,False,True
1245,26,56,9562000,inelastic,,0.1287222843,2006,2014,2011,23134,False,False,False,False,False,False,True,False,False,False,True,False,True
1246,26,56,11348000,inelastic,,0.1192558893,2006,2014,2011,23134,False,False,False,False,False,False,True,False,False,False,False,True,True
1247,26,56,13888048.7,n2n,,-0.412419979,2006,2011,2011,23171,False,True,False,False,False,False,False,False,False,False,False,True,True
1248,26,56,14717889.64,n2n,,-0.3009952535,2006,2011,2011,23171,False,True,False,False,False,False,False,False,False,False,False,True,True
1249,26,56,18109334.54,n2n,,-0.1824346304,2006,2011,2011,23171,False,True,False,False,False,False,False,False,False,False,False,True,True
1250,26,56,6500000,na,,-2.3400838,2006,2015,2016,32737,False,False,False,True,False,False,False,False,False,False,True,False,True
1251,26,56,5500000,na,,-2.978810701,2006,2015,2016,32737,False,False,False,True,False,False,False,False,False,False,True,False,True
1252,26,56,6500000,na,,-2.230622674,2006,2015,2016,32737,False,False,False,True,False,False,False,False,False,False,True,False,True
1253,26,56,5500000,na,,-2.99005047,2006,2019,2019,32786,False,False,False,True,False,False,False,False,False,False,True,False,True
1254,26,56,7700000,na,,-2.029885207,2006,2019,2019,32786,False,False,False,True,False,False,False,False,False,False,True,False,True
1255,26,56,8500000,na,,-1.821192857,2006,2019,2019,32786,False,False,False,True,False,False,False,False,False,False,True,False,True
1256,26,56,9500000,na,,-1.65848388,2006,2019,2019,32786,False,False,False,True,False,False,False,False,False,False,True,False,True
1257,26,56,10500000,na,,-1.62643339,2006,2019,2019,32786,False,False,False,True,False,False,False,False,False,False,False,True,True
1258,26,56,9361679.016,np,,-1.184090349,2006,2007,2008,22976,False,False,True,False,False,False,False,False,False,False,True,False,True
1259,26,56,10402527.87,np,,-1.104853811,2006,2007,2008,22976,False,False,True,False,False,False,False,False,False,False,False,True,True
1260,26,56,11471485.87,np,,-1.018634491,2006,2007,2008,22976,False,False,True,False,False,False,False,False,False,False,False,True,True
1261,26,56,12474855.31,np,,-0.9513640116,2006,2007,2008,22976,False,False,True,False,False,False,False,False,False,False,False,True,True
1262,26,56,14023818.26,np,,-0.9427904875,2006,2007,2008,22976,False,False,True,False,False,False,False,False,False,False,False,True,True
1263,26,56,14050000,np,,-0.9507819773,2006,2023,2023,31858,False,False,True,False,False,False,False,False,False,False,False,True,True
1264,26,56,5900000,np,,-1.871277716,2006,2013,2013,33045,False,False,True,False,False,False,False,False,False,False,True,False,True
1265,26,56,9850000,np,,-1.174296857,2006,2013,2013,33045,False,False,True,False,False,False,False,False,False,False,True,False,True
1266,26,56,15500000,np,,-1.108140336,2006,2013,2013,33045,False,False,True,False,False,False,False,False,False,False,False,True,True
1267,26,56,14800000,np,,-0.9205654894,2006,2013,2013,33045,False,False,True,False,False,False,False,False,False,False,False,True,True
1268,26,56,14075212.23,np,,-0.9498781383,2006,2016,2016,41614,False,False,True,False,False,False,False,False,False,False,False,True,True
1269,26,57,209775.5751,inelastic,,-0.2299990393,2006,2017,2018,23392,False,False,False,False,False,False,True,False,False,True,False,False,True
1270,26,57,231761.8398,inelastic,,-0.2026285692,2006,2017,2018,23392,False,False,False,False,False,False,True,False,False,True,False,False,True
1271,26,57,257396.7273,inelastic,,-0.1636208853,2006,2017,2018,23392,False,False,False,False,False,False,True,False,False,True,False,False,True
1272,26,57,287531.0956,inelastic,,-0.1981604983,2006,2017,2018,23392,False,False,False,False,False,False,True,False,False,True,False,False,True
1273,26,57,313675,inelastic,,-0.1841730859,2006,2017,2018,23392,False,False,False,False,False,False,True,False,False,True,False,False,True
1274,26,57,343721.0732,inelastic,,-0.1636917591,2006,2017,2018,23392,False,False,False,False,False,False,True,False,False,True,False,False,True
1275,26,57,378105,inelastic,,-0.1229454867,2006,2017,2018,23392,False,False,False,False,False,False,True,False,False,True,False,False,True
1276,26,57,418158.6756,inelastic,,-0.09162459694,2006,2017,2018,23392,False,False,False,False,False,False,True,False,False,True,False,False,True
1277,26,57,464645,inelastic,,-0.06833479607,2006,2017,2018,23392,False,False,False,False,False,False,True,False,False,True,False,False,True
1278,26,57,519709.339,inelastic,,-0.05568433088,2006,2017,2018,23392,False,False,False,False,False,False,True,False,False,True,False,False,True
1279,26,57,584720,inelastic,,-0.0479479733,2006,2017,2018,23392,False,False,False,False,False,False,True,False,False,True,False,False,True
1280,26,57,635260,inelastic,,-0.03212865658,2006,2017,2018,23392,False,False,False,False,False,False,True,False,False,True,False,False,True
1281,26,57,692655,inelastic,,-0.01413945203,2006,2017,2018,23392,False,False,False,False,False,False,True,False,False,True,False,False,True
1282,26,57,758205,inelastic,,0.01093317624,2006,2017,2018,23392,False,False,False,False,False,False,True,False,False,True,False,False,True
1283,26,57,833530,inelastic,,0.03089738648,2006,2017,2018,23392,False,False,False,False,False,False,True,False,False,True,False,False,True
1284,26,57,920675,inelastic,,0.04259768845,2006,2017,2018,23392,False,False,False,False,False,False,True,False,False,True,False,False,True
1285,26,57,1022260,inelastic,,0.05796717439,2006,2017,2018,23392,False,False,False,False,False,False,True,False,False,False,True,False,True
1286,26,57,1141660,inelastic,,0.07934753597,2006,2017,2018,23392,False,False,False,False,False,False,True,False,False,False,True,False,True
1287,26,57,1283310,inelastic,,0.07198720351,2006,2017,2018,23392,False,False,False,False,False,False,True,False,False,False,True,False,True
1288,26,57,1453090,inelastic,,0.07966349023,2006,2017,2018,23392,False,False,False,False,False,False,True,False,False,False,True,False,True
1289,26,57,1659030,inelastic,,0.09196566773,2006,2017,2018,23392,False,False,False,False,False,False,True,False,False,False,True,False,True
1290,26,57,1912190,inelastic,,0.09934094732,2006,2017,2018,23392,False,False,False,False,False,False,True,False,False,False,True,False,True
1291,26,57,2113360,inelastic,,0.1009597015,2006,2017,2018,23392,False,False,False,False,False,False,True,False,False,False,True,False,True
1292,26,57,2310309.476,inelastic,,0.09854247288,2006,2017,2018,23392,False,False,False,False,False,False,True,False,False,False,True,False,True
1293,26,57,2534960,inelastic,,0.1046580791,2006,2017,2018,23392,False,False,False,False,False,False,True,False,False,False,True,False,True
1294,26,57,2795600.71,inelastic,,0.1083348756,2006,2017,2018,23392,False,False,False,False,False,False,True,False,False,False,True,False,True
1295,26,57,3096860,inelastic,,0.111161862,2006,2017,2018,23392,False,False,False,False,False,False,True,False,False,False,True,False,True
1296,26,57,3451967.305,inelastic,,0.1166944934,2006,2017,2018,23392,False,False,False,False,False,False,True,False,False,False,True,False,True
1297,26,57,3869180,inelastic,,0.1236507072,2006,2017,2018,23392,False,False,False,False,False,False,True,False,False,False,True,False,True
1298,26,57,4191990,inelastic,,0.1277780692,2006,2017,2018,23392,False,False,False,False,False,False,True,False,False,False,True,False,True
1299,26,57,4557080,inelastic,,0.1314583397,2006,2017,2018,23392,False,False,False,False,False,False,True,False,False,False,True,False,True
1300,26,57,4972190,inelastic,,0.1297041235,2006,2017,2018,23392,False,False,False,False,False,False,True,False,False,False,True,False,True
1301,26,57,5446920,inelastic,,0.1267384234,2006,2017,2018,23392,False,False,False,False,False,False,True,False,False,False,True,False,True
1302,26,57,5993330,inelastic,,0.1204438251,2006,2017,2018,23392,False,False,False,False,False,False,True,False,False,False,True,False,True
1303,26,57,6626660,inelastic,,0.1121983125,2006,2017,2018,23392,False,False,False,False,False,False,True,False,False,False,True,False,True
1304,26,57,7366460,inelastic,,0.1019527396,2006,2017,2018,23392,False,False,False,False,False,False,True,False,False,False,True,False,True
1305,26,57,8238170,inelastic,,0.08735797764,2006,2017,2018,23392,False,False,False,False,False,False,True,False,False,False,True,False,True
1306,26,57,9275320,inelastic,,0.02129586806,2006,2017,2018,23392,False,False,False,False,False,False,True,False,False,False,True,False,True
1307,26,57,10522900,inelastic,,-0.1442241383,2006,2017,2018,23392,False,False,False,False,False,False,True,False,False,False,False,True,True
1308,26,57,12042500,inelastic,,-0.3516046574,2006,2017,2018,23392,False,False,False,False,False,False,True,False,False,False,False,True,True
1309,26,57,13919900,inelastic,,-0.6196878273,2006,2017,2018,23392,False,False,False,False,False,False,True,False,False,False,False,True,True
1310,26,57,5000000,na,,-2.507239611,2006,2014,2016,32748,False,False,False,True,False,False,False,False,False,False,True,False,True
1311,26,57,5500000,na,,-2.328827157,2006,2014,2016,32748,False,False,False,True,False,False,False,False,False,False,True,False,True
1312,26,57,6244997.998,na,,-2.174573882,2006,2014,2016,32748,False,False,False,True,False,False,False,False,False,False,True,False,True
1313,26,57,4300000,na,,-2.924453039,2006,2018,2018,41653,False,False,False,True,False,False,False,False,False,False,True,False,True
1314,26,57,4500000,na,,-2.782516056,2006,2018,2018,41653,False,False,False,True,False,False,False,False,False,False,True,False,True
1315,26,57,5000000,na,,-2.610833916,2006,2018,2018,41653,False,False,False,True,False,False,False,False,False,False,True,False,True
1316,26,57,5500000,na,,-2.474955193,2006,2018,2018,41653,False,False,False,True,False,False,False,False,False,False,True,False,True
1317,26,57,6244997.998,na,,-2.432385557,2006,2018,2018,41653,False,False,False,True,False,False,False,False,False,False,True,False,True
1318,26,57,14086668.74,np,,-1.068923703,2006,2016,2016,41614,False,False,True,False,False,False,False,False,False,False,False,True,True
1319,26,57,14774897.63,np,,-1.062983893,2006,2016,2016,41614,False,False,True,False,False,False,False,False,False,False,False,True,True
1320,27,59,11461021.16,n2n,,-0.8855224601,2006,2007,2008,22976,False,True,False,False,False,False,False,False,False,False,False,True,True
1321,27,59,12481881.39,n2n,,-0.4037548805,2006,2007,2008,22976,False,True,False,False,False,False,False,False,False,False,False,True,True
1322,27,59,13825518.51,n2n,,-0.1720064467,2006,2007,2008,22976,False,True,False,False,False,False,False,False,False,False,False,True,True
1323,27,59,17500000,n2n,,0.0813473078,2006,2011,2015,31764,False,True,False,False,False,False,False,False,False,False,False,True,True
1324,27,59,17300000,n2n,,-0.15490196,2006,2016,2016,31767,False,True,False,False,False,False,False,False,False,False,False,True,True
1325,27,59,14050000,n2n,,-0.1726307269,2006,2023,2023,31858,False,True,False,False,False,False,False,False,False,False,False,True,True
1326,27,59,11980000,n2n,,-0.6274561992,2006,2018,2020,33117,False,True,False,False,False,False,False,False,False,False,False,True,True
1327,27,59,15750000,n2n,,-0.1366176516,2006,2018,2020,33117,False,True,False,False,False,False,False,False,False,False,False,True,True
1328,27,59,14075212.23,n2n,,-0.1724153565,2006,2016,2016,41614,False,True,False,False,False,False,False,False,False,False,False,True,True
1329,27,59,14780000,n2n,,-0.1307682803,2006,2016,2016,41614,False,True,False,False,False,False,False,False,False,False,False,True,True
1330,27,59,8323364.104,na,,-2.020451625,2006,2007,2008,22976,False,False,False,True,False,False,False,False,False,False,True,False,True
1331,27,59,9178486.15,na,,-1.888233567,2006,2007,2008,22976,False,False,False,True,False,False,False,False,False,False,True,False,True
1332,27,59,10194712.01,na,,-1.775337471,2006,2007,2008,22976,False,False,False,True,False,False,False,False,False,False,False,True,True
1333,27,59,11461021.16,na,,-1.646969024,2006,2007,2008,22976,False,False,False,True,False,False,False,False,False,False,False,True,True
1334,27,59,12481881.39,na,,-1.574889847,2006,2007,2008,22976,False,False,False,True,False,False,False,False,False,False,False,True,True
1335,27,59,13825518.51,na,,-1.509199048,2006,2007,2008,22976,False,False,False,True,False,False,False,False,False,False,False,True,True
1336,27,59,17500000,na,,-1.681936665,2006,2022,2021,31842,False,False,False,True,False,False,False,False,False,False,False,True,True
1337,27,59,14050000,na,,-1.522878745,2006,2023,2023,31858,False,False,False,True,False,False,False,False,False,False,False,True,True
1338,27,59,18500000,na,,-1.772113295,2006,2025,2024,31859,False,False,False,True,False,False,False,False,False,False,False,True,True
1339,27,59,14075212.23,na,,-1.500542036,2006,2016,2016,41614,False,False,False,True,False,False,False,False,False,False,False,True,True
1340,27,59,14780000,na,,-1.490797478,2006,2016,2016,41614,False,False,False,True,False,False,False,False,False,False,False,True,True
1341,27,59,8323364.104,np,,-1.518557371,2006,2007,2008,22976,False,False,True,False,False,False,False,False,False,False,True,False,True
1342,27,59,9178486.15,np,,-1.472370099,2006,2007,2008,22976,False,False,True,False,False,False,False,False,False,False,True,False,True
1343,27,59,10194712.01,np,,-1.374173287,2006,2007,2008,22976,False,False,True,False,False,False,False,False,False,False,False,True,True
1344,27,59,11461021.16,np,,-1.272133551,2006,2007,2008,22976,False,False,True,False,False,False,False,False,False,False,False,True,True
1345,27,59,12481881.39,np,,-1.256490235,2006,2007,2008,22976,False,False,True,False,False,False,False,False,False,False,False,True,True
1346,27,59,13825518.51,np,,-1.288755329,2006,2007,2008,22976,False,False,True,False,False,False,False,False,False,False,False,True,True
1347,27,59,17500000,np,,-1.166852888,2006,2011,2015,31764,False,False,True,False,False,False,False,False,False,False,False,True,True
1348,27,59,17500000,np,,-1.205511953,2006,2011,2015,31764,False,False,True,False,False,False,False,False,False,False,False,True,True
1349,27,59,17300000,np,,-1.537602002,2006,2016,2016,31767,False,False,True,False,False,False,False,False,False,False,False,True,True
1350,27,59,17500000,np,,-1.54668166,2006,2022,2021,31842,False,False,True,False,False,False,False,False,False,False,False,True,True
1351,27,59,14050000,np,,-1.278189385,2006,2023,2023,31858,False,False,True,False,False,False,False,False,False,False,False,True,True
1352,27,59,17600000,np,,-1.522878745,2006,2025,2024,31859,False,False,True,False,False,False,False,False,False,False,False,True,True
1353,27,59,18500000,np,,-1.48148606,2006,2025,2024,31859,False,False,True,False,False,False,False,False,False,False,False,True,True
1354,27,59,14075212.23,np,,-1.296565314,2006,2016,2016,41614,False,False,True,False,False,False,False,False,False,False,False,True,True
1355,27,59,14780000,np,,-1.32330639,2006,2016,2016,41614,False,False,True,False,False,False,False,False,False,False,False,True,True
1356,28,58,17350000,n2n,,-1.251811973,2006,2016,2016,14447,False,True,False,False,False,False,False,False,False,False,False,True,True
1357,28,58,18828494.36,n2n,,-1.197226275,2006,2016,2016,14447,False,True,False,False,False,False,False,False,False,False,False,True,True
1358,28,58,12938152.85,n2n,,-2.391473966,2006,2007,2008,22976,False,True,False,False,False,False,False,False,False,False,False,True,True
1359,28,58,13989514.69,n2n,,-1.638839005,2006,2007,2008,22976,False,True,False,False,False,False,False,False,False,False,False,True,True
1360,28,58,14284968.8,n2n,,-1.499146289,2006,2007,2007,31598,False,True,False,False,False,False,False,False,False,False,False,True,True
1361,28,58,14700000,n2n,,-1.410720779,2006,2007,2007,31598,False,True,False,False,False,False,False,False,False,False,False,True,True
1362,28,58,17500000,n2n,,-1.337242168,2006,2013,2011,31714,False,True,False,False,False,False,False,False,False,False,False,True,True
1363,28,58,14540000,n2n,,-1.607303047,2006,2020,2020,33143,False,True,False,False,False,False,False,False,False,False,False,True,True
1364,28,58,14017842.75,n2n,,-1.653484033,2006,2016,2016,41614,False,True,False,False,False,False,False,False,False,False,False,True,True
1365,28,58,14773149.73,n2n,,-1.430236064,2006,2016,2016,41614,False,True,False,False,False,False,False,False,False,False,False,True,True
1366,28,58,4623310.502,na,,-1.563589021,2006,2020,2021,32813,False,False,False,True,False,False,False,False,False,False,True,False,True
1367,28,58,5123475.383,na,,-1.388468097,2006,2020,2021,32813,False,False,False,True,False,False,False,False,False,False,True,False,True
1368,28,58,5500000,na,,-1.28666793,2006,2020,2021,32813,False,False,False,True,False,False,False,False,False,False,True,False,True
1369,28,58,7980000,np,,-0.1836261112,2006,2007,2008,22976,False,False,True,False,False,False,False,False,False,False,True,False,True
1370,28,58,8463000,np,,-0.1921944677,2006,2007,2008,22976,False,False,True,False,False,False,False,False,False,False,True,False,True
1371,28,58,9319127.831,np,,-0.1930606749,2006,2007,2008,22976,False,False,True,False,False,False,False,False,False,False,True,False,True
1372,28,58,10311415.17,np,,-0.2039810307,2006,2007,2008,22976,False,False,True,False,False,False,False,False,False,False,False,True,True
1373,28,58,11309538.94,np,,-0.2232019941,2006,2007,2008,22976,False,False,True,False,False,False,False,False,False,False,False,True,True
1374,28,58,12692043.55,np,,-0.2900035914,2006,2007,2008,22976,False,False,True,False,False,False,False,False,False,False,False,True,True
1375,28,58,13923606.16,np,,-0.4102318578,2006,2007,2008,22976,False,False,True,False,False,False,False,False,False,False,False,True,True
1376,28,58,14050000,np,,-0.440093375,2006,2023,2023,31858,False,False,True,False,False,False,False,False,False,False,False,True,True
1377,28,58,14039230.75,np,,-0.4962093169,2006,2011,2012,32695,False,False,True,False,False,False,False,False,False,False,False,True,True
1378,28,58,3700000,np,,-0.4989407378,2006,2012,2013,33039,False,False,True,False,False,False,False,False,False,False,True,False,True
1379,28,58,5888300,np,,-0.3842603114,2006,2015,2017,33094,False,False,True,False,False,False,False,False,False,False,True,False,True
1380,28,58,10112600,np,,-0.2371714468,2006,2015,2017,33094,False,False,True,False,False,False,False,False,False,False,False,True,True
1381,28,58,15867300,np,,-0.785156152,2006,2015,2017,33094,False,False,True,False,False,False,False,False,False,False,False,True,True
1382,28,58,5888300,np,,-0.2638426247,2006,2015,2017,33094,False,False,True,False,False,False,False,False,False,False,True,False,True
1383,28,58,10112600,np,,-0.1482525809,2006,2015,2017,33094,False,False,True,False,False,False,False,False,False,False,False,True,True
1384,28,58,15867300,np,,-0.6916490514,2006,2015,2017,33094,False,False,True,False,False,False,False,False,False,False,False,True,True
1385,28,58,14540000,np,,-0.4597957002,2006,2020,2020,33143,False,False,True,False,False,False,False,False,False,False,False,True,True
1386,28,58,1660000,np,,-1.718512112,2006,2024,2024,33203,False,False,True,False,False,False,False,False,False,False,True,False,True
1387,28,58,2060000,np,,-1.233884717,2006,2024,2024,33203,False,False,True,False,False,False,False,False,False,False,True,False,True
1388,28,58,2660000,np,,-0.7762964365,2006,2024,2024,33203,False,False,True,False,False,False,False,False,False,False,True,False,True
1389,28,58,1060000,np,,-2.540607512,2006,2024,2025,33212,False,False,True,False,False,False,False,False,False,False,True,False,True
1390,28,58,1860000,np,,-1.231657941,2006,2024,2025,33212,False,False,True,False,False,False,False,False,False,False,True,False,True
1391,28,58,2850000,np,,-0.8819668712,2006,2024,2025,33212,False,False,True,False,False,False,False,False,False,False,True,False,True
1392,28,58,14017842.75,np,,-0.4428939939,2006,2016,2016,41614,False,False,True,False,False,False,False,False,False,False,False,True,True
1393,28,58,14773149.73,np,,-0.54668166,2006,2016,2016,41614,False,False,True,False,False,False,False,False,False,False,False,True,True
1394,28,58,2584461.575,total,,0.5073930821,2006,2020,2020,14661,False,False,False,False,True,False,False,False,False,False,True,False,True
1395,28,58,2809252.091,total,,0.5220760458,2006,2020,2020,14661,False,False,False,False,True,False,False,False,False,False,True,False,True
1396,28,58,3108163.818,total,,0.5139049463,2006,2020,2020,14661,False,False,False,False,True,False,False,False,False,False,True,False,True
1397,28,58,3435325.325,total,,0.5387770432,2006,2020,2020,14661,False,False,False,False,True,False,False,False,False,False,True,False,True
1398,28,58,3791528.281,total,,0.5407367833,2006,2020,2020,14661,False,False,False,False,True,False,False,False,False,False,True,False,True
1399,28,58,4196370.367,total,,0.5436149009,2006,2020,2020,14661,False,False,False,False,True,False,False,False,False,False,True,False,True
1400,28,58,4646452.128,total,,0.5591993338,2006,2020,2020,14661,False,False,False,False,True,False,False,False,False,False,True,False,True
1401,28,58,5132842.259,total,,0.5659951879,2006,2020,2020,14661,False,False,False,False,True,False,False,False,False,False,True,False,True
1402,28,58,5668716.927,total,,0.568032277,2006,2020,2020,14661,False,False,False,False,True,False,False,False,False,False,True,False,True
1403,28,58,6257030.423,total,,0.5692595196,2006,2020,2020,14661,False,False,False,False,True,False,False,False,False,False,True,False,True
1404,28,58,6921428.708,total,,0.559540512,2006,2020,2020,14661,False,False,False,False,True,False,False,False,False,False,True,False,True
1405,28,58,7648210.956,total,,0.5491489021,2006,2020,2020,14661,False,False,False,False,True,False,False,False,False,False,True,False,True
1406,28,58,8440002.567,total,,0.5353180077,2006,2020,2020,14661,False,False,False,False,True,False,False,False,False,False,True,False,True
1407,28,58,9328420.124,total,,0.5209927651,2006,2020,2020,14661,False,False,False,False,True,False,False,False,False,False,True,False,True
1408,28,58,10327595.46,total,,0.5027220123,2006,2020,2020,14661,False,False,False,False,True,False,False,False,False,False,False,True,True
1409,28,58,11406427.44,total,,0.4848766169,2006,2020,2020,14661,False,False,False,False,True,False,False,False,False,False,False,True,True
1410,28,58,12561848.22,total,,0.4624283226,2006,2020,2020,14661,False,False,False,False,True,False,False,False,False,False,False,True,True
1411,28,58,13903370,total,,0.4358227409,2006,2020,2020,14661,False,False,False,False,True,False,False,False,False,False,False,True,True
1412,28,58,15402638.41,total,,0.4086345991,2006,2020,2020,14661,False,False,False,False,True,False,False,False,False,False,False,True,True
1413,28,58,16995573.77,total,,0.3900775003,2006,2020,2020,14661,False,False,False,False,True,False,False,False,False,False,False,True,True
1414,28,58,18758520.98,total,,0.3759054715,2006,2020,2020,14661,False,False,False,False,True,False,False,False,False,False,False,True,True
1415,28,58,19843930,total,,0.3695757643,2006,2020,2020,14661,False,False,False,False,True,False,False,False,False,False,False,True,True
1416,28,59,1400000,na,,-2.167491087,2006,2022,2022,14787,False,False,False,True,False,False,False,False,False,False,True,False,True
1417,28,59,2000000,na,,-1.987162775,2006,2022,2022,14787,False,False,False,True,False,False,False,False,False,False,True,False,True
1418,28,59,2600000,na,,-1.821023053,2006,2022,2022,14787,False,False,False,True,False,False,False,False,False,False,True,False,True
1419,28,59,3200000,na,,-1.522878745,2006,2022,2022,14787,False,False,False,True,False,False,False,False,False,False,True,False,True
1420,28,59,3800000,na,,-1.480172006,2006,2022,2022,14787,False,False,False,True,False,False,False,False,False,False,True,False,True
1421,28,59,4400000,na,,-1.472370099,2006,2022,2022,14787,False,False,False,True,False,False,False,False,False,False,True,False,True
1422,28,59,5000000,na,,-1.326979093,2006,2022,2022,14787,False,False,False,True,False,False,False,False,False,False,True,False,True
1423,28,59,5600000,na,,-1.287350298,2006,2022,2022,14787,False,False,False,True,False,False,False,False,False,False,True,False,True
1424,28,59,6200000,na,,-1.319664487,2006,2022,2022,14787,False,False,False,True,False,False,False,False,False,False,True,False,True
1425,28,59,7000000,na,,-1.253365801,2006,2022,2022,14787,False,False,False,True,False,False,False,False,False,False,True,False,True
1426,28,59,8000000,na,,-1.252588192,2006,2022,2022,14787,False,False,False,True,False,False,False,False,False,False,True,False,True
1427,28,59,9000000,na,,-1.196542884,2006,2022,2022,14787,False,False,False,True,False,False,False,False,False,False,True,False,True
1428,28,59,10000000,na,,-1.217527376,2006,2022,2022,14787,False,False,False,True,False,False,False,False,False,False,False,True,True
1429,28,59,650000,np,,-1.777283529,2006,2022,2022,14787,False,False,True,False,False,False,False,False,False,True,False,False,True
1430,28,59,950000,np,,-1.630784143,2006,2022,2022,14787,False,False,True,False,False,False,False,False,False,True,False,False,True
1431,28,59,1250000,np,,-1.458420756,2006,2022,2022,14787,False,False,True,False,False,False,False,False,False,False,True,False,True
1432,28,59,1550000,np,,-1.510041521,2006,2022,2022,14787,False,False,True,False,False,False,False,False,False,False,True,False,True
1433,28,59,1850000,np,,-1.438898616,2006,2022,2022,14787,False,False,True,False,False,False,False,False,False,False,True,False,True
1434,28,59,2150000,np,,-1.338187314,2006,2022,2022,14787,False,False,True,False,False,False,False,False,False,False,True,False,True
1435,28,59,2450000,np,,-1.235077015,2006,2022,2022,14787,False,False,True,False,False,False,False,False,False,False,True,False,True
1436,28,59,2750000,np,,-1.124938737,2006,2022,2022,14787,False,False,True,False,False,False,False,False,False,False,True,False,True
1437,28,59,3050000,np,,-0.998699067,2006,2022,2022,14787,False,False,True,False,False,False,False,False,False,False,True,False,True
1438,28,59,3350000,np,,-1.009217308,2006,2022,2022,14787,False,False,True,False,False,False,False,False,False,False,True,False,True
1439,28,59,3797038.32,np,,-0.9471137647,2006,2022,2022,14787,False,False,True,False,False,False,False,False,False,False,True,False,True
1440,28,59,4250000,np,,-0.8613815661,2006,2022,2022,14787,False,False,True,False,False,False,False,False,False,False,True,False,True
1441,28,59,4697605.773,np,,-0.8365404482,2006,2022,2022,14787,False,False,True,False,False,False,False,False,False,False,True,False,True
1442,28,59,5150000,np,,-0.8728952016,2006,2022,2022,14787,False,False,True,False,False,False,False,False,False,False,True,False,True
1443,28,59,5597990.711,np,,-0.7887459324,2006,2022,2022,14787,False,False,True,False,False,False,False,False,False,False,True,False,True
1444,28,59,6198185.218,np,,-0.7360090673,2006,2022,2022,14787,False,False,True,False,False,False,False,False,False,False,True,False,True
1445,28,59,7000000,np,,-0.7734000948,2006,2022,2022,14787,False,False,True,False,False,False,False,False,False,False,True,False,True
1446,28,59,8000000,np,,-0.7644715531,2006,2022,2022,14787,False,False,True,False,False,False,False,False,False,False,True,False,True
1447,28,59,9000000,np,,-0.71828503,2006,2022,2022,14787,False,False,True,False,False,False,False,False,False,False,True,False,True
1448,28,59,10000000,np,,-0.7265357274,2006,2022,2022,14787,False,False,True,False,False,False,False,False,False,False,False,True,True
1449,28,60,17000000,n2n,,-0.221125528,2006,2007,2009,23050,False,True,False,False,False,False,False,False,False,False,False,True,True
1450,28,60,19000000,n2n,,-0.1084625423,2006,2007,2009,23050,False,True,False,False,False,False,False,False,False,False,False,True,True
1451,28,60,14600000,n2n,,-0.3705904009,2006,2015,2016,32736,False,True,False,False,False,False,False,False,False,False,False,True,True
1452,28,60,5000000,na,,-2.37413345,2006,2020,2021,32813,False,False,False,True,False,False,False,False,False,False,True,False,True
1453,28,60,5500000,na,,-2.10418374,2006,2020,2021,32813,False,False,False,True,False,False,False,False,False,False,True,False,True
1454,28,60,6259956.185,na,,-1.730195289,2006,2018,2018,41653,False,False,False,True,False,False,False,False,False,False,True,False,True
1455,28,60,6864384.979,na,,-1.596307662,2006,2018,2018,41653,False,False,False,True,False,False,False,False,False,False,True,False,True
1456,28,60,14050245.93,np,,-0.8068754016,2006,2016,2016,41614,False,False,True,False,False,False,False,False,False,False,False,True,True
1457,28,60,14860000,np,,-0.8601209136,2006,2016,2016,41614,False,False,True,False,False,False,False,False,False,False,False,True,True
1458,28,61,5000000,na,,-2.026318048,2006,2020,2021,32813,False,False,False,True,False,False,False,False,False,False,True,False,True
1459,28,61,5500000,na,,-1.924611511,2006,2020,2021,32813,False,False,False,True,False,False,False,False,False,False,True,False,True
1460,28,61,3570000,np,,-2.576754126,2006,2008,2008,23032,False,False,True,False,False,False,False,False,False,False,True,False,True
1461,28,61,3820000,np,,-2.397940009,2006,2008,2008,23032,False,False,True,False,False,False,False,False,False,False,True,False,True
1462,28,61,4163412.062,np,,-2.296708622,2006,2008,2008,23032,False,False,True,False,False,False,False,False,False,False,True,False,True
1463,28,61,4599038.11,np,,-2.15905792,2006,2008,2008,23032,False,False,True,False,False,False,False,False,False,False,True,False,True
1464,28,61,5240000,np,,-1.924453039,2006,2008,2008,23032,False,False,True,False,False,False,False,False,False,False,True,False,True
1465,28,61,5480000,np,,-1.847711656,2006,2008,2008,23032,False,False,True,False,False,False,False,False,False,False,True,False,True
1466,28,61,14039230.75,np,,-1,2006,2011,2012,32695,False,False,True,False,False,False,False,False,False,False,False,True,True
1467,28,63,210979,capture,,-2.15490196,2006,2015,2015,14446,True,False,False,False,False,False,False,False,False,True,False,False,True
1468,28,63,231333.8695,capture,,-2.062147907,2006,2015,2015,14446,True,False,False,False,False,False,False,False,False,True,False,False,True
1469,28,63,259560.8896,capture,,-2.124938737,2006,2015,2015,14446,True,False,False,False,False,False,False,False,False,True,False,False,True
1470,28,63,284602.8499,capture,,-2.124938737,2006,2015,2015,14446,True,False,False,False,False,False,False,False,False,True,False,False,True
1471,28,63,312060.8706,capture,,-2.346787486,2006,2015,2015,14446,True,False,False,False,False,False,False,False,False,True,False,False,True
1472,28,63,342167.8891,capture,,-2.602059991,2006,2015,2015,14446,True,False,False,False,False,False,False,False,False,True,False,False,True
1473,28,63,375179.6373,capture,,-2.397940009,2006,2015,2015,14446,True,False,False,False,False,False,False,False,False,True,False,False,True
1474,28,63,420958.4637,capture,,-2.522878745,2006,2015,2015,14446,True,False,False,False,False,False,False,False,False,True,False,False,True
1475,28,63,472323.1841,capture,,-2.346787486,2006,2015,2015,14446,True,False,False,False,False,False,False,False,False,True,False,False,True
1476,28,63,514215.442,capture,,-2.522878745,2006,2015,2015,14446,True,False,False,False,False,False,False,False,False,True,False,False,True
1477,28,63,743267.451,capture,,-2.397940009,2006,2015,2015,14446,True,False,False,False,False,False,False,False,False,True,False,False,True
1478,28,64,14039230.75,na,,-2.397940009,2006,2008,2008,31616,False,False,False,True,False,False,False,False,False,False,False,True,True
1479,28,64,2584461.575,total,,0.5249458371,2006,2020,2020,14661,False,False,False,False,True,False,False,False,False,False,True,False,True
1480,28,64,2809252.091,total,,0.5287217973,2006,2020,2020,14661,False,False,False,False,True,False,False,False,False,False,True,False,True
1481,28,64,3108163.818,total,,0.5232465064,2006,2020,2020,14661,False,False,False,False,True,False,False,False,False,False,True,False,True
1482,28,64,3435325.325,total,,0.5598856094,2006,2020,2020,14661,False,False,False,False,True,False,False,False,False,False,True,False,True
1483,28,64,3791528.281,total,,0.5652554634,2006,2020,2020,14661,False,False,False,False,True,False,False,False,False,False,True,False,True
1484,28,64,4196370.367,total,,0.5730080236,2006,2020,2020,14661,False,False,False,False,True,False,False,False,False,False,True,False,True
1485,28,64,4646452.128,total,,0.5791823685,2006,2020,2020,14661,False,False,False,False,True,False,False,False,False,False,True,False,True
1486,28,64,5132842.259,total,,0.6009608079,2006,2020,2020,14661,False,False,False,False,True,False,False,False,False,False,True,False,True
1487,28,64,5668716.927,total,,0.6028203058,2006,2020,2020,14661,False,False,False,False,True,False,False,False,False,False,True,False,True
1488,28,64,6257030.423,total,,0.5970336283,2006,2020,2020,14661,False,False,False,False,True,False,False,False,False,False,True,False,True
1489,28,64,6921428.708,total,,0.5858299053,2006,2020,2020,14661,False,False,False,False,True,False,False,False,False,False,True,False,True
1490,28,64,7648210.956,total,,0.5770865757,2006,2020,2020,14661,False,False,False,False,True,False,False,False,False,False,True,False,True
1491,28,64,8440002.567,total,,0.5629444121,2006,2020,2020,14661,False,False,False,False,True,False,False,False,False,False,True,False,True
1492,28,64,9328420.124,total,,0.5483062194,2006,2020,2020,14661,False,False,False,False,True,False,False,False,False,False,True,False,True
1493,28,64,10327595.46,total,,0.5316999313,2006,2020,2020,14661,False,False,False,False,True,False,False,False,False,False,False,True,True
1494,28,64,11406427.44,total,,0.5151207893,2006,2020,2020,14661,False,False,False,False,True,False,False,False,False,False,False,True,True
1495,28,64,12561848.22,total,,0.4895492909,2006,2020,2020,14661,False,False,False,False,True,False,False,False,False,False,False,True,True
1496,28,64,13903370,total,,0.4620808971,2006,2020,2020,14661,False,False,False,False,True,False,False,False,False,False,False,True,True
1497,28,64,15402638.41,total,,0.4339056342,2006,2020,2020,14661,False,False,False,False,True,False,False,False,False,False,False,True,True
1498,28,64,16995573.77,total,,0.4118290595,2006,2020,2020,14661,False,False,False,False,True,False,False,False,False,False,False,True,True
1499,28,64,18758520.98,total,,0.3965234645,2006,2020,2020,14661,False,False,False,False,True,False,False,False,False,False,False,True,True
1500,28,64,19843930,total,,0.3892742014,2006,2020,2020,14661,False,False,False,False,True,False,False,False,False,False,False,True,True
1501,29,63,71474.76307,capture,,-1.278189385,2006,2017,2017,14467,True,False,False,False,False,False,False,False,True,False,False,False,False
1502,29,63,76586.66907,capture,,-1.257667718,2006,2017,2017,14467,True,False,False,False,False,False,False,False,True,False,False,False,False
1503,29,63,84947.975,capture,,-1.192464972,2006,2017,2017,14467,True,False,False,False,False,False,False,False,True,False,False,False,False
1504,29,63,94222.15014,capture,,-1.241655937,2006,2017,2017,14467,True,False,False,False,False,False,False,False,True,False,False,False,False
1505,29,63,103312.5374,capture,,-1.270632695,2006,2017,2017,14467,True,False,False,False,False,False,False,False,False,True,False,False,True
1506,29,63,114591.6557,capture,,-1.326979093,2006,2017,2017,14467,True,False,False,False,False,False,False,False,False,True,False,False,True
1507,29,63,127102.204,capture,,-1.358278075,2006,2017,2017,14467,True,False,False,False,False,False,False,False,False,True,False,False,True
1508,29,63,139364.7657,capture,,-1.258651398,2006,2017,2017,14467,True,False,False,False,False,False,False,False,False,True,False,False,True
1509,29,63,154579.8916,capture,,-1.317133204,2006,2017,2017,14467,True,False,False,False,False,False,False,False,False,True,False,False,True
1510,29,63,171456.129,capture,,-1.400116928,2006,2017,2017,14467,True,False,False,False,False,False,False,False,False,True,False,False,True
1511,29,63,187997.8971,capture,,-1.331148352,2006,2017,2017,14467,True,False,False,False,False,False,False,False,False,True,False,False,True
1512,29,63,208522.5469,capture,,-1.35222595,2006,2017,2017,14467,True,False,False,False,False,False,False,False,False,True,False,False,True
1513,29,63,231287.9264,capture,,-1.362010219,2006,2017,2017,14467,True,False,False,False,False,False,False,False,False,True,False,False,True
1514,29,63,253602.1814,capture,,-1.497914441,2006,2017,2017,14467,True,False,False,False,False,False,False,False,False,True,False,False,True
1515,29,63,281289.1613,capture,,-1.473144013,2006,2017,2017,14467,True,False,False,False,False,False,False,False,False,True,False,False,True
1516,29,63,311998.854,capture,,-1.507588863,2006,2017,2017,14467,True,False,False,False,False,False,False,False,False,True,False,False,True
1517,29,63,342099.9529,capture,,-1.588801326,2006,2017,2017,14467,True,False,False,False,False,False,False,False,False,True,False,False,True
1518,29,63,379448.6096,capture,,-1.624885315,2006,2017,2017,14467,True,False,False,False,False,False,False,False,False,True,False,False,True
1519,29,63,420874.8726,capture,,-1.627548299,2006,2017,2017,14467,True,False,False,False,False,False,False,False,False,True,False,False,True
1520,29,63,466823.7983,capture,,-1.586700236,2006,2017,2017,14467,True,False,False,False,False,False,False,False,False,True,False,False,True
1521,29,63,517789.2047,capture,,-1.669586227,2006,2017,2017,14467,True,False,False,False,False,False,False,False,False,True,False,False,True
1522,29,63,567744.6252,capture,,-1.694648631,2006,2017,2017,14467,True,False,False,False,False,False,False,False,False,True,False,False,True
1523,29,63,629727.9945,capture,,-1.802443787,2006,2017,2017,14467,True,False,False,False,False,False,False,False,False,True,False,False,True
1524,29,63,682579.1125,capture,,-1.782516056,2006,2017,2017,14467,True,False,False,False,False,False,False,False,False,True,False,False,True
1525,29,63,390000,capture,,-1.600672468,2006,2018,2018,14502,True,False,False,False,False,False,False,False,False,True,False,False,True
1526,29,63,880000,capture,,-1.871600731,2006,2018,2018,14502,True,False,False,False,False,False,False,False,False,True,False,False,True
1527,29,63,1340000,capture,,-1.941573976,2006,2018,2018,14502,True,False,False,False,False,False,False,False,False,False,True,False,True
1528,29,63,1890000,capture,,-2.149353765,2006,2018,2018,14502,True,False,False,False,False,False,False,False,False,False,True,False,True
1529,29,63,2790000,capture,,-2.268411235,2006,2018,2018,14502,True,False,False,False,False,False,False,False,False,False,True,False,True
1530,29,63,3520000,capture,,-2.457174573,2006,2018,2018,14502,True,False,False,False,False,False,False,False,False,False,True,False,True
1531,29,63,4300000,capture,,-2.505845406,2006,2018,2018,14502,True,False,False,False,False,False,False,False,False,False,True,False,True
1532,29,63,5130000,capture,,-2.573488739,2006,2018,2018,14502,True,False,False,False,False,False,False,False,False,False,True,False,True
1533,29,63,6400000,capture,,-2.732828272,2006,2018,2018,14502,True,False,False,False,False,False,False,False,False,False,True,False,True
1534,29,63,7390000,capture,,-2.701146924,2006,2018,2018,14502,True,False,False,False,False,False,False,False,False,False,True,False,True
1535,29,63,1409000,capture,,-2.071849587,2006,2007,2007,31593,True,False,False,False,False,False,False,False,False,False,True,False,True
1536,29,63,1611000,capture,,-2.101037402,2006,2007,2007,31593,True,False,False,False,False,False,False,False,False,False,True,False,True
1537,29,63,1813000,capture,,-2.208009271,2006,2007,2007,31593,True,False,False,False,False,False,False,False,False,False,True,False,True
1538,29,63,2015000,capture,,-2.237980008,2006,2007,2007,31593,True,False,False,False,False,False,False,False,False,False,True,False,True
1539,29,63,11566982,n2n,,-1.606205511,2006,2007,2008,22976,False,True,False,False,False,False,False,False,False,False,False,True,True
1540,29,63,12702801.98,n2n,,-0.6872304429,2006,2007,2008,22976,False,True,False,False,False,False,False,False,False,False,False,True,True
1541,29,63,13881978.23,n2n,,-0.3612612202,2006,2007,2008,22976,False,True,False,False,False,False,False,False,False,False,False,True,True
1542,29,63,5000000,na,,-2.772113295,2006,2014,2016,32748,False,False,False,True,False,False,False,False,False,False,True,False,True
1543,29,63,5500000,na,,-2.468521083,2006,2014,2016,32748,False,False,False,True,False,False,False,False,False,False,True,False,True
1544,29,63,6244997.998,na,,-2.175223538,2006,2014,2016,32748,False,False,False,True,False,False,False,False,False,False,True,False,True
1545,29,63,5000000,na,,-2.835647144,2006,2023,2024,32903,False,False,False,True,False,False,False,False,False,False,True,False,True
1546,29,63,5500000,na,,-2.498940738,2006,2023,2024,32903,False,False,False,True,False,False,False,False,False,False,True,False,True
1547,29,63,8500000,na,,-1.695294102,2006,2023,2024,32903,False,False,False,True,False,False,False,False,False,False,True,False,True
1548,29,63,9500000,na,,-1.574139855,2006,2023,2024,32903,False,False,False,True,False,False,False,False,False,False,True,False,True
1549,29,63,10500000,na,,-1.491470281,2006,2023,2024,32903,False,False,False,True,False,False,False,False,False,False,False,True,True
1550,29,63,8500000,na,,-1.648203693,2006,2023,2024,32903,False,False,False,True,False,False,False,False,False,False,True,False,True
1551,29,63,10500000,na,,-1.474825572,2006,2023,2024,32903,False,False,False,True,False,False,False,False,False,False,False,True,True
1552,29,63,14050245.93,na,,-1.339405533,2006,2016,2016,41614,False,False,False,True,False,False,False,False,False,False,False,True,True
1553,29,63,14860000,na,,-1.368556231,2006,2016,2016,41614,False,False,False,True,False,False,False,False,False,False,False,True,True
1554,29,63,1880000,np,,-1.964570262,2006,2008,2008,23033,False,False,True,False,False,False,False,False,False,False,True,False,True
1555,29,63,2109786.719,np,,-1.789146635,2006,2008,2008,23033,False,False,True,False,False,False,False,False,False,False,True,False,True
1556,29,63,2350000,np,,-1.552841969,2006,2008,2008,23033,False,False,True,False,False,False,False,False,False,False,True,False,True
1557,29,63,2520000,np,,-1.536107011,2006,2008,2008,23033,False,False,True,False,False,False,False,False,False,False,True,False,True
1558,29,63,2680000,np,,-1.454692884,2006,2008,2008,23033,False,False,True,False,False,False,False,False,False,False,True,False,True
1559,29,63,3064669.64,np,,-1.332547047,2006,2008,2008,23033,False,False,True,False,False,False,False,False,False,False,True,False,True
1560,29,63,3590000,np,,-1.218963061,2006,2008,2008,23033,False,False,True,False,False,False,False,False,False,False,True,False,True
1561,29,63,3650000,np,,-1.262807357,2006,2008,2008,23033,False,False,True,False,False,False,False,False,False,False,True,False,True
1562,29,63,4237688.049,np,,-1.15864053,2006,2008,2008,23033,False,False,True,False,False,False,False,False,False,False,True,False,True
1563,29,63,1550000,np,,-2.213248578,2006,2008,2008,23033,False,False,True,False,False,False,False,False,False,False,True,False,True
1564,29,63,1770000,np,,-2.014573526,2006,2008,2008,23033,False,False,True,False,False,False,False,False,False,False,True,False,True
1565,29,63,1868816.966,np,,-1.939050468,2006,2008,2008,23033,False,False,True,False,False,False,False,False,False,False,True,False,True
1566,29,63,2270000,np,,-1.503762455,2006,2008,2008,23033,False,False,True,False,False,False,False,False,False,False,True,False,True
1567,29,63,2460000,np,,-1.407268234,2006,2008,2008,23033,False,False,True,False,False,False,False,False,False,False,True,False,True
1568,29,63,2899724.125,np,,-1.364817951,2006,2008,2008,23033,False,False,True,False,False,False,False,False,False,False,True,False,True
1569,29,63,3179748.418,np,,-1.251191995,2006,2008,2008,23033,False,False,True,False,False,False,False,False,False,False,True,False,True
1570,29,63,3440000,np,,-1.218101081,2006,2008,2008,23033,False,False,True,False,False,False,False,False,False,False,True,False,True
1571,29,63,3819790.57,np,,-1.141613207,2006,2008,2008,23033,False,False,True,False,False,False,False,False,False,False,True,False,True
1572,29,63,4130000,np,,-1.151749285,2006,2008,2008,23033,False,False,True,False,False,False,False,False,False,False,True,False,True
1573,29,63,4549725.266,np,,-1.136142038,2006,2008,2008,23033,False,False,True,False,False,False,False,False,False,False,True,False,True
1574,29,63,5127600.267,np,,-1.110922507,2006,2008,2008,23033,False,False,True,False,False,False,False,False,False,False,True,False,True
1575,29,63,5570000,np,,-1.058637664,2006,2008,2008,23033,False,False,True,False,False,False,False,False,False,False,True,False,True
1576,29,63,13746275.86,np,,-1.175874166,2006,2008,2008,23033,False,False,True,False,False,False,False,False,False,False,False,True,True
1577,29,63,14850000,np,,-1.232102384,2006,2008,2008,23033,False,False,True,False,False,False,False,False,False,False,False,True,True
1578,29,65,390000,capture,,-1.902048929,2006,2018,2018,14502,True,False,False,False,False,False,False,False,False,True,False,False,True
1579,29,65,880000,capture,,-2.04431225,2006,2018,2018,14502,True,False,False,False,False,False,False,False,False,True,False,False,True
1580,29,65,1340000,capture,,-2.015472687,2006,2018,2018,14502,True,False,False,False,False,False,False,False,False,False,True,False,True
1581,29,65,1890000,capture,,-2.066006836,2006,2018,2018,14502,True,False,False,False,False,False,False,False,False,False,True,False,True
1582,29,65,2790000,capture,,-2.180456064,2006,2018,2018,14502,True,False,False,False,False,False,False,False,False,False,True,False,True
1583,29,65,3520000,capture,,-2.298432015,2006,2018,2018,14502,True,False,False,False,False,False,False,False,False,False,True,False,True
1584,29,65,4300000,capture,,-2.463441557,2006,2018,2018,14502,True,False,False,False,False,False,False,False,False,False,True,False,True
1585,29,65,5130000,capture,,-2.59345982,2006,2018,2018,14502,True,False,False,False,False,False,False,False,False,False,True,False,True
1586,29,65,6400000,capture,,-2.777283529,2006,2018,2018,14502,True,False,False,False,False,False,False,False,False,False,True,False,True
1587,29,65,7390000,capture,,-2.739928612,2006,2018,2018,14502,True,False,False,False,False,False,False,False,False,False,True,False,True
1588,29,65,10456714.21,n2n,,-1.482408269,2006,2007,2008,22976,False,True,False,False,False,False,False,False,False,False,False,True,True
1589,29,65,11457953.89,n2n,,-0.5779732649,2006,2007,2008,22976,False,True,False,False,False,False,False,False,False,False,False,True,True
1590,29,65,12723421.56,n2n,,-0.208449695,2006,2007,2008,22976,False,True,False,False,False,False,False,False,False,False,False,True,True
1591,29,65,13813653.18,n2n,,-0.07844357227,2006,2007,2008,22976,False,True,False,False,False,False,False,False,False,False,False,True,True
1592,29,65,14291431.78,n2n,,-0.05317124765,2006,2007,2007,31598,False,True,False,False,False,False,False,False,False,False,False,True,True
1593,29,65,14699996.6,n2n,,-0.01322826573,2006,2007,2007,31598,False,True,False,False,False,False,False,False,False,False,False,True,True
1594,29,65,14920000,n2n,,0.01318283615,2006,2022,2021,33163,False,True,False,False,False,False,False,False,False,False,False,True,True
1595,29,65,14075212.23,n2n,,-0.0511796667,2006,2016,2016,41614,False,True,False,False,False,False,False,False,False,False,False,True,True
1596,29,65,14780000,n2n,,-0.01457352592,2006,2016,2016,41614,False,True,False,False,False,False,False,False,False,False,False,True,True
1597,29,65,10456714.21,np,,-1.799970733,2006,2007,2008,22976,False,False,True,False,False,False,False,False,False,False,False,True,True
1598,29,65,11314180,np,,-1.735575738,2006,2007,2008,22976,False,False,True,False,False,False,False,False,False,False,False,True,True
1599,29,65,12775117.06,np,,-1.691542306,2006,2007,2008,22976,False,False,True,False,False,False,False,False,False,False,False,True,True
1600,29,65,13678010.27,np,,-1.686765708,2006,2007,2008,22976,False,False,True,False,False,False,False,False,False,False,False,True,True
1601,29,65,5170000,np,,-2.301029996,2006,2008,2008,23032,False,False,True,False,False,False,False,False,False,False,True,False,True
1602,29,65,5930000,np,,-2.292429824,2006,2008,2008,23032,False,False,True,False,False,False,False,False,False,False,True,False,True
1603,29,65,14500000,np,,-1.653647026,2006,2022,2024,32872,False,False,True,False,False,False,False,False,False,False,False,True,True
1604,29,65,14700000,np,,-1.668370282,2006,2022,2024,32872,False,False,True,False,False,False,False,False,False,False,False,True,True
1605,29,65,14920000,np,,-1.648977147,2006,2020,2020,33150,False,False,True,False,False,False,False,False,False,False,False,True,True
1606,29,65,14075212.23,np,,-1.675031997,2006,2016,2016,41614,False,False,True,False,False,False,False,False,False,False,False,True,True
1607,29,65,14780000,np,,-1.684029655,2006,2016,2016,41614,False,False,True,False,False,False,False,False,False,False,False,True,True
1608,30,64,12789517.29,n2n,,-1.762079434,2006,2013,2013,14330,False,True,False,False,False,False,False,False,False,False,False,True,True
1609,30,64,13905505.09,n2n,,-1.042239516,2006,2013,2013,14330,False,True,False,False,False,False,False,False,False,False,False,True,True
1610,30,64,12829867.58,n2n,,-1.668066827,2006,2007,2008,22976,False,True,False,False,False,False,False,False,False,False,False,True,True
1611,30,64,13881978.23,n2n,,-1.00121773,2006,2007,2008,22976,False,True,False,False,False,False,False,False,False,False,False,True,True
1612,30,64,17500000,n2n,,-0.6020599913,2006,2013,2011,31714,False,True,False,False,False,False,False,False,False,False,False,True,True
1613,30,64,14540000,n2n,,-0.7537723222,2006,2019,2020,33137,False,True,False,False,False,False,False,False,False,False,False,True,True
1614,30,64,14770000,n2n,,-0.8102851577,2006,2023,2024,33196,False,True,False,False,False,False,False,False,False,False,False,True,True
1615,30,64,14048944.67,n2n,,-0.9938396913,2006,2016,2016,41614,False,True,False,False,False,False,False,False,False,False,False,True,True
1616,30,64,14810000,n2n,,-0.7958800173,2006,2016,2016,41614,False,True,False,False,False,False,False,False,False,False,False,True,True
1617,30,64,5030000,na,,-1.095049358,2006,2007,2008,31614,False,False,False,True,False,False,False,False,False,False,True,False,True
1618,30,64,5950000,na,,-1.113556635,2006,2007,2008,31614,False,False,False,True,False,False,False,False,False,False,True,False,True
1619,30,64,2540000,na,,-1.928117993,2006,2008,2008,31620,False,False,False,True,False,False,False,False,False,False,True,False,True
1620,30,64,4000000,na,,-1.22475374,2006,2008,2008,31620,False,False,False,True,False,False,False,False,False,False,True,False,True
1621,30,64,5500000,na,,-1.151810883,2006,2008,2008,31620,False,False,False,True,False,False,False,False,False,False,True,False,True
1622,30,64,4324349.662,na,,-1.207258214,2006,2018,2018,41653,False,False,False,True,False,False,False,False,False,False,True,False,True
1623,30,64,4500000,na,,-1.199970641,2006,2018,2018,41653,False,False,False,True,False,False,False,False,False,False,True,False,True
1624,30,64,6049793.385,na,,-1.120330794,2006,2018,2018,41653,False,False,False,True,False,False,False,False,False,False,True,False,True
1625,30,64,2760000,np,,-1.301899454,2006,2017,2026,14484,False,False,True,False,False,False,False,False,False,False,True,False,True
1626,30,64,2760000,np,,-1.308034897,2006,2017,2026,14484,False,False,True,False,False,False,False,False,False,False,True,False,True
1627,30,64,2760000,np,,-1.30980392,2006,2017,2026,14484,False,False,True,False,False,False,False,False,False,False,True,False,True
1628,30,64,2760000,np,,-1.338187314,2006,2017,2026,14484,False,False,True,False,False,False,False,False,False,False,True,False,True
1629,30,64,2760000,np,,-1.332547047,2006,2017,2026,14484,False,False,True,False,False,False,False,False,False,False,True,False,True
1630,30,64,2760000,np,,-1.329754147,2006,2017,2026,14484,False,False,True,False,False,False,False,False,False,False,True,False,True
1631,30,64,8495000,np,,-0.6283780728,2006,2007,2008,22976,False,False,True,False,False,False,False,False,False,False,True,False,True
1632,30,64,9248277.461,np,,-0.6136794261,2006,2007,2008,22976,False,False,True,False,False,False,False,False,False,False,True,False,True
1633,30,64,10269763.92,np,,-0.5938005763,2006,2007,2008,22976,False,False,True,False,False,False,False,False,False,False,False,True,True
1634,30,64,11437248.72,np,,-0.5984845817,2006,2007,2008,22976,False,False,True,False,False,False,False,False,False,False,False,True,True
1635,30,64,12702801.98,np,,-0.6446251156,2006,2007,2008,22976,False,False,True,False,False,False,False,False,False,False,False,True,True
1636,30,64,13881978.23,np,,-0.7452707026,2006,2007,2008,22976,False,False,True,False,False,False,False,False,False,False,False,True,True
1637,30,64,3570000,np,,-0.8664610916,2006,2008,2008,23032,False,False,True,False,False,False,False,False,False,False,True,False,True
1638,30,64,4163412.062,np,,-0.8492435601,2006,2008,2008,23032,False,False,True,False,False,False,False,False,False,False,True,False,True
1639,30,64,4629247.143,np,,-0.8107905104,2006,2008,2008,23032,False,False,True,False,False,False,False,False,False,False,True,False,True
1640,30,64,5209760.071,np,,-0.7812020019,2006,2008,2008,23032,False,False,True,False,False,False,False,False,False,False,True,False,True
1641,30,64,5480000,np,,-0.8210230527,2006,2008,2008,23032,False,False,True,False,False,False,False,False,False,False,True,False,True
1642,30,64,14000000,np,,-0.7444862872,2006,2023,2024,32884,False,False,True,False,False,False,False,False,False,False,False,True,True
1643,30,66,14000000,n2n,,-0.1833610551,2006,2023,2024,32884,False,True,False,False,False,False,False,False,False,False,False,True,True
1644,30,66,14770000,n2n,,-0.1405554619,2006,2023,2024,33196,False,True,False,False,False,False,False,False,False,False,False,True,True
1645,30,66,4000000,na,,-2.744727495,2006,2017,2017,32755,False,False,False,True,False,False,False,False,False,False,True,False,True
1646,30,66,5000000,na,,-2.263603498,2006,2017,2017,32755,False,False,False,True,False,False,False,False,False,False,True,False,True
1647,30,66,6000000,na,,-2,2006,2017,2017,32755,False,False,False,True,False,False,False,False,False,False,True,False,True
1648,30,66,14770000,np,,-1.229516191,2006,2023,2024,33196,False,False,True,False,False,False,False,False,False,False,False,True,True
1649,30,67,6000000,na,,-2.13667714,2006,2010,2010,32672,False,False,False,True,False,False,False,False,False,False,True,False,True
1650,30,67,4000000,na,,-2.127957303,2006,2010,2011,32689,False,False,False,True,False,False,False,False,False,False,True,False,True
1651,30,67,5000000,na,,-2.117371081,2006,2010,2011,32689,False,False,False,True,False,False,False,False,False,False,True,False,True
1652,30,67,6000000,na,,-2.091365689,2006,2010,2011,32689,False,False,False,True,False,False,False,False,False,False,True,False,True
1653,30,67,3700000,np,,-2.583359493,2006,2009,2009,14251,False,False,True,False,False,False,False,False,False,False,True,False,True
1654,30,67,4650000,np,,-2.397940009,2006,2008,2008,23032,False,False,True,False,False,False,False,False,False,False,True,False,True
1655,30,67,5240000,np,,-2.27572413,2006,2008,2008,23032,False,False,True,False,False,False,False,False,False,False,True,False,True
1656,30,67,5480000,np,,-2.318758763,2006,2008,2008,23032,False,False,True,False,False,False,False,False,False,False,True,False,True
1657,30,67,14540000,np,,-1.301464507,2006,2019,2020,33137,False,False,True,False,False,False,False,False,False,False,False,True,True
1658,30,67,14770000,np,,-1.294563953,2006,2023,2024,33196,False,False,True,False,False,False,False,False,False,False,False,True,True
1659,30,68,6350000,na,,-2.939551478,2006,2025,2026,14862,False,False,False,True,False,False,False,False,False,False,True,False,True
1660,30,68,6850000,na,,-2.795711761,2006,2025,2026,14862,False,False,False,True,False,False,False,False,False,False,True,False,True
1661,30,68,7595887.045,na,,-2.539878269,2006,2025,2026,14862,False,False,False,True,False,False,False,False,False,False,True,False,True
1662,30,68,8596365.511,na,,-2.369882446,2006,2025,2026,14862,False,False,False,True,False,False,False,False,False,False,True,False,True
1663,30,68,9350000,na,,-2.306882722,2006,2025,2026,14862,False,False,False,True,False,False,False,False,False,False,True,False,True
1664,30,68,10341942.2,na,,-2.234342371,2006,2025,2026,14862,False,False,False,True,False,False,False,False,False,False,False,True,True
1665,30,68,11597305.72,na,,-2.056699674,2006,2025,2026,14862,False,False,False,True,False,False,False,False,False,False,False,True,True
1666,30,68,12597519.6,na,,-1.971224457,2006,2025,2026,14862,False,False,False,True,False,False,False,False,False,False,False,True,True
1667,30,68,14770000,na,,-2.010550182,2006,2023,2024,33196,False,False,False,True,False,False,False,False,False,False,False,True,True
1668,30,68,6850000,np,,-2.938852992,2006,2025,2026,14862,False,False,True,False,False,False,False,False,False,False,True,False,True
1669,30,68,7595887.045,np,,-2.440924474,2006,2025,2026,14862,False,False,True,False,False,False,False,False,False,False,True,False,True
1670,30,68,8596365.511,np,,-2.166707829,2006,2025,2026,14862,False,False,True,False,False,False,False,False,False,False,True,False,True
1671,30,68,9350000,np,,-1.989551628,2006,2025,2026,14862,False,False,True,False,False,False,False,False,False,False,True,False,True
1672,30,68,10341942.2,np,,-1.883058142,2006,2025,2026,14862,False,False,True,False,False,False,False,False,False,False,False,True,True
1673,30,68,11597305.72,np,,-1.671976338,2006,2025,2026,14862,False,False,True,False,False,False,False,False,False,False,False,True,True
1674,30,68,12350000,np,,-1.834307659,2006,2025,2026,14862,False,False,True,False,False,False,False,False,False,False,False,True,True
1675,31,69,11247221.88,n2n,,-1.406160339,2006,2011,2011,14291,False,True,False,False,False,False,False,False,False,False,False,True,True
1676,31,69,12869537.68,n2n,,-0.3374310331,2006,2011,2011,14291,False,True,False,False,False,False,False,False,False,False,False,True,True
1677,31,69,14247806.85,n2n,,-0.1602078156,2006,2011,2011,14291,False,True,False,False,False,False,False,False,False,False,False,True,True
1678,31,69,15000000,n2n,,-0.1466060225,2006,2011,2011,14291,False,True,False,False,False,False,False,False,False,False,False,True,True
1679,31,69,13796738.75,n2n,,-0.06424089625,2006,2012,2012,32704,False,True,False,False,False,False,False,False,False,False,False,True,True
1680,31,69,14800000,n2n,,-0.03011835625,2006,2012,2012,32704,False,True,False,False,False,False,False,False,False,False,False,True,True
1681,31,69,14900000,n2n,,-0.08025266819,2006,2019,2019,33132,False,True,False,False,False,False,False,False,False,False,False,True,True
1682,31,69,5139093.493,na,,-2.380211242,2006,2008,2008,23032,False,False,False,True,False,False,False,False,False,False,True,False,True
1683,31,71,13796738.75,capture,,-2.775985189,2006,2012,2012,32706,True,False,False,False,False,False,False,False,False,False,False,True,True
1684,31,71,14800000,capture,,-3.039767127,2006,2012,2012,32706,True,False,False,False,False,False,False,False,False,False,False,True,True
1685,31,71,620000,capture,,-1.742321425,2006,2012,2012,32707,True,False,False,False,False,False,False,False,False,True,False,False,True
1686,31,71,1020000,capture,,-1.886056648,2006,2012,2012,32707,True,False,False,False,False,False,False,False,False,False,True,False,True
1687,31,71,1940000,capture,,-2.1837587,2006,2012,2012,32707,True,False,False,False,False,False,False,False,False,False,True,False,True
1688,31,71,2980000,capture,,-2.282329497,2006,2012,2012,32707,True,False,False,False,False,False,False,False,False,False,True,False,True
1689,31,71,2150000,capture,,-2.039053804,2006,2023,2023,33193,True,False,False,False,False,False,False,False,False,False,True,False,True
1690,31,71,3190000,capture,,-2.241088108,2006,2023,2023,33193,True,False,False,False,False,False,False,False,False,False,True,False,True
1691,31,71,13796738.75,n2n,,-0.004364805402,2006,2012,2012,32704,False,True,False,False,False,False,False,False,False,False,False,True,True
1692,31,71,14800000,n2n,,0.03342375549,2006,2012,2012,32704,False,True,False,False,False,False,False,False,False,False,False,True,True
1693,31,71,14900000,n2n,,0.06269853248,2006,2019,2019,33132,False,True,False,False,False,False,False,False,False,False,False,True,True
1694,32,70,124567,capture,,-1.371070837,2006,2022,2022,14791,True,False,False,False,False,False,False,False,False,True,False,False,True
1695,32,70,141059.8301,capture,,-1.216819895,2006,2022,2022,14791,True,False,False,False,False,False,False,False,False,True,False,False,True
1696,32,70,159736,capture,,-1.352398959,2006,2022,2022,14791,True,False,False,False,False,False,False,False,False,True,False,False,True
1697,32,70,173541,capture,,-1.344567651,2006,2022,2022,14791,True,False,False,False,False,False,False,False,False,True,False,False,True
1698,32,70,188540,capture,,-1.364949759,2006,2022,2022,14791,True,False,False,False,False,False,False,False,False,True,False,False,True
1699,32,70,204834,capture,,-1.344148256,2006,2022,2022,14791,True,False,False,False,False,False,False,False,False,True,False,False,True
1700,32,70,231954.2422,capture,,-1.377373127,2006,2022,2022,14791,True,False,False,False,False,False,False,False,False,True,False,False,True
1701,32,70,262665,capture,,-1.398144175,2006,2022,2022,14791,True,False,False,False,False,False,False,False,False,True,False,False,True
1702,32,70,285366,capture,,-1.405973384,2006,2022,2022,14791,True,False,False,False,False,False,False,False,False,True,False,False,True
1703,32,70,310029,capture,,-1.408020997,2006,2022,2022,14791,True,False,False,False,False,False,False,False,False,True,False,False,True
1704,32,70,336824,capture,,-1.416659508,2006,2022,2022,14791,True,False,False,False,False,False,False,False,False,True,False,False,True
1705,32,70,381419.3506,capture,,-1.404256389,2006,2022,2022,14791,True,False,False,False,False,False,False,False,False,True,False,False,True
1706,32,70,431920,capture,,-1.403329245,2006,2022,2022,14791,True,False,False,False,False,False,False,False,False,True,False,False,True
1707,32,70,469249,capture,,-1.37271302,2006,2022,2022,14791,True,False,False,False,False,False,False,False,False,True,False,False,True
1708,32,70,509804,capture,,-1.400187861,2006,2022,2022,14791,True,False,False,False,False,False,False,False,False,True,False,False,True
1709,32,70,553864,capture,,-1.409795925,2006,2022,2022,14791,True,False,False,False,False,False,False,False,False,True,False,False,True
1710,32,70,627195.721,capture,,-1.435193138,2006,2022,2022,14791,True,False,False,False,False,False,False,False,False,True,False,False,True
1711,32,70,710236,capture,,-1.423405289,2006,2022,2022,14791,True,False,False,False,False,False,False,False,False,True,False,False,True
1712,32,70,771619,capture,,-1.388432811,2006,2022,2022,14791,True,False,False,False,False,False,False,False,False,True,False,False,True
1713,32,70,838307,capture,,-1.373057377,2006,2022,2022,14791,True,False,False,False,False,False,False,False,False,True,False,False,True
1714,32,70,910758,capture,,-1.416720725,2006,2022,2022,14791,True,False,False,False,False,False,False,False,False,True,False,False,True
1715,32,70,118608.8799,capture,,-1.353252308,2006,2019,2019,23454,True,False,False,False,False,False,False,False,False,True,False,False,True
1716,32,70,126951.531,capture,,-1.368677759,2006,2019,2019,23454,True,False,False,False,False,False,False,False,False,True,False,False,True
1717,32,70,140568.3877,capture,,-1.342260719,2006,2019,2019,23454,True,False,False,False,False,False,False,False,False,True,False,False,True
1718,32,70,155632.7548,capture,,-1.40833976,2006,2019,2019,23454,True,False,False,False,False,False,False,False,False,True,False,False,True
1719,32,70,170360.1461,capture,,-1.429568859,2006,2019,2019,23454,True,False,False,False,False,False,False,False,False,True,False,False,True
1720,32,70,188582.2999,capture,,-1.448368515,2006,2019,2019,23454,True,False,False,False,False,False,False,False,False,True,False,False,True
1721,32,70,208733.1713,capture,,-1.49892738,2006,2019,2019,23454,True,False,False,False,False,False,False,False,False,True,False,False,True
1722,32,70,231011.7836,capture,,-1.465686999,2006,2019,2019,23454,True,False,False,False,False,False,False,False,False,True,False,False,True
1723,32,70,255640.1151,capture,,-1.503898236,2006,2019,2019,23454,True,False,False,False,False,False,False,False,False,True,False,False,True
1724,32,70,282860.144,capture,,-1.542689569,2006,2019,2019,23454,True,False,False,False,False,False,False,False,False,True,False,False,True
1725,32,70,302580,capture,,-1.531496115,2006,2019,2019,23454,True,False,False,False,False,False,False,False,False,True,False,False,True
1726,32,70,13847743.5,n2n,,-0.3937799128,2006,2008,2008,31654,False,True,False,False,False,False,False,False,False,False,False,True,True
1727,32,70,14530000,n2n,,-0.3279021421,2006,2007,2008,32218,False,True,False,False,False,False,False,False,False,False,False,True,True
1728,32,70,13960000,n2n,,-0.3767507096,2006,2007,2016,32231,False,True,False,False,False,False,False,False,False,False,False,True,True
1729,32,70,13500000,np,,-0.8236193078,2006,2008,2008,31615,False,False,True,False,False,False,False,False,False,False,False,True,True
1730,32,70,14800000,np,,-1.221125528,2006,2008,2008,31615,False,False,True,False,False,False,False,False,False,False,False,True,True
1731,32,70,13847743.5,np,,-0.7500682434,2006,2008,2008,31654,False,False,True,False,False,False,False,False,False,False,False,True,True
1732,32,70,14530000,np,,-0.9100948886,2006,2007,2008,32218,False,False,True,False,False,False,False,False,False,False,False,True,True
1733,32,72,159736,capture,,-1.559473454,2006,2022,2022,14791,True,False,False,False,False,False,False,False,False,True,False,False,True
1734,32,72,173541,capture,,-1.542003114,2006,2022,2022,14791,True,False,False,False,False,False,False,False,False,True,False,False,True
1735,32,72,188540,capture,,-1.504047922,2006,2022,2022,14791,True,False,False,False,False,False,False,False,False,True,False,False,True
1736,32,72,204834,capture,,-1.496729693,2006,2022,2022,14791,True,False,False,False,False,False,False,False,False,True,False,False,True
1737,32,72,231954.2422,capture,,-1.548119963,2006,2022,2022,14791,True,False,False,False,False,False,False,False,False,True,False,False,True
1738,32,72,262665,capture,,-1.575131425,2006,2022,2022,14791,True,False,False,False,False,False,False,False,False,True,False,False,True
1739,32,72,285366,capture,,-1.586847821,2006,2022,2022,14791,True,False,False,False,False,False,False,False,False,True,False,False,True
1740,32,72,310029,capture,,-1.602059991,2006,2022,2022,14791,True,False,False,False,False,False,False,False,False,True,False,False,True
1741,32,72,336824,capture,,-1.584642638,2006,2022,2022,14791,True,False,False,False,False,False,False,False,False,True,False,False,True
1742,32,72,381419.3506,capture,,-1.567335303,2006,2022,2022,14791,True,False,False,False,False,False,False,False,False,True,False,False,True
1743,32,72,431920,capture,,-1.568369307,2006,2022,2022,14791,True,False,False,False,False,False,False,False,False,True,False,False,True
1744,32,72,469249,capture,,-1.580637477,2006,2022,2022,14791,True,False,False,False,False,False,False,False,False,True,False,False,True
1745,32,72,509804,capture,,-1.553744066,2006,2022,2022,14791,True,False,False,False,False,False,False,False,False,True,False,False,True
1746,32,72,553864,capture,,-1.576437944,2006,2022,2022,14791,True,False,False,False,False,False,False,False,False,True,False,False,True
1747,32,72,627195.721,capture,,-1.579639869,2006,2022,2022,14791,True,False,False,False,False,False,False,False,False,True,False,False,True
1748,32,72,710236,capture,,-1.59003815,2006,2022,2022,14791,True,False,False,False,False,False,False,False,False,True,False,False,True
1749,32,72,771619,capture,,-1.641324817,2006,2022,2022,14791,True,False,False,False,False,False,False,False,False,True,False,False,True
1750,32,72,838307,capture,,-1.722088375,2006,2022,2022,14791,True,False,False,False,False,False,False,False,False,True,False,False,True
1751,32,72,910758,capture,,-1.82716364,2006,2022,2022,14791,True,False,False,False,False,False,False,False,False,True,False,False,True
1752,32,72,155625,capture,,-1.539944513,2006,2021,2021,23757,True,False,False,False,False,False,False,False,False,True,False,False,True
1753,32,72,170348.9668,capture,,-1.624190122,2006,2021,2021,23757,True,False,False,False,False,False,False,False,False,True,False,False,True
1754,32,72,190716.4183,capture,,-1.637150114,2006,2021,2021,23757,True,False,False,False,False,False,False,False,False,True,False,False,True
1755,32,72,208721.9768,capture,,-1.605154481,2006,2021,2021,23757,True,False,False,False,False,False,False,False,False,True,False,False,True
1756,32,72,228414.5059,capture,,-1.595722331,2006,2021,2021,23757,True,False,False,False,False,False,False,False,False,True,False,False,True
1757,32,72,255627.485,capture,,-1.664341548,2006,2021,2021,23757,True,False,False,False,False,False,False,False,False,True,False,False,True
1758,32,72,286040.2942,capture,,-1.693403433,2006,2021,2021,23757,True,False,False,False,False,False,False,False,False,True,False,False,True
1759,32,72,305975,capture,,-1.630951211,2006,2021,2021,23757,True,False,False,False,False,False,False,False,False,True,False,False,True
1760,32,72,13797109.64,n2n,,-0.1528387994,2006,2007,2008,32218,False,True,False,False,False,False,False,False,False,False,False,True,True
1761,32,72,14740000,n2n,,-0.03763066433,2006,2007,2008,32218,False,True,False,False,False,False,False,False,False,False,False,True,True
1762,32,72,13960000,n2n,,-0.1079053973,2006,2007,2016,32231,False,True,False,False,False,False,False,False,False,False,False,True,True
1763,32,72,8800000,np,,-2.102372909,2006,2007,2007,22969,False,False,True,False,False,False,False,False,False,False,True,False,True
1764,32,72,9600000,np,,-1.978810701,2006,2007,2007,22969,False,False,True,False,False,False,False,False,False,False,True,False,True
1765,32,72,10600000,np,,-1.876148359,2006,2007,2007,22969,False,False,True,False,False,False,False,False,False,False,False,True,True
1766,32,72,11248999.96,np,,-1.799970733,2006,2007,2007,22969,False,False,True,False,False,False,False,False,False,False,False,True,True
1767,32,72,17900000,np,,-1.458420756,2006,2024,2024,23907,False,False,True,False,False,False,False,False,False,False,False,True,True
1768,32,72,17900000,np,,-1.552841969,2006,2024,2024,23907,False,False,True,False,False,False,False,False,False,False,False,True,True
1769,32,72,13847743.5,np,,-1.425390059,2006,2008,2008,31654,False,False,True,False,False,False,False,False,False,False,False,True,True
1770,32,73,14387.58572,capture,,-0.225242475,2006,2019,2019,23451,True,False,False,False,False,False,False,False,True,False,False,False,False
1771,32,73,15588.01832,capture,,-0.2371028439,2006,2019,2019,23451,True,False,False,False,False,False,False,False,True,False,False,False,False
1772,32,73,17082.70638,capture,,-0.3090317399,2006,2019,2019,23451,True,False,False,False,False,False,False,False,True,False,False,False,False
1773,32,73,18935.62562,capture,,-0.3218895212,2006,2019,2019,23451,True,False,False,False,False,False,False,False,True,False,False,False,False
1774,32,73,20988.83647,capture,,-0.3552778822,2006,2019,2019,23451,True,False,False,False,False,False,False,False,True,False,False,False,False
1775,32,73,22999.40873,capture,,-0.3673784865,2006,2019,2019,23451,True,False,False,False,False,False,False,False,True,False,False,False,False
1776,32,73,25491.50071,capture,,-0.3987180924,2006,2019,2019,23451,True,False,False,False,False,False,False,False,True,False,False,False,False
1777,32,73,28252.55563,capture,,-0.4343259929,2006,2019,2019,23451,True,False,False,False,False,False,False,False,True,False,False,False,False
1778,32,73,31311.345,capture,,-0.4498032109,2006,2019,2019,23451,True,False,False,False,False,False,False,False,True,False,False,False,False
1779,32,73,34699.89586,capture,,-0.4842688481,2006,2019,2019,23451,True,False,False,False,False,False,False,False,True,False,False,False,False
1780,32,73,38017.075,capture,,-0.5580316511,2006,2019,2019,23451,True,False,False,False,False,False,False,False,True,False,False,False,False
1781,32,73,42127.57852,capture,,-0.5180316632,2006,2019,2019,23451,True,False,False,False,False,False,False,False,True,False,False,False,False
1782,32,73,46680.20974,capture,,-0.5944133329,2006,2019,2019,23451,True,False,False,False,False,False,False,False,True,False,False,False,False
1783,32,73,51722.06071,capture,,-0.5905281158,2006,2019,2019,23451,True,False,False,False,False,False,False,False,True,False,False,False,False
1784,32,73,57305.47297,capture,,-0.6352192552,2006,2019,2019,23451,True,False,False,False,False,False,False,False,True,False,False,False,False
1785,32,73,62769.44734,capture,,-0.6500521169,2006,2019,2019,23451,True,False,False,False,False,False,False,False,True,False,False,False,False
1786,32,73,69537.51021,capture,,-0.718421265,2006,2019,2019,23451,True,False,False,False,False,False,False,False,True,False,False,False,False
1787,32,73,77030.64059,capture,,-0.7322998104,2006,2019,2019,23451,True,False,False,False,False,False,False,False,True,False,False,False,False
1788,32,73,85325.31312,capture,,-0.7916048704,2006,2019,2019,23451,True,False,False,False,False,False,False,False,True,False,False,False,False
1789,32,73,94506.77759,capture,,-0.8520695101,2006,2019,2019,23451,True,False,False,False,False,False,False,False,True,False,False,False,False
1790,32,73,103487.9546,capture,,-0.8351982087,2006,2019,2019,23451,True,False,False,False,False,False,False,False,False,True,False,False,True
1791,32,73,114607.0823,capture,,-0.8617326785,2006,2019,2019,23451,True,False,False,False,False,False,False,False,False,True,False,False,True
1792,32,73,126911.0463,capture,,-0.9056546708,2006,2019,2019,23451,True,False,False,False,False,False,False,False,False,True,False,False,True
1793,32,73,140523.6055,capture,,-0.9551853257,2006,2019,2019,23451,True,False,False,False,False,False,False,False,False,True,False,False,True
1794,32,73,155583.5201,capture,,-0.9555424615,2006,2019,2019,23451,True,False,False,False,False,False,False,False,False,True,False,False,True
1795,32,73,170305.657,capture,,-1.004353839,2006,2019,2019,23451,True,False,False,False,False,False,False,False,False,True,False,False,True
1796,32,73,188522.137,capture,,-1.026820958,2006,2019,2019,23451,True,False,False,False,False,False,False,False,False,True,False,False,True
1797,32,73,208666.4366,capture,,-1.068816956,2006,2019,2019,23451,True,False,False,False,False,False,False,False,False,True,False,False,True
1798,32,73,230937.8182,capture,,-1.07995122,2006,2019,2019,23451,True,False,False,False,False,False,False,False,False,True,False,False,True
1799,32,73,255558.1454,capture,,-1.090227279,2006,2019,2019,23451,True,False,False,False,False,False,False,False,False,True,False,False,True
1800,32,73,282769.1879,capture,,-1.139045912,2006,2019,2019,23451,True,False,False,False,False,False,False,False,False,True,False,False,True
1801,32,73,8800000,np,,-2.366531544,2006,2007,2007,22969,False,False,True,False,False,False,False,False,False,False,True,False,True
1802,32,73,9600000,np,,-2.187086643,2006,2007,2007,22969,False,False,True,False,False,False,False,False,False,False,True,False,True
1803,32,73,10600000,np,,-2.173925197,2006,2007,2007,22969,False,False,True,False,False,False,False,False,False,False,False,True,True
1804,32,73,11248999.96,np,,-2.068033885,2006,2007,2007,22969,False,False,True,False,False,False,False,False,False,False,False,True,True
1805,32,73,13847743.5,np,,-1.563837353,2006,2008,2008,31654,False,False,True,False,False,False,False,False,False,False,False,True,True
1806,32,74,380000,capture,,-1.692717953,2006,2015,2017,14469,True,False,False,False,False,False,False,False,False,True,False,False,True
1807,32,74,860000,capture,,-1.927015255,2006,2015,2017,14469,True,False,False,False,False,False,False,False,False,True,False,False,True
1808,32,74,1320000,capture,,-2.071604148,2006,2015,2017,14469,True,False,False,False,False,False,False,False,False,False,True,False,True
1809,32,74,1870000,capture,,-2.208309351,2006,2015,2017,14469,True,False,False,False,False,False,False,False,False,False,True,False,True
1810,32,74,2770000,capture,,-2.203425667,2006,2015,2017,14469,True,False,False,False,False,False,False,False,False,False,True,False,True
1811,32,74,3390000,capture,,-2.443697499,2006,2015,2017,14469,True,False,False,False,False,False,False,False,False,False,True,False,True
1812,32,74,4390000,capture,,-2.600326279,2006,2015,2017,14469,True,False,False,False,False,False,False,False,False,False,True,False,True
1813,32,74,5330000,capture,,-2.790484985,2006,2015,2017,14469,True,False,False,False,False,False,False,False,False,False,True,False,True
1814,32,74,6640000,capture,,-2.910094889,2006,2015,2017,14469,True,False,False,False,False,False,False,False,False,False,True,False,True
1815,32,74,7360000,capture,,-2.91721463,2006,2015,2017,14469,True,False,False,False,False,False,False,False,False,False,True,False,True
1816,32,74,13796738.75,np,,-1.988218169,2006,2008,2008,31615,False,False,True,False,False,False,False,False,False,False,False,True,True
1817,32,74,14800000,np,,-1.928117993,2006,2008,2008,31615,False,False,True,False,False,False,False,False,False,False,False,True,True
1818,32,74,14100000,np,,-1.960585881,2006,2008,2008,31654,False,False,True,False,False,False,False,False,False,False,False,True,True
1819,32,74,13930689.97,np,,-2.026179676,2006,2016,2016,41614,False,False,True,False,False,False,False,False,False,False,False,True,True
1820,32,74,14799783.78,np,,-1.91721463,2006,2016,2016,41614,False,False,True,False,False,False,False,False,False,False,False,True,True
1821,32,76,580340.7343,inelastic,,-0.8155925146,2006,2013,2014,23204,False,False,False,False,False,False,True,False,False,True,False,False,True
1822,32,76,627056.6724,inelastic,,-0.5752816627,2006,2013,2014,23204,False,False,False,False,False,False,True,False,False,True,False,False,True
1823,32,76,694603.6901,inelastic,,-0.3410351573,2006,2013,2014,23204,False,False,False,False,False,False,True,False,False,True,False,False,True
1824,32,76,764741.0613,inelastic,,-0.2408044713,2006,2013,2014,23204,False,False,False,False,False,False,True,False,False,True,False,False,True
1825,32,76,846159.9198,inelastic,,-0.2092458354,2006,2013,2014,23204,False,False,False,False,False,False,True,False,False,True,False,False,True
1826,32,76,935132.1758,inelastic,,-0.1023729087,2006,2013,2014,23204,False,False,False,False,False,False,True,False,False,True,False,False,True
1827,32,76,1031445.459,inelastic,,-0.02671816856,2006,2013,2014,23204,False,False,False,False,False,False,True,False,False,False,True,False,True
1828,32,76,1139998.482,inelastic,,-0.002807843907,2006,2013,2014,23204,False,False,False,False,False,False,True,False,False,False,True,False,True
1829,32,76,1265832.369,inelastic,,0.03875258899,2006,2013,2014,23204,False,False,False,False,False,False,True,False,False,False,True,False,True
1830,32,76,1404772.267,inelastic,,0.05327056668,2006,2013,2014,23204,False,False,False,False,False,False,True,False,False,False,True,False,True
1831,32,76,1547291.577,inelastic,,0.08788278191,2006,2013,2014,23204,False,False,False,False,False,False,True,False,False,False,True,False,True
1832,32,76,1700933.057,inelastic,,0.09740606615,2006,2013,2014,23204,False,False,False,False,False,False,True,False,False,False,True,False,True
1833,32,76,1878667.803,inelastic,,0.1167974337,2006,2013,2014,23204,False,False,False,False,False,False,True,False,False,False,True,False,True
1834,32,76,2054400.816,inelastic,,0.1205739312,2006,2013,2014,23204,False,False,False,False,False,False,True,False,False,False,True,False,True
1835,32,76,2211220,inelastic,,0.1461280357,2006,2013,2014,23204,False,False,False,False,False,False,True,False,False,False,True,False,True
1836,32,76,10142041.21,n2n,,-0.8873782436,2006,2017,2017,14472,False,True,False,False,False,False,False,False,False,False,False,True,True
1837,32,76,11379486.93,n2n,,-0.2882180704,2006,2017,2017,14472,False,True,False,False,False,False,False,False,False,False,False,True,True
1838,32,76,12622622.55,n2n,,-0.07522982509,2006,2017,2017,14472,False,True,False,False,False,False,False,False,False,False,False,True,True
1839,32,76,13860772.52,n2n,,0.005509398912,2006,2017,2017,14472,False,True,False,False,False,False,False,False,False,False,False,True,True
1840,32,76,14800000,n2n,,0.03753007877,2006,2017,2017,14472,False,True,False,False,False,False,False,False,False,False,False,True,True
1841,32,76,9600000,n2n,,-2.657577319,2006,2007,2007,22969,False,True,False,False,False,False,False,False,False,False,True,False,True
1842,32,76,10600000,n2n,,-0.4621809049,2006,2007,2007,22969,False,True,False,False,False,False,False,False,False,False,False,True,True
1843,32,76,11248999.96,n2n,,-0.3655227298,2006,2007,2007,22969,False,True,False,False,False,False,False,False,False,False,False,True,True
1844,32,76,17900000,n2n,,0.08278537032,2006,2024,2024,23907,False,True,False,False,False,False,False,False,False,False,False,True,True
1845,32,76,17900000,n2n,,0.06069784035,2006,2024,2024,23907,False,True,False,False,False,False,False,False,False,False,False,True,True
1846,32,76,13847743.5,n2n,,0.05774215583,2006,2008,2008,31654,False,True,False,False,False,False,False,False,False,False,False,True,True
1847,32,76,14530000,n2n,,-0.03905380427,2006,2007,2008,32218,False,True,False,False,False,False,False,False,False,False,False,True,True
1848,32,76,13960000,n2n,,0.1172712957,2006,2007,2016,32231,False,True,False,False,False,False,False,False,False,False,False,True,True
1849,32,76,13796738.75,n2n,,0.1012313868,2006,2018,2018,32777,False,True,False,False,False,False,False,False,False,False,False,True,True
1850,32,76,14800000,n2n,,0.1109262423,2006,2018,2018,32777,False,True,False,False,False,False,False,False,False,False,False,True,True
1851,33,75,29000,capture,,-0.5233132571,2006,2007,2022,32846,True,False,False,False,False,False,False,False,True,False,False,False,False
1852,33,75,59000,capture,,-0.6732546204,2006,2007,2022,32846,True,False,False,False,False,False,False,False,True,False,False,False,False
1853,33,75,121000,capture,,-0.8999742699,2006,2007,2022,32846,True,False,False,False,False,False,False,False,False,True,False,False,True
1854,33,75,196000,capture,,-0.9511699135,2006,2007,2022,32846,True,False,False,False,False,False,False,False,False,True,False,False,True
1855,33,75,215000,capture,,-0.9641701747,2006,2007,2022,32846,True,False,False,False,False,False,False,False,False,True,False,False,True
1856,33,75,230000,capture,,-1.011441043,2006,2007,2022,32846,True,False,False,False,False,False,False,False,False,True,False,False,True
1857,33,75,376000,capture,,-1.306273051,2006,2007,2022,32846,True,False,False,False,False,False,False,False,False,True,False,False,True
1858,33,75,655000,capture,,-1.54668166,2006,2007,2022,32846,True,False,False,False,False,False,False,False,False,True,False,False,True
1859,33,75,962000,capture,,-1.696803943,2006,2007,2022,32846,True,False,False,False,False,False,False,False,False,True,False,False,True
1860,33,75,1100000,capture,,-1.779891912,2006,2007,2022,32846,True,False,False,False,False,False,False,False,False,False,True,False,True
1861,33,75,11500000,n2n,,-0.6792307717,2006,2011,2011,14291,False,True,False,False,False,False,False,False,False,False,False,True,True
1862,33,75,12869537.68,n2n,,-0.16127681,2006,2011,2011,14291,False,True,False,False,False,False,False,False,False,False,False,True,True
1863,33,75,14247806.85,n2n,,-0.03007181057,2006,2011,2011,14291,False,True,False,False,False,False,False,False,False,False,False,True,True
1864,33,75,15000000,n2n,,-0.03687355892,2006,2011,2011,14291,False,True,False,False,False,False,False,False,False,False,False,True,True
1865,33,75,14100000,n2n,,-0.01322826573,2006,2026,2026,14866,False,True,False,False,False,False,False,False,False,False,False,True,True
1866,33,75,14100000,n2n,,-0.01682492796,2006,2026,2026,14866,False,True,False,False,False,False,False,False,False,False,False,True,True
1867,33,75,14100000,n2n,,-0.03763066433,2006,2026,2026,14866,False,True,False,False,False,False,False,False,False,False,False,True,True
1868,33,75,13796738.75,n2n,,-0.1592667654,2006,2007,2008,31610,False,True,False,False,False,False,False,False,False,False,False,True,True
1869,33,75,14800000,n2n,,-0.001304841688,2006,2007,2008,31610,False,True,False,False,False,False,False,False,False,False,False,True,True
1870,33,75,13796738.75,na,,-2.095014119,2006,2007,2008,31610,False,False,False,True,False,False,False,False,False,False,False,True,True
1871,33,75,14800000,na,,-1.995248844,2006,2007,2008,31610,False,False,False,True,False,False,False,False,False,False,False,True,True
1872,33,75,7745966.692,np,,-2.158015195,2006,2011,2011,14291,False,False,True,False,False,False,False,False,False,False,True,False,True
1873,33,75,8500000,np,,-2.008773924,2006,2011,2011,14291,False,False,True,False,False,False,False,False,False,False,True,False,True
1874,33,75,9500000,np,,-1.928117993,2006,2011,2011,14291,False,False,True,False,False,False,False,False,False,False,True,False,True
1875,33,75,10200000,np,,-1.832682665,2006,2011,2011,14291,False,False,True,False,False,False,False,False,False,False,False,True,True
1876,33,75,11247221.88,np,,-1.73400363,2006,2011,2011,14291,False,False,True,False,False,False,False,False,False,False,False,True,True
1877,33,75,12869537.68,np,,-1.603800653,2006,2011,2011,14291,False,False,True,False,False,False,False,False,False,False,False,True,True
1878,33,75,14247806.85,np,,-1.57921938,2006,2011,2011,14291,False,False,True,False,False,False,False,False,False,False,False,True,True
1879,33,75,15000000,np,,-1.552841969,2006,2011,2011,14291,False,False,True,False,False,False,False,False,False,False,False,True,True
1880,33,75,13796738.75,np,,-1.74836178,2006,2007,2008,31610,False,False,True,False,False,False,False,False,False,False,False,True,True
1881,33,75,14800000,np,,-1.707743929,2006,2007,2008,31610,False,False,True,False,False,False,False,False,False,False,False,True,True
1882,34,74,13796738.75,n2n,,-0.5279753023,2006,2020,2021,32805,False,True,False,False,False,False,False,False,False,False,False,True,True
1883,34,74,14800000,n2n,,-0.2873502984,2006,2020,2021,32805,False,True,False,False,False,False,False,False,False,False,False,True,True
1884,34,74,14022177.09,n2n,,-0.5382014425,2006,2016,2016,41614,False,True,False,False,False,False,False,False,False,False,False,True,True
1885,34,74,14810000,n2n,,-0.3545777307,2006,2016,2016,41614,False,True,False,False,False,False,False,False,False,False,False,True,True
1886,34,74,14015229.98,np,,-0.7972393126,2006,2016,2016,41614,False,False,True,False,False,False,False,False,False,False,False,True,True
1887,34,74,14810000,np,,-0.8728952016,2006,2016,2016,41614,False,False,True,False,False,False,False,False,False,False,False,True,True
1888,34,76,14770000,n2n,,-0.0657086455,2006,2023,2023,33192,False,True,False,False,False,False,False,False,False,False,False,True,True
1889,34,76,14022177.09,n2n,,-0.1099144733,2006,2016,2016,41614,False,True,False,False,False,False,False,False,False,False,False,True,True
1890,34,76,14810000,n2n,,-0.005243055412,2006,2016,2016,41614,False,True,False,False,False,False,False,False,False,False,False,True,True
1891,34,76,14770000,np,,-1.330497166,2006,2023,2023,33192,False,False,True,False,False,False,False,False,False,False,False,True,True
1892,34,76,14022177.09,np,,-1.308388126,2006,2016,2016,41614,False,False,True,False,False,False,False,False,False,False,False,True,True
1893,34,76,14810000,np,,-1.2644011,2006,2016,2016,41614,False,False,True,False,False,False,False,False,False,False,False,True,True
1894,34,77,20997.53359,capture,,-0.1882430709,2006,2023,2023,23655,True,False,False,False,False,False,False,False,True,False,False,False,False
1895,34,77,23008.90611,capture,,-0.1800085112,2006,2023,2023,23655,True,False,False,False,False,False,False,False,True,False,False,False,False
1896,34,77,25501.97476,capture,,-0.2188677284,2006,2023,2023,23655,True,False,False,False,False,False,False,False,True,False,False,False,False
1897,34,77,28264.15258,capture,,-0.3014312519,2006,2023,2023,23655,True,False,False,False,False,False,False,False,True,False,False,False,False
1898,34,77,31324.17845,capture,,-0.2329893685,2006,2023,2023,23655,True,False,False,False,False,False,False,False,True,False,False,False,False
1899,34,77,34714.04191,capture,,-0.2356052804,2006,2023,2023,23655,True,False,False,False,False,False,False,False,True,False,False,False,False
1900,34,77,38032.57035,capture,,-0.3300433088,2006,2023,2023,23655,True,False,False,False,False,False,False,False,True,False,False,False,False
1901,34,77,42144.6901,capture,,-0.3552082098,2006,2023,2023,23655,True,False,False,False,False,False,False,False,True,False,False,False,False
1902,34,77,46699.15336,capture,,-0.3327911145,2006,2023,2023,23655,True,False,False,False,False,False,False,False,True,False,False,False,False
1903,34,77,51742.97105,capture,,-0.3540749476,2006,2023,2023,23655,True,False,False,False,False,False,False,False,True,False,False,False,False
1904,34,77,57328.59037,capture,,-0.4037991727,2006,2023,2023,23655,True,False,False,False,False,False,False,False,True,False,False,False,False
1905,34,77,62794.68958,capture,,-0.4348067714,2006,2023,2023,23655,True,False,False,False,False,False,False,False,True,False,False,False,False
1906,34,77,69565.37641,capture,,-0.4635892932,2006,2023,2023,23655,True,False,False,False,False,False,False,False,True,False,False,False,False
1907,34,77,77061.4065,capture,,-0.4801713502,2006,2023,2023,23655,True,False,False,False,False,False,False,False,True,False,False,False,False
1908,34,77,84395.24372,capture,,-0.4887280882,2006,2023,2023,23655,True,False,False,False,False,False,False,False,True,False,False,False,False
1909,34,77,93476.98591,capture,,-0.5392954538,2006,2023,2023,23655,True,False,False,False,False,False,False,False,True,False,False,False,False
1910,34,77,103528.6979,capture,,-0.516449074,2006,2023,2023,23655,True,False,False,False,False,False,False,False,False,True,False,False,True
1911,34,77,114652.4739,capture,,-0.5005584456,2006,2023,2023,23655,True,False,False,False,False,False,False,False,False,True,False,False,True
1912,34,77,126961.0284,capture,,-0.5419997098,2006,2023,2023,23655,True,False,False,False,False,False,False,False,False,True,False,False,True
1913,34,77,140578.9795,capture,,-0.5757091443,2006,2023,2023,23655,True,False,False,False,False,False,False,False,False,True,False,False,True
1914,34,77,155644.2528,capture,,-0.579168702,2006,2023,2023,23655,True,False,False,False,False,False,False,False,False,True,False,False,True
1915,34,77,170372.133,capture,,-0.6092030594,2006,2023,2023,23655,True,False,False,False,False,False,False,False,False,True,False,False,True
1916,34,77,188595.3065,capture,,-0.6238330791,2006,2023,2023,23655,True,False,False,False,False,False,False,False,False,True,False,False,True
1917,34,77,14022177.09,np,,-1.207328211,2006,2016,2016,41614,False,False,True,False,False,False,False,False,False,False,False,True,True
1918,34,77,14810000,np,,-1.11407366,2006,2016,2016,41614,False,False,True,False,False,False,False,False,False,False,False,True,True
1919,34,78,155697.2066,capture,,-1.30980392,2006,2024,2024,23666,True,False,False,False,False,False,False,False,False,True,False,False,True
1920,34,78,170429.4973,capture,,-1.375305469,2006,2024,2024,23666,True,False,False,False,False,False,False,False,False,True,False,False,True
1921,34,78,188659.601,capture,,-1.317629257,2006,2024,2024,23666,True,False,False,False,False,False,False,False,False,True,False,False,True
1922,34,78,208817.5564,capture,,-1.36552273,2006,2024,2024,23666,True,False,False,False,False,False,False,False,False,True,False,False,True
1923,34,78,231105.4368,capture,,-1.362760512,2006,2024,2024,23666,True,False,False,False,False,False,False,False,False,True,False,False,True
1924,34,78,255742.2934,capture,,-1.38341947,2006,2024,2024,23666,True,False,False,False,False,False,False,False,False,True,False,False,True
1925,34,78,282973.3532,capture,,-1.398483216,2006,2024,2024,23666,True,False,False,False,False,False,False,False,False,True,False,False,True
1926,34,78,313063.6643,capture,,-1.42365865,2006,2024,2024,23666,True,False,False,False,False,False,False,False,False,True,False,False,True
1927,34,78,346310.3342,capture,,-1.417652506,2006,2024,2024,23666,True,False,False,False,False,False,False,False,False,True,False,False,True
1928,34,78,378771.6205,capture,,-1.411448194,2006,2024,2024,23666,True,False,False,False,False,False,False,False,False,True,False,False,True
1929,34,78,418884.0158,capture,,-1.415216621,2006,2024,2024,23666,True,False,False,False,False,False,False,False,False,True,False,False,True
1930,34,78,463177.9872,capture,,-1.453148998,2006,2024,2024,23666,True,False,False,False,False,False,False,False,False,True,False,False,True
1931,34,78,512072.972,capture,,-1.416121402,2006,2024,2024,23666,True,False,False,False,False,False,False,False,False,True,False,False,True
1932,34,78,566040.4396,capture,,-1.424235019,2006,2024,2024,23666,True,False,False,False,False,False,False,False,False,True,False,False,True
1933,34,78,598401.344,capture,,-1.413412695,2006,2024,2024,23666,True,False,False,False,False,False,False,False,False,True,False,False,True
1934,34,78,13876435.04,na,,-2.113133425,2006,2016,2016,41614,False,False,False,True,False,False,False,False,False,False,False,True,True
1935,34,78,14810000,na,,-2,2006,2016,2016,41614,False,False,False,True,False,False,False,False,False,False,False,True,True
1936,34,78,14070514.08,np,,-1.767851294,2006,2014,2015,33080,False,False,True,False,False,False,False,False,False,False,False,True,True
1937,34,78,14724931.24,np,,-1.673664139,2006,2014,2015,33080,False,False,True,False,False,False,False,False,False,False,False,True,True
1938,34,78,14770000,np,,-1.71828503,2006,2023,2023,33192,False,False,True,False,False,False,False,False,False,False,False,True,True
1939,34,78,14123306.56,np,,-1.721246399,2006,2016,2016,41614,False,False,True,False,False,False,False,False,False,False,False,True,True
1940,34,78,14824992.41,np,,-1.681936665,2006,2016,2016,41614,False,False,True,False,False,False,False,False,False,False,False,True,True
1941,34,80,14070514.08,np,,-2.165367394,2006,2014,2015,33080,False,False,True,False,False,False,False,False,False,False,False,True,True
1942,34,80,14724931.24,np,,-1.987162775,2006,2014,2015,33080,False,False,True,False,False,False,False,False,False,False,False,True,True
1943,34,80,13944596.3,np,,-2.02487468,2006,2016,2016,41614,False,False,True,False,False,False,False,False,False,False,False,True,True
1944,34,80,14759945.8,np,,-1.933674075,2006,2016,2016,41614,False,False,True,False,False,False,False,False,False,False,False,True,True
1945,34,82,14059458.01,n2n,,0.1672188441,2006,2007,2008,31609,False,True,False,False,False,False,False,False,False,False,False,True,True
1946,34,82,14123306.56,n2n,,0.1524921907,2006,2016,2016,41614,False,True,False,False,False,False,False,False,False,False,False,True,True
1947,34,82,14824992.41,n2n,,0.2074997233,2006,2016,2016,41614,False,True,False,False,False,False,False,False,False,False,False,True,True
1948,35,79,13500000,n2n,,-0.1463017882,2006,2008,2008,31615,False,True,False,False,False,False,False,False,False,False,False,True,True
1949,35,79,14800000,n2n,,-0.03668448861,2006,2008,2008,31615,False,True,False,False,False,False,False,False,False,False,False,True,True
1950,35,79,14039230.75,n2n,,-0.09097914579,2006,2009,2009,31676,False,True,False,False,False,False,False,False,False,False,False,True,True
1951,35,79,13994964.18,n2n,,0.06082370457,2006,2023,2024,32900,False,True,False,False,False,False,False,False,False,False,False,True,True
1952,35,79,14800000,n2n,,0.09691001301,2006,2023,2024,32900,False,True,False,False,False,False,False,False,False,False,False,True,True
1953,35,79,13994964.18,na,,-1.924453039,2006,2023,2024,32900,False,False,False,True,False,False,False,False,False,False,False,True,True
1954,35,79,14800000,na,,-1.869666232,2006,2023,2024,32900,False,False,False,True,False,False,False,False,False,False,False,True,True
1955,35,81,13796738.75,n2n,,-0.1706962272,2006,2008,2008,31615,False,True,False,False,False,False,False,False,False,False,False,True,True
1956,35,81,14800000,n2n,,-0.124360063,2006,2008,2008,31615,False,True,False,False,False,False,False,False,False,False,False,True,True
1957,35,81,13994964.18,n2n,,0.05050864615,2006,2023,2024,32898,False,True,False,False,False,False,False,False,False,False,False,True,True
1958,35,81,14800000,n2n,,0.08635983067,2006,2023,2024,32898,False,True,False,False,False,False,False,False,False,False,False,True,True
1959,35,81,13796738.75,na,,-2.385102784,2006,2009,2009,31676,False,False,False,True,False,False,False,False,False,False,False,True,True
1960,35,81,13994964.18,na,,-2.346787486,2006,2023,2024,32900,False,False,False,True,False,False,False,False,False,False,False,True,True
1961,35,81,14800000,na,,-2.244125144,2006,2023,2024,32900,False,False,False,True,False,False,False,False,False,False,False,True,True
1962,36,78,14800000,n2n,,-0.3331701383,2006,2022,2025,32875,False,True,False,False,False,False,False,False,False,False,False,True,True
1963,36,78,13834047.09,n2n,,-0.7919888511,2006,2023,2024,32892,False,True,False,False,False,False,False,False,False,False,False,True,True
1964,36,78,14849915.82,n2n,,-0.5222277917,2006,2023,2024,32892,False,True,False,False,False,False,False,False,False,False,False,True,True
1965,36,86,3610000,capture,,-3.070581074,2006,2015,2015,14429,True,False,False,False,False,False,False,False,False,False,True,False,True
1966,36,86,4180000,capture,,-3.180456064,2006,2015,2015,14429,True,False,False,False,False,False,False,False,False,False,True,False,True
1967,36,86,5310000,capture,,-3.200659451,2006,2015,2015,14429,True,False,False,False,False,False,False,False,False,False,True,False,True
1968,36,86,6330000,capture,,-3.236572006,2006,2015,2015,14429,True,False,False,False,False,False,False,False,False,False,True,False,True
1969,36,86,7250000,capture,,-3.27572413,2006,2015,2015,14429,True,False,False,False,False,False,False,False,False,False,True,False,True
1970,36,86,14800000,capture,,-3.13076828,2006,2015,2015,14429,True,False,False,False,False,False,False,False,False,False,False,True,True
1971,37,85,14052383.39,n2n,,-0.008242460466,2006,2011,2012,32696,False,True,False,False,False,False,False,False,False,False,False,True,True
1972,37,85,14800000,n2n,,0.03822263837,2006,2011,2012,32696,False,True,False,False,False,False,False,False,False,False,False,True,True
1973,37,85,13796738.75,n2n,,0.01452053876,2006,2018,2020,32782,False,True,False,False,False,False,False,False,False,False,False,True,True
1974,37,85,14800000,n2n,,0.07003786661,2006,2018,2020,32782,False,True,False,False,False,False,False,False,False,False,False,True,True
1975,37,85,12489996,n2n,,-0.2514243831,2006,2020,2021,32801,False,True,False,False,False,False,False,False,False,False,False,True,True
1976,37,85,14000000,n2n,,-0.003926345515,2006,2020,2021,32801,False,True,False,False,False,False,False,False,False,False,False,True,True
1977,37,85,15540270.27,n2n,,0.06818586175,2006,2020,2021,32801,False,True,False,False,False,False,False,False,False,False,False,True,True
1978,37,85,17200000,n2n,,0.1068705445,2006,2020,2021,32801,False,True,False,False,False,False,False,False,False,False,False,True,True
1979,37,85,18693314.31,n2n,,0.1124374173,2006,2020,2021,32801,False,True,False,False,False,False,False,False,False,False,False,True,True
1980,37,85,19800000,n2n,,0.1139433523,2006,2020,2021,32801,False,True,False,False,False,False,False,False,False,False,False,True,True
1981,37,87,14052383.39,n2n,,0.07714979472,2006,2011,2012,32696,False,True,False,False,False,False,False,False,False,False,False,True,True
1982,37,87,14800000,n2n,,0.1280760127,2006,2011,2012,32696,False,True,False,False,False,False,False,False,False,False,False,True,True
1983,37,87,13796738.75,n2n,,0.1024337057,2006,2018,2020,32782,False,True,False,False,False,False,False,False,False,False,False,True,True
1984,37,87,14800000,n2n,,0.1319392952,2006,2018,2020,32782,False,True,False,False,False,False,False,False,False,False,False,True,True
1985,38,84,14770000,n2n,,-0.1836261112,2006,2022,2022,33180,False,True,False,False,False,False,False,False,False,False,False,True,True
1986,38,88,14770000,np,,-1.829738285,2006,2022,2022,33180,False,False,True,False,False,False,False,False,False,False,False,True,True
1987,39,89,14600000,n2n,,-0.02227639471,2006,2008,2008,23031,False,True,False,False,False,False,False,False,False,False,False,True,True
1988,39,89,14059458.01,n2n,,-0.06820323387,2006,2008,2008,31649,False,True,False,False,False,False,False,False,False,False,False,True,True
1989,39,89,17400000,n2n,,0.1522883444,2006,2014,2013,31723,False,True,False,False,False,False,False,False,False,False,False,True,True
1990,39,89,17400000,n2n,,0.07918124605,2006,2014,2013,31723,False,True,False,False,False,False,False,False,False,False,False,True,True
1991,39,89,17400000,n2n,,0.103803721,2006,2018,2018,31787,False,True,False,False,False,False,False,False,False,False,False,True,True
1992,39,89,17500000,n2n,,0.04921802267,2006,2022,2021,31842,False,True,False,False,False,False,False,False,False,False,False,True,True
1993,39,89,19800000,n2n,,0.04532297879,2006,2022,2021,31842,False,True,False,False,False,False,False,False,False,False,False,True,True
1994,39,89,14050000,n2n,,-0.09963287134,2006,2023,2023,31858,False,True,False,False,False,False,False,False,False,False,False,True,True
1995,39,89,17600000,n2n,,0.008600171762,2006,2025,2024,31859,False,True,False,False,False,False,False,False,False,False,False,True,True
1996,39,89,18500000,n2n,,0.03742649794,2006,2025,2024,31859,False,True,False,False,False,False,False,False,False,False,False,True,True
1997,39,89,14052383.39,n2n,,-0.08113125662,2006,2011,2012,32696,False,True,False,False,False,False,False,False,False,False,False,True,True
1998,39,89,14800000,n2n,,-0.007446482168,2006,2011,2012,32696,False,True,False,False,False,False,False,False,False,False,False,True,True
1999,39,89,13796738.75,n2n,,-0.09151498112,2006,2016,2016,32729,False,True,False,False,False,False,False,False,False,False,False,True,True
2000,39,89,14800000,n2n,,-0.003488327846,2006,2016,2016,32729,False,True,False,False,False,False,False,False,False,False,False,True,True
2001,39,89,14540000,n2n,,0.002420945897,2006,2019,2020,33137,False,True,False,False,False,False,False,False,False,False,False,True,True
2002,39,89,14770000,n2n,,-0.02692759179,2006,2023,2024,33196,False,True,False,False,False,False,False,False,False,False,False,True,True
2003,39,89,13960707.11,n2n,,-0.08249449045,2006,2016,2016,41614,False,True,False,False,False,False,False,False,False,False,False,True,True
2004,39,89,14769725.79,n2n,,0.004751155591,2006,2016,2016,41614,False,True,False,False,False,False,False,False,False,False,False,True,True
2005,39,89,14059458.01,na,,-2.086186148,2006,2008,2008,31649,False,False,False,True,False,False,False,False,False,False,False,True,True
2006,39,89,13796738.75,na,,-2.244125144,2006,2016,2016,32729,False,False,False,True,False,False,False,False,False,False,False,True,True
2007,39,89,14800000,na,,-2.113509275,2006,2016,2016,32729,False,False,False,True,False,False,False,False,False,False,False,True,True
2008,39,89,13960755.67,na,,-2.242098095,2006,2016,2016,41614,False,False,False,True,False,False,False,False,False,False,False,True,True
2009,39,89,14769725.79,na,,-2.1316495,2006,2016,2016,41614,False,False,False,True,False,False,False,False,False,False,False,True,True
2010,39,89,13796738.75,np,,-1.742321425,2006,2016,2016,32729,False,False,True,False,False,False,False,False,False,False,False,True,True
2011,39,89,14800000,np,,-1.701146924,2006,2016,2016,32729,False,False,True,False,False,False,False,False,False,False,False,True,True
2012,40,90,14050000,n2n,,-0.1817741064,2006,2023,2023,31858,False,True,False,False,False,False,False,False,False,False,False,True,True
2013,40,90,14075212.23,n2n,,-0.2163345861,2006,2016,2016,41614,False,True,False,False,False,False,False,False,False,False,False,True,True
2014,40,90,14780000,n2n,,-0.1051303433,2006,2016,2016,41614,False,True,False,False,False,False,False,False,False,False,False,True,True
2015,40,91,65670,capture,,-1.42945706,2006,2024,2024,32922,True,False,False,False,False,False,False,False,True,False,False,False,False
2016,40,91,101160,capture,,-1.721246399,2006,2024,2024,32922,True,False,False,False,False,False,False,False,False,True,False,False,True
2017,40,91,176720,capture,,-1.696803943,2006,2024,2024,32922,True,False,False,False,False,False,False,False,False,True,False,False,True
2018,40,92,14036623.53,np,,-1.768275617,2006,2007,2010,32220,False,False,True,False,False,False,False,False,False,False,False,True,True
2019,40,92,13994964.18,np,,-1.725842151,2006,2020,2022,32814,False,False,True,False,False,False,False,False,False,False,False,True,True
2020,40,92,14800000,np,,-1.694648631,2006,2020,2022,32814,False,False,True,False,False,False,False,False,False,False,False,True,True
2021,40,92,14075212.23,np,,-1.730098077,2006,2016,2016,41614,False,False,True,False,False,False,False,False,False,False,False,True,True
2022,40,92,14780000,np,,-1.68613278,2006,2016,2016,41614,False,False,True,False,False,False,False,False,False,False,False,True,True
2023,40,94,2450000,capture,,-2.266802735,2006,2012,2012,33037,True,False,False,False,False,False,False,False,False,False,True,False,True
2024,40,94,17350000,na,,-2.107905397,2006,2016,2016,14447,False,False,False,True,False,False,False,False,False,False,False,True,True
2025,40,94,18828494.36,na,,-2.105130343,2006,2016,2016,14447,False,False,False,True,False,False,False,False,False,False,False,True,True
2026,40,94,13994964.18,na,,-2.372292851,2006,2020,2022,32814,False,False,False,True,False,False,False,False,False,False,False,True,True
2027,40,94,14800000,na,,-2.293282218,2006,2020,2022,32814,False,False,False,True,False,False,False,False,False,False,False,True,True
2028,40,94,14075212.23,na,,-2.330993219,2006,2016,2016,41614,False,False,False,True,False,False,False,False,False,False,False,True,True
2029,40,94,14780000,na,,-2.274088368,2006,2016,2016,41614,False,False,False,True,False,False,False,False,False,False,False,True,True
2030,40,94,13920118.02,np,,-2.065501549,2006,2007,2010,32220,False,False,True,False,False,False,False,False,False,False,False,True,True
2031,40,94,13796738.75,np,,-2.232844134,2006,2020,2022,32814,False,False,True,False,False,False,False,False,False,False,False,True,True
2032,40,94,14800000,np,,-2.13667714,2006,2020,2022,32814,False,False,True,False,False,False,False,False,False,False,False,True,True
2033,40,96,13994964.18,capture,,-2.669586227,2006,2020,2022,32814,True,False,False,False,False,False,False,False,False,False,False,True,True
2034,40,96,14800000,capture,,-2.735182177,2006,2020,2022,32814,True,False,False,False,False,False,False,False,False,False,False,True,True
2035,40,96,13994964.18,n2n,,0.1802214821,2006,2020,2022,32814,False,True,False,False,False,False,False,False,False,False,False,True,True
2036,40,96,14800000,n2n,,0.1978316933,2006,2020,2022,32814,False,True,False,False,False,False,False,False,False,False,False,True,True
2037,40,96,14075212.23,n2n,,0.2058356716,2006,2016,2016,41614,False,True,False,False,False,False,False,False,False,False,False,True,True
2038,40,96,14780000,n2n,,0.2095150145,2006,2016,2016,41614,False,True,False,False,False,False,False,False,False,False,False,True,True
2039,41,93,14050000,n2n,,-0.3316140833,2006,2023,2023,31858,False,True,False,False,False,False,False,False,False,False,False,True,True
2040,41,93,14018736.04,na,,-1.891096872,2006,2016,2016,41614,False,False,False,True,False,False,False,False,False,False,False,True,True
2041,41,93,14773149.73,na,,-1.871816209,2006,2016,2016,41614,False,False,False,True,False,False,False,False,False,False,False,True,True
2042,42,92,13796738.75,n2n,,-0.9871627753,2006,2020,2022,32812,False,True,False,False,False,False,False,False,False,False,False,True,True
2043,42,92,14800000,n2n,,-0.8507808873,2006,2020,2022,32812,False,True,False,False,False,False,False,False,False,False,False,True,True
2044,42,92,7730000,na,,-2.443697499,2006,2014,2014,23233,False,False,False,True,False,False,False,False,False,False,True,False,True
2045,42,92,8920000,na,,-2.229147988,2006,2014,2014,23233,False,False,False,True,False,False,False,False,False,False,True,False,True
2046,42,92,10050000,na,,-2.026872146,2006,2014,2014,23233,False,False,False,True,False,False,False,False,False,False,False,True,True
2047,42,92,10920000,na,,-1.928117993,2006,2014,2014,23233,False,False,False,True,False,False,False,False,False,False,False,True,True
2048,42,92,12575261.43,na,,-1.764471553,2006,2014,2014,23233,False,False,False,True,False,False,False,False,False,False,False,True,True
2049,42,92,14480000,na,,-1.619788758,2006,2014,2014,23233,False,False,False,True,False,False,False,False,False,False,False,True,True
2050,42,92,13796738.75,na,,-1.582528307,2006,2021,2022,32855,False,False,False,True,False,False,False,False,False,False,False,True,True
2051,42,92,14800000,na,,-1.534617149,2006,2021,2022,32855,False,False,False,True,False,False,False,False,False,False,False,True,True
2052,42,92,13520000,na,,-1.590066877,2006,2020,2020,33141,False,False,False,True,False,False,False,False,False,False,False,True,True
2053,42,92,14051641.88,na,,-1.620564977,2006,2016,2016,41614,False,False,False,True,False,False,False,False,False,False,False,True,True
2054,42,92,14820000,na,,-1.568636236,2006,2016,2016,41614,False,False,False,True,False,False,False,False,False,False,False,True,True
2055,42,95,5000000,na,,-2.911826034,2006,2010,2010,32676,False,False,False,True,False,False,False,False,False,False,True,False,True
2056,42,95,6000000,na,,-2.769401786,2006,2010,2010,32676,False,False,False,True,False,False,False,False,False,False,True,False,True
2057,42,95,8080000,np,,-2.244125144,2006,2014,2014,23233,False,False,True,False,False,False,False,False,False,False,True,False,True
2058,42,95,10050000,np,,-1.821023053,2006,2014,2014,23233,False,False,True,False,False,False,False,False,False,False,False,True,True
2059,42,95,12575261.43,np,,-1.496890563,2006,2014,2014,23233,False,False,True,False,False,False,False,False,False,False,False,True,True
2060,42,95,13796738.75,np,,-1.387216143,2006,2021,2022,32855,False,False,True,False,False,False,False,False,False,False,False,True,True
2061,42,95,14800000,np,,-1.35261703,2006,2021,2022,32855,False,False,True,False,False,False,False,False,False,False,False,True,True
2062,42,95,176090,total,,0.9684829486,2006,2015,2015,14421,False,False,False,False,True,False,False,False,False,True,False,False,True
2063,42,95,214981,total,,0.9666109867,2006,2015,2015,14421,False,False,False,False,True,False,False,False,False,True,False,False,True
2064,42,95,268338,total,,0.9637878273,2006,2015,2015,14421,False,False,False,False,True,False,False,False,False,True,False,False,True
2065,42,95,312444,total,,0.9609461957,2006,2015,2015,14421,False,False,False,False,True,False,False,False,False,True,False,False,True
2066,42,95,344431.1336,total,,0.9506082248,2006,2015,2015,14421,False,False,False,False,True,False,False,False,False,True,False,False,True
2067,42,95,381373,total,,0.946452265,2006,2015,2015,14421,False,False,False,False,True,False,False,False,False,True,False,False,True
2068,42,95,424867.6087,total,,0.9339931638,2006,2015,2015,14421,False,False,False,False,True,False,False,False,False,True,False,False,True
2069,42,95,475908,total,,0.9370161075,2006,2015,2015,14421,False,False,False,False,True,False,False,False,False,True,False,False,True
2070,42,95,515349,total,,0.9299295601,2006,2015,2015,14421,False,False,False,False,True,False,False,False,False,True,False,False,True
2071,42,95,559905,total,,0.9153998352,2006,2015,2015,14421,False,False,False,False,True,False,False,False,False,True,False,False,True
2072,42,96,8920000,np,,-2.835647144,2006,2014,2014,23233,False,False,True,False,False,False,False,False,False,False,True,False,True
2073,42,96,10920000,np,,-2.193820026,2006,2014,2014,23233,False,False,True,False,False,False,False,False,False,False,False,True,True
2074,42,96,12575261.43,np,,-1.871277716,2006,2014,2014,23233,False,False,True,False,False,False,False,False,False,False,False,True,True
2075,42,96,13796738.75,np,,-1.619788758,2006,2020,2022,32812,False,False,True,False,False,False,False,False,False,False,False,True,True
2076,42,96,14800000,np,,-1.537602002,2006,2020,2022,32812,False,False,True,False,False,False,False,False,False,False,False,True,True
2077,42,96,14540000,np,,-1.600326279,2006,2020,2020,33147,False,False,True,False,False,False,False,False,False,False,False,True,True
2078,42,96,14770000,np,,-1.633017024,2006,2023,2024,33196,False,False,True,False,False,False,False,False,False,False,False,True,True
2079,42,97,8920000,np,,-2.982966661,2006,2014,2014,23233,False,False,True,False,False,False,False,False,False,False,True,False,True
2080,42,97,10920000,np,,-2.346787486,2006,2014,2014,23233,False,False,True,False,False,False,False,False,False,False,False,True,True
2081,42,97,12575261.43,np,,-1.982966661,2006,2014,2014,23233,False,False,True,False,False,False,False,False,False,False,False,True,True
2082,42,97,13796738.75,np,,-1.765735876,2006,2020,2022,32812,False,False,True,False,False,False,False,False,False,False,False,True,True
2083,42,97,14800000,np,,-1.709965389,2006,2020,2022,32812,False,False,True,False,False,False,False,False,False,False,False,True,True
2084,42,97,13520000,np,,-1.747146969,2006,2020,2020,33141,False,False,True,False,False,False,False,False,False,False,False,True,True
2085,42,97,14540000,np,,-1.732828272,2006,2020,2021,33153,False,False,True,False,False,False,False,False,False,False,False,True,True
2086,42,97,14770000,np,,-1.850165303,2006,2023,2024,33196,False,False,True,False,False,False,False,False,False,False,False,True,True
2087,42,98,1600000,capture,,-1.642065153,2006,2009,2009,14251,True,False,False,False,False,False,False,False,False,False,True,False,True
2088,42,98,3200000,capture,,-1.93930216,2006,2012,2011,33038,True,False,False,False,False,False,False,False,False,False,True,False,True
2089,42,98,1670000,capture,,-1.964666338,2006,2023,2024,33197,True,False,False,False,False,False,False,False,False,False,True,False,True
2090,42,98,2060000,capture,,-1.912190198,2006,2023,2024,33197,True,False,False,False,False,False,False,False,False,False,True,False,True
2091,42,98,2660000,capture,,-2.0839147,2006,2023,2024,33197,True,False,False,False,False,False,False,False,False,False,True,False,True
2092,42,98,12575261.43,na,,-2.462180905,2006,2014,2014,23233,False,False,False,True,False,False,False,False,False,False,False,True,True
2093,42,98,13796738.75,na,,-2.255707017,2006,2020,2022,32812,False,False,False,True,False,False,False,False,False,False,False,True,True
2094,42,98,14800000,na,,-2.236572006,2006,2020,2022,32812,False,False,False,True,False,False,False,False,False,False,False,True,True
2095,42,98,13960707.11,na,,-2.25052135,2006,2016,2016,41614,False,False,False,True,False,False,False,False,False,False,False,True,True
2096,42,98,14769725.79,na,,-2.18608558,2006,2016,2016,41614,False,False,False,True,False,False,False,False,False,False,False,True,True
2097,42,100,8920000,n2n,,-0.8601209136,2006,2014,2014,23233,False,True,False,False,False,False,False,False,False,False,True,False,True
2098,42,100,10090000,n2n,,-0.1237821594,2006,2014,2014,23233,False,True,False,False,False,False,False,False,False,False,False,True,True
2099,42,100,11770000,n2n,,0.1136091511,2006,2014,2014,23233,False,True,False,False,False,False,False,False,False,False,False,True,True
2100,42,100,12575261.43,n2n,,0.1417632303,2006,2014,2014,23233,False,True,False,False,False,False,False,False,False,False,False,True,True
2101,42,100,14480000,n2n,,0.1869563355,2006,2014,2014,23233,False,True,False,False,False,False,False,False,False,False,False,True,True
2102,42,100,13796738.75,n2n,,0.1562461904,2006,2020,2022,32812,False,True,False,False,False,False,False,False,False,False,False,True,True
2103,42,100,14800000,n2n,,0.1571544399,2006,2020,2022,32812,False,True,False,False,False,False,False,False,False,False,False,True,True
2104,42,100,11900000,n2n,,0.1178411404,2006,2017,2019,33108,False,True,False,False,False,False,False,False,False,False,False,True,True
2105,42,100,15750000,n2n,,0.1717206045,2006,2017,2019,33108,False,True,False,False,False,False,False,False,False,False,False,True,True
2106,42,100,14540000,n2n,,0.1841375652,2006,2020,2020,33147,False,True,False,False,False,False,False,False,False,False,False,True,True
2107,42,100,13590000,n2n,,0.1676126727,2006,2020,2021,33164,False,True,False,False,False,False,False,False,False,False,False,True,True
2108,42,100,14770000,n2n,,0.1938172465,2006,2023,2024,33196,False,True,False,False,False,False,False,False,False,False,False,True,True
2109,42,100,14050170.81,n2n,,0.1546413051,2006,2016,2016,41614,False,True,False,False,False,False,False,False,False,False,False,True,True
2110,42,100,14860000,n2n,,0.1625644065,2006,2016,2016,41614,False,True,False,False,False,False,False,False,False,False,False,True,True
2111,42,100,12575261.43,na,,-2.838631998,2006,2014,2014,23233,False,False,False,True,False,False,False,False,False,False,False,True,True
2112,42,100,14480000,na,,-2.508638306,2006,2014,2014,23233,False,False,False,True,False,False,False,False,False,False,False,True,True
2113,42,100,13796738.75,na,,-2.709965389,2006,2020,2022,32812,False,False,False,True,False,False,False,False,False,False,False,True,True
2114,42,100,14800000,na,,-2.638272164,2006,2020,2022,32812,False,False,False,True,False,False,False,False,False,False,False,True,True
2115,42,100,14115727.21,na,,-2.604382427,2006,2016,2016,41614,False,False,False,True,False,False,False,False,False,False,False,True,True
2116,43,99,13933980.48,na,,-2.239326261,2006,2016,2016,41614,False,False,False,True,False,False,False,False,False,False,False,True,True
2117,43,99,14739877.88,na,,-2.196201592,2006,2016,2016,41614,False,False,False,True,False,False,False,False,False,False,False,True,True
2118,43,99,13933980.48,np,,-1.836639818,2006,2016,2016,41614,False,False,True,False,False,False,False,False,False,False,False,True,True
2119,43,99,14739877.88,np,,-1.802719442,2006,2016,2016,41614,False,False,True,False,False,False,False,False,False,False,False,True,True
2120,43,99,1500,total,,1.12904506,2006,2020,2021,23730,False,False,False,False,True,False,False,True,False,False,False,False,False
2121,43,99,1700,total,,1.088844563,2006,2020,2021,23730,False,False,False,False,True,False,False,True,False,False,False,False,False
2122,43,99,1900,total,,1.045322979,2006,2020,2021,23730,False,False,False,False,True,False,False,True,False,False,False,False,False
2123,43,99,2250,total,,1.01911629,2006,2020,2021,23730,False,False,False,False,True,False,False,True,False,False,False,False,False
2124,43,99,2750,total,,1.063708559,2006,2020,2021,23730,False,False,False,False,True,False,False,True,False,False,False,False,False
2125,43,99,3250,total,,1.009025742,2006,2020,2021,23730,False,False,False,False,True,False,False,True,False,False,False,False,False
2126,43,99,3750,total,,1.003460532,2006,2020,2021,23730,False,False,False,False,True,False,False,True,False,False,False,False,False
2127,43,99,4250,total,,0.9995654882,2006,2020,2021,23730,False,False,False,False,True,False,False,True,False,False,False,False,False
2128,43,99,4750,total,,0.9795483747,2006,2020,2021,23730,False,False,False,False,True,False,False,True,False,False,False,False,False
2129,43,99,6250,total,,0.9840770339,2006,2020,2021,23730,False,False,False,False,True,False,False,True,False,False,False,False,False
2130,43,99,8750,total,,0.9777236053,2006,2020,2021,23730,False,False,False,False,True,False,False,True,False,False,False,False,False
2131,43,99,12500,total,,0.9726655923,2006,2020,2021,23730,False,False,False,False,True,False,False,False,True,False,False,False,False
2132,43,99,17500,total,,0.9703468762,2006,2020,2021,23730,False,False,False,False,True,False,False,False,True,False,False,False,False
2133,43,99,22500,total,,0.9786369484,2006,2020,2021,23730,False,False,False,False,True,False,False,False,True,False,False,False,False
2134,43,99,27500,total,,0.9885589569,2006,2020,2021,23730,False,False,False,False,True,False,False,False,True,False,False,False,False
2135,43,99,35000,total,,0.9929950984,2006,2020,2021,23730,False,False,False,False,True,False,False,False,True,False,False,False,False
2136,43,99,45000,total,,0.9898945637,2006,2020,2021,23730,False,False,False,False,True,False,False,False,True,False,False,False,False
2137,43,99,55000,total,,0.9907826918,2006,2020,2021,23730,False,False,False,False,True,False,False,False,True,False,False,False,False
2138,43,99,65000,total,,0.9938769149,2006,2020,2021,23730,False,False,False,False,True,False,False,False,True,False,False,False,False
2139,43,99,75000,total,,1.000434077,2006,2020,2021,23730,False,False,False,False,True,False,False,False,True,False,False,False,False
2140,43,99,85000,total,,0.9973863844,2006,2020,2021,23730,False,False,False,False,True,False,False,False,True,False,False,False,False
2141,43,99,105000,total,,0.9876662649,2006,2020,2021,23730,False,False,False,False,True,False,False,False,False,True,False,False,True
2142,43,99,125000,total,,0.9956351946,2006,2020,2021,23730,False,False,False,False,True,False,False,False,False,True,False,False,True
2143,43,99,139910.6858,total,,0.9993480692,2006,2020,2021,23730,False,False,False,False,True,False,False,False,False,True,False,False,True
2144,43,99,155000,total,,0.9854264741,2006,2020,2021,23730,False,False,False,False,True,False,False,False,False,True,False,False,True
2145,43,99,165000,total,,0.9772662124,2006,2020,2021,23730,False,False,False,False,True,False,False,False,False,True,False,False,True
2146,44,96,13796738.75,n2n,,-0.232102384,2006,2007,2008,31632,False,True,False,False,False,False,False,False,False,False,False,True,True
2147,44,96,14800000,n2n,,-0.1337126609,2006,2007,2008,31632,False,True,False,False,False,False,False,False,False,False,False,True,True
2148,44,98,13796738.75,n2n,,0.04688519084,2006,2007,2008,31632,False,True,False,False,False,False,False,False,False,False,False,True,True
2149,44,98,14800000,n2n,,0.0881360887,2006,2007,2008,31632,False,True,False,False,False,False,False,False,False,False,False,True,True
2150,44,102,13500000,na,,-2.337242168,2006,2007,2008,31632,False,False,False,True,False,False,False,False,False,False,False,True,True
2151,44,102,14800000,na,,-2.193820026,2006,2007,2008,31632,False,False,False,True,False,False,False,False,False,False,False,True,True
2152,44,104,13796738.75,n2n,,0.222326211,2006,2007,2008,31632,False,True,False,False,False,False,False,False,False,False,False,True,True
2153,44,104,14800000,n2n,,0.2322335211,2006,2007,2008,31632,False,True,False,False,False,False,False,False,False,False,False,True,True
2154,44,104,13500000,na,,-2.823908741,2006,2007,2008,31632,False,False,False,True,False,False,False,False,False,False,False,True,True
2155,44,104,14800000,na,,-2.677780705,2006,2007,2008,31632,False,False,False,True,False,False,False,False,False,False,False,True,True
2156,44,104,13796738.75,np,,-2.397940009,2006,2007,2008,31632,False,False,True,False,False,False,False,False,False,False,False,True,True
2157,44,104,14800000,np,,-2.283996656,2006,2007,2008,31632,False,False,True,False,False,False,False,False,False,False,False,True,True
2158,45,103,16860000,n2n,,0.1707749359,2006,2023,2023,33195,False,True,False,False,False,False,False,False,False,False,False,True,True
2159,45,103,19890000,n2n,,0.01513752088,2006,2023,2023,33195,False,True,False,False,False,False,False,False,False,False,False,True,True
2160,45,103,14017001.01,n2n,,0.1067007324,2006,2016,2016,41614,False,True,False,False,False,False,False,False,False,False,False,True,True
2161,45,103,14860000,n2n,,0.1417632303,2006,2016,2016,41614,False,True,False,False,False,False,False,False,False,False,False,True,True
2162,45,103,14017001.01,np,,-1.675717545,2006,2016,2016,41614,False,False,True,False,False,False,False,False,False,False,False,True,True
2163,45,103,14860000,np,,-1.653647026,2006,2016,2016,41614,False,False,True,False,False,False,False,False,False,False,False,True,True
2164,45,103,2584461.575,total,,0.6246651009,2006,2020,2020,14661,False,False,False,False,True,False,False,False,False,False,True,False,True
2165,45,103,2809252.091,total,,0.6120132582,2006,2020,2020,14661,False,False,False,False,True,False,False,False,False,False,True,False,True
2166,45,103,3108163.818,total,,0.6029745639,2006,2020,2020,14661,False,False,False,False,True,False,False,False,False,False,True,False,True
2167,45,103,3435325.325,total,,0.5980441788,2006,2020,2020,14661,False,False,False,False,True,False,False,False,False,False,True,False,True
2168,45,103,3791528.281,total,,0.5869763691,2006,2020,2020,14661,False,False,False,False,True,False,False,False,False,False,True,False,True
2169,45,103,4196370.367,total,,0.5784322744,2006,2020,2020,14661,False,False,False,False,True,False,False,False,False,False,True,False,True
2170,45,103,4646452.128,total,,0.5801254118,2006,2020,2020,14661,False,False,False,False,True,False,False,False,False,False,True,False,True
2171,45,103,5132842.259,total,,0.5855331554,2006,2020,2020,14661,False,False,False,False,True,False,False,False,False,False,True,False,True
2172,45,103,5668716.927,total,,0.5894620645,2006,2020,2020,14661,False,False,False,False,True,False,False,False,False,False,True,False,True
2173,45,103,6257030.423,total,,0.591457456,2006,2020,2020,14661,False,False,False,False,True,False,False,False,False,False,True,False,True
2174,45,103,6921428.708,total,,0.5998805687,2006,2020,2020,14661,False,False,False,False,True,False,False,False,False,False,True,False,True
2175,45,103,7648210.956,total,,0.6105522147,2006,2020,2020,14661,False,False,False,False,True,False,False,False,False,False,True,False,True
2176,45,103,8440002.567,total,,0.6146435224,2006,2020,2020,14661,False,False,False,False,True,False,False,False,False,False,True,False,True
2177,45,103,9328420.124,total,,0.624668103,2006,2020,2020,14661,False,False,False,False,True,False,False,False,False,False,True,False,True
2178,45,103,10327595.46,total,,0.6288878995,2006,2020,2020,14661,False,False,False,False,True,False,False,False,False,False,False,True,True
2179,45,103,11406427.44,total,,0.6225490295,2006,2020,2020,14661,False,False,False,False,True,False,False,False,False,False,False,True,True
2180,45,103,12561848.22,total,,0.6161741515,2006,2020,2020,14661,False,False,False,False,True,False,False,False,False,False,False,True,True
2181,45,103,13903370,total,,0.6090861011,2006,2020,2020,14661,False,False,False,False,True,False,False,False,False,False,False,True,True
2182,45,103,15402638.41,total,,0.5876225056,2006,2020,2020,14661,False,False,False,False,True,False,False,False,False,False,False,True,True
2183,45,103,16995573.77,total,,0.5738545029,2006,2020,2020,14661,False,False,False,False,True,False,False,False,False,False,False,True,True
2184,45,103,18758520.98,total,,0.5477482532,2006,2020,2020,14661,False,False,False,False,True,False,False,False,False,False,False,True,True
2185,45,103,19843930,total,,0.5293995522,2006,2020,2020,14661,False,False,False,False,True,False,False,False,False,False,False,True,True
2186,46,102,14540000,n2n,,-0.03796231343,2006,2020,2020,33146,False,True,False,False,False,False,False,False,False,False,False,True,True
2187,46,102,14770000,n2n,,-0.02273378757,2006,2024,2026,33224,False,True,False,False,False,False,False,False,False,False,False,True,True
2188,46,102,13960586.54,n2n,,-0.02541155645,2006,2016,2016,41614,False,True,False,False,False,False,False,False,False,False,False,True,True
2189,46,102,14774694.58,n2n,,0.02077548819,2006,2016,2016,41614,False,True,False,False,False,False,False,False,False,False,False,True,True
2190,46,105,20000,capture,,0.1571544399,2006,2014,2012,23187,True,False,False,False,False,False,False,False,True,False,False,False,False
2191,46,105,30000,capture,,0.06744284278,2006,2014,2012,23187,True,False,False,False,False,False,False,False,True,False,False,False,False
2192,46,105,45000,capture,,-0.01772876696,2006,2014,2012,23187,True,False,False,False,False,False,False,False,True,False,False,False,False
2193,46,105,77500,capture,,-0.1249387366,2006,2014,2012,23187,True,False,False,False,False,False,False,False,True,False,False,False,False
2194,46,105,20400,capture,,0.1287222843,2006,2014,2012,23187,True,False,False,False,False,False,False,False,True,False,False,False,False
2195,46,105,30100,capture,,0.05076631123,2006,2014,2012,23187,True,False,False,False,False,False,False,False,True,False,False,False,False
2196,46,105,44800,capture,,-0.02594909721,2006,2014,2012,23187,True,False,False,False,False,False,False,False,True,False,False,False,False
2197,46,105,71400,capture,,-0.1106982975,2006,2014,2012,23187,True,False,False,False,False,False,False,False,True,False,False,False,False
2198,46,105,14540000,np,,-1.363512104,2006,2020,2020,33146,False,False,True,False,False,False,False,False,False,False,False,True,True
2199,46,105,14770000,np,,-1.337242168,2006,2024,2026,33224,False,False,True,False,False,False,False,False,False,False,False,True,True
2200,46,105,13990148.72,np,,-1.466397389,2006,2016,2016,41614,False,False,True,False,False,False,False,False,False,False,False,True,True
2201,46,105,14880000,np,,-1.37675071,2006,2016,2016,41614,False,False,True,False,False,False,False,False,False,False,False,True,True
2202,46,106,13962242.1,na,,-2.317253408,2006,2016,2016,41614,False,False,False,True,False,False,False,False,False,False,False,True,True
2203,46,106,14774694.58,na,,-2.23395914,2006,2016,2016,41614,False,False,False,True,False,False,False,False,False,False,False,True,True
2204,46,108,13962242.1,na,,-2.60292945,2006,2016,2016,41614,False,False,False,True,False,False,False,False,False,False,False,True,True
2205,46,108,14774694.58,na,,-2.455931956,2006,2016,2016,41614,False,False,False,True,False,False,False,False,False,False,False,True,True
2206,46,108,13500000,np,,-2.097453221,2006,2008,2008,31615,False,False,True,False,False,False,False,False,False,False,False,True,True
2207,46,108,14800000,np,,-1.869666232,2006,2008,2008,31615,False,False,True,False,False,False,False,False,False,False,False,True,True
2208,46,110,13796738.75,n2n,,0.2233661264,2006,2018,2019,32776,False,True,False,False,False,False,False,False,False,False,False,True,True
2209,46,110,14800000,n2n,,0.2242740143,2006,2018,2019,32776,False,True,False,False,False,False,False,False,False,False,False,True,True
2210,46,110,14540000,n2n,,0.2799861609,2006,2020,2020,33146,False,True,False,False,False,False,False,False,False,False,False,True,True
2211,46,110,13990148.72,n2n,,0.1517783097,2006,2016,2016,41614,False,True,False,False,False,False,False,False,False,False,False,True,True
2212,46,110,14880000,n2n,,0.1947917577,2006,2016,2016,41614,False,True,False,False,False,False,False,False,False,False,False,True,True
2213,46,110,13500000,na,,-2.726767166,2006,2008,2008,31615,False,False,False,True,False,False,False,False,False,False,False,True,True
2214,46,110,14800000,na,,-2.694648631,2006,2008,2008,31615,False,False,False,True,False,False,False,False,False,False,False,True,True
2215,47,107,2889.57208,capture,,0.334834346,2006,2022,2024,32913,True,False,False,False,False,False,False,True,False,False,False,False,False
2216,47,107,3136.933431,capture,,0.1905657138,2006,2022,2024,32913,True,False,False,False,False,False,False,True,False,False,False,False,False
2217,47,107,3465.108732,capture,,0.1090097651,2006,2022,2024,32913,True,False,False,False,False,False,False,True,False,False,False,False,False
2218,47,107,3827.514698,capture,,0.2607207682,2006,2022,2024,32913,True,False,False,False,False,False,False,True,False,False,False,False,False
2219,47,107,4233.181287,capture,,0.174685145,2006,2022,2024,32913,True,False,False,False,False,False,False,True,False,False,False,False,False
2220,47,107,4677.353567,capture,,0.2941578584,2006,2022,2024,32913,True,False,False,False,False,False,False,True,False,False,False,False,False
2221,47,107,5168.131238,capture,,0.2112397617,2006,2022,2024,32913,True,False,False,False,False,False,False,True,False,False,False,False,False
2222,47,107,5710.404418,capture,,0.1896218983,2006,2022,2024,32913,True,False,False,False,False,False,False,True,False,False,False,False,False
2223,47,107,6309.576344,capture,,0.2179632764,2006,2022,2024,32913,True,False,False,False,False,False,False,True,False,False,False,False,False
2224,47,107,6971.617215,capture,,0.09798147774,2006,2022,2024,32913,True,False,False,False,False,False,False,True,False,False,False,False,False
2225,47,107,7703.123598,capture,,0.1634847039,2006,2022,2024,32913,True,False,False,False,False,False,False,True,False,False,False,False,False
2226,47,107,8511.384302,capture,,0.1963882035,2006,2022,2024,32913,True,False,False,False,False,False,False,True,False,False,False,False,False
2227,47,107,9413.479901,capture,,0.1769175713,2006,2022,2024,32913,True,False,False,False,False,False,False,True,False,False,False,False,False
2228,47,107,10411.18587,capture,,0.1210711806,2006,2022,2024,32913,True,False,False,False,False,False,False,False,True,False,False,False,False
2229,47,107,11503.59368,capture,,0.09318415247,2006,2022,2024,32913,True,False,False,False,False,False,False,False,True,False,False,False,False
2230,47,107,12710.62385,capture,,0.1090420446,2006,2022,2024,32913,True,False,False,False,False,False,False,False,True,False,False,False,False
2231,47,107,14044.3033,capture,,0.09261294146,2006,2022,2024,32913,True,False,False,False,False,False,False,False,True,False,False,False,False
2232,47,107,15517.92088,capture,,0.08610694345,2006,2022,2024,32913,True,False,False,False,False,False,False,False,True,False,False,False,False
2233,47,107,17146.15978,capture,,0.1029812027,2006,2022,2024,32913,True,False,False,False,False,False,False,False,True,False,False,False,False
2234,47,107,18945.24387,capture,,0.08072331281,2006,2022,2024,32913,True,False,False,False,False,False,False,False,True,False,False,False,False
2235,47,107,20953.19236,capture,,0.03376131782,2006,2022,2024,32913,True,False,False,False,False,False,False,False,True,False,False,False,False
2236,47,107,23173.95717,capture,,-0.002357255211,2006,2022,2024,32913,True,False,False,False,False,False,False,False,True,False,False,False,False
2237,47,107,25605.51607,capture,,-0.0776708903,2006,2022,2024,32913,True,False,False,False,False,False,False,False,True,False,False,False,False
2238,47,107,28292.20958,capture,,0.02934011969,2006,2022,2024,32913,True,False,False,False,False,False,False,False,True,False,False,False,False
2239,47,107,31260.80806,capture,,-0.02005943337,2006,2022,2024,32913,True,False,False,False,False,False,False,False,True,False,False,False,False
2240,47,107,34540.89076,capture,,-0.07666330403,2006,2022,2024,32913,True,False,False,False,False,False,False,False,True,False,False,False,False
2241,47,107,38165.14058,capture,,-0.07406858993,2006,2022,2024,32913,True,False,False,False,False,False,False,False,True,False,False,False,False
2242,47,107,42169.66975,capture,,-0.144197115,2006,2022,2024,32913,True,False,False,False,False,False,False,False,True,False,False,False,False
2243,47,107,46594.37957,capture,,-0.1523487531,2006,2022,2024,32913,True,False,False,False,False,False,False,False,True,False,False,False,False
2244,47,107,51532.77544,capture,,-0.1709157425,2006,2022,2024,32913,True,False,False,False,False,False,False,False,True,False,False,False,False
2245,47,107,56994.5768,capture,,-0.2062943771,2006,2022,2024,32913,True,False,False,False,False,False,False,False,True,False,False,False,False
2246,47,107,62974.8101,capture,,-0.2550306854,2006,2022,2024,32913,True,False,False,False,False,False,False,False,True,False,False,False,False
2247,47,107,69582.52749,capture,,-0.2877131713,2006,2022,2024,32913,True,False,False,False,False,False,False,False,True,False,False,False,False
2248,47,107,76883.56861,capture,,-0.2992117414,2006,2022,2024,32913,True,False,False,False,False,False,False,False,True,False,False,False,False
2249,47,107,84950.68136,capture,,-0.2899763709,2006,2022,2024,32913,True,False,False,False,False,False,False,False,True,False,False,False,False
2250,47,107,93864.24687,capture,,-0.2941234971,2006,2022,2024,32913,True,False,False,False,False,False,False,False,True,False,False,False,False
2251,47,107,99330.7085,capture,,-0.3188502843,2006,2022,2024,32913,True,False,False,False,False,False,False,False,True,False,False,False,False
2252,48,106,13960707.11,n2n,,-0.3303732411,2006,2016,2016,41614,False,True,False,False,False,False,False,False,False,False,False,True,True
2253,48,106,14783138.34,n2n,,-0.2668027349,2006,2016,2016,41614,False,True,False,False,False,False,False,False,False,False,False,True,True
2254,48,108,14094673.02,n2n,,0.1038892036,2006,2016,2016,41614,False,True,False,False,False,False,False,False,False,False,False,True,True
2255,48,108,14810000,n2n,,0.1373541114,2006,2016,2016,41614,False,True,False,False,False,False,False,False,False,False,False,True,True
2256,48,110,14094673.02,n2n,,0.170921459,2006,2016,2016,41614,False,True,False,False,False,False,False,False,False,False,False,True,True
2257,48,111,14094673.02,np,,-1.628009089,2006,2016,2016,41614,False,False,True,False,False,False,False,False,False,False,False,True,True
2258,48,111,14880000,np,,-1.508638306,2006,2016,2016,41614,False,False,True,False,False,False,False,False,False,False,False,True,True
2259,48,112,14094673.02,na,,-2.476578726,2006,2016,2016,41614,False,False,False,True,False,False,False,False,False,False,False,True,True
2260,48,112,14880000,na,,-2.313363731,2006,2016,2016,41614,False,False,False,True,False,False,False,False,False,False,False,True,True
2261,48,112,14540000,np,,-1.726767166,2006,2024,2025,33209,False,False,True,False,False,False,False,False,False,False,False,True,True
2262,48,112,14540000,np,,-1.654822383,2006,2024,2025,33209,False,False,True,False,False,False,False,False,False,False,False,True,True
2263,48,112,13960654.84,np,,-1.896766594,2006,2016,2016,41614,False,False,True,False,False,False,False,False,False,False,False,True,True
2264,48,112,14783138.34,np,,-1.788701433,2006,2016,2016,41614,False,False,True,False,False,False,False,False,False,False,False,True,True
2265,48,116,13975896.9,n2n,,0.1451964061,2006,2016,2016,41614,False,True,False,False,False,False,False,False,False,False,False,True,True
2266,48,116,14880000,n2n,,0.1205739312,2006,2016,2016,41614,False,True,False,False,False,False,False,False,False,False,False,True,True
2267,49,113,13796738.75,n2n,,0.1589652604,2006,2017,2018,32775,False,True,False,False,False,False,False,False,False,False,False,True,True
2268,49,113,14800000,n2n,,0.1746411927,2006,2017,2018,32775,False,True,False,False,False,False,False,False,False,False,False,True,True
2269,49,115,13796738.75,n2n,,0.1346551423,2006,2017,2018,32775,False,True,False,False,False,False,False,False,False,False,False,True,True
2270,49,115,14800000,n2n,,0.1667260556,2006,2017,2018,32775,False,True,False,False,False,False,False,False,False,False,False,True,True
2271,49,115,14075212.23,na,,-2.692147545,2006,2016,2016,41614,False,False,False,True,False,False,False,False,False,False,False,True,True
2272,49,115,14780000,na,,-2.588380294,2006,2016,2016,41614,False,False,False,True,False,False,False,False,False,False,False,True,True
2273,49,115,13960707.11,np,,-2.039687811,2006,2016,2016,41614,False,False,True,False,False,False,False,False,False,False,False,True,True
2274,49,115,14769725.79,np,,-1.960585881,2006,2016,2016,41614,False,False,True,False,False,False,False,False,False,False,False,True,True
2275,50,112,14249210.5,n2n,,0.05994188806,2006,2008,2008,31639,False,True,False,False,False,False,False,False,False,False,False,True,True
2276,50,112,14500000,n2n,,-0.0390965706,2006,2021,2021,33161,False,True,False,False,False,False,False,False,False,False,False,True,True
2277,50,112,13929131.63,n2n,,-0.1557299764,2006,2016,2016,41614,False,True,False,False,False,False,False,False,False,False,False,True,True
2278,50,112,14789767.56,n2n,,-0.0895534753,2006,2016,2016,41614,False,True,False,False,False,False,False,False,False,False,False,True,True
2279,50,112,3128503.737,total,,0.6368568833,2006,2020,2020,14661,False,False,False,False,True,False,False,False,False,False,True,False,True
2280,50,112,3430398.192,total,,0.6224077658,2006,2020,2020,14661,False,False,False,False,True,False,False,False,False,False,True,False,True
2281,50,112,3793428.459,total,,0.6110394941,2006,2020,2020,14661,False,False,False,False,True,False,False,False,False,False,True,False,True
2282,50,112,4199448.443,total,,0.6073425478,2006,2020,2020,14661,False,False,False,False,True,False,False,False,False,False,True,False,True
2283,50,112,4643049.72,total,,0.5994039233,2006,2020,2020,14661,False,False,False,False,True,False,False,False,False,False,True,False,True
2284,50,112,5124738.318,total,,0.6029509832,2006,2020,2020,14661,False,False,False,False,True,False,False,False,False,False,True,False,True
2285,50,112,5657520.78,total,,0.6054792678,2006,2020,2020,14661,False,False,False,False,True,False,False,False,False,False,True,False,True
2286,50,112,6262329.486,total,,0.607796266,2006,2020,2020,14661,False,False,False,False,True,False,False,False,False,False,True,False,True
2287,50,112,6931239.215,total,,0.6130473547,2006,2020,2020,14661,False,False,False,False,True,False,False,False,False,False,True,False,True
2288,50,112,7647552.843,total,,0.6216775762,2006,2020,2020,14661,False,False,False,False,True,False,False,False,False,False,True,False,True
2289,50,112,8456004.443,total,,0.6279671742,2006,2020,2020,14661,False,False,False,False,True,False,False,False,False,False,True,False,True
2290,50,112,9340287.126,total,,0.6432263896,2006,2020,2020,14661,False,False,False,False,True,False,False,False,False,False,True,False,True
2291,50,112,10302230.55,total,,0.6441062583,2006,2020,2020,14661,False,False,False,False,True,False,False,False,False,False,False,True,True
2292,50,112,11381747.29,total,,0.6461405629,2006,2020,2020,14661,False,False,False,False,True,False,False,False,False,False,False,True,True
2293,50,112,12594944.32,total,,0.6467165548,2006,2020,2020,14661,False,False,False,False,True,False,False,False,False,False,False,True,True
2294,50,112,13960067.13,total,,0.6433292798,2006,2020,2020,14661,False,False,False,False,True,False,False,False,False,False,False,True,True
2295,50,112,15432810.1,total,,0.6305999822,2006,2020,2020,14661,False,False,False,False,True,False,False,False,False,False,False,True,True
2296,50,112,17006603.13,total,,0.6137982077,2006,2020,2020,14661,False,False,False,False,True,False,False,False,False,False,False,True,True
2297,50,112,18750306.32,total,,0.5979765487,2006,2020,2020,14661,False,False,False,False,True,False,False,False,False,False,False,True,True
2298,50,112,19814810,total,,0.5921667607,2006,2020,2020,14661,False,False,False,False,True,False,False,False,False,False,False,True,True
2299,50,117,13863938.83,np,,-1.913640169,2006,2016,2016,41614,False,False,True,False,False,False,False,False,False,False,False,True,True
2300,50,117,14789767.56,np,,-1.779891912,2006,2016,2016,41614,False,False,True,False,False,False,False,False,False,False,False,True,True
2301,50,118,14600000,na,,-2.782516056,2006,2011,2011,32692,False,False,False,True,False,False,False,False,False,False,False,True,True
2302,50,120,14800000,np,,-2.707743929,2006,2012,2011,33034,False,False,True,False,False,False,False,False,False,False,False,True,True
2303,50,124,14025454.17,n2n,,0.2717486994,2006,2016,2016,41614,False,True,False,False,False,False,False,False,False,False,False,True,True
2304,50,124,14789726.16,n2n,,0.2718416065,2006,2016,2016,41614,False,True,False,False,False,False,False,False,False,False,False,True,True
2305,50,124,3128503.737,total,,0.646757275,2006,2020,2020,14661,False,False,False,False,True,False,False,False,False,False,True,False,True
2306,50,124,3430398.192,total,,0.6349992646,2006,2020,2020,14661,False,False,False,False,True,False,False,False,False,False,True,False,True
2307,50,124,3793428.459,total,,0.6258980037,2006,2020,2020,14661,False,False,False,False,True,False,False,False,False,False,True,False,True
2308,50,124,4199448.443,total,,0.6230364426,2006,2020,2020,14661,False,False,False,False,True,False,False,False,False,False,True,False,True
2309,50,124,4643049.72,total,,0.6201687181,2006,2020,2020,14661,False,False,False,False,True,False,False,False,False,False,True,False,True
2310,50,124,5124738.318,total,,0.6213495593,2006,2020,2020,14661,False,False,False,False,True,False,False,False,False,False,True,False,True
2311,50,124,5657520.78,total,,0.6206508105,2006,2020,2020,14661,False,False,False,False,True,False,False,False,False,False,True,False,True
2312,50,124,6262329.486,total,,0.6197681549,2006,2020,2020,14661,False,False,False,False,True,False,False,False,False,False,True,False,True
2313,50,124,6931239.215,total,,0.6204082571,2006,2020,2020,14661,False,False,False,False,True,False,False,False,False,False,True,False,True
2314,50,124,7647552.843,total,,0.629762013,2006,2020,2020,14661,False,False,False,False,True,False,False,False,False,False,True,False,True
2315,50,124,8456004.443,total,,0.6400085943,2006,2020,2020,14661,False,False,False,False,True,False,False,False,False,False,True,False,True
2316,50,124,9340287.126,total,,0.6567622701,2006,2020,2020,14661,False,False,False,False,True,False,False,False,False,False,True,False,True
2317,50,124,10302230.55,total,,0.6670677388,2006,2020,2020,14661,False,False,False,False,True,False,False,False,False,False,False,True,True
2318,50,124,11381747.29,total,,0.6711553145,2006,2020,2020,14661,False,False,False,False,True,False,False,False,False,False,False,True,True
2319,50,124,12594944.32,total,,0.6726776301,2006,2020,2020,14661,False,False,False,False,True,False,False,False,False,False,False,True,True
2320,50,124,13960067.13,total,,0.6659064997,2006,2020,2020,14661,False,False,False,False,True,False,False,False,False,False,False,True,True
2321,50,124,15432810.1,total,,0.6549500716,2006,2020,2020,14661,False,False,False,False,True,False,False,False,False,False,False,True,True
2322,50,124,17006603.13,total,,0.6412758474,2006,2020,2020,14661,False,False,False,False,True,False,False,False,False,False,False,True,True
2323,50,124,18750306.32,total,,0.6220113866,2006,2020,2020,14661,False,False,False,False,True,False,False,False,False,False,False,True,True
2324,50,124,19814810,total,,0.6155134347,2006,2020,2020,14661,False,False,False,False,True,False,False,False,False,False,False,True,True
2325,51,121,1660000,capture,,-1.126377183,2006,2025,2026,33221,True,False,False,False,False,False,False,False,False,False,True,False,True
2326,51,121,2650000,capture,,-1.326822369,2006,2025,2026,33221,True,False,False,False,False,False,False,False,False,False,True,False,True
2327,51,121,3050000,capture,,-1.324459944,2006,2025,2026,33221,True,False,False,False,False,False,False,False,False,False,True,False,True
2328,51,123,13796738.75,n2n,,0.2343907224,2006,2018,2020,32780,False,True,False,False,False,False,False,False,False,False,False,True,True
2329,51,123,14800000,n2n,,0.2678754193,2006,2018,2020,32780,False,True,False,False,False,False,False,False,False,False,False,True,True
2330,52,120,13985179.52,n2n,,0.03638932867,2006,2016,2016,41614,False,True,False,False,False,False,False,False,False,False,False,True,True
2331,52,120,14749783.05,n2n,,0.09760432887,2006,2016,2016,41614,False,True,False,False,False,False,False,False,False,False,False,True,True
2332,52,122,13796738.75,n2n,,0.01786771896,2006,2020,2020,32803,False,True,False,False,False,False,False,False,False,False,False,True,True
2333,52,122,14800000,n2n,,0.06520612805,2006,2020,2020,32803,False,True,False,False,False,False,False,False,False,False,False,True,True
2334,52,122,14114405.29,n2n,,0.1730405076,2006,2016,2016,41614,False,True,False,False,False,False,False,False,False,False,False,True,True
2335,52,122,14749783.05,n2n,,0.1747864174,2006,2016,2016,41614,False,True,False,False,False,False,False,False,False,False,False,True,True
2336,52,122,14059458.01,np,,-1.866461092,2006,2007,2009,32669,False,False,True,False,False,False,False,False,False,False,False,True,True
2337,52,122,13985179.52,np,,-1.872247484,2006,2016,2016,41614,False,False,True,False,False,False,False,False,False,False,False,True,True
2338,52,122,14749783.05,np,,-1.795880017,2006,2016,2016,41614,False,False,True,False,False,False,False,False,False,False,False,True,True
2339,52,124,14158471.54,np,,-2.034484729,2006,2007,2009,32669,False,False,True,False,False,False,False,False,False,False,False,True,True
2340,52,126,14039230.75,np,,-2.660548559,2006,2007,2009,32669,False,False,True,False,False,False,False,False,False,False,False,True,True
2341,52,128,13858246.53,n2n,,0.1775364999,2006,2024,2025,32936,False,True,False,False,False,False,False,False,False,False,False,True,True
2342,52,128,14819514.16,n2n,,0.193263773,2006,2024,2025,32936,False,True,False,False,False,False,False,False,False,False,False,True,True
2343,52,128,14600000,np,,-2.931814138,2006,2007,2009,32669,False,False,True,False,False,False,False,False,False,False,False,True,True
2344,52,130,13985179.52,n2n,,0.2238073376,2006,2016,2016,41614,False,True,False,False,False,False,False,False,False,False,False,True,True
2345,52,130,14749783.05,n2n,,0.2538224387,2006,2016,2016,41614,False,True,False,False,False,False,False,False,False,False,False,True,True
2346,53,127,1564.863375,capture,,0.6170003411,2006,2024,2024,23615,True,False,False,False,False,False,False,True,False,False,False,False,False
2347,53,127,1730.159269,capture,,0.352375495,2006,2024,2024,23615,True,False,False,False,False,False,False,True,False,False,False,False,False
2348,53,127,1922.385581,capture,,0.7423322824,2006,2024,2024,23615,True,False,False,False,False,False,False,True,False,False,False,False,False
2349,53,127,2100.536523,capture,,0.7493110862,2006,2024,2024,23615,True,False,False,False,False,False,False,True,False,False,False,False,False
2350,53,127,2304.651699,capture,,0.4286206727,2006,2024,2024,23615,True,False,False,False,False,False,False,True,False,False,False,False,False
2351,53,127,2540.032898,capture,,0.3984608496,2006,2024,2024,23615,True,False,False,False,False,False,False,True,False,False,False,False,False
2352,53,127,2813.407627,capture,,0.6633710755,2006,2024,2024,23615,True,False,False,False,False,False,False,True,False,False,False,False,False
2353,53,127,3133.416675,capture,,0.179838928,2006,2024,2024,23615,True,False,False,False,False,False,False,True,False,False,False,False,False
2354,53,127,3511.30394,capture,,0.4272426022,2006,2024,2024,23615,True,False,False,False,False,False,False,True,False,False,False,False,False
2355,53,127,3840.56,capture,,0.6835873176,2006,2024,2024,23615,True,False,False,False,False,False,False,True,False,False,False,False,False
2356,53,127,4220.475168,capture,,0.485579477,2006,2024,2024,23615,True,False,False,False,False,False,False,True,False,False,False,False,False
2357,53,127,4657.161,capture,,0.1849751907,2006,2024,2024,23615,True,False,False,False,False,False,False,True,False,False,False,False,False
2358,53,127,5168.404503,capture,,0.08278537032,2006,2024,2024,23615,True,False,False,False,False,False,False,True,False,False,False,False,False
2359,53,127,5764.851,capture,,0.1309766916,2006,2024,2024,23615,True,False,False,False,False,False,False,True,False,False,False,False,False
2360,53,127,6223.179,capture,,0.1821292141,2006,2024,2024,23615,True,False,False,False,False,False,False,True,False,False,False,False,False
2361,53,127,7023.386935,capture,,0.1963143854,2006,2024,2024,23615,True,False,False,False,False,False,False,True,False,False,False,False,False
2362,53,127,7981.174,capture,,0.1152775914,2006,2024,2024,23615,True,False,False,False,False,False,False,True,False,False,False,False,False
2363,53,127,8735.621,capture,,0.1583624921,2006,2024,2024,23615,True,False,False,False,False,False,False,True,False,False,False,False,False
2364,53,127,9602.326,capture,,0.1095785469,2006,2024,2024,23615,True,False,False,False,False,False,False,True,False,False,False,False,False
2365,53,127,10604.72,capture,,0.1122697684,2006,2024,2024,23615,True,False,False,False,False,False,False,False,True,False,False,False,False
2366,53,127,11772.67,capture,,0.08421868674,2006,2024,2024,23615,True,False,False,False,False,False,False,False,True,False,False,False,False
2367,53,127,13144.77,capture,,0.01619735351,2006,2024,2024,23615,True,False,False,False,False,False,False,False,True,False,False,False,False
2368,53,127,14771.5,capture,,0.02242837119,2006,2024,2024,23615,True,False,False,False,False,False,False,False,True,False,False,False,False
2369,53,127,16720,capture,,0.00259798072,2006,2024,2024,23615,True,False,False,False,False,False,False,False,True,False,False,False,False
2370,53,127,19081.1,capture,,-0.01502287358,2006,2024,2024,23615,True,False,False,False,False,False,False,False,True,False,False,False,False
2371,53,127,21980.06,capture,,-0.0752040042,2006,2024,2024,23615,True,False,False,False,False,False,False,False,True,False,False,False,False
2372,53,127,25593.6,capture,,-0.05012229596,2006,2024,2024,23615,True,False,False,False,False,False,False,False,True,False,False,False,False
2373,53,127,30177.39,capture,,-0.0840727883,2006,2024,2024,23615,True,False,False,False,False,False,False,False,True,False,False,False,False
2374,53,127,36112.67,capture,,-0.2350770154,2006,2024,2024,23615,True,False,False,False,False,False,False,False,True,False,False,False,False
2375,53,127,43988.04,capture,,-0.2225731776,2006,2024,2024,23615,True,False,False,False,False,False,False,False,True,False,False,False,False
2376,53,127,54751.31,capture,,-0.2525881921,2006,2024,2024,23615,True,False,False,False,False,False,False,False,True,False,False,False,False
2377,53,127,70008.55,capture,,-0.3605135107,2006,2024,2024,23615,True,False,False,False,False,False,False,False,True,False,False,False,False
2378,53,127,92659.98,capture,,-0.5316526696,2006,2024,2024,23615,True,False,False,False,False,False,False,False,True,False,False,False,False
2379,53,127,128387.2,capture,,-0.5833594927,2006,2024,2024,23615,True,False,False,False,False,False,False,False,False,True,False,False,True
2380,53,127,189597.2,capture,,-0.6345120151,2006,2024,2024,23615,True,False,False,False,False,False,False,False,False,True,False,False,True
2381,53,127,307848.1,capture,,-0.7904849855,2006,2024,2024,23615,True,False,False,False,False,False,False,False,False,True,False,False,True
2382,53,127,584459.2,capture,,-1.207608311,2006,2024,2024,23615,True,False,False,False,False,False,False,False,False,True,False,False,True
2383,53,127,51500,capture,,-0.2125395255,2006,2026,2025,23622,True,False,False,False,False,False,False,False,True,False,False,False,False
2384,53,127,127700,capture,,-0.54668166,2006,2026,2025,23622,True,False,False,False,False,False,False,False,False,True,False,False,True
2385,53,127,600000,capture,,-1.322575562,2006,2021,2021,33162,True,False,False,False,False,False,False,False,False,True,False,False,True
2386,53,127,1260000,capture,,-1.500587874,2006,2021,2021,33162,True,False,False,False,False,False,False,False,False,False,True,False,True
2387,53,127,2510000,capture,,-1.56320149,2006,2021,2021,33162,True,False,False,False,False,False,False,False,False,False,True,False,True
2388,53,127,14077780.36,n2n,,0.1710972215,2006,2023,2025,32796,False,True,False,False,False,False,False,False,False,False,False,True,True
2389,53,127,14790000,n2n,,0.2019157827,2006,2023,2025,32796,False,True,False,False,False,False,False,False,False,False,False,True,True
2390,53,127,14920000,n2n,,0.1814090762,2006,2020,2020,33150,False,True,False,False,False,False,False,False,False,False,False,True,True
2391,53,129,2100.53608,capture,,0.2227164711,2006,2024,2024,23615,True,False,False,False,False,False,False,True,False,False,False,False,False
2392,53,129,2304.651187,capture,,0.3053513694,2006,2024,2024,23615,True,False,False,False,False,False,False,True,False,False,False,False,False
2393,53,129,2540.031873,capture,,0.411619706,2006,2024,2024,23615,True,False,False,False,False,False,False,True,False,False,False,False,False
2394,53,129,2813.408141,capture,,0.2900346114,2006,2024,2024,23615,True,False,False,False,False,False,False,True,False,False,False,False,False
2395,53,129,3133.415619,capture,,-0.351639989,2006,2024,2024,23615,True,False,False,False,False,False,False,True,False,False,False,False,False
2396,53,129,3511.304028,capture,,0.1628629933,2006,2024,2024,23615,True,False,False,False,False,False,False,True,False,False,False,False,False
2397,53,129,3840.56,capture,,0.2405492483,2006,2024,2024,23615,True,False,False,False,False,False,False,True,False,False,False,False,False
2398,53,129,4220.474136,capture,,0.220108088,2006,2024,2024,23615,True,False,False,False,False,False,False,True,False,False,False,False,False
2399,53,129,4657.16,capture,,0.1553360375,2006,2024,2024,23615,True,False,False,False,False,False,False,True,False,False,False,False,False
2400,53,129,5168.401948,capture,,-0.004364805402,2006,2024,2024,23615,True,False,False,False,False,False,False,True,False,False,False,False,False
2401,53,129,5764.85,capture,,-0.04095860768,2006,2024,2024,23615,True,False,False,False,False,False,False,True,False,False,False,False,False
2402,53,129,6223.18,capture,,0.03742649794,2006,2024,2024,23615,True,False,False,False,False,False,False,True,False,False,False,False,False
2403,53,129,7023.384495,capture,,0.006466042249,2006,2024,2024,23615,True,False,False,False,False,False,False,True,False,False,False,False,False
2404,53,129,7981.17,capture,,-0.04575749056,2006,2024,2024,23615,True,False,False,False,False,False,False,True,False,False,False,False,False
2405,53,129,8735.62,capture,,-0.04095860768,2006,2024,2024,23615,True,False,False,False,False,False,False,True,False,False,False,False,False
2406,53,129,9602.33,capture,,-0.1487416513,2006,2024,2024,23615,True,False,False,False,False,False,False,True,False,False,False,False,False
2407,53,129,10604.7,capture,,-0.0268721464,2006,2024,2024,23615,True,False,False,False,False,False,False,False,True,False,False,False,False
2408,53,129,11772.7,capture,,-0.06550154876,2006,2024,2024,23615,True,False,False,False,False,False,False,False,True,False,False,False,False
2409,53,129,13144.8,capture,,-0.2441251443,2006,2024,2024,23615,True,False,False,False,False,False,False,False,True,False,False,False,False
2410,53,129,14771.5,capture,,-0.193820026,2006,2024,2024,23615,True,False,False,False,False,False,False,False,True,False,False,False,False
2411,53,129,16720,capture,,-0.1870866434,2006,2024,2024,23615,True,False,False,False,False,False,False,False,True,False,False,False,False
2412,53,129,19081.1,capture,,-0.2291479884,2006,2024,2024,23615,True,False,False,False,False,False,False,False,True,False,False,False,False
2413,53,129,21980.1,capture,,-0.3372421683,2006,2024,2024,23615,True,False,False,False,False,False,False,False,True,False,False,False,False
2414,53,129,25593.6,capture,,-0.2596373105,2006,2024,2024,23615,True,False,False,False,False,False,False,False,True,False,False,False,False
2415,53,129,30177.4,capture,,-0.3767507096,2006,2024,2024,23615,True,False,False,False,False,False,False,False,True,False,False,False,False
2416,53,129,51500,capture,,-0.5559552041,2006,2026,2025,23622,True,False,False,False,False,False,False,False,True,False,False,False,False
2417,53,129,127700,capture,,-0.8507808873,2006,2026,2025,23622,True,False,False,False,False,False,False,False,False,True,False,False,True
2418,54,124,370000,capture,,-0.5736188838,2006,2015,2015,14443,True,False,False,False,False,False,False,False,False,True,False,False,True
2419,54,124,860000,capture,,-0.754142008,2006,2015,2015,14443,True,False,False,False,False,False,False,False,False,True,False,False,True
2420,54,124,1860000,capture,,-0.8478340093,2006,2015,2015,14443,True,False,False,False,False,False,False,False,False,False,True,False,True
2421,54,124,2730000,capture,,-0.8991471733,2006,2015,2015,14443,True,False,False,False,False,False,False,False,False,False,True,False,True
2422,54,124,3610000,capture,,-0.8741285326,2006,2015,2015,14443,True,False,False,False,False,False,False,False,False,False,True,False,True
2423,54,124,4480000,capture,,-1.192871044,2006,2015,2015,14443,True,False,False,False,False,False,False,False,False,False,True,False,True
2424,54,124,5310000,capture,,-1.530030791,2006,2015,2015,14443,True,False,False,False,False,False,False,False,False,False,True,False,True
2425,54,124,6310000,capture,,-1.64244628,2006,2015,2015,14443,True,False,False,False,False,False,False,False,False,False,True,False,True
2426,54,124,7250000,capture,,-1.793174124,2006,2015,2015,14443,True,False,False,False,False,False,False,False,False,False,True,False,True
2427,54,124,11607308.04,n2n,,-0.8111839695,2006,2015,2015,14443,False,True,False,False,False,False,False,False,False,False,False,True,True
2428,54,124,12602618.78,n2n,,-0.3181755712,2006,2015,2015,14443,False,True,False,False,False,False,False,False,False,False,False,True,True
2429,54,124,13843980.54,n2n,,-0.1135600395,2006,2015,2015,14443,False,True,False,False,False,False,False,False,False,False,False,True,True
2430,54,124,14800000,n2n,,-0.04122594809,2006,2015,2015,14443,False,True,False,False,False,False,False,False,False,False,False,True,True
2431,54,124,13945966.41,n2n,,0.02806265153,2006,2022,2024,32871,False,True,False,False,False,False,False,False,False,False,False,True,True
2432,54,124,14800000,n2n,,0.1115985249,2006,2022,2024,32871,False,True,False,False,False,False,False,False,False,False,False,True,True
2433,54,124,13834047.09,n2n,,0.03848504475,2006,2023,2024,32892,False,True,False,False,False,False,False,False,False,False,False,True,True
2434,54,124,14849915.82,n2n,,0.1007323065,2006,2023,2024,32892,False,True,False,False,False,False,False,False,False,False,False,True,True
2435,54,126,13945966.41,n2n,,0.1952075495,2006,2022,2024,32871,False,True,False,False,False,False,False,False,False,False,False,True,True
2436,54,126,14800000,n2n,,0.2540644529,2006,2022,2024,32871,False,True,False,False,False,False,False,False,False,False,False,True,True
2437,54,128,13945966.41,n2n,,0.2191914402,2006,2022,2024,32871,False,True,False,False,False,False,False,False,False,False,False,True,True
2438,54,128,14800000,n2n,,0.2412973871,2006,2022,2024,32871,False,True,False,False,False,False,False,False,False,False,False,True,True
2439,54,131,13945966.41,np,,-2.207608311,2006,2022,2024,32871,False,False,True,False,False,False,False,False,False,False,False,True,True
2440,54,131,14800000,np,,-2.13667714,2006,2022,2024,32871,False,False,True,False,False,False,False,False,False,False,False,True,True
2441,54,134,13945966.41,n2n,,0.2294898607,2006,2023,2024,32895,False,True,False,False,False,False,False,False,False,False,False,True,True
2442,54,134,14800000,n2n,,0.2240148114,2006,2023,2024,32895,False,True,False,False,False,False,False,False,False,False,False,True,True
2443,54,136,3340000,capture,,-3.017728767,2006,2014,2014,14385,True,False,False,False,False,False,False,False,False,False,True,False,True
2444,54,136,4100000,capture,,-2.962573502,2006,2014,2014,14385,True,False,False,False,False,False,False,False,False,False,True,False,True
2445,54,136,5660000,capture,,-3.050609993,2006,2014,2014,14385,True,False,False,False,False,False,False,False,False,False,True,False,True
2446,54,136,6240000,capture,,-3.207608311,2006,2014,2014,14385,True,False,False,False,False,False,False,False,False,False,True,False,True
2447,54,136,7310000,capture,,-3.244125144,2006,2014,2014,14385,True,False,False,False,False,False,False,False,False,False,True,False,True
2448,54,136,14790000,capture,,-3.13667714,2006,2014,2014,14385,True,False,False,False,False,False,False,False,False,False,False,True,True
2449,54,136,9206606.324,n2n,,-0.3854296819,2006,2013,2013,14355,False,True,False,False,False,False,False,False,False,False,True,False,True
2450,54,136,9960000,n2n,,-0.1266968401,2006,2013,2013,14355,False,True,False,False,False,False,False,False,False,False,True,False,True
2451,54,136,11434290.53,n2n,,0.1724861697,2006,2013,2013,14355,False,True,False,False,False,False,False,False,False,False,False,True,True
2452,54,136,12940000,n2n,,0.2433704669,2006,2013,2013,14355,False,True,False,False,False,False,False,False,False,False,False,True,True
2453,54,136,14095655.36,n2n,,0.2561522661,2006,2013,2013,14355,False,True,False,False,False,False,False,False,False,False,False,True,True
2454,54,136,14850000,n2n,,0.2375060373,2006,2013,2013,14355,False,True,False,False,False,False,False,False,False,False,False,True,True
2455,54,136,13945966.41,n2n,,0.1761636354,2006,2022,2025,32883,False,True,False,False,False,False,False,False,False,False,False,True,True
2456,54,136,14800000,n2n,,0.1804126328,2006,2022,2025,32883,False,True,False,False,False,False,False,False,False,False,False,True,True
2457,55,133,14077780.36,n2n,,0.1936532249,2006,2023,2025,32796,False,True,False,False,False,False,False,False,False,False,False,True,True
2458,55,133,14790000,n2n,,0.2215185603,2006,2023,2025,32796,False,True,False,False,False,False,False,False,False,False,False,True,True
2459,56,132,13796738.75,n2n,,0.08831331559,2006,2017,2018,32769,False,True,False,False,False,False,False,False,False,False,False,True,True
2460,56,132,14800000,n2n,,0.1383026982,2006,2017,2018,32769,False,True,False,False,False,False,False,False,False,False,False,True,True
2461,56,134,13796738.75,n2n,,0.1436392353,2006,2017,2018,32769,False,True,False,False,False,False,False,False,False,False,False,True,True
2462,56,134,14800000,n2n,,0.1740598077,2006,2017,2018,32769,False,True,False,False,False,False,False,False,False,False,False,True,True
2463,56,138,14048944.67,na,,-2.640706708,2006,2016,2016,41614,False,False,False,True,False,False,False,False,False,False,False,True,True
2464,56,138,14810000,na,,-2.567030709,2006,2016,2016,41614,False,False,False,True,False,False,False,False,False,False,False,True,True
2465,56,138,14800000,np,,-2.542118103,2006,2012,2011,33034,False,False,True,False,False,False,False,False,False,False,False,True,True
2466,57,139,30251.3,capture,,-1.385367974,2006,2007,2008,23042,True,False,False,False,False,False,False,False,True,False,False,False,False
2467,57,139,44457.3,capture,,-1.520315446,2006,2007,2008,23042,True,False,False,False,False,False,False,False,True,False,False,False,False
2468,57,139,66875,capture,,-1.629963286,2006,2007,2008,23042,True,False,False,False,False,False,False,False,True,False,False,False,False
2469,57,139,558000,capture,,-2.248720896,2006,2007,2008,23042,True,False,False,False,False,False,False,False,False,True,False,False,True
2470,57,139,55000,capture,,-1.649751982,2006,2008,2007,31599,True,False,False,False,False,False,False,False,True,False,False,False,False
2471,57,139,144000,capture,,-1.920456993,2006,2008,2007,31599,True,False,False,False,False,False,False,False,False,True,False,False,True
2472,57,139,13796738.75,capture,,-2.972650392,2006,2013,2016,32713,True,False,False,False,False,False,False,False,False,False,False,True,True
2473,57,139,14800000,capture,,-3.036212173,2006,2013,2016,32713,True,False,False,False,False,False,False,False,False,False,False,True,True
2474,57,139,13796738.75,capture,,-2.935542011,2006,2013,2016,32713,True,False,False,False,False,False,False,False,False,False,False,True,True
2475,57,139,14800000,capture,,-3.008773924,2006,2013,2016,32713,True,False,False,False,False,False,False,False,False,False,False,True,True
2476,57,139,13796738.75,capture,,-2.829738285,2006,2013,2016,32713,True,False,False,False,False,False,False,False,False,False,False,True,True
2477,57,139,14800000,capture,,-2.962573502,2006,2013,2016,32713,True,False,False,False,False,False,False,False,False,False,False,True,True
2478,57,139,13796738.75,capture,,-2.906578315,2006,2013,2016,32713,True,False,False,False,False,False,False,False,False,False,False,True,True
2479,57,139,14800000,capture,,-3,2006,2013,2016,32713,True,False,False,False,False,False,False,False,False,False,False,True,True
2480,57,139,14600000,na,,-2.590066877,2006,2008,2008,23031,False,False,False,True,False,False,False,False,False,False,False,True,True
2481,57,139,14800000,na,,-2.920818754,2006,2010,2010,32675,False,False,False,True,False,False,False,False,False,False,False,True,True
2482,57,139,14600000,np,,-2.353596274,2006,2008,2008,23031,False,False,True,False,False,False,False,False,False,False,False,True,True
2483,57,139,14800000,np,,-2.327902142,2006,2010,2010,32675,False,False,True,False,False,False,False,False,False,False,False,True,True
2484,58,136,13796738.75,n2n,,0.1157768762,2006,2015,2017,32752,False,True,False,False,False,False,False,False,False,False,False,True,True
2485,58,136,14800000,n2n,,0.163161375,2006,2015,2017,32752,False,True,False,False,False,False,False,False,False,False,False,True,True
2486,58,136,14200000,n2n,,0.1532049001,2006,2019,2021,32768,False,True,False,False,False,False,False,False,False,False,False,True,True
2487,58,136,14900000,n2n,,0.1855421549,2006,2019,2021,32768,False,True,False,False,False,False,False,False,False,False,False,True,True
2488,58,136,13960707.11,n2n,,0.1407698397,2006,2016,2016,41614,False,True,False,False,False,False,False,False,False,False,False,True,True
2489,58,136,14769725.79,n2n,,0.1821292141,2006,2016,2016,41614,False,True,False,False,False,False,False,False,False,False,False,True,True
2490,58,138,13796738.75,n2n,,0.1515230676,2006,2015,2017,32738,False,True,False,False,False,False,False,False,False,False,False,True,True
2491,58,138,14800000,n2n,,0.2073650375,2006,2015,2017,32738,False,True,False,False,False,False,False,False,False,False,False,True,True
2492,58,140,14052383.39,n2n,,0.2368394495,2006,2011,2012,32696,False,True,False,False,False,False,False,False,False,False,False,True,True
2493,58,140,14800000,n2n,,0.2603099458,2006,2011,2012,32696,False,True,False,False,False,False,False,False,False,False,False,True,True
2494,58,140,13500000,n2n,,0.2245330626,2006,2015,2017,32752,False,True,False,False,False,False,False,False,False,False,False,True,True
2495,58,140,14800000,n2n,,0.268343914,2006,2015,2017,32752,False,True,False,False,False,False,False,False,False,False,False,True,True
2496,58,140,14200000,n2n,,0.2322335211,2006,2019,2021,32768,False,True,False,False,False,False,False,False,False,False,False,True,True
2497,58,140,14900000,n2n,,0.2427898095,2006,2019,2021,32768,False,True,False,False,False,False,False,False,False,False,False,True,True
2498,58,140,13500000,n2n,,0.2671717284,2006,2020,2021,33149,False,True,False,False,False,False,False,False,False,False,False,True,True
2499,58,140,13500000,n2n,,0.2552725051,2006,2020,2021,33149,False,True,False,False,False,False,False,False,False,False,False,True,True
2500,58,140,13960707.11,n2n,,0.2406740276,2006,2016,2016,41614,False,True,False,False,False,False,False,False,False,False,False,True,True
2501,58,140,14769725.79,n2n,,0.2562365332,2006,2016,2016,41614,False,True,False,False,False,False,False,False,False,False,False,True,True
2502,58,140,13796738.75,np,,-2.193820026,2006,2015,2017,32752,False,False,True,False,False,False,False,False,False,False,False,True,True
2503,58,140,14800000,np,,-2.065501549,2006,2015,2017,32752,False,False,True,False,False,False,False,False,False,False,False,True,True
2504,58,140,14200000,np,,-2.17327748,2006,2019,2021,32768,False,False,True,False,False,False,False,False,False,False,False,True,True
2505,58,140,14900000,np,,-2.087777943,2006,2019,2021,32768,False,False,True,False,False,False,False,False,False,False,False,True,True
2506,58,140,13960707.11,np,,-2.187755303,2006,2016,2016,41614,False,False,True,False,False,False,False,False,False,False,False,True,True
2507,58,140,14769725.79,np,,-2.104301273,2006,2016,2016,41614,False,False,True,False,False,False,False,False,False,False,False,True,True
2508,58,142,14200000,capture,,-2.886056648,2006,2019,2021,32768,True,False,False,False,False,False,False,False,False,False,False,True,True
2509,58,142,14900000,capture,,-2.866461092,2006,2019,2021,32768,True,False,False,False,False,False,False,False,False,False,False,True,True
2510,58,142,14052383.39,n2n,,0.2777008763,2006,2011,2012,32696,False,True,False,False,False,False,False,False,False,False,False,True,True
2511,58,142,14800000,n2n,,0.2716093014,2006,2011,2012,32696,False,True,False,False,False,False,False,False,False,False,False,True,True
2512,58,142,13796738.75,n2n,,0.2518814546,2006,2015,2017,32752,False,True,False,False,False,False,False,False,False,False,False,True,True
2513,58,142,14800000,n2n,,0.203576775,2006,2015,2017,32752,False,True,False,False,False,False,False,False,False,False,False,True,True
2514,58,142,14200000,n2n,,0.285557309,2006,2019,2021,32768,False,True,False,False,False,False,False,False,False,False,False,True,True
2515,58,142,14900000,n2n,,0.2736955879,2006,2019,2021,32768,False,True,False,False,False,False,False,False,False,False,False,True,True
2516,58,142,13500000,n2n,,0.3117538611,2006,2020,2021,33149,False,True,False,False,False,False,False,False,False,False,False,True,True
2517,58,142,13500000,n2n,,0.3263358609,2006,2020,2021,33149,False,True,False,False,False,False,False,False,False,False,False,True,True
2518,58,142,13960707.11,n2n,,0.2914798522,2006,2016,2016,41614,False,True,False,False,False,False,False,False,False,False,False,True,True
2519,58,142,14769725.79,n2n,,0.2754265367,2006,2016,2016,41614,False,True,False,False,False,False,False,False,False,False,False,True,True
2520,58,142,14200000,na,,-2.20481541,2006,2019,2021,32768,False,False,False,True,False,False,False,False,False,False,False,True,True
2521,58,142,14900000,na,,-2.19314197,2006,2019,2021,32768,False,False,False,True,False,False,False,False,False,False,False,True,True
2522,58,142,13796738.75,np,,-2.576754126,2006,2015,2017,32752,False,False,True,False,False,False,False,False,False,False,False,True,True
2523,58,142,14800000,np,,-2.356547324,2006,2015,2017,32752,False,False,True,False,False,False,False,False,False,False,False,True,True
2524,58,142,14200000,np,,-2.274905479,2006,2019,2021,32768,False,False,True,False,False,False,False,False,False,False,False,True,True
2525,58,142,14900000,np,,-2.106793247,2006,2019,2021,32768,False,False,True,False,False,False,False,False,False,False,False,True,True
2526,59,141,540000,capture,,-1.722035308,2006,2007,2008,31613,True,False,False,False,False,False,False,False,False,True,False,False,True
2527,59,141,1090000,capture,,-1.678129898,2006,2007,2008,31613,True,False,False,False,False,False,False,False,False,False,True,False,True
2528,59,141,1590000,capture,,-1.722301277,2006,2007,2008,31613,True,False,False,False,False,False,False,False,False,False,True,False,True
2529,59,141,13796738.75,capture,,-2.522878745,2006,2012,2012,32703,True,False,False,False,False,False,False,False,False,False,False,True,True
2530,59,141,14800000,capture,,-2.657577319,2006,2012,2012,32703,True,False,False,False,False,False,False,False,False,False,False,True,True
2531,59,141,13796738.75,n2n,,0.2425414283,2006,2010,2010,32685,False,True,False,False,False,False,False,False,False,False,False,True,True
2532,59,141,14800000,n2n,,0.2739267801,2006,2010,2010,32685,False,True,False,False,False,False,False,False,False,False,False,True,True
2533,59,141,13796738.75,np,,-2.078313525,2006,2010,2010,32685,False,False,True,False,False,False,False,False,False,False,False,True,True
2534,59,141,14800000,np,,-1.982966661,2006,2010,2010,32685,False,False,True,False,False,False,False,False,False,False,False,True,True
2535,60,142,13796738.75,n2n,,0.1378286638,2006,2015,2017,32743,False,True,False,False,False,False,False,False,False,False,False,True,True
2536,60,142,14800000,n2n,,0.1809855808,2006,2015,2017,32743,False,True,False,False,False,False,False,False,False,False,False,True,True
2537,60,142,14770000,n2n,,0.1868517872,2006,2022,2022,33170,False,True,False,False,False,False,False,False,False,False,False,True,True
2538,60,142,14700000,np,,-1.859806321,2006,2013,2013,32710,False,False,True,False,False,False,False,False,False,False,False,True,True
2539,60,142,13796738.75,np,,-2.116338565,2006,2015,2017,32743,False,False,True,False,False,False,False,False,False,False,False,True,True
2540,60,142,14800000,np,,-2.022276395,2006,2015,2017,32743,False,False,True,False,False,False,False,False,False,False,False,True,True
2541,60,146,13796738.75,na,,-2.823908741,2006,2015,2017,32743,False,False,False,True,False,False,False,False,False,False,False,True,True
2542,60,146,14800000,na,,-2.638272164,2006,2015,2017,32743,False,False,False,True,False,False,False,False,False,False,False,True,True
2543,60,146,13796738.75,np,,-2.457174573,2006,2013,2013,32710,False,False,True,False,False,False,False,False,False,False,False,True,True
2544,60,146,14700000,np,,-2.307153081,2006,2013,2013,32710,False,False,True,False,False,False,False,False,False,False,False,True,True
2545,60,146,14100000,np,,-2.455931956,2006,2015,2017,32743,False,False,True,False,False,False,False,False,False,False,False,True,True
2546,60,146,14800000,np,,-2.356547324,2006,2015,2017,32743,False,False,True,False,False,False,False,False,False,False,False,True,True
2547,60,146,14540000,np,,-2.387216143,2006,2020,2021,33153,False,False,True,False,False,False,False,False,False,False,False,True,True
2548,60,146,14770000,np,,-2.461928873,2006,2022,2022,33170,False,False,True,False,False,False,False,False,False,False,False,True,True
2549,60,148,13796738.75,n2n,,0.22284648,2006,2015,2017,32743,False,True,False,False,False,False,False,False,False,False,False,True,True
2550,60,148,14800000,n2n,,0.2027606874,2006,2015,2017,32743,False,True,False,False,False,False,False,False,False,False,False,True,True
2551,60,148,14540000,n2n,,0.2585415071,2006,2020,2021,33153,False,True,False,False,False,False,False,False,False,False,False,True,True
2552,60,148,14770000,n2n,,0.255577731,2006,2022,2022,33170,False,True,False,False,False,False,False,False,False,False,False,True,True
2553,60,150,13796738.75,n2n,,0.2366631987,2006,2015,2017,32743,False,True,False,False,False,False,False,False,False,False,False,True,True
2554,60,150,14800000,n2n,,0.1818435879,2006,2015,2017,32743,False,True,False,False,False,False,False,False,False,False,False,True,True
2555,60,150,14770000,n2n,,0.2369175309,2006,2022,2022,33170,False,True,False,False,False,False,False,False,False,False,False,True,True
2556,62,144,14800000,na,,-1.886056648,2006,2016,2017,32730,False,False,False,True,False,False,False,False,False,False,False,True,True
2557,62,144,13500000,np,,-1.692503962,2006,2016,2017,32730,False,False,True,False,False,False,False,False,False,False,False,True,True
2558,62,144,14800000,np,,-1.628932138,2006,2016,2017,32730,False,False,True,False,False,False,False,False,False,False,False,True,True
2559,62,147,1047.133072,capture,,1.126770684,2006,2007,2011,14306,True,False,False,False,False,False,False,True,False,False,False,False,False
2560,62,147,1152.66147,capture,,1.070283445,2006,2007,2011,14306,True,False,False,False,False,False,False,True,False,False,False,False,False
2561,62,147,1274.095117,capture,,1.058182855,2006,2007,2011,14306,True,False,False,False,False,False,False,True,False,False,False,False,False
2562,62,147,1408.321159,capture,,0.913045873,2006,2007,2011,14306,True,False,False,False,False,False,False,True,False,False,False,False,False
2563,62,147,1556.330299,capture,,0.9151027643,2006,2007,2011,14306,True,False,False,False,False,False,False,True,False,False,False,False,False
2564,62,147,1719.894371,capture,,0.9037070421,2006,2007,2011,14306,True,False,False,False,False,False,False,True,False,False,False,False,False
2565,62,147,1900.64836,capture,,0.8922333156,2006,2007,2011,14306,True,False,False,False,False,False,False,True,False,False,False,False,False
2566,62,147,2100.398916,capture,,0.8442405847,2006,2007,2011,14306,True,False,False,False,False,False,False,True,False,False,False,False,False
2567,62,147,2321.142026,capture,,0.7265447205,2006,2007,2011,14306,True,False,False,False,False,False,False,True,False,False,False,False,False
2568,62,147,2565.675501,capture,,0.6905233648,2006,2007,2011,14306,True,False,False,False,False,False,False,True,False,False,False,False,False
2569,62,147,2835.970921,capture,,0.6975553853,2006,2007,2011,14306,True,False,False,False,False,False,False,True,False,False,False,False,False
2570,62,147,3134.01999,capture,,0.6982445072,2006,2007,2011,14306,True,False,False,False,False,False,False,True,False,False,False,False,False
2571,62,147,3463.392796,capture,,0.6450774191,2006,2007,2011,14306,True,False,False,False,False,False,False,True,False,False,False,False,False
2572,62,147,3827.381283,capture,,0.6107498225,2006,2007,2011,14306,True,False,False,False,False,False,False,True,False,False,False,False,False
2573,62,147,4229.623619,capture,,0.5062492697,2006,2007,2011,14306,True,False,False,False,False,False,False,True,False,False,False,False,False
2574,62,147,4675.216316,capture,,0.5056900203,2006,2007,2011,14306,True,False,False,False,False,False,False,True,False,False,False,False,False
2575,62,147,5167.752838,capture,,0.5180928443,2006,2007,2011,14306,True,False,False,False,False,False,False,True,False,False,False,False,False
2576,62,147,5710.86293,capture,,0.4579744235,2006,2007,2011,14306,True,False,False,False,False,False,False,True,False,False,False,False,False
2577,62,147,6311.051679,capture,,0.4359147159,2006,2007,2011,14306,True,False,False,False,False,False,False,True,False,False,False,False,False
2578,62,147,6974.317678,capture,,0.3899149262,2006,2007,2011,14306,True,False,False,False,False,False,False,True,False,False,False,False,False
2579,62,147,7707.29073,capture,,0.3919366638,2006,2007,2011,14306,True,False,False,False,False,False,False,True,False,False,False,False,False
2580,62,147,8517.295486,capture,,0.313442453,2006,2007,2011,14306,True,False,False,False,False,False,False,True,False,False,False,False,False
2581,62,147,9414.596686,capture,,0.3135795167,2006,2007,2011,14306,True,False,False,False,False,False,False,True,False,False,False,False,False
2582,62,147,9949.5119,capture,,0.300163504,2006,2007,2011,14306,True,False,False,False,False,False,False,True,False,False,False,False,False
2583,62,149,13500000,np,,-2.200659451,2006,2016,2017,32730,False,False,True,False,False,False,False,False,False,False,False,True,True
2584,62,149,14800000,np,,-2.113509275,2006,2016,2017,32730,False,False,True,False,False,False,False,False,False,False,False,True,True
2585,62,150,13500000,np,,-2.522878745,2006,2016,2017,32730,False,False,True,False,False,False,False,False,False,False,False,True,True
2586,62,150,14800000,np,,-2.346787486,2006,2016,2017,32730,False,False,True,False,False,False,False,False,False,False,False,True,True
2587,62,152,55000,capture,,-0.4615519483,2006,2008,2007,31599,True,False,False,False,False,False,False,False,True,False,False,False,False
2588,62,152,144000,capture,,-0.5872035713,2006,2008,2007,31599,True,False,False,False,False,False,False,False,False,True,False,False,True
2589,62,154,13500000,n2n,,0.2151085811,2006,2016,2017,32730,False,True,False,False,False,False,False,False,False,False,False,True,True
2590,62,154,14800000,n2n,,0.1894903137,2006,2016,2017,32730,False,True,False,False,False,False,False,False,False,False,False,True,True
2591,63,151,1200,capture,,1.474216264,2006,2007,2011,14221,True,False,False,False,False,False,False,True,False,False,False,False,False
2592,63,151,1510,capture,,1.340444115,2006,2007,2011,14221,True,False,False,False,False,False,False,True,False,False,False,False,False
2593,63,151,1900,capture,,1.369215857,2006,2007,2011,14221,True,False,False,False,False,False,False,True,False,False,False,False,False
2594,63,151,2400,capture,,1.222716471,2006,2007,2011,14221,True,False,False,False,False,False,False,True,False,False,False,False,False
2595,63,151,3030,capture,,1.209515015,2006,2007,2011,14221,True,False,False,False,False,False,False,True,False,False,False,False,False
2596,63,151,3820,capture,,1.1430148,2006,2007,2011,14221,True,False,False,False,False,False,False,True,False,False,False,False,False
2597,63,151,4830,capture,,1.075546961,2006,2007,2011,14221,True,False,False,False,False,False,False,True,False,False,False,False,False
2598,63,151,13796738.75,n2n,,0.04960561259,2006,2018,2019,32779,False,True,False,False,False,False,False,False,False,False,False,True,True
2599,63,151,14800000,n2n,,0.07554696139,2006,2018,2019,32779,False,True,False,False,False,False,False,False,False,False,False,True,True
2600,63,151,14075212.23,n2n,,0.2143580847,2006,2016,2016,41614,False,True,False,False,False,False,False,False,False,False,False,True,True
2601,63,151,14780000,n2n,,0.2375437381,2006,2016,2016,41614,False,True,False,False,False,False,False,False,False,False,False,True,True
2602,63,151,13796738.75,na,,-2.530177984,2006,2017,2017,32753,False,False,False,True,False,False,False,False,False,False,False,True,True
2603,63,151,14800000,na,,-2.420216403,2006,2017,2017,32753,False,False,False,True,False,False,False,False,False,False,False,True,True
2604,63,151,13962486.46,na,,-2.430821235,2006,2016,2016,41614,False,False,False,True,False,False,False,False,False,False,False,True,True
2605,63,151,14769725.79,na,,-2.38563016,2006,2016,2016,41614,False,False,False,True,False,False,False,False,False,False,False,True,True
2606,63,153,13796738.75,n2n,,0.2485862439,2006,2017,2018,32772,False,True,False,False,False,False,False,False,False,False,False,True,True
2607,63,153,14800000,n2n,,0.2557547866,2006,2017,2018,32772,False,True,False,False,False,False,False,False,False,False,False,True,True
2608,63,153,14075212.23,n2n,,0.2517598545,2006,2016,2016,41614,False,True,False,False,False,False,False,False,False,False,False,True,True
2609,63,153,14780000,n2n,,0.2380461031,2006,2016,2016,41614,False,True,False,False,False,False,False,False,False,False,False,True,True
2610,63,153,13796738.75,na,,-2.868060705,2006,2020,2020,32808,False,False,False,True,False,False,False,False,False,False,False,True,True
2611,63,153,14800000,na,,-2.76700389,2006,2020,2020,32808,False,False,False,True,False,False,False,False,False,False,False,True,True
2612,63,153,13936156.92,na,,-2.876148359,2006,2016,2016,41614,False,False,False,True,False,False,False,False,False,False,False,True,True
2613,63,153,14800000,na,,-2.769551079,2006,2016,2016,41614,False,False,False,True,False,False,False,False,False,False,False,True,True
2614,63,153,13796738.75,np,,-2.431798276,2006,2020,2020,32808,False,False,True,False,False,False,False,False,False,False,False,True,True
2615,63,153,14800000,np,,-2.346787486,2006,2020,2020,32808,False,False,True,False,False,False,False,False,False,False,False,True,True
2616,64,152,13796738.75,n2n,,0.2091127037,2006,2010,2010,32680,False,True,False,False,False,False,False,False,False,False,False,True,True
2617,64,152,14800000,n2n,,0.277838333,2006,2010,2010,32680,False,True,False,False,False,False,False,False,False,False,False,True,True
2618,64,154,13796738.75,n2n,,0.2741578493,2006,2010,2010,32680,False,True,False,False,False,False,False,False,False,False,False,True,True
2619,64,154,14800000,n2n,,0.3012470886,2006,2010,2010,32680,False,True,False,False,False,False,False,False,False,False,False,True,True
2620,64,156,13500000,np,,-2.346787486,2006,2010,2010,32680,False,False,True,False,False,False,False,False,False,False,False,True,True
2621,64,156,14800000,np,,-2.251811973,2006,2010,2010,32680,False,False,True,False,False,False,False,False,False,False,False,True,True
2622,64,157,13796738.75,np,,-2.437707136,2006,2010,2010,32680,False,False,True,False,False,False,False,False,False,False,False,True,True
2623,64,157,14800000,np,,-2.292429824,2006,2010,2010,32680,False,False,True,False,False,False,False,False,False,False,False,True,True
2624,64,158,14800000,na,,-3,2006,2010,2010,32680,False,False,False,True,False,False,False,False,False,False,False,True,True
2625,64,158,13796738.75,np,,-2.698970004,2006,2010,2010,32680,False,False,True,False,False,False,False,False,False,False,False,True,True
2626,64,158,14800000,np,,-2.537602002,2006,2010,2010,32680,False,False,True,False,False,False,False,False,False,False,False,True,True
2627,64,160,13796738.75,n2n,,0.2493206766,2006,2010,2010,32680,False,True,False,False,False,False,False,False,False,False,False,True,True
2628,64,160,14800000,n2n,,0.2794387883,2006,2010,2010,32680,False,True,False,False,False,False,False,False,False,False,False,True,True
2629,65,159,3670000,capture,,-1.511449283,2006,2015,2015,23255,True,False,False,False,False,False,False,False,False,False,True,False,True
2630,65,159,4280000,capture,,-1.661942125,2006,2015,2015,23255,True,False,False,False,False,False,False,False,False,False,True,False,True
2631,65,159,5390000,capture,,-2.212539525,2006,2015,2015,23255,True,False,False,False,False,False,False,False,False,False,True,False,True
2632,65,159,6850000,capture,,-2.669586227,2006,2015,2015,23255,True,False,False,False,False,False,False,False,False,False,True,False,True
2633,65,159,2292.232515,capture,,0.7882454622,2006,2023,2024,32899,True,False,False,False,False,False,False,True,False,False,False,False,False
2634,65,159,2542.49,capture,,0.762359664,2006,2023,2024,32899,True,False,False,False,False,False,False,True,False,False,False,False,False
2635,65,159,2820.067802,capture,,0.7705405329,2006,2023,2024,32899,True,False,False,False,False,False,False,True,False,False,False,False,False
2636,65,159,3127.94,capture,,0.8007782325,2006,2023,2024,32899,True,False,False,False,False,False,False,True,False,False,False,False,False
2637,65,159,3469.435364,capture,,0.6641298266,2006,2023,2024,32899,True,False,False,False,False,False,False,True,False,False,False,False,False
2638,65,159,3848.21,capture,,0.5820554046,2006,2023,2024,32899,True,False,False,False,False,False,False,True,False,False,False,False,False
2639,65,159,4268.338753,capture,,0.5326117134,2006,2023,2024,32899,True,False,False,False,False,False,False,True,False,False,False,False,False
2640,65,159,4734.34,capture,,0.5555961982,2006,2023,2024,32899,True,False,False,False,False,False,False,True,False,False,False,False,False
2641,65,159,5072.93,capture,,0.6274846568,2006,2023,2024,32899,True,False,False,False,False,False,False,True,False,False,False,False,False
2642,65,159,5626.763513,capture,,0.4586287854,2006,2023,2024,32899,True,False,False,False,False,False,False,True,False,False,False,False,False
2643,65,159,6241.07,capture,,0.5063737772,2006,2023,2024,32899,True,False,False,False,False,False,False,True,False,False,False,False,False
2644,65,159,6922.430606,capture,,0.4875915311,2006,2023,2024,32899,True,False,False,False,False,False,False,True,False,False,False,False,False
2645,65,159,7678.19,capture,,0.4666467114,2006,2023,2024,32899,True,False,False,False,False,False,False,True,False,False,False,False,False
2646,65,159,8516.459619,capture,,0.3825762195,2006,2023,2024,32899,True,False,False,False,False,False,False,True,False,False,False,False,False
2647,65,159,9446.24,capture,,0.4524136377,2006,2023,2024,32899,True,False,False,False,False,False,False,True,False,False,False,False,False
2648,65,159,10477.5,capture,,0.4107645838,2006,2023,2024,32899,True,False,False,False,False,False,False,False,True,False,False,False,False
2649,65,159,11621.4,capture,,0.2664715981,2006,2023,2024,32899,True,False,False,False,False,False,False,False,True,False,False,False,False
2650,65,159,12890.21072,capture,,0.3595926647,2006,2023,2024,32899,True,False,False,False,False,False,False,False,True,False,False,False,False
2651,65,159,14297.5,capture,,0.3204267207,2006,2023,2024,32899,True,False,False,False,False,False,False,False,True,False,False,False,False
2652,65,159,15320,capture,,0.2491934639,2006,2023,2024,32899,True,False,False,False,False,False,False,False,True,False,False,False,False
2653,65,159,16992.56421,capture,,0.2711489702,2006,2023,2024,32899,True,False,False,False,False,False,False,False,True,False,False,False,False
2654,65,159,18847.7,capture,,0.2349068602,2006,2023,2024,32899,True,False,False,False,False,False,False,False,True,False,False,False,False
2655,65,159,20905.42914,capture,,0.2727591578,2006,2023,2024,32899,True,False,False,False,False,False,False,False,True,False,False,False,False
2656,65,159,23187.8,capture,,0.1955039046,2006,2023,2024,32899,True,False,False,False,False,False,False,False,True,False,False,False,False
2657,65,159,25719.25747,capture,,0.1518155625,2006,2023,2024,32899,True,False,False,False,False,False,False,False,True,False,False,False,False
2658,65,159,28527.2,capture,,0.1019360059,2006,2023,2024,32899,True,False,False,False,False,False,False,False,True,False,False,False,False
2659,65,159,31641.62437,capture,,0.1081081655,2006,2023,2024,32899,True,False,False,False,False,False,False,False,True,False,False,False,False
2660,65,159,35096.1,capture,,0.101815786,2006,2023,2024,32899,True,False,False,False,False,False,False,False,True,False,False,False,False
2661,65,159,37606.2,capture,,0.07269462861,2006,2023,2024,32899,True,False,False,False,False,False,False,False,True,False,False,False,False
2662,65,159,41711.76832,capture,,0.07561629699,2006,2023,2024,32899,True,False,False,False,False,False,False,False,True,False,False,False,False
2663,65,159,46265.7,capture,,0.06998242122,2006,2023,2024,32899,True,False,False,False,False,False,False,False,True,False,False,False,False
2664,65,159,51316.73908,capture,,0.04603643516,2006,2023,2024,32899,True,False,False,False,False,False,False,False,True,False,False,False,False
2665,65,159,56919.2,capture,,-0.0002658695873,2006,2023,2024,32899,True,False,False,False,False,False,False,False,True,False,False,False,False
2666,65,159,63133.33889,capture,,-0.03087775507,2006,2023,2024,32899,True,False,False,False,False,False,False,False,True,False,False,False,False
2667,65,159,70026,capture,,0.003555308261,2006,2023,2024,32899,True,False,False,False,False,False,False,False,True,False,False,False,False
2668,65,159,77671.01903,capture,,-0.09787929912,2006,2023,2024,32899,True,False,False,False,False,False,False,False,True,False,False,False,False
2669,65,159,86150.7,capture,,-0.0995766079,2006,2023,2024,32899,True,False,False,False,False,False,False,False,True,False,False,False,False
2670,65,159,92312.2,capture,,-0.1521097558,2006,2023,2024,32899,True,False,False,False,False,False,False,False,True,False,False,False,False
2671,65,159,102390.5647,capture,,-0.1812361917,2006,2023,2024,32899,True,False,False,False,False,False,False,False,False,True,False,False,True
2672,65,159,113569,capture,,-0.1269818236,2006,2023,2024,32899,True,False,False,False,False,False,False,False,False,True,False,False,True
2673,65,159,125967.3619,capture,,-0.2119759461,2006,2023,2024,32899,True,False,False,False,False,False,False,False,False,True,False,False,True
2674,65,159,139720,capture,,-0.2313286066,2006,2023,2024,32899,True,False,False,False,False,False,False,False,False,True,False,False,True
2675,65,159,154974.0606,capture,,-0.267588145,2006,2023,2024,32899,True,False,False,False,False,False,False,False,False,True,False,False,True
2676,65,159,171893,capture,,-0.3131323474,2006,2023,2024,32899,True,False,False,False,False,False,False,False,False,True,False,False,True
2677,65,159,190659.7659,capture,,-0.3182465069,2006,2023,2024,32899,True,False,False,False,False,False,False,False,False,True,False,False,True
2678,65,159,211475,capture,,-0.349298196,2006,2023,2024,32899,True,False,False,False,False,False,False,False,False,True,False,False,True
2679,65,159,226600,capture,,-0.3724999835,2006,2023,2024,32899,True,False,False,False,False,False,False,False,False,True,False,False,True
2680,65,159,251338.5761,capture,,-0.3900679967,2006,2023,2024,32899,True,False,False,False,False,False,False,False,False,True,False,False,True
2681,65,159,278778,capture,,-0.4003395882,2006,2023,2024,32899,True,False,False,False,False,False,False,False,False,True,False,False,True
2682,65,159,309213.5464,capture,,-0.4033215505,2006,2023,2024,32899,True,False,False,False,False,False,False,False,False,True,False,False,True
2683,65,159,342972,capture,,-0.4499001192,2006,2023,2024,32899,True,False,False,False,False,False,False,False,False,True,False,False,True
2684,65,159,380416.0634,capture,,-0.5093919703,2006,2023,2024,32899,True,False,False,False,False,False,False,False,False,True,False,False,True
2685,65,159,421948,capture,,-0.535166313,2006,2023,2024,32899,True,False,False,False,False,False,False,False,False,True,False,False,True
2686,65,159,468013.8135,capture,,-0.5939139372,2006,2023,2024,32899,True,False,False,False,False,False,False,False,False,True,False,False,True
2687,65,159,519110,capture,,-0.649275295,2006,2023,2024,32899,True,False,False,False,False,False,False,False,False,True,False,False,True
2688,65,159,575783.0425,capture,,-0.6650167727,2006,2023,2024,32899,True,False,False,False,False,False,False,False,False,True,False,False,True
2689,65,159,638644,capture,,-0.7242511155,2006,2023,2024,32899,True,False,False,False,False,False,False,False,False,True,False,False,True
2690,65,159,684320,capture,,-0.7105492946,2006,2023,2024,32899,True,False,False,False,False,False,False,False,False,True,False,False,True
2691,65,159,759030.2276,capture,,-0.7800790128,2006,2023,2024,32899,True,False,False,False,False,False,False,False,False,True,False,False,True
2692,65,159,841897,capture,,-0.8286421951,2006,2023,2024,32899,True,False,False,False,False,False,False,False,False,True,False,False,True
2693,65,159,902109,capture,,-0.8232375511,2006,2023,2024,32899,True,False,False,False,False,False,False,False,False,True,False,False,True
2694,65,159,5080000,capture,,-3.003002645,2006,2018,2019,33113,True,False,False,False,False,False,False,False,False,False,True,False,True
2695,65,159,12470000,capture,,-2.890884002,2006,2018,2019,33113,True,False,False,False,False,False,False,False,False,False,False,True,True
2696,65,159,16630000,capture,,-3.2083725,2006,2018,2019,33113,True,False,False,False,False,False,False,False,False,False,False,True,True
2697,65,159,14600000,n2n,,0.28171497,2006,2010,2008,32219,False,True,False,False,False,False,False,False,False,False,False,True,True
2698,65,159,13796738.75,n2n,,0.2265999052,2006,2014,2014,32716,False,True,False,False,False,False,False,False,False,False,False,True,True
2699,65,159,14800000,n2n,,0.2193225084,2006,2014,2014,32716,False,True,False,False,False,False,False,False,False,False,False,True,True
2700,65,159,14600000,na,,-2.657577319,2006,2010,2008,32219,False,False,False,True,False,False,False,False,False,False,False,True,True
2701,65,159,14100000,na,,-2.886056648,2006,2014,2014,32716,False,False,False,True,False,False,False,False,False,False,False,True,True
2702,65,159,14800000,na,,-2.744727495,2006,2014,2014,32716,False,False,False,True,False,False,False,False,False,False,False,True,True
2703,65,159,14600000,np,,-2.318758763,2006,2010,2008,32219,False,False,True,False,False,False,False,False,False,False,False,True,True
2704,65,159,13796738.75,np,,-2.420216403,2006,2014,2014,32716,False,False,True,False,False,False,False,False,False,False,False,True,True
2705,65,159,14800000,np,,-2.214670165,2006,2014,2014,32716,False,False,True,False,False,False,False,False,False,False,False,True,True
2706,66,156,17100000,n2n,,0.2227164711,2006,2021,2023,23782,False,True,False,False,False,False,False,False,False,False,False,True,True
2707,66,156,18544540.98,n2n,,0.2329961104,2006,2021,2023,23782,False,True,False,False,False,False,False,False,False,False,False,True,True
2708,66,156,14700000,n2n,,0.2395497208,2006,2012,2012,32233,False,True,False,False,False,False,False,False,False,False,False,True,True
2709,66,156,13500000,n2n,,0.1592663311,2006,2016,2017,32733,False,True,False,False,False,False,False,False,False,False,False,True,True
2710,66,156,14800000,n2n,,0.1967287226,2006,2016,2017,32733,False,True,False,False,False,False,False,False,False,False,False,True,True
2711,66,156,14700000,na,,-2.698970004,2006,2009,2009,32670,False,False,False,True,False,False,False,False,False,False,False,True,True
2712,66,156,14700000,np,,-1.761953897,2006,2012,2012,32233,False,False,True,False,False,False,False,False,False,False,False,True,True
2713,66,158,14700000,n2n,,0.3104808915,2006,2012,2012,32233,False,True,False,False,False,False,False,False,False,False,False,True,True
2714,66,158,13500000,n2n,,0.2723058444,2006,2016,2017,32733,False,True,False,False,False,False,False,False,False,False,False,True,True
2715,66,158,14800000,n2n,,0.2685779719,2006,2016,2017,32733,False,True,False,False,False,False,False,False,False,False,False,True,True
2716,66,158,14700000,np,,-2.119186408,2006,2009,2009,32670,False,False,True,False,False,False,False,False,False,False,False,True,True
2717,66,160,14700000,np,,-1.974694135,2006,2012,2012,32233,False,False,True,False,False,False,False,False,False,False,False,True,True
2718,66,160,14700000,np,,-2.568636236,2006,2009,2009,32670,False,False,True,False,False,False,False,False,False,False,False,True,True
2719,66,162,13500000,np,,-2.327902142,2006,2016,2017,32735,False,False,True,False,False,False,False,False,False,False,False,True,True
2720,66,162,14800000,np,,-2.251811973,2006,2016,2017,32735,False,False,True,False,False,False,False,False,False,False,False,True,True
2721,66,163,14700000,np,,-2.552841969,2006,2012,2012,32233,False,False,True,False,False,False,False,False,False,False,False,True,True
2722,66,163,13500000,np,,-2.795880017,2006,2016,2017,32735,False,False,True,False,False,False,False,False,False,False,False,True,True
2723,66,163,14800000,np,,-2.552841969,2006,2016,2017,32735,False,False,True,False,False,False,False,False,False,False,False,True,True
2724,66,164,14700000,na,,-2.705533774,2006,2012,2012,32233,False,False,False,True,False,False,False,False,False,False,False,True,True
2725,67,165,13500000,n2n,,0.08529057823,2006,2014,2014,32717,False,True,False,False,False,False,False,False,False,False,False,True,True
2726,67,165,14800000,n2n,,0.1119342763,2006,2014,2014,32717,False,True,False,False,False,False,False,False,False,False,False,True,True
2727,68,162,10700000,n2n,,-0.3565473235,2006,2018,2018,23418,False,True,False,False,False,False,False,False,False,False,False,True,True
2728,68,162,11148990.99,n2n,,-0.1904402854,2006,2018,2018,23418,False,True,False,False,False,False,False,False,False,False,False,True,True
2729,68,162,17100000,n2n,,0.2944662262,2006,2018,2018,23418,False,True,False,False,False,False,False,False,False,False,False,True,True
2730,68,162,18544540.98,n2n,,0.2741578493,2006,2018,2018,23418,False,True,False,False,False,False,False,False,False,False,False,True,True
2731,68,162,14700000,n2n,,0.2938043599,2006,2012,2012,32233,False,True,False,False,False,False,False,False,False,False,False,True,True
2732,68,162,13500000,n2n,,0.1640552919,2006,2011,2012,32693,False,True,False,False,False,False,False,False,False,False,False,True,True
2733,68,162,14800000,n2n,,0.1846914308,2006,2011,2012,32693,False,True,False,False,False,False,False,False,False,False,False,True,True
2734,68,162,14700000,np,,-1.978810701,2006,2012,2012,32233,False,False,True,False,False,False,False,False,False,False,False,True,True
2735,68,164,14700000,n2n,,0.3096301674,2006,2012,2012,32233,False,True,False,False,False,False,False,False,False,False,False,True,True
2736,68,164,13500000,n2n,,0.123851641,2006,2011,2012,32693,False,True,False,False,False,False,False,False,False,False,False,True,True
2737,68,164,14800000,n2n,,0.1841233542,2006,2011,2012,32693,False,True,False,False,False,False,False,False,False,False,False,True,True
2738,68,166,14700000,np,,-2.346787486,2006,2012,2012,32233,False,False,True,False,False,False,False,False,False,False,False,True,True
2739,68,167,14700000,np,,-2.387216143,2006,2012,2012,32233,False,False,True,False,False,False,False,False,False,False,False,True,True
2740,68,168,14700000,na,,-2.677780705,2006,2012,2012,32233,False,False,False,True,False,False,False,False,False,False,False,True,True
2741,68,168,14700000,np,,-2.508638306,2006,2012,2012,32233,False,False,True,False,False,False,False,False,False,False,False,True,True
2742,68,168,14800000,np,,-2.638272164,2006,2011,2012,32693,False,False,True,False,False,False,False,False,False,False,False,True,True
2743,69,169,1047.133389,capture,,0.8842106264,2006,2025,2025,14855,True,False,False,False,False,False,False,True,False,False,False,False,False
2744,69,169,1153.465168,capture,,0.8311708755,2006,2025,2025,14855,True,False,False,False,False,False,False,True,False,False,False,False,False
2745,69,169,1276.467657,capture,,0.7862324361,2006,2025,2025,14855,True,False,False,False,False,False,False,True,False,False,False,False,False
2746,69,169,1412.564907,capture,,0.9943651516,2006,2025,2025,14855,True,False,False,False,False,False,False,True,False,False,False,False,False
2747,69,169,1555.975429,capture,,0.7551779017,2006,2025,2025,14855,True,False,False,False,False,False,False,True,False,False,False,False,False
2748,69,169,1713.981958,capture,,0.7048085602,2006,2025,2025,14855,True,False,False,False,False,False,False,True,False,False,False,False,False
2749,69,169,1896.722612,capture,,0.6771687877,2006,2025,2025,14855,True,False,False,False,False,False,False,True,False,False,False,False,False
2750,69,169,2098.973224,capture,,0.7961597708,2006,2025,2025,14855,True,False,False,False,False,False,False,True,False,False,False,False,False
2751,69,169,2322.760426,capture,,0.619803603,2006,2025,2025,14855,True,False,False,False,False,False,False,True,False,False,False,False,False
2752,69,169,2570.418406,capture,,0.672737488,2006,2025,2025,14855,True,False,False,False,False,False,False,True,False,False,False,False,False
2753,69,169,2844.493841,capture,,0.7287543142,2006,2025,2025,14855,True,False,False,False,False,False,False,True,False,False,False,False,False
2754,69,169,3133.313278,capture,,0.5610274041,2006,2025,2025,14855,True,False,False,False,False,False,False,True,False,False,False,False,False
2755,69,169,3451.463045,capture,,0.4555079168,2006,2025,2025,14855,True,False,False,False,False,False,False,True,False,False,False,False,False
2756,69,169,3801.939616,capture,,0.555686814,2006,2025,2025,14855,True,False,False,False,False,False,False,True,False,False,False,False,False
2757,69,169,4217.223016,capture,,0.5136064259,2006,2025,2025,14855,True,False,False,False,False,False,False,True,False,False,False,False,False
2758,69,169,4677.650595,capture,,0.5230470018,2006,2025,2025,14855,True,False,False,False,False,False,False,True,False,False,False,False,False
2759,69,169,5128.924976,capture,,0.4194476736,2006,2025,2025,14855,True,False,False,False,False,False,False,True,False,False,False,False,False
2760,69,169,5688.903869,capture,,0.3888433457,2006,2025,2025,14855,True,False,False,False,False,False,False,True,False,False,False,False,False
2761,69,169,6310.009431,capture,,0.4150735582,2006,2025,2025,14855,True,False,False,False,False,False,False,True,False,False,False,False,False
2762,69,169,6998.889334,capture,,0.3369917688,2006,2025,2025,14855,True,False,False,False,False,False,False,True,False,False,False,False,False
2763,69,169,7762.976826,capture,,0.3863294952,2006,2025,2025,14855,True,False,False,False,False,False,False,True,False,False,False,False,False
2764,69,169,8511.954169,capture,,0.3035794069,2006,2025,2025,14855,True,False,False,False,False,False,False,True,False,False,False,False,False
2765,69,169,9441.213496,capture,,0.2363155233,2006,2025,2025,14855,True,False,False,False,False,False,False,True,False,False,False,False,False
2766,69,169,10471.77578,capture,,0.2147445316,2006,2025,2025,14855,True,False,False,False,False,False,False,False,True,False,False,False,False
2767,69,169,11482.19006,capture,,0.1745467706,2006,2025,2025,14855,True,False,False,False,False,False,False,False,True,False,False,False,False
2768,69,169,12736.04859,capture,,0.1183242597,2006,2025,2025,14855,True,False,False,False,False,False,False,False,True,False,False,False,False
2769,69,169,14126.56949,capture,,0.1182647261,2006,2025,2025,14855,True,False,False,False,False,False,False,False,True,False,False,False,False
2770,69,169,15489.35877,capture,,0.1146526772,2006,2025,2025,14855,True,False,False,False,False,False,False,False,True,False,False,False,False
2771,69,169,17180.09022,capture,,0.06383605374,2006,2025,2025,14855,True,False,False,False,False,False,False,False,True,False,False,False,False
2772,69,169,19056.18089,capture,,0.04412800461,2006,2025,2025,14855,True,False,False,False,False,False,False,False,True,False,False,False,False
2773,69,169,20894.32273,capture,,0.008930025116,2006,2025,2025,14855,True,False,False,False,False,False,False,False,True,False,False,False,False
2774,69,169,23175.3059,capture,,-0.03442016162,2006,2025,2025,14855,True,False,False,False,False,False,False,False,True,False,False,False,False
2775,69,169,25705.48122,capture,,-0.07482977369,2006,2025,2025,14855,True,False,False,False,False,False,False,False,True,False,False,False,False
2776,69,169,28185.66267,capture,,-0.06786629518,2006,2025,2025,14855,True,False,False,False,False,False,False,False,True,False,False,False,False
2777,69,169,30551.2676,capture,,-0.05156747185,2006,2025,2025,14855,True,False,False,False,False,False,False,False,True,False,False,False,False
2778,69,169,38907.42083,capture,,-0.1298771308,2006,2025,2025,14855,True,False,False,False,False,False,False,False,True,False,False,False,False
2779,69,169,42172.23016,capture,,-0.1436034509,2006,2025,2025,14855,True,False,False,False,False,False,False,False,True,False,False,False,False
2780,69,169,46776.50595,capture,,-0.1771097873,2006,2025,2025,14855,True,False,False,False,False,False,False,False,True,False,False,False,False
2781,69,169,51289.24976,capture,,-0.2188660031,2006,2025,2025,14855,True,False,False,False,False,False,False,False,True,False,False,False,False
2782,69,169,56889.03869,capture,,-0.2516708502,2006,2025,2025,14855,True,False,False,False,False,False,False,False,True,False,False,False,False
2783,69,169,63100.09431,capture,,-0.2400659955,2006,2025,2025,14855,True,False,False,False,False,False,False,False,True,False,False,False,False
2784,69,169,69187.82402,capture,,-0.2485572964,2006,2025,2025,14855,True,False,False,False,False,False,False,False,True,False,False,False,False
2785,69,169,75862.60402,capture,,-0.2336949962,2006,2025,2025,14855,True,False,False,False,False,False,False,False,True,False,False,False,False
2786,69,169,96611,capture,,-0.3474345843,2006,2025,2025,14855,True,False,False,False,False,False,False,False,True,False,False,False,False
2787,69,169,103519.4953,capture,,-0.3367986592,2006,2025,2025,14855,True,False,False,False,False,False,False,False,False,True,False,False,True
2788,69,169,114821.9006,capture,,-0.3608373601,2006,2025,2025,14855,True,False,False,False,False,False,False,False,False,True,False,False,True
2789,69,169,125903.2634,capture,,-0.4140882897,2006,2025,2025,14855,True,False,False,False,False,False,False,False,False,True,False,False,True
2790,69,169,146230,capture,,-0.4090801819,2006,2025,2025,14855,True,False,False,False,False,False,False,False,False,True,False,False,True
2791,69,169,154893.5877,capture,,-0.4920328715,2006,2025,2025,14855,True,False,False,False,False,False,False,False,False,True,False,False,True
2792,69,169,169833.754,capture,,-0.498875667,2006,2025,2025,14855,True,False,False,False,False,False,False,False,False,True,False,False,True
2793,69,169,186223.2494,capture,,-0.4978290254,2006,2025,2025,14855,True,False,False,False,False,False,False,False,False,True,False,False,True
2794,69,169,208943.2273,capture,,-0.5387454009,2006,2025,2025,14855,True,False,False,False,False,False,False,False,False,True,False,False,True
2795,69,169,231753.059,capture,,-0.5819308365,2006,2025,2025,14855,True,False,False,False,False,False,False,False,False,True,False,False,True
2796,69,169,251203.3764,capture,,-0.609479966,2006,2025,2025,14855,True,False,False,False,False,False,False,False,False,True,False,False,True
2797,69,169,288420.8924,capture,,-0.6364820334,2006,2025,2025,14855,True,False,False,False,False,False,False,False,False,True,False,False,True
2798,69,169,312628.2547,capture,,-0.6544616021,2006,2025,2025,14855,True,False,False,False,False,False,False,False,False,True,False,False,True
2799,69,169,346762.5533,capture,,-0.6480491674,2006,2025,2025,14855,True,False,False,False,False,False,False,False,False,True,False,False,True
2800,69,169,380216.4798,capture,,-0.6910889295,2006,2025,2025,14855,True,False,False,False,False,False,False,False,False,True,False,False,True
2801,69,169,421722.3016,capture,,-0.7188302266,2006,2025,2025,14855,True,False,False,False,False,False,False,False,False,True,False,False,True
2802,69,169,467765.0595,capture,,-0.8079973851,2006,2025,2025,14855,True,False,False,False,False,False,False,False,False,True,False,False,True
2803,69,169,512892.4976,capture,,-0.8378689093,2006,2025,2025,14855,True,False,False,False,False,False,False,False,False,True,False,False,True
2804,69,169,568890.3869,capture,,-0.8667230246,2006,2025,2025,14855,True,False,False,False,False,False,False,False,False,True,False,False,True
2805,69,169,631000.9431,capture,,-0.8792451504,2006,2025,2025,14855,True,False,False,False,False,False,False,False,False,True,False,False,True
2806,69,169,691878.2402,capture,,-0.898605246,2006,2025,2025,14855,True,False,False,False,False,False,False,False,False,True,False,False,True
2807,69,169,767411.001,capture,,-0.93751579,2006,2025,2025,14855,True,False,False,False,False,False,False,False,False,True,False,False,True
2808,69,169,851195.4169,capture,,-0.9490859224,2006,2025,2025,14855,True,False,False,False,False,False,False,False,False,True,False,False,True
2809,69,169,933313.2365,capture,,-0.972796201,2006,2025,2025,14855,True,False,False,False,False,False,False,False,False,True,False,False,True
2810,69,169,17350000,n2n,,0.2430380487,2006,2016,2016,14447,False,True,False,False,False,False,False,False,False,False,False,True,True
2811,69,169,18828494.36,n2n,,0.09516935143,2006,2016,2016,14447,False,True,False,False,False,False,False,False,False,False,False,True,True
2812,69,169,8430000,n2n,,-0.8748441704,2006,2017,2018,14496,False,True,False,False,False,False,False,False,False,False,True,False,True
2813,69,169,9176595.229,n2n,,-0.2124332674,2006,2017,2018,14496,False,True,False,False,False,False,False,False,False,False,True,False,True
2814,69,169,10172049.94,n2n,,0.09187789963,2006,2017,2018,14496,False,True,False,False,False,False,False,False,False,False,False,True,True
2815,69,169,11406174.59,n2n,,0.1994626245,2006,2017,2018,14496,False,True,False,False,False,False,False,False,False,False,False,True,True
2816,69,169,12652628.19,n2n,,0.2708185331,2006,2017,2018,14496,False,True,False,False,False,False,False,False,False,False,False,True,True
2817,69,169,13647710.43,n2n,,0.3054373598,2006,2017,2018,14496,False,True,False,False,False,False,False,False,False,False,False,True,True
2818,69,169,14800000,n2n,,0.3155925338,2006,2017,2018,14496,False,True,False,False,False,False,False,False,False,False,False,True,True
2819,69,169,15243359.21,n2n,,0.3106614558,2006,2021,2021,14708,False,True,False,False,False,False,False,False,False,False,False,True,True
2820,69,169,17045972.59,n2n,,0.2597730063,2006,2021,2021,14708,False,True,False,False,False,False,False,False,False,False,False,True,True
2821,69,169,18421183.46,n2n,,0.1093253878,2006,2021,2021,14708,False,True,False,False,False,False,False,False,False,False,False,True,True
2822,69,169,14050000,n2n,,0.3222192947,2006,2023,2023,31858,False,True,False,False,False,False,False,False,False,False,False,True,True
2823,69,169,14052383.39,n2n,,0.2938926671,2006,2011,2012,32696,False,True,False,False,False,False,False,False,False,False,False,True,True
2824,69,169,14800000,n2n,,0.2968844755,2006,2011,2012,32696,False,True,False,False,False,False,False,False,False,False,False,True,True
2825,69,169,13500000,n2n,,0.2617385474,2006,2014,2017,32746,False,True,False,False,False,False,False,False,False,False,False,True,True
2826,69,169,14800000,n2n,,0.2846562828,2006,2014,2017,32746,False,True,False,False,False,False,False,False,False,False,False,True,True
2827,69,169,14300000,n2n,,0.2174049744,2006,2015,2022,32847,False,True,False,False,False,False,False,False,False,False,False,True,True
2828,69,169,12489996,n2n,,0.2639909327,2006,2023,2025,32925,False,True,False,False,False,False,False,False,False,False,False,True,True
2829,69,169,14000000,n2n,,0.2871296207,2006,2023,2025,32925,False,True,False,False,False,False,False,False,False,False,False,True,True
2830,69,169,15491933.38,n2n,,0.3016809493,2006,2023,2025,32925,False,True,False,False,False,False,False,False,False,False,False,True,True
2831,69,169,17000000,n2n,,0.2633993313,2006,2023,2025,32925,False,True,False,False,False,False,False,False,False,False,False,True,True
2832,69,169,18493242.01,n2n,,0.116607744,2006,2023,2025,32925,False,True,False,False,False,False,False,False,False,False,False,True,True
2833,69,169,19800000,n2n,,-0.02826040911,2006,2023,2025,32925,False,True,False,False,False,False,False,False,False,False,False,True,True
2834,70,168,14700000,n2n,,0.2730012721,2006,2012,2012,32233,False,True,False,False,False,False,False,False,False,False,False,True,True
2835,70,168,13500000,n2n,,0.221153322,2006,2013,2016,32727,False,True,False,False,False,False,False,False,False,False,False,True,True
2836,70,168,14800000,n2n,,0.2819419334,2006,2013,2016,32727,False,True,False,False,False,False,False,False,False,False,False,True,True
2837,70,168,14770000,n2n,,0.2806716836,2006,2022,2022,33175,False,True,False,False,False,False,False,False,False,False,False,True,True
2838,70,170,14700000,n2n,,0.2957869403,2006,2012,2012,32233,False,True,False,False,False,False,False,False,False,False,False,True,True
2839,70,170,13500000,n2n,,0.3064250276,2006,2013,2016,32727,False,True,False,False,False,False,False,False,False,False,False,True,True
2840,70,170,14800000,n2n,,0.3300077009,2006,2013,2016,32727,False,True,False,False,False,False,False,False,False,False,False,True,True
2841,70,170,14770000,n2n,,0.3412188077,2006,2022,2022,33175,False,True,False,False,False,False,False,False,False,False,False,True,True
2842,70,172,14700000,np,,-2.283996656,2006,2012,2012,32233,False,False,True,False,False,False,False,False,False,False,False,True,True
2843,70,172,13500000,np,,-2.443697499,2006,2013,2016,32727,False,False,True,False,False,False,False,False,False,False,False,True,True
2844,70,172,14800000,np,,-2.337242168,2006,2013,2016,32727,False,False,True,False,False,False,False,False,False,False,False,True,True
2845,70,173,14700000,np,,-2.259637311,2006,2012,2012,32233,False,False,True,False,False,False,False,False,False,False,False,True,True
2846,70,173,13500000,np,,-2.602059991,2006,2013,2016,32727,False,False,True,False,False,False,False,False,False,False,False,True,True
2847,70,173,14800000,np,,-2.346787486,2006,2013,2016,32727,False,False,True,False,False,False,False,False,False,False,False,True,True
2848,70,173,14770000,np,,-2.346787486,2006,2022,2022,33175,False,False,True,False,False,False,False,False,False,False,False,True,True
2849,70,174,14600000,na,,-2.950781977,2006,2014,2014,23221,False,False,False,True,False,False,False,False,False,False,False,True,True
2850,70,174,14700000,na,,-2.935542011,2006,2012,2012,32233,False,False,False,True,False,False,False,False,False,False,False,True,True
2851,70,174,14770000,na,,-2.93930216,2006,2022,2022,33175,False,False,False,True,False,False,False,False,False,False,False,True,True
2852,70,174,14600000,np,,-2.507239611,2006,2014,2014,23221,False,False,True,False,False,False,False,False,False,False,False,True,True
2853,70,174,14100000,np,,-2.761953897,2006,2008,2008,31615,False,False,True,False,False,False,False,False,False,False,False,True,True
2854,70,174,14800000,np,,-2.504455662,2006,2008,2008,31615,False,False,True,False,False,False,False,False,False,False,False,True,True
2855,70,174,14700000,np,,-2.552841969,2006,2012,2012,32233,False,False,True,False,False,False,False,False,False,False,False,True,True
2856,70,174,14800000,np,,-2.585026652,2006,2013,2016,32727,False,False,True,False,False,False,False,False,False,False,False,True,True
2857,70,174,14770000,np,,-2.555955204,2006,2022,2022,33175,False,False,True,False,False,False,False,False,False,False,False,True,True
2858,70,176,14700000,n2n,,0.3667963833,2006,2012,2012,32233,False,True,False,False,False,False,False,False,False,False,False,True,True
2859,70,176,13500000,n2n,,0.3287872004,2006,2013,2016,32727,False,True,False,False,False,False,False,False,False,False,False,True,True
2860,70,176,14800000,n2n,,0.3161800989,2006,2013,2016,32727,False,True,False,False,False,False,False,False,False,False,False,True,True
2861,70,176,14770000,n2n,,0.3508370184,2006,2022,2022,33175,False,True,False,False,False,False,False,False,False,False,False,True,True
2862,70,176,14600000,np,,-2.841637508,2006,2014,2014,23221,False,False,True,False,False,False,False,False,False,False,False,True,True
2863,70,176,14800000,np,,-2.207608311,2006,2013,2016,32727,False,False,True,False,False,False,False,False,False,False,False,True,True
2864,71,175,14347822.13,n2n,,0.2766915288,2006,2007,2008,31609,False,True,False,False,False,False,False,False,False,False,False,True,True
2865,71,175,14092617.23,n2n,,0.2412973871,2006,2010,2008,32219,False,True,False,False,False,False,False,False,False,False,False,True,True
2866,71,175,14052383.39,n2n,,0.3028069627,2006,2011,2012,32696,False,True,False,False,False,False,False,False,False,False,False,True,True
2867,71,175,14800000,n2n,,0.2922560714,2006,2011,2012,32696,False,True,False,False,False,False,False,False,False,False,False,True,True
2868,71,175,14298601.33,n2n,,0.3093107158,2006,2018,2019,32773,False,True,False,False,False,False,False,False,False,False,False,True,True
2869,71,175,14700000,n2n,,0.2960066693,2006,2018,2019,32773,False,True,False,False,False,False,False,False,False,False,False,True,True
2870,71,175,14398611.04,na,,-2.903089987,2006,2010,2008,32219,False,False,False,True,False,False,False,False,False,False,False,True,True
2871,71,175,14600000,na,,-2.63638802,2006,2024,2025,32254,False,False,False,True,False,False,False,False,False,False,False,True,True
2872,71,175,14800000,na,,-2.948461609,2006,2011,2011,32690,False,False,False,True,False,False,False,False,False,False,False,True,True
2873,71,175,14298601.33,na,,-2.869666232,2006,2018,2019,32773,False,False,False,True,False,False,False,False,False,False,False,True,True
2874,71,175,14700000,na,,-2.823908741,2006,2018,2019,32773,False,False,False,True,False,False,False,False,False,False,False,True,True
2875,71,175,14620000,na,,-2.970616222,2006,2024,2025,32934,False,False,False,True,False,False,False,False,False,False,False,True,True
2876,71,175,14860000,na,,-2.935542011,2006,2024,2025,32934,False,False,False,True,False,False,False,False,False,False,False,True,True
2877,71,175,14092617.23,np,,-1.949491354,2006,2010,2008,32219,False,False,True,False,False,False,False,False,False,False,False,True,True
2878,71,175,14600000,np,,-2.180456064,2006,2024,2025,32254,False,False,True,False,False,False,False,False,False,False,False,True,True
2879,71,175,13796738.75,np,,-2.161150909,2006,2011,2011,32690,False,False,True,False,False,False,False,False,False,False,False,True,True
2880,71,175,14800000,np,,-2.086186148,2006,2011,2011,32690,False,False,True,False,False,False,False,False,False,False,False,True,True
2881,71,175,14298601.33,np,,-2.431798276,2006,2018,2019,32773,False,False,True,False,False,False,False,False,False,False,False,True,True
2882,71,175,14700000,np,,-2.420216403,2006,2018,2019,32773,False,False,True,False,False,False,False,False,False,False,False,True,True
2883,71,175,14066788.7,np,,-2.466821298,2006,2024,2025,32934,False,False,True,False,False,False,False,False,False,False,False,True,True
2884,71,175,14860000,np,,-2.366531544,2006,2024,2025,32934,False,False,True,False,False,False,False,False,False,False,False,True,True
2885,71,176,1032.348708,capture,,1.203350238,2006,2016,2009,14244,True,False,False,False,False,False,False,True,False,False,False,False,False
2886,71,176,1158.14844,capture,,1.12848543,2006,2016,2009,14244,True,False,False,False,False,False,False,True,False,False,False,False,False
2887,71,176,1279.316682,capture,,1.159431831,2006,2016,2009,14244,True,False,False,False,False,False,False,True,False,False,False,False,False
2888,71,176,1413.160364,capture,,1.121866117,2006,2016,2009,14244,True,False,False,False,False,False,False,True,False,False,False,False,False
2889,71,176,1561.005924,capture,,1.020754787,2006,2016,2009,14244,True,False,False,False,False,False,False,True,False,False,False,False,False
2890,71,176,1719.375124,capture,,1.044761816,2006,2016,2009,14244,True,False,False,False,False,False,False,True,False,False,False,False,False
2891,71,176,1904.722773,capture,,1.002446858,2006,2016,2009,14244,True,False,False,False,False,False,False,True,False,False,False,False,False
2892,71,176,2103.998814,capture,,0.9572879529,2006,2016,2009,14244,True,False,False,False,False,False,False,True,False,False,False,False,False
2893,71,176,2324.124759,capture,,0.7787660655,2006,2016,2009,14244,True,False,False,False,False,False,False,True,False,False,False,False,False
2894,71,176,2563.267359,capture,,0.7171432613,2006,2016,2009,14244,True,False,False,False,False,False,False,True,False,False,False,False,False
2895,71,176,2835.878418,capture,,0.6972293428,2006,2016,2009,14244,True,False,False,False,False,False,False,True,False,False,False,False,False
2896,71,176,3132.572258,capture,,0.787271507,2006,2016,2009,14244,True,False,False,False,False,False,False,True,False,False,False,False,False
2897,71,176,3460.309813,capture,,0.7280695712,2006,2016,2009,14244,True,False,False,False,False,False,False,True,False,False,False,False,False
2898,71,176,3822.331464,capture,,0.7378814525,2006,2016,2009,14244,True,False,False,False,False,False,False,True,False,False,False,False,False
2899,71,176,4222.233909,capture,,0.5927872283,2006,2016,2009,14244,True,False,False,False,False,False,False,True,False,False,False,False,False
2900,71,176,4663.973574,capture,,0.5965604448,2006,2016,2009,14244,True,False,False,False,False,False,False,True,False,False,False,False,False
2901,71,176,5151.924761,capture,,0.7675639853,2006,2016,2009,14244,True,False,False,False,False,False,False,True,False,False,False,False,False
2902,71,176,5690.934556,capture,,0.4816336951,2006,2016,2009,14244,True,False,False,False,False,False,False,True,False,False,False,False,False
2903,71,176,6286.33516,capture,,0.635282638,2006,2016,2009,14244,True,False,False,False,False,False,False,True,False,False,False,False,False
2904,71,176,6944.022717,capture,,0.5869621812,2006,2016,2009,14244,True,False,False,False,False,False,False,True,False,False,False,False,False
2905,71,176,7670.521018,capture,,0.5339626081,2006,2016,2009,14244,True,False,False,False,False,False,False,True,False,False,False,False,False
2906,71,176,8473.021951,capture,,0.3526326642,2006,2016,2009,14244,True,False,False,False,False,False,False,True,False,False,False,False,False
2907,71,176,9359.491537,capture,,0.3443922737,2006,2016,2009,14244,True,False,False,False,False,False,False,True,False,False,False,False,False
2908,71,176,10338.70322,capture,,0.4075608495,2006,2016,2009,14244,True,False,False,False,False,False,False,False,True,False,False,False,False
2909,71,176,11420.33824,capture,,0.5645477118,2006,2016,2009,14244,True,False,False,False,False,False,False,False,True,False,False,False,False
2910,71,176,12615.17058,capture,,0.2758486103,2006,2016,2009,14244,True,False,False,False,False,False,False,False,True,False,False,False,False
2911,71,176,13934.99021,capture,,0.4352868122,2006,2016,2009,14244,True,False,False,False,False,False,False,False,True,False,False,False,False
2912,71,176,15392.90459,capture,,0.2971766838,2006,2016,2009,14244,True,False,False,False,False,False,False,False,True,False,False,False,False
2913,71,176,17003.33292,capture,,0.3073890557,2006,2016,2009,14244,True,False,False,False,False,False,False,False,True,False,False,False,False
2914,71,176,18782.28092,capture,,0.3188977146,2006,2016,2009,14244,True,False,False,False,False,False,False,False,True,False,False,False,False
2915,71,176,21164.32249,capture,,0.3211149216,2006,2016,2009,14244,True,False,False,False,False,False,False,False,True,False,False,False,False
2916,71,176,23378.62107,capture,,-0.05799194698,2006,2016,2009,14244,True,False,False,False,False,False,False,False,True,False,False,False,False
2917,71,176,25824.52885,capture,,0.06358352859,2006,2016,2009,14244,True,False,False,False,False,False,False,False,True,False,False,False,False
2918,71,176,28526.35169,capture,,-0.1706962272,2006,2016,2009,14244,True,False,False,False,False,False,False,False,True,False,False,False,False
2919,71,176,31510.82533,capture,,0.3440646279,2006,2016,2009,14244,True,False,False,False,False,False,False,False,True,False,False,False,False
2920,71,176,34807.55703,capture,,-0.004364805402,2006,2016,2009,14244,True,False,False,False,False,False,False,False,True,False,False,False,False
2921,71,176,38449.19383,capture,,0.0007232216191,2006,2016,2009,14244,True,False,False,False,False,False,False,False,True,False,False,False,False
2922,71,176,42471.83999,capture,,-0.1272611725,2006,2016,2009,14244,True,False,False,False,False,False,False,False,True,False,False,False,False
2923,71,176,46915.32277,capture,,0.05968961127,2006,2016,2009,14244,True,False,False,False,False,False,False,False,True,False,False,False,False
2924,71,176,51823.73752,capture,,-0.08618614762,2006,2016,2009,14244,True,False,False,False,False,False,False,False,True,False,False,False,False
2925,71,176,57245.60095,capture,,-0.09945081539,2006,2016,2009,14244,True,False,False,False,False,False,False,False,True,False,False,False,False
2926,71,176,63234.77789,capture,,0.1809855808,2006,2016,2009,14244,True,False,False,False,False,False,False,False,True,False,False,False,False
2927,71,176,69850.54342,capture,,0.004894321731,2006,2016,2009,14244,True,False,False,False,False,False,False,False,True,False,False,False,False
2928,71,176,77158.42083,capture,,0.2607866687,2006,2016,2009,14244,True,False,False,False,False,False,False,False,True,False,False,False,False
2929,71,176,81905.2,capture,,0.1115985249,2006,2016,2009,14244,True,False,False,False,False,False,False,False,True,False,False,False,False
2930,71,176,14600000,na,,-2.795880017,2006,2010,2008,32219,False,False,False,True,False,False,False,False,False,False,False,True,True
2931,71,176,14600000,na,,-2.555955204,2006,2024,2025,32254,False,False,False,True,False,False,False,False,False,False,False,True,True
2932,71,176,14860000,na,,-3,2006,2024,2025,32934,False,False,False,True,False,False,False,False,False,False,False,True,True
2933,72,174,10500000,n2n,,-0.09312646528,2006,2012,2012,23184,False,True,False,False,False,False,False,False,False,False,False,True,True
2934,72,174,11000000,n2n,,0.2100508499,2006,2012,2012,23184,False,True,False,False,False,False,False,False,False,False,False,True,True
2935,72,176,8800000,n2n,,-0.3788237182,2006,2012,2012,23184,False,True,False,False,False,False,False,False,False,False,True,False,True
2936,72,176,9000000,n2n,,-0.1366771399,2006,2012,2012,23184,False,True,False,False,False,False,False,False,False,False,True,False,True
2937,72,176,10246950.77,n2n,,0.09516935143,2006,2012,2012,23184,False,True,False,False,False,False,False,False,False,False,False,True,True
2938,72,176,11000000,n2n,,0.2203696325,2006,2012,2012,23184,False,True,False,False,False,False,False,False,False,False,False,True,True
2939,72,176,13889340.35,n2n,,0.3227360045,2006,2010,2011,32686,False,True,False,False,False,False,False,False,False,False,False,True,True
2940,72,176,14744897.42,n2n,,0.3290926472,2006,2010,2011,32686,False,True,False,False,False,False,False,False,False,False,False,True,True
2941,72,180,450000,capture,,-1.441291429,2006,2012,2012,32707,True,False,False,False,False,False,False,False,False,True,False,False,True
2942,72,180,1020000,capture,,-1.358525889,2006,2012,2012,32707,True,False,False,False,False,False,False,False,False,False,True,False,True
2943,72,180,1940000,capture,,-1.514278574,2006,2012,2012,32707,True,False,False,False,False,False,False,False,False,False,True,False,True
2944,72,180,2980000,capture,,-1.714442691,2006,2012,2012,32707,True,False,False,False,False,False,False,False,False,False,True,False,True
2945,72,180,13796738.75,np,,-2.874518734,2006,2021,2021,32851,False,False,True,False,False,False,False,False,False,False,False,True,True
2946,72,180,14800000,np,,-2.725842151,2006,2021,2021,32851,False,False,True,False,False,False,False,False,False,False,False,True,True
2947,73,181,23495,capture,,-0.02826040911,2006,2017,2017,14473,True,False,False,False,False,False,False,False,True,False,False,False,False
2948,73,181,81337,capture,,-0.3535962738,2006,2017,2017,14473,True,False,False,False,False,False,False,False,True,False,False,False,False
2949,73,181,127755,capture,,-0.4609239012,2006,2017,2017,14473,True,False,False,False,False,False,False,False,False,True,False,False,True
2950,73,181,136580,capture,,-0.468521083,2006,2017,2017,14473,True,False,False,False,False,False,False,False,False,True,False,False,True
2951,73,181,167550,capture,,-0.505845406,2006,2017,2017,14473,True,False,False,False,False,False,False,False,False,True,False,False,True
2952,73,181,183035,capture,,-0.5243288117,2006,2017,2017,14473,True,False,False,False,False,False,False,False,False,True,False,False,True
2953,73,181,219155,capture,,-0.5833594927,2006,2017,2017,14473,True,False,False,False,False,False,False,False,False,True,False,False,True
2954,73,181,272385,capture,,-0.616184634,2006,2017,2017,14473,True,False,False,False,False,False,False,False,False,True,False,False,True
2955,73,181,306225,capture,,-0.6497519817,2006,2017,2017,14473,True,False,False,False,False,False,False,False,False,True,False,False,True
2956,73,181,352150,capture,,-0.6882461389,2006,2017,2017,14473,True,False,False,False,False,False,False,False,False,True,False,False,True
2957,73,181,375600,capture,,-0.721246399,2006,2017,2017,14473,True,False,False,False,False,False,False,False,False,True,False,False,True
2958,73,181,467475,capture,,-0.7423214251,2006,2017,2017,14473,True,False,False,False,False,False,False,False,False,True,False,False,True
2959,73,181,555790,capture,,-0.7304870558,2006,2017,2017,14473,True,False,False,False,False,False,False,False,False,True,False,False,True
2960,73,181,642065,capture,,-0.7878123956,2006,2017,2017,14473,True,False,False,False,False,False,False,False,False,True,False,False,True
2961,73,181,699525,capture,,-0.8153085692,2006,2017,2017,14473,True,False,False,False,False,False,False,False,False,True,False,False,True
2962,73,181,949095,capture,,-0.8664610916,2006,2017,2017,14473,True,False,False,False,False,False,False,False,False,True,False,False,True
2963,73,181,1180200,capture,,-0.9665762445,2006,2017,2017,14473,True,False,False,False,False,False,False,False,False,False,True,False,True
2964,73,181,14780000,n2n,,0.2624510897,2006,2020,2020,33142,False,True,False,False,False,False,False,False,False,False,False,True,True
2965,73,181,14027285.22,np,,-2.499397649,2006,2009,2009,14235,False,False,True,False,False,False,False,False,False,False,False,True,True
2966,73,181,14700000,np,,-2.346787486,2006,2009,2009,14235,False,False,True,False,False,False,False,False,False,False,False,True,True
2967,73,181,14010000,np,,-2.583359493,2006,2007,2008,22877,False,False,True,False,False,False,False,False,False,False,False,True,True
2968,73,181,15600000,np,,-2.341035157,2006,2007,2008,22877,False,False,True,False,False,False,False,False,False,False,False,True,True
2969,73,181,18692291.9,np,,-2.175440305,2006,2007,2008,22877,False,False,True,False,False,False,False,False,False,False,False,True,True
2970,73,181,13967665.97,np,,-2.601596991,2006,2016,2016,41614,False,False,True,False,False,False,False,False,False,False,False,True,True
2971,73,181,14759834.01,np,,-2.436103804,2006,2016,2016,41614,False,False,True,False,False,False,False,False,False,False,False,True,True
2972,73,181,400199.9917,total,,0.8332746393,2006,2019,2019,14576,False,False,False,False,True,False,False,False,False,True,False,False,True
2973,73,181,420753.4013,total,,0.839771971,2006,2019,2019,14576,False,False,False,False,True,False,False,False,False,True,False,False,True
2974,73,181,464935.8695,total,,0.8363177848,2006,2019,2019,14576,False,False,False,False,True,False,False,False,False,True,False,False,True
2975,73,181,513760.7032,total,,0.8343183479,2006,2019,2019,14576,False,False,False,False,True,False,False,False,False,True,False,False,True
2976,73,181,567757.4869,total,,0.8318834647,2006,2019,2019,14576,False,False,False,False,True,False,False,False,False,True,False,False,True
2977,73,181,627530.8606,total,,0.8324973004,2006,2019,2019,14576,False,False,False,False,True,False,False,False,False,True,False,False,True
2978,73,181,693672.4664,total,,0.8336156263,2006,2019,2019,14576,False,False,False,False,True,False,False,False,False,True,False,False,True
2979,73,181,766520.5527,total,,0.8350766069,2006,2019,2019,14576,False,False,False,False,True,False,False,False,False,True,False,False,True
2980,73,181,847159.565,total,,0.8359925216,2006,2019,2019,14576,False,False,False,False,True,False,False,False,False,True,False,False,True
2981,73,181,936384.1154,total,,0.8369391013,2006,2019,2019,14576,False,False,False,False,True,False,False,False,False,True,False,False,True
2982,73,181,1034879.82,total,,0.8388014569,2006,2019,2019,14576,False,False,False,False,True,False,False,False,False,False,True,False,True
2983,73,181,1143518.219,total,,0.84023279,2006,2019,2019,14576,False,False,False,False,True,False,False,False,False,False,True,False,True
2984,73,181,1263921.094,total,,0.8443553576,2006,2019,2019,14576,False,False,False,False,True,False,False,False,False,False,True,False,True
2985,73,181,1396656.799,total,,0.8459385691,2006,2019,2019,14576,False,False,False,False,True,False,False,False,False,False,True,False,True
2986,73,181,1543406.233,total,,0.8503207614,2006,2019,2019,14576,False,False,False,False,True,False,False,False,False,False,True,False,True
2987,73,181,1706062.252,total,,0.8527267462,2006,2019,2019,14576,False,False,False,False,True,False,False,False,False,False,True,False,True
2988,73,181,1885100.995,total,,0.8567082646,2006,2019,2019,14576,False,False,False,False,True,False,False,False,False,False,True,False,True
2989,73,181,2083766.096,total,,0.8579651894,2006,2019,2019,14576,False,False,False,False,True,False,False,False,False,False,True,False,True
2990,73,181,2303168.934,total,,0.8576608645,2006,2019,2019,14576,False,False,False,False,True,False,False,False,False,False,True,False,True
2991,73,181,2544709.435,total,,0.8534073596,2006,2019,2019,14576,False,False,False,False,True,False,False,False,False,False,True,False,True
2992,73,181,2811691.946,total,,0.8477471043,2006,2019,2019,14576,False,False,False,False,True,False,False,False,False,False,True,False,True
2993,73,181,3107278.362,total,,0.839977615,2006,2019,2019,14576,False,False,False,False,True,False,False,False,False,False,True,False,True
2994,73,181,3435103.857,total,,0.8269341462,2006,2019,2019,14576,False,False,False,False,True,False,False,False,False,False,True,False,True
2995,73,181,3796275.872,total,,0.8143176749,2006,2019,2019,14576,False,False,False,False,True,False,False,False,False,False,True,False,True
2996,73,181,4194811.571,total,,0.7988545948,2006,2019,2019,14576,False,False,False,False,True,False,False,False,False,False,True,False,True
2997,73,181,4637381.628,total,,0.7828260314,2006,2019,2019,14576,False,False,False,False,True,False,False,False,False,False,True,False,True
2998,73,181,5125585.362,total,,0.7668760698,2006,2019,2019,14576,False,False,False,False,True,False,False,False,False,False,True,False,True
2999,73,181,5662302.151,total,,0.7486654554,2006,2019,2019,14576,False,False,False,False,True,False,False,False,False,False,True,False,True
3000,73,181,6256893.196,total,,0.7345447055,2006,2019,2019,14576,False,False,False,False,True,False,False,False,False,False,True,False,True
3001,73,181,6918144.802,total,,0.7200919657,2006,2019,2019,14576,False,False,False,False,True,False,False,False,False,False,True,False,True
3002,73,181,7647874.409,total,,0.7123482634,2006,2019,2019,14576,False,False,False,False,True,False,False,False,False,False,True,False,True
3003,73,181,8450635.949,total,,0.7070002539,2006,2019,2019,14576,False,False,False,False,True,False,False,False,False,False,True,False,True
3004,73,181,9336228.321,total,,0.706184478,2006,2019,2019,14576,False,False,False,False,True,False,False,False,False,False,True,False,True
3005,73,181,10317494.11,total,,0.710964326,2006,2019,2019,14576,False,False,False,False,True,False,False,False,False,False,False,True,True
3006,73,181,11403169.23,total,,0.7157906999,2006,2019,2019,14576,False,False,False,False,True,False,False,False,False,False,False,True,True
3007,73,181,12600456.8,total,,0.7219126332,2006,2019,2019,14576,False,False,False,False,True,False,False,False,False,False,False,True,True
3008,73,181,13927335.01,total,,0.7264011621,2006,2019,2019,14576,False,False,False,False,True,False,False,False,False,False,False,True,True
3009,73,181,15395837.2,total,,0.7310229644,2006,2019,2019,14576,False,False,False,False,True,False,False,False,False,False,False,True,True
3010,73,181,17018495.35,total,,0.7320331875,2006,2019,2019,14576,False,False,False,False,True,False,False,False,False,False,False,True,True
3011,73,181,18802067.52,total,,0.7200360128,2006,2019,2019,14576,False,False,False,False,True,False,False,False,False,False,False,True,True
3012,73,181,19889882.69,total,,0.7294347894,2006,2019,2019,14576,False,False,False,False,True,False,False,False,False,False,False,True,True
3013,73,181,400199.9917,total,,0.8391007827,2006,2019,2019,14576,False,False,False,False,True,False,False,False,False,True,False,False,True
3014,73,181,420753.4013,total,,0.8419928849,2006,2019,2019,14576,False,False,False,False,True,False,False,False,False,True,False,False,True
3015,73,181,464935.8695,total,,0.8387380711,2006,2019,2019,14576,False,False,False,False,True,False,False,False,False,True,False,False,True
3016,73,181,513760.7032,total,,0.8355546917,2006,2019,2019,14576,False,False,False,False,True,False,False,False,False,True,False,False,True
3017,73,181,567757.4869,total,,0.8329363324,2006,2019,2019,14576,False,False,False,False,True,False,False,False,False,True,False,False,True
3018,73,181,627530.8606,total,,0.832917379,2006,2019,2019,14576,False,False,False,False,True,False,False,False,False,True,False,False,True
3019,73,181,693672.4664,total,,0.8352989954,2006,2019,2019,14576,False,False,False,False,True,False,False,False,False,True,False,False,True
3020,73,181,766520.5527,total,,0.8355849731,2006,2019,2019,14576,False,False,False,False,True,False,False,False,False,True,False,False,True
3021,73,181,847159.565,total,,0.8367906989,2006,2019,2019,14576,False,False,False,False,True,False,False,False,False,True,False,False,True
3022,73,181,936384.1154,total,,0.8379180219,2006,2019,2019,14576,False,False,False,False,True,False,False,False,False,True,False,False,True
3023,73,181,1034879.82,total,,0.8393220264,2006,2019,2019,14576,False,False,False,False,True,False,False,False,False,False,True,False,True
3024,73,181,1143518.219,total,,0.8412578431,2006,2019,2019,14576,False,False,False,False,True,False,False,False,False,False,True,False,True
3025,73,181,1263921.094,total,,0.8440146393,2006,2019,2019,14576,False,False,False,False,True,False,False,False,False,False,True,False,True
3026,73,181,1396656.799,total,,0.8471010819,2006,2019,2019,14576,False,False,False,False,True,False,False,False,False,False,True,False,True
3027,73,181,1543406.233,total,,0.8506455657,2006,2019,2019,14576,False,False,False,False,True,False,False,False,False,False,True,False,True
3028,73,181,1706062.252,total,,0.8537484253,2006,2019,2019,14576,False,False,False,False,True,False,False,False,False,False,True,False,True
3029,73,181,1885100.995,total,,0.8566198574,2006,2019,2019,14576,False,False,False,False,True,False,False,False,False,False,True,False,True
3030,73,181,2083766.096,total,,0.8579931939,2006,2019,2019,14576,False,False,False,False,True,False,False,False,False,False,True,False,True
3031,73,181,2303168.934,total,,0.8575174886,2006,2019,2019,14576,False,False,False,False,True,False,False,False,False,False,True,False,True
3032,73,181,2544709.435,total,,0.8538905677,2006,2019,2019,14576,False,False,False,False,True,False,False,False,False,False,True,False,True
3033,73,181,2811691.946,total,,0.8480235874,2006,2019,2019,14576,False,False,False,False,True,False,False,False,False,False,True,False,True
3034,73,181,3107278.362,total,,0.8392707889,2006,2019,2019,14576,False,False,False,False,True,False,False,False,False,False,True,False,True
3035,73,181,3435103.857,total,,0.8294266342,2006,2019,2019,14576,False,False,False,False,True,False,False,False,False,False,True,False,True
3036,73,181,3796275.872,total,,0.8144074293,2006,2019,2019,14576,False,False,False,False,True,False,False,False,False,False,True,False,True
3037,73,181,4194811.571,total,,0.7987240783,2006,2019,2019,14576,False,False,False,False,True,False,False,False,False,False,True,False,True
3038,73,181,4637381.628,total,,0.7839838456,2006,2019,2019,14576,False,False,False,False,True,False,False,False,False,False,True,False,True
3039,73,181,5125585.362,total,,0.767167864,2006,2019,2019,14576,False,False,False,False,True,False,False,False,False,False,True,False,True
3040,73,181,5662302.151,total,,0.7497593335,2006,2019,2019,14576,False,False,False,False,True,False,False,False,False,False,True,False,True
3041,73,181,6256893.196,total,,0.7349366637,2006,2019,2019,14576,False,False,False,False,True,False,False,False,False,False,True,False,True
3042,73,181,6918144.802,total,,0.7199793922,2006,2019,2019,14576,False,False,False,False,True,False,False,False,False,False,True,False,True
3043,73,181,7647874.409,total,,0.7120747091,2006,2019,2019,14576,False,False,False,False,True,False,False,False,False,False,True,False,True
3044,73,181,8450635.949,total,,0.7066324509,2006,2019,2019,14576,False,False,False,False,True,False,False,False,False,False,True,False,True
3045,73,181,9336228.321,total,,0.7073426456,2006,2019,2019,14576,False,False,False,False,True,False,False,False,False,False,True,False,True
3046,73,181,10317494.11,total,,0.710471574,2006,2019,2019,14576,False,False,False,False,True,False,False,False,False,False,False,True,True
3047,73,181,11403169.23,total,,0.7136699666,2006,2019,2019,14576,False,False,False,False,True,False,False,False,False,False,False,True,True
3048,73,181,12600456.8,total,,0.7199675544,2006,2019,2019,14576,False,False,False,False,True,False,False,False,False,False,False,True,True
3049,73,181,13927335.01,total,,0.723584272,2006,2019,2019,14576,False,False,False,False,True,False,False,False,False,False,False,True,True
3050,73,181,15395837.2,total,,0.7291178779,2006,2019,2019,14576,False,False,False,False,True,False,False,False,False,False,False,True,True
3051,73,181,17018495.35,total,,0.7293613061,2006,2019,2019,14576,False,False,False,False,True,False,False,False,False,False,False,True,True
3052,73,181,18802067.52,total,,0.721655465,2006,2019,2019,14576,False,False,False,False,True,False,False,False,False,False,False,True,True
3053,73,181,19889882.69,total,,0.7243851123,2006,2019,2019,14576,False,False,False,False,True,False,False,False,False,False,False,True,True
3054,74,182,8606369.734,n2n,,-0.6546262694,2006,2025,2025,14856,False,True,False,False,False,False,False,False,False,False,True,False,True
3055,74,182,9350000,n2n,,-0.09205147839,2006,2025,2025,14856,False,True,False,False,False,False,False,False,False,False,True,False,True
3056,74,182,10315734.67,n2n,,0.1343896324,2006,2025,2025,14856,False,True,False,False,False,False,False,False,False,False,False,True,True
3057,74,182,11542400.1,n2n,,0.2467447097,2006,2025,2025,14856,False,True,False,False,False,False,False,False,False,False,False,True,True
3058,74,182,12517503.74,n2n,,0.2963360546,2006,2025,2025,14856,False,True,False,False,False,False,False,False,False,False,False,True,True
3059,74,182,14700000,n2n,,0.3479151865,2006,2025,2025,14856,False,True,False,False,False,False,False,False,False,False,False,True,True
3060,74,182,13942740.05,n2n,,0.3133398439,2006,2022,2024,32874,False,True,False,False,False,False,False,False,False,False,False,True,True
3061,74,182,14800000,n2n,,0.3358589113,2006,2022,2024,32874,False,True,False,False,False,False,False,False,False,False,False,True,True
3062,74,182,15591985.12,np,,-2.232102384,2006,2007,2008,22877,False,False,True,False,False,False,False,False,False,False,False,True,True
3063,74,182,18000000,np,,-1.950781977,2006,2007,2008,22877,False,False,True,False,False,False,False,False,False,False,False,True,True
3064,74,182,13994964.18,np,,-2.39218768,2006,2022,2024,32874,False,False,True,False,False,False,False,False,False,False,False,True,True
3065,74,182,14800000,np,,-2.257274869,2006,2022,2024,32874,False,False,True,False,False,False,False,False,False,False,False,True,True
3066,74,182,14063717.81,np,,-2.383997374,2006,2016,2016,41614,False,False,True,False,False,False,False,False,False,False,False,True,True
3067,74,182,14749833.9,np,,-2.254417787,2006,2016,2016,41614,False,False,True,False,False,False,False,False,False,False,False,True,True
3068,74,183,13800000,np,,-2.478861916,2006,2007,2008,22877,False,False,True,False,False,False,False,False,False,False,False,True,True
3069,74,183,15349267.08,np,,-2.237321436,2006,2007,2008,22877,False,False,True,False,False,False,False,False,False,False,False,True,True
3070,74,183,17600000,np,,-2.092588639,2006,2007,2008,22877,False,False,True,False,False,False,False,False,False,False,False,True,True
3071,74,183,18493242.01,np,,-2.019088062,2006,2007,2008,22877,False,False,True,False,False,False,False,False,False,False,False,True,True
3072,74,183,13994964.18,np,,-2.531160551,2006,2023,2025,32904,False,False,True,False,False,False,False,False,False,False,False,True,True
3073,74,183,14800000,np,,-2.32330639,2006,2023,2025,32904,False,False,True,False,False,False,False,False,False,False,False,True,True
3074,74,183,14063717.81,np,,-2.314258261,2006,2016,2016,41614,False,False,True,False,False,False,False,False,False,False,False,True,True
3075,74,183,14749833.9,np,,-2.153353671,2006,2016,2016,41614,False,False,True,False,False,False,False,False,False,False,False,True,True
3076,74,184,15436320.81,np,,-2.326518303,2006,2007,2008,22877,False,False,True,False,False,False,False,False,False,False,False,True,True
3077,74,184,17000000,np,,-2.139661993,2006,2007,2008,22877,False,False,True,False,False,False,False,False,False,False,False,True,True
3078,74,184,18758342.95,np,,-2.039212219,2006,2007,2008,22877,False,False,True,False,False,False,False,False,False,False,False,True,True
3079,74,184,13994964.18,np,,-2.718966633,2006,2022,2024,32874,False,False,True,False,False,False,False,False,False,False,False,True,True
3080,74,184,14800000,np,,-2.514278574,2006,2022,2024,32874,False,False,True,False,False,False,False,False,False,False,False,True,True
3081,74,184,13962433.96,np,,-2.69429045,2006,2016,2016,41614,False,False,True,False,False,False,False,False,False,False,False,True,True
3082,74,184,14759783.2,np,,-2.504455662,2006,2016,2016,41614,False,False,True,False,False,False,False,False,False,False,False,True,True
3083,74,186,1638000,capture,,-1.5127702,2006,2007,2007,31593,True,False,False,False,False,False,False,False,False,False,True,False,True
3084,74,186,2043000,capture,,-1.521859308,2006,2007,2007,31593,True,False,False,False,False,False,False,False,False,False,True,False,True
3085,74,186,2245000,capture,,-1.496109712,2006,2007,2007,31593,True,False,False,False,False,False,False,False,False,False,True,False,True
3086,74,186,3200000,capture,,-1.860120914,2006,2012,2011,33038,True,False,False,False,False,False,False,False,False,False,True,False,True
3087,74,186,13930841.4,n2n,,0.2835273649,2006,2016,2016,41614,False,True,False,False,False,False,False,False,False,False,False,True,True
3088,74,186,14749833.9,n2n,,0.3055663135,2006,2016,2016,41614,False,True,False,False,False,False,False,False,False,False,False,True,True
3089,74,186,16300000,np,,-2.588380294,2006,2007,2008,22877,False,False,True,False,False,False,False,False,False,False,False,True,True
3090,74,186,18686893.8,np,,-2.282329497,2006,2007,2008,22877,False,False,True,False,False,False,False,False,False,False,False,True,True
3091,74,186,14400000,np,,-2.853871964,2006,2019,2020,32797,False,False,True,False,False,False,False,False,False,False,False,True,True
3092,74,186,14160781.12,np,,-2.868862726,2006,2016,2016,41614,False,False,True,False,False,False,False,False,False,False,False,True,True
3093,74,186,14744809.26,np,,-2.721246399,2006,2016,2016,41614,False,False,True,False,False,False,False,False,False,False,False,True,True
3094,75,185,24000,capture,,0.03342375549,2006,2011,2011,31713,True,False,False,False,False,False,False,False,True,False,False,False,False
3095,75,185,54000,capture,,-0.1837587,2006,2011,2011,31713,True,False,False,False,False,False,False,False,True,False,False,False,False
3096,75,185,59000,capture,,-0.2153827074,2006,2011,2011,31713,True,False,False,False,False,False,False,False,True,False,False,False,False
3097,75,185,133000,capture,,-0.3788237182,2006,2011,2011,31713,True,False,False,False,False,False,False,False,False,True,False,False,True
3098,75,185,148000,capture,,-0.2932822177,2006,2011,2011,31713,True,False,False,False,False,False,False,False,False,True,False,False,True
3099,75,185,1044.652998,capture,,1.04857881,2006,2024,2025,32929,True,False,False,False,False,False,False,True,False,False,False,False,False
3100,75,185,1151.453607,capture,,1.103381806,2006,2024,2025,32929,True,False,False,False,False,False,False,True,False,False,False,False,False
3101,75,185,1269.665242,capture,,1.049839259,2006,2024,2025,32929,True,False,False,False,False,False,False,True,False,False,False,False,False
3102,75,185,1399.356788,capture,,1.078279439,2006,2024,2025,32929,True,False,False,False,False,False,False,True,False,False,False,False,False
3103,75,185,1561.212346,capture,,0.9807616105,2006,2024,2025,32929,True,False,False,False,False,False,False,True,False,False,False,False,False
3104,75,185,1722.002037,capture,,0.8668050816,2006,2024,2025,32929,True,False,False,False,False,False,False,True,False,False,False,False,False
3105,75,185,1899.157446,capture,,0.867522169,2006,2024,2025,32929,True,False,False,False,False,False,False,True,False,False,False,False,False
3106,75,185,2089.365794,capture,,0.9414775176,2006,2024,2025,32929,True,False,False,False,False,False,False,True,False,False,False,False,False
3107,75,185,2304.956272,capture,,0.9749632531,2006,2024,2025,32929,True,False,False,False,False,False,False,True,False,False,False,False,False
3108,75,185,2566.82114,capture,,0.96867661,2006,2024,2025,32929,True,False,False,False,False,False,False,True,False,False,False,False,False
3109,75,185,2829.204692,capture,,0.8939142653,2006,2024,2025,32929,True,False,False,False,False,False,False,True,False,False,False,False,False
3110,75,185,3120.518639,capture,,0.8552028596,2006,2024,2025,32929,True,False,False,False,False,False,False,True,False,False,False,False,False
3111,75,185,3476.381856,capture,,0.8243906272,2006,2024,2025,32929,True,False,False,False,False,False,False,True,False,False,False,False,False
3112,75,185,3831.376381,capture,,0.811418149,2006,2024,2025,32929,True,False,False,False,False,False,False,True,False,False,False,False,False
3113,75,185,4221.951508,capture,,0.8048454559,2006,2024,2025,32929,True,False,False,False,False,False,False,True,False,False,False,False,False
3114,75,185,4707.875708,capture,,0.7434387353,2006,2024,2025,32929,True,False,False,False,False,False,False,True,False,False,False,False,False
3115,75,185,5185.961517,capture,,0.7478548109,2006,2024,2025,32929,True,False,False,False,False,False,False,True,False,False,False,False,False
3116,75,185,5719.398518,capture,,0.690248015,2006,2024,2025,32929,True,False,False,False,False,False,False,True,False,False,False,False,False
3117,75,185,6303.165515,capture,,0.6115124807,2006,2024,2025,32929,True,False,False,False,False,False,False,True,False,False,False,False,False
3118,75,185,6948.67607,capture,,0.6189876673,2006,2024,2025,32929,True,False,False,False,False,False,False,True,False,False,False,False,False
3119,75,185,7740.397139,capture,,0.6181803533,2006,2024,2025,32929,True,False,False,False,False,False,False,True,False,False,False,False,False
3120,75,185,8532.519697,capture,,0.5227760225,2006,2024,2025,32929,True,False,False,False,False,False,False,True,False,False,False,False,False
3121,75,185,9405.619887,capture,,0.4916515937,2006,2024,2025,32929,True,False,False,False,False,False,False,True,False,False,False,False,False
3122,75,185,10040,capture,,0.4801435373,2006,2024,2025,32929,True,False,False,False,False,False,False,False,True,False,False,False,False
3123,75,185,14052383.39,n2n,,0.3471738364,2006,2011,2012,32696,False,True,False,False,False,False,False,False,False,False,False,True,True
3124,75,185,14800000,n2n,,0.3372595398,2006,2011,2012,32696,False,True,False,False,False,False,False,False,False,False,False,True,True
3125,75,185,14740000,n2n,,0.2659963705,2006,2016,2016,41614,False,True,False,False,False,False,False,False,False,False,False,True,True
3126,75,185,14480000,na,,-2.853871964,2006,2016,2016,41614,False,False,False,True,False,False,False,False,False,False,False,True,True
3127,75,187,24000,capture,,-0.09582563172,2006,2011,2011,31713,True,False,False,False,False,False,False,False,True,False,False,False,False
3128,75,187,54000,capture,,-0.3334820194,2006,2011,2011,31713,True,False,False,False,False,False,False,False,True,False,False,False,False
3129,75,187,59000,capture,,-0.3716110699,2006,2011,2011,31713,True,False,False,False,False,False,False,False,True,False,False,False,False
3130,75,187,133000,capture,,-0.4023048141,2006,2011,2011,31713,True,False,False,False,False,False,False,False,False,True,False,False,True
3131,75,187,148000,capture,,-0.448550002,2006,2011,2011,31713,True,False,False,False,False,False,False,False,False,True,False,False,True
3132,75,187,1044.652998,capture,,1.334018535,2006,2024,2025,32929,True,False,False,False,False,False,False,True,False,False,False,False,False
3133,75,187,1151.453607,capture,,1.195638444,2006,2024,2025,32929,True,False,False,False,False,False,False,True,False,False,False,False,False
3134,75,187,1269.665242,capture,,1.135728562,2006,2024,2025,32929,True,False,False,False,False,False,False,True,False,False,False,False,False
3135,75,187,1399.356788,capture,,1.285151943,2006,2024,2025,32929,True,False,False,False,False,False,False,True,False,False,False,False,False
3136,75,187,1561.212346,capture,,1.106781843,2006,2024,2025,32929,True,False,False,False,False,False,False,True,False,False,False,False,False
3137,75,187,1722.002037,capture,,1.085993997,2006,2024,2025,32929,True,False,False,False,False,False,False,True,False,False,False,False,False
3138,75,187,1899.157446,capture,,1.090562623,2006,2024,2025,32929,True,False,False,False,False,False,False,True,False,False,False,False,False
3139,75,187,2089.365794,capture,,1.050347657,2006,2024,2025,32929,True,False,False,False,False,False,False,True,False,False,False,False,False
3140,75,187,2304.956272,capture,,1.003621295,2006,2024,2025,32929,True,False,False,False,False,False,False,True,False,False,False,False,False
3141,75,187,2566.82114,capture,,1.090663299,2006,2024,2025,32929,True,False,False,False,False,False,False,True,False,False,False,False,False
3142,75,187,2829.204692,capture,,1.022971827,2006,2024,2025,32929,True,False,False,False,False,False,False,True,False,False,False,False,False
3143,75,187,3120.518639,capture,,0.9496275837,2006,2024,2025,32929,True,False,False,False,False,False,False,True,False,False,False,False,False
3144,75,187,3476.381856,capture,,0.893613977,2006,2024,2025,32929,True,False,False,False,False,False,False,True,False,False,False,False,False
3145,75,187,3831.376381,capture,,0.9067104419,2006,2024,2025,32929,True,False,False,False,False,False,False,True,False,False,False,False,False
3146,75,187,4221.951508,capture,,0.869210474,2006,2024,2025,32929,True,False,False,False,False,False,False,True,False,False,False,False,False
3147,75,187,4707.875708,capture,,0.7705720591,2006,2024,2025,32929,True,False,False,False,False,False,False,True,False,False,False,False,False
3148,75,187,5185.961517,capture,,0.8441762029,2006,2024,2025,32929,True,False,False,False,False,False,False,True,False,False,False,False,False
3149,75,187,5719.398518,capture,,0.7436632301,2006,2024,2025,32929,True,False,False,False,False,False,False,True,False,False,False,False,False
3150,75,187,6303.165515,capture,,0.7014339202,2006,2024,2025,32929,True,False,False,False,False,False,False,True,False,False,False,False,False
3151,75,187,6948.67607,capture,,0.7099273515,2006,2024,2025,32929,True,False,False,False,False,False,False,True,False,False,False,False,False
3152,75,187,7740.397139,capture,,0.7217028111,2006,2024,2025,32929,True,False,False,False,False,False,False,True,False,False,False,False,False
3153,75,187,8532.519697,capture,,0.509844078,2006,2024,2025,32929,True,False,False,False,False,False,False,True,False,False,False,False,False
3154,75,187,9405.619887,capture,,0.5766642439,2006,2024,2025,32929,True,False,False,False,False,False,False,True,False,False,False,False,False
3155,75,187,10040,capture,,0.5092253793,2006,2024,2025,32929,True,False,False,False,False,False,False,False,True,False,False,False,False
3156,75,187,18100000,na,,-2.815292596,2006,2016,2016,23301,False,False,False,True,False,False,False,False,False,False,False,True,True
3157,75,187,16100000,na,,-2.970616222,2006,2016,2016,23301,False,False,False,True,False,False,False,False,False,False,False,True,True
3158,75,187,16800000,na,,-2.974694135,2006,2016,2016,23301,False,False,False,True,False,False,False,False,False,False,False,True,True
3159,75,187,18300000,na,,-2.818156412,2006,2016,2016,23301,False,False,False,True,False,False,False,False,False,False,False,True,True
3160,75,187,18100000,np,,-2.315894947,2006,2016,2016,23301,False,False,True,False,False,False,False,False,False,False,False,True,True
3161,75,187,18100000,np,,-2.30980392,2006,2020,2021,23723,False,False,True,False,False,False,False,False,False,False,False,True,True
3162,75,187,15390746.11,np,,-2.451815389,2006,2020,2021,23723,False,False,True,False,False,False,False,False,False,False,False,True,True
3163,75,187,17048167.06,np,,-2.341988603,2006,2020,2021,23723,False,False,True,False,False,False,False,False,False,False,False,True,True
3164,75,187,18300000,np,,-2.30980392,2006,2020,2021,23723,False,False,True,False,False,False,False,False,False,False,False,True,True
3165,75,187,13994964.18,np,,-2.600326279,2006,2021,2025,32854,False,False,True,False,False,False,False,False,False,False,False,True,True
3166,75,187,14800000,np,,-2.485452247,2006,2021,2025,32854,False,False,True,False,False,False,False,False,False,False,False,True,True
3167,75,187,14059634.89,np,,-2.504918416,2006,2016,2016,41614,False,False,True,False,False,False,False,False,False,False,False,True,True
3168,75,187,14840000,np,,-2.404503778,2006,2016,2016,41614,False,False,True,False,False,False,False,False,False,False,False,True,True
3169,76,186,2990,capture,,0.2711443179,2006,2010,2008,22796,True,False,False,False,False,False,False,True,False,False,False,False,False
3170,76,186,3355,capture,,0.08884456273,2006,2010,2008,22796,True,False,False,False,False,False,False,True,False,False,False,False,False
3171,76,186,4225,capture,,0.06818586175,2006,2010,2008,22796,True,False,False,False,False,False,False,True,False,False,False,False,False
3172,76,186,4740,capture,,-0.0109953843,2006,2010,2008,22796,True,False,False,False,False,False,False,True,False,False,False,False,False
3173,76,186,5315,capture,,-0.1348960254,2006,2010,2008,22796,True,False,False,False,False,False,False,True,False,False,False,False,False
3174,76,186,5965,capture,,-0.08565684288,2006,2010,2008,22796,True,False,False,False,False,False,False,True,False,False,False,False,False
3175,76,186,6695,capture,,-0.09151498112,2006,2010,2008,22796,True,False,False,False,False,False,False,True,False,False,False,False,False
3176,76,186,7510,capture,,-0.221125528,2006,2010,2008,22796,True,False,False,False,False,False,False,True,False,False,False,False,False
3177,76,186,8425,capture,,-0.1811145854,2006,2010,2008,22796,True,False,False,False,False,False,False,True,False,False,False,False,False
3178,76,186,9455,capture,,-0.1817741064,2006,2010,2008,22796,True,False,False,False,False,False,False,True,False,False,False,False,False
3179,76,186,10600,capture,,-0.2365720064,2006,2010,2008,22796,True,False,False,False,False,False,False,False,True,False,False,False,False
3180,76,186,11900,capture,,-0.276544328,2006,2010,2008,22796,True,False,False,False,False,False,False,False,True,False,False,False,False
3181,76,186,13350,capture,,-0.2388241868,2006,2010,2008,22796,True,False,False,False,False,False,False,False,True,False,False,False,False
3182,76,186,15000,capture,,-0.289036881,2006,2010,2008,22796,True,False,False,False,False,False,False,False,True,False,False,False,False
3183,76,186,16850,capture,,-0.2898826349,2006,2010,2008,22796,True,False,False,False,False,False,False,False,True,False,False,False,False
3184,76,186,18900,capture,,-0.3334820194,2006,2010,2008,22796,True,False,False,False,False,False,False,False,True,False,False,False,False
3185,76,186,21200,capture,,-0.4294570601,2006,2010,2008,22796,True,False,False,False,False,False,False,False,True,False,False,False,False
3186,76,186,23750,capture,,-0.3872161433,2006,2010,2008,22796,True,False,False,False,False,False,False,False,True,False,False,False,False
3187,76,186,26650,capture,,-0.4282911682,2006,2010,2008,22796,True,False,False,False,False,False,False,False,True,False,False,False,False
3188,76,186,29900,capture,,-0.4317982759,2006,2010,2008,22796,True,False,False,False,False,False,False,False,True,False,False,False,False
3189,76,186,33550,capture,,-0.46470588,2006,2010,2008,22796,True,False,False,False,False,False,False,False,True,False,False,False,False
3190,76,186,37650,capture,,-0.4497716469,2006,2010,2008,22796,True,False,False,False,False,False,False,False,True,False,False,False,False
3191,76,186,42250,capture,,-0.4934949676,2006,2010,2008,22796,True,False,False,False,False,False,False,False,True,False,False,False,False
3192,76,186,47400,capture,,-0.5406075122,2006,2010,2008,22796,True,False,False,False,False,False,False,False,True,False,False,False,False
3193,76,186,53150,capture,,-0.5376020021,2006,2010,2008,22796,True,False,False,False,False,False,False,False,True,False,False,False,False
3194,76,186,59650,capture,,-0.5086383062,2006,2010,2008,22796,True,False,False,False,False,False,False,False,True,False,False,False,False
3195,76,186,66950,capture,,-0.5128616245,2006,2010,2008,22796,True,False,False,False,False,False,False,False,True,False,False,False,False
3196,76,186,75100,capture,,-0.5331323796,2006,2010,2008,22796,True,False,False,False,False,False,False,False,True,False,False,False,False
3197,76,186,84250,capture,,-0.5157001607,2006,2010,2008,22796,True,False,False,False,False,False,False,False,True,False,False,False,False
3198,76,186,94550,capture,,-0.5157001607,2006,2010,2008,22796,True,False,False,False,False,False,False,False,True,False,False,False,False
3199,76,186,106000,capture,,-0.507239611,2006,2010,2008,22796,True,False,False,False,False,False,False,False,False,True,False,False,True
3200,76,186,119000,capture,,-0.488116639,2006,2010,2008,22796,True,False,False,False,False,False,False,False,False,True,False,False,True
3201,76,186,133500,capture,,-0.5421181033,2006,2010,2008,22796,True,False,False,False,False,False,False,False,False,True,False,False,True
3202,76,186,149500,capture,,-0.627087997,2006,2010,2008,22796,True,False,False,False,False,False,False,False,False,True,False,False,True
3203,76,186,168000,capture,,-0.7121982701,2006,2010,2008,22796,True,False,False,False,False,False,False,False,False,True,False,False,True
3204,76,186,189000,capture,,-0.714442691,2006,2010,2008,22796,True,False,False,False,False,False,False,False,False,True,False,False,True
3205,76,186,212000,capture,,-0.747146969,2006,2010,2008,22796,True,False,False,False,False,False,False,False,False,True,False,False,True
3206,76,186,237500,capture,,-0.7670038896,2006,2010,2008,22796,True,False,False,False,False,False,False,False,False,True,False,False,True
3207,76,186,266500,capture,,-0.785156152,2006,2010,2008,22796,True,False,False,False,False,False,False,False,False,True,False,False,True
3208,76,186,299000,capture,,-0.801342913,2006,2010,2008,22796,True,False,False,False,False,False,False,False,False,True,False,False,True
3209,76,186,335500,capture,,-0.8153085692,2006,2010,2008,22796,True,False,False,False,False,False,False,False,False,True,False,False,True
3210,76,186,376500,capture,,-0.8210230527,2006,2010,2008,22796,True,False,False,False,False,False,False,False,False,True,False,False,True
3211,76,186,422500,capture,,-0.8386319978,2006,2010,2008,22796,True,False,False,False,False,False,False,False,False,True,False,False,True
3212,76,186,474000,capture,,-0.8297382846,2006,2010,2008,22796,True,False,False,False,False,False,False,False,False,True,False,False,True
3213,76,186,531500,capture,,-0.8326826653,2006,2010,2008,22796,True,False,False,False,False,False,False,False,False,True,False,False,True
3214,76,186,596500,capture,,-0.8181564121,2006,2010,2008,22796,True,False,False,False,False,False,False,False,False,True,False,False,True
3215,76,186,669500,capture,,-0.801342913,2006,2010,2008,22796,True,False,False,False,False,False,False,False,False,True,False,False,True
3216,76,186,751000,capture,,-0.7825160558,2006,2010,2008,22796,True,False,False,False,False,False,False,False,False,True,False,False,True
3217,76,186,842500,capture,,-0.793174124,2006,2010,2008,22796,True,False,False,False,False,False,False,False,False,True,False,False,True
3218,76,186,945500,capture,,-0.7772835289,2006,2010,2008,22796,True,False,False,False,False,False,False,False,False,True,False,False,True
3219,76,186,13500000,n2n,,0.1658376247,2006,2008,2008,31618,False,True,False,False,False,False,False,False,False,False,False,True,True
3220,76,186,14700000,n2n,,0.1199154103,2006,2008,2008,31618,False,True,False,False,False,False,False,False,False,False,False,True,True
3221,76,187,1060,capture,,1.062957834,2006,2010,2008,22796,True,False,False,False,False,False,False,True,False,False,False,False,False
3222,76,187,1190,capture,,1.06807449,2006,2010,2008,22796,True,False,False,False,False,False,False,True,False,False,False,False,False
3223,76,187,1335,capture,,0.9499751778,2006,2010,2008,22796,True,False,False,False,False,False,False,True,False,False,False,False,False
3224,76,187,1495,capture,,0.9218944709,2006,2010,2008,22796,True,False,False,False,False,False,False,True,False,False,False,False,False
3225,76,187,1680,capture,,0.8541845438,2006,2010,2008,22796,True,False,False,False,False,False,False,True,False,False,False,False,False
3226,76,187,1890,capture,,0.892205946,2006,2010,2008,22796,True,False,False,False,False,False,False,True,False,False,False,False,False
3227,76,187,2120,capture,,0.8167714123,2006,2010,2008,22796,True,False,False,False,False,False,False,True,False,False,False,False,False
3228,76,187,2375,capture,,0.8095597146,2006,2010,2008,22796,True,False,False,False,False,False,False,True,False,False,False,False,False
3229,76,187,2665,capture,,0.8289175616,2006,2010,2008,22796,True,False,False,False,False,False,False,True,False,False,False,False,False
3230,76,187,2990,capture,,0.7411515989,2006,2010,2008,22796,True,False,False,False,False,False,False,True,False,False,False,False,False
3231,76,187,3355,capture,,0.8003045776,2006,2010,2008,22796,True,False,False,False,False,False,False,True,False,False,False,False,False
3232,76,187,4225,capture,,0.6814221557,2006,2010,2008,22796,True,False,False,False,False,False,False,True,False,False,False,False,False
3233,76,187,4740,capture,,0.6026025204,2006,2010,2008,22796,True,False,False,False,False,False,False,True,False,False,False,False,False
3234,76,187,5315,capture,,0.53529412,2006,2010,2008,22796,True,False,False,False,False,False,False,True,False,False,False,False,False
3235,76,187,5965,capture,,0.5158738437,2006,2010,2008,22796,True,False,False,False,False,False,False,True,False,False,False,False,False
3236,76,187,6695,capture,,0.4321672694,2006,2010,2008,22796,True,False,False,False,False,False,False,True,False,False,False,False,False
3237,76,187,7510,capture,,0.4348881209,2006,2010,2008,22796,True,False,False,False,False,False,False,True,False,False,False,False,False
3238,76,187,8425,capture,,0.3740147403,2006,2010,2008,22796,True,False,False,False,False,False,False,True,False,False,False,False,False
3239,76,187,9455,capture,,0.3224260524,2006,2010,2008,22796,True,False,False,False,False,False,False,True,False,False,False,False,False
3240,76,187,10600,capture,,0.3226327117,2006,2010,2008,22796,True,False,False,False,False,False,False,False,True,False,False,False,False
3241,76,187,11900,capture,,0.2552725051,2006,2010,2008,22796,True,False,False,False,False,False,False,False,True,False,False,False,False
3242,76,187,13350,capture,,0.2113875529,2006,2010,2008,22796,True,False,False,False,False,False,False,False,True,False,False,False,False
3243,76,187,15000,capture,,0.1931245984,2006,2010,2008,22796,True,False,False,False,False,False,False,False,True,False,False,False,False
3244,76,187,16850,capture,,0.1218879851,2006,2010,2008,22796,True,False,False,False,False,False,False,False,True,False,False,False,False
3245,76,187,18900,capture,,0.1065308538,2006,2010,2008,22796,True,False,False,False,False,False,False,False,True,False,False,False,False
3246,76,187,21200,capture,,0.05766610391,2006,2010,2008,22796,True,False,False,False,False,False,False,False,True,False,False,False,False
3247,76,187,23750,capture,,-0.000434511774,2006,2010,2008,22796,True,False,False,False,False,False,False,False,True,False,False,False,False
3248,76,187,26650,capture,,-0.01727661233,2006,2010,2008,22796,True,False,False,False,False,False,False,False,True,False,False,False,False
3249,76,187,29900,capture,,-0.05601112493,2006,2010,2008,22796,True,False,False,False,False,False,False,False,True,False,False,False,False
3250,76,187,33550,capture,,-0.05551732785,2006,2010,2008,22796,True,False,False,False,False,False,False,False,True,False,False,False,False
3251,76,187,37650,capture,,-0.1203307944,2006,2010,2008,22796,True,False,False,False,False,False,False,False,True,False,False,False,False
3252,76,187,42250,capture,,-0.1307682803,2006,2010,2008,22796,True,False,False,False,False,False,False,False,True,False,False,False,False
3253,76,187,47400,capture,,-0.189767482,2006,2010,2008,22796,True,False,False,False,False,False,False,False,True,False,False,False,False
3254,76,187,53150,capture,,-0.2034256668,2006,2010,2008,22796,True,False,False,False,False,False,False,False,True,False,False,False,False
3255,76,187,59650,capture,,-0.2020403563,2006,2010,2008,22796,True,False,False,False,False,False,False,False,True,False,False,False,False
3256,76,187,66950,capture,,-0.232102384,2006,2010,2008,22796,True,False,False,False,False,False,False,False,True,False,False,False,False
3257,76,187,75100,capture,,-0.2620126737,2006,2010,2008,22796,True,False,False,False,False,False,False,False,True,False,False,False,False
3258,76,187,84250,capture,,-0.3242216583,2006,2010,2008,22796,True,False,False,False,False,False,False,False,True,False,False,False,False
3259,76,187,94550,capture,,-0.3767507096,2006,2010,2008,22796,True,False,False,False,False,False,False,False,True,False,False,False,False
3260,76,187,106000,capture,,-0.368556231,2006,2010,2008,22796,True,False,False,False,False,False,False,False,False,True,False,False,True
3261,76,187,119000,capture,,-0.4190750243,2006,2010,2008,22796,True,False,False,False,False,False,False,False,False,True,False,False,True
3262,76,187,133500,capture,,-0.448550002,2006,2010,2008,22796,True,False,False,False,False,False,False,False,False,True,False,False,True
3263,76,187,149500,capture,,-0.507239611,2006,2010,2008,22796,True,False,False,False,False,False,False,False,False,True,False,False,True
3264,76,187,168000,capture,,-0.5346171486,2006,2010,2008,22796,True,False,False,False,False,False,False,False,False,True,False,False,True
3265,76,187,189000,capture,,-0.5421181033,2006,2010,2008,22796,True,False,False,False,False,False,False,False,False,True,False,False,True
3266,76,187,212000,capture,,-0.588380294,2006,2010,2008,22796,True,False,False,False,False,False,False,False,False,True,False,False,True
3267,76,187,237500,capture,,-0.6108339156,2006,2010,2008,22796,True,False,False,False,False,False,False,False,False,True,False,False,True
3268,76,187,266500,capture,,-0.6401645177,2006,2010,2008,22796,True,False,False,False,False,False,False,False,False,True,False,False,True
3269,76,187,299000,capture,,-0.6757175447,2006,2010,2008,22796,True,False,False,False,False,False,False,False,False,True,False,False,True
3270,76,187,335500,capture,,-0.6968039426,2006,2010,2008,22796,True,False,False,False,False,False,False,False,False,True,False,False,True
3271,76,187,376500,capture,,-0.7077439286,2006,2010,2008,22796,True,False,False,False,False,False,False,False,False,True,False,False,True
3272,76,187,422500,capture,,-0.739928612,2006,2010,2008,22796,True,False,False,False,False,False,False,False,False,True,False,False,True
3273,76,187,474000,capture,,-0.735182177,2006,2010,2008,22796,True,False,False,False,False,False,False,False,False,True,False,False,True
3274,76,187,531500,capture,,-0.7594507517,2006,2010,2008,22796,True,False,False,False,False,False,False,False,False,True,False,False,True
3275,76,187,596500,capture,,-0.793174124,2006,2010,2008,22796,True,False,False,False,False,False,False,False,False,True,False,False,True
3276,76,187,669500,capture,,-0.801342913,2006,2010,2008,22796,True,False,False,False,False,False,False,False,False,True,False,False,True
3277,76,187,751000,capture,,-0.8181564121,2006,2010,2008,22796,True,False,False,False,False,False,False,False,False,True,False,False,True
3278,76,187,842500,capture,,-0.8416375079,2006,2010,2008,22796,True,False,False,False,False,False,False,False,False,True,False,False,True
3279,76,187,945500,capture,,-0.8632794328,2006,2010,2008,22796,True,False,False,False,False,False,False,False,False,True,False,False,True
3280,76,187,30000,inelastic,,0.214843848,2006,2010,2008,23028,False,False,False,False,False,False,True,False,True,False,False,False,False
3281,76,188,4740,capture,,-0.1951793213,2006,2010,2008,22796,True,False,False,False,False,False,False,True,False,False,False,False,False
3282,76,188,5315,capture,,-0.1771783547,2006,2010,2008,22796,True,False,False,False,False,False,False,True,False,False,False,False,False
3283,76,188,5965,capture,,-0.2343314452,2006,2010,2008,22796,True,False,False,False,False,False,False,True,False,False,False,False,False
3284,76,188,6695,capture,,-0.2380721616,2006,2010,2008,22796,True,False,False,False,False,False,False,True,False,False,False,False,False
3285,76,188,7510,capture,,-0.289036881,2006,2010,2008,22796,True,False,False,False,False,False,False,True,False,False,False,False,False
3286,76,188,8425,capture,,-0.3914739664,2006,2010,2008,22796,True,False,False,False,False,False,False,True,False,False,False,False,False
3287,76,188,9455,capture,,-0.3635121036,2006,2010,2008,22796,True,False,False,False,False,False,False,True,False,False,False,False,False
3288,76,188,10600,capture,,-0.4100503987,2006,2010,2008,22796,True,False,False,False,False,False,False,False,True,False,False,False,False
3289,76,188,11900,capture,,-0.4962093169,2006,2010,2008,22796,True,False,False,False,False,False,False,False,True,False,False,False,False
3290,76,188,13350,capture,,-0.4736607226,2006,2010,2008,22796,True,False,False,False,False,False,False,False,True,False,False,False,False
3291,76,188,15000,capture,,-0.5391021572,2006,2010,2008,22796,True,False,False,False,False,False,False,False,True,False,False,False,False
3292,76,188,16850,capture,,-0.5114492835,2006,2010,2008,22796,True,False,False,False,False,False,False,False,True,False,False,False,False
3293,76,188,18900,capture,,-0.5100415206,2006,2010,2008,22796,True,False,False,False,False,False,False,False,True,False,False,False,False
3294,76,188,21200,capture,,-0.5951662834,2006,2010,2008,22796,True,False,False,False,False,False,False,False,True,False,False,False,False
3295,76,188,23750,capture,,-0.6073030467,2006,2010,2008,22796,True,False,False,False,False,False,False,False,True,False,False,False,False
3296,76,188,26650,capture,,-0.6038006529,2006,2010,2008,22796,True,False,False,False,False,False,False,False,True,False,False,False,False
3297,76,188,29900,capture,,-0.6055483192,2006,2010,2008,22796,True,False,False,False,False,False,False,False,True,False,False,False,False
3298,76,188,33550,capture,,-0.5800442515,2006,2010,2008,22796,True,False,False,False,False,False,False,False,True,False,False,False,False
3299,76,188,37650,capture,,-0.625251654,2006,2010,2008,22796,True,False,False,False,False,False,False,False,True,False,False,False,False
3300,76,188,42250,capture,,-0.625251654,2006,2010,2008,22796,True,False,False,False,False,False,False,False,True,False,False,False,False
3301,76,188,47400,capture,,-0.6655462488,2006,2010,2008,22796,True,False,False,False,False,False,False,False,True,False,False,False,False
3302,76,188,53150,capture,,-0.6635402662,2006,2010,2008,22796,True,False,False,False,False,False,False,False,True,False,False,False,False
3303,76,188,59650,capture,,-0.6401645177,2006,2010,2008,22796,True,False,False,False,False,False,False,False,True,False,False,False,False
3304,76,188,66950,capture,,-0.6536470255,2006,2010,2008,22796,True,False,False,False,False,False,False,False,True,False,False,False,False
3305,76,188,75100,capture,,-0.6497519817,2006,2010,2008,22796,True,False,False,False,False,False,False,False,True,False,False,False,False
3306,76,188,84250,capture,,-0.6345120151,2006,2010,2008,22796,True,False,False,False,False,False,False,False,True,False,False,False,False
3307,76,188,94550,capture,,-0.6595558852,2006,2010,2008,22796,True,False,False,False,False,False,False,False,True,False,False,False,False
3308,76,188,106000,capture,,-0.6307841426,2006,2010,2008,22796,True,False,False,False,False,False,False,False,False,True,False,False,True
3309,76,188,119000,capture,,-0.6197887583,2006,2010,2008,22796,True,False,False,False,False,False,False,False,False,True,False,False,True
3310,76,188,133500,capture,,-0.6234230429,2006,2010,2008,22796,True,False,False,False,False,False,False,False,False,True,False,False,True
3311,76,188,149500,capture,,-0.642065153,2006,2010,2008,22796,True,False,False,False,False,False,False,False,False,True,False,False,True
3312,76,188,168000,capture,,-0.7746907183,2006,2010,2008,22796,True,False,False,False,False,False,False,False,False,True,False,False,True
3313,76,188,189000,capture,,-0.8356471442,2006,2010,2008,22796,True,False,False,False,False,False,False,False,False,True,False,False,True
3314,76,188,212000,capture,,-0.8664610916,2006,2010,2008,22796,True,False,False,False,False,False,False,False,False,True,False,False,True
3315,76,188,237500,capture,,-0.8927900304,2006,2010,2008,22796,True,False,False,False,False,False,False,False,False,True,False,False,True
3316,76,188,266500,capture,,-0.9065783148,2006,2010,2008,22796,True,False,False,False,False,False,False,False,False,True,False,False,True
3317,76,188,299000,capture,,-0.9244530386,2006,2010,2008,22796,True,False,False,False,False,False,False,False,False,True,False,False,True
3318,76,188,335500,capture,,-0.9507819773,2006,2010,2008,22796,True,False,False,False,False,False,False,False,False,True,False,False,True
3319,76,188,376500,capture,,-0.9788107009,2006,2010,2008,22796,True,False,False,False,False,False,False,False,False,True,False,False,True
3320,76,188,422500,capture,,-0.9746941347,2006,2010,2008,22796,True,False,False,False,False,False,False,False,False,True,False,False,True
3321,76,188,474000,capture,,-0.9665762445,2006,2010,2008,22796,True,False,False,False,False,False,False,False,False,True,False,False,True
3322,76,188,531500,capture,,-0.9746941347,2006,2010,2008,22796,True,False,False,False,False,False,False,False,False,True,False,False,True
3323,76,188,596500,capture,,-0.9746941347,2006,2010,2008,22796,True,False,False,False,False,False,False,False,False,True,False,False,True
3324,76,188,669500,capture,,-1,2006,2010,2008,22796,True,False,False,False,False,False,False,False,False,True,False,False,True
3325,76,188,751000,capture,,-1.008773924,2006,2010,2008,22796,True,False,False,False,False,False,False,False,False,True,False,False,True
3326,76,188,842500,capture,,-1.017728767,2006,2010,2008,22796,True,False,False,False,False,False,False,False,False,True,False,False,True
3327,76,188,945500,capture,,-1.004364805,2006,2010,2008,22796,True,False,False,False,False,False,False,False,False,True,False,False,True
3328,76,188,13500000,np,,-2.823908741,2006,2009,2009,31661,False,False,True,False,False,False,False,False,False,False,False,True,True
3329,76,188,14800000,np,,-2.585026652,2006,2009,2009,31661,False,False,True,False,False,False,False,False,False,False,False,True,True
3330,76,188,13992354.17,np,,-2.434545742,2006,2016,2016,41614,False,False,True,False,False,False,False,False,False,False,False,True,True
3331,76,188,14749833.9,np,,-2.270430274,2006,2016,2016,41614,False,False,True,False,False,False,False,False,False,False,False,True,True
3332,76,189,13500000,np,,-2.30980392,2006,2008,2008,31618,False,False,True,False,False,False,False,False,False,False,False,True,True
3333,76,189,14700000,np,,-2.207608311,2006,2008,2008,31618,False,False,True,False,False,False,False,False,False,False,False,True,True
3334,76,189,13992354.17,np,,-2.141663354,2006,2016,2016,41614,False,False,True,False,False,False,False,False,False,False,False,True,True
3335,76,189,14749833.9,np,,-1.968591536,2006,2016,2016,41614,False,False,True,False,False,False,False,False,False,False,False,True,True
3336,77,191,55000,capture,,0.007107382974,2006,2008,2007,31599,True,False,False,False,False,False,False,False,True,False,False,False,False
3337,77,191,144000,capture,,-0.289036881,2006,2008,2007,31599,True,False,False,False,False,False,False,False,False,True,False,False,True
3338,77,191,13994282.8,n2n,,0.3235149257,2006,2022,2025,32926,False,True,False,False,False,False,False,False,False,False,False,True,True
3339,77,191,14829969.66,n2n,,0.3292493598,2006,2022,2025,32926,False,True,False,False,False,False,False,False,False,False,False,True,True
3340,77,191,14070966.77,n2n,,0.2728159335,2006,2016,2016,41614,False,True,False,False,False,False,False,False,False,False,False,True,True
3341,77,191,14749833.9,n2n,,0.27600199,2006,2016,2016,41614,False,True,False,False,False,False,False,False,False,False,False,True,True
3342,77,191,14070966.77,np,,-2.40560745,2006,2016,2016,41614,False,False,True,False,False,False,False,False,False,False,False,True,True
3343,77,191,14749833.9,np,,-2.326058001,2006,2016,2016,41614,False,False,True,False,False,False,False,False,False,False,False,True,True
3344,77,193,55000,capture,,-0.2466467874,2006,2008,2007,31599,True,False,False,False,False,False,False,False,True,False,False,False,False
3345,77,193,144000,capture,,-0.3930814741,2006,2008,2007,31599,True,False,False,False,False,False,False,False,False,True,False,False,True
3346,77,193,14207862.15,np,,-2.701146924,2006,2016,2016,41614,False,False,True,False,False,False,False,False,False,False,False,True,True
3347,77,193,14749833.9,np,,-2.492144128,2006,2016,2016,41614,False,False,True,False,False,False,False,False,False,False,False,True,True
3348,78,192,14064410.13,n2n,,0.2844307338,2006,2016,2016,41614,False,True,False,False,False,False,False,False,False,False,False,True,True
3349,78,192,14820000,n2n,,0.3106933123,2006,2016,2016,41614,False,True,False,False,False,False,False,False,False,False,False,True,True
3350,78,194,14680000,na,,-2.93930216,2006,2016,2016,41614,False,False,False,True,False,False,False,False,False,False,False,True,True
3351,78,194,13964741.32,np,,-2.506541949,2006,2016,2016,41614,False,False,True,False,False,False,False,False,False,False,False,True,True
3352,78,194,14820000,np,,-2.332547047,2006,2016,2016,41614,False,False,True,False,False,False,False,False,False,False,False,True,True
3353,78,195,2854.74379,capture,,0.8730699145,2006,2008,2012,14321,True,False,False,False,False,False,False,True,False,False,False,False,False
3354,78,195,2985.775964,capture,,0.8159376666,2006,2008,2012,14321,True,False,False,False,False,False,False,True,False,False,False,False,False
3355,78,196,14770000,np,,-2.841637508,2006,2016,2016,41614,False,False,True,False,False,False,False,False,False,False,False,True,True
3356,78,198,14347822.13,n2n,,0.279780977,2006,2007,2008,31609,False,True,False,False,False,False,False,False,False,False,False,True,True
3357,79,197,5221.801777,capture,,0.1809855808,2006,2011,2011,23152,True,False,False,False,False,False,False,True,False,False,False,False,False
3358,79,197,5725.570997,capture,,0.3298968879,2006,2011,2011,23152,True,False,False,False,False,False,False,True,False,False,False,False,False
3359,79,197,6306.848372,capture,,0.2461044841,2006,2011,2011,23152,True,False,False,False,False,False,False,True,False,False,False,False,False
3360,79,197,6947.234991,capture,,0.2369950401,2006,2011,2011,23152,True,False,False,False,False,False,False,True,False,False,False,False,False
3361,79,197,7687.875851,capture,,0.1920095927,2006,2011,2011,23152,True,False,False,False,False,False,False,True,False,False,False,False,False
3362,79,197,8507.619568,capture,,0.1499744806,2006,2011,2011,23152,True,False,False,False,False,False,False,True,False,False,False,False,False
3363,79,197,9414.639901,capture,,0.04232487874,2006,2011,2011,23152,True,False,False,False,False,False,False,True,False,False,False,False,False
3364,79,197,10418.39734,capture,,0.03342375549,2006,2011,2011,23152,True,False,False,False,False,False,False,False,True,False,False,False,False
3365,79,197,11529.28993,capture,,0.09006557495,2006,2011,2011,23152,True,False,False,False,False,False,False,False,True,False,False,False,False
3366,79,197,12758.54683,capture,,0.003264648077,2006,2011,2011,23152,True,False,False,False,False,False,False,False,True,False,False,False,False
3367,79,197,14054.03297,capture,,-0.03607057797,2006,2011,2011,23152,True,False,False,False,False,False,False,False,True,False,False,False,False
3368,79,197,15481.21015,capture,,-0.07647339087,2006,2011,2011,23152,True,False,False,False,False,False,False,False,True,False,False,False,False
3369,79,197,17131.95634,capture,,-0.09765091933,2006,2011,2011,23152,True,False,False,False,False,False,False,False,True,False,False,False,False
3370,79,197,18958.55109,capture,,-0.1297025264,2006,2011,2011,23152,True,False,False,False,False,False,False,False,True,False,False,False,False
3371,79,197,20979.96042,capture,,-0.1714572745,2006,2011,2011,23152,True,False,False,False,False,False,False,False,True,False,False,False,False
3372,79,197,23216.83374,capture,,-0.2000332147,2006,2011,2011,23152,True,False,False,False,False,False,False,False,True,False,False,False,False
3373,79,197,25692.46349,capture,,-0.2260142002,2006,2011,2011,23152,True,False,False,False,False,False,False,False,True,False,False,False,False
3374,79,197,28301.1931,capture,,-0.1817741064,2006,2011,2011,23152,True,False,False,False,False,False,False,False,True,False,False,False,False
3375,79,197,31174.91387,capture,,-0.2610033567,2006,2011,2011,23152,True,False,False,False,False,False,False,False,True,False,False,False,False
3376,79,197,34498.77435,capture,,-0.316871058,2006,2011,2011,23152,True,False,False,False,False,False,False,False,True,False,False,False,False
3377,79,197,38177.26003,capture,,-0.2523763584,2006,2011,2011,23152,True,False,False,False,False,False,False,False,True,False,False,False,False
3378,79,197,42247.71763,capture,,-0.3481055282,2006,2011,2011,23152,True,False,False,False,False,False,False,False,True,False,False,False,False
3379,79,197,46752.53486,capture,,-0.3321227242,2006,2011,2011,23152,True,False,False,False,False,False,False,False,True,False,False,False,False
3380,79,197,51737.41488,capture,,-0.3610571717,2006,2011,2011,23152,True,False,False,False,False,False,False,False,True,False,False,False,False
3381,79,197,56990.80529,capture,,-0.4097155963,2006,2011,2011,23152,True,False,False,False,False,False,False,False,True,False,False,False,False
3382,79,197,62777.50475,capture,,-0.4190750243,2006,2011,2011,23152,True,False,False,False,False,False,False,False,True,False,False,False,False
3383,79,197,69471.12299,capture,,-0.3953812756,2006,2011,2011,23152,True,False,False,False,False,False,False,False,True,False,False,False,False
3384,79,197,76878.29765,capture,,-0.416801226,2006,2011,2011,23152,True,False,False,False,False,False,False,False,True,False,False,False,False
3385,79,197,85075.50178,capture,,-0.4731909611,2006,2011,2011,23152,True,False,False,False,False,False,False,False,True,False,False,False,False
3386,79,197,94146.64923,capture,,-0.5097860532,2006,2011,2011,23152,True,False,False,False,False,False,False,False,True,False,False,False,False
3387,79,197,104184.9391,capture,,-0.49509685,2006,2011,2011,23152,True,False,False,False,False,False,False,False,False,True,False,False,True
3388,79,197,114763.5363,capture,,-0.5287082889,2006,2011,2011,23152,True,False,False,False,False,False,False,False,False,True,False,False,True
3389,79,197,126416.7822,capture,,-0.5582334754,2006,2011,2011,23152,True,False,False,False,False,False,False,False,False,True,False,False,True
3390,79,197,139895.798,capture,,-0.5477952362,2006,2011,2011,23152,True,False,False,False,False,False,False,False,False,True,False,False,True
3391,79,197,154811.8678,capture,,-0.5693679875,2006,2011,2011,23152,True,False,False,False,False,False,False,False,False,True,False,False,True
3392,79,197,171318.5955,capture,,-0.5923773688,2006,2011,2011,23152,True,False,False,False,False,False,False,False,False,True,False,False,True
3393,79,197,189585.168,capture,,-0.5957884819,2006,2011,2011,23152,True,False,False,False,False,False,False,False,False,True,False,False,True
3394,79,197,209799.5935,capture,,-0.6143937264,2006,2011,2011,23152,True,False,False,False,False,False,False,False,False,True,False,False,True
3395,79,197,231102.4242,capture,,-0.6730500058,2006,2011,2011,23152,True,False,False,False,False,False,False,False,False,True,False,False,True
3396,79,197,254568.3758,capture,,-0.6060261785,2006,2011,2011,23152,True,False,False,False,False,False,False,False,False,True,False,False,True
3397,79,197,281711.4905,capture,,-0.6817468925,2006,2011,2011,23152,True,False,False,False,False,False,False,False,False,True,False,False,True
3398,79,197,311748.7081,capture,,-0.6999581606,2006,2011,2011,23152,True,False,False,False,False,False,False,False,False,True,False,False,True
3399,79,197,344988.5154,capture,,-0.7608143148,2006,2011,2011,23152,True,False,False,False,False,False,False,False,False,True,False,False,True
3400,79,197,380018.357,capture,,-0.7796303675,2006,2011,2011,23152,True,False,False,False,False,False,False,False,False,True,False,False,True
3401,79,197,45000,capture,,-0.339134522,2006,2022,2022,23603,True,False,False,False,False,False,False,False,True,False,False,False,False
3402,79,197,133400,capture,,-0.5287082889,2006,2022,2022,23603,True,False,False,False,False,False,False,False,False,True,False,False,True
3403,79,197,21500,capture,,-0.2125395255,2006,2021,2021,23746,True,False,False,False,False,False,False,False,True,False,False,False,False
3404,79,197,53000,capture,,-0.3946949539,2006,2021,2021,23746,True,False,False,False,False,False,False,False,True,False,False,False,False
3405,79,197,128000,capture,,-0.5243288117,2006,2021,2021,23746,True,False,False,False,False,False,False,False,False,True,False,False,True
3406,79,197,1593.125808,capture,,0.6555255293,2006,2021,2022,32856,True,False,False,False,False,False,False,True,False,False,False,False,False
3407,79,197,1719.887633,capture,,0.6483014709,2006,2021,2022,32856,True,False,False,False,False,False,False,True,False,False,False,False,False
3408,79,197,1899.984554,capture,,0.5876134974,2006,2021,2022,32856,True,False,False,False,False,False,False,True,False,False,False,False,False
3409,79,197,2100.148805,capture,,0.6963752621,2006,2021,2022,32856,True,False,False,False,False,False,False,True,False,False,False,False,False
3410,79,197,2321.400485,capture,,0.520184787,2006,2021,2022,32856,True,False,False,False,False,False,False,True,False,False,False,False,False
3411,79,197,2565.961137,capture,,0.4935460644,2006,2021,2022,32856,True,False,False,False,False,False,False,True,False,False,False,False,False
3412,79,197,2836.286321,capture,,0.4453153093,2006,2021,2022,32856,True,False,False,False,False,False,False,True,False,False,False,False,False
3413,79,197,3135.090431,capture,,0.3622890999,2006,2021,2022,32856,True,False,False,False,False,False,False,True,False,False,False,False,False
3414,79,197,3463.379435,capture,,0.5081918667,2006,2021,2022,32856,True,False,False,False,False,False,False,True,False,False,False,False,False
3415,79,197,3826.044972,capture,,0.4308642417,2006,2021,2022,32856,True,False,False,False,False,False,False,True,False,False,False,False,False
3416,79,197,4229.120654,capture,,0.384791221,2006,2021,2022,32856,True,False,False,False,False,False,False,True,False,False,False,False,False
3417,79,197,4674.660525,capture,,0.3660510686,2006,2021,2022,32856,True,False,False,False,False,False,False,True,False,False,False,False,False
3418,79,197,5167.138153,capture,,0.2293151793,2006,2021,2022,32856,True,False,False,False,False,False,False,True,False,False,False,False,False
3419,79,197,5711.498589,capture,,0.3984361108,2006,2021,2022,32856,True,False,False,False,False,False,False,True,False,False,False,False,False
3420,79,197,6313.207568,capture,,0.3043520724,2006,2021,2022,32856,True,False,False,False,False,False,False,True,False,False,False,False,False
3421,79,197,6974.291129,capture,,0.3019950058,2006,2021,2022,32856,True,False,False,False,False,False,False,True,False,False,False,False,False
3422,79,197,7704.599514,capture,,0.2644229505,2006,2021,2022,32856,True,False,False,False,False,False,False,True,False,False,False,False,False
3423,79,197,8516.282726,capture,,0.2036586618,2006,2021,2022,32856,True,False,False,False,False,False,False,True,False,False,False,False,False
3424,79,197,9413.477211,capture,,0.1354021335,2006,2021,2022,32856,True,False,False,False,False,False,False,True,False,False,False,False,False
3425,79,197,10284.1985,capture,,0.1200290411,2006,2021,2022,32856,True,False,False,False,False,False,False,False,True,False,False,False,False
3426,79,197,11481.56693,capture,,0.1352328905,2006,2021,2022,32856,True,False,False,False,False,False,False,False,True,False,False,False,False
3427,79,197,12705.77521,capture,,0.07093491268,2006,2021,2022,32856,True,False,False,False,False,False,False,False,True,False,False,False,False
3428,79,197,14060.51222,capture,,0.03104195976,2006,2021,2022,32856,True,False,False,False,False,False,False,False,True,False,False,False,False
3429,79,197,15523.91058,capture,,-0.001816414323,2006,2021,2022,32856,True,False,False,False,False,False,False,False,True,False,False,False,False
3430,79,197,17139.61849,capture,,-0.007436862971,2006,2021,2022,32856,True,False,False,False,False,False,False,False,True,False,False,False,False
3431,79,197,18967.10929,capture,,-0.06375128359,2006,2021,2022,32856,True,False,False,False,False,False,False,False,True,False,False,False,False
3432,79,197,20941.1804,capture,,-0.09421010551,2006,2021,2022,32856,True,False,False,False,False,False,False,False,True,False,False,False,False
3433,79,197,23120.70946,capture,,-0.1191496553,2006,2021,2022,32856,True,False,False,False,False,False,False,False,True,False,False,False,False
3434,79,197,25585.92639,capture,,-0.168216378,2006,2021,2022,32856,True,False,False,False,False,False,False,False,True,False,False,False,False
3435,79,197,28313.99519,capture,,-0.1222234005,2006,2021,2022,32856,True,False,False,False,False,False,False,False,True,False,False,False,False
3436,79,197,31260.8766,capture,,-0.1539846182,2006,2021,2022,32856,True,False,False,False,False,False,False,False,True,False,False,False,False
3437,79,197,34514.46607,capture,,-0.2499260467,2006,2021,2022,32856,True,False,False,False,False,False,False,False,True,False,False,False,False
3438,79,197,38194.5294,capture,,-0.1888578592,2006,2021,2022,32856,True,False,False,False,False,False,False,False,True,False,False,False,False
3439,79,197,42169.76255,capture,,-0.2424848205,2006,2021,2022,32856,True,False,False,False,False,False,False,False,True,False,False,False,False
3440,79,197,46558.73234,capture,,-0.2803283577,2006,2021,2022,32856,True,False,False,False,False,False,False,False,True,False,False,False,False
3441,79,197,51522.99985,capture,,-0.2962997723,2006,2021,2022,32856,True,False,False,False,False,False,False,False,True,False,False,False,False
3442,79,197,57016.57751,capture,,-0.3104253087,2006,2021,2022,32856,True,False,False,False,False,False,False,False,True,False,False,False,False
3443,79,197,62950.7868,capture,,-0.3374825804,2006,2021,2022,32856,True,False,False,False,False,False,False,False,True,False,False,False,False
3444,79,197,69502.6168,capture,,-0.3509082053,2006,2021,2022,32856,True,False,False,False,False,False,False,False,True,False,False,False,False
3445,79,197,76913.24758,capture,,-0.3743453098,2006,2021,2022,32856,True,False,False,False,False,False,False,False,True,False,False,False,False
3446,79,197,84918.27122,capture,,-0.3938473601,2006,2021,2022,32856,True,False,False,False,False,False,False,False,True,False,False,False,False
3447,79,197,93756.44964,capture,,-0.3768437827,2006,2021,2022,32856,True,False,False,False,False,False,False,False,True,False,False,False,False
3448,79,197,99083.46772,capture,,-0.3199837514,2006,2021,2022,32856,True,False,False,False,False,False,False,False,True,False,False,False,False
3449,79,197,1594.456691,capture,,0.8193333175,2006,2024,2024,32920,True,False,False,False,False,False,False,True,False,False,False,False,False
3450,79,197,1719.89398,capture,,0.8424032753,2006,2024,2024,32920,True,False,False,False,False,False,False,True,False,False,False,False,False
3451,79,197,1895.770123,capture,,0.7901707683,2006,2024,2024,32920,True,False,False,False,False,False,False,True,False,False,False,False,False
3452,79,197,2089.701851,capture,,0.8037656556,2006,2024,2024,32920,True,False,False,False,False,False,False,True,False,False,False,False,False
3453,79,197,2328.489537,capture,,0.7512236586,2006,2024,2024,32920,True,False,False,False,False,False,False,True,False,False,False,False,False
3454,79,197,2566.649032,capture,,0.7081084527,2006,2024,2024,32920,True,False,False,False,False,False,False,True,False,False,False,False,False
3455,79,197,2829.13492,capture,,0.5212897986,2006,2024,2024,32920,True,False,False,False,False,False,False,True,False,False,False,False,False
3456,79,197,3084.918623,capture,,0.4335244909,2006,2024,2024,32920,True,False,False,False,False,False,False,True,False,False,False,False,False
3457,79,197,1120000,capture,,-1.218668359,2006,2015,2017,33096,True,False,False,False,False,False,False,False,False,False,True,False,True
3458,79,197,2120000,capture,,-1.391602348,2006,2015,2017,33096,True,False,False,False,False,False,False,False,False,False,True,False,True
3459,79,197,3120000,capture,,-1.703971364,2006,2015,2017,33096,True,False,False,False,False,False,False,False,False,False,True,False,True
3460,79,197,4120000,capture,,-1.855612626,2006,2015,2017,33096,True,False,False,False,False,False,False,False,False,False,True,False,True
3461,79,197,14100000,n2n,,0.3271545124,2006,2020,2025,14747,False,True,False,False,False,False,False,False,False,False,False,True,True
3462,79,197,15300000,n2n,,0.2999429,2006,2018,2016,23396,False,True,False,False,False,False,False,False,False,False,False,True,True
3463,79,197,17100000,n2n,,0.2484637176,2006,2018,2016,23396,False,True,False,False,False,False,False,False,False,False,False,True,True
3464,79,197,18393205.27,n2n,,0.1825573013,2006,2018,2016,23396,False,True,False,False,False,False,False,False,False,False,False,True,True
3465,79,197,20000000,n2n,,0.02077548819,2006,2018,2016,23396,False,True,False,False,False,False,False,False,False,False,False,True,True
3466,79,197,15300000,n2n,,0.3057095505,2006,2018,2016,23396,False,True,False,False,False,False,False,False,False,False,False,True,True
3467,79,197,17100000,n2n,,0.2728468288,2006,2018,2016,23396,False,True,False,False,False,False,False,False,False,False,False,True,True
3468,79,197,18393205.27,n2n,,0.1814147963,2006,2018,2016,23396,False,True,False,False,False,False,False,False,False,False,False,True,True
3469,79,197,20000000,n2n,,0.04040452891,2006,2018,2016,23396,False,True,False,False,False,False,False,False,False,False,False,True,True
3470,79,197,17300000,n2n,,0.1673173347,2006,2016,2016,31767,False,True,False,False,False,False,False,False,False,False,False,True,True
3471,79,197,19500000,n2n,,0.01283722471,2006,2016,2016,31767,False,True,False,False,False,False,False,False,False,False,False,True,True
3472,79,197,14050000,n2n,,0.3018977172,2006,2023,2023,31858,False,True,False,False,False,False,False,False,False,False,False,True,True
3473,79,197,14052383.39,n2n,,0.3357787388,2006,2011,2012,32696,False,True,False,False,False,False,False,False,False,False,False,True,True
3474,79,197,14800000,n2n,,0.3340514403,2006,2011,2012,32696,False,True,False,False,False,False,False,False,False,False,False,True,True
3475,79,197,14020727.51,n2n,,0.3191060593,2006,2020,2021,33152,False,True,False,False,False,False,False,False,False,False,False,True,True
3476,79,197,13967500.2,n2n,,0.3439662859,2006,2016,2016,41614,False,True,False,False,False,False,False,False,False,False,False,True,True
3477,79,197,14754809.39,n2n,,0.3485968912,2006,2016,2016,41614,False,True,False,False,False,False,False,False,False,False,False,True,True
3478,79,197,14063717.81,np,,-2.492144128,2006,2016,2016,41614,False,False,True,False,False,False,False,False,False,False,False,True,True
3479,79,197,14749833.9,np,,-2.39093945,2006,2016,2016,41614,False,False,True,False,False,False,False,False,False,False,False,True,True
3480,79,197,208635.1627,total,,0.9373387498,2006,2013,2013,23199,False,False,False,False,True,False,False,False,False,True,False,False,True
3481,79,197,230260.8749,total,,0.9202724403,2006,2013,2013,23199,False,False,False,False,True,False,False,False,False,True,False,False,True
3482,79,197,254437.1196,total,,0.9226855431,2006,2013,2013,23199,False,False,False,False,True,False,False,False,False,True,False,False,True
3483,79,197,281797.588,total,,0.9020447531,2006,2013,2013,23199,False,False,False,False,True,False,False,False,False,True,False,False,True
3484,79,197,312121.1163,total,,0.88536122,2006,2013,2013,23199,False,False,False,False,True,False,False,False,False,True,False,False,True
3485,79,197,344869.502,total,,0.8758501727,2006,2013,2013,23199,False,False,False,False,True,False,False,False,False,True,False,False,True
3486,79,197,380836.6508,total,,0.8500332577,2006,2013,2013,23199,False,False,False,False,True,False,False,False,False,True,False,False,True
3487,79,197,421035.5894,total,,0.8467699535,2006,2013,2013,23199,False,False,False,False,True,False,False,False,False,True,False,False,True
3488,79,197,465099.2308,total,,0.8328919448,2006,2013,2013,23199,False,False,False,False,True,False,False,False,False,True,False,False,True
3489,79,197,514248.4079,total,,0.8231843129,2006,2013,2013,23199,False,False,False,False,True,False,False,False,False,True,False,False,True
3490,79,197,568086.777,total,,0.8075350281,2006,2013,2013,23199,False,False,False,False,True,False,False,False,False,True,False,False,True
3491,79,197,627144.8436,total,,0.7988232242,2006,2013,2013,23199,False,False,False,False,True,False,False,False,False,True,False,False,True
3492,79,197,691710.3454,total,,0.8014894627,2006,2013,2013,23199,False,False,False,False,True,False,False,False,False,True,False,False,True
3493,79,197,766399.4418,total,,0.7872833199,2006,2013,2013,23199,False,False,False,False,True,False,False,False,False,True,False,False,True
3494,79,197,848386.9539,total,,0.7810369386,2006,2013,2013,23199,False,False,False,False,True,False,False,False,False,True,False,False,True
3495,79,197,937027.2817,total,,0.7801114854,2006,2013,2013,23199,False,False,False,False,True,False,False,False,False,True,False,False,True
3496,79,197,1032811.684,total,,0.7775476443,2006,2013,2013,23199,False,False,False,False,True,False,False,False,False,False,True,False,True
3497,79,197,1143835.064,total,,0.7823702324,2006,2013,2013,23199,False,False,False,False,True,False,False,False,False,False,True,False,True
3498,79,197,1263234.171,total,,0.7850449583,2006,2013,2013,23199,False,False,False,False,True,False,False,False,False,False,True,False,True
3499,79,197,1389697.138,total,,0.7919244549,2006,2013,2013,23199,False,False,False,False,True,False,False,False,False,False,True,False,True
3500,79,197,1536060.221,total,,0.8003045776,2006,2013,2013,23199,False,False,False,False,True,False,False,False,False,False,True,False,True
3501,79,197,1707201.253,total,,0.8160202287,2006,2013,2013,23199,False,False,False,False,True,False,False,False,False,False,True,False,True
3502,79,197,1888496.752,total,,0.828981954,2006,2013,2013,23199,False,False,False,False,True,False,False,False,False,False,True,False,True
3503,79,197,2077817.281,total,,0.8444771757,2006,2013,2013,23199,False,False,False,False,True,False,False,False,False,False,True,False,True
3504,79,197,2296753.071,total,,0.8571816736,2006,2013,2013,23199,False,False,False,False,True,False,False,False,False,False,True,False,True
3505,79,197,2522349.389,total,,0.8720105119,2006,2013,2013,23199,False,False,False,False,True,False,False,False,False,False,True,False,True
3506,79,197,2782899.921,total,,0.875784485,2006,2013,2013,23199,False,False,False,False,True,False,False,False,False,False,True,False,True
3507,79,197,3085892.113,total,,0.8818124629,2006,2013,2013,23199,False,False,False,False,True,False,False,False,False,False,True,False,True
3508,79,197,3441306.101,total,,0.8782344687,2006,2013,2013,23199,False,False,False,False,True,False,False,False,False,False,True,False,True
3509,79,197,3804901.381,total,,0.8742884972,2006,2013,2013,23199,False,False,False,False,True,False,False,False,False,False,True,False,True
3510,79,197,4165012.242,total,,0.8717674684,2006,2013,2013,23199,False,False,False,False,True,False,False,False,False,False,True,False,True
3511,79,197,4579072.706,total,,0.8579352647,2006,2013,2013,23199,False,False,False,False,True,False,False,False,False,False,True,False,True
3512,79,197,5057717.583,total,,0.8428171853,2006,2013,2013,23199,False,False,False,False,True,False,False,False,False,False,True,False,True
3513,79,197,5616257.836,total,,0.8155777483,2006,2013,2013,23199,False,False,False,False,True,False,False,False,False,False,True,False,True
3514,79,197,6273658.416,total,,0.7862780766,2006,2013,2013,23199,False,False,False,False,True,False,False,False,False,False,True,False,True
3515,79,197,6912132.522,total,,0.7611758132,2006,2013,2013,23199,False,False,False,False,True,False,False,False,False,False,True,False,True
3516,79,197,7657183.527,total,,0.7253670623,2006,2013,2013,23199,False,False,False,False,True,False,False,False,False,False,True,False,True
3517,79,197,8525905.406,total,,0.7271344238,2006,2013,2013,23199,False,False,False,False,True,False,False,False,False,False,True,False,True
3518,79,197,9334989.77,total,,0.7367947549,2006,2013,2013,23199,False,False,False,False,True,False,False,False,False,False,True,False,True
3519,79,197,10018000,total,,0.7331972651,2006,2013,2013,23199,False,False,False,False,True,False,False,False,False,False,False,True,True
3520,79,197,107000,total,,1.032215703,2006,2013,2013,23199,False,False,False,False,True,False,False,False,False,True,False,False,True
3521,79,197,122000,total,,0.9973863844,2006,2013,2013,23199,False,False,False,False,True,False,False,False,False,True,False,False,True
3522,79,197,140000,total,,0.9929950984,2006,2013,2013,23199,False,False,False,False,True,False,False,False,False,True,False,False,True
3523,79,197,162000,total,,0.9484129658,2006,2013,2013,23199,False,False,False,False,True,False,False,False,False,True,False,False,True
3524,79,197,189000,total,,0.9434945159,2006,2013,2013,23199,False,False,False,False,True,False,False,False,False,True,False,False,True
3525,79,197,225000,total,,0.9247959958,2006,2013,2013,23199,False,False,False,False,True,False,False,False,False,True,False,False,True
3526,79,197,271000,total,,0.9111576087,2006,2013,2013,23199,False,False,False,False,True,False,False,False,False,True,False,False,True
3527,79,197,333000,total,,0.8785217955,2006,2013,2013,23199,False,False,False,False,True,False,False,False,False,True,False,False,True
3528,79,197,419000,total,,0.8419848046,2006,2013,2013,23199,False,False,False,False,True,False,False,False,False,True,False,False,True
3529,79,197,156239.7608,total,,0.9703750561,2006,2018,2018,23415,False,False,False,False,True,False,False,False,False,True,False,False,True
3530,79,197,171138.905,total,,0.9491716488,2006,2018,2018,23415,False,False,False,False,True,False,False,False,False,True,False,False,True
3531,79,197,189041.4211,total,,0.9484808869,2006,2018,2018,23415,False,False,False,False,True,False,False,False,False,True,False,False,True
3532,79,197,208998.4865,total,,0.9330532104,2006,2018,2018,23415,False,False,False,False,True,False,False,False,False,True,False,False,True
3533,79,197,230871.8222,total,,0.9211823234,2006,2018,2018,23415,False,False,False,False,True,False,False,False,False,True,False,False,True
3534,79,197,255147.9857,total,,0.9043604739,2006,2018,2018,23415,False,False,False,False,True,False,False,False,False,True,False,False,True
3535,79,197,282022.5946,total,,0.8972667675,2006,2018,2018,23415,False,False,False,False,True,False,False,False,False,True,False,False,True
3536,79,197,311730.376,total,,0.8704442691,2006,2018,2018,23415,False,False,False,False,True,False,False,False,False,True,False,False,True
3537,79,197,344445.3166,total,,0.862177266,2006,2018,2018,23415,False,False,False,False,True,False,False,False,False,True,False,False,True
3538,79,197,380371.6962,total,,0.8435681591,2006,2018,2018,23415,False,False,False,False,True,False,False,False,False,True,False,False,True
3539,79,197,420478.6458,total,,0.8336516887,2006,2018,2018,23415,False,False,False,False,True,False,False,False,False,True,False,False,True
3540,79,197,464265.6828,total,,0.8198299378,2006,2018,2018,23415,False,False,False,False,True,False,False,False,False,True,False,False,True
3541,79,197,512930.1403,total,,0.8008420012,2006,2018,2018,23415,False,False,False,False,True,False,False,False,False,True,False,False,True
3542,79,197,566951.7687,total,,0.7918242678,2006,2018,2018,23415,False,False,False,False,True,False,False,False,False,True,False,False,True
3543,79,197,626822.3911,total,,0.785329835,2006,2018,2018,23415,False,False,False,False,True,False,False,False,False,True,False,False,True
3544,79,197,693031.2835,total,,0.7776557197,2006,2018,2018,23415,False,False,False,False,True,False,False,False,False,True,False,False,True
3545,79,197,766045.1862,total,,0.7612594359,2006,2018,2018,23415,False,False,False,False,True,False,False,False,False,True,False,False,True
3546,79,197,846279.7559,total,,0.7610429675,2006,2018,2018,23415,False,False,False,False,True,False,False,False,False,True,False,False,True
3547,79,197,936960.1432,total,,0.7541683919,2006,2018,2018,23415,False,False,False,False,True,False,False,False,False,True,False,False,True
3548,79,197,1036260.702,total,,0.7541953882,2006,2018,2018,23415,False,False,False,False,True,False,False,False,False,False,True,False,True
3549,79,197,1144491.484,total,,0.7594160068,2006,2018,2018,23415,False,False,False,False,True,False,False,False,False,False,True,False,True
3550,79,197,1266049.46,total,,0.7658281534,2006,2018,2018,23415,False,False,False,False,True,False,False,False,False,False,True,False,True
3551,79,197,1397522.949,total,,0.7742361416,2006,2018,2018,23415,False,False,False,False,True,False,False,False,False,False,True,False,True
3552,79,197,1544550.056,total,,0.7865876301,2006,2018,2018,23415,False,False,False,False,True,False,False,False,False,False,True,False,True
3553,79,197,1708909.858,total,,0.8011749534,2006,2018,2018,23415,False,False,False,False,True,False,False,False,False,False,True,False,True
3554,79,197,1884464.581,total,,0.8141870373,2006,2018,2018,23415,False,False,False,False,True,False,False,False,False,False,True,False,True
3555,79,197,2079086.955,total,,0.8293622597,2006,2018,2018,23415,False,False,False,False,True,False,False,False,False,False,True,False,True
3556,79,197,2305537.186,total,,0.8447030473,2006,2018,2018,23415,False,False,False,False,True,False,False,False,False,False,True,False,True
3557,79,197,2481320.29,total,,0.8520222794,2006,2018,2018,23415,False,False,False,False,True,False,False,False,False,False,True,False,True
3558,79,197,2809091.353,total,,0.8640361827,2006,2018,2018,23415,False,False,False,False,True,False,False,False,False,False,True,False,True
3559,79,197,3116384.951,total,,0.8679255699,2006,2018,2018,23415,False,False,False,False,True,False,False,False,False,False,True,False,True
3560,79,197,3436247.922,total,,0.868129915,2006,2018,2018,23415,False,False,False,False,True,False,False,False,False,False,True,False,True
3561,79,197,3784785.229,total,,0.864733511,2006,2018,2018,23415,False,False,False,False,True,False,False,False,False,False,True,False,True
3562,79,197,4189305.704,total,,0.8561244442,2006,2018,2018,23415,False,False,False,False,True,False,False,False,False,False,True,False,True
3563,79,197,4630358.235,total,,0.8434997351,2006,2018,2018,23415,False,False,False,False,True,False,False,False,False,False,True,False,True
3564,79,197,5108476.438,total,,0.8291199056,2006,2018,2018,23415,False,False,False,False,True,False,False,False,False,False,True,False,True
3565,79,197,5664915.346,total,,0.8027737253,2006,2018,2018,23415,False,False,False,False,True,False,False,False,False,False,True,False,True
3566,79,197,6267089.429,total,,0.7743952976,2006,2018,2018,23415,False,False,False,False,True,False,False,False,False,False,True,False,True
3567,79,197,6913212.317,total,,0.7554937284,2006,2018,2018,23415,False,False,False,False,True,False,False,False,False,False,True,False,True
3568,79,197,7665122.07,total,,0.7326617601,2006,2018,2018,23415,False,False,False,False,True,False,False,False,False,False,True,False,True
3569,80,196,13796738.75,n2n,,0.2342641244,2006,2018,2020,32781,False,True,False,False,False,False,False,False,False,False,False,True,True
3570,80,196,14800000,n2n,,0.2543063323,2006,2018,2020,32781,False,True,False,False,False,False,False,False,False,False,False,True,True
3571,80,198,13796738.75,n2n,,0.2852196432,2006,2018,2020,32781,False,True,False,False,False,False,False,False,False,False,False,True,True
3572,80,198,14800000,n2n,,0.3008127941,2006,2018,2020,32781,False,True,False,False,False,False,False,False,False,False,False,True,True
3573,81,205,14364365.63,np,,-2.756961951,2006,2016,2016,41614,False,False,True,False,False,False,False,False,False,False,False,True,True
3574,81,205,14779878.21,np,,-2.645891561,2006,2016,2016,41614,False,False,True,False,False,False,False,False,False,False,False,True,True
3575,82,204,13974026.65,n2n,,0.3330104092,2006,2016,2016,41614,False,True,False,False,False,False,False,False,False,False,False,True,True
3576,82,204,14799783.78,n2n,,0.3450795263,2006,2016,2016,41614,False,True,False,False,False,False,False,False,False,False,False,True,True
3577,82,206,848533.9985,inelastic,,-0.7658448975,2006,2015,2008,23292,False,False,False,False,False,False,True,False,False,True,False,False,True
3578,82,206,936284.0313,inelastic,,-0.7036184699,2006,2015,2008,23292,False,False,False,False,False,False,True,False,False,True,False,False,True
3579,82,206,1034172.877,inelastic,,-0.4054060292,2006,2015,2008,23292,False,False,False,False,False,False,True,False,False,False,True,False,True
3580,82,206,1143379.077,inelastic,,-0.3259998436,2006,2015,2008,23292,False,False,False,False,False,False,True,False,False,False,True,False,True
3581,82,206,1264212.904,inelastic,,-0.3184433655,2006,2015,2008,23292,False,False,False,False,False,False,True,False,False,False,True,False,True
3582,82,206,1396469.808,inelastic,,-0.1763556905,2006,2015,2008,23292,False,False,False,False,False,False,True,False,False,False,True,False,True
3583,82,206,1542992.345,inelastic,,-0.1345582243,2006,2015,2008,23292,False,False,False,False,False,False,True,False,False,False,True,False,True
3584,82,206,1706428.422,inelastic,,-0.05655812387,2006,2015,2008,23292,False,False,False,False,False,False,True,False,False,False,True,False,True
3585,82,206,1885192.929,inelastic,,0.04242194883,2006,2015,2008,23292,False,False,False,False,False,False,True,False,False,False,True,False,True
3586,82,206,2083647.24,inelastic,,0.1237583522,2006,2015,2008,23292,False,False,False,False,False,False,True,False,False,False,True,False,True
3587,82,206,2303491.173,inelastic,,0.173028428,2006,2015,2008,23292,False,False,False,False,False,False,True,False,False,False,True,False,True
3588,82,206,2543891.364,inelastic,,0.2264447939,2006,2015,2008,23292,False,False,False,False,False,False,True,False,False,False,True,False,True
3589,82,206,2811467.978,inelastic,,0.2767051554,2006,2015,2008,23292,False,False,False,False,False,False,True,False,False,False,True,False,True
3590,82,206,3109034.871,inelastic,,0.3010032302,2006,2015,2008,23292,False,False,False,False,False,False,True,False,False,False,True,False,True
3591,82,206,3435251.581,inelastic,,0.3060007667,2006,2015,2008,23292,False,False,False,False,False,False,True,False,False,False,True,False,True
3592,82,206,3796071.606,inelastic,,0.3107622995,2006,2015,2008,23292,False,False,False,False,False,False,True,False,False,False,True,False,True
3593,82,206,4193954.393,inelastic,,0.3168341119,2006,2015,2008,23292,False,False,False,False,False,False,True,False,False,False,True,False,True
3594,82,206,4631451.88,inelastic,,0.3232289922,2006,2015,2008,23292,False,False,False,False,False,False,True,False,False,False,True,False,True
3595,82,206,5125865.119,inelastic,,0.3145489441,2006,2015,2008,23292,False,False,False,False,False,False,True,False,False,False,True,False,True
3596,82,206,5667854.748,inelastic,,0.2936445781,2006,2015,2008,23292,False,False,False,False,False,False,True,False,False,False,True,False,True
3597,82,206,6259100.844,inelastic,,0.2826708182,2006,2015,2008,23292,False,False,False,False,False,False,True,False,False,False,True,False,True
3598,82,206,6911688.649,inelastic,,0.2514439697,2006,2015,2008,23292,False,False,False,False,False,False,True,False,False,False,True,False,True
3599,82,206,7644325.85,inelastic,,0.2191580115,2006,2015,2008,23292,False,False,False,False,False,False,True,False,False,False,True,False,True
3600,82,206,8450654.411,inelastic,,0.1939389717,2006,2015,2008,23292,False,False,False,False,False,False,True,False,False,False,True,False,True
3601,82,206,9335358.803,inelastic,,0.06754019117,2006,2015,2008,23292,False,False,False,False,False,False,True,False,False,False,True,False,True
3602,82,206,10202494.94,inelastic,,-0.1118251131,2006,2015,2008,23292,False,False,False,False,False,False,True,False,False,False,False,True,True
3603,82,206,11450557.38,inelastic,,-0.4382386087,2006,2015,2008,23292,False,False,False,False,False,False,True,False,False,False,False,True,True
3604,82,206,12563962.07,inelastic,,-0.5877750603,2006,2015,2008,23292,False,False,False,False,False,False,True,False,False,False,False,True,True
3605,82,206,13992842.51,inelastic,,-0.7571340487,2006,2015,2008,23292,False,False,False,False,False,False,True,False,False,False,False,True,True
3606,82,206,15509301.2,inelastic,,-0.8873614894,2006,2015,2008,23292,False,False,False,False,False,False,True,False,False,False,False,True,True
3607,82,206,16541500,inelastic,,-0.9581022478,2006,2015,2008,23292,False,False,False,False,False,False,True,False,False,False,False,True,True
3608,82,206,14400000,na,,-2.910094889,2006,2015,2016,32740,False,False,False,True,False,False,False,False,False,False,False,True,True
3609,82,206,14700000,na,,-2.8569852,2006,2015,2016,32740,False,False,False,True,False,False,False,False,False,False,False,True,True
3610,82,208,2651562.501,inelastic,,-1.128686105,2006,2008,2008,23039,False,False,False,False,False,False,True,False,False,False,True,False,True
3611,82,208,2813462.725,inelastic,,-0.6161568355,2006,2008,2008,23039,False,False,False,False,False,False,True,False,False,False,True,False,True
3612,82,208,3109029.224,inelastic,,-0.3149667557,2006,2008,2008,23039,False,False,False,False,False,False,True,False,False,False,True,False,True
3613,82,208,3435938.756,inelastic,,-0.1448412276,2006,2008,2008,23039,False,False,False,False,False,False,True,False,False,False,True,False,True
3614,82,208,3796646.302,inelastic,,0.02470171713,2006,2008,2008,23039,False,False,False,False,False,False,True,False,False,False,True,False,True
3615,82,208,4198118.735,inelastic,,0.1528981596,2006,2008,2008,23039,False,False,False,False,False,False,True,False,False,False,True,False,True
3616,82,208,4638862.109,inelastic,,0.2600804963,2006,2008,2008,23039,False,False,False,False,False,False,True,False,False,False,True,False,True
3617,82,208,5127073.522,inelastic,,0.3154675002,2006,2008,2008,23039,False,False,False,False,False,False,True,False,False,False,True,False,True
3618,82,208,5666419.724,inelastic,,0.3234458097,2006,2008,2008,23039,False,False,False,False,False,False,True,False,False,False,True,False,True
3619,82,208,6260789.233,inelastic,,0.3322850943,2006,2008,2008,23039,False,False,False,False,False,False,True,False,False,False,True,False,True
3620,82,208,6923394.576,inelastic,,0.3175770485,2006,2008,2008,23039,False,False,False,False,False,False,True,False,False,False,True,False,True
3621,82,208,7649830.658,inelastic,,0.3059972245,2006,2008,2008,23039,False,False,False,False,False,False,True,False,False,False,True,False,True
3622,82,208,8456044.537,inelastic,,0.246602091,2006,2008,2008,23039,False,False,False,False,False,False,True,False,False,False,True,False,True
3623,82,208,9348989.052,inelastic,,0.08692133755,2006,2008,2008,23039,False,False,False,False,False,False,True,False,False,False,True,False,True
3624,82,208,10253752.37,inelastic,,-0.1079031354,2006,2008,2008,23039,False,False,False,False,False,False,True,False,False,False,False,True,True
3625,82,208,11380179.76,inelastic,,-0.3304366766,2006,2008,2008,23039,False,False,False,False,False,False,True,False,False,False,False,True,True
3626,82,208,12513689.18,inelastic,,-0.4913501765,2006,2008,2008,23039,False,False,False,False,False,False,True,False,False,False,False,True,True
3627,82,208,13952857.99,inelastic,,-0.5637820754,2006,2008,2008,23039,False,False,False,False,False,False,True,False,False,False,False,True,True
3628,82,208,15478358.51,inelastic,,-0.7319810505,2006,2008,2008,23039,False,False,False,False,False,False,True,False,False,False,False,True,True
3629,82,208,17028257.4,inelastic,,-0.6482339608,2006,2008,2008,23039,False,False,False,False,False,False,True,False,False,False,False,True,True
3630,82,208,18830431.52,inelastic,,-0.6644362968,2006,2008,2008,23039,False,False,False,False,False,False,True,False,False,False,False,True,True
3631,83,209,3990000,elastic,,0.7588286573,2006,2011,2012,23156,False,False,False,False,False,True,False,False,False,False,True,False,True
3632,83,209,943917.947,inelastic,,-1.262243292,2006,2008,2007,22741,False,False,False,False,False,False,True,False,False,True,False,False,True
3633,83,209,1034563.895,inelastic,,-1.025241671,2006,2008,2007,22741,False,False,False,False,False,False,True,False,False,False,True,False,True
3634,83,209,1143408.398,inelastic,,-0.859150568,2006,2008,2007,22741,False,False,False,False,False,False,True,False,False,False,True,False,True
3635,83,209,1264025.987,inelastic,,-0.7758083955,2006,2008,2007,22741,False,False,False,False,False,False,True,False,False,False,True,False,True
3636,83,209,1397398.447,inelastic,,-0.7108269487,2006,2008,2007,22741,False,False,False,False,False,False,True,False,False,False,True,False,True
3637,83,209,1544464.313,inelastic,,-0.5990372535,2006,2008,2007,22741,False,False,False,False,False,False,True,False,False,False,True,False,True
3638,83,209,1706061.325,inelastic,,-0.4564257992,2006,2008,2007,22741,False,False,False,False,False,False,True,False,False,False,True,False,True
3639,83,209,1884306.56,inelastic,,-0.3383622902,2006,2008,2007,22741,False,False,False,False,False,False,True,False,False,False,True,False,True
3640,83,209,2081953.584,inelastic,,-0.2211462397,2006,2008,2007,22741,False,False,False,False,False,False,True,False,False,False,True,False,True
3641,83,209,2302681.335,inelastic,,-0.1340166848,2006,2008,2007,22741,False,False,False,False,False,False,True,False,False,False,True,False,True
3642,83,209,2546808.276,inelastic,,-0.04733360468,2006,2008,2007,22741,False,False,False,False,False,False,True,False,False,False,True,False,True
3643,83,209,2813462.725,inelastic,,0.06434478807,2006,2008,2007,22741,False,False,False,False,False,False,True,False,False,False,True,False,True
3644,83,209,3109029.224,inelastic,,0.1768965795,2006,2008,2007,22741,False,False,False,False,False,False,True,False,False,False,True,False,True
3645,83,209,3435938.756,inelastic,,0.2529820921,2006,2008,2007,22741,False,False,False,False,False,False,True,False,False,False,True,False,True
3646,83,209,3796646.302,inelastic,,0.3157165543,2006,2008,2007,22741,False,False,False,False,False,False,True,False,False,False,True,False,True
3647,83,209,4198118.735,inelastic,,0.3553034835,2006,2008,2007,22741,False,False,False,False,False,False,True,False,False,False,True,False,True
3648,83,209,4638862.109,inelastic,,0.3610611269,2006,2008,2007,22741,False,False,False,False,False,False,True,False,False,False,True,False,True
3649,83,209,5127073.522,inelastic,,0.3510218607,2006,2008,2007,22741,False,False,False,False,False,False,True,False,False,False,True,False,True
3650,83,209,5666419.724,inelastic,,0.3284115861,2006,2008,2007,22741,False,False,False,False,False,False,True,False,False,False,True,False,True
3651,83,209,6260789.233,inelastic,,0.3089402363,2006,2008,2007,22741,False,False,False,False,False,False,True,False,False,False,True,False,True
3652,83,209,6923394.576,inelastic,,0.3007187952,2006,2008,2007,22741,False,False,False,False,False,False,True,False,False,False,True,False,True
3653,83,209,7637882.221,inelastic,,0.3107421545,2006,2008,2007,22741,False,False,False,False,False,False,True,False,False,False,True,False,True
3654,83,209,8442428.669,inelastic,,0.2325607247,2006,2008,2007,22741,False,False,False,False,False,False,True,False,False,False,True,False,True
3655,83,209,9332882.101,inelastic,,0.0620667833,2006,2008,2007,22741,False,False,False,False,False,False,True,False,False,False,True,False,True
3656,83,209,10210232.85,inelastic,,-0.1481983804,2006,2008,2007,22741,False,False,False,False,False,False,True,False,False,False,False,True,True
3657,83,209,11424033.57,inelastic,,-0.3496524012,2006,2008,2007,22741,False,False,False,False,False,False,True,False,False,False,False,True,True
3658,83,209,12542961.74,inelastic,,-0.5078349045,2006,2008,2007,22741,False,False,False,False,False,False,True,False,False,False,False,True,True
3659,83,209,13836103.37,inelastic,,-0.5353197268,2006,2008,2007,22741,False,False,False,False,False,False,True,False,False,False,False,True,True
3660,83,209,15341854.91,inelastic,,-0.5713412898,2006,2008,2007,22741,False,False,False,False,False,False,True,False,False,False,False,True,True
3661,83,209,17109987.57,inelastic,,-0.6001960962,2006,2008,2007,22741,False,False,False,False,False,False,True,False,False,False,False,True,True
3662,83,209,18371500,inelastic,,-0.5144886753,2006,2008,2007,22741,False,False,False,False,False,False,True,False,False,False,False,True,True
3663,83,209,14740000,n2n,,0.3604040547,2006,2016,2016,41614,False,True,False,False,False,False,False,False,False,False,False,True,True
3664,83,209,705324.5069,total,,0.7334407426,2006,2011,2012,30831,False,False,False,False,True,False,False,False,False,True,False,False,True
3665,83,209,766665.8827,total,,0.7125321254,2006,2011,2012,30831,False,False,False,False,True,False,False,False,False,True,False,False,True
3666,83,209,847179.4124,total,,0.6963653256,2006,2011,2012,30831,False,False,False,False,True,False,False,False,False,True,False,False,True
3667,83,209,936050.0306,total,,0.6962842916,2006,2011,2012,30831,False,False,False,False,True,False,False,False,False,True,False,False,True
3668,83,209,1034471.032,total,,0.6995178469,2006,2011,2012,30831,False,False,False,False,True,False,False,False,False,False,True,False,True
3669,83,209,1143255.956,total,,0.6993196991,2006,2011,2012,30831,False,False,False,False,True,False,False,False,False,False,True,False,True
3670,83,209,1213753.347,total,,0.7172513385,2006,2011,2012,30831,False,False,False,False,True,False,False,False,False,False,True,False,True
3671,83,209,463457.4982,total,,0.8014551637,2006,2023,2024,32911,False,False,False,False,True,False,False,False,False,True,False,False,True
3672,83,209,509878.5037,total,,0.7795784554,2006,2023,2024,32911,False,False,False,False,True,False,False,False,False,True,False,False,True
3673,83,209,567678.6341,total,,0.7632632299,2006,2023,2024,32911,False,False,False,False,True,False,False,False,False,True,False,False,True
3674,83,209,632030.0694,total,,0.7385229169,2006,2023,2024,32911,False,False,False,False,True,False,False,False,False,True,False,False,True
3675,83,209,695329.9735,total,,0.7247263189,2006,2023,2024,32911,False,False,False,False,True,False,False,False,False,True,False,False,True
3676,83,209,764970.1904,total,,0.6921857248,2006,2023,2024,32911,False,False,False,False,True,False,False,False,False,True,False,False,True
3677,83,209,841590.4707,total,,0.6763734852,2006,2023,2024,32911,False,False,False,False,True,False,False,False,False,True,False,False,True
3678,83,209,936992.2869,total,,0.664378687,2006,2023,2024,32911,False,False,False,False,True,False,False,False,False,True,False,False,True
3679,83,209,1043178.642,total,,0.6723518921,2006,2023,2024,32911,False,False,False,False,True,False,False,False,False,False,True,False,True
3680,83,209,1147691.269,total,,0.6622618864,2006,2023,2024,32911,False,False,False,False,True,False,False,False,False,False,True,False,True
3681,83,209,1262649.872,total,,0.6610076909,2006,2023,2024,32911,False,False,False,False,True,False,False,False,False,False,True,False,True
3682,83,209,1389106.006,total,,0.6657451102,2006,2023,2024,32911,False,False,False,False,True,False,False,False,False,False,True,False,True
3683,83,209,1546579.072,total,,0.6791552413,2006,2023,2024,32911,False,False,False,False,True,False,False,False,False,False,True,False,True
3684,83,209,1721887.028,total,,0.7137634664,2006,2023,2024,32911,False,False,False,False,True,False,False,False,False,False,True,False,True
3685,83,209,1894350.241,total,,0.7501225268,2006,2023,2024,32911,False,False,False,False,True,False,False,False,False,False,True,False,True
3686,83,209,2084083.556,total,,0.7610252517,2006,2023,2024,32911,False,False,False,False,True,False,False,False,False,False,True,False,True
3687,83,209,2292808.731,total,,0.7953933349,2006,2023,2024,32911,False,False,False,False,True,False,False,False,False,False,True,False,True
3688,83,209,2522452.325,total,,0.8215790279,2006,2023,2024,32911,False,False,False,False,True,False,False,False,False,False,True,False,True
3689,83,209,2808400.447,total,,0.8564267725,2006,2023,2024,32911,False,False,False,False,True,False,False,False,False,False,True,False,True
3690,83,209,3126762.021,total,,0.8512277635,2006,2023,2024,32911,False,False,False,False,True,False,False,False,False,False,True,False,True
3691,83,209,3439925.698,total,,0.8849227459,2006,2023,2024,32911,False,False,False,False,True,False,False,False,False,False,True,False,True
3692,83,209,3784477.864,total,,0.8852481078,2006,2023,2024,32911,False,False,False,False,True,False,False,False,False,False,True,False,True
3693,83,209,4163493.141,total,,0.8761889637,2006,2023,2024,32911,False,False,False,False,True,False,False,False,False,False,True,False,True
3694,83,209,4635479.554,total,,0.8626321995,2006,2023,2024,32911,False,False,False,False,True,False,False,False,False,False,True,False,True
3695,83,209,5160938.317,total,,0.8314538293,2006,2023,2024,32911,False,False,False,False,True,False,False,False,False,False,True,False,True
3696,83,209,5677853.66,total,,0.8138310862,2006,2023,2024,32911,False,False,False,False,True,False,False,False,False,False,True,False,True
3697,83,209,6246526.338,total,,0.7733292447,2006,2023,2024,32911,False,False,False,False,True,False,False,False,False,False,True,False,True
3698,83,209,6872128.712,total,,0.728637807,2006,2023,2024,32911,False,False,False,False,True,False,False,False,False,False,True,False,True
3699,83,209,7651162.337,total,,0.7165875777,2006,2023,2024,32911,False,False,False,False,True,False,False,False,False,False,True,False,True
3700,83,209,8518518.448,total,,0.6521496054,2006,2023,2024,32911,False,False,False,False,True,False,False,False,False,False,True,False,True
3701,83,209,9371689.579,total,,0.6422913615,2006,2023,2024,32911,False,False,False,False,True,False,False,False,False,False,True,False,True
3702,83,209,10310280.86,total,,0.7033988635,2006,2023,2024,32911,False,False,False,False,True,False,False,False,False,False,False,True,True
3703,83,209,11342713.43,total,,0.6838796885,2006,2023,2024,32911,False,False,False,False,True,False,False,False,False,False,False,True,True
3704,83,209,12628805.4,total,,0.6805893066,2006,2023,2024,32911,False,False,False,False,True,False,False,False,False,False,False,True,True
3705,83,209,14060495.08,total,,0.7434901662,2006,2023,2024,32911,False,False,False,False,True,False,False,False,False,False,False,True,True
3706,83,209,15468500.09,total,,0.6961160184,2006,2023,2024,32911,False,False,False,False,True,False,False,False,False,False,False,True,True
3707,83,209,17017948.05,total,,0.7185639637,2006,2023,2024,32911,False,False,False,False,True,False,False,False,False,False,False,True,True
3708,83,209,18722331.85,total,,0.6743558533,2006,2023,2024,32911,False,False,False,False,True,False,False,False,False,False,False,True,True
3709,83,209,19873000,total,,0.6883308181,2006,2023,2024,32911,False,False,False,False,True,False,False,False,False,False,False,True,True
3710,83,209,1046889.728,total,,0.7832602329,2006,2023,2024,32911,False,False,False,False,True,False,False,False,False,False,True,False,True
3711,83,209,1140820.619,total,,0.7222636274,2006,2023,2024,32911,False,False,False,False,True,False,False,False,False,False,True,False,True
3712,83,209,1258475.963,total,,0.6791779691,2006,2023,2024,32911,False,False,False,False,True,False,False,False,False,False,True,False,True
3713,83,209,1388326.68,total,,0.7752644764,2006,2023,2024,32911,False,False,False,False,True,False,False,False,False,False,True,False,True
3714,83,209,1531548.556,total,,0.7323133275,2006,2023,2024,32911,False,False,False,False,True,False,False,False,False,False,True,False,True
3715,83,209,1689539.021,total,,0.7302572532,2006,2023,2024,32911,False,False,False,False,True,False,False,False,False,False,True,False,True
3716,83,209,1886863.49,total,,0.7689930862,2006,2023,2024,32911,False,False,False,False,True,False,False,False,False,False,True,False,True
3717,83,209,2107181.53,total,,0.7947319638,2006,2023,2024,32911,False,False,False,False,True,False,False,False,False,False,True,False,True
3718,83,209,2324599.593,total,,0.8334499283,2006,2023,2024,32911,False,False,False,False,True,False,False,False,False,False,True,False,True
3719,83,209,2564408.892,total,,0.8875188416,2006,2023,2024,32911,False,False,False,False,True,False,False,False,False,False,True,False,True
3720,83,209,2828984.422,total,,0.8930262223,2006,2023,2024,32911,False,False,False,False,True,False,False,False,False,False,True,False,True
3721,83,209,3120849.365,total,,0.872403954,2006,2023,2024,32911,False,False,False,False,True,False,False,False,False,False,True,False,True
3722,83,209,3442778.239,total,,0.8978606679,2006,2023,2024,32911,False,False,False,False,True,False,False,False,False,False,True,False,True
3723,83,209,3797945.099,total,,0.9200319687,2006,2023,2024,32911,False,False,False,False,True,False,False,False,False,False,True,False,True
3724,83,209,4189772.209,total,,0.8901973862,2006,2023,2024,32911,False,False,False,False,True,False,False,False,False,False,True,False,True
3725,83,209,4621984.473,total,,0.8774289408,2006,2023,2024,32911,False,False,False,False,True,False,False,False,False,False,True,False,True
3726,83,209,5098805.099,total,,0.8559883278,2006,2023,2024,32911,False,False,False,False,True,False,False,False,False,False,True,False,True
3727,83,209,5624831.525,total,,0.8254910299,2006,2023,2024,32911,False,False,False,False,True,False,False,False,False,False,True,False,True
3728,83,209,6205088.485,total,,0.7810728887,2006,2023,2024,32911,False,False,False,False,True,False,False,False,False,False,True,False,True
3729,83,209,6845271.99,total,,0.6892200373,2006,2023,2024,32911,False,False,False,False,True,False,False,False,False,False,True,False,True
3730,83,209,7644712.804,total,,0.6980483227,2006,2023,2024,32911,False,False,False,False,True,False,False,False,False,False,True,False,True
3731,83,209,8537510.187,total,,0.6825060859,2006,2023,2024,32911,False,False,False,False,True,False,False,False,False,False,True,False,True
3732,83,209,9418277.983,total,,0.7311252167,2006,2023,2024,32911,False,False,False,False,True,False,False,False,False,False,True,False,True
3733,83,209,10389830.46,total,,0.7665615526,2006,2023,2024,32911,False,False,False,False,True,False,False,False,False,False,False,True,True
3734,83,209,11461677.23,total,,0.7571302078,2006,2023,2024,32911,False,False,False,False,True,False,False,False,False,False,False,True,True
3735,83,209,12643991.97,total,,0.7142249463,2006,2023,2024,32911,False,False,False,False,True,False,False,False,False,False,False,True,True
3736,83,209,13948489.27,total,,0.7732377469,2006,2023,2024,32911,False,False,False,False,True,False,False,False,False,False,False,True,True
3737,83,209,15387698.25,total,,0.6970767024,2006,2023,2024,32911,False,False,False,False,True,False,False,False,False,False,False,True,True
3738,83,209,16975099.59,total,,0.7089517577,2006,2023,2024,32911,False,False,False,False,True,False,False,False,False,False,False,True,True
3739,83,209,18726439.93,total,,0.7517216432,2006,2023,2024,32911,False,False,False,False,True,False,False,False,False,False,False,True,True
3740,83,209,19911000,total,,0.7492724083,2006,2023,2024,32911,False,False,False,False,True,False,False,False,False,False,False,True,True
3741,83,209,463457.4982,total,,0.8059424042,2006,2023,2024,32911,False,False,False,False,True,False,False,False,False,True,False,False,True
3742,83,209,509878.5037,total,,0.7857745811,2006,2023,2024,32911,False,False,False,False,True,False,False,False,False,True,False,False,True
3743,83,209,567678.6341,total,,0.7755521984,2006,2023,2024,32911,False,False,False,False,True,False,False,False,False,True,False,False,True
3744,83,209,632030.0694,total,,0.7581167238,2006,2023,2024,32911,False,False,False,False,True,False,False,False,False,True,False,False,True
3745,83,209,695329.9735,total,,0.7311252167,2006,2023,2024,32911,False,False,False,False,True,False,False,False,False,True,False,False,True
3746,83,209,764970.1904,total,,0.7076553235,2006,2023,2024,32911,False,False,False,False,True,False,False,False,False,True,False,False,True
3747,83,209,841590.4707,total,,0.6933971467,2006,2023,2024,32911,False,False,False,False,True,False,False,False,False,True,False,False,True
3748,83,209,936992.2869,total,,0.6899833123,2006,2023,2024,32911,False,False,False,False,True,False,False,False,False,True,False,False,True
3749,83,209,1043178.642,total,,0.6911257154,2006,2023,2024,32911,False,False,False,False,True,False,False,False,False,False,True,False,True
3750,83,209,1147691.269,total,,0.6838347212,2006,2023,2024,32911,False,False,False,False,True,False,False,False,False,False,True,False,True
3751,83,209,1262649.872,total,,0.6781995974,2006,2023,2024,32911,False,False,False,False,True,False,False,False,False,False,True,False,True
3752,83,209,1389106.006,total,,0.690151762,2006,2023,2024,32911,False,False,False,False,True,False,False,False,False,False,True,False,True
3753,83,209,1546579.072,total,,0.7106250151,2006,2023,2024,32911,False,False,False,False,True,False,False,False,False,False,True,False,True
3754,83,209,1721887.028,total,,0.736695226,2006,2023,2024,32911,False,False,False,False,True,False,False,False,False,False,True,False,True
3755,83,209,1894350.241,total,,0.7604224834,2006,2023,2024,32911,False,False,False,False,True,False,False,False,False,False,True,False,True
3756,83,209,2084083.556,total,,0.7946100224,2006,2023,2024,32911,False,False,False,False,True,False,False,False,False,False,True,False,True
3757,83,209,2292808.731,total,,0.8207759775,2006,2023,2024,32911,False,False,False,False,True,False,False,False,False,False,True,False,True
3758,83,209,2522452.325,total,,0.8491889985,2006,2023,2024,32911,False,False,False,False,True,False,False,False,False,False,True,False,True
3759,83,209,2808400.447,total,,0.8686091762,2006,2023,2024,32911,False,False,False,False,True,False,False,False,False,False,True,False,True
3760,83,209,3126762.021,total,,0.8804419973,2006,2023,2024,32911,False,False,False,False,True,False,False,False,False,False,True,False,True
3761,83,209,3439925.698,total,,0.8863073804,2006,2023,2024,32911,False,False,False,False,True,False,False,False,False,False,True,False,True
3762,83,209,3784477.864,total,,0.899574296,2006,2023,2024,32911,False,False,False,False,True,False,False,False,False,False,True,False,True
3763,83,209,4163493.141,total,,0.8885866297,2006,2023,2024,32911,False,False,False,False,True,False,False,False,False,False,True,False,True
3764,83,209,4635479.554,total,,0.8720280058,2006,2023,2024,32911,False,False,False,False,True,False,False,False,False,False,True,False,True
3765,83,209,5160938.317,total,,0.8404511336,2006,2023,2024,32911,False,False,False,False,True,False,False,False,False,False,True,False,True
3766,83,209,5677853.66,total,,0.8173174138,2006,2023,2024,32911,False,False,False,False,True,False,False,False,False,False,True,False,True
3767,83,209,6246526.338,total,,0.7854544098,2006,2023,2024,32911,False,False,False,False,True,False,False,False,False,False,True,False,True
3768,83,209,6872128.712,total,,0.7478000909,2006,2023,2024,32911,False,False,False,False,True,False,False,False,False,False,True,False,True
3769,83,209,7651162.337,total,,0.7183355789,2006,2023,2024,32911,False,False,False,False,True,False,False,False,False,False,True,False,True
3770,83,209,8518518.448,total,,0.6883975727,2006,2023,2024,32911,False,False,False,False,True,False,False,False,False,False,True,False,True
3771,83,209,9371689.579,total,,0.6982310754,2006,2023,2024,32911,False,False,False,False,True,False,False,False,False,False,True,False,True
3772,83,209,10310280.86,total,,0.7147278203,2006,2023,2024,32911,False,False,False,False,True,False,False,False,False,False,False,True,True
3773,83,209,11342713.43,total,,0.7084633926,2006,2023,2024,32911,False,False,False,False,True,False,False,False,False,False,False,True,True
3774,83,209,12628805.4,total,,0.7051449932,2006,2023,2024,32911,False,False,False,False,True,False,False,False,False,False,False,True,True
3775,83,209,14060495.08,total,,0.7373516958,2006,2023,2024,32911,False,False,False,False,True,False,False,False,False,False,False,True,True
3776,83,209,15468500.09,total,,0.7279680222,2006,2023,2024,32911,False,False,False,False,True,False,False,False,False,False,False,True,True
3777,83,209,17017948.05,total,,0.7328961248,2006,2023,2024,32911,False,False,False,False,True,False,False,False,False,False,False,True,True
3778,83,209,18722331.85,total,,0.7123760773,2006,2023,2024,32911,False,False,False,False,True,False,False,False,False,False,False,True,True
3779,83,209,19873000,total,,0.7271344238,2006,2023,2024,32911,False,False,False,False,True,False,False,False,False,False,False,True,True
3780,83,209,1046889.728,total,,0.7353327063,2006,2023,2024,32911,False,False,False,False,True,False,False,False,False,False,True,False,True
3781,83,209,1140820.619,total,,0.7277445308,2006,2023,2024,32911,False,False,False,False,True,False,False,False,False,False,True,False,True
3782,83,209,1258475.963,total,,0.71149088,2006,2023,2024,32911,False,False,False,False,True,False,False,False,False,False,True,False,True
3783,83,209,1388326.68,total,,0.7247672456,2006,2023,2024,32911,False,False,False,False,True,False,False,False,False,False,True,False,True
3784,83,209,1531548.556,total,,0.7306409859,2006,2023,2024,32911,False,False,False,False,True,False,False,False,False,False,True,False,True
3785,83,209,1689539.021,total,,0.7428429167,2006,2023,2024,32911,False,False,False,False,True,False,False,False,False,False,True,False,True
3786,83,209,1886863.49,total,,0.7814968746,2006,2023,2024,32911,False,False,False,False,True,False,False,False,False,False,True,False,True
3787,83,209,2107181.53,total,,0.8057386695,2006,2023,2024,32911,False,False,False,False,True,False,False,False,False,False,True,False,True
3788,83,209,2324599.593,total,,0.8437465243,2006,2023,2024,32911,False,False,False,False,True,False,False,False,False,False,True,False,True
3789,83,209,2564408.892,total,,0.8663316526,2006,2023,2024,32911,False,False,False,False,True,False,False,False,False,False,True,False,True
3790,83,209,2828984.422,total,,0.8797121746,2006,2023,2024,32911,False,False,False,False,True,False,False,False,False,False,True,False,True
3791,83,209,3120849.365,total,,0.8852622484,2006,2023,2024,32911,False,False,False,False,True,False,False,False,False,False,True,False,True
3792,83,209,3442778.239,total,,0.9030356968,2006,2023,2024,32911,False,False,False,False,True,False,False,False,False,False,True,False,True
3793,83,209,3797945.099,total,,0.9085922388,2006,2023,2024,32911,False,False,False,False,True,False,False,False,False,False,True,False,True
3794,83,209,4189772.209,total,,0.8976270913,2006,2023,2024,32911,False,False,False,False,True,False,False,False,False,False,True,False,True
3795,83,209,4621984.473,total,,0.8763766294,2006,2023,2024,32911,False,False,False,False,True,False,False,False,False,False,True,False,True
3796,83,209,5098805.099,total,,0.8579954956,2006,2023,2024,32911,False,False,False,False,True,False,False,False,False,False,True,False,True
3797,83,209,5624831.525,total,,0.8323172699,2006,2023,2024,32911,False,False,False,False,True,False,False,False,False,False,True,False,True
3798,83,209,6205088.485,total,,0.7959321296,2006,2023,2024,32911,False,False,False,False,True,False,False,False,False,False,True,False,True
3799,83,209,6845271.99,total,,0.7529506888,2006,2023,2024,32911,False,False,False,False,True,False,False,False,False,False,True,False,True
3800,83,209,7644712.804,total,,0.7294563821,2006,2023,2024,32911,False,False,False,False,True,False,False,False,False,False,True,False,True
3801,83,209,8537510.187,total,,0.7101808538,2006,2023,2024,32911,False,False,False,False,True,False,False,False,False,False,True,False,True
3802,83,209,9418277.983,total,,0.7261156701,2006,2023,2024,32911,False,False,False,False,True,False,False,False,False,False,True,False,True
3803,83,209,10389830.46,total,,0.7432745235,2006,2023,2024,32911,False,False,False,False,True,False,False,False,False,False,False,True,True
3804,83,209,11461677.23,total,,0.719124036,2006,2023,2024,32911,False,False,False,False,True,False,False,False,False,False,False,True,True
3805,83,209,12643991.97,total,,0.7213158806,2006,2023,2024,32911,False,False,False,False,True,False,False,False,False,False,False,True,True
3806,83,209,13948489.27,total,,0.7410333538,2006,2023,2024,32911,False,False,False,False,True,False,False,False,False,False,False,True,True
3807,83,209,15387698.25,total,,0.7196212723,2006,2023,2024,32911,False,False,False,False,True,False,False,False,False,False,False,True,True
3808,83,209,16975099.59,total,,0.726380776,2006,2023,2024,32911,False,False,False,False,True,False,False,False,False,False,False,True,True
3809,83,209,18726439.93,total,,0.738503092,2006,2023,2024,32911,False,False,False,False,True,False,False,False,False,False,False,True,True
3810,83,209,19911000,total,,0.7390974461,2006,2023,2024,32911,False,False,False,False,True,False,False,False,False,False,False,True,True
3811,90,232,2060000,capture,,-1.277695213,2006,2020,2021,32806,True,False,False,False,False,False,False,False,False,False,True,False,True
3812,90,232,3520000,capture,,-2.095284455,2006,2020,2021,32806,True,False,False,False,False,False,False,False,False,False,True,False,True
3813,90,232,4360000,capture,,-2.659555885,2006,2020,2021,32806,True,False,False,False,False,False,False,False,False,False,True,False,True
3814,90,232,10190,capture,,-0.05060999336,2006,2023,2024,32918,True,False,False,False,False,False,False,False,True,False,False,False,False
3815,90,232,11305,capture,,-0.1307682803,2006,2023,2024,32918,True,False,False,False,False,False,False,False,True,False,False,False,False
3816,90,232,12535,capture,,-0.08618614762,2006,2023,2024,32918,True,False,False,False,False,False,False,False,True,False,False,False,False
3817,90,232,13900,capture,,-0.08618614762,2006,2023,2024,32918,True,False,False,False,False,False,False,False,True,False,False,False,False
3818,90,232,15420,capture,,-0.1366771399,2006,2023,2024,32918,True,False,False,False,False,False,False,False,True,False,False,False,False
3819,90,232,17105,capture,,-0.1870866434,2006,2023,2024,32918,True,False,False,False,False,False,False,False,True,False,False,False,False
3820,90,232,18970,capture,,-0.1804560645,2006,2023,2024,32918,True,False,False,False,False,False,False,False,True,False,False,False,False
3821,90,232,21040,capture,,-0.1804560645,2006,2023,2024,32918,True,False,False,False,False,False,False,False,True,False,False,False,False
3822,90,232,23340,capture,,-0.251811973,2006,2023,2024,32918,True,False,False,False,False,False,False,False,True,False,False,False,False
3823,90,232,25890,capture,,-0.2676062402,2006,2023,2024,32918,True,False,False,False,False,False,False,False,True,False,False,False,False
3824,90,232,28715,capture,,-0.2757241304,2006,2023,2024,32918,True,False,False,False,False,False,False,False,True,False,False,False,False
3825,90,232,31850,capture,,-0.251811973,2006,2023,2024,32918,True,False,False,False,False,False,False,False,True,False,False,False,False
3826,90,232,35325,capture,,-0.2839966564,2006,2023,2024,32918,True,False,False,False,False,False,False,False,True,False,False,False,False
3827,90,232,39180,capture,,-0.3279021421,2006,2023,2024,32918,True,False,False,False,False,False,False,False,True,False,False,False,False
3828,90,232,43460,capture,,-0.3372421683,2006,2023,2024,32918,True,False,False,False,False,False,False,False,True,False,False,False,False
3829,90,232,48205,capture,,-0.3767507096,2006,2023,2024,32918,True,False,False,False,False,False,False,False,True,False,False,False,False
3830,90,232,53465,capture,,-0.4202164034,2006,2023,2024,32918,True,False,False,False,False,False,False,False,True,False,False,False,False
3831,90,232,59300,capture,,-0.4559319556,2006,2023,2024,32918,True,False,False,False,False,False,False,False,True,False,False,False,False
3832,90,232,65775,capture,,-0.5228787453,2006,2023,2024,32918,True,False,False,False,False,False,False,False,True,False,False,False,False
3833,90,232,72960,capture,,-0.5528419687,2006,2023,2024,32918,True,False,False,False,False,False,False,False,True,False,False,False,False
3834,90,232,80925,capture,,-0.585026652,2006,2023,2024,32918,True,False,False,False,False,False,False,False,True,False,False,False,False
3835,90,232,89760,capture,,-0.6197887583,2006,2023,2024,32918,True,False,False,False,False,False,False,False,True,False,False,False,False
3836,90,232,99560,capture,,-0.6777807053,2006,2023,2024,32918,True,False,False,False,False,False,False,False,True,False,False,False,False
3837,90,232,110425,capture,,-0.6777807053,2006,2023,2024,32918,True,False,False,False,False,False,False,False,False,True,False,False,True
3838,90,232,122480,capture,,-0.721246399,2006,2023,2024,32918,True,False,False,False,False,False,False,False,False,True,False,False,True
3839,90,232,135855,capture,,-0.721246399,2006,2023,2024,32918,True,False,False,False,False,False,False,False,False,True,False,False,True
3840,90,232,150690,capture,,-0.7447274949,2006,2023,2024,32918,True,False,False,False,False,False,False,False,False,True,False,False,True
3841,90,232,167140,capture,,-0.7695510786,2006,2023,2024,32918,True,False,False,False,False,False,False,False,False,True,False,False,True
3842,90,232,185385,capture,,-0.7958800173,2006,2023,2024,32918,True,False,False,False,False,False,False,False,False,True,False,False,True
3843,90,232,3994,capture,,0.07605759576,2006,2022,2025,32923,True,False,False,False,False,False,False,True,False,False,False,False,False
3844,90,232,4482,capture,,0.09824558429,2006,2022,2025,32923,True,False,False,False,False,False,False,True,False,False,False,False,False
3845,90,232,5028,capture,,0.1157203194,2006,2022,2025,32923,True,False,False,False,False,False,False,True,False,False,False,False,False
3846,90,232,5642,capture,,-0.1567011793,2006,2022,2025,32923,True,False,False,False,False,False,False,True,False,False,False,False,False
3847,90,232,6331,capture,,0.0006596264233,2006,2022,2025,32923,True,False,False,False,False,False,False,True,False,False,False,False,False
3848,90,232,7103,capture,,-0.1669000827,2006,2022,2025,32923,True,False,False,False,False,False,False,True,False,False,False,False,False
3849,90,232,7970,capture,,-0.06218983489,2006,2022,2025,32923,True,False,False,False,False,False,False,True,False,False,False,False,False
3850,90,232,8942,capture,,-0.1202253848,2006,2022,2025,32923,True,False,False,False,False,False,False,True,False,False,False,False,False
3851,90,232,10033,capture,,-0.1370538901,2006,2022,2025,32923,True,False,False,False,False,False,False,False,True,False,False,False,False
3852,90,232,11257,capture,,-0.1370973594,2006,2022,2025,32923,True,False,False,False,False,False,False,False,True,False,False,False,False
3853,90,232,12631,capture,,-0.2623208383,2006,2022,2025,32923,True,False,False,False,False,False,False,False,True,False,False,False,False
3854,90,232,14172,capture,,-0.05560074014,2006,2022,2025,32923,True,False,False,False,False,False,False,False,True,False,False,False,False
3855,90,232,15902,capture,,-0.2682251485,2006,2022,2025,32923,True,False,False,False,False,False,False,False,True,False,False,False,False
3856,90,232,17842,capture,,-0.08348288594,2006,2022,2025,32923,True,False,False,False,False,False,False,False,True,False,False,False,False
3857,90,232,20019,capture,,-0.2053028731,2006,2022,2025,32923,True,False,False,False,False,False,False,False,True,False,False,False,False
3858,90,232,22461,capture,,-0.3086231819,2006,2022,2025,32923,True,False,False,False,False,False,False,False,True,False,False,False,False
3859,90,232,25202,capture,,-0.2259767317,2006,2022,2025,32923,True,False,False,False,False,False,False,False,True,False,False,False,False
3860,90,232,28999,capture,,-0.3629547992,2006,2022,2025,32923,True,False,False,False,False,False,False,False,True,False,False,False,False
3861,90,232,31728,capture,,-0.3413133473,2006,2022,2025,32923,True,False,False,False,False,False,False,False,True,False,False,False,False
3862,90,232,35599,capture,,-0.4107677441,2006,2022,2025,32923,True,False,False,False,False,False,False,False,True,False,False,False,False
3863,90,232,39943,capture,,-0.3650302713,2006,2022,2025,32923,True,False,False,False,False,False,False,False,True,False,False,False,False
3864,90,232,44816,capture,,-0.3906873867,2006,2022,2025,32923,True,False,False,False,False,False,False,False,True,False,False,False,False
3865,90,232,50285,capture,,-0.5144773158,2006,2022,2025,32923,True,False,False,False,False,False,False,False,True,False,False,False,False
3866,90,232,56421,capture,,-0.4624642329,2006,2022,2025,32923,True,False,False,False,False,False,False,False,True,False,False,False,False
3867,90,232,63305,capture,,-0.5212128062,2006,2022,2025,32923,True,False,False,False,False,False,False,False,True,False,False,False,False
3868,90,232,71029,capture,,-0.6739059363,2006,2022,2025,32923,True,False,False,False,False,False,False,False,True,False,False,False,False
3869,90,232,79696,capture,,-0.6909045141,2006,2022,2025,32923,True,False,False,False,False,False,False,False,True,False,False,False,False
3870,90,232,89421,capture,,-0.7289976011,2006,2022,2025,32923,True,False,False,False,False,False,False,False,True,False,False,False,False
3871,90,232,100330,capture,,-0.5926158947,2006,2022,2025,32923,True,False,False,False,False,False,False,False,False,True,False,False,True
3872,90,232,112570,capture,,-0.6807335834,2006,2022,2025,32923,True,False,False,False,False,False,False,False,False,True,False,False,True
3873,90,232,126310,capture,,-0.6411042925,2006,2022,2025,32923,True,False,False,False,False,False,False,False,False,True,False,False,True
3874,90,232,3700000,capture,,-1.962573502,2006,2011,2011,33033,True,False,False,False,False,False,False,False,False,False,True,False,True
3875,90,232,9850000,capture,,-2.869666232,2006,2011,2011,33033,True,False,False,False,False,False,False,False,False,False,True,False,True
3876,90,232,1600000,capture,,-1.038578906,2006,2012,2011,33038,True,False,False,False,False,False,False,False,False,False,True,False,True
3877,90,232,2200000,capture,,-1.318758763,2006,2012,2011,33038,True,False,False,False,False,False,False,False,False,False,True,False,True
3878,90,232,3000000,capture,,-1.782516056,2006,2012,2011,33038,True,False,False,False,False,False,False,False,False,False,True,False,True
3879,90,232,3700000,capture,,-1.966576245,2006,2012,2011,33038,True,False,False,False,False,False,False,False,False,False,True,False,True
3880,90,232,5900000,capture,,-2.946921557,2006,2012,2012,33040,True,False,False,False,False,False,False,False,False,False,True,False,True
3881,90,232,15500000,capture,,-3.107905397,2006,2012,2012,33040,True,False,False,False,False,False,False,False,False,False,False,True,True
3882,90,232,8040000,capture,,-3.113509275,2006,2012,2013,33042,True,False,False,False,False,False,False,False,False,False,True,False,True
3883,90,232,11900000,capture,,-2.950781977,2006,2012,2013,33042,True,False,False,False,False,False,False,False,False,False,False,True,True
3884,90,232,13500000,capture,,-2.97798426,2006,2012,2013,33044,True,False,False,False,False,False,False,False,False,False,False,True,True
3885,90,232,15500000,capture,,-3.154281982,2006,2012,2013,33044,True,False,False,False,False,False,False,False,False,False,False,True,True
3886,90,232,17280000,capture,,-3.298432015,2006,2012,2013,33044,True,False,False,False,False,False,False,False,False,False,False,True,True
3887,90,232,2450000,capture,,-1.438946344,2006,2015,2017,33091,True,False,False,False,False,False,False,False,False,False,True,False,True
3888,90,232,14800000,capture,,-2.804377056,2006,2015,2017,33091,True,False,False,False,False,False,False,False,False,False,False,True,True
3889,90,232,10950000,capture,,-2.747875447,2006,2018,2019,33116,True,False,False,False,False,False,False,False,False,False,False,True,True
3890,90,232,13970000,capture,,-2.91829273,2006,2018,2019,33116,True,False,False,False,False,False,False,False,False,False,False,True,True
3891,90,232,14980000,capture,,-2.913640169,2006,2018,2019,33116,True,False,False,False,False,False,False,False,False,False,False,True,True
3892,90,232,18990000,capture,,-3.276544328,2006,2018,2019,33116,True,False,False,False,False,False,False,False,False,False,False,True,True
3893,90,232,13992696.05,n2n,,0.1980519517,2006,2011,2012,23177,False,True,False,False,False,False,False,False,False,False,False,True,True
3894,90,232,14789945.91,n2n,,0.0537696896,2006,2011,2012,23177,False,True,False,False,False,False,False,False,False,False,False,True,True
3895,90,232,12490000,n2n,,0.3516552542,2006,2024,2025,32933,False,True,False,False,False,False,False,False,False,False,False,True,True
3896,90,232,16380000,n2n,,-0.07591722494,2006,2024,2025,32933,False,True,False,False,False,False,False,False,False,False,False,True,True
3897,90,232,18100000,n2n,,-0.3016558304,2006,2024,2025,32933,False,True,False,False,False,False,False,False,False,False,False,True,True
3898,90,232,9850000,n2n,,0.2360331471,2006,2011,2011,33033,False,True,False,False,False,False,False,False,False,False,True,False,True
3899,90,232,15500000,n2n,,-0.03011835625,2006,2012,2012,33040,False,True,False,False,False,False,False,False,False,False,False,True,True
3900,90,232,8040000,n2n,,0.1948721752,2006,2012,2013,33042,False,True,False,False,False,False,False,False,False,False,True,False,True
3901,90,232,11900000,n2n,,0.3217909933,2006,2012,2013,33042,False,True,False,False,False,False,False,False,False,False,False,True,True
3902,90,232,17280000,n2n,,-0.1830961606,2006,2012,2013,33044,False,True,False,False,False,False,False,False,False,False,False,True,True
3903,90,232,14800000,n2n,,0.2237554537,2006,2015,2017,33091,False,True,False,False,False,False,False,False,False,False,False,True,True
3904,90,232,8970000,n2n,,0.260071388,2006,2018,2019,33115,False,True,False,False,False,False,False,False,False,False,True,False,True
3905,90,232,16520000,n2n,,-0.2076083105,2006,2018,2019,33115,False,True,False,False,False,False,False,False,False,False,False,True,True
3906,90,232,10490000,n2n,,0.3344537512,2006,2019,2020,33136,False,True,False,False,False,False,False,False,False,False,False,True,True
3907,90,232,14460000,n2n,,0.03342375549,2006,2019,2020,33136,False,True,False,False,False,False,False,False,False,False,False,True,True
3908,90,232,18360000,n2n,,-0.3467874862,2006,2019,2020,33136,False,True,False,False,False,False,False,False,False,False,False,True,True
3909,90,232,15030000,n2n,,0.0170333393,2006,2019,2020,33136,False,True,False,False,False,False,False,False,False,False,False,True,True
3910,90,232,13967594.41,n2n,,0.2095150145,2006,2016,2016,41614,False,True,False,False,False,False,False,False,False,False,False,True,True
3911,90,232,14749783.05,n2n,,0.08475496318,2006,2016,2016,41614,False,True,False,False,False,False,False,False,False,False,False,True,True
3912,90,232,3380931.676,total,,0.9054477658,2006,2024,2024,14825,False,False,False,False,True,False,False,False,False,False,True,False,True
3913,90,232,3736330.285,total,,0.906502046,2006,2024,2024,14825,False,False,False,False,True,False,False,False,False,False,True,False,True
3914,90,232,4129715.729,total,,0.9013138958,2006,2024,2024,14825,False,False,False,False,True,False,False,False,False,False,True,False,True
3915,90,232,4563576.339,total,,0.8939558478,2006,2024,2024,14825,False,False,False,False,True,False,False,False,False,False,True,False,True
3916,90,232,5043426.316,total,,0.8837068492,2006,2024,2024,14825,False,False,False,False,True,False,False,False,False,False,True,False,True
3917,90,232,5574267.216,total,,0.8677001885,2006,2024,2024,14825,False,False,False,False,True,False,False,False,False,False,True,False,True
3918,90,232,6160075.324,total,,0.8486539636,2006,2024,2024,14825,False,False,False,False,True,False,False,False,False,False,True,False,True
3919,90,232,6808365.443,total,,0.8274306645,2006,2024,2024,14825,False,False,False,False,True,False,False,False,False,False,True,False,True
3920,90,232,7524651.819,total,,0.8077953914,2006,2024,2024,14825,False,False,False,False,True,False,False,False,False,False,True,False,True
3921,90,232,8315398.968,total,,0.789355046,2006,2024,2024,14825,False,False,False,False,True,False,False,False,False,False,True,False,True
3922,90,232,9190122.36,total,,0.7750385357,2006,2024,2024,14825,False,False,False,False,True,False,False,False,False,False,True,False,True
3923,90,232,10154873.71,total,,0.7636750219,2006,2024,2024,14825,False,False,False,False,True,False,False,False,False,False,False,True,True
3924,90,232,11226508.81,total,,0.7596942792,2006,2024,2024,14825,False,False,False,False,True,False,False,False,False,False,False,True,True
3925,90,232,12406127.52,total,,0.7595809771,2006,2024,2024,14825,False,False,False,False,True,False,False,False,False,False,False,True,True
3926,90,232,13710660.09,total,,0.7665801372,2006,2024,2024,14825,False,False,False,False,True,False,False,False,False,False,False,True,True
3927,90,232,15155236.72,total,,0.7748088303,2006,2024,2024,14825,False,False,False,False,True,False,False,False,False,False,False,True,True
3928,90,232,16744733.5,total,,0.7831028254,2006,2024,2024,14825,False,False,False,False,True,False,False,False,False,False,False,True,True
3929,90,232,18509159.89,total,,0.7904364721,2006,2024,2024,14825,False,False,False,False,True,False,False,False,False,False,False,True,True
3930,90,232,19950000,total,,0.7962342571,2006,2024,2024,14825,False,False,False,False,True,False,False,False,False,False,False,True,True
3931,92,235,1061.01,capture,,0.6457503227,2006,2012,2008,14149,True,False,False,False,False,False,False,True,False,False,False,False,False
3932,92,235,1190.47,capture,,0.5289706625,2006,2012,2008,14149,True,False,False,False,False,False,False,True,False,False,False,False,False
3933,92,235,1335.73,capture,,0.4142896314,2006,2012,2008,14149,True,False,False,False,False,False,False,True,False,False,False,False,False
3934,92,235,1498.72,capture,,0.375850092,2006,2012,2008,14149,True,False,False,False,False,False,False,True,False,False,False,False,False
3935,92,235,1681.59,capture,,0.3537085504,2006,2012,2008,14149,True,False,False,False,False,False,False,True,False,False,False,False,False
3936,92,235,1886.77,capture,,0.4282773748,2006,2012,2008,14149,True,False,False,False,False,False,False,True,False,False,False,False,False
3937,92,235,2116.99,capture,,0.3879554646,2006,2012,2008,14149,True,False,False,False,False,False,False,True,False,False,False,False,False
3938,92,235,2375.3,capture,,0.2380034247,2006,2012,2008,14149,True,False,False,False,False,False,False,True,False,False,False,False,False
3939,92,235,2665.13,capture,,0.2763767752,2006,2012,2008,14149,True,False,False,False,False,False,False,True,False,False,False,False,False
3940,92,235,2990.33,capture,,0.2667677641,2006,2012,2008,14149,True,False,False,False,False,False,False,True,False,False,False,False,False
3941,92,235,3355.205,capture,,0.2950566415,2006,2012,2008,14149,True,False,False,False,False,False,False,True,False,False,False,False,False
3942,92,235,3764.6,capture,,0.2682198121,2006,2012,2008,14149,True,False,False,False,False,False,False,True,False,False,False,False,False
3943,92,235,4223.95,capture,,0.1921044795,2006,2012,2008,14149,True,False,False,False,False,False,False,True,False,False,False,False,False
3944,92,235,4739.35,capture,,0.2080407393,2006,2012,2008,14149,True,False,False,False,False,False,False,True,False,False,False,False,False
3945,92,235,5317.64,capture,,0.06736847092,2006,2012,2008,14149,True,False,False,False,False,False,False,True,False,False,False,False,False
3946,92,235,5966.495,capture,,0.1941423266,2006,2012,2008,14149,True,False,False,False,False,False,False,True,False,False,False,False,False
3947,92,235,6694.52,capture,,0.1222748728,2006,2012,2008,14149,True,False,False,False,False,False,False,True,False,False,False,False,False
3948,92,235,7511.375,capture,,0.05947253596,2006,2012,2008,14149,True,False,False,False,False,False,False,True,False,False,False,False,False
3949,92,235,8427.895,capture,,0.1385079525,2006,2012,2008,14149,True,False,False,False,False,False,False,True,False,False,False,False,False
3950,92,235,9456.235,capture,,0.0232195261,2006,2012,2008,14149,True,False,False,False,False,False,False,True,False,False,False,False,False
3951,92,235,11294.635,capture,,0.04403775833,2006,2012,2008,14149,True,False,False,False,False,False,False,False,True,False,False,False,False
3952,92,235,14219.1,capture,,0.0189001284,2006,2012,2008,14149,True,False,False,False,False,False,False,False,True,False,False,False,False
3953,92,235,17900.75,capture,,-0.05643623992,2006,2012,2008,14149,True,False,False,False,False,False,False,False,True,False,False,False,False
3954,92,235,22535.7,capture,,-0.06226651875,2006,2012,2008,14149,True,False,False,False,False,False,False,False,True,False,False,False,False
3955,92,235,28370.75,capture,,-0.1153292234,2006,2012,2008,14149,True,False,False,False,False,False,False,False,True,False,False,False,False
3956,92,235,35716.7,capture,,-0.1927221071,2006,2012,2008,14149,True,False,False,False,False,False,False,False,True,False,False,False,False
3957,92,235,44964.7,capture,,-0.1585404156,2006,2012,2008,14149,True,False,False,False,False,False,False,False,True,False,False,False,False
3958,92,235,56607.25,capture,,-0.2686772108,2006,2012,2008,14149,True,False,False,False,False,False,False,False,True,False,False,False,False
3959,92,235,71264.3,capture,,-0.2381773668,2006,2012,2008,14149,True,False,False,False,False,False,False,False,True,False,False,False,False
3960,92,235,89716.4,capture,,-0.3991250765,2006,2012,2008,14149,True,False,False,False,False,False,False,False,True,False,False,False,False
3961,92,235,129244.5,capture,,-0.422922011,2006,2012,2008,14149,True,False,False,False,False,False,False,False,False,True,False,False,True
3962,92,235,204839,capture,,-0.4826457256,2006,2012,2008,14149,True,False,False,False,False,False,False,False,False,True,False,False,True
3963,92,235,324648,capture,,-0.6780703315,2006,2012,2008,14149,True,False,False,False,False,False,False,False,False,True,False,False,True
3964,92,235,514532.5,capture,,-0.7839133076,2006,2012,2008,14149,True,False,False,False,False,False,False,False,False,True,False,False,True
3965,92,235,815479,capture,,-0.9062982152,2006,2012,2008,14149,True,False,False,False,False,False,False,False,False,True,False,False,True
3966,92,235,3197256.011,total,,0.8955523729,2006,2024,2024,14825,False,False,False,False,True,False,False,False,False,False,True,False,True
3967,92,235,3443188.928,total,,0.8962188509,2006,2024,2024,14825,False,False,False,False,True,False,False,False,False,False,True,False,True
3968,92,235,3800806.754,total,,0.8977438953,2006,2024,2024,14825,False,False,False,False,True,False,False,False,False,False,True,False,True
3969,92,235,4195648.579,total,,0.8961774845,2006,2024,2024,14825,False,False,False,False,True,False,False,False,False,False,True,False,True
3970,92,235,4631234.391,total,,0.8898365359,2006,2024,2024,14825,False,False,False,False,True,False,False,False,False,False,True,False,True
3971,92,235,5111800.312,total,,0.8778692894,2006,2024,2024,14825,False,False,False,False,True,False,False,False,False,False,True,False,True
3972,92,235,5642348.084,total,,0.8630238079,2006,2024,2024,14825,False,False,False,False,True,False,False,False,False,False,True,False,True
3973,92,235,6228380.123,total,,0.843566004,2006,2024,2024,14825,False,False,False,False,True,False,False,False,False,False,True,False,True
3974,92,235,6874632.714,total,,0.8237219542,2006,2024,2024,14825,False,False,False,False,True,False,False,False,False,False,True,False,True
3975,92,235,7588608.563,total,,0.8054736714,2006,2024,2024,14825,False,False,False,False,True,False,False,False,False,False,True,False,True
3976,92,235,8376063.032,total,,0.7834229466,2006,2024,2024,14825,False,False,False,False,True,False,False,False,False,False,True,False,True
3977,92,235,9245974.85,total,,0.7702074528,2006,2024,2024,14825,False,False,False,False,True,False,False,False,False,False,True,False,True
3978,92,235,10204877.47,total,,0.7603470785,2006,2024,2024,14825,False,False,False,False,True,False,False,False,False,False,False,True,True
3979,92,235,11407130.04,total,,0.7557636011,2006,2024,2024,14825,False,False,False,False,True,False,False,False,False,False,False,True,True
3980,92,235,12745104.86,total,,0.7577963518,2006,2024,2024,14825,False,False,False,False,True,False,False,False,False,False,False,True,True
3981,92,235,14069683.68,total,,0.7600283483,2006,2024,2024,14825,False,False,False,False,True,False,False,False,False,False,False,True,True
3982,92,235,15526596.21,total,,0.7708115247,2006,2024,2024,14825,False,False,False,False,True,False,False,False,False,False,False,True,True
3983,92,235,17140978.38,total,,0.7794395542,2006,2024,2024,14825,False,False,False,False,True,False,False,False,False,False,False,True,True
3984,92,235,18920296.75,total,,0.7850752354,2006,2024,2024,14825,False,False,False,False,True,False,False,False,False,False,False,True,True
3985,92,236,1418.08,capture,,0.5259008841,2006,2017,2017,14481,True,False,False,False,False,False,False,True,False,False,False,False,False
3986,92,236,1628.18,capture,,0.3006128727,2006,2017,2017,14481,True,False,False,False,False,False,False,True,False,False,False,False,False
3987,92,236,1869.4,capture,,0.3226554382,2006,2017,2017,14481,True,False,False,False,False,False,False,True,False,False,False,False,False
3988,92,236,2146.36,capture,,0.2959056078,2006,2017,2017,14481,True,False,False,False,False,False,False,True,False,False,False,False,False
3989,92,236,2464.35,capture,,0.2288057163,2006,2017,2017,14481,True,False,False,False,False,False,False,True,False,False,False,False,False
3990,92,236,2829.45,capture,,0.1604505227,2006,2017,2017,14481,True,False,False,False,False,False,False,True,False,False,False,False,False
3991,92,236,3248.64,capture,,0.1554757181,2006,2017,2017,14481,True,False,False,False,False,False,False,True,False,False,False,False,False
3992,92,236,3729.94,capture,,0.1809741292,2006,2017,2017,14481,True,False,False,False,False,False,False,True,False,False,False,False,False
3993,92,236,4282.55,capture,,0.125936467,2006,2017,2017,14481,True,False,False,False,False,False,False,True,False,False,False,False,False
3994,92,236,4917.02,capture,,0.1015546224,2006,2017,2017,14481,True,False,False,False,False,False,False,True,False,False,False,False,False
3995,92,236,5645.49,capture,,0.08673700467,2006,2017,2017,14481,True,False,False,False,False,False,False,True,False,False,False,False,False
3996,92,236,6481.9,capture,,0.07134064216,2006,2017,2017,14481,True,False,False,False,False,False,False,True,False,False,False,False,False
3997,92,236,7442.21,capture,,-0.001432927353,2006,2017,2017,14481,True,False,False,False,False,False,False,True,False,False,False,False,False
3998,92,236,8544.8,capture,,-0.03794809471,2006,2017,2017,14481,True,False,False,False,False,False,False,True,False,False,False,False,False
3999,92,236,9810.74,capture,,-0.050581204,2006,2017,2017,14481,True,False,False,False,False,False,False,True,False,False,False,False,False
4000,92,236,11264.2,capture,,-0.08095644326,2006,2017,2017,14481,True,False,False,False,False,False,False,False,True,False,False,False,False
4001,92,236,12933.1,capture,,-0.1115076795,2006,2017,2017,14481,True,False,False,False,False,False,False,False,True,False,False,False,False
4002,92,236,14849.2,capture,,-0.1067954684,2006,2017,2017,14481,True,False,False,False,False,False,False,False,True,False,False,False,False
4003,92,236,17049.1,capture,,-0.1523810762,2006,2017,2017,14481,True,False,False,False,False,False,False,False,True,False,False,False,False
4004,92,236,19575,capture,,-0.1729151796,2006,2017,2017,14481,True,False,False,False,False,False,False,False,True,False,False,False,False
4005,92,236,22475.1,capture,,-0.1684232655,2006,2017,2017,14481,True,False,False,False,False,False,False,False,True,False,False,False,False
4006,92,236,25804.9,capture,,-0.1935134138,2006,2017,2017,14481,True,False,False,False,False,False,False,False,True,False,False,False,False
4007,92,236,29628,capture,,-0.2422943052,2006,2017,2017,14481,True,False,False,False,False,False,False,False,True,False,False,False,False
4008,92,236,34017.5,capture,,-0.2584040875,2006,2017,2017,14481,True,False,False,False,False,False,False,False,True,False,False,False,False
4009,92,236,39057.3,capture,,-0.2566988094,2006,2017,2017,14481,True,False,False,False,False,False,False,False,True,False,False,False,False
4010,92,236,44843.8,capture,,-0.311645149,2006,2017,2017,14481,True,False,False,False,False,False,False,False,True,False,False,False,False
4011,92,236,51487.5,capture,,-0.3320457964,2006,2017,2017,14481,True,False,False,False,False,False,False,False,True,False,False,False,False
4012,92,236,59115.6,capture,,-0.4082811036,2006,2017,2017,14481,True,False,False,False,False,False,False,False,True,False,False,False,False
4013,92,236,67873.8,capture,,-0.4235929922,2006,2017,2017,14481,True,False,False,False,False,False,False,False,True,False,False,False,False
4014,92,236,77929.5,capture,,-0.4907477316,2006,2017,2017,14481,True,False,False,False,False,False,False,False,True,False,False,False,False
4015,92,236,89475.1,capture,,-0.4839871513,2006,2017,2017,14481,True,False,False,False,False,False,False,False,True,False,False,False,False
4016,92,236,102731,capture,,-0.5479650289,2006,2017,2017,14481,True,False,False,False,False,False,False,False,False,True,False,False,True
4017,92,236,117951,capture,,-0.6028667908,2006,2017,2017,14481,True,False,False,False,False,False,False,False,False,True,False,False,True
4018,92,236,135426,capture,,-0.6628063885,2006,2017,2017,14481,True,False,False,False,False,False,False,False,False,True,False,False,True
4019,92,236,155490,capture,,-0.6603875915,2006,2017,2017,14481,True,False,False,False,False,False,False,False,False,True,False,False,True
4020,92,236,178526,capture,,-0.6207633946,2006,2017,2017,14481,True,False,False,False,False,False,False,False,False,True,False,False,True
4021,92,236,204976,capture,,-0.6727330436,2006,2017,2017,14481,True,False,False,False,False,False,False,False,False,True,False,False,True
4022,92,236,235343,capture,,-0.7601476793,2006,2017,2017,14481,True,False,False,False,False,False,False,False,False,True,False,False,True
4023,92,236,270210,capture,,-0.7781399589,2006,2017,2017,14481,True,False,False,False,False,False,False,False,False,True,False,False,True
4024,92,236,310243,capture,,-0.7221731201,2006,2017,2017,14481,True,False,False,False,False,False,False,False,False,True,False,False,True
4025,92,236,356207,capture,,-0.7469310886,2006,2017,2017,14481,True,False,False,False,False,False,False,False,False,True,False,False,True
4026,92,236,408980,capture,,-0.8420659818,2006,2017,2017,14481,True,False,False,False,False,False,False,False,False,True,False,False,True
4027,92,236,469572,capture,,-0.7473872319,2006,2017,2017,14481,True,False,False,False,False,False,False,False,False,True,False,False,True
4028,92,236,539141,capture,,-0.8562484617,2006,2017,2017,14481,True,False,False,False,False,False,False,False,False,True,False,False,True
4029,92,236,619016,capture,,-0.8307489008,2006,2017,2017,14481,True,False,False,False,False,False,False,False,False,True,False,False,True
4030,92,236,710726,capture,,-0.8758056302,2006,2017,2017,14481,True,False,False,False,False,False,False,False,False,True,False,False,True
4031,92,238,2120.368342,capture,,0.1847368449,2006,2014,2011,14310,True,False,False,False,False,False,False,True,False,False,False,False,False
4032,92,238,2340.884478,capture,,0.1592663311,2006,2014,2011,14310,True,False,False,False,False,False,False,True,False,False,False,False,False
4033,92,238,2584.386025,capture,,0.1377970431,2006,2014,2011,14310,True,False,False,False,False,False,False,True,False,False,False,False,False
4034,92,238,2853.681754,capture,,0.06490702716,2006,2014,2011,14310,True,False,False,False,False,False,False,True,False,False,False,False,False
4035,92,238,3150.364475,capture,,0.1027080547,2006,2014,2011,14310,True,False,False,False,False,False,False,True,False,False,False,False,False
4036,92,238,3478.231673,capture,,0.06235631809,2006,2014,2011,14310,True,False,False,False,False,False,False,True,False,False,False,False,False
4037,92,238,3840.288575,capture,,0.01493195755,2006,2014,2011,14310,True,False,False,False,False,False,False,True,False,False,False,False,False
4038,92,238,4239.936308,capture,,-0.09267464665,2006,2014,2011,14310,True,False,False,False,False,False,False,True,False,False,False,False,False
4039,92,238,4681.565125,capture,,-0.06851161789,2006,2014,2011,14310,True,False,False,False,False,False,False,True,False,False,False,False,False
4040,92,238,5168.57583,capture,,-0.04333222588,2006,2014,2011,14310,True,False,False,False,False,False,False,True,False,False,False,False,False
4041,92,238,5706.763156,capture,,-0.03591959451,2006,2014,2011,14310,True,False,False,False,False,False,False,True,False,False,False,False,False
4042,92,238,6300.728827,capture,,-0.05976250938,2006,2014,2011,14310,True,False,False,False,False,False,False,True,False,False,False,False,False
4043,92,238,6956.075042,capture,,-0.1194950951,2006,2014,2011,14310,True,False,False,False,False,False,False,True,False,False,False,False,False
4044,92,238,7680.384933,capture,,-0.1506297312,2006,2014,2011,14310,True,False,False,False,False,False,False,True,False,False,False,False,False
4045,92,238,8479.472546,capture,,-0.2040227116,2006,2014,2011,14310,True,False,False,False,False,False,False,True,False,False,False,False,False
4046,92,238,9362.333718,capture,,-0.1928845867,2006,2014,2011,14310,True,False,False,False,False,False,False,True,False,False,False,False,False
4047,92,238,9935,capture,,-0.2130357406,2006,2014,2011,14310,True,False,False,False,False,False,False,True,False,False,False,False,False
4048,92,238,10460,capture,,-0.1694754859,2006,2014,2011,14310,True,False,False,False,False,False,False,False,True,False,False,False,False
4049,92,238,11251.63988,capture,,-0.2047806125,2006,2014,2011,14310,True,False,False,False,False,False,False,False,True,False,False,False,False
4050,92,238,12716.595,capture,,-0.20033787,2006,2014,2011,14310,True,False,False,False,False,False,False,False,True,False,False,False,False
4051,92,238,14365.73702,capture,,-0.2299953206,2006,2014,2011,14310,True,False,False,False,False,False,False,False,True,False,False,False,False
4052,92,238,15840.32197,capture,,-0.2227544736,2006,2014,2011,14310,True,False,False,False,False,False,False,False,True,False,False,False,False
4053,92,238,17459.82818,capture,,-0.2042589791,2006,2014,2011,14310,True,False,False,False,False,False,False,False,True,False,False,False,False
4054,92,238,19254.26446,capture,,-0.2703493317,2006,2014,2011,14310,True,False,False,False,False,False,False,False,True,False,False,False,False
4055,92,238,21223.6307,capture,,-0.2873502984,2006,2014,2011,14310,True,False,False,False,False,False,False,False,True,False,False,False,False
4056,92,238,23403.05963,capture,,-0.3279021421,2006,2014,2011,14310,True,False,False,False,False,False,False,False,True,False,False,False,False
4057,92,238,25802.30997,capture,,-0.3088742846,2006,2014,2011,14310,True,False,False,False,False,False,False,False,True,False,False,False,False
4058,92,238,28446.51121,capture,,-0.4254478913,2006,2014,2011,14310,True,False,False,False,False,False,False,False,True,False,False,False,False
4059,92,238,30600,capture,,-0.3010299957,2006,2014,2011,14310,True,False,False,False,False,False,False,False,True,False,False,False,False
4060,92,238,39060,capture,,-0.3639134849,2006,2014,2011,14310,True,False,False,False,False,False,False,False,True,False,False,False,False
4061,92,238,42022.50112,capture,,-0.4450870494,2006,2014,2011,14310,True,False,False,False,False,False,False,False,True,False,False,False,False
4062,92,238,46336.22341,capture,,-0.4519178295,2006,2014,2011,14310,True,False,False,False,False,False,False,False,True,False,False,False,False
4063,92,238,51079.82968,capture,,-0.4979827852,2006,2014,2011,14310,True,False,False,False,False,False,False,False,True,False,False,False,False
4064,92,238,56318.2173,capture,,-0.5676722077,2006,2014,2011,14310,True,False,False,False,False,False,False,False,True,False,False,False,False
4065,92,238,62086.51867,capture,,-0.5616950355,2006,2014,2011,14310,True,False,False,False,False,False,False,False,True,False,False,False,False
4066,92,238,68449.63112,capture,,-0.6575773192,2006,2014,2011,14310,True,False,False,False,False,False,False,False,True,False,False,False,False
4067,92,238,75467.57251,capture,,-0.6132335843,2006,2014,2011,14310,True,False,False,False,False,False,False,False,True,False,False,False,False
4068,92,238,81200,capture,,-0.6813107301,2006,2014,2011,14310,True,False,False,False,False,False,False,False,True,False,False,False,False
4069,92,238,98700,capture,,-0.7617029321,2006,2014,2011,14310,True,False,False,False,False,False,False,False,True,False,False,False,False
4070,92,238,106168.1685,capture,,-0.6917558233,2006,2014,2011,14310,True,False,False,False,False,False,False,False,False,True,False,False,True
4071,92,238,117115.3278,capture,,-0.6968039426,2006,2014,2011,14310,True,False,False,False,False,False,False,False,False,True,False,False,True
4072,92,238,129111.5797,capture,,-0.7400479401,2006,2014,2011,14310,True,False,False,False,False,False,False,False,False,True,False,False,True
4073,92,238,142308.1867,capture,,-0.7226200253,2006,2014,2011,14310,True,False,False,False,False,False,False,False,False,True,False,False,True
4074,92,238,156902.7724,capture,,-0.9835516817,2006,2014,2011,14310,True,False,False,False,False,False,False,False,False,True,False,False,True
4075,92,238,172949.0098,capture,,-0.8732680771,2006,2014,2011,14310,True,False,False,False,False,False,False,False,False,True,False,False,True
4076,92,238,190693.314,capture,,-0.9490598512,2006,2014,2011,14310,True,False,False,False,False,False,False,False,False,True,False,False,True
4077,92,238,210238.1507,capture,,-0.8208792704,2006,2014,2011,14310,True,False,False,False,False,False,False,False,False,True,False,False,True
4078,92,238,231781.1468,capture,,-0.9319997739,2006,2014,2011,14310,True,False,False,False,False,False,False,False,False,True,False,False,True
4079,92,238,255573.5902,capture,,-0.8789328325,2006,2014,2011,14310,True,False,False,False,False,False,False,False,False,True,False,False,True
4080,92,238,281766.7475,capture,,-0.8546481834,2006,2014,2011,14310,True,False,False,False,False,False,False,False,False,True,False,False,True
4081,92,238,310658.2688,capture,,-0.799286266,2006,2014,2011,14310,True,False,False,False,False,False,False,False,False,True,False,False,True
4082,92,238,342448.2151,capture,,-0.8858896435,2006,2014,2011,14310,True,False,False,False,False,False,False,False,False,True,False,False,True
4083,92,238,377587.9368,capture,,-0.9257322574,2006,2014,2011,14310,True,False,False,False,False,False,False,False,False,True,False,False,True
4084,92,238,416326.2903,capture,,-0.9459617893,2006,2014,2011,14310,True,False,False,False,False,False,False,False,False,True,False,False,True
4085,92,238,458963.3646,capture,,-1.068847361,2006,2014,2011,14310,True,False,False,False,False,False,False,False,False,True,False,False,True
4086,92,238,505999.3083,capture,,-0.7661158912,2006,2014,2011,14310,True,False,False,False,False,False,False,False,False,True,False,False,True
4087,92,238,557834.2406,capture,,-0.8571414489,2006,2014,2011,14310,True,False,False,False,False,False,False,False,False,True,False,False,True
4088,92,238,615017.1055,capture,,-0.7440042733,2006,2014,2011,14310,True,False,False,False,False,False,False,False,False,True,False,False,True
4089,92,238,2085.824986,capture,,0.1094403403,2006,2017,2017,23364,True,False,False,False,False,False,False,True,False,False,False,False,False
4090,92,238,2286.975707,capture,,0.1777469591,2006,2017,2017,23364,True,False,False,False,False,False,False,True,False,False,False,False,False
4091,92,238,2565.901734,capture,,0.142029804,2006,2017,2017,23364,True,False,False,False,False,False,False,True,False,False,False,False,False
4092,92,238,2878.839016,capture,,0.04394906329,2006,2017,2017,23364,True,False,False,False,False,False,False,True,False,False,False,False,False
4093,92,238,3156.444528,capture,,0.1181803728,2006,2017,2017,23364,True,False,False,False,False,False,False,True,False,False,False,False,False
4094,92,238,3460.812952,capture,,0.1025791322,2006,2017,2017,23364,True,False,False,False,False,False,False,True,False,False,False,False,False
4095,92,238,3794.523125,capture,,0.03836797543,2006,2017,2017,23364,True,False,False,False,False,False,False,True,False,False,False,False,False
4096,92,238,4160.400787,capture,,-0.06049796975,2006,2017,2017,23364,True,False,False,False,False,False,False,True,False,False,False,False,False
4097,92,238,4667.733965,capture,,-0.04237802921,2006,2017,2017,23364,True,False,False,False,False,False,False,True,False,False,False,False,False
4098,92,238,5236.91541,capture,,-0.06349254076,2006,2017,2017,23364,True,False,False,False,False,False,False,True,False,False,False,False,False
4099,92,238,5741.822319,capture,,-0.03229480769,2006,2017,2017,23364,True,False,False,False,False,False,False,True,False,False,False,False,False
4100,92,238,6295.390364,capture,,-0.01640144908,2006,2017,2017,23364,True,False,False,False,False,False,False,True,False,False,False,False,False
4101,92,238,6902.307812,capture,,-0.08204860918,2006,2017,2017,23364,True,False,False,False,False,False,False,True,False,False,False,False,False
4102,92,238,7567.713285,capture,,-0.1060835169,2006,2017,2017,23364,True,False,False,False,False,False,False,True,False,False,False,False,False
4103,92,238,8490.349595,capture,,-0.1517145891,2006,2017,2017,23364,True,False,False,False,False,False,False,True,False,False,False,False,False
4104,92,238,9525.422547,capture,,-0.1709034512,2006,2017,2017,23364,True,False,False,False,False,False,False,True,False,False,False,False,False
4105,92,238,10443.57625,capture,,-0.1498609419,2006,2017,2017,23364,True,False,False,False,False,False,False,False,True,False,False,False,False
4106,92,238,11450.1952,capture,,-0.1907470931,2006,2017,2017,23364,True,False,False,False,False,False,False,False,True,False,False,False,False
4107,92,238,12553.7834,capture,,-0.1970888269,2006,2017,2017,23364,True,False,False,False,False,False,False,False,True,False,False,False,False
4108,92,238,14083.94587,capture,,-0.1964234015,2006,2017,2017,23364,True,False,False,False,False,False,False,False,True,False,False,False,False
4109,92,238,15800.51532,capture,,-0.2229097231,2006,2017,2017,23364,True,False,False,False,False,False,False,False,True,False,False,False,False
4110,92,238,17323.12799,capture,,-0.2334808232,2006,2017,2017,23364,True,False,False,False,False,False,False,False,True,False,False,False,False
4111,92,238,18992.37706,capture,,-0.2747680967,2006,2017,2017,23364,True,False,False,False,False,False,False,False,True,False,False,False,False
4112,92,238,20822.36866,capture,,-0.2713609761,2006,2017,2017,23364,True,False,False,False,False,False,False,False,True,False,False,False,False
4113,92,238,22828.56395,capture,,-0.3068466281,2006,2017,2017,23364,True,False,False,False,False,False,False,False,True,False,False,False,False
4114,92,238,25610.06642,capture,,-0.3349846792,2006,2017,2017,23364,True,False,False,False,False,False,False,False,True,False,False,False,False
4115,92,238,28730.221,capture,,-0.3294095392,2006,2017,2017,23364,True,False,False,False,False,False,False,False,True,False,False,False,False
4116,92,238,31497.67052,capture,,-0.330671495,2006,2017,2017,23364,True,False,False,False,False,False,False,False,True,False,False,False,False
4117,92,238,34531.47019,capture,,-0.3509135197,2006,2017,2017,23364,True,False,False,False,False,False,False,False,True,False,False,False,False
4118,92,238,37857.22277,capture,,-0.3911954013,2006,2017,2017,23364,True,False,False,False,False,False,False,False,True,False,False,False,False
4119,92,238,41502.98141,capture,,-0.4101335813,2006,2017,2017,23364,True,False,False,False,False,False,False,False,True,False,False,False,False
4120,92,238,46557.29241,capture,,-0.4149015216,2006,2017,2017,23364,True,False,False,False,False,False,False,False,True,False,False,False,False
4121,92,238,52226.50951,capture,,-0.4873629573,2006,2017,2017,23364,True,False,False,False,False,False,False,False,True,False,False,False,False
4122,92,238,57254.47469,capture,,-0.5481598565,2006,2017,2017,23364,True,False,False,False,False,False,False,False,True,False,False,False,False
4123,92,238,62765.93805,capture,,-0.5614402481,2006,2017,2017,23364,True,False,False,False,False,False,False,False,True,False,False,False,False
4124,92,238,68807.31213,capture,,-0.6312251568,2006,2017,2017,23364,True,False,False,False,False,False,False,False,True,False,False,False,False
4125,92,238,75429.45394,capture,,-0.6473371284,2006,2017,2017,23364,True,False,False,False,False,False,False,False,True,False,False,False,False
4126,92,238,14298601.33,capture,,-2.821742679,2006,2018,2021,32784,True,False,False,False,False,False,False,False,False,False,False,True,True
4127,92,238,14800000,capture,,-2.915066425,2006,2018,2021,32784,True,False,False,False,False,False,False,False,False,False,False,True,True
4128,92,238,2040000,capture,,-1.410385459,2006,2020,2021,32802,True,False,False,False,False,False,False,False,False,False,True,False,True
4129,92,238,3020000,capture,,-1.818156412,2006,2020,2021,32802,True,False,False,False,False,False,False,False,False,False,True,False,True
4130,92,238,4380000,capture,,-2.283162277,2006,2020,2021,32802,True,False,False,False,False,False,False,False,False,False,True,False,True
4131,92,238,3622000,capture,,-1.92226882,2006,2023,2024,32896,True,False,False,False,False,False,False,False,False,False,True,False,True
4132,92,238,4626000,capture,,-2.352910571,2006,2023,2024,32896,True,False,False,False,False,False,False,False,False,False,True,False,True
4133,92,238,6117000,capture,,-2.978397284,2006,2023,2024,32896,True,False,False,False,False,False,False,False,False,False,True,False,True
4134,92,238,3700000,capture,,-1.935542011,2006,2012,2013,33043,True,False,False,False,False,False,False,False,False,False,True,False,True
4135,92,238,9850000,capture,,-2.847711656,2006,2012,2013,33043,True,False,False,False,False,False,False,False,False,False,True,False,True
4136,92,238,5900000,capture,,-2.935542011,2006,2014,2015,33056,True,False,False,False,False,False,False,False,False,False,True,False,True
4137,92,238,15500000,capture,,-3.207608311,2006,2014,2015,33056,True,False,False,False,False,False,False,False,False,False,False,True,True
4138,92,238,8040000,capture,,-2.970616222,2006,2014,2015,33059,True,False,False,False,False,False,False,False,False,False,True,False,True
4139,92,238,11900000,capture,,-2.950781977,2006,2014,2015,33059,True,False,False,False,False,False,False,False,False,False,False,True,True
4140,92,238,2450000,capture,,-1.522820843,2006,2015,2017,33091,True,False,False,False,False,False,False,False,False,False,True,False,True
4141,92,238,14800000,capture,,-2.897566294,2006,2015,2017,33091,True,False,False,False,False,False,False,False,False,False,False,True,True
4142,92,238,6340000,n2n,,-1.15490196,2006,2017,2017,14482,False,True,False,False,False,False,False,False,False,False,True,False,True
4143,92,238,6890000,n2n,,-0.408935393,2006,2017,2017,14482,False,True,False,False,False,False,False,False,False,False,True,False,True
4144,92,238,7631382.575,n2n,,-0.008773924308,2006,2017,2017,14482,False,True,False,False,False,False,False,False,False,False,True,False,True
4145,92,238,8380000,n2n,,0.103803721,2006,2017,2017,14482,False,True,False,False,False,False,False,False,False,False,True,False,True
4146,92,238,9141444.087,n2n,,0.1351326514,2006,2017,2017,14482,False,True,False,False,False,False,False,False,False,False,True,False,True
4147,92,238,10156923.75,n2n,,0.1568519011,2006,2017,2017,14482,False,True,False,False,False,False,False,False,False,False,False,True,True
4148,92,238,11415888.77,n2n,,0.1573560154,2006,2017,2017,14482,False,True,False,False,False,False,False,False,False,False,False,True,True
4149,92,238,12430000,n2n,,0.1461280357,2006,2017,2017,14482,False,True,False,False,False,False,False,False,False,False,False,True,True
4150,92,238,13847743.5,n2n,,0,2006,2017,2017,14482,False,True,False,False,False,False,False,False,False,False,False,True,True
4151,92,238,14800000,n2n,,-0.1804560645,2006,2017,2017,14482,False,True,False,False,False,False,False,False,False,False,False,True,True
4152,92,238,13796738.75,n2n,,-0.01010543628,2006,2010,2010,32677,False,True,False,False,False,False,False,False,False,False,False,True,True
4153,92,238,14799662.16,n2n,,-0.2013493546,2006,2010,2010,32677,False,True,False,False,False,False,False,False,False,False,False,True,True
4154,92,238,14650000,n2n,,-0.1707605719,2006,2010,2010,32683,False,True,False,False,False,False,False,False,False,False,False,True,True
4155,92,238,14052383.39,n2n,,-0.06874559358,2006,2011,2012,32696,False,True,False,False,False,False,False,False,False,False,False,True,True
4156,92,238,14800000,n2n,,-0.2111248842,2006,2011,2012,32696,False,True,False,False,False,False,False,False,False,False,False,True,True
4157,92,238,9850000,n2n,,0.1176026917,2006,2012,2013,33043,False,True,False,False,False,False,False,False,False,False,True,False,True
4158,92,238,15500000,n2n,,-0.272458743,2006,2014,2015,33056,False,True,False,False,False,False,False,False,False,False,False,True,True
4159,92,238,8040000,n2n,,0.01872129771,2006,2014,2015,33059,False,True,False,False,False,False,False,False,False,False,True,False,True
4160,92,238,11900000,n2n,,0.09039562241,2006,2014,2015,33059,False,True,False,False,False,False,False,False,False,False,False,True,True
4161,92,238,14800000,n2n,,-0.1594548124,2006,2015,2017,33091,False,True,False,False,False,False,False,False,False,False,False,True,True
4162,92,238,13960707.11,n2n,,-0.02380291467,2006,2016,2016,41614,False,True,False,False,False,False,False,False,False,False,False,True,True
4163,92,238,14769725.79,n2n,,-0.1611509093,2006,2016,2016,41614,False,True,False,False,False,False,False,False,False,False,False,True,True
4164,92,238,3380931.676,total,,0.895988528,2006,2024,2024,14825,False,False,False,False,True,False,False,False,False,False,True,False,True
4165,92,238,3736330.285,total,,0.8965041715,2006,2024,2024,14825,False,False,False,False,True,False,False,False,False,False,True,False,True
4166,92,238,4129715.729,total,,0.8957456603,2006,2024,2024,14825,False,False,False,False,True,False,False,False,False,False,True,False,True
4167,92,238,4563576.339,total,,0.8896685964,2006,2024,2024,14825,False,False,False,False,True,False,False,False,False,False,True,False,True
4168,92,238,5043426.316,total,,0.8798553738,2006,2024,2024,14825,False,False,False,False,True,False,False,False,False,False,True,False,True
4169,92,238,5574267.216,total,,0.8647542653,2006,2024,2024,14825,False,False,False,False,True,False,False,False,False,False,True,False,True
4170,92,238,6160075.324,total,,0.8474338355,2006,2024,2024,14825,False,False,False,False,True,False,False,False,False,False,True,False,True
4171,92,238,6808365.443,total,,0.827456511,2006,2024,2024,14825,False,False,False,False,True,False,False,False,False,False,True,False,True
4172,92,238,7524651.819,total,,0.8089128413,2006,2024,2024,14825,False,False,False,False,True,False,False,False,False,False,True,False,True
4173,92,238,8315398.968,total,,0.7917152046,2006,2024,2024,14825,False,False,False,False,True,False,False,False,False,False,True,False,True
4174,92,238,9190122.36,total,,0.7782815192,2006,2024,2024,14825,False,False,False,False,True,False,False,False,False,False,True,False,True
4175,92,238,10154873.71,total,,0.7666284535,2006,2024,2024,14825,False,False,False,False,True,False,False,False,False,False,False,True,True
4176,92,238,11226508.81,total,,0.7620255061,2006,2024,2024,14825,False,False,False,False,True,False,False,False,False,False,False,True,True
4177,92,238,12406127.52,total,,0.7612134454,2006,2024,2024,14825,False,False,False,False,True,False,False,False,False,False,False,True,True
4178,92,238,13710660.09,total,,0.7662529319,2006,2024,2024,14825,False,False,False,False,True,False,False,False,False,False,False,True,True
4179,92,238,15155236.72,total,,0.7732597081,2006,2024,2024,14825,False,False,False,False,True,False,False,False,False,False,False,True,True
4180,92,238,16744733.5,total,,0.7802632921,2006,2024,2024,14825,False,False,False,False,True,False,False,False,False,False,False,True,True
4181,92,238,18509159.89,total,,0.7871486341,2006,2024,2024,14825,False,False,False,False,True,False,False,False,False,False,False,True,True
4182,92,238,19950000,total,,0.7917327434,2006,2024,2024,14825,False,False,False,False,True,False,False,False,False,False,False,True,True
4183,93,237,1010,capture,,1.041392685,2006,2013,2013,23193,True,False,False,False,False,False,False,True,False,False,False,False,False
4184,93,237,1065.3873,capture,,1.111104499,2006,2022,2022,23601,True,False,False,False,False,False,False,True,False,False,False,False,False
4185,93,237,1218.084,capture,,1.060131,2006,2022,2022,23601,True,False,False,False,False,False,False,True,False,False,False,False,False
4186,93,237,1406.1765,capture,,1.05927556,2006,2022,2022,23601,True,False,False,False,False,False,False,True,False,False,False,False,False
4187,93,237,1641.535,capture,,0.9698444036,2006,2022,2022,23601,True,False,False,False,False,False,False,True,False,False,False,False,False
4188,93,237,1904.08,capture,,0.9387448195,2006,2022,2022,23601,True,False,False,False,False,False,False,True,False,False,False,False,False
4189,93,237,2198.1735,capture,,0.9066043717,2006,2022,2022,23601,True,False,False,False,False,False,False,True,False,False,False,False,False
4190,93,237,2566.189,capture,,0.895218059,2006,2022,2022,23601,True,False,False,False,False,False,False,True,False,False,False,False,False
4191,93,237,3035.2015,capture,,0.8480289221,2006,2022,2022,23601,True,False,False,False,False,False,False,True,False,False,False,False,False
4192,93,237,3645.9535,capture,,0.7869004192,2006,2022,2022,23601,True,False,False,False,False,False,False,True,False,False,False,False,False
4193,93,237,4462.078,capture,,0.7301521725,2006,2022,2022,23601,True,False,False,False,False,False,False,True,False,False,False,False,False
4194,93,237,5587.5275,capture,,0.6992131412,2006,2022,2022,23601,True,False,False,False,False,False,False,True,False,False,False,False,False
4195,93,237,7201.782,capture,,0.6261144344,2006,2022,2022,23601,True,False,False,False,False,False,False,True,False,False,False,False,False
4196,93,237,9637.1795,capture,,0.5778937383,2006,2022,2022,23601,True,False,False,False,False,False,False,True,False,False,False,False,False
4197,93,237,13568.19,capture,,0.5162576539,2006,2022,2022,23601,True,False,False,False,False,False,False,False,True,False,False,False,False
4198,93,237,18483.46,capture,,0.4431690758,2006,2022,2022,23601,True,False,False,False,False,False,False,False,True,False,False,False,False
4199,93,237,24743.96,capture,,0.3905818786,2006,2022,2022,23601,True,False,False,False,False,False,False,False,True,False,False,False,False
4200,93,237,34856.615,capture,,0.3442546926,2006,2022,2022,23601,True,False,False,False,False,False,False,False,True,False,False,False,False
4201,93,237,52830.615,capture,,0.2659963705,2006,2022,2022,23601,True,False,False,False,False,False,False,False,True,False,False,False,False
4202,93,237,74437.595,capture,,0.2312656484,2006,2022,2022,23601,True,False,False,False,False,False,False,False,True,False,False,False,False
4203,93,237,99758.45,capture,,0.1317148785,2006,2022,2022,23601,True,False,False,False,False,False,False,False,True,False,False,False,False
4204,93,237,140741,capture,,0.06307052564,2006,2022,2022,23601,True,False,False,False,False,False,False,False,False,True,False,False,True
4205,93,237,213794.15,capture,,-0.06565307326,2006,2022,2022,23601,True,False,False,False,False,False,False,False,False,True,False,False,True
4206,93,237,364803.75,capture,,-0.2621714941,2006,2022,2022,23601,True,False,False,False,False,False,False,False,False,True,False,False,True
4207,93,237,770144.85,capture,,-0.6876110506,2006,2022,2022,23601,True,False,False,False,False,False,False,False,False,True,False,False,True
4208,93,237,1065.3873,capture,,1.108138638,2006,2022,2022,23601,True,False,False,False,False,False,False,True,False,False,False,False,False
4209,93,237,1218.084,capture,,1.057167634,2006,2022,2022,23601,True,False,False,False,False,False,False,True,False,False,False,False,False
4210,93,237,1406.1765,capture,,1.056313961,2006,2022,2022,23601,True,False,False,False,False,False,False,True,False,False,False,False,False
4211,93,237,1641.535,capture,,0.9668782347,2006,2022,2022,23601,True,False,False,False,False,False,False,True,False,False,False,False,False
4212,93,237,1904.08,capture,,0.9362874885,2006,2022,2022,23601,True,False,False,False,False,False,False,True,False,False,False,False,False
4213,93,237,2198.1735,capture,,0.9041527072,2006,2022,2022,23601,True,False,False,False,False,False,False,True,False,False,False,False,False
4214,93,237,2566.189,capture,,0.8927622346,2006,2022,2022,23601,True,False,False,False,False,False,False,True,False,False,False,False,False
4215,93,237,3035.2015,capture,,0.845569304,2006,2022,2022,23601,True,False,False,False,False,False,False,True,False,False,False,False,False
4216,93,237,3645.9535,capture,,0.7844389742,2006,2022,2022,23601,True,False,False,False,False,False,False,True,False,False,False,False,False
4217,93,237,4462.078,capture,,0.7276957538,2006,2022,2022,23601,True,False,False,False,False,False,False,True,False,False,False,False,False
4218,93,237,5587.5275,capture,,0.6967581655,2006,2022,2022,23601,True,False,False,False,False,False,False,True,False,False,False,False,False
4219,93,237,7201.782,capture,,0.6236523767,2006,2022,2022,23601,True,False,False,False,False,False,False,True,False,False,False,False,False
4220,93,237,9637.1795,capture,,0.5754418791,2006,2022,2022,23601,True,False,False,False,False,False,False,True,False,False,False,False,False
4221,93,237,13568.19,capture,,0.513790065,2006,2022,2022,23601,True,False,False,False,False,False,False,False,True,False,False,False,False
4222,93,237,18483.46,capture,,0.4398377609,2006,2022,2022,23601,True,False,False,False,False,False,False,False,True,False,False,False,False
4223,93,237,24743.96,capture,,0.3872474114,2006,2022,2022,23601,True,False,False,False,False,False,False,False,True,False,False,False,False
4224,93,237,34856.615,capture,,0.3409197934,2006,2022,2022,23601,True,False,False,False,False,False,False,False,True,False,False,False,False
4225,93,237,52830.615,capture,,0.2626646247,2006,2022,2022,23601,True,False,False,False,False,False,False,False,True,False,False,False,False
4226,93,237,74437.595,capture,,0.2279380974,2006,2022,2022,23601,True,False,False,False,False,False,False,False,True,False,False,False,False
4227,93,237,99758.46,capture,,0.1283669539,2006,2022,2022,23601,True,False,False,False,False,False,False,False,True,False,False,False,False
4228,93,237,140741,capture,,0.05975269421,2006,2022,2022,23601,True,False,False,False,False,False,False,False,False,True,False,False,True
4229,93,237,213794.15,capture,,-0.06900005804,2006,2022,2022,23601,True,False,False,False,False,False,False,False,False,True,False,False,True
4230,93,237,364803.75,capture,,-0.2655202106,2006,2022,2022,23601,True,False,False,False,False,False,False,False,False,True,False,False,True
4231,93,237,770144.85,capture,,-0.691008971,2006,2022,2022,23601,True,False,False,False,False,False,False,False,False,True,False,False,True
4232,93,237,3197256.011,total,,0.8894501778,2006,2024,2024,14825,False,False,False,False,True,False,False,False,False,False,True,False,True
4233,93,237,3443188.928,total,,0.8934676956,2006,2024,2024,14825,False,False,False,False,True,False,False,False,False,False,True,False,True
4234,93,237,3800806.754,total,,0.8949844392,2006,2024,2024,14825,False,False,False,False,True,False,False,False,False,False,True,False,True
4235,93,237,4195648.579,total,,0.8922713468,2006,2024,2024,14825,False,False,False,False,True,False,False,False,False,False,True,False,True
4236,93,237,4631234.391,total,,0.8853866662,2006,2024,2024,14825,False,False,False,False,True,False,False,False,False,False,True,False,True
4237,93,237,5111800.312,total,,0.8753246555,2006,2024,2024,14825,False,False,False,False,True,False,False,False,False,False,True,False,True
4238,93,237,5642348.084,total,,0.8588739159,2006,2024,2024,14825,False,False,False,False,True,False,False,False,False,False,True,False,True
4239,93,237,6228380.123,total,,0.8419394981,2006,2024,2024,14825,False,False,False,False,True,False,False,False,False,False,True,False,True
4240,93,237,6874632.714,total,,0.8216739847,2006,2024,2024,14825,False,False,False,False,True,False,False,False,False,False,True,False,True
4241,93,237,7588608.563,total,,0.8047934494,2006,2024,2024,14825,False,False,False,False,True,False,False,False,False,False,True,False,True
4242,93,237,8376063.032,total,,0.7869784449,2006,2024,2024,14825,False,False,False,False,True,False,False,False,False,False,True,False,True
4243,93,237,9245974.85,total,,0.7720942294,2006,2024,2024,14825,False,False,False,False,True,False,False,False,False,False,True,False,True
4244,93,237,10204877.47,total,,0.7632201564,2006,2024,2024,14825,False,False,False,False,True,False,False,False,False,False,False,True,True
4245,93,237,11407130.04,total,,0.7563058885,2006,2024,2024,14825,False,False,False,False,True,False,False,False,False,False,False,True,True
4246,93,237,12745104.86,total,,0.7548870465,2006,2024,2024,14825,False,False,False,False,True,False,False,False,False,False,False,True,True
4247,93,237,14069683.68,total,,0.7589705258,2006,2024,2024,14825,False,False,False,False,True,False,False,False,False,False,False,True,True
4248,93,237,15526596.21,total,,0.767391509,2006,2024,2024,14825,False,False,False,False,True,False,False,False,False,False,False,True,True
4249,93,237,17140978.38,total,,0.7772219524,2006,2024,2024,14825,False,False,False,False,True,False,False,False,False,False,False,True,True
4250,93,237,18920296.75,total,,0.7845263594,2006,2024,2024,14825,False,False,False,False,True,False,False,False,False,False,False,True,True
4251,94,238,1129.47,capture,,0.6853179829,2006,2013,2013,14364,True,False,False,False,False,False,False,True,False,False,False,False,False
4252,94,238,1421.91,capture,,0.624721326,2006,2013,2013,14364,True,False,False,False,False,False,False,True,False,False,False,False,False
4253,94,238,1790.08,capture,,0.524967016,2006,2013,2013,14364,True,False,False,False,False,False,False,True,False,False,False,False,False
4254,94,238,2253.57,capture,,0.5895128544,2006,2013,2013,14364,True,False,False,False,False,False,False,True,False,False,False,False,False
4255,94,238,2837.09,capture,,0.373546419,2006,2013,2013,14364,True,False,False,False,False,False,False,True,False,False,False,False,False
4256,94,238,3571.68,capture,,0.3551947373,2006,2013,2013,14364,True,False,False,False,False,False,False,True,False,False,False,False,False
4257,94,238,4496.47,capture,,0.2796053538,2006,2013,2013,14364,True,False,False,False,False,False,False,True,False,False,False,False,False
4258,94,238,5660.72,capture,,0.2751062546,2006,2013,2013,14364,True,False,False,False,False,False,False,True,False,False,False,False,False
4259,94,238,7126.42,capture,,0.1618469595,2006,2013,2013,14364,True,False,False,False,False,False,False,True,False,False,False,False,False
4260,94,238,8971.64,capture,,0.05119498472,2006,2013,2013,14364,True,False,False,False,False,False,False,True,False,False,False,False,False
4261,94,238,11294.6,capture,,0.1307517768,2006,2013,2013,14364,True,False,False,False,False,False,False,False,True,False,False,False,False
4262,94,238,14219.1,capture,,0.05434488877,2006,2013,2013,14364,True,False,False,False,False,False,False,False,True,False,False,False,False
4263,94,238,17900.8,capture,,0.05485043463,2006,2013,2013,14364,True,False,False,False,False,False,False,False,True,False,False,False,False
4264,94,238,22535.8,capture,,-0.08499294879,2006,2013,2013,14364,True,False,False,False,False,False,False,False,True,False,False,False,False
4265,94,238,28370.8,capture,,0.02035299451,2006,2013,2013,14364,True,False,False,False,False,False,False,False,True,False,False,False,False
4266,94,238,35716.8,capture,,-0.2170131203,2006,2013,2013,14364,True,False,False,False,False,False,False,False,True,False,False,False,False
4267,94,238,44964.7,capture,,-0.2196970926,2006,2013,2013,14364,True,False,False,False,False,False,False,False,True,False,False,False,False
4268,94,238,56607.2,capture,,-0.2857255786,2006,2013,2013,14364,True,False,False,False,False,False,False,False,True,False,False,False,False
4269,94,238,71264.2,capture,,-0.05071052708,2006,2013,2013,14364,True,False,False,False,False,False,False,False,True,False,False,False,False
4270,94,238,89716.4,capture,,-0.2415074723,2006,2013,2013,14364,True,False,False,False,False,False,False,False,True,False,False,False,False
4271,94,238,112946,capture,,-0.3272521111,2006,2013,2013,14364,True,False,False,False,False,False,False,False,False,True,False,False,True
4272,94,238,142191,capture,,-0.2762775938,2006,2013,2013,14364,True,False,False,False,False,False,False,False,False,True,False,False,True
4273,94,238,179008,capture,,-0.2235501695,2006,2013,2013,14364,True,False,False,False,False,False,False,False,False,True,False,False,True
4274,94,238,225358,capture,,-0.1619226246,2006,2013,2013,14364,True,False,False,False,False,False,False,False,False,True,False,False,True
4275,94,238,283708,capture,,-0.221591868,2006,2013,2013,14364,True,False,False,False,False,False,False,False,False,True,False,False,True
4276,94,239,1060,capture,,0.6106601631,2006,2018,2022,14794,True,False,False,False,False,False,False,True,False,False,False,False,False
4277,94,239,1190,capture,,0.5477747054,2006,2018,2022,14794,True,False,False,False,False,False,False,True,False,False,False,False,False
4278,94,239,1335,capture,,0.532754379,2006,2018,2022,14794,True,False,False,False,False,False,False,True,False,False,False,False,False
4279,94,239,1495,capture,,0.5943925504,2006,2018,2022,14794,True,False,False,False,False,False,False,True,False,False,False,False,False
4280,94,239,1680,capture,,0.6683859167,2006,2018,2022,14794,True,False,False,False,False,False,False,True,False,False,False,False,False
4281,94,239,1890,capture,,0.5965970956,2006,2018,2022,14794,True,False,False,False,False,False,False,True,False,False,False,False,False
4282,94,239,2120,capture,,0.5078558717,2006,2018,2022,14794,True,False,False,False,False,False,False,True,False,False,False,False,False
4283,94,239,2375,capture,,0.4983105538,2006,2018,2022,14794,True,False,False,False,False,False,False,True,False,False,False,False,False
4284,94,239,2665,capture,,0.42975228,2006,2018,2022,14794,True,False,False,False,False,False,False,True,False,False,False,False,False
4285,94,239,2990,capture,,0.4563660331,2006,2018,2022,14794,True,False,False,False,False,False,False,True,False,False,False,False,False
4286,94,239,3355,capture,,0.3424226808,2006,2018,2022,14794,True,False,False,False,False,False,False,True,False,False,False,False,False
4287,94,239,3765,capture,,0.3201462861,2006,2018,2022,14794,True,False,False,False,False,False,False,True,False,False,False,False,False
4288,94,239,4225,capture,,0.3283796034,2006,2018,2022,14794,True,False,False,False,False,False,False,True,False,False,False,False,False
4289,94,239,4740,capture,,0.2624510897,2006,2018,2022,14794,True,False,False,False,False,False,False,True,False,False,False,False,False
4290,94,239,5315,capture,,0.2455126678,2006,2018,2022,14794,True,False,False,False,False,False,False,True,False,False,False,False,False
4291,94,239,5965,capture,,0.2430380487,2006,2018,2022,14794,True,False,False,False,False,False,False,True,False,False,False,False,False
4292,94,239,6695,capture,,0.1931245984,2006,2018,2022,14794,True,False,False,False,False,False,False,True,False,False,False,False,False
4293,94,239,7510,capture,,0.1172712957,2006,2018,2022,14794,True,False,False,False,False,False,False,True,False,False,False,False,False
4294,94,239,8425,capture,,0.07918124605,2006,2018,2022,14794,True,False,False,False,False,False,False,True,False,False,False,False,False
4295,94,239,9455,capture,,0.02530586526,2006,2018,2022,14794,True,False,False,False,False,False,False,True,False,False,False,False,False
4296,94,239,10600,capture,,0,2006,2018,2022,14794,True,False,False,False,False,False,False,False,True,False,False,False,False
4297,94,239,11850,capture,,-0.03151705145,2006,2018,2022,14794,True,False,False,False,False,False,False,False,True,False,False,False,False
4298,94,239,13300,capture,,-0.08618614762,2006,2018,2022,14794,True,False,False,False,False,False,False,False,True,False,False,False,False
4299,94,239,14950,capture,,-0.1135092748,2006,2018,2022,14794,True,False,False,False,False,False,False,False,True,False,False,False,False
4300,94,239,16750,capture,,-0.1307682803,2006,2018,2022,14794,True,False,False,False,False,False,False,False,True,False,False,False,False
4301,94,239,20000,capture,,-0.1804560645,2006,2018,2022,14794,True,False,False,False,False,False,False,False,True,False,False,False,False
4302,94,239,23700,capture,,-0.2291479884,2006,2018,2022,14794,True,False,False,False,False,False,False,False,True,False,False,False,False
4303,94,239,26600,capture,,-0.2924298239,2006,2018,2022,14794,True,False,False,False,False,False,False,False,True,False,False,False,False
4304,94,239,29850,capture,,-0.3010299957,2006,2018,2022,14794,True,False,False,False,False,False,False,False,True,False,False,False,False
4305,94,239,33500,capture,,-0.3187587626,2006,2018,2022,14794,True,False,False,False,False,False,False,False,True,False,False,False,False
4306,94,239,37600,capture,,-0.3767507096,2006,2018,2022,14794,True,False,False,False,False,False,False,False,True,False,False,False,False
4307,94,239,42200,capture,,-0.3979400087,2006,2018,2022,14794,True,False,False,False,False,False,False,False,True,False,False,False,False
4308,94,239,47350,capture,,-0.4436974992,2006,2018,2022,14794,True,False,False,False,False,False,False,False,True,False,False,False,False
4309,94,239,53150,capture,,-0.468521083,2006,2018,2022,14794,True,False,False,False,False,False,False,False,True,False,False,False,False
4310,94,239,59650,capture,,-0.5228787453,2006,2018,2022,14794,True,False,False,False,False,False,False,False,True,False,False,False,False
4311,94,239,66900,capture,,-0.5376020021,2006,2018,2022,14794,True,False,False,False,False,False,False,False,True,False,False,False,False
4312,94,239,75050,capture,,-0.5528419687,2006,2018,2022,14794,True,False,False,False,False,False,False,False,True,False,False,False,False
4313,94,239,84250,capture,,-0.5528419687,2006,2018,2022,14794,True,False,False,False,False,False,False,False,True,False,False,False,False
4314,94,239,106000,capture,,-0.6197887583,2006,2018,2022,14794,True,False,False,False,False,False,False,False,False,True,False,False,True
4315,94,239,118500,capture,,-0.638272164,2006,2018,2022,14794,True,False,False,False,False,False,False,False,False,True,False,False,True
4316,94,239,133000,capture,,-0.6575773192,2006,2018,2022,14794,True,False,False,False,False,False,False,False,False,True,False,False,True
4317,94,239,149500,capture,,-0.6777807053,2006,2018,2022,14794,True,False,False,False,False,False,False,False,False,True,False,False,True
4318,94,239,167500,capture,,-0.6861327796,2006,2018,2022,14794,True,False,False,False,False,False,False,False,False,True,False,False,True
4319,94,239,188000,capture,,-0.6968039426,2006,2018,2022,14794,True,False,False,False,False,False,False,False,False,True,False,False,True
4320,94,239,211000,capture,,-0.7235381958,2006,2018,2022,14794,True,False,False,False,False,False,False,False,False,True,False,False,True
4321,94,239,237000,capture,,-0.7594507517,2006,2018,2022,14794,True,False,False,False,False,False,False,False,False,True,False,False,True
4322,94,239,266000,capture,,-0.7986028757,2006,2018,2022,14794,True,False,False,False,False,False,False,False,False,True,False,False,True
4323,94,239,298500,capture,,-0.8068754016,2006,2018,2022,14794,True,False,False,False,False,False,False,False,False,True,False,False,True
4324,94,239,335000,capture,,-0.876148359,2006,2018,2022,14794,True,False,False,False,False,False,False,False,False,True,False,False,True
4325,94,239,376000,capture,,-0.8827287043,2006,2018,2022,14794,True,False,False,False,False,False,False,False,False,True,False,False,True
4326,94,239,422000,capture,,-0.8996294549,2006,2018,2022,14794,True,False,False,False,False,False,False,False,False,True,False,False,True
4327,94,239,473500,capture,,-0.9469215565,2006,2018,2022,14794,True,False,False,False,False,False,False,False,False,True,False,False,True
4328,94,239,531500,capture,,-1.004364805,2006,2018,2022,14794,True,False,False,False,False,False,False,False,False,True,False,False,True
4329,94,239,596000,capture,,-1.026872146,2006,2018,2022,14794,True,False,False,False,False,False,False,False,False,True,False,False,True
4330,94,239,668500,capture,,-1.107905397,2006,2018,2022,14794,True,False,False,False,False,False,False,False,False,True,False,False,True
4331,94,239,750500,capture,,-1.091514981,2006,2018,2022,14794,True,False,False,False,False,False,False,False,False,True,False,False,True
4332,94,239,842500,capture,,-1.27572413,2006,2018,2022,14794,True,False,False,False,False,False,False,False,False,True,False,False,True
4333,94,239,945500,capture,,-1.283996656,2006,2018,2022,14794,True,False,False,False,False,False,False,False,False,True,False,False,True
4334,94,239,1061000,capture,,-1.37675071,2006,2018,2022,14794,True,False,False,False,False,False,False,False,False,False,True,False,True
4335,94,239,1190000,capture,,-1.537602002,2006,2018,2022,14794,True,False,False,False,False,False,False,False,False,False,True,False,True
4336,94,239,1335000,capture,,-1.552841969,2006,2018,2022,14794,True,False,False,False,False,False,False,False,False,False,True,False,True
4337,94,239,7100000,n2n,,-0.8477116556,2006,2021,2022,23777,False,True,False,False,False,False,False,False,False,False,True,False,True
4338,94,239,7720000,n2n,,-0.6834006979,2006,2021,2022,23777,False,True,False,False,False,False,False,False,False,False,True,False,True
4339,94,239,9340000,n2n,,-0.57024772,2006,2021,2022,23777,False,True,False,False,False,False,False,False,False,False,True,False,True
4340,94,239,3433928.556,total,,0.8946907385,2006,2024,2024,14825,False,False,False,False,True,False,False,False,False,False,True,False,True
4341,94,239,3879349.172,total,,0.894792196,2006,2024,2024,14825,False,False,False,False,True,False,False,False,False,False,True,False,True
4342,94,239,4277223.632,total,,0.8927149778,2006,2024,2024,14825,False,False,False,False,True,False,False,False,False,False,True,False,True
4343,94,239,4715597.947,total,,0.8867698248,2006,2024,2024,14825,False,False,False,False,True,False,False,False,False,False,True,False,True
4344,94,239,5198961.242,total,,0.8748817179,2006,2024,2024,14825,False,False,False,False,True,False,False,False,False,False,True,False,True
4345,94,239,5731802.683,total,,0.8602361601,2006,2024,2024,14825,False,False,False,False,True,False,False,False,False,False,True,False,True
4346,94,239,6319123.753,total,,0.8420504125,2006,2024,2024,14825,False,False,False,False,True,False,False,False,False,False,True,False,True
4347,94,239,6966926.223,total,,0.8228673581,2006,2024,2024,14825,False,False,False,False,True,False,False,False,False,False,True,False,True
4348,94,239,7681211.884,total,,0.8060374477,2006,2024,2024,14825,False,False,False,False,True,False,False,False,False,False,True,False,True
4349,94,239,8468470.464,total,,0.7901056373,2006,2024,2024,14825,False,False,False,False,True,False,False,False,False,False,True,False,True
4350,94,239,9336216.418,total,,0.7756504901,2006,2024,2024,14825,False,False,False,False,True,False,False,False,False,False,True,False,True
4351,94,239,10296965.57,total,,0.7659292022,2006,2024,2024,14825,False,False,False,False,True,False,False,False,False,False,False,True,True
4352,94,239,11346545.73,total,,0.7612924624,2006,2024,2024,14825,False,False,False,False,True,False,False,False,False,False,False,True,True
4353,94,239,12511282.91,total,,0.7567501811,2006,2024,2024,14825,False,False,False,False,True,False,False,False,False,False,False,True,True
4354,94,239,13790931.8,total,,0.7621043756,2006,2024,2024,14825,False,False,False,False,True,False,False,False,False,False,False,True,True
4355,94,239,15205499.01,total,,0.7718042066,2006,2024,2024,14825,False,False,False,False,True,False,False,False,False,False,False,True,True
4356,94,239,16764987.32,total,,0.7792464618,2006,2024,2024,14825,False,False,False,False,True,False,False,False,False,False,False,True,True
4357,94,239,18484523.26,total,,0.7833496436,2006,2024,2024,14825,False,False,False,False,True,False,False,False,False,False,False,True,True
4358,94,239,19890000,total,,0.7895807122,2006,2024,2024,14825,False,False,False,False,True,False,False,False,False,False,False,True,True
4359,94,242,1510.487019,capture,,0.1314489548,2006,2016,2016,14456,True,False,False,False,False,False,False,True,False,False,False,False,False
4360,94,242,1795.217187,capture,,0.02207807229,2006,2016,2016,14456,True,False,False,False,False,False,False,True,False,False,False,False,False
4361,94,242,2133.619625,capture,,0.1161353413,2006,2016,2016,14456,True,False,False,False,False,False,False,True,False,False,False,False,False
4362,94,242,2535.811677,capture,,-0.02477642701,2006,2016,2016,14456,True,False,False,False,False,False,False,True,False,False,False,False,False
4363,94,242,3013.817826,capture,,0.06543255994,2006,2016,2016,14456,True,False,False,False,False,False,False,True,False,False,False,False,False
4364,94,242,3581.9292,capture,,-0.03101440141,2006,2016,2016,14456,True,False,False,False,False,False,False,True,False,False,False,False,False
4365,94,242,4257.130832,capture,,-0.04031527863,2006,2016,2016,14456,True,False,False,False,False,False,False,True,False,False,False,False,False
4366,94,242,5059.609476,capture,,-0.05709054323,2006,2016,2016,14456,True,False,False,False,False,False,False,True,False,False,False,False,False
4367,94,242,6013.357133,capture,,-0.1865304346,2006,2016,2016,14456,True,False,False,False,False,False,False,True,False,False,False,False,False
4368,94,242,7146.888346,capture,,-0.1939163958,2006,2016,2016,14456,True,False,False,False,False,False,False,True,False,False,False,False,False
4369,94,242,8824.001056,capture,,-0.3546013129,2006,2016,2016,14456,True,False,False,False,False,False,False,True,False,False,False,False,False
4370,94,242,10817.25324,capture,,-0.4640517657,2006,2016,2016,14456,True,False,False,False,False,False,False,False,True,False,False,False,False
4371,94,242,12856.32958,capture,,-0.3667669352,2006,2016,2016,14456,True,False,False,False,False,False,False,False,True,False,False,False,False
4372,94,242,15279.77634,capture,,-0.3902114288,2006,2016,2016,14456,True,False,False,False,False,False,False,False,True,False,False,False,False
4373,94,242,18160.04821,capture,,-0.4381202091,2006,2016,2016,14456,True,False,False,False,False,False,False,False,True,False,False,False,False
4374,94,242,21583.25775,capture,,-0.3216482691,2006,2016,2016,14456,True,False,False,False,False,False,False,False,True,False,False,False,False
4375,94,242,25651.74991,capture,,-0.5434988403,2006,2016,2016,14456,True,False,False,False,False,False,False,False,True,False,False,False,False
4376,94,242,30487.16191,capture,,-0.5189086758,2006,2016,2016,14456,True,False,False,False,False,False,False,False,True,False,False,False,False
4377,94,242,36234.05984,capture,,-0.5933763749,2006,2016,2016,14456,True,False,False,False,False,False,False,False,True,False,False,False,False
4378,95,241,1053.840377,capture,,1.091806835,2006,2018,2018,23369,True,False,False,False,False,False,False,True,False,False,False,False,False
4379,95,241,1155.51123,capture,,1.084169674,2006,2018,2018,23369,True,False,False,False,False,False,False,True,False,False,False,False,False
4380,95,241,1276.752538,capture,,1.046777523,2006,2018,2018,23369,True,False,False,False,False,False,False,True,False,False,False,False,False
4381,95,241,1410.721033,capture,,0.9852332367,2006,2018,2018,23369,True,False,False,False,False,False,False,True,False,False,False,False,False
4382,95,241,1558.738879,capture,,0.957060946,2006,2018,2018,23369,True,False,False,False,False,False,False,True,False,False,False,False,False
4383,95,241,1722.289781,capture,,0.9108887781,2006,2018,2018,23369,True,False,False,False,False,False,False,True,False,False,False,False,False
4384,95,241,1903.00236,capture,,0.9157776525,2006,2018,2018,23369,True,False,False,False,False,False,False,True,False,False,False,False,False
4385,95,241,2102.678174,capture,,0.9118666437,2006,2018,2018,23369,True,False,False,False,False,False,False,True,False,False,False,False,False
4386,95,241,2323.302115,capture,,0.8861396831,2006,2018,2018,23369,True,False,False,False,False,False,False,True,False,False,False,False,False
4387,95,241,2567.076965,capture,,0.8432456551,2006,2018,2018,23369,True,False,False,False,False,False,False,True,False,False,False,False,False
4388,95,241,2836.428795,capture,,0.8227005298,2006,2018,2018,23369,True,False,False,False,False,False,False,True,False,False,False,False,False
4389,95,241,3134.043747,capture,,0.8303890098,2006,2018,2018,23369,True,False,False,False,False,False,False,True,False,False,False,False,False
4390,95,241,3462.882121,capture,,0.7588982732,2006,2018,2018,23369,True,False,False,False,False,False,False,True,False,False,False,False,False
4391,95,241,3826.225024,capture,,0.7311179572,2006,2018,2018,23369,True,False,False,False,False,False,False,True,False,False,False,False,False
4392,95,241,4227.694529,capture,,0.7088861485,2006,2018,2018,23369,True,False,False,False,False,False,False,True,False,False,False,False,False
4393,95,241,4671.286271,capture,,0.6877384778,2006,2018,2018,23369,True,False,False,False,False,False,False,True,False,False,False,False,False
4394,95,241,5161.422941,capture,,0.6536613285,2006,2018,2018,23369,True,False,False,False,False,False,False,True,False,False,False,False,False
4395,95,241,5702.984259,capture,,0.6275413144,2006,2018,2018,23369,True,False,False,False,False,False,False,True,False,False,False,False,False
4396,95,241,6301.369935,capture,,0.6213297272,2006,2018,2018,23369,True,False,False,False,False,False,False,True,False,False,False,False,False
4397,95,241,6962.54387,capture,,0.6014169406,2006,2018,2018,23369,True,False,False,False,False,False,False,True,False,False,False,False,False
4398,95,241,7693.086124,capture,,0.5971548019,2006,2018,2018,23369,True,False,False,False,False,False,False,True,False,False,False,False,False
4399,95,241,8500.282873,capture,,0.5530162016,2006,2018,2018,23369,True,False,False,False,False,False,False,True,False,False,False,False,False
4400,95,241,9392.175281,capture,,0.5668925095,2006,2018,2018,23369,True,False,False,False,False,False,False,True,False,False,False,False,False
4401,95,241,23500,capture,,0.434568904,2006,2023,2023,23606,True,False,False,False,False,False,False,False,True,False,False,False,False
4402,95,241,51500,capture,,0.3304137733,2006,2023,2023,23606,True,False,False,False,False,False,False,False,True,False,False,False,False
4403,95,241,127700,capture,,0.1205739312,2006,2023,2023,23606,True,False,False,False,False,False,False,False,False,True,False,False,True
4404,95,241,1041.128371,capture,,1.146748014,2006,2024,2025,23620,True,False,False,False,False,False,False,True,False,False,False,False,False
4405,95,241,1148.579498,capture,,1.09852836,2006,2024,2025,23620,True,False,False,False,False,False,False,True,False,False,False,False,False
4406,95,241,1273.571169,capture,,1.089551883,2006,2024,2025,23620,True,False,False,False,False,False,False,True,False,False,False,False,False
4407,95,241,1420.140065,capture,,1.044931546,2006,2024,2025,23620,True,False,False,False,False,False,False,True,False,False,False,False,False
4408,95,241,1562.269623,capture,,1.036029731,2006,2024,2025,23620,True,False,False,False,False,False,False,True,False,False,False,False,False
4409,95,241,1727.443179,capture,,0.9879640328,2006,2024,2025,23620,True,False,False,False,False,False,False,True,False,False,False,False,False
4410,95,241,1919.561574,capture,,1.01911629,2006,2024,2025,23620,True,False,False,False,False,False,False,True,False,False,False,False,False
4411,95,241,2097.647087,capture,,0.9997827985,2006,2024,2025,23620,True,False,False,False,False,False,False,True,False,False,False,False,False
4412,95,241,2301.726714,capture,,0.98788961,2006,2024,2025,23620,True,False,False,False,False,False,False,True,False,False,False,False,False
4413,95,241,2474.619,capture,,0.903089987,2006,2024,2025,23620,True,False,False,False,False,False,False,True,False,False,False,False,False
4414,95,241,2810.578045,capture,,0.8779469516,2006,2024,2025,23620,True,False,False,False,False,False,False,True,False,False,False,False,False
4415,95,241,3130.78131,capture,,0.8512583487,2006,2024,2025,23620,True,False,False,False,False,False,False,True,False,False,False,False,False
4416,95,241,3509.030763,capture,,0.656098202,2006,2024,2025,23620,True,False,False,False,False,False,False,True,False,False,False,False,False
4417,95,241,3838.7155,capture,,0.806179974,2006,2024,2025,23620,True,False,False,False,False,False,False,True,False,False,False,False,False
4418,95,241,4219.267447,capture,,0.7948364578,2006,2024,2025,23620,True,False,False,False,False,False,False,True,False,False,False,False,False
4419,95,241,4656.853,capture,,0.7015679851,2006,2024,2025,23620,True,False,False,False,False,False,False,True,False,False,False,False,False
4420,95,241,5169.404838,capture,,0.7976137302,2006,2024,2025,23620,True,False,False,False,False,False,False,True,False,False,False,False,False
4421,95,241,5767.687,capture,,0.6674529529,2006,2024,2025,23620,True,False,False,False,False,False,False,True,False,False,False,False,False
4422,95,241,6227.672,capture,,0.6848453616,2006,2024,2025,23620,True,False,False,False,False,False,False,True,False,False,False,False,False
4423,95,241,7031.290772,capture,,0.6910814921,2006,2024,2025,23620,True,False,False,False,False,False,False,True,False,False,False,False,False
4424,95,241,7993.945,capture,,0.5965970956,2006,2024,2025,23620,True,False,False,False,False,False,False,True,False,False,False,False,False
4425,95,241,8752.878,capture,,0.6646419756,2006,2024,2025,23620,True,False,False,False,False,False,False,True,False,False,False,False,False
4426,95,241,9625.43,capture,,0.622214023,2006,2024,2025,23620,True,False,False,False,False,False,False,True,False,False,False,False,False
4427,95,241,10635.5005,capture,,0.6937269489,2006,2024,2025,23620,True,False,False,False,False,False,False,False,True,False,False,False,False
4428,95,241,11813.645,capture,,0.4727564493,2006,2024,2025,23620,True,False,False,False,False,False,False,False,True,False,False,False,False
4429,95,241,13199.425,capture,,0.480006943,2006,2024,2025,23620,True,False,False,False,False,False,False,False,True,False,False,False,False
4430,95,241,14844.76,capture,,0.4048337166,2006,2024,2025,23620,True,False,False,False,False,False,False,False,True,False,False,False,False
4431,95,241,16818.965,capture,,0.4727564493,2006,2024,2025,23620,True,False,False,False,False,False,False,False,True,False,False,False,False
4432,95,241,19216.19,capture,,0.4517864355,2006,2024,2025,23620,True,False,False,False,False,False,False,False,True,False,False,False,False
4433,95,241,22166.975,capture,,0.4048337166,2006,2024,2025,23620,True,False,False,False,False,False,False,False,True,False,False,False,False
4434,95,241,25856.625,capture,,0.3138672204,2006,2024,2025,23620,True,False,False,False,False,False,False,False,True,False,False,False,False
4435,95,241,30555.405,capture,,0.3463529745,2006,2024,2025,23620,True,False,False,False,False,False,False,False,True,False,False,False,False
4436,95,241,36670.245,capture,,0.4248816366,2006,2024,2025,23620,True,False,False,False,False,False,False,False,True,False,False,False,False
4437,95,241,44837.485,capture,,0.3304137733,2006,2024,2025,23620,True,False,False,False,False,False,False,False,True,False,False,False,False
4438,95,241,56099.02,capture,,0.3384564936,2006,2024,2025,23620,True,False,False,False,False,False,False,False,True,False,False,False,False
4439,95,241,72260.66,capture,,0.2479732664,2006,2024,2025,23620,True,False,False,False,False,False,False,False,True,False,False,False,False
4440,95,241,96688.115,capture,,0.05307844348,2006,2024,2025,23620,True,False,False,False,False,False,False,False,True,False,False,False,False
4441,95,241,136288.415,capture,,0.1430148003,2006,2024,2025,23620,True,False,False,False,False,False,False,False,False,True,False,False,True
4442,95,241,207277.8,capture,,0.1367205672,2006,2024,2025,23620,True,False,False,False,False,False,False,False,False,True,False,False,True
4443,95,241,356323.6,capture,,-0.1307682803,2006,2024,2025,23620,True,False,False,False,False,False,False,False,False,True,False,False,True
4444,95,241,774386.6,capture,,-0.4948500217,2006,2024,2025,23620,True,False,False,False,False,False,False,False,False,True,False,False,True
4445,95,241,7590000,n2n,,-1.468521083,2006,2008,2008,14172,False,True,False,False,False,False,False,False,False,False,True,False,True
4446,95,241,8426292.186,n2n,,-0.9411945133,2006,2008,2008,14172,False,True,False,False,False,False,False,False,False,False,True,False,True
4447,95,241,9480000,n2n,,-0.7594507517,2006,2008,2008,14172,False,True,False,False,False,False,False,False,False,False,True,False,True
4448,95,241,10780000,n2n,,-0.6401645177,2006,2008,2008,14172,False,True,False,False,False,False,False,False,False,False,False,True,True
4449,95,241,11300000,n2n,,-0.5867002359,2006,2008,2008,14172,False,True,False,False,False,False,False,False,False,False,False,True,True
4450,95,241,12563634.03,n2n,,-0.5816987087,2006,2008,2008,14172,False,True,False,False,False,False,False,False,False,False,False,True,True
4451,95,241,13937348.54,n2n,,-0.607889535,2006,2008,2008,14172,False,True,False,False,False,False,False,False,False,False,False,True,True
4452,95,241,8426292.186,n2n,,-0.9605858808,2006,2008,2008,14172,False,True,False,False,False,False,False,False,False,False,True,False,True
4453,95,241,9480000,n2n,,-0.7721132954,2006,2008,2008,14172,False,True,False,False,False,False,False,False,False,False,True,False,True
4454,95,241,10780000,n2n,,-0.642065153,2006,2008,2008,14172,False,True,False,False,False,False,False,False,False,False,False,True,True
4455,95,241,11300000,n2n,,-0.6197887583,2006,2008,2008,14172,False,True,False,False,False,False,False,False,False,False,False,True,True
4456,95,241,12970000,n2n,,-0.5951662834,2006,2008,2008,14172,False,True,False,False,False,False,False,False,False,False,False,True,True
4457,95,241,13683150.22,n2n,,-0.6046736069,2006,2008,2008,14172,False,True,False,False,False,False,False,False,False,False,False,True,True
4458,95,241,8340000,n2n,,-1.014124643,2006,2010,2010,23114,False,True,False,False,False,False,False,False,False,False,True,False,True
4459,95,241,9150000,n2n,,-0.7880789157,2006,2010,2010,23114,False,True,False,False,False,False,False,False,False,False,True,False,True
4460,95,241,13330000,n2n,,-0.6165437035,2006,2010,2010,23114,False,True,False,False,False,False,False,False,False,False,False,True,True
4461,95,241,16100000,n2n,,-0.817015033,2006,2010,2010,23114,False,True,False,False,False,False,False,False,False,False,False,True,True
4462,95,241,17160000,n2n,,-0.9351677803,2006,2010,2010,23114,False,True,False,False,False,False,False,False,False,False,False,True,True
4463,95,241,18615692.31,n2n,,-1.010550182,2006,2010,2010,23114,False,True,False,False,False,False,False,False,False,False,False,True,True
4464,95,241,19950000,n2n,,-0.9909742579,2006,2010,2010,23114,False,True,False,False,False,False,False,False,False,False,False,True,True
4465,95,241,10394869.26,n2n,,-0.651695137,2006,2016,2016,23289,False,True,False,False,False,False,False,False,False,False,False,True,True
4466,95,241,17100000,n2n,,-0.8696662315,2006,2016,2016,23289,False,True,False,False,False,False,False,False,False,False,False,True,True
4467,95,241,14800000,n2n,,-0.57024772,2006,2019,2025,32859,False,True,False,False,False,False,False,False,False,False,False,True,True
4468,95,241,13831321.08,n2n,,-0.6363880201,2006,2016,2016,41614,False,True,False,False,False,False,False,False,False,False,False,True,True
4469,95,241,14796471.73,n2n,,-0.6917914197,2006,2016,2016,41614,False,True,False,False,False,False,False,False,False,False,False,True,True
4470,95,243,1034.96676,capture,,1.17865214,2006,2014,2014,23254,True,False,False,False,False,False,False,True,False,False,False,False,False
4471,95,243,1161.251804,capture,,1.041863067,2006,2014,2014,23254,True,False,False,False,False,False,False,True,False,False,False,False,False
4472,95,243,1302.94595,capture,,0.8879393576,2006,2014,2014,23254,True,False,False,False,False,False,False,True,False,False,False,False,False
4473,95,243,1406.88867,capture,,0.8510869215,2006,2014,2014,23254,True,False,False,False,False,False,False,True,False,False,False,False,False
4474,95,243,1519.12345,capture,,0.9391891632,2006,2014,2014,23254,True,False,False,False,False,False,False,True,False,False,False,False,False
4475,95,243,1704.484542,capture,,0.9315089507,2006,2014,2014,23254,True,False,False,False,False,False,False,True,False,False,False,False,False
4476,95,243,1912.46311,capture,,0.9397340505,2006,2014,2014,23254,True,False,False,False,False,False,False,True,False,False,False,False,False
4477,95,243,2065.03017,capture,,0.9470774151,2006,2014,2014,23254,True,False,False,False,False,False,False,True,False,False,False,False,False
4478,95,243,2317.001954,capture,,0.7698617595,2006,2014,2014,23254,True,False,False,False,False,False,False,True,False,False,False,False,False
4479,95,243,23400,capture,,0.4014005408,2006,2021,2022,23748,True,False,False,False,False,False,False,False,True,False,False,False,False
