row,Z,A,energy_ev,quantity,spectrum,label,freeze_year,pub_year,compiled_year,entry,sub:capture,sub:n2n,sub:np,sub:na,sub:total,sub:elastic,sub:inelastic,sub:< 10 keV,sub:10-100 keV,sub:0.1-1 MeV,sub:1-10 MeV,sub:> 10 MeV,sub:E >= 100 keV (DATEDEXAM post-hoc subset)
0,4,7,1292.45,np,,2.318683015,2017,2018,2018,23399,False,False,True,False,False,False,False,True,False,False,False,False,False
1,4,7,2048.39,np,,2.125767448,2017,2018,2018,23399,False,False,True,False,False,False,False,True,False,False,False,False,False
2,4,7,3246.48,np,,2.005557996,2017,2018,2018,23399,False,False,True,False,False,False,False,True,False,False,False,False,False
3,4,7,5145.32,np,,1.870378151,2017,2018,2018,23399,False,False,True,False,False,False,False,True,False,False,False,False,False
4,4,7,8154.79,np,,1.785527003,2017,2018,2018,23399,False,False,True,False,False,False,False,True,False,False,False,False,False
5,4,7,12924.5,np,,1.523628125,2017,2018,2018,23399,False,False,True,False,False,False,False,False,True,False,False,False,False
6,4,7,20483.9,np,,1.416677113,2017,2018,2018,23399,False,False,True,False,False,False,False,False,True,False,False,False,False
7,4,7,32464.8,np,,1.356637647,2017,2018,2018,23399,False,False,True,False,False,False,False,False,True,False,False,False,False
8,4,7,51453.2,np,,1.027251728,2017,2018,2018,23399,False,False,True,False,False,False,False,False,True,False,False,False,False
9,4,7,81547.9,np,,0.795431594,2017,2018,2018,23399,False,False,True,False,False,False,False,False,True,False,False,False,False
10,4,7,129245,np,,0.3990815701,2017,2018,2018,23399,False,False,True,False,False,False,False,False,False,True,False,False,True
11,4,7,204839,np,,0.5799892663,2017,2018,2018,23399,False,False,True,False,False,False,False,False,False,True,False,False,True
12,4,7,324648,np,,0.6018558249,2017,2018,2018,23399,False,False,True,False,False,False,False,False,False,True,False,False,True
13,5,10,6000000,elastic,,-0.06550154876,2017,2021,2021,14719,False,False,False,False,False,True,False,False,False,False,True,False,True
14,5,10,10000000,elastic,,-0.09205147839,2017,2021,2021,14719,False,False,False,False,False,True,False,False,False,False,False,True,True
15,5,10,1000,na,,1.245512668,2017,2019,2020,32804,False,False,False,True,False,False,False,True,False,False,False,False,False
16,5,10,1260,na,,1.193124598,2017,2019,2020,32804,False,False,False,True,False,False,False,True,False,False,False,False,False
17,5,10,1580,na,,1.149219113,2017,2019,2020,32804,False,False,False,True,False,False,False,True,False,False,False,False,False
18,5,10,2000,na,,1.103803721,2017,2019,2020,32804,False,False,False,True,False,False,False,True,False,False,False,False,False
19,5,10,2510,na,,1.056904851,2017,2019,2020,32804,False,False,False,True,False,False,False,True,False,False,False,False,False
20,5,10,3160,na,,1.017033339,2017,2019,2020,32804,False,False,False,True,False,False,False,True,False,False,False,False,False
21,5,10,3980,na,,0.9604707775,2017,2019,2020,32804,False,False,False,True,False,False,False,True,False,False,False,False,False
22,5,10,5010,na,,0.8859263398,2017,2019,2020,32804,False,False,False,True,False,False,False,True,False,False,False,False,False
23,5,10,6310,na,,0.8536982118,2017,2019,2020,32804,False,False,False,True,False,False,False,True,False,False,False,False,False
24,5,10,7940,na,,0.8048206787,2017,2019,2020,32804,False,False,False,True,False,False,False,True,False,False,False,False,False
25,5,10,10000,na,,0.7774268224,2017,2019,2020,32804,False,False,False,True,False,False,False,False,True,False,False,False,False
26,5,10,12600,na,,0.7250945211,2017,2019,2020,32804,False,False,False,True,False,False,False,False,True,False,False,False,False
27,5,10,15800,na,,0.6730209071,2017,2019,2020,32804,False,False,False,True,False,False,False,False,True,False,False,False,False
28,5,10,20000,na,,0.6364878964,2017,2019,2020,32804,False,False,False,True,False,False,False,False,True,False,False,False,False
29,5,10,25100,na,,0.5774917998,2017,2019,2020,32804,False,False,False,True,False,False,False,False,True,False,False,False,False
30,5,10,31600,na,,0.4913616938,2017,2019,2020,32804,False,False,False,True,False,False,False,False,True,False,False,False,False
31,5,10,39800,na,,0.4668676204,2017,2019,2020,32804,False,False,False,True,False,False,False,False,True,False,False,False,False
32,5,10,50100,na,,0.4183012913,2017,2019,2020,32804,False,False,False,True,False,False,False,False,True,False,False,False,False
33,5,10,63100,na,,0.3710678623,2017,2019,2020,32804,False,False,False,True,False,False,False,False,True,False,False,False,False
34,5,10,79400,na,,0.3263358609,2017,2019,2020,32804,False,False,False,True,False,False,False,False,True,False,False,False,False
35,5,10,100000,na,,0.2922560714,2017,2019,2020,32804,False,False,False,True,False,False,False,False,False,True,False,False,True
36,5,10,200000,na,,0.1430148003,2017,2019,2020,32804,False,False,False,True,False,False,False,False,False,True,False,False,True
37,5,10,300000,na,,0.0170333393,2017,2019,2020,32804,False,False,False,True,False,False,False,False,False,True,False,False,True
38,5,10,400000,na,,-0.06148027482,2017,2019,2020,32804,False,False,False,True,False,False,False,False,False,True,False,False,True
39,5,10,500000,na,,-0.1135092748,2017,2019,2020,32804,False,False,False,True,False,False,False,False,False,True,False,False,True
40,5,10,600000,na,,-0.272458743,2017,2019,2020,32804,False,False,False,True,False,False,False,False,False,True,False,False,True
41,5,10,700000,na,,-0.4353339357,2017,2019,2020,32804,False,False,False,True,False,False,False,False,False,True,False,False,True
42,5,10,800000,na,,-0.5575202309,2017,2019,2020,32804,False,False,False,True,False,False,False,False,False,True,False,False,True
43,5,10,900000,na,,-0.6038006529,2017,2019,2020,32804,False,False,False,True,False,False,False,False,False,True,False,False,True
44,5,10,1000000,na,,-0.6090648929,2017,2019,2020,32804,False,False,False,True,False,False,False,False,False,True,False,False,True
45,5,10,1200000,na,,-0.7077439286,2017,2019,2020,32804,False,False,False,True,False,False,False,False,False,False,True,False,True
46,5,10,1400000,na,,-0.588380294,2017,2019,2020,32804,False,False,False,True,False,False,False,False,False,False,True,False,True
47,5,10,1600000,na,,-0.359518563,2017,2019,2020,32804,False,False,False,True,False,False,False,False,False,False,True,False,True
48,5,10,1800000,na,,-0.2510371387,2017,2019,2020,32804,False,False,False,True,False,False,False,False,False,False,True,False,True
49,5,10,2000000,na,,-0.3565473235,2017,2019,2020,32804,False,False,False,True,False,False,False,False,False,False,True,False,True
50,5,10,2297825.059,na,,-0.530177984,2017,2019,2020,32804,False,False,False,True,False,False,False,False,False,False,True,False,True
51,5,11,6000000,elastic,,0.1335389084,2017,2021,2021,14719,False,False,False,False,False,True,False,False,False,False,True,False,True
52,5,11,10000000,elastic,,-0.04383156952,2017,2021,2021,14719,False,False,False,False,False,True,False,False,False,False,False,True,True
53,6,12,14100000,elastic,,-0.1023729087,2017,2025,2025,41788,False,False,False,False,False,True,False,False,False,False,False,True,True
54,6,12,6918767.112,inelastic,,-0.7454023818,2017,2023,2024,14820,False,False,False,False,False,False,True,False,False,False,True,False,True
55,6,12,7674122.661,inelastic,,-0.4557756378,2017,2023,2024,14820,False,False,False,False,False,False,True,False,False,False,True,False,True
56,6,12,8511944.16,inelastic,,-0.5524315217,2017,2023,2024,14820,False,False,False,False,False,False,True,False,False,False,True,False,True
57,6,12,9333162.03,inelastic,,-0.5476013034,2017,2023,2024,14820,False,False,False,False,False,False,True,False,False,False,True,False,True
58,6,12,10352108.86,inelastic,,-0.5224221076,2017,2023,2024,14820,False,False,False,False,False,False,True,False,False,False,False,True,True
59,6,12,11482320,inelastic,,-0.5582416489,2017,2023,2024,14820,False,False,False,False,False,False,True,False,False,False,False,True,True
60,6,12,12590103.24,inelastic,,-0.644407697,2017,2023,2024,14820,False,False,False,False,False,False,True,False,False,False,False,True,True
61,6,12,13964595.15,inelastic,,-0.7006278265,2017,2023,2024,14820,False,False,False,False,False,False,True,False,False,False,False,True,True
62,6,12,15489166.79,inelastic,,-0.8001043304,2017,2023,2024,14820,False,False,False,False,False,False,True,False,False,False,False,True,True
63,6,12,16407000,inelastic,,-0.9266042835,2017,2023,2024,14820,False,False,False,False,False,False,True,False,False,False,False,True,True
64,6,12,4842723.229,inelastic,,-1.676675695,2017,2023,2024,14820,False,False,False,False,False,False,True,False,False,False,True,False,True
65,6,12,5125749.018,inelastic,,-1.189126098,2017,2023,2024,14820,False,False,False,False,False,False,True,False,False,False,True,False,True
66,6,12,5665760.922,inelastic,,-0.826417352,2017,2023,2024,14820,False,False,False,False,False,False,True,False,False,False,True,False,True
67,6,12,6260389.565,inelastic,,-0.6113538945,2017,2023,2024,14820,False,False,False,False,False,False,True,False,False,False,True,False,True
68,6,12,6916122.588,inelastic,,-0.7135716682,2017,2023,2024,14820,False,False,False,False,False,False,True,False,False,False,True,False,True
69,6,12,7644839.784,inelastic,,-0.4864418394,2017,2023,2024,14820,False,False,False,False,False,False,True,False,False,False,True,False,True
70,6,12,8448802.416,inelastic,,-0.5247731458,2017,2023,2024,14820,False,False,False,False,False,False,True,False,False,False,True,False,True
71,6,12,9338464.19,inelastic,,-0.5407323101,2017,2023,2024,14820,False,False,False,False,False,False,True,False,False,False,True,False,True
72,6,12,10320172.4,inelastic,,-0.5069021472,2017,2023,2024,14820,False,False,False,False,False,False,True,False,False,False,False,True,True
73,6,12,11400281.94,inelastic,,-0.5309537061,2017,2023,2024,14820,False,False,False,False,False,False,True,False,False,False,False,True,True
74,6,12,12600633.45,inelastic,,-0.6070881386,2017,2023,2024,14820,False,False,False,False,False,False,True,False,False,False,False,True,True
75,6,12,13933048.65,inelastic,,-0.6608593821,2017,2023,2024,14820,False,False,False,False,False,False,True,False,False,False,False,True,True
76,6,12,15316589.92,inelastic,,-0.7414628358,2017,2023,2024,14820,False,False,False,False,False,False,True,False,False,False,False,True,True
77,6,12,2584461.575,total,,0.219842023,2017,2020,2020,14661,False,False,False,False,True,False,False,False,False,False,True,False,True
78,6,12,2809252.091,total,,0.3427026801,2017,2020,2020,14661,False,False,False,False,True,False,False,False,False,False,True,False,True
79,6,12,3108163.818,total,,0.2362531138,2017,2020,2020,14661,False,False,False,False,True,False,False,False,False,False,True,False,True
80,6,12,3435325.325,total,,0.4044926593,2017,2020,2020,14661,False,False,False,False,True,False,False,False,False,False,True,False,True
81,6,12,3791528.281,total,,0.360394929,2017,2020,2020,14661,False,False,False,False,True,False,False,False,False,False,True,False,True
82,6,12,4196370.367,total,,0.2936503816,2017,2020,2020,14661,False,False,False,False,True,False,False,False,False,False,True,False,True
83,6,12,4646452.128,total,,0.1709580821,2017,2020,2020,14661,False,False,False,False,True,False,False,False,False,False,True,False,True
84,6,12,5132842.259,total,,0.0852665367,2017,2020,2020,14661,False,False,False,False,True,False,False,False,False,False,True,False,True
85,6,12,5668716.927,total,,0.04276206106,2017,2020,2020,14661,False,False,False,False,True,False,False,False,False,False,True,False,True
86,6,12,6257030.423,total,,0.1080129511,2017,2020,2020,14661,False,False,False,False,True,False,False,False,False,False,True,False,True
87,6,12,6921428.708,total,,-0.08783454396,2017,2020,2020,14661,False,False,False,False,True,False,False,False,False,False,True,False,True
88,6,12,7648210.956,total,,0.2755977178,2017,2020,2020,14661,False,False,False,False,True,False,False,False,False,False,True,False,True
89,6,12,8440002.567,total,,0.1013311341,2017,2020,2020,14661,False,False,False,False,True,False,False,False,False,False,True,False,True
90,6,12,9328420.124,total,,0.09195019903,2017,2020,2020,14661,False,False,False,False,True,False,False,False,False,False,True,False,True
91,6,12,10327595.46,total,,0.08319050572,2017,2020,2020,14661,False,False,False,False,True,False,False,False,False,False,False,True,True
92,6,12,11406427.44,total,,0.1423068025,2017,2020,2020,14661,False,False,False,False,True,False,False,False,False,False,False,True,True
93,6,12,12561848.22,total,,0.144217857,2017,2020,2020,14661,False,False,False,False,True,False,False,False,False,False,False,True,True
94,6,12,13903370,total,,0.125724641,2017,2020,2020,14661,False,False,False,False,True,False,False,False,False,False,False,True,True
95,6,12,15402638.41,total,,0.163727736,2017,2020,2020,14661,False,False,False,False,True,False,False,False,False,False,False,True,True
96,6,12,16995573.77,total,,0.1502875171,2017,2020,2020,14661,False,False,False,False,True,False,False,False,False,False,False,True,True
97,6,12,18758520.98,total,,0.1667015001,2017,2020,2020,14661,False,False,False,False,True,False,False,False,False,False,False,True,True
98,6,12,19843930,total,,0.174030718,2017,2020,2020,14661,False,False,False,False,True,False,False,False,False,False,False,True,True
99,6,12,14100000,total,,0.1553360375,2017,2020,2020,31807,False,False,False,False,True,False,False,False,False,False,False,True,True
100,7,14,104396.7987,total,,0.6104496222,2017,2025,2025,23672,False,False,False,False,True,False,False,False,False,True,False,False,True
101,7,14,114621.1463,total,,0.6003808872,2017,2025,2025,23672,False,False,False,False,True,False,False,False,False,True,False,False,True
102,7,14,126697.5941,total,,0.5951260423,2017,2025,2025,23672,False,False,False,False,True,False,False,False,False,True,False,False,True
103,7,14,140051.256,total,,0.5831944228,2017,2025,2025,23672,False,False,False,False,True,False,False,False,False,True,False,False,True
104,7,14,154776.5706,total,,0.5729699738,2017,2025,2025,23672,False,False,False,False,True,False,False,False,False,True,False,False,True
105,7,14,171014.6206,total,,0.5615908244,2017,2025,2025,23672,False,False,False,False,True,False,False,False,False,True,False,False,True
106,7,14,188986.9441,total,,0.5499053639,2017,2025,2025,23672,False,False,False,False,True,False,False,False,False,True,False,False,True
107,7,14,208905.044,total,,0.534529708,2017,2025,2025,23672,False,False,False,False,True,False,False,False,False,True,False,False,True
108,7,14,230846.3359,total,,0.5205105217,2017,2025,2025,23672,False,False,False,False,True,False,False,False,False,True,False,False,True
109,7,14,255128.7423,total,,0.5106051153,2017,2025,2025,23672,False,False,False,False,True,False,False,False,False,True,False,False,True
110,7,14,282049.6416,total,,0.4942185509,2017,2025,2025,23672,False,False,False,False,True,False,False,False,False,True,False,False,True
111,7,14,311701.4988,total,,0.4765943689,2017,2025,2025,23672,False,False,False,False,True,False,False,False,False,True,False,False,True
112,7,14,344394.1687,total,,0.460610709,2017,2025,2025,23672,False,False,False,False,True,False,False,False,False,True,False,False,True
113,7,14,380497.9112,total,,0.4426410468,2017,2025,2025,23672,False,False,False,False,True,False,False,False,False,True,False,False,True
114,7,14,420464.03,total,,0.5249239237,2017,2025,2025,23672,False,False,False,False,True,False,False,False,False,True,False,False,True
115,7,14,464849.7533,total,,0.4073671069,2017,2025,2025,23672,False,False,False,False,True,False,False,False,False,True,False,False,True
116,7,14,513773.3106,total,,0.3766474816,2017,2025,2025,23672,False,False,False,False,True,False,False,False,False,True,False,False,True
117,7,14,567848.3628,total,,0.3063791393,2017,2025,2025,23672,False,False,False,False,True,False,False,False,False,True,False,False,True
118,7,14,627820.7943,total,,0.2858936021,2017,2025,2025,23672,False,False,False,False,True,False,False,False,False,True,False,False,True
119,7,14,693763.2074,total,,0.3674474132,2017,2025,2025,23672,False,False,False,False,True,False,False,False,False,True,False,False,True
120,7,14,766476.1621,total,,0.3003226503,2017,2025,2025,23672,False,False,False,False,True,False,False,False,False,True,False,False,True
121,7,14,846997.764,total,,0.2264352876,2017,2025,2025,23672,False,False,False,False,True,False,False,False,False,True,False,False,True
122,7,14,935952.6614,total,,0.09195511289,2017,2025,2025,23672,False,False,False,False,True,False,False,False,False,True,False,False,True
123,7,14,1033959.642,total,,0.3429218638,2017,2025,2025,23672,False,False,False,False,True,False,False,False,False,False,True,False,True
124,7,14,1143449.648,total,,0.308710629,2017,2025,2025,23672,False,False,False,False,True,False,False,False,False,False,True,False,True
125,7,14,1264615.328,total,,0.2156120571,2017,2025,2025,23672,False,False,False,False,True,False,False,False,False,False,True,False,True
126,7,14,1397100.685,total,,0.4017839855,2017,2025,2025,23672,False,False,False,False,True,False,False,False,False,False,True,False,True
127,7,14,1544071.526,total,,0.3361894666,2017,2025,2025,23672,False,False,False,False,True,False,False,False,False,False,True,False,True
128,7,14,1706818.172,total,,0.3237225818,2017,2025,2025,23672,False,False,False,False,True,False,False,False,False,False,True,False,True
129,7,14,1886626.092,total,,0.2570691039,2017,2025,2025,23672,False,False,False,False,True,False,False,False,False,False,True,False,True
130,7,14,2084654.298,total,,0.1915113501,2017,2025,2025,23672,False,False,False,False,True,False,False,False,False,False,True,False,True
131,7,14,2301986.145,total,,0.2048825595,2017,2025,2025,23672,False,False,False,False,True,False,False,False,False,False,True,False,True
132,7,14,2542510.657,total,,0.1617983395,2017,2025,2025,23672,False,False,False,False,True,False,False,False,False,False,True,False,True
133,7,14,2828566.056,total,,0.1698854128,2017,2025,2025,23672,False,False,False,False,True,False,False,False,False,False,True,False,True
134,7,14,3109173.937,total,,0.2385478877,2017,2025,2025,23672,False,False,False,False,True,False,False,False,False,False,True,False,True
135,7,14,3436510.915,total,,0.227584833,2017,2025,2025,23672,False,False,False,False,True,False,False,False,False,False,True,False,True
136,7,14,3801063.604,total,,0.2529537444,2017,2025,2025,23672,False,False,False,False,True,False,False,False,False,False,True,False,True
137,7,14,4199988.111,total,,0.3203419728,2017,2025,2025,23672,False,False,False,False,True,False,False,False,False,False,True,False,True
138,7,14,4641917.84,total,,0.1605365563,2017,2025,2025,23672,False,False,False,False,True,False,False,False,False,False,True,False,True
139,7,14,5130244.941,total,,0.1344958558,2017,2025,2025,23672,False,False,False,False,True,False,False,False,False,False,True,False,True
140,7,14,5668437.19,total,,0.1568877685,2017,2025,2025,23672,False,False,False,False,True,False,False,False,False,False,True,False,True
141,7,14,6259321.057,total,,0.1545018774,2017,2025,2025,23672,False,False,False,False,True,False,False,False,False,False,True,False,True
142,7,14,6919696.361,total,,0.1134366026,2017,2025,2025,23672,False,False,False,False,True,False,False,False,False,False,True,False,True
143,7,14,7657307.933,total,,0.1919234242,2017,2025,2025,23672,False,False,False,False,True,False,False,False,False,False,True,False,True
144,7,14,8462077.319,total,,0.1084773811,2017,2025,2025,23672,False,False,False,False,True,False,False,False,False,False,True,False,True
145,7,14,9356381.87,total,,0.1122058851,2017,2025,2025,23672,False,False,False,False,True,False,False,False,False,False,True,False,True
146,7,14,10322509.19,total,,0.1484256671,2017,2025,2025,23672,False,False,False,False,True,False,False,False,False,False,False,True,True
147,7,14,11387338.34,total,,0.1519501778,2017,2025,2025,23672,False,False,False,False,True,False,False,False,False,False,False,True,True
148,8,16,14296852.8,np,,-1.392544977,2017,2021,2022,23779,False,False,True,False,False,False,False,False,False,False,False,True,True
149,8,17,14296852.8,np,,-1.468521083,2017,2021,2022,23779,False,False,True,False,False,False,False,False,False,False,False,True,True
150,9,19,117692.1433,inelastic,,-0.7817375807,2017,2025,2025,23674,False,False,False,False,False,False,True,False,False,True,False,False,True
151,9,19,126732.1019,inelastic,,-0.5232625973,2017,2025,2025,23674,False,False,False,False,False,False,True,False,False,True,False,False,True
152,9,19,140103.2377,inelastic,,-0.4965332998,2017,2025,2025,23674,False,False,False,False,False,False,True,False,False,True,False,False,True
153,9,19,155055.305,inelastic,,-0.490212314,2017,2025,2025,23674,False,False,False,False,False,False,True,False,False,True,False,False,True
154,9,19,171030.2217,inelastic,,-0.4075641165,2017,2025,2025,23674,False,False,False,False,False,False,True,False,False,True,False,False,True
155,9,19,188745.2015,inelastic,,-0.2349783911,2017,2025,2025,23674,False,False,False,False,False,False,True,False,False,True,False,False,True
156,9,19,208852.9255,inelastic,,0.002426005036,2017,2025,2025,23674,False,False,False,False,False,False,True,False,False,True,False,False,True
157,9,19,231174.9137,inelastic,,0.2106250669,2017,2025,2025,23674,False,False,False,False,False,False,True,False,False,True,False,False,True
158,9,19,255214.5375,inelastic,,0.3128394164,2017,2025,2025,23674,False,False,False,False,False,False,True,False,False,True,False,False,True
159,9,19,281635.8079,inelastic,,0.1771716131,2017,2025,2025,23674,False,False,False,False,False,False,True,False,False,True,False,False,True
160,9,19,311455.3671,inelastic,,-0.1042248182,2017,2025,2025,23674,False,False,False,False,False,False,True,False,False,True,False,False,True
161,9,19,344131.233,inelastic,,-0.002342266339,2017,2025,2025,23674,False,False,False,False,False,False,True,False,False,True,False,False,True
162,9,19,380998.0293,inelastic,,0.1918560553,2017,2025,2025,23674,False,False,False,False,False,False,True,False,False,True,False,False,True
163,9,19,421195.0179,inelastic,,0.1104764327,2017,2025,2025,23674,False,False,False,False,False,False,True,False,False,True,False,False,True
164,9,19,464767.6487,inelastic,,-0.0398023818,2017,2025,2025,23674,False,False,False,False,False,False,True,False,False,True,False,False,True
165,9,19,513504.2481,inelastic,,-0.1476332868,2017,2025,2025,23674,False,False,False,False,False,False,True,False,False,True,False,False,True
166,9,19,568079.7955,inelastic,,-0.2578631866,2017,2025,2025,23674,False,False,False,False,False,False,True,False,False,True,False,False,True
167,9,19,629176.1597,inelastic,,-0.3047180778,2017,2025,2025,23674,False,False,False,False,False,False,True,False,False,True,False,False,True
168,9,19,694528.913,inelastic,,-0.2295085556,2017,2025,2025,23674,False,False,False,False,False,False,True,False,False,True,False,False,True
169,9,19,767088.922,inelastic,,-0.09601441509,2017,2025,2025,23674,False,False,False,False,False,False,True,False,False,True,False,False,True
170,9,19,847473.9963,inelastic,,-0.1093076459,2017,2025,2025,23674,False,False,False,False,False,False,True,False,False,True,False,False,True
171,9,19,936426.7039,inelastic,,-0.1572651701,2017,2025,2025,23674,False,False,False,False,False,False,True,False,False,True,False,False,True
172,9,19,1034531.509,inelastic,,-0.1851234733,2017,2025,2025,23674,False,False,False,False,False,False,True,False,False,False,True,False,True
173,9,19,1142478.631,inelastic,,-0.05245818089,2017,2025,2025,23674,False,False,False,False,False,False,True,False,False,False,True,False,True
174,9,19,1260677.997,inelastic,,-0.1114664869,2017,2025,2025,23674,False,False,False,False,False,False,True,False,False,False,True,False,True
175,9,19,1389594.985,inelastic,,-0.2544390474,2017,2025,2025,23674,False,False,False,False,False,False,True,False,False,False,True,False,True
176,9,19,1539367.12,inelastic,,-0.03325876796,2017,2025,2025,23674,False,False,False,False,False,False,True,False,False,False,True,False,True
177,9,19,1702831.867,inelastic,,-0.2196464724,2017,2025,2025,23674,False,False,False,False,False,False,True,False,False,False,True,False,True
178,9,19,1880210.636,inelastic,,-0.1162054178,2017,2025,2025,23674,False,False,False,False,False,False,True,False,False,False,True,False,True
179,9,19,2086859.437,inelastic,,-0.0872576183,2017,2025,2025,23674,False,False,False,False,False,False,True,False,False,False,True,False,True
180,9,19,2310723.626,inelastic,,-0.06467036772,2017,2025,2025,23674,False,False,False,False,False,False,True,False,False,False,True,False,True
181,9,19,2551165.336,inelastic,,-0.06730635331,2017,2025,2025,23674,False,False,False,False,False,False,True,False,False,False,True,False,True
182,9,19,2805986.542,inelastic,,-0.121632188,2017,2025,2025,23674,False,False,False,False,False,False,True,False,False,False,True,False,True
183,9,19,3101534.93,inelastic,,-0.122905024,2017,2025,2025,23674,False,False,False,False,False,False,True,False,False,False,True,False,True
184,9,19,3445872.286,inelastic,,-0.08783121027,2017,2025,2025,23674,False,False,False,False,False,False,True,False,False,False,True,False,True
185,9,19,3811635.07,inelastic,,-0.1518398369,2017,2025,2025,23674,False,False,False,False,False,False,True,False,False,False,True,False,True
186,9,19,4192759.447,inelastic,,-0.1491045305,2017,2025,2025,23674,False,False,False,False,False,False,True,False,False,False,True,False,True
187,9,19,4635075.898,inelastic,,-0.1783240509,2017,2025,2025,23674,False,False,False,False,False,False,True,False,False,False,True,False,True
188,9,19,5150410.09,inelastic,,-0.180021987,2017,2025,2025,23674,False,False,False,False,False,False,True,False,False,False,True,False,True
189,9,19,5685010.34,inelastic,,-0.2261148629,2017,2025,2025,23674,False,False,False,False,False,False,True,False,False,False,True,False,True
190,9,19,6307703.815,inelastic,,-0.337052442,2017,2025,2025,23674,False,False,False,False,False,False,True,False,False,False,True,False,True
191,9,19,6940036.708,inelastic,,-0.3817084875,2017,2025,2025,23674,False,False,False,False,False,False,True,False,False,False,True,False,True
192,9,19,7674758.599,inelastic,,-0.4583861262,2017,2025,2025,23674,False,False,False,False,False,False,True,False,False,False,True,False,True
193,9,19,8530932.959,inelastic,,-0.5217640402,2017,2025,2025,23674,False,False,False,False,False,False,True,False,False,False,True,False,True
194,9,19,9385993.301,inelastic,,-0.622025091,2017,2025,2025,23674,False,False,False,False,False,False,True,False,False,False,True,False,True
195,9,19,10377156.98,inelastic,,-0.7219464056,2017,2025,2025,23674,False,False,False,False,False,False,True,False,False,False,False,True,True
196,9,19,11535153.04,inelastic,,-0.8490185424,2017,2025,2025,23674,False,False,False,False,False,False,True,False,False,False,False,True,True
197,9,19,12654018.56,inelastic,,-0.9770502112,2017,2025,2025,23674,False,False,False,False,False,False,True,False,False,False,False,True,True
198,9,19,13949890.29,inelastic,,-1.033229426,2017,2025,2025,23674,False,False,False,False,False,False,True,False,False,False,False,True,True
199,9,19,15451782.49,inelastic,,-1.233584178,2017,2025,2025,23674,False,False,False,False,False,False,True,False,False,False,False,True,True
200,9,19,16839333.41,inelastic,,-1.273971646,2017,2025,2025,23674,False,False,False,False,False,False,True,False,False,False,False,True,True
201,9,19,18005300,inelastic,,-1.353737467,2017,2025,2025,23674,False,False,False,False,False,False,True,False,False,False,False,True,True
202,9,19,17500000,n2n,,-0.9788107009,2017,2022,2021,31842,False,True,False,False,False,False,False,False,False,False,False,True,True
203,9,19,14100000,total,,0.318063335,2017,2020,2020,31807,False,False,False,False,True,False,False,False,False,False,False,True,True
204,11,23,14920000,capture,,-3.537602002,2017,2020,2020,33150,True,False,False,False,False,False,False,False,False,False,False,True,True
205,11,23,17500000,n2n,,-1.022276395,2017,2022,2021,31842,False,True,False,False,False,False,False,False,False,False,False,True,True
206,11,23,18500000,n2n,,-1.060480747,2017,2025,2024,31859,False,True,False,False,False,False,False,False,False,False,False,True,True
207,12,24,14050000,np,,-0.7328282716,2017,2023,2023,31858,False,False,True,False,False,False,False,False,False,False,False,True,True
208,12,25,4000000,na,,-1.65130581,2017,2018,2019,32783,False,False,False,True,False,False,False,False,False,False,True,False,True
209,12,25,4500000,na,,-1.573326112,2017,2018,2019,32783,False,False,False,True,False,False,False,False,False,False,True,False,True
210,12,25,5000000,na,,-1.532984182,2017,2018,2019,32783,False,False,False,True,False,False,False,False,False,False,True,False,True
211,12,25,5500000,na,,-1.426316307,2017,2018,2019,32783,False,False,False,True,False,False,False,False,False,False,True,False,True
212,12,25,6000000,na,,-1.403842919,2017,2018,2019,32783,False,False,False,True,False,False,False,False,False,False,True,False,True
213,13,26,83212.7995,na,,-1.365976406,2017,2021,2021,23752,False,False,False,True,False,False,False,False,True,False,False,False,False
214,13,26,93893.76976,na,,-0.9399635459,2017,2021,2021,23752,False,False,False,True,False,False,False,False,True,False,False,False,False
215,13,26,104109.093,na,,-0.9705891643,2017,2021,2021,23752,False,False,False,True,False,False,False,False,False,True,False,False,True
216,13,26,115487.1631,na,,-1.136260893,2017,2021,2021,23752,False,False,False,True,False,False,False,False,False,True,False,False,True
217,13,26,128099.0632,na,,-1.113546878,2017,2021,2021,23752,False,False,False,True,False,False,False,False,False,True,False,False,True
218,13,26,142060.3477,na,,-0.7296783714,2017,2021,2021,23752,False,False,False,True,False,False,False,False,False,True,False,False,True
219,13,26,154901.9044,na,,-0.9351490772,2017,2021,2021,23752,False,False,False,True,False,False,False,False,False,True,False,False,True
220,13,27,14134058.99,n2n,,-2.062195634,2017,2024,2025,32935,False,True,False,False,False,False,False,False,False,False,False,True,True
221,13,27,14854898.18,n2n,,-1.469800302,2017,2024,2025,32935,False,True,False,False,False,False,False,False,False,False,False,True,True
222,13,27,17500000,na,,-1.200659451,2017,2022,2021,31842,False,False,False,True,False,False,False,False,False,False,False,True,True
223,13,27,19800000,na,,-1.455931956,2017,2022,2021,31842,False,False,False,True,False,False,False,False,False,False,False,True,True
224,13,27,17500000,np,,-1.602059991,2017,2022,2021,31842,False,False,True,False,False,False,False,False,False,False,False,True,True
225,13,27,19800000,np,,-1.721246399,2017,2022,2021,31842,False,False,True,False,False,False,False,False,False,False,False,True,True
226,13,27,18500000,np,,-1.585026652,2017,2025,2024,31859,False,False,True,False,False,False,False,False,False,False,False,True,True
227,13,27,14100000,total,,0.2430380487,2017,2021,2022,31847,False,False,False,False,True,False,False,False,False,False,False,True,True
228,13,27,5745576.404,total,,0.3327327714,2017,2021,2024,32852,False,False,False,False,True,False,False,False,False,False,True,False,True
229,13,27,6297884.092,total,,0.3311913569,2017,2021,2024,32852,False,False,False,False,True,False,False,False,False,False,True,False,True
230,13,27,6905211.744,total,,0.3065215267,2017,2021,2024,32852,False,False,False,False,True,False,False,False,False,False,True,False,True
231,13,27,7657863.751,total,,0.2794821471,2017,2021,2024,32852,False,False,False,False,True,False,False,False,False,False,True,False,True
232,13,27,8494760.14,total,,0.2456933806,2017,2021,2024,32852,False,False,False,False,True,False,False,False,False,False,True,False,True
233,13,27,9314456.506,total,,0.241814719,2017,2021,2024,32852,False,False,False,False,True,False,False,False,False,False,True,False,True
234,13,27,10328590.86,total,,0.2194226179,2017,2021,2024,32852,False,False,False,False,True,False,False,False,False,False,False,True,True
235,13,27,11471008.28,total,,0.2441478031,2017,2021,2024,32852,False,False,False,False,True,False,False,False,False,False,False,True,True
236,13,27,12545516.1,total,,0.2755618368,2017,2021,2024,32852,False,False,False,False,True,False,False,False,False,False,False,True,True
237,13,27,13932172.68,total,,0.2700738957,2017,2021,2024,32852,False,False,False,False,True,False,False,False,False,False,False,True,True
238,13,27,15444738.87,total,,0.2801456814,2017,2021,2024,32852,False,False,False,False,True,False,False,False,False,False,False,True,True
239,13,27,16945204.8,total,,0.282505991,2017,2021,2024,32852,False,False,False,False,True,False,False,False,False,False,False,True,True
240,13,27,18810620.7,total,,0.2648631383,2017,2021,2024,32852,False,False,False,False,True,False,False,False,False,False,False,True,True
241,13,27,5745576.404,total,,0.323717093,2017,2021,2024,32852,False,False,False,False,True,False,False,False,False,False,True,False,True
242,13,27,6297884.092,total,,0.3186762388,2017,2021,2024,32852,False,False,False,False,True,False,False,False,False,False,True,False,True
243,13,27,6905211.744,total,,0.2969135225,2017,2021,2024,32852,False,False,False,False,True,False,False,False,False,False,True,False,True
244,13,27,7657863.751,total,,0.2742562474,2017,2021,2024,32852,False,False,False,False,True,False,False,False,False,False,True,False,True
245,13,27,8494760.14,total,,0.2416286501,2017,2021,2024,32852,False,False,False,False,True,False,False,False,False,False,True,False,True
246,13,27,9314456.506,total,,0.2351116272,2017,2021,2024,32852,False,False,False,False,True,False,False,False,False,False,True,False,True
247,13,27,10328590.86,total,,0.2307451624,2017,2021,2024,32852,False,False,False,False,True,False,False,False,False,False,False,True,True
248,13,27,11471008.28,total,,0.2416292725,2017,2021,2024,32852,False,False,False,False,True,False,False,False,False,False,False,True,True
249,13,27,12545516.1,total,,0.2715947782,2017,2021,2024,32852,False,False,False,False,True,False,False,False,False,False,False,True,True
250,13,27,13932172.68,total,,0.2716176665,2017,2021,2024,32852,False,False,False,False,True,False,False,False,False,False,False,True,True
251,13,27,15444738.87,total,,0.281475395,2017,2021,2024,32852,False,False,False,False,True,False,False,False,False,False,False,True,True
252,13,27,16945204.8,total,,0.2884957105,2017,2021,2024,32852,False,False,False,False,True,False,False,False,False,False,False,True,True
253,13,27,18810620.7,total,,0.2665661111,2017,2021,2024,32852,False,False,False,False,True,False,False,False,False,False,False,True,True
254,13,27,5752277.359,total,,0.2973161439,2017,2021,2024,32852,False,False,False,False,True,False,False,False,False,False,True,False,True
255,13,27,6232920.238,total,,0.3354468677,2017,2021,2024,32852,False,False,False,False,True,False,False,False,False,False,True,False,True
256,13,27,6916298.202,total,,0.274617773,2017,2021,2024,32852,False,False,False,False,True,False,False,False,False,False,True,False,True
257,13,27,7669947.819,total,,0.261562607,2017,2021,2024,32852,False,False,False,False,True,False,False,False,False,False,True,False,True
258,13,27,8412204.487,total,,0.2329389626,2017,2021,2024,32852,False,False,False,False,True,False,False,False,False,False,True,False,True
259,13,27,9331048.017,total,,0.2161833265,2017,2021,2024,32852,False,False,False,False,True,False,False,False,False,False,True,False,True
260,13,27,10346496.43,total,,0.2274933487,2017,2021,2024,32852,False,False,False,False,True,False,False,False,False,False,False,True,True
261,13,27,11346805.29,total,,0.2516114564,2017,2021,2024,32852,False,False,False,False,True,False,False,False,False,False,False,True,True
262,13,27,12592852.28,total,,0.2726240248,2017,2021,2024,32852,False,False,False,False,True,False,False,False,False,False,False,True,True
263,13,27,13945966.41,total,,0.2821835191,2017,2021,2024,32852,False,False,False,False,True,False,False,False,False,False,False,True,True
264,13,27,15295259.93,total,,0.277000317,2017,2021,2024,32852,False,False,False,False,True,False,False,False,False,False,False,True,True
265,13,27,16990581.97,total,,0.2780334468,2017,2021,2024,32852,False,False,False,False,True,False,False,False,False,False,False,True,True
266,13,27,18818852.41,total,,0.2643023826,2017,2021,2024,32852,False,False,False,False,True,False,False,False,False,False,False,True,True
267,13,27,19900000,total,,0.2498047228,2017,2021,2024,32852,False,False,False,False,True,False,False,False,False,False,False,True,True
268,13,27,5752277.359,total,,0.3107860369,2017,2021,2024,32852,False,False,False,False,True,False,False,False,False,False,True,False,True
269,13,27,6232920.238,total,,0.327680704,2017,2021,2024,32852,False,False,False,False,True,False,False,False,False,False,True,False,True
270,13,27,6916298.202,total,,0.2800713977,2017,2021,2024,32852,False,False,False,False,True,False,False,False,False,False,True,False,True
271,13,27,7669947.819,total,,0.2539979125,2017,2021,2024,32852,False,False,False,False,True,False,False,False,False,False,True,False,True
272,13,27,8412204.487,total,,0.2322303409,2017,2021,2024,32852,False,False,False,False,True,False,False,False,False,False,True,False,True
273,13,27,9331048.017,total,,0.2208191207,2017,2021,2024,32852,False,False,False,False,True,False,False,False,False,False,True,False,True
274,13,27,10346496.43,total,,0.2259150618,2017,2021,2024,32852,False,False,False,False,True,False,False,False,False,False,False,True,True
275,13,27,11346805.29,total,,0.2549050089,2017,2021,2024,32852,False,False,False,False,True,False,False,False,False,False,False,True,True
276,13,27,12592852.28,total,,0.2758275931,2017,2021,2024,32852,False,False,False,False,True,False,False,False,False,False,False,True,True
277,13,27,13945966.41,total,,0.2822356749,2017,2021,2024,32852,False,False,False,False,True,False,False,False,False,False,False,True,True
278,13,27,15295259.93,total,,0.2773174859,2017,2021,2024,32852,False,False,False,False,True,False,False,False,False,False,False,True,True
279,13,27,16990581.97,total,,0.271842071,2017,2021,2024,32852,False,False,False,False,True,False,False,False,False,False,False,True,True
280,13,27,18818852.41,total,,0.2638466563,2017,2021,2024,32852,False,False,False,False,True,False,False,False,False,False,False,True,True
281,13,27,19900000,total,,0.2578752825,2017,2021,2024,32852,False,False,False,False,True,False,False,False,False,False,False,True,True
282,17,35,2740000,na,,-2.377785977,2017,2019,2019,14556,False,False,False,True,False,False,False,False,False,False,True,False,True
283,17,35,2420000,na,,-2.920818754,2017,2019,2019,14556,False,False,False,True,False,False,False,False,False,False,True,False,True
284,17,35,2579534.8,na,,-2.303934986,2017,2019,2019,14556,False,False,False,True,False,False,False,False,False,False,True,False,True
285,17,35,2420000,na,,-2.853871964,2017,2019,2019,14556,False,False,False,True,False,False,False,False,False,False,True,False,True
286,17,35,2579534.8,na,,-2.350016456,2017,2019,2019,14556,False,False,False,True,False,False,False,False,False,False,True,False,True
287,17,35,2849561.37,na,,-1.740645073,2017,2024,2024,14840,False,False,False,True,False,False,False,False,False,False,True,False,True
288,17,35,3098924.358,na,,-1.487360067,2017,2024,2024,14840,False,False,False,True,False,False,False,False,False,False,True,False,True
289,17,35,3448187.32,na,,-1.223898382,2017,2024,2024,14840,False,False,False,True,False,False,False,False,False,False,True,False,True
290,17,35,3798683.983,na,,-1.087060913,2017,2024,2024,14840,False,False,False,True,False,False,False,False,False,False,True,False,True
291,17,35,4198809.355,na,,-0.9098830892,2017,2024,2024,14840,False,False,False,True,False,False,False,False,False,False,True,False,True
292,17,35,4598912.915,na,,-0.8583151127,2017,2024,2024,14840,False,False,False,True,False,False,False,False,False,False,True,False,True
293,17,35,5097384.28,na,,-0.7966950839,2017,2024,2024,14840,False,False,False,True,False,False,False,False,False,False,True,False,True
294,17,35,5623610.94,na,,-0.7395469824,2017,2024,2024,14840,False,False,False,True,False,False,False,False,False,False,True,False,True
295,17,35,6198185.218,na,,-0.739225243,2017,2024,2024,14840,False,False,False,True,False,False,False,False,False,False,True,False,True
296,17,35,6945680.77,na,,-0.734663222,2017,2024,2024,14840,False,False,False,True,False,False,False,False,False,False,True,False,True
297,17,35,7698538.822,na,,-0.7275317895,2017,2024,2024,14840,False,False,False,True,False,False,False,False,False,False,True,False,True
298,17,35,8496322.734,na,,-0.7336154096,2017,2024,2024,14840,False,False,False,True,False,False,False,False,False,False,True,False,True
299,17,35,9496709.957,na,,-0.7478875992,2017,2024,2024,14840,False,False,False,True,False,False,False,False,False,False,True,False,True
300,17,35,10497023.39,na,,-0.7493238883,2017,2024,2024,14840,False,False,False,True,False,False,False,False,False,False,False,True,True
301,17,35,11497282.29,na,,-0.7349933943,2017,2024,2024,14840,False,False,False,True,False,False,False,False,False,False,False,True,True
302,17,35,12250000,na,,-0.7567138539,2017,2024,2024,14840,False,False,False,True,False,False,False,False,False,False,False,True,True
303,17,35,2025000,na,,-2.954677021,2017,2024,2024,14840,False,False,False,True,False,False,False,False,False,False,True,False,True
304,17,35,2275000,na,,-2.583359493,2017,2024,2024,14840,False,False,False,True,False,False,False,False,False,False,True,False,True
305,17,35,2525000,na,,-2.140861703,2017,2024,2024,14840,False,False,False,True,False,False,False,False,False,False,True,False,True
306,17,35,2775000,na,,-1.782252927,2017,2024,2024,14840,False,False,False,True,False,False,False,False,False,False,True,False,True
307,17,35,3025000,na,,-1.561457651,2017,2024,2024,14840,False,False,False,True,False,False,False,False,False,False,True,False,True
308,17,35,3397701.429,na,,-1.255198681,2017,2024,2024,14840,False,False,False,True,False,False,False,False,False,False,True,False,True
309,17,35,3775000,na,,-1.076496933,2017,2024,2024,14840,False,False,False,True,False,False,False,False,False,False,True,False,True
310,17,35,4148117.043,na,,-0.9024130155,2017,2024,2024,14840,False,False,False,True,False,False,False,False,False,False,True,False,True
311,17,35,4648319.589,na,,-0.7859645857,2017,2024,2024,14840,False,False,False,True,False,False,False,False,False,False,True,False,True
312,17,35,5148482.786,na,,-0.7307790185,2017,2024,2024,14840,False,False,False,True,False,False,False,False,False,False,True,False,True
313,17,35,5648617.087,na,,-0.6936822189,2017,2024,2024,14840,False,False,False,True,False,False,False,False,False,False,True,False,True
314,17,35,6271678.189,na,,-0.7066374453,2017,2024,2024,14840,False,False,False,True,False,False,False,False,False,False,True,False,True
315,17,35,7022033.148,na,,-0.7170231053,2017,2024,2024,14840,False,False,False,True,False,False,False,False,False,False,True,False,True
316,17,35,7772319.548,na,,-0.7108199702,2017,2024,2024,14840,False,False,False,True,False,False,False,False,False,False,True,False,True
317,17,35,8522555.506,na,,-0.7054676427,2017,2024,2024,14840,False,False,False,True,False,False,False,False,False,False,True,False,True
318,17,35,9395842.319,na,,-0.6910729366,2017,2024,2024,14840,False,False,False,True,False,False,False,False,False,False,True,False,True
319,17,35,10025000,na,,-0.7109687649,2017,2024,2024,14840,False,False,False,True,False,False,False,False,False,False,False,True,True
320,17,35,3300000,na,,-1.360513511,2017,2021,2021,41744,False,False,False,True,False,False,False,False,False,False,True,False,True
321,17,35,3900000,na,,-1.255707017,2017,2021,2021,41744,False,False,False,True,False,False,False,False,False,False,True,False,True
322,17,35,4300000,na,,-1.129011186,2017,2021,2021,41744,False,False,False,True,False,False,False,False,False,False,True,False,True
323,17,35,4647580.015,na,,-1.026410377,2017,2021,2021,41744,False,False,False,True,False,False,False,False,False,False,True,False,True
324,17,35,5131827.11,na,,-0.969063119,2017,2021,2021,41744,False,False,False,True,False,False,False,False,False,False,True,False,True
325,17,35,2740000,np,,-1.548981548,2017,2019,2019,14556,False,False,True,False,False,False,False,False,False,False,True,False,True
326,17,35,2420000,np,,-1.779891912,2017,2019,2019,14556,False,False,True,False,False,False,False,False,False,False,True,False,True
327,17,35,2579534.8,np,,-1.395413985,2017,2019,2019,14556,False,False,True,False,False,False,False,False,False,False,True,False,True
328,17,35,2740000,np,,-1.501689446,2017,2019,2019,14556,False,False,True,False,False,False,False,False,False,False,True,False,True
329,17,35,2420000,np,,-1.707743929,2017,2019,2019,14556,False,False,True,False,False,False,False,False,False,False,True,False,True
330,17,35,2579534.8,np,,-1.415668776,2017,2019,2019,14556,False,False,True,False,False,False,False,False,False,False,True,False,True
331,17,35,2740000,np,,-1.48945499,2017,2019,2019,14556,False,False,True,False,False,False,False,False,False,False,True,False,True
332,17,35,321930.0978,np,,-2.1837587,2017,2024,2024,14840,False,False,True,False,False,False,False,False,False,True,False,False,True
333,17,35,337475.1089,np,,-1.755139969,2017,2024,2024,14840,False,False,True,False,False,False,False,False,False,True,False,False,True
334,17,35,376968.9475,np,,-2.214966916,2017,2024,2024,14840,False,False,True,False,False,False,False,False,False,True,False,False,True
335,17,35,418042.9895,np,,-2.490430933,2017,2024,2024,14840,False,False,True,False,False,False,False,False,False,True,False,False,True
336,17,35,468103.6712,np,,-2.120808514,2017,2024,2024,14840,False,False,True,False,False,False,False,False,False,True,False,False,True
337,17,35,514126.92,np,,-1.905478961,2017,2024,2024,14840,False,False,True,False,False,False,False,False,False,True,False,False,True
338,17,35,570111.5698,np,,-2.452225295,2017,2024,2024,14840,False,False,True,False,False,False,False,False,False,True,False,False,True
339,17,35,628704.5718,np,,-1.893701719,2017,2024,2024,14840,False,False,True,False,False,False,False,False,False,True,False,False,True
340,17,35,695093.3912,np,,-1.738089808,2017,2024,2024,14840,False,False,True,False,False,False,False,False,False,True,False,False,True
341,17,35,768037.566,np,,-1.586611473,2017,2024,2024,14840,False,False,True,False,False,False,False,False,False,True,False,False,True
342,17,35,847909.9869,np,,-1.487515724,2017,2024,2024,14840,False,False,True,False,False,False,False,False,False,True,False,False,True
343,17,35,934842.8664,np,,-1.549114803,2017,2024,2024,14840,False,False,True,False,False,False,False,False,False,True,False,False,True
344,17,35,1032396.251,np,,-1.348799546,2017,2024,2024,14840,False,False,True,False,False,False,False,False,False,False,True,False,True
345,17,35,1141948.337,np,,-1.310843418,2017,2024,2024,14840,False,False,True,False,False,False,False,False,False,False,True,False,True
346,17,35,1265198.072,np,,-1.420232731,2017,2024,2024,14840,False,False,True,False,False,False,False,False,False,False,True,False,True
347,17,35,1398346.979,np,,-1.325866353,2017,2024,2024,14840,False,False,True,False,False,False,False,False,False,False,True,False,True
348,17,35,1540951.511,np,,-1.150467983,2017,2024,2024,14840,False,False,True,False,False,False,False,False,False,False,True,False,True
349,17,35,1706541.653,np,,-1.155735156,2017,2024,2024,14840,False,False,True,False,False,False,False,False,False,False,True,False,True
350,17,35,1891591.785,np,,-1.055476951,2017,2024,2024,14840,False,False,True,False,False,False,False,False,False,False,True,False,True
351,17,35,2088166.971,np,,-1.076119,2017,2024,2024,14840,False,False,True,False,False,False,False,False,False,False,True,False,True
352,17,35,2305450.115,np,,-1.149402771,2017,2024,2024,14840,False,False,True,False,False,False,False,False,False,False,True,False,True
353,17,35,2544813.04,np,,-0.9611414984,2017,2024,2024,14840,False,False,True,False,False,False,False,False,False,False,True,False,True
354,17,35,2807890.936,np,,-0.8953460011,2017,2024,2024,14840,False,False,True,False,False,False,False,False,False,False,True,False,True
355,17,35,3114031.841,np,,-0.8599670845,2017,2024,2024,14840,False,False,True,False,False,False,False,False,False,False,True,False,True
356,17,35,3451500.337,np,,-0.7860176504,2017,2024,2024,14840,False,False,True,False,False,False,False,False,False,False,True,False,True
357,17,35,3768482.928,np,,-0.8280571841,2017,2024,2024,14840,False,False,True,False,False,False,False,False,False,False,True,False,True
358,17,35,4186088.908,np,,-0.7586693922,2017,2024,2024,14840,False,False,True,False,False,False,False,False,False,False,True,False,True
359,17,35,4622894.156,np,,-0.7044329,2017,2024,2024,14840,False,False,True,False,False,False,False,False,False,False,True,False,True
360,17,35,5123099.787,np,,-0.6872938544,2017,2024,2024,14840,False,False,True,False,False,False,False,False,False,False,True,False,True
361,17,35,5684851.374,np,,-0.6862888164,2017,2024,2024,14840,False,False,True,False,False,False,False,False,False,False,True,False,True
362,17,35,6309923.371,np,,-0.7144201893,2017,2024,2024,14840,False,False,True,False,False,False,False,False,False,False,True,False,True
363,17,35,6873583.742,np,,-0.7142402175,2017,2024,2024,14840,False,False,True,False,False,False,False,False,False,False,True,False,True
364,19,41,14920000,na,,-1.600499339,2017,2022,2021,33163,False,False,False,True,False,False,False,False,False,False,False,True,True
365,19,41,14920000,np,,-1.376337293,2017,2020,2020,33150,False,False,True,False,False,False,False,False,False,False,False,True,True
366,22,46,14050000,np,,-0.5670307091,2017,2023,2023,31858,False,False,True,False,False,False,False,False,False,False,False,True,True
367,22,47,4000000,na,,-2.086186148,2017,2018,2018,41653,False,False,False,True,False,False,False,False,False,False,True,False,True
368,22,47,5000000,na,,-1.714442691,2017,2018,2018,41653,False,False,False,True,False,False,False,False,False,False,True,False,True
369,22,47,6000000,na,,-1.48148606,2017,2018,2018,41653,False,False,False,True,False,False,False,False,False,False,True,False,True
370,22,48,14050000,np,,-1.208309351,2017,2023,2023,31858,False,False,True,False,False,False,False,False,False,False,False,True,True
371,22,48,14000000,np,,-1.194499142,2017,2023,2024,32893,False,False,True,False,False,False,False,False,False,False,False,True,True
372,22,50,14000000,na,,-2.060480747,2017,2023,2024,32893,False,False,False,True,False,False,False,False,False,False,False,True,True
373,23,51,14050000,na,,-1.823908741,2017,2023,2023,31858,False,False,False,True,False,False,False,False,False,False,False,True,True
374,23,51,7870000,np,,-1.93930216,2017,2021,2022,33168,False,False,True,False,False,False,False,False,False,False,True,False,True
375,23,51,13050000,np,,-1.527243551,2017,2021,2022,33168,False,False,True,False,False,False,False,False,False,False,False,True,True
376,23,51,16980000,np,,-1.573488739,2017,2021,2022,33168,False,False,True,False,False,False,False,False,False,False,False,True,True
377,24,50,14540000,n2n,,-1.756961951,2017,2020,2021,33151,False,True,False,False,False,False,False,False,False,False,False,True,True
378,24,50,5597618.035,na,,-2.549237844,2017,2018,2018,41653,False,False,False,True,False,False,False,False,False,False,True,False,True
379,24,50,6194618.987,na,,-2.198825047,2017,2018,2018,41653,False,False,False,True,False,False,False,False,False,False,True,False,True
380,24,50,6908099.887,na,,-2.012668968,2017,2018,2018,41653,False,False,False,True,False,False,False,False,False,False,True,False,True
381,24,52,5360000,inelastic,,0.1319873694,2017,2025,2025,32930,False,False,False,False,False,False,True,False,False,False,True,False,True
382,24,52,5990000,inelastic,,0.1625255752,2017,2025,2025,32930,False,False,False,False,False,False,True,False,False,False,True,False,True
383,24,52,7690000,inelastic,,0.1093118818,2017,2025,2025,32930,False,False,False,False,False,False,True,False,False,False,True,False,True
384,24,52,14540000,n2n,,-0.4137503611,2017,2020,2021,33151,False,True,False,False,False,False,False,False,False,False,False,True,True
385,24,52,6998571.079,na,,-2.656000931,2017,2018,2018,41653,False,False,False,True,False,False,False,False,False,False,True,False,True
386,24,52,14540000,np,,-1.018181393,2017,2020,2021,33151,False,False,True,False,False,False,False,False,False,False,False,True,True
387,24,53,4500000,na,,-2.886056648,2017,2018,2018,41653,False,False,False,True,False,False,False,False,False,False,True,False,True
388,24,53,5000000,na,,-2.657577319,2017,2018,2018,41653,False,False,False,True,False,False,False,False,False,False,True,False,True
389,24,53,5500000,na,,-2.585026652,2017,2018,2018,41653,False,False,False,True,False,False,False,False,False,False,True,False,True
390,24,53,6244997.998,na,,-2.515700161,2017,2018,2018,41653,False,False,False,True,False,False,False,False,False,False,True,False,True
391,24,53,6972804.314,na,,-2.392544977,2017,2018,2018,41653,False,False,False,True,False,False,False,False,False,False,True,False,True
392,25,55,14540000,capture,,-3.161150909,2017,2020,2021,33151,True,False,False,False,False,False,False,False,False,False,False,True,True
393,25,55,14050000,n2n,,-0.1636758843,2017,2023,2023,31858,False,True,False,False,False,False,False,False,False,False,False,True,True
394,25,55,14540000,n2n,,-0.1801929354,2017,2020,2021,33151,False,True,False,False,False,False,False,False,False,False,False,True,True
395,25,55,14540000,na,,-1.559090918,2017,2020,2021,33151,False,False,False,True,False,False,False,False,False,False,False,True,True
396,26,54,2114190.495,elastic,,0.4272967267,2017,2024,2024,23661,False,False,False,False,False,True,False,False,False,False,True,False,True
397,26,54,2296599.909,elastic,,0.413150115,2017,2024,2024,23661,False,False,False,False,False,True,False,False,False,False,True,False,True
398,26,54,2544033.905,elastic,,0.4385825087,2017,2024,2024,23661,False,False,False,False,False,True,False,False,False,False,True,False,True
399,26,54,2821636.898,elastic,,0.3938690203,2017,2024,2024,23661,False,False,False,False,False,True,False,False,False,False,True,False,True
400,26,54,3119278.863,elastic,,0.3981184276,2017,2024,2024,23661,False,False,False,False,False,True,False,False,False,False,True,False,True
401,26,54,3434265.956,elastic,,0.3491725846,2017,2024,2024,23661,False,False,False,False,False,True,False,False,False,False,True,False,True
402,26,54,3781010.239,elastic,,0.3553633879,2017,2024,2024,23661,False,False,False,False,False,True,False,False,False,False,True,False,True
403,26,54,4183203.67,elastic,,0.3391452403,2017,2024,2024,23661,False,False,False,False,False,True,False,False,False,False,True,False,True
404,26,54,4627751.971,elastic,,0.3518907458,2017,2024,2024,23661,False,False,False,False,False,True,False,False,False,False,True,False,True
405,26,54,5118084.69,elastic,,0.3256684286,2017,2024,2024,23661,False,False,False,False,False,True,False,False,False,False,True,False,True
406,26,54,5656379.506,elastic,,0.3080706165,2017,2024,2024,23661,False,False,False,False,False,True,False,False,False,False,True,False,True
407,26,54,6245109.261,elastic,,0.2840809013,2017,2024,2024,23661,False,False,False,False,False,True,False,False,False,False,True,False,True
408,26,54,6931143.443,elastic,,0.2741953864,2017,2024,2024,23661,False,False,False,False,False,True,False,False,False,False,True,False,True
409,26,54,7628122.852,elastic,,0.2685428712,2017,2024,2024,23661,False,False,False,False,False,True,False,False,False,False,True,False,True
410,26,54,1453258.281,inelastic,,-1.245663417,2017,2018,2019,23461,False,False,False,False,False,False,True,False,False,False,True,False,True
411,26,54,1543274.463,inelastic,,-0.4342159927,2017,2018,2019,23461,False,False,False,False,False,False,True,False,False,False,True,False,True
412,26,54,1704588.379,inelastic,,-0.4171721789,2017,2018,2019,23461,False,False,False,False,False,False,True,False,False,False,True,False,True
413,26,54,1885735.289,inelastic,,-0.2406550559,2017,2018,2019,23461,False,False,False,False,False,False,True,False,False,False,True,False,True
414,26,54,2085362.911,inelastic,,-0.2095874793,2017,2018,2019,23461,False,False,False,False,False,False,True,False,False,False,True,False,True
415,26,54,2304571.747,inelastic,,-0.1178691123,2017,2018,2019,23461,False,False,False,False,False,False,True,False,False,False,True,False,True
416,26,54,2544062.76,inelastic,,-0.1733868763,2017,2018,2019,23461,False,False,False,False,False,False,True,False,False,False,True,False,True
417,26,54,2810562.583,inelastic,,-0.1150827917,2017,2018,2019,23461,False,False,False,False,False,False,True,False,False,False,True,False,True
418,26,54,3106633.959,inelastic,,-0.1184183914,2017,2018,2019,23461,False,False,False,False,False,False,True,False,False,False,True,False,True
419,26,54,3435374.53,inelastic,,-0.07373663236,2017,2018,2019,23461,False,False,False,False,False,False,True,False,False,False,True,False,True
420,26,54,3799438.248,inelastic,,-0.05052327153,2017,2018,2019,23461,False,False,False,False,False,False,True,False,False,False,True,False,True
421,26,54,4190496.691,inelastic,,-0.02466100919,2017,2018,2019,23461,False,False,False,False,False,False,True,False,False,False,True,False,True
422,26,54,4632212.07,inelastic,,-0.01212413482,2017,2018,2019,23461,False,False,False,False,False,False,True,False,False,False,True,False,True
423,26,54,5132253.673,inelastic,,0.007160810437,2017,2018,2019,23461,False,False,False,False,False,False,True,False,False,False,True,False,True
424,26,54,5663906.892,inelastic,,-0.01621649937,2017,2018,2019,23461,False,False,False,False,False,False,True,False,False,False,True,False,True
425,26,54,6241681.682,inelastic,,-0.02404903363,2017,2018,2019,23461,False,False,False,False,False,False,True,False,False,False,True,False,True
426,26,54,6912958.43,inelastic,,-0.02191006567,2017,2018,2019,23461,False,False,False,False,False,False,True,False,False,False,True,False,True
427,26,54,7642161.71,inelastic,,-0.03083414061,2017,2018,2019,23461,False,False,False,False,False,False,True,False,False,False,True,False,True
428,26,54,8428760.116,inelastic,,-0.04654234214,2017,2018,2019,23461,False,False,False,False,False,False,True,False,False,False,True,False,True
429,26,54,9344040.835,inelastic,,-0.05953703895,2017,2018,2019,23461,False,False,False,False,False,False,True,False,False,False,True,False,True
430,26,54,10310024.47,inelastic,,-0.06945650448,2017,2018,2019,23461,False,False,False,False,False,False,True,False,False,False,False,True,True
431,26,54,11426363.33,inelastic,,-0.1018796325,2017,2018,2019,23461,False,False,False,False,False,False,True,False,False,False,False,True,True
432,26,54,12531331.96,inelastic,,-0.1617507756,2017,2018,2019,23461,False,False,False,False,False,False,True,False,False,False,False,True,True
433,26,54,13806013.36,inelastic,,-0.2744173152,2017,2018,2019,23461,False,False,False,False,False,False,True,False,False,False,False,True,True
434,26,54,15287295.11,inelastic,,-0.4265929433,2017,2018,2019,23461,False,False,False,False,False,False,True,False,False,False,False,True,True
435,26,54,17022876.5,inelastic,,-0.5635771724,2017,2018,2019,23461,False,False,False,False,False,False,True,False,False,False,False,True,True
436,26,54,14510000,n2n,,-2.26760624,2017,2022,2025,32882,False,True,False,False,False,False,False,False,False,False,False,True,True
437,26,54,14749783.05,n2n,,-2.063989204,2017,2022,2025,32882,False,True,False,False,False,False,False,False,False,False,False,True,True
438,26,54,5500000,na,,-2.423462797,2017,2019,2019,32786,False,False,False,True,False,False,False,False,False,False,True,False,True
439,26,54,7700000,na,,-1.538765645,2017,2019,2019,32786,False,False,False,True,False,False,False,False,False,False,True,False,True
440,26,54,8500000,na,,-1.444813151,2017,2019,2019,32786,False,False,False,True,False,False,False,False,False,False,True,False,True
441,26,54,9500000,na,,-1.380287114,2017,2019,2019,32786,False,False,False,True,False,False,False,False,False,False,True,False,True
442,26,54,10500000,na,,-1.355584852,2017,2019,2019,32786,False,False,False,True,False,False,False,False,False,False,False,True,True
443,26,54,5123475.383,na,,-2.869666232,2017,2018,2018,41653,False,False,False,True,False,False,False,False,False,False,True,False,True
444,26,54,5623610.94,na,,-2.314258261,2017,2018,2018,41653,False,False,False,True,False,False,False,False,False,False,True,False,True
445,26,54,6246664.887,na,,-1.91721463,2017,2018,2018,41653,False,False,False,True,False,False,False,False,False,False,True,False,True
446,26,54,6873863.542,na,,-1.678815973,2017,2018,2018,41653,False,False,False,True,False,False,False,False,False,False,True,False,True
447,26,56,2595719.429,elastic,,0.4304244586,2017,2025,2025,23673,False,False,False,False,False,True,False,False,False,False,True,False,True
448,26,56,2797812.367,elastic,,0.3899571385,2017,2025,2025,23673,False,False,False,False,False,True,False,False,False,False,True,False,True
449,26,56,3105522.457,elastic,,0.3764005271,2017,2025,2025,23673,False,False,False,False,False,True,False,False,False,False,True,False,True
450,26,56,3434278.9,elastic,,0.3448675758,2017,2025,2025,23673,False,False,False,False,False,True,False,False,False,False,True,False,True
451,26,56,3781060.557,elastic,,0.3573248827,2017,2025,2025,23673,False,False,False,False,False,True,False,False,False,False,True,False,True
452,26,56,4183259.819,elastic,,0.3677508934,2017,2025,2025,23673,False,False,False,False,False,True,False,False,False,False,True,False,True
453,26,56,4653430.898,elastic,,0.3672813576,2017,2025,2025,23673,False,False,False,False,False,True,False,False,False,False,True,False,True
454,26,56,5147506.824,elastic,,0.3570482104,2017,2025,2025,23673,False,False,False,False,False,True,False,False,False,False,True,False,True
455,26,56,5656600.842,elastic,,0.3431426178,2017,2025,2025,23673,False,False,False,False,False,True,False,False,False,False,True,False,True
456,26,56,6245409.148,elastic,,0.3306065248,2017,2025,2025,23673,False,False,False,False,False,True,False,False,False,False,True,False,True
457,26,56,6931548.123,elastic,,0.3210648132,2017,2025,2025,23673,False,False,False,False,False,True,False,False,False,False,True,False,True
458,26,56,7628660.965,elastic,,0.3035416269,2017,2025,2025,23673,False,False,False,False,False,True,False,False,False,False,True,False,True
459,26,56,5500000,na,,-2.99005047,2017,2019,2019,32786,False,False,False,True,False,False,False,False,False,False,True,False,True
460,26,56,7700000,na,,-2.029885207,2017,2019,2019,32786,False,False,False,True,False,False,False,False,False,False,True,False,True
461,26,56,8500000,na,,-1.821192857,2017,2019,2019,32786,False,False,False,True,False,False,False,False,False,False,True,False,True
462,26,56,9500000,na,,-1.65848388,2017,2019,2019,32786,False,False,False,True,False,False,False,False,False,False,True,False,True
463,26,56,10500000,na,,-1.62643339,2017,2019,2019,32786,False,False,False,True,False,False,False,False,False,False,False,True,True
464,26,56,14050000,np,,-0.9507819773,2017,2023,2023,31858,False,False,True,False,False,False,False,False,False,False,False,True,True
465,26,57,4300000,na,,-2.924453039,2017,2018,2018,41653,False,False,False,True,False,False,False,False,False,False,True,False,True
466,26,57,4500000,na,,-2.782516056,2017,2018,2018,41653,False,False,False,True,False,False,False,False,False,False,True,False,True
467,26,57,5000000,na,,-2.610833916,2017,2018,2018,41653,False,False,False,True,False,False,False,False,False,False,True,False,True
468,26,57,5500000,na,,-2.474955193,2017,2018,2018,41653,False,False,False,True,False,False,False,False,False,False,True,False,True
469,26,57,6244997.998,na,,-2.432385557,2017,2018,2018,41653,False,False,False,True,False,False,False,False,False,False,True,False,True
470,27,59,14050000,n2n,,-0.1726307269,2017,2023,2023,31858,False,True,False,False,False,False,False,False,False,False,False,True,True
471,27,59,11980000,n2n,,-0.6274561992,2017,2018,2020,33117,False,True,False,False,False,False,False,False,False,False,False,True,True
472,27,59,15750000,n2n,,-0.1366176516,2017,2018,2020,33117,False,True,False,False,False,False,False,False,False,False,False,True,True
473,27,59,17500000,na,,-1.681936665,2017,2022,2021,31842,False,False,False,True,False,False,False,False,False,False,False,True,True
474,27,59,14050000,na,,-1.522878745,2017,2023,2023,31858,False,False,False,True,False,False,False,False,False,False,False,True,True
475,27,59,18500000,na,,-1.772113295,2017,2025,2024,31859,False,False,False,True,False,False,False,False,False,False,False,True,True
476,27,59,17500000,np,,-1.54668166,2017,2022,2021,31842,False,False,True,False,False,False,False,False,False,False,False,True,True
477,27,59,14050000,np,,-1.278189385,2017,2023,2023,31858,False,False,True,False,False,False,False,False,False,False,False,True,True
478,27,59,17600000,np,,-1.522878745,2017,2025,2024,31859,False,False,True,False,False,False,False,False,False,False,False,True,True
479,27,59,18500000,np,,-1.48148606,2017,2025,2024,31859,False,False,True,False,False,False,False,False,False,False,False,True,True
480,28,58,14540000,n2n,,-1.607303047,2017,2020,2020,33143,False,True,False,False,False,False,False,False,False,False,False,True,True
481,28,58,4623310.502,na,,-1.563589021,2017,2020,2021,32813,False,False,False,True,False,False,False,False,False,False,True,False,True
482,28,58,5123475.383,na,,-1.388468097,2017,2020,2021,32813,False,False,False,True,False,False,False,False,False,False,True,False,True
483,28,58,5500000,na,,-1.28666793,2017,2020,2021,32813,False,False,False,True,False,False,False,False,False,False,True,False,True
484,28,58,14050000,np,,-0.440093375,2017,2023,2023,31858,False,False,True,False,False,False,False,False,False,False,False,True,True
485,28,58,14540000,np,,-0.4597957002,2017,2020,2020,33143,False,False,True,False,False,False,False,False,False,False,False,True,True
486,28,58,1660000,np,,-1.718512112,2017,2024,2024,33203,False,False,True,False,False,False,False,False,False,False,True,False,True
487,28,58,2060000,np,,-1.233884717,2017,2024,2024,33203,False,False,True,False,False,False,False,False,False,False,True,False,True
488,28,58,2660000,np,,-0.7762964365,2017,2024,2024,33203,False,False,True,False,False,False,False,False,False,False,True,False,True
489,28,58,1060000,np,,-2.540607512,2017,2024,2025,33212,False,False,True,False,False,False,False,False,False,False,True,False,True
490,28,58,1860000,np,,-1.231657941,2017,2024,2025,33212,False,False,True,False,False,False,False,False,False,False,True,False,True
491,28,58,2850000,np,,-0.8819668712,2017,2024,2025,33212,False,False,True,False,False,False,False,False,False,False,True,False,True
492,28,58,2584461.575,total,,0.5073930821,2017,2020,2020,14661,False,False,False,False,True,False,False,False,False,False,True,False,True
493,28,58,2809252.091,total,,0.5220760458,2017,2020,2020,14661,False,False,False,False,True,False,False,False,False,False,True,False,True
494,28,58,3108163.818,total,,0.5139049463,2017,2020,2020,14661,False,False,False,False,True,False,False,False,False,False,True,False,True
495,28,58,3435325.325,total,,0.5387770432,2017,2020,2020,14661,False,False,False,False,True,False,False,False,False,False,True,False,True
496,28,58,3791528.281,total,,0.5407367833,2017,2020,2020,14661,False,False,False,False,True,False,False,False,False,False,True,False,True
497,28,58,4196370.367,total,,0.5436149009,2017,2020,2020,14661,False,False,False,False,True,False,False,False,False,False,True,False,True
498,28,58,4646452.128,total,,0.5591993338,2017,2020,2020,14661,False,False,False,False,True,False,False,False,False,False,True,False,True
499,28,58,5132842.259,total,,0.5659951879,2017,2020,2020,14661,False,False,False,False,True,False,False,False,False,False,True,False,True
500,28,58,5668716.927,total,,0.568032277,2017,2020,2020,14661,False,False,False,False,True,False,False,False,False,False,True,False,True
501,28,58,6257030.423,total,,0.5692595196,2017,2020,2020,14661,False,False,False,False,True,False,False,False,False,False,True,False,True
502,28,58,6921428.708,total,,0.559540512,2017,2020,2020,14661,False,False,False,False,True,False,False,False,False,False,True,False,True
503,28,58,7648210.956,total,,0.5491489021,2017,2020,2020,14661,False,False,False,False,True,False,False,False,False,False,True,False,True
504,28,58,8440002.567,total,,0.5353180077,2017,2020,2020,14661,False,False,False,False,True,False,False,False,False,False,True,False,True
505,28,58,9328420.124,total,,0.5209927651,2017,2020,2020,14661,False,False,False,False,True,False,False,False,False,False,True,False,True
506,28,58,10327595.46,total,,0.5027220123,2017,2020,2020,14661,False,False,False,False,True,False,False,False,False,False,False,True,True
507,28,58,11406427.44,total,,0.4848766169,2017,2020,2020,14661,False,False,False,False,True,False,False,False,False,False,False,True,True
508,28,58,12561848.22,total,,0.4624283226,2017,2020,2020,14661,False,False,False,False,True,False,False,False,False,False,False,True,True
509,28,58,13903370,total,,0.4358227409,2017,2020,2020,14661,False,False,False,False,True,False,False,False,False,False,False,True,True
510,28,58,15402638.41,total,,0.4086345991,2017,2020,2020,14661,False,False,False,False,True,False,False,False,False,False,False,True,True
511,28,58,16995573.77,total,,0.3900775003,2017,2020,2020,14661,False,False,False,False,True,False,False,False,False,False,False,True,True
512,28,58,18758520.98,total,,0.3759054715,2017,2020,2020,14661,False,False,False,False,True,False,False,False,False,False,False,True,True
513,28,58,19843930,total,,0.3695757643,2017,2020,2020,14661,False,False,False,False,True,False,False,False,False,False,False,True,True
514,28,59,1400000,na,,-2.167491087,2017,2022,2022,14787,False,False,False,True,False,False,False,False,False,False,True,False,True
515,28,59,2000000,na,,-1.987162775,2017,2022,2022,14787,False,False,False,True,False,False,False,False,False,False,True,False,True
516,28,59,2600000,na,,-1.821023053,2017,2022,2022,14787,False,False,False,True,False,False,False,False,False,False,True,False,True
517,28,59,3200000,na,,-1.522878745,2017,2022,2022,14787,False,False,False,True,False,False,False,False,False,False,True,False,True
518,28,59,3800000,na,,-1.480172006,2017,2022,2022,14787,False,False,False,True,False,False,False,False,False,False,True,False,True
519,28,59,4400000,na,,-1.472370099,2017,2022,2022,14787,False,False,False,True,False,False,False,False,False,False,True,False,True
520,28,59,5000000,na,,-1.326979093,2017,2022,2022,14787,False,False,False,True,False,False,False,False,False,False,True,False,True
521,28,59,5600000,na,,-1.287350298,2017,2022,2022,14787,False,False,False,True,False,False,False,False,False,False,True,False,True
522,28,59,6200000,na,,-1.319664487,2017,2022,2022,14787,False,False,False,True,False,False,False,False,False,False,True,False,True
523,28,59,7000000,na,,-1.253365801,2017,2022,2022,14787,False,False,False,True,False,False,False,False,False,False,True,False,True
524,28,59,8000000,na,,-1.252588192,2017,2022,2022,14787,False,False,False,True,False,False,False,False,False,False,True,False,True
525,28,59,9000000,na,,-1.196542884,2017,2022,2022,14787,False,False,False,True,False,False,False,False,False,False,True,False,True
526,28,59,10000000,na,,-1.217527376,2017,2022,2022,14787,False,False,False,True,False,False,False,False,False,False,False,True,True
527,28,59,650000,np,,-1.777283529,2017,2022,2022,14787,False,False,True,False,False,False,False,False,False,True,False,False,True
528,28,59,950000,np,,-1.630784143,2017,2022,2022,14787,False,False,True,False,False,False,False,False,False,True,False,False,True
529,28,59,1250000,np,,-1.458420756,2017,2022,2022,14787,False,False,True,False,False,False,False,False,False,False,True,False,True
530,28,59,1550000,np,,-1.510041521,2017,2022,2022,14787,False,False,True,False,False,False,False,False,False,False,True,False,True
531,28,59,1850000,np,,-1.438898616,2017,2022,2022,14787,False,False,True,False,False,False,False,False,False,False,True,False,True
532,28,59,2150000,np,,-1.338187314,2017,2022,2022,14787,False,False,True,False,False,False,False,False,False,False,True,False,True
533,28,59,2450000,np,,-1.235077015,2017,2022,2022,14787,False,False,True,False,False,False,False,False,False,False,True,False,True
534,28,59,2750000,np,,-1.124938737,2017,2022,2022,14787,False,False,True,False,False,False,False,False,False,False,True,False,True
535,28,59,3050000,np,,-0.998699067,2017,2022,2022,14787,False,False,True,False,False,False,False,False,False,False,True,False,True
536,28,59,3350000,np,,-1.009217308,2017,2022,2022,14787,False,False,True,False,False,False,False,False,False,False,True,False,True
537,28,59,3797038.32,np,,-0.9471137647,2017,2022,2022,14787,False,False,True,False,False,False,False,False,False,False,True,False,True
538,28,59,4250000,np,,-0.8613815661,2017,2022,2022,14787,False,False,True,False,False,False,False,False,False,False,True,False,True
539,28,59,4697605.773,np,,-0.8365404482,2017,2022,2022,14787,False,False,True,False,False,False,False,False,False,False,True,False,True
540,28,59,5150000,np,,-0.8728952016,2017,2022,2022,14787,False,False,True,False,False,False,False,False,False,False,True,False,True
541,28,59,5597990.711,np,,-0.7887459324,2017,2022,2022,14787,False,False,True,False,False,False,False,False,False,False,True,False,True
542,28,59,6198185.218,np,,-0.7360090673,2017,2022,2022,14787,False,False,True,False,False,False,False,False,False,False,True,False,True
543,28,59,7000000,np,,-0.7734000948,2017,2022,2022,14787,False,False,True,False,False,False,False,False,False,False,True,False,True
544,28,59,8000000,np,,-0.7644715531,2017,2022,2022,14787,False,False,True,False,False,False,False,False,False,False,True,False,True
545,28,59,9000000,np,,-0.71828503,2017,2022,2022,14787,False,False,True,False,False,False,False,False,False,False,True,False,True
546,28,59,10000000,np,,-0.7265357274,2017,2022,2022,14787,False,False,True,False,False,False,False,False,False,False,False,True,True
547,28,60,5000000,na,,-2.37413345,2017,2020,2021,32813,False,False,False,True,False,False,False,False,False,False,True,False,True
548,28,60,5500000,na,,-2.10418374,2017,2020,2021,32813,False,False,False,True,False,False,False,False,False,False,True,False,True
549,28,60,6259956.185,na,,-1.730195289,2017,2018,2018,41653,False,False,False,True,False,False,False,False,False,False,True,False,True
550,28,60,6864384.979,na,,-1.596307662,2017,2018,2018,41653,False,False,False,True,False,False,False,False,False,False,True,False,True
551,28,61,5000000,na,,-2.026318048,2017,2020,2021,32813,False,False,False,True,False,False,False,False,False,False,True,False,True
552,28,61,5500000,na,,-1.924611511,2017,2020,2021,32813,False,False,False,True,False,False,False,False,False,False,True,False,True
553,28,64,2584461.575,total,,0.5249458371,2017,2020,2020,14661,False,False,False,False,True,False,False,False,False,False,True,False,True
554,28,64,2809252.091,total,,0.5287217973,2017,2020,2020,14661,False,False,False,False,True,False,False,False,False,False,True,False,True
555,28,64,3108163.818,total,,0.5232465064,2017,2020,2020,14661,False,False,False,False,True,False,False,False,False,False,True,False,True
556,28,64,3435325.325,total,,0.5598856094,2017,2020,2020,14661,False,False,False,False,True,False,False,False,False,False,True,False,True
557,28,64,3791528.281,total,,0.5652554634,2017,2020,2020,14661,False,False,False,False,True,False,False,False,False,False,True,False,True
558,28,64,4196370.367,total,,0.5730080236,2017,2020,2020,14661,False,False,False,False,True,False,False,False,False,False,True,False,True
559,28,64,4646452.128,total,,0.5791823685,2017,2020,2020,14661,False,False,False,False,True,False,False,False,False,False,True,False,True
560,28,64,5132842.259,total,,0.6009608079,2017,2020,2020,14661,False,False,False,False,True,False,False,False,False,False,True,False,True
561,28,64,5668716.927,total,,0.6028203058,2017,2020,2020,14661,False,False,False,False,True,False,False,False,False,False,True,False,True
562,28,64,6257030.423,total,,0.5970336283,2017,2020,2020,14661,False,False,False,False,True,False,False,False,False,False,True,False,True
563,28,64,6921428.708,total,,0.5858299053,2017,2020,2020,14661,False,False,False,False,True,False,False,False,False,False,True,False,True
564,28,64,7648210.956,total,,0.5770865757,2017,2020,2020,14661,False,False,False,False,True,False,False,False,False,False,True,False,True
565,28,64,8440002.567,total,,0.5629444121,2017,2020,2020,14661,False,False,False,False,True,False,False,False,False,False,True,False,True
566,28,64,9328420.124,total,,0.5483062194,2017,2020,2020,14661,False,False,False,False,True,False,False,False,False,False,True,False,True
567,28,64,10327595.46,total,,0.5316999313,2017,2020,2020,14661,False,False,False,False,True,False,False,False,False,False,False,True,True
568,28,64,11406427.44,total,,0.5151207893,2017,2020,2020,14661,False,False,False,False,True,False,False,False,False,False,False,True,True
569,28,64,12561848.22,total,,0.4895492909,2017,2020,2020,14661,False,False,False,False,True,False,False,False,False,False,False,True,True
570,28,64,13903370,total,,0.4620808971,2017,2020,2020,14661,False,False,False,False,True,False,False,False,False,False,False,True,True
571,28,64,15402638.41,total,,0.4339056342,2017,2020,2020,14661,False,False,False,False,True,False,False,False,False,False,False,True,True
572,28,64,16995573.77,total,,0.4118290595,2017,2020,2020,14661,False,False,False,False,True,False,False,False,False,False,False,True,True
573,28,64,18758520.98,total,,0.3965234645,2017,2020,2020,14661,False,False,False,False,True,False,False,False,False,False,False,True,True
574,28,64,19843930,total,,0.3892742014,2017,2020,2020,14661,False,False,False,False,True,False,False,False,False,False,False,True,True
575,29,63,390000,capture,,-1.600672468,2017,2018,2018,14502,True,False,False,False,False,False,False,False,False,True,False,False,True
576,29,63,880000,capture,,-1.871600731,2017,2018,2018,14502,True,False,False,False,False,False,False,False,False,True,False,False,True
577,29,63,1340000,capture,,-1.941573976,2017,2018,2018,14502,True,False,False,False,False,False,False,False,False,False,True,False,True
578,29,63,1890000,capture,,-2.149353765,2017,2018,2018,14502,True,False,False,False,False,False,False,False,False,False,True,False,True
579,29,63,2790000,capture,,-2.268411235,2017,2018,2018,14502,True,False,False,False,False,False,False,False,False,False,True,False,True
580,29,63,3520000,capture,,-2.457174573,2017,2018,2018,14502,True,False,False,False,False,False,False,False,False,False,True,False,True
581,29,63,4300000,capture,,-2.505845406,2017,2018,2018,14502,True,False,False,False,False,False,False,False,False,False,True,False,True
582,29,63,5130000,capture,,-2.573488739,2017,2018,2018,14502,True,False,False,False,False,False,False,False,False,False,True,False,True
583,29,63,6400000,capture,,-2.732828272,2017,2018,2018,14502,True,False,False,False,False,False,False,False,False,False,True,False,True
584,29,63,7390000,capture,,-2.701146924,2017,2018,2018,14502,True,False,False,False,False,False,False,False,False,False,True,False,True
585,29,63,5000000,na,,-2.835647144,2017,2023,2024,32903,False,False,False,True,False,False,False,False,False,False,True,False,True
586,29,63,5500000,na,,-2.498940738,2017,2023,2024,32903,False,False,False,True,False,False,False,False,False,False,True,False,True
587,29,63,8500000,na,,-1.695294102,2017,2023,2024,32903,False,False,False,True,False,False,False,False,False,False,True,False,True
588,29,63,9500000,na,,-1.574139855,2017,2023,2024,32903,False,False,False,True,False,False,False,False,False,False,True,False,True
589,29,63,10500000,na,,-1.491470281,2017,2023,2024,32903,False,False,False,True,False,False,False,False,False,False,False,True,True
590,29,63,8500000,na,,-1.648203693,2017,2023,2024,32903,False,False,False,True,False,False,False,False,False,False,True,False,True
591,29,63,10500000,na,,-1.474825572,2017,2023,2024,32903,False,False,False,True,False,False,False,False,False,False,False,True,True
592,29,65,390000,capture,,-1.902048929,2017,2018,2018,14502,True,False,False,False,False,False,False,False,False,True,False,False,True
593,29,65,880000,capture,,-2.04431225,2017,2018,2018,14502,True,False,False,False,False,False,False,False,False,True,False,False,True
594,29,65,1340000,capture,,-2.015472687,2017,2018,2018,14502,True,False,False,False,False,False,False,False,False,False,True,False,True
595,29,65,1890000,capture,,-2.066006836,2017,2018,2018,14502,True,False,False,False,False,False,False,False,False,False,True,False,True
596,29,65,2790000,capture,,-2.180456064,2017,2018,2018,14502,True,False,False,False,False,False,False,False,False,False,True,False,True
597,29,65,3520000,capture,,-2.298432015,2017,2018,2018,14502,True,False,False,False,False,False,False,False,False,False,True,False,True
598,29,65,4300000,capture,,-2.463441557,2017,2018,2018,14502,True,False,False,False,False,False,False,False,False,False,True,False,True
599,29,65,5130000,capture,,-2.59345982,2017,2018,2018,14502,True,False,False,False,False,False,False,False,False,False,True,False,True
600,29,65,6400000,capture,,-2.777283529,2017,2018,2018,14502,True,False,False,False,False,False,False,False,False,False,True,False,True
601,29,65,7390000,capture,,-2.739928612,2017,2018,2018,14502,True,False,False,False,False,False,False,False,False,False,True,False,True
602,29,65,14920000,n2n,,0.01318283615,2017,2022,2021,33163,False,True,False,False,False,False,False,False,False,False,False,True,True
603,29,65,14500000,np,,-1.653647026,2017,2022,2024,32872,False,False,True,False,False,False,False,False,False,False,False,True,True
604,29,65,14700000,np,,-1.668370282,2017,2022,2024,32872,False,False,True,False,False,False,False,False,False,False,False,True,True
605,29,65,14920000,np,,-1.648977147,2017,2020,2020,33150,False,False,True,False,False,False,False,False,False,False,False,True,True
606,30,64,14540000,n2n,,-0.7537723222,2017,2019,2020,33137,False,True,False,False,False,False,False,False,False,False,False,True,True
607,30,64,14770000,n2n,,-0.8102851577,2017,2023,2024,33196,False,True,False,False,False,False,False,False,False,False,False,True,True
608,30,64,4324349.662,na,,-1.207258214,2017,2018,2018,41653,False,False,False,True,False,False,False,False,False,False,True,False,True
609,30,64,4500000,na,,-1.199970641,2017,2018,2018,41653,False,False,False,True,False,False,False,False,False,False,True,False,True
610,30,64,6049793.385,na,,-1.120330794,2017,2018,2018,41653,False,False,False,True,False,False,False,False,False,False,True,False,True
611,30,64,14000000,np,,-0.7444862872,2017,2023,2024,32884,False,False,True,False,False,False,False,False,False,False,False,True,True
612,30,66,14000000,n2n,,-0.1833610551,2017,2023,2024,32884,False,True,False,False,False,False,False,False,False,False,False,True,True
613,30,66,14770000,n2n,,-0.1405554619,2017,2023,2024,33196,False,True,False,False,False,False,False,False,False,False,False,True,True
614,30,66,14770000,np,,-1.229516191,2017,2023,2024,33196,False,False,True,False,False,False,False,False,False,False,False,True,True
615,30,67,14540000,np,,-1.301464507,2017,2019,2020,33137,False,False,True,False,False,False,False,False,False,False,False,True,True
616,30,67,14770000,np,,-1.294563953,2017,2023,2024,33196,False,False,True,False,False,False,False,False,False,False,False,True,True
617,30,68,6350000,na,,-2.939551478,2017,2025,2026,14862,False,False,False,True,False,False,False,False,False,False,True,False,True
618,30,68,6850000,na,,-2.795711761,2017,2025,2026,14862,False,False,False,True,False,False,False,False,False,False,True,False,True
619,30,68,7595887.045,na,,-2.539878269,2017,2025,2026,14862,False,False,False,True,False,False,False,False,False,False,True,False,True
620,30,68,8596365.511,na,,-2.369882446,2017,2025,2026,14862,False,False,False,True,False,False,False,False,False,False,True,False,True
621,30,68,9350000,na,,-2.306882722,2017,2025,2026,14862,False,False,False,True,False,False,False,False,False,False,True,False,True
622,30,68,10341942.2,na,,-2.234342371,2017,2025,2026,14862,False,False,False,True,False,False,False,False,False,False,False,True,True
623,30,68,11597305.72,na,,-2.056699674,2017,2025,2026,14862,False,False,False,True,False,False,False,False,False,False,False,True,True
624,30,68,12597519.6,na,,-1.971224457,2017,2025,2026,14862,False,False,False,True,False,False,False,False,False,False,False,True,True
625,30,68,14770000,na,,-2.010550182,2017,2023,2024,33196,False,False,False,True,False,False,False,False,False,False,False,True,True
626,30,68,6850000,np,,-2.938852992,2017,2025,2026,14862,False,False,True,False,False,False,False,False,False,False,True,False,True
627,30,68,7595887.045,np,,-2.440924474,2017,2025,2026,14862,False,False,True,False,False,False,False,False,False,False,True,False,True
628,30,68,8596365.511,np,,-2.166707829,2017,2025,2026,14862,False,False,True,False,False,False,False,False,False,False,True,False,True
629,30,68,9350000,np,,-1.989551628,2017,2025,2026,14862,False,False,True,False,False,False,False,False,False,False,True,False,True
630,30,68,10341942.2,np,,-1.883058142,2017,2025,2026,14862,False,False,True,False,False,False,False,False,False,False,False,True,True
631,30,68,11597305.72,np,,-1.671976338,2017,2025,2026,14862,False,False,True,False,False,False,False,False,False,False,False,True,True
632,30,68,12350000,np,,-1.834307659,2017,2025,2026,14862,False,False,True,False,False,False,False,False,False,False,False,True,True
633,31,69,14900000,n2n,,-0.08025266819,2017,2019,2019,33132,False,True,False,False,False,False,False,False,False,False,False,True,True
634,31,71,2150000,capture,,-2.039053804,2017,2023,2023,33193,True,False,False,False,False,False,False,False,False,False,True,False,True
635,31,71,3190000,capture,,-2.241088108,2017,2023,2023,33193,True,False,False,False,False,False,False,False,False,False,True,False,True
636,31,71,14900000,n2n,,0.06269853248,2017,2019,2019,33132,False,True,False,False,False,False,False,False,False,False,False,True,True
637,32,70,124567,capture,,-1.371070837,2017,2022,2022,14791,True,False,False,False,False,False,False,False,False,True,False,False,True
638,32,70,141059.8301,capture,,-1.216819895,2017,2022,2022,14791,True,False,False,False,False,False,False,False,False,True,False,False,True
639,32,70,159736,capture,,-1.352398959,2017,2022,2022,14791,True,False,False,False,False,False,False,False,False,True,False,False,True
640,32,70,173541,capture,,-1.344567651,2017,2022,2022,14791,True,False,False,False,False,False,False,False,False,True,False,False,True
641,32,70,188540,capture,,-1.364949759,2017,2022,2022,14791,True,False,False,False,False,False,False,False,False,True,False,False,True
642,32,70,204834,capture,,-1.344148256,2017,2022,2022,14791,True,False,False,False,False,False,False,False,False,True,False,False,True
643,32,70,231954.2422,capture,,-1.377373127,2017,2022,2022,14791,True,False,False,False,False,False,False,False,False,True,False,False,True
644,32,70,262665,capture,,-1.398144175,2017,2022,2022,14791,True,False,False,False,False,False,False,False,False,True,False,False,True
645,32,70,285366,capture,,-1.405973384,2017,2022,2022,14791,True,False,False,False,False,False,False,False,False,True,False,False,True
646,32,70,310029,capture,,-1.408020997,2017,2022,2022,14791,True,False,False,False,False,False,False,False,False,True,False,False,True
647,32,70,336824,capture,,-1.416659508,2017,2022,2022,14791,True,False,False,False,False,False,False,False,False,True,False,False,True
648,32,70,381419.3506,capture,,-1.404256389,2017,2022,2022,14791,True,False,False,False,False,False,False,False,False,True,False,False,True
649,32,70,431920,capture,,-1.403329245,2017,2022,2022,14791,True,False,False,False,False,False,False,False,False,True,False,False,True
650,32,70,469249,capture,,-1.37271302,2017,2022,2022,14791,True,False,False,False,False,False,False,False,False,True,False,False,True
651,32,70,509804,capture,,-1.400187861,2017,2022,2022,14791,True,False,False,False,False,False,False,False,False,True,False,False,True
652,32,70,553864,capture,,-1.409795925,2017,2022,2022,14791,True,False,False,False,False,False,False,False,False,True,False,False,True
653,32,70,627195.721,capture,,-1.435193138,2017,2022,2022,14791,True,False,False,False,False,False,False,False,False,True,False,False,True
654,32,70,710236,capture,,-1.423405289,2017,2022,2022,14791,True,False,False,False,False,False,False,False,False,True,False,False,True
655,32,70,771619,capture,,-1.388432811,2017,2022,2022,14791,True,False,False,False,False,False,False,False,False,True,False,False,True
656,32,70,838307,capture,,-1.373057377,2017,2022,2022,14791,True,False,False,False,False,False,False,False,False,True,False,False,True
657,32,70,910758,capture,,-1.416720725,2017,2022,2022,14791,True,False,False,False,False,False,False,False,False,True,False,False,True
658,32,70,118608.8799,capture,,-1.353252308,2017,2019,2019,23454,True,False,False,False,False,False,False,False,False,True,False,False,True
659,32,70,126951.531,capture,,-1.368677759,2017,2019,2019,23454,True,False,False,False,False,False,False,False,False,True,False,False,True
660,32,70,140568.3877,capture,,-1.342260719,2017,2019,2019,23454,True,False,False,False,False,False,False,False,False,True,False,False,True
661,32,70,155632.7548,capture,,-1.40833976,2017,2019,2019,23454,True,False,False,False,False,False,False,False,False,True,False,False,True
662,32,70,170360.1461,capture,,-1.429568859,2017,2019,2019,23454,True,False,False,False,False,False,False,False,False,True,False,False,True
663,32,70,188582.2999,capture,,-1.448368515,2017,2019,2019,23454,True,False,False,False,False,False,False,False,False,True,False,False,True
664,32,70,208733.1713,capture,,-1.49892738,2017,2019,2019,23454,True,False,False,False,False,False,False,False,False,True,False,False,True
665,32,70,231011.7836,capture,,-1.465686999,2017,2019,2019,23454,True,False,False,False,False,False,False,False,False,True,False,False,True
666,32,70,255640.1151,capture,,-1.503898236,2017,2019,2019,23454,True,False,False,False,False,False,False,False,False,True,False,False,True
667,32,70,282860.144,capture,,-1.542689569,2017,2019,2019,23454,True,False,False,False,False,False,False,False,False,True,False,False,True
668,32,70,302580,capture,,-1.531496115,2017,2019,2019,23454,True,False,False,False,False,False,False,False,False,True,False,False,True
669,32,72,159736,capture,,-1.559473454,2017,2022,2022,14791,True,False,False,False,False,False,False,False,False,True,False,False,True
670,32,72,173541,capture,,-1.542003114,2017,2022,2022,14791,True,False,False,False,False,False,False,False,False,True,False,False,True
671,32,72,188540,capture,,-1.504047922,2017,2022,2022,14791,True,False,False,False,False,False,False,False,False,True,False,False,True
672,32,72,204834,capture,,-1.496729693,2017,2022,2022,14791,True,False,False,False,False,False,False,False,False,True,False,False,True
673,32,72,231954.2422,capture,,-1.548119963,2017,2022,2022,14791,True,False,False,False,False,False,False,False,False,True,False,False,True
674,32,72,262665,capture,,-1.575131425,2017,2022,2022,14791,True,False,False,False,False,False,False,False,False,True,False,False,True
675,32,72,285366,capture,,-1.586847821,2017,2022,2022,14791,True,False,False,False,False,False,False,False,False,True,False,False,True
676,32,72,310029,capture,,-1.602059991,2017,2022,2022,14791,True,False,False,False,False,False,False,False,False,True,False,False,True
677,32,72,336824,capture,,-1.584642638,2017,2022,2022,14791,True,False,False,False,False,False,False,False,False,True,False,False,True
678,32,72,381419.3506,capture,,-1.567335303,2017,2022,2022,14791,True,False,False,False,False,False,False,False,False,True,False,False,True
679,32,72,431920,capture,,-1.568369307,2017,2022,2022,14791,True,False,False,False,False,False,False,False,False,True,False,False,True
680,32,72,469249,capture,,-1.580637477,2017,2022,2022,14791,True,False,False,False,False,False,False,False,False,True,False,False,True
681,32,72,509804,capture,,-1.553744066,2017,2022,2022,14791,True,False,False,False,False,False,False,False,False,True,False,False,True
682,32,72,553864,capture,,-1.576437944,2017,2022,2022,14791,True,False,False,False,False,False,False,False,False,True,False,False,True
683,32,72,627195.721,capture,,-1.579639869,2017,2022,2022,14791,True,False,False,False,False,False,False,False,False,True,False,False,True
684,32,72,710236,capture,,-1.59003815,2017,2022,2022,14791,True,False,False,False,False,False,False,False,False,True,False,False,True
685,32,72,771619,capture,,-1.641324817,2017,2022,2022,14791,True,False,False,False,False,False,False,False,False,True,False,False,True
686,32,72,838307,capture,,-1.722088375,2017,2022,2022,14791,True,False,False,False,False,False,False,False,False,True,False,False,True
687,32,72,910758,capture,,-1.82716364,2017,2022,2022,14791,True,False,False,False,False,False,False,False,False,True,False,False,True
688,32,72,155625,capture,,-1.539944513,2017,2021,2021,23757,True,False,False,False,False,False,False,False,False,True,False,False,True
689,32,72,170348.9668,capture,,-1.624190122,2017,2021,2021,23757,True,False,False,False,False,False,False,False,False,True,False,False,True
690,32,72,190716.4183,capture,,-1.637150114,2017,2021,2021,23757,True,False,False,False,False,False,False,False,False,True,False,False,True
691,32,72,208721.9768,capture,,-1.605154481,2017,2021,2021,23757,True,False,False,False,False,False,False,False,False,True,False,False,True
692,32,72,228414.5059,capture,,-1.595722331,2017,2021,2021,23757,True,False,False,False,False,False,False,False,False,True,False,False,True
693,32,72,255627.485,capture,,-1.664341548,2017,2021,2021,23757,True,False,False,False,False,False,False,False,False,True,False,False,True
694,32,72,286040.2942,capture,,-1.693403433,2017,2021,2021,23757,True,False,False,False,False,False,False,False,False,True,False,False,True
695,32,72,305975,capture,,-1.630951211,2017,2021,2021,23757,True,False,False,False,False,False,False,False,False,True,False,False,True
696,32,72,17900000,np,,-1.458420756,2017,2024,2024,23907,False,False,True,False,False,False,False,False,False,False,False,True,True
697,32,72,17900000,np,,-1.552841969,2017,2024,2024,23907,False,False,True,False,False,False,False,False,False,False,False,True,True
698,32,73,14387.58572,capture,,-0.225242475,2017,2019,2019,23451,True,False,False,False,False,False,False,False,True,False,False,False,False
699,32,73,15588.01832,capture,,-0.2371028439,2017,2019,2019,23451,True,False,False,False,False,False,False,False,True,False,False,False,False
700,32,73,17082.70638,capture,,-0.3090317399,2017,2019,2019,23451,True,False,False,False,False,False,False,False,True,False,False,False,False
701,32,73,18935.62562,capture,,-0.3218895212,2017,2019,2019,23451,True,False,False,False,False,False,False,False,True,False,False,False,False
702,32,73,20988.83647,capture,,-0.3552778822,2017,2019,2019,23451,True,False,False,False,False,False,False,False,True,False,False,False,False
703,32,73,22999.40873,capture,,-0.3673784865,2017,2019,2019,23451,True,False,False,False,False,False,False,False,True,False,False,False,False
704,32,73,25491.50071,capture,,-0.3987180924,2017,2019,2019,23451,True,False,False,False,False,False,False,False,True,False,False,False,False
705,32,73,28252.55563,capture,,-0.4343259929,2017,2019,2019,23451,True,False,False,False,False,False,False,False,True,False,False,False,False
706,32,73,31311.345,capture,,-0.4498032109,2017,2019,2019,23451,True,False,False,False,False,False,False,False,True,False,False,False,False
707,32,73,34699.89586,capture,,-0.4842688481,2017,2019,2019,23451,True,False,False,False,False,False,False,False,True,False,False,False,False
708,32,73,38017.075,capture,,-0.5580316511,2017,2019,2019,23451,True,False,False,False,False,False,False,False,True,False,False,False,False
709,32,73,42127.57852,capture,,-0.5180316632,2017,2019,2019,23451,True,False,False,False,False,False,False,False,True,False,False,False,False
710,32,73,46680.20974,capture,,-0.5944133329,2017,2019,2019,23451,True,False,False,False,False,False,False,False,True,False,False,False,False
711,32,73,51722.06071,capture,,-0.5905281158,2017,2019,2019,23451,True,False,False,False,False,False,False,False,True,False,False,False,False
712,32,73,57305.47297,capture,,-0.6352192552,2017,2019,2019,23451,True,False,False,False,False,False,False,False,True,False,False,False,False
713,32,73,62769.44734,capture,,-0.6500521169,2017,2019,2019,23451,True,False,False,False,False,False,False,False,True,False,False,False,False
714,32,73,69537.51021,capture,,-0.718421265,2017,2019,2019,23451,True,False,False,False,False,False,False,False,True,False,False,False,False
715,32,73,77030.64059,capture,,-0.7322998104,2017,2019,2019,23451,True,False,False,False,False,False,False,False,True,False,False,False,False
716,32,73,85325.31312,capture,,-0.7916048704,2017,2019,2019,23451,True,False,False,False,False,False,False,False,True,False,False,False,False
717,32,73,94506.77759,capture,,-0.8520695101,2017,2019,2019,23451,True,False,False,False,False,False,False,False,True,False,False,False,False
718,32,73,103487.9546,capture,,-0.8351982087,2017,2019,2019,23451,True,False,False,False,False,False,False,False,False,True,False,False,True
719,32,73,114607.0823,capture,,-0.8617326785,2017,2019,2019,23451,True,False,False,False,False,False,False,False,False,True,False,False,True
720,32,73,126911.0463,capture,,-0.9056546708,2017,2019,2019,23451,True,False,False,False,False,False,False,False,False,True,False,False,True
721,32,73,140523.6055,capture,,-0.9551853257,2017,2019,2019,23451,True,False,False,False,False,False,False,False,False,True,False,False,True
722,32,73,155583.5201,capture,,-0.9555424615,2017,2019,2019,23451,True,False,False,False,False,False,False,False,False,True,False,False,True
723,32,73,170305.657,capture,,-1.004353839,2017,2019,2019,23451,True,False,False,False,False,False,False,False,False,True,False,False,True
724,32,73,188522.137,capture,,-1.026820958,2017,2019,2019,23451,True,False,False,False,False,False,False,False,False,True,False,False,True
725,32,73,208666.4366,capture,,-1.068816956,2017,2019,2019,23451,True,False,False,False,False,False,False,False,False,True,False,False,True
726,32,73,230937.8182,capture,,-1.07995122,2017,2019,2019,23451,True,False,False,False,False,False,False,False,False,True,False,False,True
727,32,73,255558.1454,capture,,-1.090227279,2017,2019,2019,23451,True,False,False,False,False,False,False,False,False,True,False,False,True
728,32,73,282769.1879,capture,,-1.139045912,2017,2019,2019,23451,True,False,False,False,False,False,False,False,False,True,False,False,True
729,32,76,17900000,n2n,,0.08278537032,2017,2024,2024,23907,False,True,False,False,False,False,False,False,False,False,False,True,True
730,32,76,17900000,n2n,,0.06069784035,2017,2024,2024,23907,False,True,False,False,False,False,False,False,False,False,False,True,True
731,32,76,13796738.75,n2n,,0.1012313868,2017,2018,2018,32777,False,True,False,False,False,False,False,False,False,False,False,True,True
732,32,76,14800000,n2n,,0.1109262423,2017,2018,2018,32777,False,True,False,False,False,False,False,False,False,False,False,True,True
733,33,75,14100000,n2n,,-0.01322826573,2017,2026,2026,14866,False,True,False,False,False,False,False,False,False,False,False,True,True
734,33,75,14100000,n2n,,-0.01682492796,2017,2026,2026,14866,False,True,False,False,False,False,False,False,False,False,False,True,True
735,33,75,14100000,n2n,,-0.03763066433,2017,2026,2026,14866,False,True,False,False,False,False,False,False,False,False,False,True,True
736,34,74,13796738.75,n2n,,-0.5279753023,2017,2020,2021,32805,False,True,False,False,False,False,False,False,False,False,False,True,True
737,34,74,14800000,n2n,,-0.2873502984,2017,2020,2021,32805,False,True,False,False,False,False,False,False,False,False,False,True,True
738,34,76,14770000,n2n,,-0.0657086455,2017,2023,2023,33192,False,True,False,False,False,False,False,False,False,False,False,True,True
739,34,76,14770000,np,,-1.330497166,2017,2023,2023,33192,False,False,True,False,False,False,False,False,False,False,False,True,True
740,34,77,20997.53359,capture,,-0.1882430709,2017,2023,2023,23655,True,False,False,False,False,False,False,False,True,False,False,False,False
741,34,77,23008.90611,capture,,-0.1800085112,2017,2023,2023,23655,True,False,False,False,False,False,False,False,True,False,False,False,False
742,34,77,25501.97476,capture,,-0.2188677284,2017,2023,2023,23655,True,False,False,False,False,False,False,False,True,False,False,False,False
743,34,77,28264.15258,capture,,-0.3014312519,2017,2023,2023,23655,True,False,False,False,False,False,False,False,True,False,False,False,False
744,34,77,31324.17845,capture,,-0.2329893685,2017,2023,2023,23655,True,False,False,False,False,False,False,False,True,False,False,False,False
745,34,77,34714.04191,capture,,-0.2356052804,2017,2023,2023,23655,True,False,False,False,False,False,False,False,True,False,False,False,False
746,34,77,38032.57035,capture,,-0.3300433088,2017,2023,2023,23655,True,False,False,False,False,False,False,False,True,False,False,False,False
747,34,77,42144.6901,capture,,-0.3552082098,2017,2023,2023,23655,True,False,False,False,False,False,False,False,True,False,False,False,False
748,34,77,46699.15336,capture,,-0.3327911145,2017,2023,2023,23655,True,False,False,False,False,False,False,False,True,False,False,False,False
749,34,77,51742.97105,capture,,-0.3540749476,2017,2023,2023,23655,True,False,False,False,False,False,False,False,True,False,False,False,False
750,34,77,57328.59037,capture,,-0.4037991727,2017,2023,2023,23655,True,False,False,False,False,False,False,False,True,False,False,False,False
751,34,77,62794.68958,capture,,-0.4348067714,2017,2023,2023,23655,True,False,False,False,False,False,False,False,True,False,False,False,False
752,34,77,69565.37641,capture,,-0.4635892932,2017,2023,2023,23655,True,False,False,False,False,False,False,False,True,False,False,False,False
753,34,77,77061.4065,capture,,-0.4801713502,2017,2023,2023,23655,True,False,False,False,False,False,False,False,True,False,False,False,False
754,34,77,84395.24372,capture,,-0.4887280882,2017,2023,2023,23655,True,False,False,False,False,False,False,False,True,False,False,False,False
755,34,77,93476.98591,capture,,-0.5392954538,2017,2023,2023,23655,True,False,False,False,False,False,False,False,True,False,False,False,False
756,34,77,103528.6979,capture,,-0.516449074,2017,2023,2023,23655,True,False,False,False,False,False,False,False,False,True,False,False,True
757,34,77,114652.4739,capture,,-0.5005584456,2017,2023,2023,23655,True,False,False,False,False,False,False,False,False,True,False,False,True
758,34,77,126961.0284,capture,,-0.5419997098,2017,2023,2023,23655,True,False,False,False,False,False,False,False,False,True,False,False,True
759,34,77,140578.9795,capture,,-0.5757091443,2017,2023,2023,23655,True,False,False,False,False,False,False,False,False,True,False,False,True
760,34,77,155644.2528,capture,,-0.579168702,2017,2023,2023,23655,True,False,False,False,False,False,False,False,False,True,False,False,True
761,34,77,170372.133,capture,,-0.6092030594,2017,2023,2023,23655,True,False,False,False,False,False,False,False,False,True,False,False,True
762,34,77,188595.3065,capture,,-0.6238330791,2017,2023,2023,23655,True,False,False,False,False,False,False,False,False,True,False,False,True
763,34,78,155697.2066,capture,,-1.30980392,2017,2024,2024,23666,True,False,False,False,False,False,False,False,False,True,False,False,True
764,34,78,170429.4973,capture,,-1.375305469,2017,2024,2024,23666,True,False,False,False,False,False,False,False,False,True,False,False,True
765,34,78,188659.601,capture,,-1.317629257,2017,2024,2024,23666,True,False,False,False,False,False,False,False,False,True,False,False,True
766,34,78,208817.5564,capture,,-1.36552273,2017,2024,2024,23666,True,False,False,False,False,False,False,False,False,True,False,False,True
767,34,78,231105.4368,capture,,-1.362760512,2017,2024,2024,23666,True,False,False,False,False,False,False,False,False,True,False,False,True
768,34,78,255742.2934,capture,,-1.38341947,2017,2024,2024,23666,True,False,False,False,False,False,False,False,False,True,False,False,True
769,34,78,282973.3532,capture,,-1.398483216,2017,2024,2024,23666,True,False,False,False,False,False,False,False,False,True,False,False,True
770,34,78,313063.6643,capture,,-1.42365865,2017,2024,2024,23666,True,False,False,False,False,False,False,False,False,True,False,False,True
771,34,78,346310.3342,capture,,-1.417652506,2017,2024,2024,23666,True,False,False,False,False,False,False,False,False,True,False,False,True
772,34,78,378771.6205,capture,,-1.411448194,2017,2024,2024,23666,True,False,False,False,False,False,False,False,False,True,False,False,True
773,34,78,418884.0158,capture,,-1.415216621,2017,2024,2024,23666,True,False,False,False,False,False,False,False,False,True,False,False,True
774,34,78,463177.9872,capture,,-1.453148998,2017,2024,2024,23666,True,False,False,False,False,False,False,False,False,True,False,False,True
775,34,78,512072.972,capture,,-1.416121402,2017,2024,2024,23666,True,False,False,False,False,False,False,False,False,True,False,False,True
776,34,78,566040.4396,capture,,-1.424235019,2017,2024,2024,23666,True,False,False,False,False,False,False,False,False,True,False,False,True
777,34,78,598401.344,capture,,-1.413412695,2017,2024,2024,23666,True,False,False,False,False,False,False,False,False,True,False,False,True
778,34,78,14770000,np,,-1.71828503,2017,2023,2023,33192,False,False,True,False,False,False,False,False,False,False,False,True,True
779,35,79,13994964.18,n2n,,0.06082370457,2017,2023,2024,32900,False,True,False,False,False,False,False,False,False,False,False,True,True
780,35,79,14800000,n2n,,0.09691001301,2017,2023,2024,32900,False,True,False,False,False,False,False,False,False,False,False,True,True
781,35,79,13994964.18,na,,-1.924453039,2017,2023,2024,32900,False,False,False,True,False,False,False,False,False,False,False,True,True
782,35,79,14800000,na,,-1.869666232,2017,2023,2024,32900,False,False,False,True,False,False,False,False,False,False,False,True,True
783,35,81,13994964.18,n2n,,0.05050864615,2017,2023,2024,32898,False,True,False,False,False,False,False,False,False,False,False,True,True
784,35,81,14800000,n2n,,0.08635983067,2017,2023,2024,32898,False,True,False,False,False,False,False,False,False,False,False,True,True
785,35,81,13994964.18,na,,-2.346787486,2017,2023,2024,32900,False,False,False,True,False,False,False,False,False,False,False,True,True
786,35,81,14800000,na,,-2.244125144,2017,2023,2024,32900,False,False,False,True,False,False,False,False,False,False,False,True,True
787,36,78,14800000,n2n,,-0.3331701383,2017,2022,2025,32875,False,True,False,False,False,False,False,False,False,False,False,True,True
788,36,78,13834047.09,n2n,,-0.7919888511,2017,2023,2024,32892,False,True,False,False,False,False,False,False,False,False,False,True,True
789,36,78,14849915.82,n2n,,-0.5222277917,2017,2023,2024,32892,False,True,False,False,False,False,False,False,False,False,False,True,True
790,37,85,13796738.75,n2n,,0.01452053876,2017,2018,2020,32782,False,True,False,False,False,False,False,False,False,False,False,True,True
791,37,85,14800000,n2n,,0.07003786661,2017,2018,2020,32782,False,True,False,False,False,False,False,False,False,False,False,True,True
792,37,85,12489996,n2n,,-0.2514243831,2017,2020,2021,32801,False,True,False,False,False,False,False,False,False,False,False,True,True
793,37,85,14000000,n2n,,-0.003926345515,2017,2020,2021,32801,False,True,False,False,False,False,False,False,False,False,False,True,True
794,37,85,15540270.27,n2n,,0.06818586175,2017,2020,2021,32801,False,True,False,False,False,False,False,False,False,False,False,True,True
795,37,85,17200000,n2n,,0.1068705445,2017,2020,2021,32801,False,True,False,False,False,False,False,False,False,False,False,True,True
796,37,85,18693314.31,n2n,,0.1124374173,2017,2020,2021,32801,False,True,False,False,False,False,False,False,False,False,False,True,True
797,37,85,19800000,n2n,,0.1139433523,2017,2020,2021,32801,False,True,False,False,False,False,False,False,False,False,False,True,True
798,37,87,13796738.75,n2n,,0.1024337057,2017,2018,2020,32782,False,True,False,False,False,False,False,False,False,False,False,True,True
799,37,87,14800000,n2n,,0.1319392952,2017,2018,2020,32782,False,True,False,False,False,False,False,False,False,False,False,True,True
800,38,84,14770000,n2n,,-0.1836261112,2017,2022,2022,33180,False,True,False,False,False,False,False,False,False,False,False,True,True
801,38,88,14770000,np,,-1.829738285,2017,2022,2022,33180,False,False,True,False,False,False,False,False,False,False,False,True,True
802,39,89,17400000,n2n,,0.103803721,2017,2018,2018,31787,False,True,False,False,False,False,False,False,False,False,False,True,True
803,39,89,17500000,n2n,,0.04921802267,2017,2022,2021,31842,False,True,False,False,False,False,False,False,False,False,False,True,True
804,39,89,19800000,n2n,,0.04532297879,2017,2022,2021,31842,False,True,False,False,False,False,False,False,False,False,False,True,True
805,39,89,14050000,n2n,,-0.09963287134,2017,2023,2023,31858,False,True,False,False,False,False,False,False,False,False,False,True,True
806,39,89,17600000,n2n,,0.008600171762,2017,2025,2024,31859,False,True,False,False,False,False,False,False,False,False,False,True,True
807,39,89,18500000,n2n,,0.03742649794,2017,2025,2024,31859,False,True,False,False,False,False,False,False,False,False,False,True,True
808,39,89,14540000,n2n,,0.002420945897,2017,2019,2020,33137,False,True,False,False,False,False,False,False,False,False,False,True,True
809,39,89,14770000,n2n,,-0.02692759179,2017,2023,2024,33196,False,True,False,False,False,False,False,False,False,False,False,True,True
810,40,90,14050000,n2n,,-0.1817741064,2017,2023,2023,31858,False,True,False,False,False,False,False,False,False,False,False,True,True
811,40,91,65670,capture,,-1.42945706,2017,2024,2024,32922,True,False,False,False,False,False,False,False,True,False,False,False,False
812,40,91,101160,capture,,-1.721246399,2017,2024,2024,32922,True,False,False,False,False,False,False,False,False,True,False,False,True
813,40,91,176720,capture,,-1.696803943,2017,2024,2024,32922,True,False,False,False,False,False,False,False,False,True,False,False,True
814,40,92,13994964.18,np,,-1.725842151,2017,2020,2022,32814,False,False,True,False,False,False,False,False,False,False,False,True,True
815,40,92,14800000,np,,-1.694648631,2017,2020,2022,32814,False,False,True,False,False,False,False,False,False,False,False,True,True
816,40,94,13994964.18,na,,-2.372292851,2017,2020,2022,32814,False,False,False,True,False,False,False,False,False,False,False,True,True
817,40,94,14800000,na,,-2.293282218,2017,2020,2022,32814,False,False,False,True,False,False,False,False,False,False,False,True,True
818,40,94,13796738.75,np,,-2.232844134,2017,2020,2022,32814,False,False,True,False,False,False,False,False,False,False,False,True,True
819,40,94,14800000,np,,-2.13667714,2017,2020,2022,32814,False,False,True,False,False,False,False,False,False,False,False,True,True
820,40,96,13994964.18,capture,,-2.669586227,2017,2020,2022,32814,True,False,False,False,False,False,False,False,False,False,False,True,True
821,40,96,14800000,capture,,-2.735182177,2017,2020,2022,32814,True,False,False,False,False,False,False,False,False,False,False,True,True
822,40,96,13994964.18,n2n,,0.1802214821,2017,2020,2022,32814,False,True,False,False,False,False,False,False,False,False,False,True,True
823,40,96,14800000,n2n,,0.1978316933,2017,2020,2022,32814,False,True,False,False,False,False,False,False,False,False,False,True,True
824,41,93,14050000,n2n,,-0.3316140833,2017,2023,2023,31858,False,True,False,False,False,False,False,False,False,False,False,True,True
825,42,92,13796738.75,n2n,,-0.9871627753,2017,2020,2022,32812,False,True,False,False,False,False,False,False,False,False,False,True,True
826,42,92,14800000,n2n,,-0.8507808873,2017,2020,2022,32812,False,True,False,False,False,False,False,False,False,False,False,True,True
827,42,92,13796738.75,na,,-1.582528307,2017,2021,2022,32855,False,False,False,True,False,False,False,False,False,False,False,True,True
828,42,92,14800000,na,,-1.534617149,2017,2021,2022,32855,False,False,False,True,False,False,False,False,False,False,False,True,True
829,42,92,13520000,na,,-1.590066877,2017,2020,2020,33141,False,False,False,True,False,False,False,False,False,False,False,True,True
830,42,95,13796738.75,np,,-1.387216143,2017,2021,2022,32855,False,False,True,False,False,False,False,False,False,False,False,True,True
831,42,95,14800000,np,,-1.35261703,2017,2021,2022,32855,False,False,True,False,False,False,False,False,False,False,False,True,True
832,42,96,13796738.75,np,,-1.619788758,2017,2020,2022,32812,False,False,True,False,False,False,False,False,False,False,False,True,True
833,42,96,14800000,np,,-1.537602002,2017,2020,2022,32812,False,False,True,False,False,False,False,False,False,False,False,True,True
834,42,96,14540000,np,,-1.600326279,2017,2020,2020,33147,False,False,True,False,False,False,False,False,False,False,False,True,True
835,42,96,14770000,np,,-1.633017024,2017,2023,2024,33196,False,False,True,False,False,False,False,False,False,False,False,True,True
836,42,97,13796738.75,np,,-1.765735876,2017,2020,2022,32812,False,False,True,False,False,False,False,False,False,False,False,True,True
837,42,97,14800000,np,,-1.709965389,2017,2020,2022,32812,False,False,True,False,False,False,False,False,False,False,False,True,True
838,42,97,13520000,np,,-1.747146969,2017,2020,2020,33141,False,False,True,False,False,False,False,False,False,False,False,True,True
839,42,97,14540000,np,,-1.732828272,2017,2020,2021,33153,False,False,True,False,False,False,False,False,False,False,False,True,True
840,42,97,14770000,np,,-1.850165303,2017,2023,2024,33196,False,False,True,False,False,False,False,False,False,False,False,True,True
841,42,98,1670000,capture,,-1.964666338,2017,2023,2024,33197,True,False,False,False,False,False,False,False,False,False,True,False,True
842,42,98,2060000,capture,,-1.912190198,2017,2023,2024,33197,True,False,False,False,False,False,False,False,False,False,True,False,True
843,42,98,2660000,capture,,-2.0839147,2017,2023,2024,33197,True,False,False,False,False,False,False,False,False,False,True,False,True
844,42,98,13796738.75,na,,-2.255707017,2017,2020,2022,32812,False,False,False,True,False,False,False,False,False,False,False,True,True
845,42,98,14800000,na,,-2.236572006,2017,2020,2022,32812,False,False,False,True,False,False,False,False,False,False,False,True,True
846,42,100,13796738.75,n2n,,0.1562461904,2017,2020,2022,32812,False,True,False,False,False,False,False,False,False,False,False,True,True
847,42,100,14800000,n2n,,0.1571544399,2017,2020,2022,32812,False,True,False,False,False,False,False,False,False,False,False,True,True
848,42,100,14540000,n2n,,0.1841375652,2017,2020,2020,33147,False,True,False,False,False,False,False,False,False,False,False,True,True
849,42,100,13590000,n2n,,0.1676126727,2017,2020,2021,33164,False,True,False,False,False,False,False,False,False,False,False,True,True
850,42,100,14770000,n2n,,0.1938172465,2017,2023,2024,33196,False,True,False,False,False,False,False,False,False,False,False,True,True
851,42,100,13796738.75,na,,-2.709965389,2017,2020,2022,32812,False,False,False,True,False,False,False,False,False,False,False,True,True
852,42,100,14800000,na,,-2.638272164,2017,2020,2022,32812,False,False,False,True,False,False,False,False,False,False,False,True,True
853,43,99,1500,total,,1.12904506,2017,2020,2021,23730,False,False,False,False,True,False,False,True,False,False,False,False,False
854,43,99,1700,total,,1.088844563,2017,2020,2021,23730,False,False,False,False,True,False,False,True,False,False,False,False,False
855,43,99,1900,total,,1.045322979,2017,2020,2021,23730,False,False,False,False,True,False,False,True,False,False,False,False,False
856,43,99,2250,total,,1.01911629,2017,2020,2021,23730,False,False,False,False,True,False,False,True,False,False,False,False,False
857,43,99,2750,total,,1.063708559,2017,2020,2021,23730,False,False,False,False,True,False,False,True,False,False,False,False,False
858,43,99,3250,total,,1.009025742,2017,2020,2021,23730,False,False,False,False,True,False,False,True,False,False,False,False,False
859,43,99,3750,total,,1.003460532,2017,2020,2021,23730,False,False,False,False,True,False,False,True,False,False,False,False,False
860,43,99,4250,total,,0.9995654882,2017,2020,2021,23730,False,False,False,False,True,False,False,True,False,False,False,False,False
861,43,99,4750,total,,0.9795483747,2017,2020,2021,23730,False,False,False,False,True,False,False,True,False,False,False,False,False
862,43,99,6250,total,,0.9840770339,2017,2020,2021,23730,False,False,False,False,True,False,False,True,False,False,False,False,False
863,43,99,8750,total,,0.9777236053,2017,2020,2021,23730,False,False,False,False,True,False,False,True,False,False,False,False,False
864,43,99,12500,total,,0.9726655923,2017,2020,2021,23730,False,False,False,False,True,False,False,False,True,False,False,False,False
865,43,99,17500,total,,0.9703468762,2017,2020,2021,23730,False,False,False,False,True,False,False,False,True,False,False,False,False
866,43,99,22500,total,,0.9786369484,2017,2020,2021,23730,False,False,False,False,True,False,False,False,True,False,False,False,False
867,43,99,27500,total,,0.9885589569,2017,2020,2021,23730,False,False,False,False,True,False,False,False,True,False,False,False,False
868,43,99,35000,total,,0.9929950984,2017,2020,2021,23730,False,False,False,False,True,False,False,False,True,False,False,False,False
869,43,99,45000,total,,0.9898945637,2017,2020,2021,23730,False,False,False,False,True,False,False,False,True,False,False,False,False
870,43,99,55000,total,,0.9907826918,2017,2020,2021,23730,False,False,False,False,True,False,False,False,True,False,False,False,False
871,43,99,65000,total,,0.9938769149,2017,2020,2021,23730,False,False,False,False,True,False,False,False,True,False,False,False,False
872,43,99,75000,total,,1.000434077,2017,2020,2021,23730,False,False,False,False,True,False,False,False,True,False,False,False,False
873,43,99,85000,total,,0.9973863844,2017,2020,2021,23730,False,False,False,False,True,False,False,False,True,False,False,False,False
874,43,99,105000,total,,0.9876662649,2017,2020,2021,23730,False,False,False,False,True,False,False,False,False,True,False,False,True
875,43,99,125000,total,,0.9956351946,2017,2020,2021,23730,False,False,False,False,True,False,False,False,False,True,False,False,True
876,43,99,139910.6858,total,,0.9993480692,2017,2020,2021,23730,False,False,False,False,True,False,False,False,False,True,False,False,True
877,43,99,155000,total,,0.9854264741,2017,2020,2021,23730,False,False,False,False,True,False,False,False,False,True,False,False,True
878,43,99,165000,total,,0.9772662124,2017,2020,2021,23730,False,False,False,False,True,False,False,False,False,True,False,False,True
879,45,103,16860000,n2n,,0.1707749359,2017,2023,2023,33195,False,True,False,False,False,False,False,False,False,False,False,True,True
880,45,103,19890000,n2n,,0.01513752088,2017,2023,2023,33195,False,True,False,False,False,False,False,False,False,False,False,True,True
881,45,103,2584461.575,total,,0.6246651009,2017,2020,2020,14661,False,False,False,False,True,False,False,False,False,False,True,False,True
882,45,103,2809252.091,total,,0.6120132582,2017,2020,2020,14661,False,False,False,False,True,False,False,False,False,False,True,False,True
883,45,103,3108163.818,total,,0.6029745639,2017,2020,2020,14661,False,False,False,False,True,False,False,False,False,False,True,False,True
884,45,103,3435325.325,total,,0.5980441788,2017,2020,2020,14661,False,False,False,False,True,False,False,False,False,False,True,False,True
885,45,103,3791528.281,total,,0.5869763691,2017,2020,2020,14661,False,False,False,False,True,False,False,False,False,False,True,False,True
886,45,103,4196370.367,total,,0.5784322744,2017,2020,2020,14661,False,False,False,False,True,False,False,False,False,False,True,False,True
887,45,103,4646452.128,total,,0.5801254118,2017,2020,2020,14661,False,False,False,False,True,False,False,False,False,False,True,False,True
888,45,103,5132842.259,total,,0.5855331554,2017,2020,2020,14661,False,False,False,False,True,False,False,False,False,False,True,False,True
889,45,103,5668716.927,total,,0.5894620645,2017,2020,2020,14661,False,False,False,False,True,False,False,False,False,False,True,False,True
890,45,103,6257030.423,total,,0.591457456,2017,2020,2020,14661,False,False,False,False,True,False,False,False,False,False,True,False,True
891,45,103,6921428.708,total,,0.5998805687,2017,2020,2020,14661,False,False,False,False,True,False,False,False,False,False,True,False,True
892,45,103,7648210.956,total,,0.6105522147,2017,2020,2020,14661,False,False,False,False,True,False,False,False,False,False,True,False,True
893,45,103,8440002.567,total,,0.6146435224,2017,2020,2020,14661,False,False,False,False,True,False,False,False,False,False,True,False,True
894,45,103,9328420.124,total,,0.624668103,2017,2020,2020,14661,False,False,False,False,True,False,False,False,False,False,True,False,True
895,45,103,10327595.46,total,,0.6288878995,2017,2020,2020,14661,False,False,False,False,True,False,False,False,False,False,False,True,True
896,45,103,11406427.44,total,,0.6225490295,2017,2020,2020,14661,False,False,False,False,True,False,False,False,False,False,False,True,True
897,45,103,12561848.22,total,,0.6161741515,2017,2020,2020,14661,False,False,False,False,True,False,False,False,False,False,False,True,True
898,45,103,13903370,total,,0.6090861011,2017,2020,2020,14661,False,False,False,False,True,False,False,False,False,False,False,True,True
899,45,103,15402638.41,total,,0.5876225056,2017,2020,2020,14661,False,False,False,False,True,False,False,False,False,False,False,True,True
900,45,103,16995573.77,total,,0.5738545029,2017,2020,2020,14661,False,False,False,False,True,False,False,False,False,False,False,True,True
901,45,103,18758520.98,total,,0.5477482532,2017,2020,2020,14661,False,False,False,False,True,False,False,False,False,False,False,True,True
902,45,103,19843930,total,,0.5293995522,2017,2020,2020,14661,False,False,False,False,True,False,False,False,False,False,False,True,True
903,46,102,14540000,n2n,,-0.03796231343,2017,2020,2020,33146,False,True,False,False,False,False,False,False,False,False,False,True,True
904,46,102,14770000,n2n,,-0.02273378757,2017,2024,2026,33224,False,True,False,False,False,False,False,False,False,False,False,True,True
905,46,105,14540000,np,,-1.363512104,2017,2020,2020,33146,False,False,True,False,False,False,False,False,False,False,False,True,True
906,46,105,14770000,np,,-1.337242168,2017,2024,2026,33224,False,False,True,False,False,False,False,False,False,False,False,True,True
907,46,110,13796738.75,n2n,,0.2233661264,2017,2018,2019,32776,False,True,False,False,False,False,False,False,False,False,False,True,True
908,46,110,14800000,n2n,,0.2242740143,2017,2018,2019,32776,False,True,False,False,False,False,False,False,False,False,False,True,True
909,46,110,14540000,n2n,,0.2799861609,2017,2020,2020,33146,False,True,False,False,False,False,False,False,False,False,False,True,True
910,47,107,2889.57208,capture,,0.334834346,2017,2022,2024,32913,True,False,False,False,False,False,False,True,False,False,False,False,False
911,47,107,3136.933431,capture,,0.1905657138,2017,2022,2024,32913,True,False,False,False,False,False,False,True,False,False,False,False,False
912,47,107,3465.108732,capture,,0.1090097651,2017,2022,2024,32913,True,False,False,False,False,False,False,True,False,False,False,False,False
913,47,107,3827.514698,capture,,0.2607207682,2017,2022,2024,32913,True,False,False,False,False,False,False,True,False,False,False,False,False
914,47,107,4233.181287,capture,,0.174685145,2017,2022,2024,32913,True,False,False,False,False,False,False,True,False,False,False,False,False
915,47,107,4677.353567,capture,,0.2941578584,2017,2022,2024,32913,True,False,False,False,False,False,False,True,False,False,False,False,False
916,47,107,5168.131238,capture,,0.2112397617,2017,2022,2024,32913,True,False,False,False,False,False,False,True,False,False,False,False,False
917,47,107,5710.404418,capture,,0.1896218983,2017,2022,2024,32913,True,False,False,False,False,False,False,True,False,False,False,False,False
918,47,107,6309.576344,capture,,0.2179632764,2017,2022,2024,32913,True,False,False,False,False,False,False,True,False,False,False,False,False
919,47,107,6971.617215,capture,,0.09798147774,2017,2022,2024,32913,True,False,False,False,False,False,False,True,False,False,False,False,False
920,47,107,7703.123598,capture,,0.1634847039,2017,2022,2024,32913,True,False,False,False,False,False,False,True,False,False,False,False,False
921,47,107,8511.384302,capture,,0.1963882035,2017,2022,2024,32913,True,False,False,False,False,False,False,True,False,False,False,False,False
922,47,107,9413.479901,capture,,0.1769175713,2017,2022,2024,32913,True,False,False,False,False,False,False,True,False,False,False,False,False
923,47,107,10411.18587,capture,,0.1210711806,2017,2022,2024,32913,True,False,False,False,False,False,False,False,True,False,False,False,False
924,47,107,11503.59368,capture,,0.09318415247,2017,2022,2024,32913,True,False,False,False,False,False,False,False,True,False,False,False,False
925,47,107,12710.62385,capture,,0.1090420446,2017,2022,2024,32913,True,False,False,False,False,False,False,False,True,False,False,False,False
926,47,107,14044.3033,capture,,0.09261294146,2017,2022,2024,32913,True,False,False,False,False,False,False,False,True,False,False,False,False
927,47,107,15517.92088,capture,,0.08610694345,2017,2022,2024,32913,True,False,False,False,False,False,False,False,True,False,False,False,False
928,47,107,17146.15978,capture,,0.1029812027,2017,2022,2024,32913,True,False,False,False,False,False,False,False,True,False,False,False,False
929,47,107,18945.24387,capture,,0.08072331281,2017,2022,2024,32913,True,False,False,False,False,False,False,False,True,False,False,False,False
930,47,107,20953.19236,capture,,0.03376131782,2017,2022,2024,32913,True,False,False,False,False,False,False,False,True,False,False,False,False
931,47,107,23173.95717,capture,,-0.002357255211,2017,2022,2024,32913,True,False,False,False,False,False,False,False,True,False,False,False,False
932,47,107,25605.51607,capture,,-0.0776708903,2017,2022,2024,32913,True,False,False,False,False,False,False,False,True,False,False,False,False
933,47,107,28292.20958,capture,,0.02934011969,2017,2022,2024,32913,True,False,False,False,False,False,False,False,True,False,False,False,False
934,47,107,31260.80806,capture,,-0.02005943337,2017,2022,2024,32913,True,False,False,False,False,False,False,False,True,False,False,False,False
935,47,107,34540.89076,capture,,-0.07666330403,2017,2022,2024,32913,True,False,False,False,False,False,False,False,True,False,False,False,False
936,47,107,38165.14058,capture,,-0.07406858993,2017,2022,2024,32913,True,False,False,False,False,False,False,False,True,False,False,False,False
937,47,107,42169.66975,capture,,-0.144197115,2017,2022,2024,32913,True,False,False,False,False,False,False,False,True,False,False,False,False
938,47,107,46594.37957,capture,,-0.1523487531,2017,2022,2024,32913,True,False,False,False,False,False,False,False,True,False,False,False,False
939,47,107,51532.77544,capture,,-0.1709157425,2017,2022,2024,32913,True,False,False,False,False,False,False,False,True,False,False,False,False
940,47,107,56994.5768,capture,,-0.2062943771,2017,2022,2024,32913,True,False,False,False,False,False,False,False,True,False,False,False,False
941,47,107,62974.8101,capture,,-0.2550306854,2017,2022,2024,32913,True,False,False,False,False,False,False,False,True,False,False,False,False
942,47,107,69582.52749,capture,,-0.2877131713,2017,2022,2024,32913,True,False,False,False,False,False,False,False,True,False,False,False,False
943,47,107,76883.56861,capture,,-0.2992117414,2017,2022,2024,32913,True,False,False,False,False,False,False,False,True,False,False,False,False
944,47,107,84950.68136,capture,,-0.2899763709,2017,2022,2024,32913,True,False,False,False,False,False,False,False,True,False,False,False,False
945,47,107,93864.24687,capture,,-0.2941234971,2017,2022,2024,32913,True,False,False,False,False,False,False,False,True,False,False,False,False
946,47,107,99330.7085,capture,,-0.3188502843,2017,2022,2024,32913,True,False,False,False,False,False,False,False,True,False,False,False,False
947,48,112,14540000,np,,-1.726767166,2017,2024,2025,33209,False,False,True,False,False,False,False,False,False,False,False,True,True
948,48,112,14540000,np,,-1.654822383,2017,2024,2025,33209,False,False,True,False,False,False,False,False,False,False,False,True,True
949,50,112,14500000,n2n,,-0.0390965706,2017,2021,2021,33161,False,True,False,False,False,False,False,False,False,False,False,True,True
950,50,112,3128503.737,total,,0.6368568833,2017,2020,2020,14661,False,False,False,False,True,False,False,False,False,False,True,False,True
951,50,112,3430398.192,total,,0.6224077658,2017,2020,2020,14661,False,False,False,False,True,False,False,False,False,False,True,False,True
952,50,112,3793428.459,total,,0.6110394941,2017,2020,2020,14661,False,False,False,False,True,False,False,False,False,False,True,False,True
953,50,112,4199448.443,total,,0.6073425478,2017,2020,2020,14661,False,False,False,False,True,False,False,False,False,False,True,False,True
954,50,112,4643049.72,total,,0.5994039233,2017,2020,2020,14661,False,False,False,False,True,False,False,False,False,False,True,False,True
955,50,112,5124738.318,total,,0.6029509832,2017,2020,2020,14661,False,False,False,False,True,False,False,False,False,False,True,False,True
956,50,112,5657520.78,total,,0.6054792678,2017,2020,2020,14661,False,False,False,False,True,False,False,False,False,False,True,False,True
957,50,112,6262329.486,total,,0.607796266,2017,2020,2020,14661,False,False,False,False,True,False,False,False,False,False,True,False,True
958,50,112,6931239.215,total,,0.6130473547,2017,2020,2020,14661,False,False,False,False,True,False,False,False,False,False,True,False,True
959,50,112,7647552.843,total,,0.6216775762,2017,2020,2020,14661,False,False,False,False,True,False,False,False,False,False,True,False,True
960,50,112,8456004.443,total,,0.6279671742,2017,2020,2020,14661,False,False,False,False,True,False,False,False,False,False,True,False,True
961,50,112,9340287.126,total,,0.6432263896,2017,2020,2020,14661,False,False,False,False,True,False,False,False,False,False,True,False,True
962,50,112,10302230.55,total,,0.6441062583,2017,2020,2020,14661,False,False,False,False,True,False,False,False,False,False,False,True,True
963,50,112,11381747.29,total,,0.6461405629,2017,2020,2020,14661,False,False,False,False,True,False,False,False,False,False,False,True,True
964,50,112,12594944.32,total,,0.6467165548,2017,2020,2020,14661,False,False,False,False,True,False,False,False,False,False,False,True,True
965,50,112,13960067.13,total,,0.6433292798,2017,2020,2020,14661,False,False,False,False,True,False,False,False,False,False,False,True,True
966,50,112,15432810.1,total,,0.6305999822,2017,2020,2020,14661,False,False,False,False,True,False,False,False,False,False,False,True,True
967,50,112,17006603.13,total,,0.6137982077,2017,2020,2020,14661,False,False,False,False,True,False,False,False,False,False,False,True,True
968,50,112,18750306.32,total,,0.5979765487,2017,2020,2020,14661,False,False,False,False,True,False,False,False,False,False,False,True,True
969,50,112,19814810,total,,0.5921667607,2017,2020,2020,14661,False,False,False,False,True,False,False,False,False,False,False,True,True
970,50,124,3128503.737,total,,0.646757275,2017,2020,2020,14661,False,False,False,False,True,False,False,False,False,False,True,False,True
971,50,124,3430398.192,total,,0.6349992646,2017,2020,2020,14661,False,False,False,False,True,False,False,False,False,False,True,False,True
972,50,124,3793428.459,total,,0.6258980037,2017,2020,2020,14661,False,False,False,False,True,False,False,False,False,False,True,False,True
973,50,124,4199448.443,total,,0.6230364426,2017,2020,2020,14661,False,False,False,False,True,False,False,False,False,False,True,False,True
974,50,124,4643049.72,total,,0.6201687181,2017,2020,2020,14661,False,False,False,False,True,False,False,False,False,False,True,False,True
975,50,124,5124738.318,total,,0.6213495593,2017,2020,2020,14661,False,False,False,False,True,False,False,False,False,False,True,False,True
976,50,124,5657520.78,total,,0.6206508105,2017,2020,2020,14661,False,False,False,False,True,False,False,False,False,False,True,False,True
977,50,124,6262329.486,total,,0.6197681549,2017,2020,2020,14661,False,False,False,False,True,False,False,False,False,False,True,False,True
978,50,124,6931239.215,total,,0.6204082571,2017,2020,2020,14661,False,False,False,False,True,False,False,False,False,False,True,False,True
979,50,124,7647552.843,total,,0.629762013,2017,2020,2020,14661,False,False,False,False,True,False,False,False,False,False,True,False,True
980,50,124,8456004.443,total,,0.6400085943,2017,2020,2020,14661,False,False,False,False,True,False,False,False,False,False,True,False,True
981,50,124,9340287.126,total,,0.6567622701,2017,2020,2020,14661,False,False,False,False,True,False,False,False,False,False,True,False,True
982,50,124,10302230.55,total,,0.6670677388,2017,2020,2020,14661,False,False,False,False,True,False,False,False,False,False,False,True,True
983,50,124,11381747.29,total,,0.6711553145,2017,2020,2020,14661,False,False,False,False,True,False,False,False,False,False,False,True,True
984,50,124,12594944.32,total,,0.6726776301,2017,2020,2020,14661,False,False,False,False,True,False,False,False,False,False,False,True,True
985,50,124,13960067.13,total,,0.6659064997,2017,2020,2020,14661,False,False,False,False,True,False,False,False,False,False,False,True,True
986,50,124,15432810.1,total,,0.6549500716,2017,2020,2020,14661,False,False,False,False,True,False,False,False,False,False,False,True,True
987,50,124,17006603.13,total,,0.6412758474,2017,2020,2020,14661,False,False,False,False,True,False,False,False,False,False,False,True,True
988,50,124,18750306.32,total,,0.6220113866,2017,2020,2020,14661,False,False,False,False,True,False,False,False,False,False,False,True,True
989,50,124,19814810,total,,0.6155134347,2017,2020,2020,14661,False,False,False,False,True,False,False,False,False,False,False,True,True
990,51,121,1660000,capture,,-1.126377183,2017,2025,2026,33221,True,False,False,False,False,False,False,False,False,False,True,False,True
991,51,121,2650000,capture,,-1.326822369,2017,2025,2026,33221,True,False,False,False,False,False,False,False,False,False,True,False,True
992,51,121,3050000,capture,,-1.324459944,2017,2025,2026,33221,True,False,False,False,False,False,False,False,False,False,True,False,True
993,51,123,13796738.75,n2n,,0.2343907224,2017,2018,2020,32780,False,True,False,False,False,False,False,False,False,False,False,True,True
994,51,123,14800000,n2n,,0.2678754193,2017,2018,2020,32780,False,True,False,False,False,False,False,False,False,False,False,True,True
995,52,122,13796738.75,n2n,,0.01786771896,2017,2020,2020,32803,False,True,False,False,False,False,False,False,False,False,False,True,True
996,52,122,14800000,n2n,,0.06520612805,2017,2020,2020,32803,False,True,False,False,False,False,False,False,False,False,False,True,True
997,52,128,13858246.53,n2n,,0.1775364999,2017,2024,2025,32936,False,True,False,False,False,False,False,False,False,False,False,True,True
998,52,128,14819514.16,n2n,,0.193263773,2017,2024,2025,32936,False,True,False,False,False,False,False,False,False,False,False,True,True
999,53,127,1564.863375,capture,,0.6170003411,2017,2024,2024,23615,True,False,False,False,False,False,False,True,False,False,False,False,False
1000,53,127,1730.159269,capture,,0.352375495,2017,2024,2024,23615,True,False,False,False,False,False,False,True,False,False,False,False,False
1001,53,127,1922.385581,capture,,0.7423322824,2017,2024,2024,23615,True,False,False,False,False,False,False,True,False,False,False,False,False
1002,53,127,2100.536523,capture,,0.7493110862,2017,2024,2024,23615,True,False,False,False,False,False,False,True,False,False,False,False,False
1003,53,127,2304.651699,capture,,0.4286206727,2017,2024,2024,23615,True,False,False,False,False,False,False,True,False,False,False,False,False
1004,53,127,2540.032898,capture,,0.3984608496,2017,2024,2024,23615,True,False,False,False,False,False,False,True,False,False,False,False,False
1005,53,127,2813.407627,capture,,0.6633710755,2017,2024,2024,23615,True,False,False,False,False,False,False,True,False,False,False,False,False
1006,53,127,3133.416675,capture,,0.179838928,2017,2024,2024,23615,True,False,False,False,False,False,False,True,False,False,False,False,False
1007,53,127,3511.30394,capture,,0.4272426022,2017,2024,2024,23615,True,False,False,False,False,False,False,True,False,False,False,False,False
1008,53,127,3840.56,capture,,0.6835873176,2017,2024,2024,23615,True,False,False,False,False,False,False,True,False,False,False,False,False
1009,53,127,4220.475168,capture,,0.485579477,2017,2024,2024,23615,True,False,False,False,False,False,False,True,False,False,False,False,False
1010,53,127,4657.161,capture,,0.1849751907,2017,2024,2024,23615,True,False,False,False,False,False,False,True,False,False,False,False,False
1011,53,127,5168.404503,capture,,0.08278537032,2017,2024,2024,23615,True,False,False,False,False,False,False,True,False,False,False,False,False
1012,53,127,5764.851,capture,,0.1309766916,2017,2024,2024,23615,True,False,False,False,False,False,False,True,False,False,False,False,False
1013,53,127,6223.179,capture,,0.1821292141,2017,2024,2024,23615,True,False,False,False,False,False,False,True,False,False,False,False,False
1014,53,127,7023.386935,capture,,0.1963143854,2017,2024,2024,23615,True,False,False,False,False,False,False,True,False,False,False,False,False
1015,53,127,7981.174,capture,,0.1152775914,2017,2024,2024,23615,True,False,False,False,False,False,False,True,False,False,False,False,False
1016,53,127,8735.621,capture,,0.1583624921,2017,2024,2024,23615,True,False,False,False,False,False,False,True,False,False,False,False,False
1017,53,127,9602.326,capture,,0.1095785469,2017,2024,2024,23615,True,False,False,False,False,False,False,True,False,False,False,False,False
1018,53,127,10604.72,capture,,0.1122697684,2017,2024,2024,23615,True,False,False,False,False,False,False,False,True,False,False,False,False
1019,53,127,11772.67,capture,,0.08421868674,2017,2024,2024,23615,True,False,False,False,False,False,False,False,True,False,False,False,False
1020,53,127,13144.77,capture,,0.01619735351,2017,2024,2024,23615,True,False,False,False,False,False,False,False,True,False,False,False,False
1021,53,127,14771.5,capture,,0.02242837119,2017,2024,2024,23615,True,False,False,False,False,False,False,False,True,False,False,False,False
1022,53,127,16720,capture,,0.00259798072,2017,2024,2024,23615,True,False,False,False,False,False,False,False,True,False,False,False,False
1023,53,127,19081.1,capture,,-0.01502287358,2017,2024,2024,23615,True,False,False,False,False,False,False,False,True,False,False,False,False
1024,53,127,21980.06,capture,,-0.0752040042,2017,2024,2024,23615,True,False,False,False,False,False,False,False,True,False,False,False,False
1025,53,127,25593.6,capture,,-0.05012229596,2017,2024,2024,23615,True,False,False,False,False,False,False,False,True,False,False,False,False
1026,53,127,30177.39,capture,,-0.0840727883,2017,2024,2024,23615,True,False,False,False,False,False,False,False,True,False,False,False,False
1027,53,127,36112.67,capture,,-0.2350770154,2017,2024,2024,23615,True,False,False,False,False,False,False,False,True,False,False,False,False
1028,53,127,43988.04,capture,,-0.2225731776,2017,2024,2024,23615,True,False,False,False,False,False,False,False,True,False,False,False,False
1029,53,127,54751.31,capture,,-0.2525881921,2017,2024,2024,23615,True,False,False,False,False,False,False,False,True,False,False,False,False
1030,53,127,70008.55,capture,,-0.3605135107,2017,2024,2024,23615,True,False,False,False,False,False,False,False,True,False,False,False,False
1031,53,127,92659.98,capture,,-0.5316526696,2017,2024,2024,23615,True,False,False,False,False,False,False,False,True,False,False,False,False
1032,53,127,128387.2,capture,,-0.5833594927,2017,2024,2024,23615,True,False,False,False,False,False,False,False,False,True,False,False,True
1033,53,127,189597.2,capture,,-0.6345120151,2017,2024,2024,23615,True,False,False,False,False,False,False,False,False,True,False,False,True
1034,53,127,307848.1,capture,,-0.7904849855,2017,2024,2024,23615,True,False,False,False,False,False,False,False,False,True,False,False,True
1035,53,127,584459.2,capture,,-1.207608311,2017,2024,2024,23615,True,False,False,False,False,False,False,False,False,True,False,False,True
1036,53,127,51500,capture,,-0.2125395255,2017,2026,2025,23622,True,False,False,False,False,False,False,False,True,False,False,False,False
1037,53,127,127700,capture,,-0.54668166,2017,2026,2025,23622,True,False,False,False,False,False,False,False,False,True,False,False,True
1038,53,127,600000,capture,,-1.322575562,2017,2021,2021,33162,True,False,False,False,False,False,False,False,False,True,False,False,True
1039,53,127,1260000,capture,,-1.500587874,2017,2021,2021,33162,True,False,False,False,False,False,False,False,False,False,True,False,True
1040,53,127,2510000,capture,,-1.56320149,2017,2021,2021,33162,True,False,False,False,False,False,False,False,False,False,True,False,True
1041,53,127,14077780.36,n2n,,0.1710972215,2017,2023,2025,32796,False,True,False,False,False,False,False,False,False,False,False,True,True
1042,53,127,14790000,n2n,,0.2019157827,2017,2023,2025,32796,False,True,False,False,False,False,False,False,False,False,False,True,True
1043,53,127,14920000,n2n,,0.1814090762,2017,2020,2020,33150,False,True,False,False,False,False,False,False,False,False,False,True,True
1044,53,129,2100.53608,capture,,0.2227164711,2017,2024,2024,23615,True,False,False,False,False,False,False,True,False,False,False,False,False
1045,53,129,2304.651187,capture,,0.3053513694,2017,2024,2024,23615,True,False,False,False,False,False,False,True,False,False,False,False,False
1046,53,129,2540.031873,capture,,0.411619706,2017,2024,2024,23615,True,False,False,False,False,False,False,True,False,False,False,False,False
1047,53,129,2813.408141,capture,,0.2900346114,2017,2024,2024,23615,True,False,False,False,False,False,False,True,False,False,False,False,False
1048,53,129,3133.415619,capture,,-0.351639989,2017,2024,2024,23615,True,False,False,False,False,False,False,True,False,False,False,False,False
1049,53,129,3511.304028,capture,,0.1628629933,2017,2024,2024,23615,True,False,False,False,False,False,False,True,False,False,False,False,False
1050,53,129,3840.56,capture,,0.2405492483,2017,2024,2024,23615,True,False,False,False,False,False,False,True,False,False,False,False,False
1051,53,129,4220.474136,capture,,0.220108088,2017,2024,2024,23615,True,False,False,False,False,False,False,True,False,False,False,False,False
1052,53,129,4657.16,capture,,0.1553360375,2017,2024,2024,23615,True,False,False,False,False,False,False,True,False,False,False,False,False
1053,53,129,5168.401948,capture,,-0.004364805402,2017,2024,2024,23615,True,False,False,False,False,False,False,True,False,False,False,False,False
1054,53,129,5764.85,capture,,-0.04095860768,2017,2024,2024,23615,True,False,False,False,False,False,False,True,False,False,False,False,False
1055,53,129,6223.18,capture,,0.03742649794,2017,2024,2024,23615,True,False,False,False,False,False,False,True,False,False,False,False,False
1056,53,129,7023.384495,capture,,0.006466042249,2017,2024,2024,23615,True,False,False,False,False,False,False,True,False,False,False,False,False
1057,53,129,7981.17,capture,,-0.04575749056,2017,2024,2024,23615,True,False,False,False,False,False,False,True,False,False,False,False,False
1058,53,129,8735.62,capture,,-0.04095860768,2017,2024,2024,23615,True,False,False,False,False,False,False,True,False,False,False,False,False
1059,53,129,9602.33,capture,,-0.1487416513,2017,2024,2024,23615,True,False,False,False,False,False,False,True,False,False,False,False,False
1060,53,129,10604.7,capture,,-0.0268721464,2017,2024,2024,23615,True,False,False,False,False,False,False,False,True,False,False,False,False
1061,53,129,11772.7,capture,,-0.06550154876,2017,2024,2024,23615,True,False,False,False,False,False,False,False,True,False,False,False,False
1062,53,129,13144.8,capture,,-0.2441251443,2017,2024,2024,23615,True,False,False,False,False,False,False,False,True,False,False,False,False
1063,53,129,14771.5,capture,,-0.193820026,2017,2024,2024,23615,True,False,False,False,False,False,False,False,True,False,False,False,False
1064,53,129,16720,capture,,-0.1870866434,2017,2024,2024,23615,True,False,False,False,False,False,False,False,True,False,False,False,False
1065,53,129,19081.1,capture,,-0.2291479884,2017,2024,2024,23615,True,False,False,False,False,False,False,False,True,False,False,False,False
1066,53,129,21980.1,capture,,-0.3372421683,2017,2024,2024,23615,True,False,False,False,False,False,False,False,True,False,False,False,False
1067,53,129,25593.6,capture,,-0.2596373105,2017,2024,2024,23615,True,False,False,False,False,False,False,False,True,False,False,False,False
1068,53,129,30177.4,capture,,-0.3767507096,2017,2024,2024,23615,True,False,False,False,False,False,False,False,True,False,False,False,False
1069,53,129,51500,capture,,-0.5559552041,2017,2026,2025,23622,True,False,False,False,False,False,False,False,True,False,False,False,False
1070,53,129,127700,capture,,-0.8507808873,2017,2026,2025,23622,True,False,False,False,False,False,False,False,False,True,False,False,True
1071,54,124,13945966.41,n2n,,0.02806265153,2017,2022,2024,32871,False,True,False,False,False,False,False,False,False,False,False,True,True
1072,54,124,14800000,n2n,,0.1115985249,2017,2022,2024,32871,False,True,False,False,False,False,False,False,False,False,False,True,True
1073,54,124,13834047.09,n2n,,0.03848504475,2017,2023,2024,32892,False,True,False,False,False,False,False,False,False,False,False,True,True
1074,54,124,14849915.82,n2n,,0.1007323065,2017,2023,2024,32892,False,True,False,False,False,False,False,False,False,False,False,True,True
1075,54,126,13945966.41,n2n,,0.1952075495,2017,2022,2024,32871,False,True,False,False,False,False,False,False,False,False,False,True,True
1076,54,126,14800000,n2n,,0.2540644529,2017,2022,2024,32871,False,True,False,False,False,False,False,False,False,False,False,True,True
1077,54,128,13945966.41,n2n,,0.2191914402,2017,2022,2024,32871,False,True,False,False,False,False,False,False,False,False,False,True,True
1078,54,128,14800000,n2n,,0.2412973871,2017,2022,2024,32871,False,True,False,False,False,False,False,False,False,False,False,True,True
1079,54,131,13945966.41,np,,-2.207608311,2017,2022,2024,32871,False,False,True,False,False,False,False,False,False,False,False,True,True
1080,54,131,14800000,np,,-2.13667714,2017,2022,2024,32871,False,False,True,False,False,False,False,False,False,False,False,True,True
1081,54,134,13945966.41,n2n,,0.2294898607,2017,2023,2024,32895,False,True,False,False,False,False,False,False,False,False,False,True,True
1082,54,134,14800000,n2n,,0.2240148114,2017,2023,2024,32895,False,True,False,False,False,False,False,False,False,False,False,True,True
1083,54,136,13945966.41,n2n,,0.1761636354,2017,2022,2025,32883,False,True,False,False,False,False,False,False,False,False,False,True,True
1084,54,136,14800000,n2n,,0.1804126328,2017,2022,2025,32883,False,True,False,False,False,False,False,False,False,False,False,True,True
1085,55,133,14077780.36,n2n,,0.1936532249,2017,2023,2025,32796,False,True,False,False,False,False,False,False,False,False,False,True,True
1086,55,133,14790000,n2n,,0.2215185603,2017,2023,2025,32796,False,True,False,False,False,False,False,False,False,False,False,True,True
1087,58,136,14200000,n2n,,0.1532049001,2017,2019,2021,32768,False,True,False,False,False,False,False,False,False,False,False,True,True
1088,58,136,14900000,n2n,,0.1855421549,2017,2019,2021,32768,False,True,False,False,False,False,False,False,False,False,False,True,True
1089,58,140,14200000,n2n,,0.2322335211,2017,2019,2021,32768,False,True,False,False,False,False,False,False,False,False,False,True,True
1090,58,140,14900000,n2n,,0.2427898095,2017,2019,2021,32768,False,True,False,False,False,False,False,False,False,False,False,True,True
1091,58,140,13500000,n2n,,0.2671717284,2017,2020,2021,33149,False,True,False,False,False,False,False,False,False,False,False,True,True
1092,58,140,13500000,n2n,,0.2552725051,2017,2020,2021,33149,False,True,False,False,False,False,False,False,False,False,False,True,True
1093,58,140,14200000,np,,-2.17327748,2017,2019,2021,32768,False,False,True,False,False,False,False,False,False,False,False,True,True
1094,58,140,14900000,np,,-2.087777943,2017,2019,2021,32768,False,False,True,False,False,False,False,False,False,False,False,True,True
1095,58,142,14200000,capture,,-2.886056648,2017,2019,2021,32768,True,False,False,False,False,False,False,False,False,False,False,True,True
1096,58,142,14900000,capture,,-2.866461092,2017,2019,2021,32768,True,False,False,False,False,False,False,False,False,False,False,True,True
1097,58,142,14200000,n2n,,0.285557309,2017,2019,2021,32768,False,True,False,False,False,False,False,False,False,False,False,True,True
1098,58,142,14900000,n2n,,0.2736955879,2017,2019,2021,32768,False,True,False,False,False,False,False,False,False,False,False,True,True
1099,58,142,13500000,n2n,,0.3117538611,2017,2020,2021,33149,False,True,False,False,False,False,False,False,False,False,False,True,True
1100,58,142,13500000,n2n,,0.3263358609,2017,2020,2021,33149,False,True,False,False,False,False,False,False,False,False,False,True,True
1101,58,142,14200000,na,,-2.20481541,2017,2019,2021,32768,False,False,False,True,False,False,False,False,False,False,False,True,True
1102,58,142,14900000,na,,-2.19314197,2017,2019,2021,32768,False,False,False,True,False,False,False,False,False,False,False,True,True
1103,58,142,14200000,np,,-2.274905479,2017,2019,2021,32768,False,False,True,False,False,False,False,False,False,False,False,True,True
1104,58,142,14900000,np,,-2.106793247,2017,2019,2021,32768,False,False,True,False,False,False,False,False,False,False,False,True,True
1105,60,142,14770000,n2n,,0.1868517872,2017,2022,2022,33170,False,True,False,False,False,False,False,False,False,False,False,True,True
1106,60,146,14540000,np,,-2.387216143,2017,2020,2021,33153,False,False,True,False,False,False,False,False,False,False,False,True,True
1107,60,146,14770000,np,,-2.461928873,2017,2022,2022,33170,False,False,True,False,False,False,False,False,False,False,False,True,True
1108,60,148,14540000,n2n,,0.2585415071,2017,2020,2021,33153,False,True,False,False,False,False,False,False,False,False,False,True,True
1109,60,148,14770000,n2n,,0.255577731,2017,2022,2022,33170,False,True,False,False,False,False,False,False,False,False,False,True,True
1110,60,150,14770000,n2n,,0.2369175309,2017,2022,2022,33170,False,True,False,False,False,False,False,False,False,False,False,True,True
1111,63,151,13796738.75,n2n,,0.04960561259,2017,2018,2019,32779,False,True,False,False,False,False,False,False,False,False,False,True,True
1112,63,151,14800000,n2n,,0.07554696139,2017,2018,2019,32779,False,True,False,False,False,False,False,False,False,False,False,True,True
1113,63,153,13796738.75,na,,-2.868060705,2017,2020,2020,32808,False,False,False,True,False,False,False,False,False,False,False,True,True
1114,63,153,14800000,na,,-2.76700389,2017,2020,2020,32808,False,False,False,True,False,False,False,False,False,False,False,True,True
1115,63,153,13796738.75,np,,-2.431798276,2017,2020,2020,32808,False,False,True,False,False,False,False,False,False,False,False,True,True
1116,63,153,14800000,np,,-2.346787486,2017,2020,2020,32808,False,False,True,False,False,False,False,False,False,False,False,True,True
1117,65,159,2292.232515,capture,,0.7882454622,2017,2023,2024,32899,True,False,False,False,False,False,False,True,False,False,False,False,False
1118,65,159,2542.49,capture,,0.762359664,2017,2023,2024,32899,True,False,False,False,False,False,False,True,False,False,False,False,False
1119,65,159,2820.067802,capture,,0.7705405329,2017,2023,2024,32899,True,False,False,False,False,False,False,True,False,False,False,False,False
1120,65,159,3127.94,capture,,0.8007782325,2017,2023,2024,32899,True,False,False,False,False,False,False,True,False,False,False,False,False
1121,65,159,3469.435364,capture,,0.6641298266,2017,2023,2024,32899,True,False,False,False,False,False,False,True,False,False,False,False,False
1122,65,159,3848.21,capture,,0.5820554046,2017,2023,2024,32899,True,False,False,False,False,False,False,True,False,False,False,False,False
1123,65,159,4268.338753,capture,,0.5326117134,2017,2023,2024,32899,True,False,False,False,False,False,False,True,False,False,False,False,False
1124,65,159,4734.34,capture,,0.5555961982,2017,2023,2024,32899,True,False,False,False,False,False,False,True,False,False,False,False,False
1125,65,159,5072.93,capture,,0.6274846568,2017,2023,2024,32899,True,False,False,False,False,False,False,True,False,False,False,False,False
1126,65,159,5626.763513,capture,,0.4586287854,2017,2023,2024,32899,True,False,False,False,False,False,False,True,False,False,False,False,False
1127,65,159,6241.07,capture,,0.5063737772,2017,2023,2024,32899,True,False,False,False,False,False,False,True,False,False,False,False,False
1128,65,159,6922.430606,capture,,0.4875915311,2017,2023,2024,32899,True,False,False,False,False,False,False,True,False,False,False,False,False
1129,65,159,7678.19,capture,,0.4666467114,2017,2023,2024,32899,True,False,False,False,False,False,False,True,False,False,False,False,False
1130,65,159,8516.459619,capture,,0.3825762195,2017,2023,2024,32899,True,False,False,False,False,False,False,True,False,False,False,False,False
1131,65,159,9446.24,capture,,0.4524136377,2017,2023,2024,32899,True,False,False,False,False,False,False,True,False,False,False,False,False
1132,65,159,10477.5,capture,,0.4107645838,2017,2023,2024,32899,True,False,False,False,False,False,False,False,True,False,False,False,False
1133,65,159,11621.4,capture,,0.2664715981,2017,2023,2024,32899,True,False,False,False,False,False,False,False,True,False,False,False,False
1134,65,159,12890.21072,capture,,0.3595926647,2017,2023,2024,32899,True,False,False,False,False,False,False,False,True,False,False,False,False
1135,65,159,14297.5,capture,,0.3204267207,2017,2023,2024,32899,True,False,False,False,False,False,False,False,True,False,False,False,False
1136,65,159,15320,capture,,0.2491934639,2017,2023,2024,32899,True,False,False,False,False,False,False,False,True,False,False,False,False
1137,65,159,16992.56421,capture,,0.2711489702,2017,2023,2024,32899,True,False,False,False,False,False,False,False,True,False,False,False,False
1138,65,159,18847.7,capture,,0.2349068602,2017,2023,2024,32899,True,False,False,False,False,False,False,False,True,False,False,False,False
1139,65,159,20905.42914,capture,,0.2727591578,2017,2023,2024,32899,True,False,False,False,False,False,False,False,True,False,False,False,False
1140,65,159,23187.8,capture,,0.1955039046,2017,2023,2024,32899,True,False,False,False,False,False,False,False,True,False,False,False,False
1141,65,159,25719.25747,capture,,0.1518155625,2017,2023,2024,32899,True,False,False,False,False,False,False,False,True,False,False,False,False
1142,65,159,28527.2,capture,,0.1019360059,2017,2023,2024,32899,True,False,False,False,False,False,False,False,True,False,False,False,False
1143,65,159,31641.62437,capture,,0.1081081655,2017,2023,2024,32899,True,False,False,False,False,False,False,False,True,False,False,False,False
1144,65,159,35096.1,capture,,0.101815786,2017,2023,2024,32899,True,False,False,False,False,False,False,False,True,False,False,False,False
1145,65,159,37606.2,capture,,0.07269462861,2017,2023,2024,32899,True,False,False,False,False,False,False,False,True,False,False,False,False
1146,65,159,41711.76832,capture,,0.07561629699,2017,2023,2024,32899,True,False,False,False,False,False,False,False,True,False,False,False,False
1147,65,159,46265.7,capture,,0.06998242122,2017,2023,2024,32899,True,False,False,False,False,False,False,False,True,False,False,False,False
1148,65,159,51316.73908,capture,,0.04603643516,2017,2023,2024,32899,True,False,False,False,False,False,False,False,True,False,False,False,False
1149,65,159,56919.2,capture,,-0.0002658695873,2017,2023,2024,32899,True,False,False,False,False,False,False,False,True,False,False,False,False
1150,65,159,63133.33889,capture,,-0.03087775507,2017,2023,2024,32899,True,False,False,False,False,False,False,False,True,False,False,False,False
1151,65,159,70026,capture,,0.003555308261,2017,2023,2024,32899,True,False,False,False,False,False,False,False,True,False,False,False,False
1152,65,159,77671.01903,capture,,-0.09787929912,2017,2023,2024,32899,True,False,False,False,False,False,False,False,True,False,False,False,False
1153,65,159,86150.7,capture,,-0.0995766079,2017,2023,2024,32899,True,False,False,False,False,False,False,False,True,False,False,False,False
1154,65,159,92312.2,capture,,-0.1521097558,2017,2023,2024,32899,True,False,False,False,False,False,False,False,True,False,False,False,False
1155,65,159,102390.5647,capture,,-0.1812361917,2017,2023,2024,32899,True,False,False,False,False,False,False,False,False,True,False,False,True
1156,65,159,113569,capture,,-0.1269818236,2017,2023,2024,32899,True,False,False,False,False,False,False,False,False,True,False,False,True
1157,65,159,125967.3619,capture,,-0.2119759461,2017,2023,2024,32899,True,False,False,False,False,False,False,False,False,True,False,False,True
1158,65,159,139720,capture,,-0.2313286066,2017,2023,2024,32899,True,False,False,False,False,False,False,False,False,True,False,False,True
1159,65,159,154974.0606,capture,,-0.267588145,2017,2023,2024,32899,True,False,False,False,False,False,False,False,False,True,False,False,True
1160,65,159,171893,capture,,-0.3131323474,2017,2023,2024,32899,True,False,False,False,False,False,False,False,False,True,False,False,True
1161,65,159,190659.7659,capture,,-0.3182465069,2017,2023,2024,32899,True,False,False,False,False,False,False,False,False,True,False,False,True
1162,65,159,211475,capture,,-0.349298196,2017,2023,2024,32899,True,False,False,False,False,False,False,False,False,True,False,False,True
1163,65,159,226600,capture,,-0.3724999835,2017,2023,2024,32899,True,False,False,False,False,False,False,False,False,True,False,False,True
1164,65,159,251338.5761,capture,,-0.3900679967,2017,2023,2024,32899,True,False,False,False,False,False,False,False,False,True,False,False,True
1165,65,159,278778,capture,,-0.4003395882,2017,2023,2024,32899,True,False,False,False,False,False,False,False,False,True,False,False,True
1166,65,159,309213.5464,capture,,-0.4033215505,2017,2023,2024,32899,True,False,False,False,False,False,False,False,False,True,False,False,True
1167,65,159,342972,capture,,-0.4499001192,2017,2023,2024,32899,True,False,False,False,False,False,False,False,False,True,False,False,True
1168,65,159,380416.0634,capture,,-0.5093919703,2017,2023,2024,32899,True,False,False,False,False,False,False,False,False,True,False,False,True
1169,65,159,421948,capture,,-0.535166313,2017,2023,2024,32899,True,False,False,False,False,False,False,False,False,True,False,False,True
1170,65,159,468013.8135,capture,,-0.5939139372,2017,2023,2024,32899,True,False,False,False,False,False,False,False,False,True,False,False,True
1171,65,159,519110,capture,,-0.649275295,2017,2023,2024,32899,True,False,False,False,False,False,False,False,False,True,False,False,True
1172,65,159,575783.0425,capture,,-0.6650167727,2017,2023,2024,32899,True,False,False,False,False,False,False,False,False,True,False,False,True
1173,65,159,638644,capture,,-0.7242511155,2017,2023,2024,32899,True,False,False,False,False,False,False,False,False,True,False,False,True
1174,65,159,684320,capture,,-0.7105492946,2017,2023,2024,32899,True,False,False,False,False,False,False,False,False,True,False,False,True
1175,65,159,759030.2276,capture,,-0.7800790128,2017,2023,2024,32899,True,False,False,False,False,False,False,False,False,True,False,False,True
1176,65,159,841897,capture,,-0.8286421951,2017,2023,2024,32899,True,False,False,False,False,False,False,False,False,True,False,False,True
1177,65,159,902109,capture,,-0.8232375511,2017,2023,2024,32899,True,False,False,False,False,False,False,False,False,True,False,False,True
1178,65,159,5080000,capture,,-3.003002645,2017,2018,2019,33113,True,False,False,False,False,False,False,False,False,False,True,False,True
1179,65,159,12470000,capture,,-2.890884002,2017,2018,2019,33113,True,False,False,False,False,False,False,False,False,False,False,True,True
1180,65,159,16630000,capture,,-3.2083725,2017,2018,2019,33113,True,False,False,False,False,False,False,False,False,False,False,True,True
1181,66,156,17100000,n2n,,0.2227164711,2017,2021,2023,23782,False,True,False,False,False,False,False,False,False,False,False,True,True
1182,66,156,18544540.98,n2n,,0.2329961104,2017,2021,2023,23782,False,True,False,False,False,False,False,False,False,False,False,True,True
1183,68,162,10700000,n2n,,-0.3565473235,2017,2018,2018,23418,False,True,False,False,False,False,False,False,False,False,False,True,True
1184,68,162,11148990.99,n2n,,-0.1904402854,2017,2018,2018,23418,False,True,False,False,False,False,False,False,False,False,False,True,True
1185,68,162,17100000,n2n,,0.2944662262,2017,2018,2018,23418,False,True,False,False,False,False,False,False,False,False,False,True,True
1186,68,162,18544540.98,n2n,,0.2741578493,2017,2018,2018,23418,False,True,False,False,False,False,False,False,False,False,False,True,True
1187,69,169,1047.133389,capture,,0.8842106264,2017,2025,2025,14855,True,False,False,False,False,False,False,True,False,False,False,False,False
1188,69,169,1153.465168,capture,,0.8311708755,2017,2025,2025,14855,True,False,False,False,False,False,False,True,False,False,False,False,False
1189,69,169,1276.467657,capture,,0.7862324361,2017,2025,2025,14855,True,False,False,False,False,False,False,True,False,False,False,False,False
1190,69,169,1412.564907,capture,,0.9943651516,2017,2025,2025,14855,True,False,False,False,False,False,False,True,False,False,False,False,False
1191,69,169,1555.975429,capture,,0.7551779017,2017,2025,2025,14855,True,False,False,False,False,False,False,True,False,False,False,False,False
1192,69,169,1713.981958,capture,,0.7048085602,2017,2025,2025,14855,True,False,False,False,False,False,False,True,False,False,False,False,False
1193,69,169,1896.722612,capture,,0.6771687877,2017,2025,2025,14855,True,False,False,False,False,False,False,True,False,False,False,False,False
1194,69,169,2098.973224,capture,,0.7961597708,2017,2025,2025,14855,True,False,False,False,False,False,False,True,False,False,False,False,False
1195,69,169,2322.760426,capture,,0.619803603,2017,2025,2025,14855,True,False,False,False,False,False,False,True,False,False,False,False,False
1196,69,169,2570.418406,capture,,0.672737488,2017,2025,2025,14855,True,False,False,False,False,False,False,True,False,False,False,False,False
1197,69,169,2844.493841,capture,,0.7287543142,2017,2025,2025,14855,True,False,False,False,False,False,False,True,False,False,False,False,False
1198,69,169,3133.313278,capture,,0.5610274041,2017,2025,2025,14855,True,False,False,False,False,False,False,True,False,False,False,False,False
1199,69,169,3451.463045,capture,,0.4555079168,2017,2025,2025,14855,True,False,False,False,False,False,False,True,False,False,False,False,False
1200,69,169,3801.939616,capture,,0.555686814,2017,2025,2025,14855,True,False,False,False,False,False,False,True,False,False,False,False,False
1201,69,169,4217.223016,capture,,0.5136064259,2017,2025,2025,14855,True,False,False,False,False,False,False,True,False,False,False,False,False
1202,69,169,4677.650595,capture,,0.5230470018,2017,2025,2025,14855,True,False,False,False,False,False,False,True,False,False,False,False,False
1203,69,169,5128.924976,capture,,0.4194476736,2017,2025,2025,14855,True,False,False,False,False,False,False,True,False,False,False,False,False
1204,69,169,5688.903869,capture,,0.3888433457,2017,2025,2025,14855,True,False,False,False,False,False,False,True,False,False,False,False,False
1205,69,169,6310.009431,capture,,0.4150735582,2017,2025,2025,14855,True,False,False,False,False,False,False,True,False,False,False,False,False
1206,69,169,6998.889334,capture,,0.3369917688,2017,2025,2025,14855,True,False,False,False,False,False,False,True,False,False,False,False,False
1207,69,169,7762.976826,capture,,0.3863294952,2017,2025,2025,14855,True,False,False,False,False,False,False,True,False,False,False,False,False
1208,69,169,8511.954169,capture,,0.3035794069,2017,2025,2025,14855,True,False,False,False,False,False,False,True,False,False,False,False,False
1209,69,169,9441.213496,capture,,0.2363155233,2017,2025,2025,14855,True,False,False,False,False,False,False,True,False,False,False,False,False
1210,69,169,10471.77578,capture,,0.2147445316,2017,2025,2025,14855,True,False,False,False,False,False,False,False,True,False,False,False,False
1211,69,169,11482.19006,capture,,0.1745467706,2017,2025,2025,14855,True,False,False,False,False,False,False,False,True,False,False,False,False
1212,69,169,12736.04859,capture,,0.1183242597,2017,2025,2025,14855,True,False,False,False,False,False,False,False,True,False,False,False,False
1213,69,169,14126.56949,capture,,0.1182647261,2017,2025,2025,14855,True,False,False,False,False,False,False,False,True,False,False,False,False
1214,69,169,15489.35877,capture,,0.1146526772,2017,2025,2025,14855,True,False,False,False,False,False,False,False,True,False,False,False,False
1215,69,169,17180.09022,capture,,0.06383605374,2017,2025,2025,14855,True,False,False,False,False,False,False,False,True,False,False,False,False
1216,69,169,19056.18089,capture,,0.04412800461,2017,2025,2025,14855,True,False,False,False,False,False,False,False,True,False,False,False,False
1217,69,169,20894.32273,capture,,0.008930025116,2017,2025,2025,14855,True,False,False,False,False,False,False,False,True,False,False,False,False
1218,69,169,23175.3059,capture,,-0.03442016162,2017,2025,2025,14855,True,False,False,False,False,False,False,False,True,False,False,False,False
1219,69,169,25705.48122,capture,,-0.07482977369,2017,2025,2025,14855,True,False,False,False,False,False,False,False,True,False,False,False,False
1220,69,169,28185.66267,capture,,-0.06786629518,2017,2025,2025,14855,True,False,False,False,False,False,False,False,True,False,False,False,False
1221,69,169,30551.2676,capture,,-0.05156747185,2017,2025,2025,14855,True,False,False,False,False,False,False,False,True,False,False,False,False
1222,69,169,38907.42083,capture,,-0.1298771308,2017,2025,2025,14855,True,False,False,False,False,False,False,False,True,False,False,False,False
1223,69,169,42172.23016,capture,,-0.1436034509,2017,2025,2025,14855,True,False,False,False,False,False,False,False,True,False,False,False,False
1224,69,169,46776.50595,capture,,-0.1771097873,2017,2025,2025,14855,True,False,False,False,False,False,False,False,True,False,False,False,False
1225,69,169,51289.24976,capture,,-0.2188660031,2017,2025,2025,14855,True,False,False,False,False,False,False,False,True,False,False,False,False
1226,69,169,56889.03869,capture,,-0.2516708502,2017,2025,2025,14855,True,False,False,False,False,False,False,False,True,False,False,False,False
1227,69,169,63100.09431,capture,,-0.2400659955,2017,2025,2025,14855,True,False,False,False,False,False,False,False,True,False,False,False,False
1228,69,169,69187.82402,capture,,-0.2485572964,2017,2025,2025,14855,True,False,False,False,False,False,False,False,True,False,False,False,False
1229,69,169,75862.60402,capture,,-0.2336949962,2017,2025,2025,14855,True,False,False,False,False,False,False,False,True,False,False,False,False
1230,69,169,96611,capture,,-0.3474345843,2017,2025,2025,14855,True,False,False,False,False,False,False,False,True,False,False,False,False
1231,69,169,103519.4953,capture,,-0.3367986592,2017,2025,2025,14855,True,False,False,False,False,False,False,False,False,True,False,False,True
1232,69,169,114821.9006,capture,,-0.3608373601,2017,2025,2025,14855,True,False,False,False,False,False,False,False,False,True,False,False,True
1233,69,169,125903.2634,capture,,-0.4140882897,2017,2025,2025,14855,True,False,False,False,False,False,False,False,False,True,False,False,True
1234,69,169,146230,capture,,-0.4090801819,2017,2025,2025,14855,True,False,False,False,False,False,False,False,False,True,False,False,True
1235,69,169,154893.5877,capture,,-0.4920328715,2017,2025,2025,14855,True,False,False,False,False,False,False,False,False,True,False,False,True
1236,69,169,169833.754,capture,,-0.498875667,2017,2025,2025,14855,True,False,False,False,False,False,False,False,False,True,False,False,True
1237,69,169,186223.2494,capture,,-0.4978290254,2017,2025,2025,14855,True,False,False,False,False,False,False,False,False,True,False,False,True
1238,69,169,208943.2273,capture,,-0.5387454009,2017,2025,2025,14855,True,False,False,False,False,False,False,False,False,True,False,False,True
1239,69,169,231753.059,capture,,-0.5819308365,2017,2025,2025,14855,True,False,False,False,False,False,False,False,False,True,False,False,True
1240,69,169,251203.3764,capture,,-0.609479966,2017,2025,2025,14855,True,False,False,False,False,False,False,False,False,True,False,False,True
1241,69,169,288420.8924,capture,,-0.6364820334,2017,2025,2025,14855,True,False,False,False,False,False,False,False,False,True,False,False,True
1242,69,169,312628.2547,capture,,-0.6544616021,2017,2025,2025,14855,True,False,False,False,False,False,False,False,False,True,False,False,True
1243,69,169,346762.5533,capture,,-0.6480491674,2017,2025,2025,14855,True,False,False,False,False,False,False,False,False,True,False,False,True
1244,69,169,380216.4798,capture,,-0.6910889295,2017,2025,2025,14855,True,False,False,False,False,False,False,False,False,True,False,False,True
1245,69,169,421722.3016,capture,,-0.7188302266,2017,2025,2025,14855,True,False,False,False,False,False,False,False,False,True,False,False,True
1246,69,169,467765.0595,capture,,-0.8079973851,2017,2025,2025,14855,True,False,False,False,False,False,False,False,False,True,False,False,True
1247,69,169,512892.4976,capture,,-0.8378689093,2017,2025,2025,14855,True,False,False,False,False,False,False,False,False,True,False,False,True
1248,69,169,568890.3869,capture,,-0.8667230246,2017,2025,2025,14855,True,False,False,False,False,False,False,False,False,True,False,False,True
1249,69,169,631000.9431,capture,,-0.8792451504,2017,2025,2025,14855,True,False,False,False,False,False,False,False,False,True,False,False,True
1250,69,169,691878.2402,capture,,-0.898605246,2017,2025,2025,14855,True,False,False,False,False,False,False,False,False,True,False,False,True
1251,69,169,767411.001,capture,,-0.93751579,2017,2025,2025,14855,True,False,False,False,False,False,False,False,False,True,False,False,True
1252,69,169,851195.4169,capture,,-0.9490859224,2017,2025,2025,14855,True,False,False,False,False,False,False,False,False,True,False,False,True
1253,69,169,933313.2365,capture,,-0.972796201,2017,2025,2025,14855,True,False,False,False,False,False,False,False,False,True,False,False,True
1254,69,169,15243359.21,n2n,,0.3106614558,2017,2021,2021,14708,False,True,False,False,False,False,False,False,False,False,False,True,True
1255,69,169,17045972.59,n2n,,0.2597730063,2017,2021,2021,14708,False,True,False,False,False,False,False,False,False,False,False,True,True
1256,69,169,18421183.46,n2n,,0.1093253878,2017,2021,2021,14708,False,True,False,False,False,False,False,False,False,False,False,True,True
1257,69,169,14050000,n2n,,0.3222192947,2017,2023,2023,31858,False,True,False,False,False,False,False,False,False,False,False,True,True
1258,69,169,12489996,n2n,,0.2639909327,2017,2023,2025,32925,False,True,False,False,False,False,False,False,False,False,False,True,True
1259,69,169,14000000,n2n,,0.2871296207,2017,2023,2025,32925,False,True,False,False,False,False,False,False,False,False,False,True,True
1260,69,169,15491933.38,n2n,,0.3016809493,2017,2023,2025,32925,False,True,False,False,False,False,False,False,False,False,False,True,True
1261,69,169,17000000,n2n,,0.2633993313,2017,2023,2025,32925,False,True,False,False,False,False,False,False,False,False,False,True,True
1262,69,169,18493242.01,n2n,,0.116607744,2017,2023,2025,32925,False,True,False,False,False,False,False,False,False,False,False,True,True
1263,69,169,19800000,n2n,,-0.02826040911,2017,2023,2025,32925,False,True,False,False,False,False,False,False,False,False,False,True,True
1264,70,168,14770000,n2n,,0.2806716836,2017,2022,2022,33175,False,True,False,False,False,False,False,False,False,False,False,True,True
1265,70,170,14770000,n2n,,0.3412188077,2017,2022,2022,33175,False,True,False,False,False,False,False,False,False,False,False,True,True
1266,70,173,14770000,np,,-2.346787486,2017,2022,2022,33175,False,False,True,False,False,False,False,False,False,False,False,True,True
1267,70,174,14770000,na,,-2.93930216,2017,2022,2022,33175,False,False,False,True,False,False,False,False,False,False,False,True,True
1268,70,174,14770000,np,,-2.555955204,2017,2022,2022,33175,False,False,True,False,False,False,False,False,False,False,False,True,True
1269,70,176,14770000,n2n,,0.3508370184,2017,2022,2022,33175,False,True,False,False,False,False,False,False,False,False,False,True,True
1270,71,175,14298601.33,n2n,,0.3093107158,2017,2018,2019,32773,False,True,False,False,False,False,False,False,False,False,False,True,True
1271,71,175,14700000,n2n,,0.2960066693,2017,2018,2019,32773,False,True,False,False,False,False,False,False,False,False,False,True,True
1272,71,175,14600000,na,,-2.63638802,2017,2024,2025,32254,False,False,False,True,False,False,False,False,False,False,False,True,True
1273,71,175,14298601.33,na,,-2.869666232,2017,2018,2019,32773,False,False,False,True,False,False,False,False,False,False,False,True,True
1274,71,175,14700000,na,,-2.823908741,2017,2018,2019,32773,False,False,False,True,False,False,False,False,False,False,False,True,True
1275,71,175,14620000,na,,-2.970616222,2017,2024,2025,32934,False,False,False,True,False,False,False,False,False,False,False,True,True
1276,71,175,14860000,na,,-2.935542011,2017,2024,2025,32934,False,False,False,True,False,False,False,False,False,False,False,True,True
1277,71,175,14600000,np,,-2.180456064,2017,2024,2025,32254,False,False,True,False,False,False,False,False,False,False,False,True,True
1278,71,175,14298601.33,np,,-2.431798276,2017,2018,2019,32773,False,False,True,False,False,False,False,False,False,False,False,True,True
1279,71,175,14700000,np,,-2.420216403,2017,2018,2019,32773,False,False,True,False,False,False,False,False,False,False,False,True,True
1280,71,175,14066788.7,np,,-2.466821298,2017,2024,2025,32934,False,False,True,False,False,False,False,False,False,False,False,True,True
1281,71,175,14860000,np,,-2.366531544,2017,2024,2025,32934,False,False,True,False,False,False,False,False,False,False,False,True,True
1282,71,176,14600000,na,,-2.555955204,2017,2024,2025,32254,False,False,False,True,False,False,False,False,False,False,False,True,True
1283,71,176,14860000,na,,-3,2017,2024,2025,32934,False,False,False,True,False,False,False,False,False,False,False,True,True
1284,72,180,13796738.75,np,,-2.874518734,2017,2021,2021,32851,False,False,True,False,False,False,False,False,False,False,False,True,True
1285,72,180,14800000,np,,-2.725842151,2017,2021,2021,32851,False,False,True,False,False,False,False,False,False,False,False,True,True
1286,73,181,14780000,n2n,,0.2624510897,2017,2020,2020,33142,False,True,False,False,False,False,False,False,False,False,False,True,True
1287,73,181,400199.9917,total,,0.8332746393,2017,2019,2019,14576,False,False,False,False,True,False,False,False,False,True,False,False,True
1288,73,181,420753.4013,total,,0.839771971,2017,2019,2019,14576,False,False,False,False,True,False,False,False,False,True,False,False,True
1289,73,181,464935.8695,total,,0.8363177848,2017,2019,2019,14576,False,False,False,False,True,False,False,False,False,True,False,False,True
1290,73,181,513760.7032,total,,0.8343183479,2017,2019,2019,14576,False,False,False,False,True,False,False,False,False,True,False,False,True
1291,73,181,567757.4869,total,,0.8318834647,2017,2019,2019,14576,False,False,False,False,True,False,False,False,False,True,False,False,True
1292,73,181,627530.8606,total,,0.8324973004,2017,2019,2019,14576,False,False,False,False,True,False,False,False,False,True,False,False,True
1293,73,181,693672.4664,total,,0.8336156263,2017,2019,2019,14576,False,False,False,False,True,False,False,False,False,True,False,False,True
1294,73,181,766520.5527,total,,0.8350766069,2017,2019,2019,14576,False,False,False,False,True,False,False,False,False,True,False,False,True
1295,73,181,847159.565,total,,0.8359925216,2017,2019,2019,14576,False,False,False,False,True,False,False,False,False,True,False,False,True
1296,73,181,936384.1154,total,,0.8369391013,2017,2019,2019,14576,False,False,False,False,True,False,False,False,False,True,False,False,True
1297,73,181,1034879.82,total,,0.8388014569,2017,2019,2019,14576,False,False,False,False,True,False,False,False,False,False,True,False,True
1298,73,181,1143518.219,total,,0.84023279,2017,2019,2019,14576,False,False,False,False,True,False,False,False,False,False,True,False,True
1299,73,181,1263921.094,total,,0.8443553576,2017,2019,2019,14576,False,False,False,False,True,False,False,False,False,False,True,False,True
1300,73,181,1396656.799,total,,0.8459385691,2017,2019,2019,14576,False,False,False,False,True,False,False,False,False,False,True,False,True
1301,73,181,1543406.233,total,,0.8503207614,2017,2019,2019,14576,False,False,False,False,True,False,False,False,False,False,True,False,True
1302,73,181,1706062.252,total,,0.8527267462,2017,2019,2019,14576,False,False,False,False,True,False,False,False,False,False,True,False,True
1303,73,181,1885100.995,total,,0.8567082646,2017,2019,2019,14576,False,False,False,False,True,False,False,False,False,False,True,False,True
1304,73,181,2083766.096,total,,0.8579651894,2017,2019,2019,14576,False,False,False,False,True,False,False,False,False,False,True,False,True
1305,73,181,2303168.934,total,,0.8576608645,2017,2019,2019,14576,False,False,False,False,True,False,False,False,False,False,True,False,True
1306,73,181,2544709.435,total,,0.8534073596,2017,2019,2019,14576,False,False,False,False,True,False,False,False,False,False,True,False,True
1307,73,181,2811691.946,total,,0.8477471043,2017,2019,2019,14576,False,False,False,False,True,False,False,False,False,False,True,False,True
1308,73,181,3107278.362,total,,0.839977615,2017,2019,2019,14576,False,False,False,False,True,False,False,False,False,False,True,False,True
1309,73,181,3435103.857,total,,0.8269341462,2017,2019,2019,14576,False,False,False,False,True,False,False,False,False,False,True,False,True
1310,73,181,3796275.872,total,,0.8143176749,2017,2019,2019,14576,False,False,False,False,True,False,False,False,False,False,True,False,True
1311,73,181,4194811.571,total,,0.7988545948,2017,2019,2019,14576,False,False,False,False,True,False,False,False,False,False,True,False,True
1312,73,181,4637381.628,total,,0.7828260314,2017,2019,2019,14576,False,False,False,False,True,False,False,False,False,False,True,False,True
1313,73,181,5125585.362,total,,0.7668760698,2017,2019,2019,14576,False,False,False,False,True,False,False,False,False,False,True,False,True
1314,73,181,5662302.151,total,,0.7486654554,2017,2019,2019,14576,False,False,False,False,True,False,False,False,False,False,True,False,True
1315,73,181,6256893.196,total,,0.7345447055,2017,2019,2019,14576,False,False,False,False,True,False,False,False,False,False,True,False,True
1316,73,181,6918144.802,total,,0.7200919657,2017,2019,2019,14576,False,False,False,False,True,False,False,False,False,False,True,False,True
1317,73,181,7647874.409,total,,0.7123482634,2017,2019,2019,14576,False,False,False,False,True,False,False,False,False,False,True,False,True
1318,73,181,8450635.949,total,,0.7070002539,2017,2019,2019,14576,False,False,False,False,True,False,False,False,False,False,True,False,True
1319,73,181,9336228.321,total,,0.706184478,2017,2019,2019,14576,False,False,False,False,True,False,False,False,False,False,True,False,True
1320,73,181,10317494.11,total,,0.710964326,2017,2019,2019,14576,False,False,False,False,True,False,False,False,False,False,False,True,True
1321,73,181,11403169.23,total,,0.7157906999,2017,2019,2019,14576,False,False,False,False,True,False,False,False,False,False,False,True,True
1322,73,181,12600456.8,total,,0.7219126332,2017,2019,2019,14576,False,False,False,False,True,False,False,False,False,False,False,True,True
1323,73,181,13927335.01,total,,0.7264011621,2017,2019,2019,14576,False,False,False,False,True,False,False,False,False,False,False,True,True
1324,73,181,15395837.2,total,,0.7310229644,2017,2019,2019,14576,False,False,False,False,True,False,False,False,False,False,False,True,True
1325,73,181,17018495.35,total,,0.7320331875,2017,2019,2019,14576,False,False,False,False,True,False,False,False,False,False,False,True,True
1326,73,181,18802067.52,total,,0.7200360128,2017,2019,2019,14576,False,False,False,False,True,False,False,False,False,False,False,True,True
1327,73,181,19889882.69,total,,0.7294347894,2017,2019,2019,14576,False,False,False,False,True,False,False,False,False,False,False,True,True
1328,73,181,400199.9917,total,,0.8391007827,2017,2019,2019,14576,False,False,False,False,True,False,False,False,False,True,False,False,True
1329,73,181,420753.4013,total,,0.8419928849,2017,2019,2019,14576,False,False,False,False,True,False,False,False,False,True,False,False,True
1330,73,181,464935.8695,total,,0.8387380711,2017,2019,2019,14576,False,False,False,False,True,False,False,False,False,True,False,False,True
1331,73,181,513760.7032,total,,0.8355546917,2017,2019,2019,14576,False,False,False,False,True,False,False,False,False,True,False,False,True
1332,73,181,567757.4869,total,,0.8329363324,2017,2019,2019,14576,False,False,False,False,True,False,False,False,False,True,False,False,True
1333,73,181,627530.8606,total,,0.832917379,2017,2019,2019,14576,False,False,False,False,True,False,False,False,False,True,False,False,True
1334,73,181,693672.4664,total,,0.8352989954,2017,2019,2019,14576,False,False,False,False,True,False,False,False,False,True,False,False,True
1335,73,181,766520.5527,total,,0.8355849731,2017,2019,2019,14576,False,False,False,False,True,False,False,False,False,True,False,False,True
1336,73,181,847159.565,total,,0.8367906989,2017,2019,2019,14576,False,False,False,False,True,False,False,False,False,True,False,False,True
1337,73,181,936384.1154,total,,0.8379180219,2017,2019,2019,14576,False,False,False,False,True,False,False,False,False,True,False,False,True
1338,73,181,1034879.82,total,,0.8393220264,2017,2019,2019,14576,False,False,False,False,True,False,False,False,False,False,True,False,True
1339,73,181,1143518.219,total,,0.8412578431,2017,2019,2019,14576,False,False,False,False,True,False,False,False,False,False,True,False,True
1340,73,181,1263921.094,total,,0.8440146393,2017,2019,2019,14576,False,False,False,False,True,False,False,False,False,False,True,False,True
1341,73,181,1396656.799,total,,0.8471010819,2017,2019,2019,14576,False,False,False,False,True,False,False,False,False,False,True,False,True
1342,73,181,1543406.233,total,,0.8506455657,2017,2019,2019,14576,False,False,False,False,True,False,False,False,False,False,True,False,True
1343,73,181,1706062.252,total,,0.8537484253,2017,2019,2019,14576,False,False,False,False,True,False,False,False,False,False,True,False,True
1344,73,181,1885100.995,total,,0.8566198574,2017,2019,2019,14576,False,False,False,False,True,False,False,False,False,False,True,False,True
1345,73,181,2083766.096,total,,0.8579931939,2017,2019,2019,14576,False,False,False,False,True,False,False,False,False,False,True,False,True
1346,73,181,2303168.934,total,,0.8575174886,2017,2019,2019,14576,False,False,False,False,True,False,False,False,False,False,True,False,True
1347,73,181,2544709.435,total,,0.8538905677,2017,2019,2019,14576,False,False,False,False,True,False,False,False,False,False,True,False,True
1348,73,181,2811691.946,total,,0.8480235874,2017,2019,2019,14576,False,False,False,False,True,False,False,False,False,False,True,False,True
1349,73,181,3107278.362,total,,0.8392707889,2017,2019,2019,14576,False,False,False,False,True,False,False,False,False,False,True,False,True
1350,73,181,3435103.857,total,,0.8294266342,2017,2019,2019,14576,False,False,False,False,True,False,False,False,False,False,True,False,True
1351,73,181,3796275.872,total,,0.8144074293,2017,2019,2019,14576,False,False,False,False,True,False,False,False,False,False,True,False,True
1352,73,181,4194811.571,total,,0.7987240783,2017,2019,2019,14576,False,False,False,False,True,False,False,False,False,False,True,False,True
1353,73,181,4637381.628,total,,0.7839838456,2017,2019,2019,14576,False,False,False,False,True,False,False,False,False,False,True,False,True
1354,73,181,5125585.362,total,,0.767167864,2017,2019,2019,14576,False,False,False,False,True,False,False,False,False,False,True,False,True
1355,73,181,5662302.151,total,,0.7497593335,2017,2019,2019,14576,False,False,False,False,True,False,False,False,False,False,True,False,True
1356,73,181,6256893.196,total,,0.7349366637,2017,2019,2019,14576,False,False,False,False,True,False,False,False,False,False,True,False,True
1357,73,181,6918144.802,total,,0.7199793922,2017,2019,2019,14576,False,False,False,False,True,False,False,False,False,False,True,False,True
1358,73,181,7647874.409,total,,0.7120747091,2017,2019,2019,14576,False,False,False,False,True,False,False,False,False,False,True,False,True
1359,73,181,8450635.949,total,,0.7066324509,2017,2019,2019,14576,False,False,False,False,True,False,False,False,False,False,True,False,True
1360,73,181,9336228.321,total,,0.7073426456,2017,2019,2019,14576,False,False,False,False,True,False,False,False,False,False,True,False,True
1361,73,181,10317494.11,total,,0.710471574,2017,2019,2019,14576,False,False,False,False,True,False,False,False,False,False,False,True,True
1362,73,181,11403169.23,total,,0.7136699666,2017,2019,2019,14576,False,False,False,False,True,False,False,False,False,False,False,True,True
1363,73,181,12600456.8,total,,0.7199675544,2017,2019,2019,14576,False,False,False,False,True,False,False,False,False,False,False,True,True
1364,73,181,13927335.01,total,,0.723584272,2017,2019,2019,14576,False,False,False,False,True,False,False,False,False,False,False,True,True
1365,73,181,15395837.2,total,,0.7291178779,2017,2019,2019,14576,False,False,False,False,True,False,False,False,False,False,False,True,True
1366,73,181,17018495.35,total,,0.7293613061,2017,2019,2019,14576,False,False,False,False,True,False,False,False,False,False,False,True,True
1367,73,181,18802067.52,total,,0.721655465,2017,2019,2019,14576,False,False,False,False,True,False,False,False,False,False,False,True,True
1368,73,181,19889882.69,total,,0.7243851123,2017,2019,2019,14576,False,False,False,False,True,False,False,False,False,False,False,True,True
1369,74,182,8606369.734,n2n,,-0.6546262694,2017,2025,2025,14856,False,True,False,False,False,False,False,False,False,False,True,False,True
1370,74,182,9350000,n2n,,-0.09205147839,2017,2025,2025,14856,False,True,False,False,False,False,False,False,False,False,True,False,True
1371,74,182,10315734.67,n2n,,0.1343896324,2017,2025,2025,14856,False,True,False,False,False,False,False,False,False,False,False,True,True
1372,74,182,11542400.1,n2n,,0.2467447097,2017,2025,2025,14856,False,True,False,False,False,False,False,False,False,False,False,True,True
1373,74,182,12517503.74,n2n,,0.2963360546,2017,2025,2025,14856,False,True,False,False,False,False,False,False,False,False,False,True,True
1374,74,182,14700000,n2n,,0.3479151865,2017,2025,2025,14856,False,True,False,False,False,False,False,False,False,False,False,True,True
1375,74,182,13942740.05,n2n,,0.3133398439,2017,2022,2024,32874,False,True,False,False,False,False,False,False,False,False,False,True,True
1376,74,182,14800000,n2n,,0.3358589113,2017,2022,2024,32874,False,True,False,False,False,False,False,False,False,False,False,True,True
1377,74,182,13994964.18,np,,-2.39218768,2017,2022,2024,32874,False,False,True,False,False,False,False,False,False,False,False,True,True
1378,74,182,14800000,np,,-2.257274869,2017,2022,2024,32874,False,False,True,False,False,False,False,False,False,False,False,True,True
1379,74,183,13994964.18,np,,-2.531160551,2017,2023,2025,32904,False,False,True,False,False,False,False,False,False,False,False,True,True
1380,74,183,14800000,np,,-2.32330639,2017,2023,2025,32904,False,False,True,False,False,False,False,False,False,False,False,True,True
1381,74,184,13994964.18,np,,-2.718966633,2017,2022,2024,32874,False,False,True,False,False,False,False,False,False,False,False,True,True
1382,74,184,14800000,np,,-2.514278574,2017,2022,2024,32874,False,False,True,False,False,False,False,False,False,False,False,True,True
1383,74,186,14400000,np,,-2.853871964,2017,2019,2020,32797,False,False,True,False,False,False,False,False,False,False,False,True,True
1384,75,185,1044.652998,capture,,1.04857881,2017,2024,2025,32929,True,False,False,False,False,False,False,True,False,False,False,False,False
1385,75,185,1151.453607,capture,,1.103381806,2017,2024,2025,32929,True,False,False,False,False,False,False,True,False,False,False,False,False
1386,75,185,1269.665242,capture,,1.049839259,2017,2024,2025,32929,True,False,False,False,False,False,False,True,False,False,False,False,False
1387,75,185,1399.356788,capture,,1.078279439,2017,2024,2025,32929,True,False,False,False,False,False,False,True,False,False,False,False,False
1388,75,185,1561.212346,capture,,0.9807616105,2017,2024,2025,32929,True,False,False,False,False,False,False,True,False,False,False,False,False
1389,75,185,1722.002037,capture,,0.8668050816,2017,2024,2025,32929,True,False,False,False,False,False,False,True,False,False,False,False,False
1390,75,185,1899.157446,capture,,0.867522169,2017,2024,2025,32929,True,False,False,False,False,False,False,True,False,False,False,False,False
1391,75,185,2089.365794,capture,,0.9414775176,2017,2024,2025,32929,True,False,False,False,False,False,False,True,False,False,False,False,False
1392,75,185,2304.956272,capture,,0.9749632531,2017,2024,2025,32929,True,False,False,False,False,False,False,True,False,False,False,False,False
1393,75,185,2566.82114,capture,,0.96867661,2017,2024,2025,32929,True,False,False,False,False,False,False,True,False,False,False,False,False
1394,75,185,2829.204692,capture,,0.8939142653,2017,2024,2025,32929,True,False,False,False,False,False,False,True,False,False,False,False,False
1395,75,185,3120.518639,capture,,0.8552028596,2017,2024,2025,32929,True,False,False,False,False,False,False,True,False,False,False,False,False
1396,75,185,3476.381856,capture,,0.8243906272,2017,2024,2025,32929,True,False,False,False,False,False,False,True,False,False,False,False,False
1397,75,185,3831.376381,capture,,0.811418149,2017,2024,2025,32929,True,False,False,False,False,False,False,True,False,False,False,False,False
1398,75,185,4221.951508,capture,,0.8048454559,2017,2024,2025,32929,True,False,False,False,False,False,False,True,False,False,False,False,False
1399,75,185,4707.875708,capture,,0.7434387353,2017,2024,2025,32929,True,False,False,False,False,False,False,True,False,False,False,False,False
1400,75,185,5185.961517,capture,,0.7478548109,2017,2024,2025,32929,True,False,False,False,False,False,False,True,False,False,False,False,False
1401,75,185,5719.398518,capture,,0.690248015,2017,2024,2025,32929,True,False,False,False,False,False,False,True,False,False,False,False,False
1402,75,185,6303.165515,capture,,0.6115124807,2017,2024,2025,32929,True,False,False,False,False,False,False,True,False,False,False,False,False
1403,75,185,6948.67607,capture,,0.6189876673,2017,2024,2025,32929,True,False,False,False,False,False,False,True,False,False,False,False,False
1404,75,185,7740.397139,capture,,0.6181803533,2017,2024,2025,32929,True,False,False,False,False,False,False,True,False,False,False,False,False
1405,75,185,8532.519697,capture,,0.5227760225,2017,2024,2025,32929,True,False,False,False,False,False,False,True,False,False,False,False,False
1406,75,185,9405.619887,capture,,0.4916515937,2017,2024,2025,32929,True,False,False,False,False,False,False,True,False,False,False,False,False
1407,75,185,10040,capture,,0.4801435373,2017,2024,2025,32929,True,False,False,False,False,False,False,False,True,False,False,False,False
1408,75,187,1044.652998,capture,,1.334018535,2017,2024,2025,32929,True,False,False,False,False,False,False,True,False,False,False,False,False
1409,75,187,1151.453607,capture,,1.195638444,2017,2024,2025,32929,True,False,False,False,False,False,False,True,False,False,False,False,False
1410,75,187,1269.665242,capture,,1.135728562,2017,2024,2025,32929,True,False,False,False,False,False,False,True,False,False,False,False,False
1411,75,187,1399.356788,capture,,1.285151943,2017,2024,2025,32929,True,False,False,False,False,False,False,True,False,False,False,False,False
1412,75,187,1561.212346,capture,,1.106781843,2017,2024,2025,32929,True,False,False,False,False,False,False,True,False,False,False,False,False
1413,75,187,1722.002037,capture,,1.085993997,2017,2024,2025,32929,True,False,False,False,False,False,False,True,False,False,False,False,False
1414,75,187,1899.157446,capture,,1.090562623,2017,2024,2025,32929,True,False,False,False,False,False,False,True,False,False,False,False,False
1415,75,187,2089.365794,capture,,1.050347657,2017,2024,2025,32929,True,False,False,False,False,False,False,True,False,False,False,False,False
1416,75,187,2304.956272,capture,,1.003621295,2017,2024,2025,32929,True,False,False,False,False,False,False,True,False,False,False,False,False
1417,75,187,2566.82114,capture,,1.090663299,2017,2024,2025,32929,True,False,False,False,False,False,False,True,False,False,False,False,False
1418,75,187,2829.204692,capture,,1.022971827,2017,2024,2025,32929,True,False,False,False,False,False,False,True,False,False,False,False,False
1419,75,187,3120.518639,capture,,0.9496275837,2017,2024,2025,32929,True,False,False,False,False,False,False,True,False,False,False,False,False
1420,75,187,3476.381856,capture,,0.893613977,2017,2024,2025,32929,True,False,False,False,False,False,False,True,False,False,False,False,False
1421,75,187,3831.376381,capture,,0.9067104419,2017,2024,2025,32929,True,False,False,False,False,False,False,True,False,False,False,False,False
1422,75,187,4221.951508,capture,,0.869210474,2017,2024,2025,32929,True,False,False,False,False,False,False,True,False,False,False,False,False
1423,75,187,4707.875708,capture,,0.7705720591,2017,2024,2025,32929,True,False,False,False,False,False,False,True,False,False,False,False,False
1424,75,187,5185.961517,capture,,0.8441762029,2017,2024,2025,32929,True,False,False,False,False,False,False,True,False,False,False,False,False
1425,75,187,5719.398518,capture,,0.7436632301,2017,2024,2025,32929,True,False,False,False,False,False,False,True,False,False,False,False,False
1426,75,187,6303.165515,capture,,0.7014339202,2017,2024,2025,32929,True,False,False,False,False,False,False,True,False,False,False,False,False
1427,75,187,6948.67607,capture,,0.7099273515,2017,2024,2025,32929,True,False,False,False,False,False,False,True,False,False,False,False,False
1428,75,187,7740.397139,capture,,0.7217028111,2017,2024,2025,32929,True,False,False,False,False,False,False,True,False,False,False,False,False
1429,75,187,8532.519697,capture,,0.509844078,2017,2024,2025,32929,True,False,False,False,False,False,False,True,False,False,False,False,False
1430,75,187,9405.619887,capture,,0.5766642439,2017,2024,2025,32929,True,False,False,False,False,False,False,True,False,False,False,False,False
1431,75,187,10040,capture,,0.5092253793,2017,2024,2025,32929,True,False,False,False,False,False,False,False,True,False,False,False,False
1432,75,187,18100000,np,,-2.30980392,2017,2020,2021,23723,False,False,True,False,False,False,False,False,False,False,False,True,True
1433,75,187,15390746.11,np,,-2.451815389,2017,2020,2021,23723,False,False,True,False,False,False,False,False,False,False,False,True,True
1434,75,187,17048167.06,np,,-2.341988603,2017,2020,2021,23723,False,False,True,False,False,False,False,False,False,False,False,True,True
1435,75,187,18300000,np,,-2.30980392,2017,2020,2021,23723,False,False,True,False,False,False,False,False,False,False,False,True,True
1436,75,187,13994964.18,np,,-2.600326279,2017,2021,2025,32854,False,False,True,False,False,False,False,False,False,False,False,True,True
1437,75,187,14800000,np,,-2.485452247,2017,2021,2025,32854,False,False,True,False,False,False,False,False,False,False,False,True,True
1438,77,191,13994282.8,n2n,,0.3235149257,2017,2022,2025,32926,False,True,False,False,False,False,False,False,False,False,False,True,True
1439,77,191,14829969.66,n2n,,0.3292493598,2017,2022,2025,32926,False,True,False,False,False,False,False,False,False,False,False,True,True
1440,79,197,45000,capture,,-0.339134522,2017,2022,2022,23603,True,False,False,False,False,False,False,False,True,False,False,False,False
1441,79,197,133400,capture,,-0.5287082889,2017,2022,2022,23603,True,False,False,False,False,False,False,False,False,True,False,False,True
1442,79,197,21500,capture,,-0.2125395255,2017,2021,2021,23746,True,False,False,False,False,False,False,False,True,False,False,False,False
1443,79,197,53000,capture,,-0.3946949539,2017,2021,2021,23746,True,False,False,False,False,False,False,False,True,False,False,False,False
1444,79,197,128000,capture,,-0.5243288117,2017,2021,2021,23746,True,False,False,False,False,False,False,False,False,True,False,False,True
1445,79,197,1593.125808,capture,,0.6555255293,2017,2021,2022,32856,True,False,False,False,False,False,False,True,False,False,False,False,False
1446,79,197,1719.887633,capture,,0.6483014709,2017,2021,2022,32856,True,False,False,False,False,False,False,True,False,False,False,False,False
1447,79,197,1899.984554,capture,,0.5876134974,2017,2021,2022,32856,True,False,False,False,False,False,False,True,False,False,False,False,False
1448,79,197,2100.148805,capture,,0.6963752621,2017,2021,2022,32856,True,False,False,False,False,False,False,True,False,False,False,False,False
1449,79,197,2321.400485,capture,,0.520184787,2017,2021,2022,32856,True,False,False,False,False,False,False,True,False,False,False,False,False
1450,79,197,2565.961137,capture,,0.4935460644,2017,2021,2022,32856,True,False,False,False,False,False,False,True,False,False,False,False,False
1451,79,197,2836.286321,capture,,0.4453153093,2017,2021,2022,32856,True,False,False,False,False,False,False,True,False,False,False,False,False
1452,79,197,3135.090431,capture,,0.3622890999,2017,2021,2022,32856,True,False,False,False,False,False,False,True,False,False,False,False,False
1453,79,197,3463.379435,capture,,0.5081918667,2017,2021,2022,32856,True,False,False,False,False,False,False,True,False,False,False,False,False
1454,79,197,3826.044972,capture,,0.4308642417,2017,2021,2022,32856,True,False,False,False,False,False,False,True,False,False,False,False,False
1455,79,197,4229.120654,capture,,0.384791221,2017,2021,2022,32856,True,False,False,False,False,False,False,True,False,False,False,False,False
1456,79,197,4674.660525,capture,,0.3660510686,2017,2021,2022,32856,True,False,False,False,False,False,False,True,False,False,False,False,False
1457,79,197,5167.138153,capture,,0.2293151793,2017,2021,2022,32856,True,False,False,False,False,False,False,True,False,False,False,False,False
1458,79,197,5711.498589,capture,,0.3984361108,2017,2021,2022,32856,True,False,False,False,False,False,False,True,False,False,False,False,False
1459,79,197,6313.207568,capture,,0.3043520724,2017,2021,2022,32856,True,False,False,False,False,False,False,True,False,False,False,False,False
1460,79,197,6974.291129,capture,,0.3019950058,2017,2021,2022,32856,True,False,False,False,False,False,False,True,False,False,False,False,False
1461,79,197,7704.599514,capture,,0.2644229505,2017,2021,2022,32856,True,False,False,False,False,False,False,True,False,False,False,False,False
1462,79,197,8516.282726,capture,,0.2036586618,2017,2021,2022,32856,True,False,False,False,False,False,False,True,False,False,False,False,False
1463,79,197,9413.477211,capture,,0.1354021335,2017,2021,2022,32856,True,False,False,False,False,False,False,True,False,False,False,False,False
1464,79,197,10284.1985,capture,,0.1200290411,2017,2021,2022,32856,True,False,False,False,False,False,False,False,True,False,False,False,False
1465,79,197,11481.56693,capture,,0.1352328905,2017,2021,2022,32856,True,False,False,False,False,False,False,False,True,False,False,False,False
1466,79,197,12705.77521,capture,,0.07093491268,2017,2021,2022,32856,True,False,False,False,False,False,False,False,True,False,False,False,False
1467,79,197,14060.51222,capture,,0.03104195976,2017,2021,2022,32856,True,False,False,False,False,False,False,False,True,False,False,False,False
1468,79,197,15523.91058,capture,,-0.001816414323,2017,2021,2022,32856,True,False,False,False,False,False,False,False,True,False,False,False,False
1469,79,197,17139.61849,capture,,-0.007436862971,2017,2021,2022,32856,True,False,False,False,False,False,False,False,True,False,False,False,False
1470,79,197,18967.10929,capture,,-0.06375128359,2017,2021,2022,32856,True,False,False,False,False,False,False,False,True,False,False,False,False
1471,79,197,20941.1804,capture,,-0.09421010551,2017,2021,2022,32856,True,False,False,False,False,False,False,False,True,False,False,False,False
1472,79,197,23120.70946,capture,,-0.1191496553,2017,2021,2022,32856,True,False,False,False,False,False,False,False,True,False,False,False,False
1473,79,197,25585.92639,capture,,-0.168216378,2017,2021,2022,32856,True,False,False,False,False,False,False,False,True,False,False,False,False
1474,79,197,28313.99519,capture,,-0.1222234005,2017,2021,2022,32856,True,False,False,False,False,False,False,False,True,False,False,False,False
1475,79,197,31260.8766,capture,,-0.1539846182,2017,2021,2022,32856,True,False,False,False,False,False,False,False,True,False,False,False,False
1476,79,197,34514.46607,capture,,-0.2499260467,2017,2021,2022,32856,True,False,False,False,False,False,False,False,True,False,False,False,False
1477,79,197,38194.5294,capture,,-0.1888578592,2017,2021,2022,32856,True,False,False,False,False,False,False,False,True,False,False,False,False
1478,79,197,42169.76255,capture,,-0.2424848205,2017,2021,2022,32856,True,False,False,False,False,False,False,False,True,False,False,False,False
1479,79,197,46558.73234,capture,,-0.2803283577,2017,2021,2022,32856,True,False,False,False,False,False,False,False,True,False,False,False,False
1480,79,197,51522.99985,capture,,-0.2962997723,2017,2021,2022,32856,True,False,False,False,False,False,False,False,True,False,False,False,False
1481,79,197,57016.57751,capture,,-0.3104253087,2017,2021,2022,32856,True,False,False,False,False,False,False,False,True,False,False,False,False
1482,79,197,62950.7868,capture,,-0.3374825804,2017,2021,2022,32856,True,False,False,False,False,False,False,False,True,False,False,False,False
1483,79,197,69502.6168,capture,,-0.3509082053,2017,2021,2022,32856,True,False,False,False,False,False,False,False,True,False,False,False,False
1484,79,197,76913.24758,capture,,-0.3743453098,2017,2021,2022,32856,True,False,False,False,False,False,False,False,True,False,False,False,False
1485,79,197,84918.27122,capture,,-0.3938473601,2017,2021,2022,32856,True,False,False,False,False,False,False,False,True,False,False,False,False
1486,79,197,93756.44964,capture,,-0.3768437827,2017,2021,2022,32856,True,False,False,False,False,False,False,False,True,False,False,False,False
1487,79,197,99083.46772,capture,,-0.3199837514,2017,2021,2022,32856,True,False,False,False,False,False,False,False,True,False,False,False,False
1488,79,197,1594.456691,capture,,0.8193333175,2017,2024,2024,32920,True,False,False,False,False,False,False,True,False,False,False,False,False
1489,79,197,1719.89398,capture,,0.8424032753,2017,2024,2024,32920,True,False,False,False,False,False,False,True,False,False,False,False,False
1490,79,197,1895.770123,capture,,0.7901707683,2017,2024,2024,32920,True,False,False,False,False,False,False,True,False,False,False,False,False
1491,79,197,2089.701851,capture,,0.8037656556,2017,2024,2024,32920,True,False,False,False,False,False,False,True,False,False,False,False,False
1492,79,197,2328.489537,capture,,0.7512236586,2017,2024,2024,32920,True,False,False,False,False,False,False,True,False,False,False,False,False
1493,79,197,2566.649032,capture,,0.7081084527,2017,2024,2024,32920,True,False,False,False,False,False,False,True,False,False,False,False,False
1494,79,197,2829.13492,capture,,0.5212897986,2017,2024,2024,32920,True,False,False,False,False,False,False,True,False,False,False,False,False
1495,79,197,3084.918623,capture,,0.4335244909,2017,2024,2024,32920,True,False,False,False,False,False,False,True,False,False,False,False,False
1496,79,197,14100000,n2n,,0.3271545124,2017,2020,2025,14747,False,True,False,False,False,False,False,False,False,False,False,True,True
1497,79,197,14050000,n2n,,0.3018977172,2017,2023,2023,31858,False,True,False,False,False,False,False,False,False,False,False,True,True
1498,79,197,14020727.51,n2n,,0.3191060593,2017,2020,2021,33152,False,True,False,False,False,False,False,False,False,False,False,True,True
1499,79,197,156239.7608,total,,0.9703750561,2017,2018,2018,23415,False,False,False,False,True,False,False,False,False,True,False,False,True
1500,79,197,171138.905,total,,0.9491716488,2017,2018,2018,23415,False,False,False,False,True,False,False,False,False,True,False,False,True
1501,79,197,189041.4211,total,,0.9484808869,2017,2018,2018,23415,False,False,False,False,True,False,False,False,False,True,False,False,True
1502,79,197,208998.4865,total,,0.9330532104,2017,2018,2018,23415,False,False,False,False,True,False,False,False,False,True,False,False,True
1503,79,197,230871.8222,total,,0.9211823234,2017,2018,2018,23415,False,False,False,False,True,False,False,False,False,True,False,False,True
1504,79,197,255147.9857,total,,0.9043604739,2017,2018,2018,23415,False,False,False,False,True,False,False,False,False,True,False,False,True
1505,79,197,282022.5946,total,,0.8972667675,2017,2018,2018,23415,False,False,False,False,True,False,False,False,False,True,False,False,True
1506,79,197,311730.376,total,,0.8704442691,2017,2018,2018,23415,False,False,False,False,True,False,False,False,False,True,False,False,True
1507,79,197,344445.3166,total,,0.862177266,2017,2018,2018,23415,False,False,False,False,True,False,False,False,False,True,False,False,True
1508,79,197,380371.6962,total,,0.8435681591,2017,2018,2018,23415,False,False,False,False,True,False,False,False,False,True,False,False,True
1509,79,197,420478.6458,total,,0.8336516887,2017,2018,2018,23415,False,False,False,False,True,False,False,False,False,True,False,False,True
1510,79,197,464265.6828,total,,0.8198299378,2017,2018,2018,23415,False,False,False,False,True,False,False,False,False,True,False,False,True
1511,79,197,512930.1403,total,,0.8008420012,2017,2018,2018,23415,False,False,False,False,True,False,False,False,False,True,False,False,True
1512,79,197,566951.7687,total,,0.7918242678,2017,2018,2018,23415,False,False,False,False,True,False,False,False,False,True,False,False,True
1513,79,197,626822.3911,total,,0.785329835,2017,2018,2018,23415,False,False,False,False,True,False,False,False,False,True,False,False,True
1514,79,197,693031.2835,total,,0.7776557197,2017,2018,2018,23415,False,False,False,False,True,False,False,False,False,True,False,False,True
1515,79,197,766045.1862,total,,0.7612594359,2017,2018,2018,23415,False,False,False,False,True,False,False,False,False,True,False,False,True
1516,79,197,846279.7559,total,,0.7610429675,2017,2018,2018,23415,False,False,False,False,True,False,False,False,False,True,False,False,True
1517,79,197,936960.1432,total,,0.7541683919,2017,2018,2018,23415,False,False,False,False,True,False,False,False,False,True,False,False,True
1518,79,197,1036260.702,total,,0.7541953882,2017,2018,2018,23415,False,False,False,False,True,False,False,False,False,False,True,False,True
1519,79,197,1144491.484,total,,0.7594160068,2017,2018,2018,23415,False,False,False,False,True,False,False,False,False,False,True,False,True
1520,79,197,1266049.46,total,,0.7658281534,2017,2018,2018,23415,False,False,False,False,True,False,False,False,False,False,True,False,True
1521,79,197,1397522.949,total,,0.7742361416,2017,2018,2018,23415,False,False,False,False,True,False,False,False,False,False,True,False,True
1522,79,197,1544550.056,total,,0.7865876301,2017,2018,2018,23415,False,False,False,False,True,False,False,False,False,False,True,False,True
1523,79,197,1708909.858,total,,0.8011749534,2017,2018,2018,23415,False,False,False,False,True,False,False,False,False,False,True,False,True
1524,79,197,1884464.581,total,,0.8141870373,2017,2018,2018,23415,False,False,False,False,True,False,False,False,False,False,True,False,True
1525,79,197,2079086.955,total,,0.8293622597,2017,2018,2018,23415,False,False,False,False,True,False,False,False,False,False,True,False,True
1526,79,197,2305537.186,total,,0.8447030473,2017,2018,2018,23415,False,False,False,False,True,False,False,False,False,False,True,False,True
1527,79,197,2481320.29,total,,0.8520222794,2017,2018,2018,23415,False,False,False,False,True,False,False,False,False,False,True,False,True
1528,79,197,2809091.353,total,,0.8640361827,2017,2018,2018,23415,False,False,False,False,True,False,False,False,False,False,True,False,True
1529,79,197,3116384.951,total,,0.8679255699,2017,2018,2018,23415,False,False,False,False,True,False,False,False,False,False,True,False,True
1530,79,197,3436247.922,total,,0.868129915,2017,2018,2018,23415,False,False,False,False,True,False,False,False,False,False,True,False,True
1531,79,197,3784785.229,total,,0.864733511,2017,2018,2018,23415,False,False,False,False,True,False,False,False,False,False,True,False,True
1532,79,197,4189305.704,total,,0.8561244442,2017,2018,2018,23415,False,False,False,False,True,False,False,False,False,False,True,False,True
1533,79,197,4630358.235,total,,0.8434997351,2017,2018,2018,23415,False,False,False,False,True,False,False,False,False,False,True,False,True
1534,79,197,5108476.438,total,,0.8291199056,2017,2018,2018,23415,False,False,False,False,True,False,False,False,False,False,True,False,True
1535,79,197,5664915.346,total,,0.8027737253,2017,2018,2018,23415,False,False,False,False,True,False,False,False,False,False,True,False,True
1536,79,197,6267089.429,total,,0.7743952976,2017,2018,2018,23415,False,False,False,False,True,False,False,False,False,False,True,False,True
1537,79,197,6913212.317,total,,0.7554937284,2017,2018,2018,23415,False,False,False,False,True,False,False,False,False,False,True,False,True
1538,79,197,7665122.07,total,,0.7326617601,2017,2018,2018,23415,False,False,False,False,True,False,False,False,False,False,True,False,True
1539,80,196,13796738.75,n2n,,0.2342641244,2017,2018,2020,32781,False,True,False,False,False,False,False,False,False,False,False,True,True
1540,80,196,14800000,n2n,,0.2543063323,2017,2018,2020,32781,False,True,False,False,False,False,False,False,False,False,False,True,True
1541,80,198,13796738.75,n2n,,0.2852196432,2017,2018,2020,32781,False,True,False,False,False,False,False,False,False,False,False,True,True
1542,80,198,14800000,n2n,,0.3008127941,2017,2018,2020,32781,False,True,False,False,False,False,False,False,False,False,False,True,True
1543,83,209,463457.4982,total,,0.8014551637,2017,2023,2024,32911,False,False,False,False,True,False,False,False,False,True,False,False,True
1544,83,209,509878.5037,total,,0.7795784554,2017,2023,2024,32911,False,False,False,False,True,False,False,False,False,True,False,False,True
1545,83,209,567678.6341,total,,0.7632632299,2017,2023,2024,32911,False,False,False,False,True,False,False,False,False,True,False,False,True
1546,83,209,632030.0694,total,,0.7385229169,2017,2023,2024,32911,False,False,False,False,True,False,False,False,False,True,False,False,True
1547,83,209,695329.9735,total,,0.7247263189,2017,2023,2024,32911,False,False,False,False,True,False,False,False,False,True,False,False,True
1548,83,209,764970.1904,total,,0.6921857248,2017,2023,2024,32911,False,False,False,False,True,False,False,False,False,True,False,False,True
1549,83,209,841590.4707,total,,0.6763734852,2017,2023,2024,32911,False,False,False,False,True,False,False,False,False,True,False,False,True
1550,83,209,936992.2869,total,,0.664378687,2017,2023,2024,32911,False,False,False,False,True,False,False,False,False,True,False,False,True
1551,83,209,1043178.642,total,,0.6723518921,2017,2023,2024,32911,False,False,False,False,True,False,False,False,False,False,True,False,True
1552,83,209,1147691.269,total,,0.6622618864,2017,2023,2024,32911,False,False,False,False,True,False,False,False,False,False,True,False,True
1553,83,209,1262649.872,total,,0.6610076909,2017,2023,2024,32911,False,False,False,False,True,False,False,False,False,False,True,False,True
1554,83,209,1389106.006,total,,0.6657451102,2017,2023,2024,32911,False,False,False,False,True,False,False,False,False,False,True,False,True
1555,83,209,1546579.072,total,,0.6791552413,2017,2023,2024,32911,False,False,False,False,True,False,False,False,False,False,True,False,True
1556,83,209,1721887.028,total,,0.7137634664,2017,2023,2024,32911,False,False,False,False,True,False,False,False,False,False,True,False,True
1557,83,209,1894350.241,total,,0.7501225268,2017,2023,2024,32911,False,False,False,False,True,False,False,False,False,False,True,False,True
1558,83,209,2084083.556,total,,0.7610252517,2017,2023,2024,32911,False,False,False,False,True,False,False,False,False,False,True,False,True
1559,83,209,2292808.731,total,,0.7953933349,2017,2023,2024,32911,False,False,False,False,True,False,False,False,False,False,True,False,True
1560,83,209,2522452.325,total,,0.8215790279,2017,2023,2024,32911,False,False,False,False,True,False,False,False,False,False,True,False,True
1561,83,209,2808400.447,total,,0.8564267725,2017,2023,2024,32911,False,False,False,False,True,False,False,False,False,False,True,False,True
1562,83,209,3126762.021,total,,0.8512277635,2017,2023,2024,32911,False,False,False,False,True,False,False,False,False,False,True,False,True
1563,83,209,3439925.698,total,,0.8849227459,2017,2023,2024,32911,False,False,False,False,True,False,False,False,False,False,True,False,True
1564,83,209,3784477.864,total,,0.8852481078,2017,2023,2024,32911,False,False,False,False,True,False,False,False,False,False,True,False,True
1565,83,209,4163493.141,total,,0.8761889637,2017,2023,2024,32911,False,False,False,False,True,False,False,False,False,False,True,False,True
1566,83,209,4635479.554,total,,0.8626321995,2017,2023,2024,32911,False,False,False,False,True,False,False,False,False,False,True,False,True
1567,83,209,5160938.317,total,,0.8314538293,2017,2023,2024,32911,False,False,False,False,True,False,False,False,False,False,True,False,True
1568,83,209,5677853.66,total,,0.8138310862,2017,2023,2024,32911,False,False,False,False,True,False,False,False,False,False,True,False,True
1569,83,209,6246526.338,total,,0.7733292447,2017,2023,2024,32911,False,False,False,False,True,False,False,False,False,False,True,False,True
1570,83,209,6872128.712,total,,0.728637807,2017,2023,2024,32911,False,False,False,False,True,False,False,False,False,False,True,False,True
1571,83,209,7651162.337,total,,0.7165875777,2017,2023,2024,32911,False,False,False,False,True,False,False,False,False,False,True,False,True
1572,83,209,8518518.448,total,,0.6521496054,2017,2023,2024,32911,False,False,False,False,True,False,False,False,False,False,True,False,True
1573,83,209,9371689.579,total,,0.6422913615,2017,2023,2024,32911,False,False,False,False,True,False,False,False,False,False,True,False,True
1574,83,209,10310280.86,total,,0.7033988635,2017,2023,2024,32911,False,False,False,False,True,False,False,False,False,False,False,True,True
1575,83,209,11342713.43,total,,0.6838796885,2017,2023,2024,32911,False,False,False,False,True,False,False,False,False,False,False,True,True
1576,83,209,12628805.4,total,,0.6805893066,2017,2023,2024,32911,False,False,False,False,True,False,False,False,False,False,False,True,True
1577,83,209,14060495.08,total,,0.7434901662,2017,2023,2024,32911,False,False,False,False,True,False,False,False,False,False,False,True,True
1578,83,209,15468500.09,total,,0.6961160184,2017,2023,2024,32911,False,False,False,False,True,False,False,False,False,False,False,True,True
1579,83,209,17017948.05,total,,0.7185639637,2017,2023,2024,32911,False,False,False,False,True,False,False,False,False,False,False,True,True
1580,83,209,18722331.85,total,,0.6743558533,2017,2023,2024,32911,False,False,False,False,True,False,False,False,False,False,False,True,True
1581,83,209,19873000,total,,0.6883308181,2017,2023,2024,32911,False,False,False,False,True,False,False,False,False,False,False,True,True
1582,83,209,1046889.728,total,,0.7832602329,2017,2023,2024,32911,False,False,False,False,True,False,False,False,False,False,True,False,True
1583,83,209,1140820.619,total,,0.7222636274,2017,2023,2024,32911,False,False,False,False,True,False,False,False,False,False,True,False,True
1584,83,209,1258475.963,total,,0.6791779691,2017,2023,2024,32911,False,False,False,False,True,False,False,False,False,False,True,False,True
1585,83,209,1388326.68,total,,0.7752644764,2017,2023,2024,32911,False,False,False,False,True,False,False,False,False,False,True,False,True
1586,83,209,1531548.556,total,,0.7323133275,2017,2023,2024,32911,False,False,False,False,True,False,False,False,False,False,True,False,True
1587,83,209,1689539.021,total,,0.7302572532,2017,2023,2024,32911,False,False,False,False,True,False,False,False,False,False,True,False,True
1588,83,209,1886863.49,total,,0.7689930862,2017,2023,2024,32911,False,False,False,False,True,False,False,False,False,False,True,False,True
1589,83,209,2107181.53,total,,0.7947319638,2017,2023,2024,32911,False,False,False,False,True,False,False,False,False,False,True,False,True
1590,83,209,2324599.593,total,,0.8334499283,2017,2023,2024,32911,False,False,False,False,True,False,False,False,False,False,True,False,True
1591,83,209,2564408.892,total,,0.8875188416,2017,2023,2024,32911,False,False,False,False,True,False,False,False,False,False,True,False,True
1592,83,209,2828984.422,total,,0.8930262223,2017,2023,2024,32911,False,False,False,False,True,False,False,False,False,False,True,False,True
1593,83,209,3120849.365,total,,0.872403954,2017,2023,2024,32911,False,False,False,False,True,False,False,False,False,False,True,False,True
1594,83,209,3442778.239,total,,0.8978606679,2017,2023,2024,32911,False,False,False,False,True,False,False,False,False,False,True,False,True
1595,83,209,3797945.099,total,,0.9200319687,2017,2023,2024,32911,False,False,False,False,True,False,False,False,False,False,True,False,True
1596,83,209,4189772.209,total,,0.8901973862,2017,2023,2024,32911,False,False,False,False,True,False,False,False,False,False,True,False,True
1597,83,209,4621984.473,total,,0.8774289408,2017,2023,2024,32911,False,False,False,False,True,False,False,False,False,False,True,False,True
1598,83,209,5098805.099,total,,0.8559883278,2017,2023,2024,32911,False,False,False,False,True,False,False,False,False,False,True,False,True
1599,83,209,5624831.525,total,,0.8254910299,2017,2023,2024,32911,False,False,False,False,True,False,False,False,False,False,True,False,True
1600,83,209,6205088.485,total,,0.7810728887,2017,2023,2024,32911,False,False,False,False,True,False,False,False,False,False,True,False,True
1601,83,209,6845271.99,total,,0.6892200373,2017,2023,2024,32911,False,False,False,False,True,False,False,False,False,False,True,False,True
1602,83,209,7644712.804,total,,0.6980483227,2017,2023,2024,32911,False,False,False,False,True,False,False,False,False,False,True,False,True
1603,83,209,8537510.187,total,,0.6825060859,2017,2023,2024,32911,False,False,False,False,True,False,False,False,False,False,True,False,True
1604,83,209,9418277.983,total,,0.7311252167,2017,2023,2024,32911,False,False,False,False,True,False,False,False,False,False,True,False,True
1605,83,209,10389830.46,total,,0.7665615526,2017,2023,2024,32911,False,False,False,False,True,False,False,False,False,False,False,True,True
1606,83,209,11461677.23,total,,0.7571302078,2017,2023,2024,32911,False,False,False,False,True,False,False,False,False,False,False,True,True
1607,83,209,12643991.97,total,,0.7142249463,2017,2023,2024,32911,False,False,False,False,True,False,False,False,False,False,False,True,True
1608,83,209,13948489.27,total,,0.7732377469,2017,2023,2024,32911,False,False,False,False,True,False,False,False,False,False,False,True,True
1609,83,209,15387698.25,total,,0.6970767024,2017,2023,2024,32911,False,False,False,False,True,False,False,False,False,False,False,True,True
1610,83,209,16975099.59,total,,0.7089517577,2017,2023,2024,32911,False,False,False,False,True,False,False,False,False,False,False,True,True
1611,83,209,18726439.93,total,,0.7517216432,2017,2023,2024,32911,False,False,False,False,True,False,False,False,False,False,False,True,True
1612,83,209,19911000,total,,0.7492724083,2017,2023,2024,32911,False,False,False,False,True,False,False,False,False,False,False,True,True
1613,83,209,463457.4982,total,,0.8059424042,2017,2023,2024,32911,False,False,False,False,True,False,False,False,False,True,False,False,True
1614,83,209,509878.5037,total,,0.7857745811,2017,2023,2024,32911,False,False,False,False,True,False,False,False,False,True,False,False,True
1615,83,209,567678.6341,total,,0.7755521984,2017,2023,2024,32911,False,False,False,False,True,False,False,False,False,True,False,False,True
1616,83,209,632030.0694,total,,0.7581167238,2017,2023,2024,32911,False,False,False,False,True,False,False,False,False,True,False,False,True
1617,83,209,695329.9735,total,,0.7311252167,2017,2023,2024,32911,False,False,False,False,True,False,False,False,False,True,False,False,True
1618,83,209,764970.1904,total,,0.7076553235,2017,2023,2024,32911,False,False,False,False,True,False,False,False,False,True,False,False,True
1619,83,209,841590.4707,total,,0.6933971467,2017,2023,2024,32911,False,False,False,False,True,False,False,False,False,True,False,False,True
1620,83,209,936992.2869,total,,0.6899833123,2017,2023,2024,32911,False,False,False,False,True,False,False,False,False,True,False,False,True
1621,83,209,1043178.642,total,,0.6911257154,2017,2023,2024,32911,False,False,False,False,True,False,False,False,False,False,True,False,True
1622,83,209,1147691.269,total,,0.6838347212,2017,2023,2024,32911,False,False,False,False,True,False,False,False,False,False,True,False,True
1623,83,209,1262649.872,total,,0.6781995974,2017,2023,2024,32911,False,False,False,False,True,False,False,False,False,False,True,False,True
1624,83,209,1389106.006,total,,0.690151762,2017,2023,2024,32911,False,False,False,False,True,False,False,False,False,False,True,False,True
1625,83,209,1546579.072,total,,0.7106250151,2017,2023,2024,32911,False,False,False,False,True,False,False,False,False,False,True,False,True
1626,83,209,1721887.028,total,,0.736695226,2017,2023,2024,32911,False,False,False,False,True,False,False,False,False,False,True,False,True
1627,83,209,1894350.241,total,,0.7604224834,2017,2023,2024,32911,False,False,False,False,True,False,False,False,False,False,True,False,True
1628,83,209,2084083.556,total,,0.7946100224,2017,2023,2024,32911,False,False,False,False,True,False,False,False,False,False,True,False,True
1629,83,209,2292808.731,total,,0.8207759775,2017,2023,2024,32911,False,False,False,False,True,False,False,False,False,False,True,False,True
1630,83,209,2522452.325,total,,0.8491889985,2017,2023,2024,32911,False,False,False,False,True,False,False,False,False,False,True,False,True
1631,83,209,2808400.447,total,,0.8686091762,2017,2023,2024,32911,False,False,False,False,True,False,False,False,False,False,True,False,True
1632,83,209,3126762.021,total,,0.8804419973,2017,2023,2024,32911,False,False,False,False,True,False,False,False,False,False,True,False,True
1633,83,209,3439925.698,total,,0.8863073804,2017,2023,2024,32911,False,False,False,False,True,False,False,False,False,False,True,False,True
1634,83,209,3784477.864,total,,0.899574296,2017,2023,2024,32911,False,False,False,False,True,False,False,False,False,False,True,False,True
1635,83,209,4163493.141,total,,0.8885866297,2017,2023,2024,32911,False,False,False,False,True,False,False,False,False,False,True,False,True
1636,83,209,4635479.554,total,,0.8720280058,2017,2023,2024,32911,False,False,False,False,True,False,False,False,False,False,True,False,True
1637,83,209,5160938.317,total,,0.8404511336,2017,2023,2024,32911,False,False,False,False,True,False,False,False,False,False,True,False,True
1638,83,209,5677853.66,total,,0.8173174138,2017,2023,2024,32911,False,False,False,False,True,False,False,False,False,False,True,False,True
1639,83,209,6246526.338,total,,0.7854544098,2017,2023,2024,32911,False,False,False,False,True,False,False,False,False,False,True,False,True
1640,83,209,6872128.712,total,,0.7478000909,2017,2023,2024,32911,False,False,False,False,True,False,False,False,False,False,True,False,True
1641,83,209,7651162.337,total,,0.7183355789,2017,2023,2024,32911,False,False,False,False,True,False,False,False,False,False,True,False,True
1642,83,209,8518518.448,total,,0.6883975727,2017,2023,2024,32911,False,False,False,False,True,False,False,False,False,False,True,False,True
1643,83,209,9371689.579,total,,0.6982310754,2017,2023,2024,32911,False,False,False,False,True,False,False,False,False,False,True,False,True
1644,83,209,10310280.86,total,,0.7147278203,2017,2023,2024,32911,False,False,False,False,True,False,False,False,False,False,False,True,True
1645,83,209,11342713.43,total,,0.7084633926,2017,2023,2024,32911,False,False,False,False,True,False,False,False,False,False,False,True,True
1646,83,209,12628805.4,total,,0.7051449932,2017,2023,2024,32911,False,False,False,False,True,False,False,False,False,False,False,True,True
1647,83,209,14060495.08,total,,0.7373516958,2017,2023,2024,32911,False,False,False,False,True,False,False,False,False,False,False,True,True
1648,83,209,15468500.09,total,,0.7279680222,2017,2023,2024,32911,False,False,False,False,True,False,False,False,False,False,False,True,True
1649,83,209,17017948.05,total,,0.7328961248,2017,2023,2024,32911,False,False,False,False,True,False,False,False,False,False,False,True,True
1650,83,209,18722331.85,total,,0.7123760773,2017,2023,2024,32911,False,False,False,False,True,False,False,False,False,False,False,True,True
1651,83,209,19873000,total,,0.7271344238,2017,2023,2024,32911,False,False,False,False,True,False,False,False,False,False,False,True,True
1652,83,209,1046889.728,total,,0.7353327063,2017,2023,2024,32911,False,False,False,False,True,False,False,False,False,False,True,False,True
1653,83,209,1140820.619,total,,0.7277445308,2017,2023,2024,32911,False,False,False,False,True,False,False,False,False,False,True,False,True
1654,83,209,1258475.963,total,,0.71149088,2017,2023,2024,32911,False,False,False,False,True,False,False,False,False,False,True,False,True
1655,83,209,1388326.68,total,,0.7247672456,2017,2023,2024,32911,False,False,False,False,True,False,False,False,False,False,True,False,True
1656,83,209,1531548.556,total,,0.7306409859,2017,2023,2024,32911,False,False,False,False,True,False,False,False,False,False,True,False,True
1657,83,209,1689539.021,total,,0.7428429167,2017,2023,2024,32911,False,False,False,False,True,False,False,False,False,False,True,False,True
1658,83,209,1886863.49,total,,0.7814968746,2017,2023,2024,32911,False,False,False,False,True,False,False,False,False,False,True,False,True
1659,83,209,2107181.53,total,,0.8057386695,2017,2023,2024,32911,False,False,False,False,True,False,False,False,False,False,True,False,True
1660,83,209,2324599.593,total,,0.8437465243,2017,2023,2024,32911,False,False,False,False,True,False,False,False,False,False,True,False,True
1661,83,209,2564408.892,total,,0.8663316526,2017,2023,2024,32911,False,False,False,False,True,False,False,False,False,False,True,False,True
1662,83,209,2828984.422,total,,0.8797121746,2017,2023,2024,32911,False,False,False,False,True,False,False,False,False,False,True,False,True
1663,83,209,3120849.365,total,,0.8852622484,2017,2023,2024,32911,False,False,False,False,True,False,False,False,False,False,True,False,True
1664,83,209,3442778.239,total,,0.9030356968,2017,2023,2024,32911,False,False,False,False,True,False,False,False,False,False,True,False,True
1665,83,209,3797945.099,total,,0.9085922388,2017,2023,2024,32911,False,False,False,False,True,False,False,False,False,False,True,False,True
1666,83,209,4189772.209,total,,0.8976270913,2017,2023,2024,32911,False,False,False,False,True,False,False,False,False,False,True,False,True
1667,83,209,4621984.473,total,,0.8763766294,2017,2023,2024,32911,False,False,False,False,True,False,False,False,False,False,True,False,True
1668,83,209,5098805.099,total,,0.8579954956,2017,2023,2024,32911,False,False,False,False,True,False,False,False,False,False,True,False,True
1669,83,209,5624831.525,total,,0.8323172699,2017,2023,2024,32911,False,False,False,False,True,False,False,False,False,False,True,False,True
1670,83,209,6205088.485,total,,0.7959321296,2017,2023,2024,32911,False,False,False,False,True,False,False,False,False,False,True,False,True
1671,83,209,6845271.99,total,,0.7529506888,2017,2023,2024,32911,False,False,False,False,True,False,False,False,False,False,True,False,True
1672,83,209,7644712.804,total,,0.7294563821,2017,2023,2024,32911,False,False,False,False,True,False,False,False,False,False,True,False,True
1673,83,209,8537510.187,total,,0.7101808538,2017,2023,2024,32911,False,False,False,False,True,False,False,False,False,False,True,False,True
1674,83,209,9418277.983,total,,0.7261156701,2017,2023,2024,32911,False,False,False,False,True,False,False,False,False,False,True,False,True
1675,83,209,10389830.46,total,,0.7432745235,2017,2023,2024,32911,False,False,False,False,True,False,False,False,False,False,False,True,True
1676,83,209,11461677.23,total,,0.719124036,2017,2023,2024,32911,False,False,False,False,True,False,False,False,False,False,False,True,True
1677,83,209,12643991.97,total,,0.7213158806,2017,2023,2024,32911,False,False,False,False,True,False,False,False,False,False,False,True,True
1678,83,209,13948489.27,total,,0.7410333538,2017,2023,2024,32911,False,False,False,False,True,False,False,False,False,False,False,True,True
1679,83,209,15387698.25,total,,0.7196212723,2017,2023,2024,32911,False,False,False,False,True,False,False,False,False,False,False,True,True
1680,83,209,16975099.59,total,,0.726380776,2017,2023,2024,32911,False,False,False,False,True,False,False,False,False,False,False,True,True
1681,83,209,18726439.93,total,,0.738503092,2017,2023,2024,32911,False,False,False,False,True,False,False,False,False,False,False,True,True
1682,83,209,19911000,total,,0.7390974461,2017,2023,2024,32911,False,False,False,False,True,False,False,False,False,False,False,True,True
1683,90,232,2060000,capture,,-1.277695213,2017,2020,2021,32806,True,False,False,False,False,False,False,False,False,False,True,False,True
1684,90,232,3520000,capture,,-2.095284455,2017,2020,2021,32806,True,False,False,False,False,False,False,False,False,False,True,False,True
1685,90,232,4360000,capture,,-2.659555885,2017,2020,2021,32806,True,False,False,False,False,False,False,False,False,False,True,False,True
1686,90,232,10190,capture,,-0.05060999336,2017,2023,2024,32918,True,False,False,False,False,False,False,False,True,False,False,False,False
1687,90,232,11305,capture,,-0.1307682803,2017,2023,2024,32918,True,False,False,False,False,False,False,False,True,False,False,False,False
1688,90,232,12535,capture,,-0.08618614762,2017,2023,2024,32918,True,False,False,False,False,False,False,False,True,False,False,False,False
1689,90,232,13900,capture,,-0.08618614762,2017,2023,2024,32918,True,False,False,False,False,False,False,False,True,False,False,False,False
1690,90,232,15420,capture,,-0.1366771399,2017,2023,2024,32918,True,False,False,False,False,False,False,False,True,False,False,False,False
1691,90,232,17105,capture,,-0.1870866434,2017,2023,2024,32918,True,False,False,False,False,False,False,False,True,False,False,False,False
1692,90,232,18970,capture,,-0.1804560645,2017,2023,2024,32918,True,False,False,False,False,False,False,False,True,False,False,False,False
1693,90,232,21040,capture,,-0.1804560645,2017,2023,2024,32918,True,False,False,False,False,False,False,False,True,False,False,False,False
1694,90,232,23340,capture,,-0.251811973,2017,2023,2024,32918,True,False,False,False,False,False,False,False,True,False,False,False,False
1695,90,232,25890,capture,,-0.2676062402,2017,2023,2024,32918,True,False,False,False,False,False,False,False,True,False,False,False,False
1696,90,232,28715,capture,,-0.2757241304,2017,2023,2024,32918,True,False,False,False,False,False,False,False,True,False,False,False,False
1697,90,232,31850,capture,,-0.251811973,2017,2023,2024,32918,True,False,False,False,False,False,False,False,True,False,False,False,False
1698,90,232,35325,capture,,-0.2839966564,2017,2023,2024,32918,True,False,False,False,False,False,False,False,True,False,False,False,False
1699,90,232,39180,capture,,-0.3279021421,2017,2023,2024,32918,True,False,False,False,False,False,False,False,True,False,False,False,False
1700,90,232,43460,capture,,-0.3372421683,2017,2023,2024,32918,True,False,False,False,False,False,False,False,True,False,False,False,False
1701,90,232,48205,capture,,-0.3767507096,2017,2023,2024,32918,True,False,False,False,False,False,False,False,True,False,False,False,False
1702,90,232,53465,capture,,-0.4202164034,2017,2023,2024,32918,True,False,False,False,False,False,False,False,True,False,False,False,False
1703,90,232,59300,capture,,-0.4559319556,2017,2023,2024,32918,True,False,False,False,False,False,False,False,True,False,False,False,False
1704,90,232,65775,capture,,-0.5228787453,2017,2023,2024,32918,True,False,False,False,False,False,False,False,True,False,False,False,False
1705,90,232,72960,capture,,-0.5528419687,2017,2023,2024,32918,True,False,False,False,False,False,False,False,True,False,False,False,False
1706,90,232,80925,capture,,-0.585026652,2017,2023,2024,32918,True,False,False,False,False,False,False,False,True,False,False,False,False
1707,90,232,89760,capture,,-0.6197887583,2017,2023,2024,32918,True,False,False,False,False,False,False,False,True,False,False,False,False
1708,90,232,99560,capture,,-0.6777807053,2017,2023,2024,32918,True,False,False,False,False,False,False,False,True,False,False,False,False
1709,90,232,110425,capture,,-0.6777807053,2017,2023,2024,32918,True,False,False,False,False,False,False,False,False,True,False,False,True
1710,90,232,122480,capture,,-0.721246399,2017,2023,2024,32918,True,False,False,False,False,False,False,False,False,True,False,False,True
1711,90,232,135855,capture,,-0.721246399,2017,2023,2024,32918,True,False,False,False,False,False,False,False,False,True,False,False,True
1712,90,232,150690,capture,,-0.7447274949,2017,2023,2024,32918,True,False,False,False,False,False,False,False,False,True,False,False,True
1713,90,232,167140,capture,,-0.7695510786,2017,2023,2024,32918,True,False,False,False,False,False,False,False,False,True,False,False,True
1714,90,232,185385,capture,,-0.7958800173,2017,2023,2024,32918,True,False,False,False,False,False,False,False,False,True,False,False,True
1715,90,232,3994,capture,,0.07605759576,2017,2022,2025,32923,True,False,False,False,False,False,False,True,False,False,False,False,False
1716,90,232,4482,capture,,0.09824558429,2017,2022,2025,32923,True,False,False,False,False,False,False,True,False,False,False,False,False
1717,90,232,5028,capture,,0.1157203194,2017,2022,2025,32923,True,False,False,False,False,False,False,True,False,False,False,False,False
1718,90,232,5642,capture,,-0.1567011793,2017,2022,2025,32923,True,False,False,False,False,False,False,True,False,False,False,False,False
1719,90,232,6331,capture,,0.0006596264233,2017,2022,2025,32923,True,False,False,False,False,False,False,True,False,False,False,False,False
1720,90,232,7103,capture,,-0.1669000827,2017,2022,2025,32923,True,False,False,False,False,False,False,True,False,False,False,False,False
1721,90,232,7970,capture,,-0.06218983489,2017,2022,2025,32923,True,False,False,False,False,False,False,True,False,False,False,False,False
1722,90,232,8942,capture,,-0.1202253848,2017,2022,2025,32923,True,False,False,False,False,False,False,True,False,False,False,False,False
1723,90,232,10033,capture,,-0.1370538901,2017,2022,2025,32923,True,False,False,False,False,False,False,False,True,False,False,False,False
1724,90,232,11257,capture,,-0.1370973594,2017,2022,2025,32923,True,False,False,False,False,False,False,False,True,False,False,False,False
1725,90,232,12631,capture,,-0.2623208383,2017,2022,2025,32923,True,False,False,False,False,False,False,False,True,False,False,False,False
1726,90,232,14172,capture,,-0.05560074014,2017,2022,2025,32923,True,False,False,False,False,False,False,False,True,False,False,False,False
1727,90,232,15902,capture,,-0.2682251485,2017,2022,2025,32923,True,False,False,False,False,False,False,False,True,False,False,False,False
1728,90,232,17842,capture,,-0.08348288594,2017,2022,2025,32923,True,False,False,False,False,False,False,False,True,False,False,False,False
1729,90,232,20019,capture,,-0.2053028731,2017,2022,2025,32923,True,False,False,False,False,False,False,False,True,False,False,False,False
1730,90,232,22461,capture,,-0.3086231819,2017,2022,2025,32923,True,False,False,False,False,False,False,False,True,False,False,False,False
1731,90,232,25202,capture,,-0.2259767317,2017,2022,2025,32923,True,False,False,False,False,False,False,False,True,False,False,False,False
1732,90,232,28999,capture,,-0.3629547992,2017,2022,2025,32923,True,False,False,False,False,False,False,False,True,False,False,False,False
1733,90,232,31728,capture,,-0.3413133473,2017,2022,2025,32923,True,False,False,False,False,False,False,False,True,False,False,False,False
1734,90,232,35599,capture,,-0.4107677441,2017,2022,2025,32923,True,False,False,False,False,False,False,False,True,False,False,False,False
1735,90,232,39943,capture,,-0.3650302713,2017,2022,2025,32923,True,False,False,False,False,False,False,False,True,False,False,False,False
1736,90,232,44816,capture,,-0.3906873867,2017,2022,2025,32923,True,False,False,False,False,False,False,False,True,False,False,False,False
1737,90,232,50285,capture,,-0.5144773158,2017,2022,2025,32923,True,False,False,False,False,False,False,False,True,False,False,False,False
1738,90,232,56421,capture,,-0.4624642329,2017,2022,2025,32923,True,False,False,False,False,False,False,False,True,False,False,False,False
1739,90,232,63305,capture,,-0.5212128062,2017,2022,2025,32923,True,False,False,False,False,False,False,False,True,False,False,False,False
1740,90,232,71029,capture,,-0.6739059363,2017,2022,2025,32923,True,False,False,False,False,False,False,False,True,False,False,False,False
1741,90,232,79696,capture,,-0.6909045141,2017,2022,2025,32923,True,False,False,False,False,False,False,False,True,False,False,False,False
1742,90,232,89421,capture,,-0.7289976011,2017,2022,2025,32923,True,False,False,False,False,False,False,False,True,False,False,False,False
1743,90,232,100330,capture,,-0.5926158947,2017,2022,2025,32923,True,False,False,False,False,False,False,False,False,True,False,False,True
1744,90,232,112570,capture,,-0.6807335834,2017,2022,2025,32923,True,False,False,False,False,False,False,False,False,True,False,False,True
1745,90,232,126310,capture,,-0.6411042925,2017,2022,2025,32923,True,False,False,False,False,False,False,False,False,True,False,False,True
1746,90,232,10950000,capture,,-2.747875447,2017,2018,2019,33116,True,False,False,False,False,False,False,False,False,False,False,True,True
1747,90,232,13970000,capture,,-2.91829273,2017,2018,2019,33116,True,False,False,False,False,False,False,False,False,False,False,True,True
1748,90,232,14980000,capture,,-2.913640169,2017,2018,2019,33116,True,False,False,False,False,False,False,False,False,False,False,True,True
1749,90,232,18990000,capture,,-3.276544328,2017,2018,2019,33116,True,False,False,False,False,False,False,False,False,False,False,True,True
1750,90,232,12490000,n2n,,0.3516552542,2017,2024,2025,32933,False,True,False,False,False,False,False,False,False,False,False,True,True
1751,90,232,16380000,n2n,,-0.07591722494,2017,2024,2025,32933,False,True,False,False,False,False,False,False,False,False,False,True,True
1752,90,232,18100000,n2n,,-0.3016558304,2017,2024,2025,32933,False,True,False,False,False,False,False,False,False,False,False,True,True
1753,90,232,8970000,n2n,,0.260071388,2017,2018,2019,33115,False,True,False,False,False,False,False,False,False,False,True,False,True
1754,90,232,16520000,n2n,,-0.2076083105,2017,2018,2019,33115,False,True,False,False,False,False,False,False,False,False,False,True,True
1755,90,232,10490000,n2n,,0.3344537512,2017,2019,2020,33136,False,True,False,False,False,False,False,False,False,False,False,True,True
1756,90,232,14460000,n2n,,0.03342375549,2017,2019,2020,33136,False,True,False,False,False,False,False,False,False,False,False,True,True
1757,90,232,18360000,n2n,,-0.3467874862,2017,2019,2020,33136,False,True,False,False,False,False,False,False,False,False,False,True,True
1758,90,232,15030000,n2n,,0.0170333393,2017,2019,2020,33136,False,True,False,False,False,False,False,False,False,False,False,True,True
1759,90,232,3380931.676,total,,0.9054477658,2017,2024,2024,14825,False,False,False,False,True,False,False,False,False,False,True,False,True
1760,90,232,3736330.285,total,,0.906502046,2017,2024,2024,14825,False,False,False,False,True,False,False,False,False,False,True,False,True
1761,90,232,4129715.729,total,,0.9013138958,2017,2024,2024,14825,False,False,False,False,True,False,False,False,False,False,True,False,True
1762,90,232,4563576.339,total,,0.8939558478,2017,2024,2024,14825,False,False,False,False,True,False,False,False,False,False,True,False,True
1763,90,232,5043426.316,total,,0.8837068492,2017,2024,2024,14825,False,False,False,False,True,False,False,False,False,False,True,False,True
1764,90,232,5574267.216,total,,0.8677001885,2017,2024,2024,14825,False,False,False,False,True,False,False,False,False,False,True,False,True
1765,90,232,6160075.324,total,,0.8486539636,2017,2024,2024,14825,False,False,False,False,True,False,False,False,False,False,True,False,True
1766,90,232,6808365.443,total,,0.8274306645,2017,2024,2024,14825,False,False,False,False,True,False,False,False,False,False,True,False,True
1767,90,232,7524651.819,total,,0.8077953914,2017,2024,2024,14825,False,False,False,False,True,False,False,False,False,False,True,False,True
1768,90,232,8315398.968,total,,0.789355046,2017,2024,2024,14825,False,False,False,False,True,False,False,False,False,False,True,False,True
1769,90,232,9190122.36,total,,0.7750385357,2017,2024,2024,14825,False,False,False,False,True,False,False,False,False,False,True,False,True
1770,90,232,10154873.71,total,,0.7636750219,2017,2024,2024,14825,False,False,False,False,True,False,False,False,False,False,False,True,True
1771,90,232,11226508.81,total,,0.7596942792,2017,2024,2024,14825,False,False,False,False,True,False,False,False,False,False,False,True,True
1772,90,232,12406127.52,total,,0.7595809771,2017,2024,2024,14825,False,False,False,False,True,False,False,False,False,False,False,True,True
1773,90,232,13710660.09,total,,0.7665801372,2017,2024,2024,14825,False,False,False,False,True,False,False,False,False,False,False,True,True
1774,90,232,15155236.72,total,,0.7748088303,2017,2024,2024,14825,False,False,False,False,True,False,False,False,False,False,False,True,True
1775,90,232,16744733.5,total,,0.7831028254,2017,2024,2024,14825,False,False,False,False,True,False,False,False,False,False,False,True,True
1776,90,232,18509159.89,total,,0.7904364721,2017,2024,2024,14825,False,False,False,False,True,False,False,False,False,False,False,True,True
1777,90,232,19950000,total,,0.7962342571,2017,2024,2024,14825,False,False,False,False,True,False,False,False,False,False,False,True,True
1778,92,235,3197256.011,total,,0.8955523729,2017,2024,2024,14825,False,False,False,False,True,False,False,False,False,False,True,False,True
1779,92,235,3443188.928,total,,0.8962188509,2017,2024,2024,14825,False,False,False,False,True,False,False,False,False,False,True,False,True
1780,92,235,3800806.754,total,,0.8977438953,2017,2024,2024,14825,False,False,False,False,True,False,False,False,False,False,True,False,True
1781,92,235,4195648.579,total,,0.8961774845,2017,2024,2024,14825,False,False,False,False,True,False,False,False,False,False,True,False,True
1782,92,235,4631234.391,total,,0.8898365359,2017,2024,2024,14825,False,False,False,False,True,False,False,False,False,False,True,False,True
1783,92,235,5111800.312,total,,0.8778692894,2017,2024,2024,14825,False,False,False,False,True,False,False,False,False,False,True,False,True
1784,92,235,5642348.084,total,,0.8630238079,2017,2024,2024,14825,False,False,False,False,True,False,False,False,False,False,True,False,True
1785,92,235,6228380.123,total,,0.843566004,2017,2024,2024,14825,False,False,False,False,True,False,False,False,False,False,True,False,True
1786,92,235,6874632.714,total,,0.8237219542,2017,2024,2024,14825,False,False,False,False,True,False,False,False,False,False,True,False,True
1787,92,235,7588608.563,total,,0.8054736714,2017,2024,2024,14825,False,False,False,False,True,False,False,False,False,False,True,False,True
1788,92,235,8376063.032,total,,0.7834229466,2017,2024,2024,14825,False,False,False,False,True,False,False,False,False,False,True,False,True
1789,92,235,9245974.85,total,,0.7702074528,2017,2024,2024,14825,False,False,False,False,True,False,False,False,False,False,True,False,True
1790,92,235,10204877.47,total,,0.7603470785,2017,2024,2024,14825,False,False,False,False,True,False,False,False,False,False,False,True,True
1791,92,235,11407130.04,total,,0.7557636011,2017,2024,2024,14825,False,False,False,False,True,False,False,False,False,False,False,True,True
1792,92,235,12745104.86,total,,0.7577963518,2017,2024,2024,14825,False,False,False,False,True,False,False,False,False,False,False,True,True
1793,92,235,14069683.68,total,,0.7600283483,2017,2024,2024,14825,False,False,False,False,True,False,False,False,False,False,False,True,True
1794,92,235,15526596.21,total,,0.7708115247,2017,2024,2024,14825,False,False,False,False,True,False,False,False,False,False,False,True,True
1795,92,235,17140978.38,total,,0.7794395542,2017,2024,2024,14825,False,False,False,False,True,False,False,False,False,False,False,True,True
1796,92,235,18920296.75,total,,0.7850752354,2017,2024,2024,14825,False,False,False,False,True,False,False,False,False,False,False,True,True
1797,92,238,14298601.33,capture,,-2.821742679,2017,2018,2021,32784,True,False,False,False,False,False,False,False,False,False,False,True,True
1798,92,238,14800000,capture,,-2.915066425,2017,2018,2021,32784,True,False,False,False,False,False,False,False,False,False,False,True,True
1799,92,238,2040000,capture,,-1.410385459,2017,2020,2021,32802,True,False,False,False,False,False,False,False,False,False,True,False,True
1800,92,238,3020000,capture,,-1.818156412,2017,2020,2021,32802,True,False,False,False,False,False,False,False,False,False,True,False,True
1801,92,238,4380000,capture,,-2.283162277,2017,2020,2021,32802,True,False,False,False,False,False,False,False,False,False,True,False,True
1802,92,238,3622000,capture,,-1.92226882,2017,2023,2024,32896,True,False,False,False,False,False,False,False,False,False,True,False,True
1803,92,238,4626000,capture,,-2.352910571,2017,2023,2024,32896,True,False,False,False,False,False,False,False,False,False,True,False,True
1804,92,238,6117000,capture,,-2.978397284,2017,2023,2024,32896,True,False,False,False,False,False,False,False,False,False,True,False,True
1805,92,238,3380931.676,total,,0.895988528,2017,2024,2024,14825,False,False,False,False,True,False,False,False,False,False,True,False,True
1806,92,238,3736330.285,total,,0.8965041715,2017,2024,2024,14825,False,False,False,False,True,False,False,False,False,False,True,False,True
1807,92,238,4129715.729,total,,0.8957456603,2017,2024,2024,14825,False,False,False,False,True,False,False,False,False,False,True,False,True
1808,92,238,4563576.339,total,,0.8896685964,2017,2024,2024,14825,False,False,False,False,True,False,False,False,False,False,True,False,True
1809,92,238,5043426.316,total,,0.8798553738,2017,2024,2024,14825,False,False,False,False,True,False,False,False,False,False,True,False,True
1810,92,238,5574267.216,total,,0.8647542653,2017,2024,2024,14825,False,False,False,False,True,False,False,False,False,False,True,False,True
1811,92,238,6160075.324,total,,0.8474338355,2017,2024,2024,14825,False,False,False,False,True,False,False,False,False,False,True,False,True
1812,92,238,6808365.443,total,,0.827456511,2017,2024,2024,14825,False,False,False,False,True,False,False,False,False,False,True,False,True
1813,92,238,7524651.819,total,,0.8089128413,2017,2024,2024,14825,False,False,False,False,True,False,False,False,False,False,True,False,True
1814,92,238,8315398.968,total,,0.7917152046,2017,2024,2024,14825,False,False,False,False,True,False,False,False,False,False,True,False,True
1815,92,238,9190122.36,total,,0.7782815192,2017,2024,2024,14825,False,False,False,False,True,False,False,False,False,False,True,False,True
1816,92,238,10154873.71,total,,0.7666284535,2017,2024,2024,14825,False,False,False,False,True,False,False,False,False,False,False,True,True
1817,92,238,11226508.81,total,,0.7620255061,2017,2024,2024,14825,False,False,False,False,True,False,False,False,False,False,False,True,True
1818,92,238,12406127.52,total,,0.7612134454,2017,2024,2024,14825,False,False,False,False,True,False,False,False,False,False,False,True,True
1819,92,238,13710660.09,total,,0.7662529319,2017,2024,2024,14825,False,False,False,False,True,False,False,False,False,False,False,True,True
1820,92,238,15155236.72,total,,0.7732597081,2017,2024,2024,14825,False,False,False,False,True,False,False,False,False,False,False,True,True
1821,92,238,16744733.5,total,,0.7802632921,2017,2024,2024,14825,False,False,False,False,True,False,False,False,False,False,False,True,True
1822,92,238,18509159.89,total,,0.7871486341,2017,2024,2024,14825,False,False,False,False,True,False,False,False,False,False,False,True,True
1823,92,238,19950000,total,,0.7917327434,2017,2024,2024,14825,False,False,False,False,True,False,False,False,False,False,False,True,True
1824,93,237,1065.3873,capture,,1.111104499,2017,2022,2022,23601,True,False,False,False,False,False,False,True,False,False,False,False,False
1825,93,237,1218.084,capture,,1.060131,2017,2022,2022,23601,True,False,False,False,False,False,False,True,False,False,False,False,False
1826,93,237,1406.1765,capture,,1.05927556,2017,2022,2022,23601,True,False,False,False,False,False,False,True,False,False,False,False,False
1827,93,237,1641.535,capture,,0.9698444036,2017,2022,2022,23601,True,False,False,False,False,False,False,True,False,False,False,False,False
1828,93,237,1904.08,capture,,0.9387448195,2017,2022,2022,23601,True,False,False,False,False,False,False,True,False,False,False,False,False
1829,93,237,2198.1735,capture,,0.9066043717,2017,2022,2022,23601,True,False,False,False,False,False,False,True,False,False,False,False,False
1830,93,237,2566.189,capture,,0.895218059,2017,2022,2022,23601,True,False,False,False,False,False,False,True,False,False,False,False,False
1831,93,237,3035.2015,capture,,0.8480289221,2017,2022,2022,23601,True,False,False,False,False,False,False,True,False,False,False,False,False
1832,93,237,3645.9535,capture,,0.7869004192,2017,2022,2022,23601,True,False,False,False,False,False,False,True,False,False,False,False,False
1833,93,237,4462.078,capture,,0.7301521725,2017,2022,2022,23601,True,False,False,False,False,False,False,True,False,False,False,False,False
1834,93,237,5587.5275,capture,,0.6992131412,2017,2022,2022,23601,True,False,False,False,False,False,False,True,False,False,False,False,False
1835,93,237,7201.782,capture,,0.6261144344,2017,2022,2022,23601,True,False,False,False,False,False,False,True,False,False,False,False,False
1836,93,237,9637.1795,capture,,0.5778937383,2017,2022,2022,23601,True,False,False,False,False,False,False,True,False,False,False,False,False
1837,93,237,13568.19,capture,,0.5162576539,2017,2022,2022,23601,True,False,False,False,False,False,False,False,True,False,False,False,False
1838,93,237,18483.46,capture,,0.4431690758,2017,2022,2022,23601,True,False,False,False,False,False,False,False,True,False,False,False,False
1839,93,237,24743.96,capture,,0.3905818786,2017,2022,2022,23601,True,False,False,False,False,False,False,False,True,False,False,False,False
1840,93,237,34856.615,capture,,0.3442546926,2017,2022,2022,23601,True,False,False,False,False,False,False,False,True,False,False,False,False
1841,93,237,52830.615,capture,,0.2659963705,2017,2022,2022,23601,True,False,False,False,False,False,False,False,True,False,False,False,False
1842,93,237,74437.595,capture,,0.2312656484,2017,2022,2022,23601,True,False,False,False,False,False,False,False,True,False,False,False,False
1843,93,237,99758.45,capture,,0.1317148785,2017,2022,2022,23601,True,False,False,False,False,False,False,False,True,False,False,False,False
1844,93,237,140741,capture,,0.06307052564,2017,2022,2022,23601,True,False,False,False,False,False,False,False,False,True,False,False,True
1845,93,237,213794.15,capture,,-0.06565307326,2017,2022,2022,23601,True,False,False,False,False,False,False,False,False,True,False,False,True
1846,93,237,364803.75,capture,,-0.2621714941,2017,2022,2022,23601,True,False,False,False,False,False,False,False,False,True,False,False,True
1847,93,237,770144.85,capture,,-0.6876110506,2017,2022,2022,23601,True,False,False,False,False,False,False,False,False,True,False,False,True
1848,93,237,1065.3873,capture,,1.108138638,2017,2022,2022,23601,True,False,False,False,False,False,False,True,False,False,False,False,False
1849,93,237,1218.084,capture,,1.057167634,2017,2022,2022,23601,True,False,False,False,False,False,False,True,False,False,False,False,False
1850,93,237,1406.1765,capture,,1.056313961,2017,2022,2022,23601,True,False,False,False,False,False,False,True,False,False,False,False,False
1851,93,237,1641.535,capture,,0.9668782347,2017,2022,2022,23601,True,False,False,False,False,False,False,True,False,False,False,False,False
1852,93,237,1904.08,capture,,0.9362874885,2017,2022,2022,23601,True,False,False,False,False,False,False,True,False,False,False,False,False
1853,93,237,2198.1735,capture,,0.9041527072,2017,2022,2022,23601,True,False,False,False,False,False,False,True,False,False,False,False,False
1854,93,237,2566.189,capture,,0.8927622346,2017,2022,2022,23601,True,False,False,False,False,False,False,True,False,False,False,False,False
1855,93,237,3035.2015,capture,,0.845569304,2017,2022,2022,23601,True,False,False,False,False,False,False,True,False,False,False,False,False
1856,93,237,3645.9535,capture,,0.7844389742,2017,2022,2022,23601,True,False,False,False,False,False,False,True,False,False,False,False,False
1857,93,237,4462.078,capture,,0.7276957538,2017,2022,2022,23601,True,False,False,False,False,False,False,True,False,False,False,False,False
1858,93,237,5587.5275,capture,,0.6967581655,2017,2022,2022,23601,True,False,False,False,False,False,False,True,False,False,False,False,False
1859,93,237,7201.782,capture,,0.6236523767,2017,2022,2022,23601,True,False,False,False,False,False,False,True,False,False,False,False,False
1860,93,237,9637.1795,capture,,0.5754418791,2017,2022,2022,23601,True,False,False,False,False,False,False,True,False,False,False,False,False
1861,93,237,13568.19,capture,,0.513790065,2017,2022,2022,23601,True,False,False,False,False,False,False,False,True,False,False,False,False
1862,93,237,18483.46,capture,,0.4398377609,2017,2022,2022,23601,True,False,False,False,False,False,False,False,True,False,False,False,False
1863,93,237,24743.96,capture,,0.3872474114,2017,2022,2022,23601,True,False,False,False,False,False,False,False,True,False,False,False,False
1864,93,237,34856.615,capture,,0.3409197934,2017,2022,2022,23601,True,False,False,False,False,False,False,False,True,False,False,False,False
1865,93,237,52830.615,capture,,0.2626646247,2017,2022,2022,23601,True,False,False,False,False,False,False,False,True,False,False,False,False
1866,93,237,74437.595,capture,,0.2279380974,2017,2022,2022,23601,True,False,False,False,False,False,False,False,True,False,False,False,False
1867,93,237,99758.46,capture,,0.1283669539,2017,2022,2022,23601,True,False,False,False,False,False,False,False,True,False,False,False,False
1868,93,237,140741,capture,,0.05975269421,2017,2022,2022,23601,True,False,False,False,False,False,False,False,False,True,False,False,True
1869,93,237,213794.15,capture,,-0.06900005804,2017,2022,2022,23601,True,False,False,False,False,False,False,False,False,True,False,False,True
1870,93,237,364803.75,capture,,-0.2655202106,2017,2022,2022,23601,True,False,False,False,False,False,False,False,False,True,False,False,True
1871,93,237,770144.85,capture,,-0.691008971,2017,2022,2022,23601,True,False,False,False,False,False,False,False,False,True,False,False,True
1872,93,237,3197256.011,total,,0.8894501778,2017,2024,2024,14825,False,False,False,False,True,False,False,False,False,False,True,False,True
1873,93,237,3443188.928,total,,0.8934676956,2017,2024,2024,14825,False,False,False,False,True,False,False,False,False,False,True,False,True
1874,93,237,3800806.754,total,,0.8949844392,2017,2024,2024,14825,False,False,False,False,True,False,False,False,False,False,True,False,True
1875,93,237,4195648.579,total,,0.8922713468,2017,2024,2024,14825,False,False,False,False,True,False,False,False,False,False,True,False,True
1876,93,237,4631234.391,total,,0.8853866662,2017,2024,2024,14825,False,False,False,False,True,False,False,False,False,False,True,False,True
1877,93,237,5111800.312,total,,0.8753246555,2017,2024,2024,14825,False,False,False,False,True,False,False,False,False,False,True,False,True
1878,93,237,5642348.084,total,,0.8588739159,2017,2024,2024,14825,False,False,False,False,True,False,False,False,False,False,True,False,True
1879,93,237,6228380.123,total,,0.8419394981,2017,2024,2024,14825,False,False,False,False,True,False,False,False,False,False,True,False,True
1880,93,237,6874632.714,total,,0.8216739847,2017,2024,2024,14825,False,False,False,False,True,False,False,False,False,False,True,False,True
1881,93,237,7588608.563,total,,0.8047934494,2017,2024,2024,14825,False,False,False,False,True,False,False,False,False,False,True,False,True
1882,93,237,8376063.032,total,,0.7869784449,2017,2024,2024,14825,False,False,False,False,True,False,False,False,False,False,True,False,True
1883,93,237,9245974.85,total,,0.7720942294,2017,2024,2024,14825,False,False,False,False,True,False,False,False,False,False,True,False,True
1884,93,237,10204877.47,total,,0.7632201564,2017,2024,2024,14825,False,False,False,False,True,False,False,False,False,False,False,True,True
1885,93,237,11407130.04,total,,0.7563058885,2017,2024,2024,14825,False,False,False,False,True,False,False,False,False,False,False,True,True
1886,93,237,12745104.86,total,,0.7548870465,2017,2024,2024,14825,False,False,False,False,True,False,False,False,False,False,False,True,True
1887,93,237,14069683.68,total,,0.7589705258,2017,2024,2024,14825,False,False,False,False,True,False,False,False,False,False,False,True,True
1888,93,237,15526596.21,total,,0.767391509,2017,2024,2024,14825,False,False,False,False,True,False,False,False,False,False,False,True,True
1889,93,237,17140978.38,total,,0.7772219524,2017,2024,2024,14825,False,False,False,False,True,False,False,False,False,False,False,True,True
1890,93,237,18920296.75,total,,0.7845263594,2017,2024,2024,14825,False,False,False,False,True,False,False,False,False,False,False,True,True
1891,94,239,1060,capture,,0.6106601631,2017,2018,2022,14794,True,False,False,False,False,False,False,True,False,False,False,False,False
1892,94,239,1190,capture,,0.5477747054,2017,2018,2022,14794,True,False,False,False,False,False,False,True,False,False,False,False,False
1893,94,239,1335,capture,,0.532754379,2017,2018,2022,14794,True,False,False,False,False,False,False,True,False,False,False,False,False
1894,94,239,1495,capture,,0.5943925504,2017,2018,2022,14794,True,False,False,False,False,False,False,True,False,False,False,False,False
1895,94,239,1680,capture,,0.6683859167,2017,2018,2022,14794,True,False,False,False,False,False,False,True,False,False,False,False,False
1896,94,239,1890,capture,,0.5965970956,2017,2018,2022,14794,True,False,False,False,False,False,False,True,False,False,False,False,False
1897,94,239,2120,capture,,0.5078558717,2017,2018,2022,14794,True,False,False,False,False,False,False,True,False,False,False,False,False
1898,94,239,2375,capture,,0.4983105538,2017,2018,2022,14794,True,False,False,False,False,False,False,True,False,False,False,False,False
1899,94,239,2665,capture,,0.42975228,2017,2018,2022,14794,True,False,False,False,False,False,False,True,False,False,False,False,False
1900,94,239,2990,capture,,0.4563660331,2017,2018,2022,14794,True,False,False,False,False,False,False,True,False,False,False,False,False
1901,94,239,3355,capture,,0.3424226808,2017,2018,2022,14794,True,False,False,False,False,False,False,True,False,False,False,False,False
1902,94,239,3765,capture,,0.3201462861,2017,2018,2022,14794,True,False,False,False,False,False,False,True,False,False,False,False,False
1903,94,239,4225,capture,,0.3283796034,2017,2018,2022,14794,True,False,False,False,False,False,False,True,False,False,False,False,False
1904,94,239,4740,capture,,0.2624510897,2017,2018,2022,14794,True,False,False,False,False,False,False,True,False,False,False,False,False
1905,94,239,5315,capture,,0.2455126678,2017,2018,2022,14794,True,False,False,False,False,False,False,True,False,False,False,False,False
1906,94,239,5965,capture,,0.2430380487,2017,2018,2022,14794,True,False,False,False,False,False,False,True,False,False,False,False,False
1907,94,239,6695,capture,,0.1931245984,2017,2018,2022,14794,True,False,False,False,False,False,False,True,False,False,False,False,False
1908,94,239,7510,capture,,0.1172712957,2017,2018,2022,14794,True,False,False,False,False,False,False,True,False,False,False,False,False
1909,94,239,8425,capture,,0.07918124605,2017,2018,2022,14794,True,False,False,False,False,False,False,True,False,False,False,False,False
1910,94,239,9455,capture,,0.02530586526,2017,2018,2022,14794,True,False,False,False,False,False,False,True,False,False,False,False,False
1911,94,239,10600,capture,,0,2017,2018,2022,14794,True,False,False,False,False,False,False,False,True,False,False,False,False
1912,94,239,11850,capture,,-0.03151705145,2017,2018,2022,14794,True,False,False,False,False,False,False,False,True,False,False,False,False
1913,94,239,13300,capture,,-0.08618614762,2017,2018,2022,14794,True,False,False,False,False,False,False,False,True,False,False,False,False
1914,94,239,14950,capture,,-0.1135092748,2017,2018,2022,14794,True,False,False,False,False,False,False,False,True,False,False,False,False
1915,94,239,16750,capture,,-0.1307682803,2017,2018,2022,14794,True,False,False,False,False,False,False,False,True,False,False,False,False
1916,94,239,20000,capture,,-0.1804560645,2017,2018,2022,14794,True,False,False,False,False,False,False,False,True,False,False,False,False
1917,94,239,23700,capture,,-0.2291479884,2017,2018,2022,14794,True,False,False,False,False,False,False,False,True,False,False,False,False
1918,94,239,26600,capture,,-0.2924298239,2017,2018,2022,14794,True,False,False,False,False,False,False,False,True,False,False,False,False
1919,94,239,29850,capture,,-0.3010299957,2017,2018,2022,14794,True,False,False,False,False,False,False,False,True,False,False,False,False
1920,94,239,33500,capture,,-0.3187587626,2017,2018,2022,14794,True,False,False,False,False,False,False,False,True,False,False,False,False
1921,94,239,37600,capture,,-0.3767507096,2017,2018,2022,14794,True,False,False,False,False,False,False,False,True,False,False,False,False
1922,94,239,42200,capture,,-0.3979400087,2017,2018,2022,14794,True,False,False,False,False,False,False,False,True,False,False,False,False
1923,94,239,47350,capture,,-0.4436974992,2017,2018,2022,14794,True,False,False,False,False,False,False,False,True,False,False,False,False
1924,94,239,53150,capture,,-0.468521083,2017,2018,2022,14794,True,False,False,False,False,False,False,False,True,False,False,False,False
1925,94,239,59650,capture,,-0.5228787453,2017,2018,2022,14794,True,False,False,False,False,False,False,False,True,False,False,False,False
1926,94,239,66900,capture,,-0.5376020021,2017,2018,2022,14794,True,False,False,False,False,False,False,False,True,False,False,False,False
1927,94,239,75050,capture,,-0.5528419687,2017,2018,2022,14794,True,False,False,False,False,False,False,False,True,False,False,False,False
1928,94,239,84250,capture,,-0.5528419687,2017,2018,2022,14794,True,False,False,False,False,False,False,False,True,False,False,False,False
1929,94,239,106000,capture,,-0.6197887583,2017,2018,2022,14794,True,False,False,False,False,False,False,False,False,True,False,False,True
1930,94,239,118500,capture,,-0.638272164,2017,2018,2022,14794,True,False,False,False,False,False,False,False,False,True,False,False,True
1931,94,239,133000,capture,,-0.6575773192,2017,2018,2022,14794,True,False,False,False,False,False,False,False,False,True,False,False,True
1932,94,239,149500,capture,,-0.6777807053,2017,2018,2022,14794,True,False,False,False,False,False,False,False,False,True,False,False,True
1933,94,239,167500,capture,,-0.6861327796,2017,2018,2022,14794,True,False,False,False,False,False,False,False,False,True,False,False,True
1934,94,239,188000,capture,,-0.6968039426,2017,2018,2022,14794,True,False,False,False,False,False,False,False,False,True,False,False,True
1935,94,239,211000,capture,,-0.7235381958,2017,2018,2022,14794,True,False,False,False,False,False,False,False,False,True,False,False,True
1936,94,239,237000,capture,,-0.7594507517,2017,2018,2022,14794,True,False,False,False,False,False,False,False,False,True,False,False,True
1937,94,239,266000,capture,,-0.7986028757,2017,2018,2022,14794,True,False,False,False,False,False,False,False,False,True,False,False,True
1938,94,239,298500,capture,,-0.8068754016,2017,2018,2022,14794,True,False,False,False,False,False,False,False,False,True,False,False,True
1939,94,239,335000,capture,,-0.876148359,2017,2018,2022,14794,True,False,False,False,False,False,False,False,False,True,False,False,True
1940,94,239,376000,capture,,-0.8827287043,2017,2018,2022,14794,True,False,False,False,False,False,False,False,False,True,False,False,True
1941,94,239,422000,capture,,-0.8996294549,2017,2018,2022,14794,True,False,False,False,False,False,False,False,False,True,False,False,True
1942,94,239,473500,capture,,-0.9469215565,2017,2018,2022,14794,True,False,False,False,False,False,False,False,False,True,False,False,True
1943,94,239,531500,capture,,-1.004364805,2017,2018,2022,14794,True,False,False,False,False,False,False,False,False,True,False,False,True
1944,94,239,596000,capture,,-1.026872146,2017,2018,2022,14794,True,False,False,False,False,False,False,False,False,True,False,False,True
1945,94,239,668500,capture,,-1.107905397,2017,2018,2022,14794,True,False,False,False,False,False,False,False,False,True,False,False,True
1946,94,239,750500,capture,,-1.091514981,2017,2018,2022,14794,True,False,False,False,False,False,False,False,False,True,False,False,True
1947,94,239,842500,capture,,-1.27572413,2017,2018,2022,14794,True,False,False,False,False,False,False,False,False,True,False,False,True
1948,94,239,945500,capture,,-1.283996656,2017,2018,2022,14794,True,False,False,False,False,False,False,False,False,True,False,False,True
1949,94,239,1061000,capture,,-1.37675071,2017,2018,2022,14794,True,False,False,False,False,False,False,False,False,False,True,False,True
1950,94,239,1190000,capture,,-1.537602002,2017,2018,2022,14794,True,False,False,False,False,False,False,False,False,False,True,False,True
1951,94,239,1335000,capture,,-1.552841969,2017,2018,2022,14794,True,False,False,False,False,False,False,False,False,False,True,False,True
1952,94,239,7100000,n2n,,-0.8477116556,2017,2021,2022,23777,False,True,False,False,False,False,False,False,False,False,True,False,True
1953,94,239,7720000,n2n,,-0.6834006979,2017,2021,2022,23777,False,True,False,False,False,False,False,False,False,False,True,False,True
1954,94,239,9340000,n2n,,-0.57024772,2017,2021,2022,23777,False,True,False,False,False,False,False,False,False,False,True,False,True
1955,94,239,3433928.556,total,,0.8946907385,2017,2024,2024,14825,False,False,False,False,True,False,False,False,False,False,True,False,True
1956,94,239,3879349.172,total,,0.894792196,2017,2024,2024,14825,False,False,False,False,True,False,False,False,False,False,True,False,True
1957,94,239,4277223.632,total,,0.8927149778,2017,2024,2024,14825,False,False,False,False,True,False,False,False,False,False,True,False,True
1958,94,239,4715597.947,total,,0.8867698248,2017,2024,2024,14825,False,False,False,False,True,False,False,False,False,False,True,False,True
1959,94,239,5198961.242,total,,0.8748817179,2017,2024,2024,14825,False,False,False,False,True,False,False,False,False,False,True,False,True
1960,94,239,5731802.683,total,,0.8602361601,2017,2024,2024,14825,False,False,False,False,True,False,False,False,False,False,True,False,True
1961,94,239,6319123.753,total,,0.8420504125,2017,2024,2024,14825,False,False,False,False,True,False,False,False,False,False,True,False,True
1962,94,239,6966926.223,total,,0.8228673581,2017,2024,2024,14825,False,False,False,False,True,False,False,False,False,False,True,False,True
1963,94,239,7681211.884,total,,0.8060374477,2017,2024,2024,14825,False,False,False,False,True,False,False,False,False,False,True,False,True
1964,94,239,8468470.464,total,,0.7901056373,2017,2024,2024,14825,False,False,False,False,True,False,False,False,False,False,True,False,True
1965,94,239,9336216.418,total,,0.7756504901,2017,2024,2024,14825,False,False,False,False,True,False,False,False,False,False,True,False,True
1966,94,239,10296965.57,total,,0.7659292022,2017,2024,2024,14825,False,False,False,False,True,False,False,False,False,False,False,True,True
1967,94,239,11346545.73,total,,0.7612924624,2017,2024,2024,14825,False,False,False,False,True,False,False,False,False,False,False,True,True
1968,94,239,12511282.91,total,,0.7567501811,2017,2024,2024,14825,False,False,False,False,True,False,False,False,False,False,False,True,True
1969,94,239,13790931.8,total,,0.7621043756,2017,2024,2024,14825,False,False,False,False,True,False,False,False,False,False,False,True,True
1970,94,239,15205499.01,total,,0.7718042066,2017,2024,2024,14825,False,False,False,False,True,False,False,False,False,False,False,True,True
1971,94,239,16764987.32,total,,0.7792464618,2017,2024,2024,14825,False,False,False,False,True,False,False,False,False,False,False,True,True
1972,94,239,18484523.26,total,,0.7833496436,2017,2024,2024,14825,False,False,False,False,True,False,False,False,False,False,False,True,True
1973,94,239,19890000,total,,0.7895807122,2017,2024,2024,14825,False,False,False,False,True,False,False,False,False,False,False,True,True
1974,95,241,1053.840377,capture,,1.091806835,2017,2018,2018,23369,True,False,False,False,False,False,False,True,False,False,False,False,False
1975,95,241,1155.51123,capture,,1.084169674,2017,2018,2018,23369,True,False,False,False,False,False,False,True,False,False,False,False,False
1976,95,241,1276.752538,capture,,1.046777523,2017,2018,2018,23369,True,False,False,False,False,False,False,True,False,False,False,False,False
1977,95,241,1410.721033,capture,,0.9852332367,2017,2018,2018,23369,True,False,False,False,False,False,False,True,False,False,False,False,False
1978,95,241,1558.738879,capture,,0.957060946,2017,2018,2018,23369,True,False,False,False,False,False,False,True,False,False,False,False,False
1979,95,241,1722.289781,capture,,0.9108887781,2017,2018,2018,23369,True,False,False,False,False,False,False,True,False,False,False,False,False
1980,95,241,1903.00236,capture,,0.9157776525,2017,2018,2018,23369,True,False,False,False,False,False,False,True,False,False,False,False,False
1981,95,241,2102.678174,capture,,0.9118666437,2017,2018,2018,23369,True,False,False,False,False,False,False,True,False,False,False,False,False
1982,95,241,2323.302115,capture,,0.8861396831,2017,2018,2018,23369,True,False,False,False,False,False,False,True,False,False,False,False,False
1983,95,241,2567.076965,capture,,0.8432456551,2017,2018,2018,23369,True,False,False,False,False,False,False,True,False,False,False,False,False
1984,95,241,2836.428795,capture,,0.8227005298,2017,2018,2018,23369,True,False,False,False,False,False,False,True,False,False,False,False,False
1985,95,241,3134.043747,capture,,0.8303890098,2017,2018,2018,23369,True,False,False,False,False,False,False,True,False,False,False,False,False
1986,95,241,3462.882121,capture,,0.7588982732,2017,2018,2018,23369,True,False,False,False,False,False,False,True,False,False,False,False,False
1987,95,241,3826.225024,capture,,0.7311179572,2017,2018,2018,23369,True,False,False,False,False,False,False,True,False,False,False,False,False
1988,95,241,4227.694529,capture,,0.7088861485,2017,2018,2018,23369,True,False,False,False,False,False,False,True,False,False,False,False,False
1989,95,241,4671.286271,capture,,0.6877384778,2017,2018,2018,23369,True,False,False,False,False,False,False,True,False,False,False,False,False
1990,95,241,5161.422941,capture,,0.6536613285,2017,2018,2018,23369,True,False,False,False,False,False,False,True,False,False,False,False,False
1991,95,241,5702.984259,capture,,0.6275413144,2017,2018,2018,23369,True,False,False,False,False,False,False,True,False,False,False,False,False
1992,95,241,6301.369935,capture,,0.6213297272,2017,2018,2018,23369,True,False,False,False,False,False,False,True,False,False,False,False,False
1993,95,241,6962.54387,capture,,0.6014169406,2017,2018,2018,23369,True,False,False,False,False,False,False,True,False,False,False,False,False
1994,95,241,7693.086124,capture,,0.5971548019,2017,2018,2018,23369,True,False,False,False,False,False,False,True,False,False,False,False,False
1995,95,241,8500.282873,capture,,0.5530162016,2017,2018,2018,23369,True,False,False,False,False,False,False,True,False,False,False,False,False
1996,95,241,9392.175281,capture,,0.5668925095,2017,2018,2018,23369,True,False,False,False,False,False,False,True,False,False,False,False,False
1997,95,241,23500,capture,,0.434568904,2017,2023,2023,23606,True,False,False,False,False,False,False,False,True,False,False,False,False
1998,95,241,51500,capture,,0.3304137733,2017,2023,2023,23606,True,False,False,False,False,False,False,False,True,False,False,False,False
1999,95,241,127700,capture,,0.1205739312,2017,2023,2023,23606,True,False,False,False,False,False,False,False,False,True,False,False,True
2000,95,241,1041.128371,capture,,1.146748014,2017,2024,2025,23620,True,False,False,False,False,False,False,True,False,False,False,False,False
2001,95,241,1148.579498,capture,,1.09852836,2017,2024,2025,23620,True,False,False,False,False,False,False,True,False,False,False,False,False
2002,95,241,1273.571169,capture,,1.089551883,2017,2024,2025,23620,True,False,False,False,False,False,False,True,False,False,False,False,False
2003,95,241,1420.140065,capture,,1.044931546,2017,2024,2025,23620,True,False,False,False,False,False,False,True,False,False,False,False,False
2004,95,241,1562.269623,capture,,1.036029731,2017,2024,2025,23620,True,False,False,False,False,False,False,True,False,False,False,False,False
2005,95,241,1727.443179,capture,,0.9879640328,2017,2024,2025,23620,True,False,False,False,False,False,False,True,False,False,False,False,False
2006,95,241,1919.561574,capture,,1.01911629,2017,2024,2025,23620,True,False,False,False,False,False,False,True,False,False,False,False,False
2007,95,241,2097.647087,capture,,0.9997827985,2017,2024,2025,23620,True,False,False,False,False,False,False,True,False,False,False,False,False
2008,95,241,2301.726714,capture,,0.98788961,2017,2024,2025,23620,True,False,False,False,False,False,False,True,False,False,False,False,False
2009,95,241,2474.619,capture,,0.903089987,2017,2024,2025,23620,True,False,False,False,False,False,False,True,False,False,False,False,False
2010,95,241,2810.578045,capture,,0.8779469516,2017,2024,2025,23620,True,False,False,False,False,False,False,True,False,False,False,False,False
2011,95,241,3130.78131,capture,,0.8512583487,2017,2024,2025,23620,True,False,False,False,False,False,False,True,False,False,False,False,False
2012,95,241,3509.030763,capture,,0.656098202,2017,2024,2025,23620,True,False,False,False,False,False,False,True,False,False,False,False,False
2013,95,241,3838.7155,capture,,0.806179974,2017,2024,2025,23620,True,False,False,False,False,False,False,True,False,False,False,False,False
2014,95,241,4219.267447,capture,,0.7948364578,2017,2024,2025,23620,True,False,False,False,False,False,False,True,False,False,False,False,False
2015,95,241,4656.853,capture,,0.7015679851,2017,2024,2025,23620,True,False,False,False,False,False,False,True,False,False,False,False,False
2016,95,241,5169.404838,capture,,0.7976137302,2017,2024,2025,23620,True,False,False,False,False,False,False,True,False,False,False,False,False
2017,95,241,5767.687,capture,,0.6674529529,2017,2024,2025,23620,True,False,False,False,False,False,False,True,False,False,False,False,False
2018,95,241,6227.672,capture,,0.6848453616,2017,2024,2025,23620,True,False,False,False,False,False,False,True,False,False,False,False,False
2019,95,241,7031.290772,capture,,0.6910814921,2017,2024,2025,23620,True,False,False,False,False,False,False,True,False,False,False,False,False
2020,95,241,7993.945,capture,,0.5965970956,2017,2024,2025,23620,True,False,False,False,False,False,False,True,False,False,False,False,False
2021,95,241,8752.878,capture,,0.6646419756,2017,2024,2025,23620,True,False,False,False,False,False,False,True,False,False,False,False,False
2022,95,241,9625.43,capture,,0.622214023,2017,2024,2025,23620,True,False,False,False,False,False,False,True,False,False,False,False,False
2023,95,241,10635.5005,capture,,0.6937269489,2017,2024,2025,23620,True,False,False,False,False,False,False,False,True,False,False,False,False
2024,95,241,11813.645,capture,,0.4727564493,2017,2024,2025,23620,True,False,False,False,False,False,False,False,True,False,False,False,False
2025,95,241,13199.425,capture,,0.480006943,2017,2024,2025,23620,True,False,False,False,False,False,False,False,True,False,False,False,False
2026,95,241,14844.76,capture,,0.4048337166,2017,2024,2025,23620,True,False,False,False,False,False,False,False,True,False,False,False,False
2027,95,241,16818.965,capture,,0.4727564493,2017,2024,2025,23620,True,False,False,False,False,False,False,False,True,False,False,False,False
2028,95,241,19216.19,capture,,0.4517864355,2017,2024,2025,23620,True,False,False,False,False,False,False,False,True,False,False,False,False
2029,95,241,22166.975,capture,,0.4048337166,2017,2024,2025,23620,True,False,False,False,False,False,False,False,True,False,False,False,False
2030,95,241,25856.625,capture,,0.3138672204,2017,2024,2025,23620,True,False,False,False,False,False,False,False,True,False,False,False,False
2031,95,241,30555.405,capture,,0.3463529745,2017,2024,2025,23620,True,False,False,False,False,False,False,False,True,False,False,False,False
2032,95,241,36670.245,capture,,0.4248816366,2017,2024,2025,23620,True,False,False,False,False,False,False,False,True,False,False,False,False
2033,95,241,44837.485,capture,,0.3304137733,2017,2024,2025,23620,True,False,False,False,False,False,False,False,True,False,False,False,False
2034,95,241,56099.02,capture,,0.3384564936,2017,2024,2025,23620,True,False,False,False,False,False,False,False,True,False,False,False,False
2035,95,241,72260.66,capture,,0.2479732664,2017,2024,2025,23620,True,False,False,False,False,False,False,False,True,False,False,False,False
2036,95,241,96688.115,capture,,0.05307844348,2017,2024,2025,23620,True,False,False,False,False,False,False,False,True,False,False,False,False
2037,95,241,136288.415,capture,,0.1430148003,2017,2024,2025,23620,True,False,False,False,False,False,False,False,False,True,False,False,True
2038,95,241,207277.8,capture,,0.1367205672,2017,2024,2025,23620,True,False,False,False,False,False,False,False,False,True,False,False,True
2039,95,241,356323.6,capture,,-0.1307682803,2017,2024,2025,23620,True,False,False,False,False,False,False,False,False,True,False,False,True
2040,95,241,774386.6,capture,,-0.4948500217,2017,2024,2025,23620,True,False,False,False,False,False,False,False,False,True,False,False,True
2041,95,241,14800000,n2n,,-0.57024772,2017,2019,2025,32859,False,True,False,False,False,False,False,False,False,False,False,True,True
2042,95,243,23400,capture,,0.4014005408,2017,2021,2022,23748,True,False,False,False,False,False,False,False,True,False,False,False,False
