Z,A,beta2_frdm12,r42_core
20,30,0.0,
20,31,0.0,
20,32,0.0,
20,33,0.033,
20,34,0.0,
20,35,0.0,
20,36,0.0,
20,37,-0.021,2.6279
20,38,0.0,2.6279
20,39,0.011,1.9899
20,40,0.0,1.352
20,41,-0.021,1.5786
20,42,0.0,1.8052
20,43,0.011,1.8892
20,44,0.0,1.9733
20,45,-0.011,1.9431
20,46,0.0,1.9129
20,47,0.032,1.5441
20,48,0.0,1.1753
20,49,0.0,2.7864
20,50,0.0,4.3975
20,51,0.0,4.3975
20,52,0.0,
20,53,0.064,
20,54,-0.011,
20,55,-0.073,
20,56,-0.073,
20,57,-0.073,
20,58,0.001,
20,59,0.001,
20,60,0.002,
20,61,-0.018,
20,62,0.0,
20,63,0.011,
20,64,0.0,
20,65,0.0,
20,66,0.0,
20,67,0.021,
20,68,0.0,
20,69,0.021,
20,70,0.0,
20,71,-0.021,
20,72,0.0,
20,73,0.0,
20,74,0.0,
20,75,0.011,
20,76,0.0,
20,77,0.001,
20,78,0.001,
20,79,0.012,
20,80,0.002,
20,81,0.044,
20,82,0.054,
20,83,0.054,
20,84,0.054,
20,85,0.054,
20,86,0.043,
20,87,0.0,
20,88,0.0,
20,89,-0.021,
20,90,0.0,
20,91,-0.021,
20,92,0.0,
21,32,0.44,
21,33,0.122,
21,34,0.121,
21,35,0.088,
21,36,0.086,
21,37,0.086,
21,38,-0.063,2.6279
21,39,-0.063,2.6279
21,40,-0.042,1.9005
21,41,-0.021,1.5369
21,42,-0.063,1.7863
21,43,-0.042,2.0357
21,44,0.053,2.0762
21,45,0.043,2.1167
21,46,-0.052,2.1201
21,47,-0.021,2.1235
21,48,0.064,1.7859
21,49,-0.032,1.4484
21,50,-0.042,2.3755
21,51,-0.042,3.3026
21,52,-0.042,2.7583
21,53,0.064,1.6698
21,54,0.107,1.849
21,55,-0.104,2.0282
21,56,-0.104,1.9874
21,57,-0.105,1.9465
21,58,-0.105,1.9827
21,59,-0.073,2.0188
21,60,-0.04,2.0188
21,61,-0.018,
21,62,-0.038,
21,63,-0.021,
21,64,0.053,
21,65,0.129,
21,66,0.128,
21,67,0.128,
21,68,0.128,
21,69,-0.042,
21,70,0.053,
21,71,-0.032,
21,72,-0.073,
21,73,-0.032,
21,74,-0.042,
21,75,-0.042,
21,76,-0.042,
21,77,-0.032,
21,78,-0.031,
21,79,0.024,
21,80,0.063,
21,81,0.063,
21,82,-0.063,
21,83,-0.062,
21,84,-0.062,
21,85,-0.063,
21,86,-0.063,
21,87,-0.062,
21,88,-0.062,
21,89,0.021,
21,90,-0.042,
21,91,-0.01,
21,92,-0.032,
21,93,-0.021,
21,94,0.043,
21,95,0.09,
22,34,0.261,
22,35,0.206,
22,36,0.106,
22,37,0.117,
22,38,0.118,
22,39,0.107,
22,40,-0.031,
22,41,-0.031,1.7217
22,42,0.001,1.7217
22,43,-0.042,1.9939
22,44,0.0,2.2661
22,45,0.043,2.2631
22,46,0.021,2.2601
22,47,0.053,2.2971
22,48,0.011,2.3341
22,49,0.053,2.0278
22,50,0.0,1.7215
22,51,0.021,1.9646
22,52,0.0,2.2077
22,53,0.011,1.9387
22,54,-0.011,1.6698
22,55,0.107,1.849
22,56,0.129,2.0282
22,57,0.129,1.9874
22,58,-0.105,1.9465
22,59,-0.105,1.9827
22,60,-0.011,2.0188
22,61,0.0,2.0188
22,62,0.0,
22,63,-0.021,
22,64,0.0,
22,65,0.021,
22,66,0.011,
22,67,0.129,
22,68,0.128,
22,69,0.128,
22,70,0.0,
22,71,0.043,
22,72,0.0,
22,73,-0.031,
22,74,0.0,
22,75,0.0,
22,76,0.0,
22,77,0.021,
22,78,0.0,
22,79,0.001,
22,80,0.001,
22,81,0.042,
22,82,0.053,
22,83,0.053,
22,84,0.053,
22,85,0.075,
22,86,0.054,
22,87,0.054,
22,88,0.053,
22,89,0.0,
22,90,0.0,
22,91,-0.021,
22,92,0.0,
22,93,-0.021,
22,94,0.0,
22,95,-0.021,
22,96,0.0,
22,97,0.12,
22,98,0.118,
23,36,0.259,
23,37,0.201,
23,38,0.197,
23,39,0.218,
23,40,0.184,
23,41,0.118,
23,42,0.054,1.7217
23,43,0.011,1.7217
23,44,0.075,2.0717
23,45,0.032,2.2467
23,46,0.195,2.3061
23,47,0.205,2.3654
23,48,0.205,2.3667
23,49,0.161,2.368
23,50,0.107,2.0275
23,51,0.021,1.687
23,52,0.053,1.9416
23,53,0.117,2.1962
23,54,0.117,2.1816
23,55,0.172,2.1669
23,56,0.173,2.1408
23,57,0.173,2.1147
23,58,0.14,2.1111
23,59,0.14,2.1075
23,60,-0.135,2.2171
23,61,-0.104,2.3267
23,62,0.011,2.4361
23,63,0.011,2.655
23,64,-0.032,2.7122
23,65,0.011,2.7694
23,66,0.129,2.7694
23,67,0.162,
23,68,0.172,
23,69,0.172,
23,70,0.128,
23,71,0.129,
23,72,0.053,
23,73,0.011,
23,74,0.032,
23,75,-0.01,
23,76,-0.01,
23,77,-0.01,
23,78,-0.021,
23,79,-0.01,
23,80,0.021,
23,81,0.183,
23,82,0.295,
23,83,0.295,
23,84,0.306,
23,85,0.305,
23,86,0.294,
23,87,0.294,
23,88,0.295,
23,89,0.295,
23,90,0.307,
23,91,0.011,
23,92,0.011,
23,93,0.0,
23,94,-0.032,
23,95,0.011,
23,96,0.032,
23,97,0.12,
23,98,0.118,
23,99,0.118,
23,100,0.117,
23,101,0.118,
24,38,0.259,
24,39,0.249,
24,40,0.251,
24,41,0.195,
24,42,0.118,
24,43,0.086,
24,44,0.001,
24,45,0.098,2.2273
24,46,0.161,2.2273
24,47,0.215,2.349
24,48,0.226,2.4708
24,49,0.227,2.4363
24,50,0.194,2.4019
24,51,0.118,2.0271
24,52,0.0,1.6524
24,53,0.053,1.9185
24,54,0.161,2.1847
24,55,0.172,2.4244
24,56,0.183,2.6641
24,57,0.184,2.4326
24,58,0.185,2.2012
24,59,0.174,2.2349
24,60,0.173,2.2685
24,61,-0.135,2.4515
24,62,-0.104,2.6345
24,63,0.0,2.6448
24,64,0.0,2.655
24,65,-0.032,2.7122
24,66,0.0,2.7694
24,67,0.162,2.7694
24,68,0.172,
24,69,0.172,
24,70,0.172,
24,71,0.172,
24,72,0.129,
24,73,0.053,
24,74,0.0,
24,75,0.032,
24,76,0.0,
24,77,0.011,
24,78,-0.011,
24,79,0.172,
24,80,0.183,
24,81,0.184,
24,82,0.184,
24,83,0.294,
24,84,0.294,
24,85,0.305,
24,86,0.316,
24,87,0.306,
24,88,0.306,
24,89,0.305,
24,90,0.306,
24,91,0.306,
24,92,0.318,
24,93,0.296,
24,94,0.0,
24,95,-0.032,
24,96,0.0,
24,97,0.032,
24,98,0.053,
24,99,0.053,
24,100,0.117,
24,101,0.117,
24,102,0.118,
24,103,0.096,
25,40,0.251,
25,41,0.266,
25,42,0.229,
25,43,0.173,
25,44,0.108,
25,45,0.011,
25,46,0.118,2.2758
25,47,0.118,2.2758
25,48,0.216,2.3608
25,49,0.216,2.4457
25,50,0.228,2.5251
25,51,0.194,2.6045
25,52,0.15,2.1659
25,53,-0.021,1.7274
25,54,0.118,2.0255
25,55,0.172,2.3236
25,56,0.183,2.4681
25,57,0.195,2.6126
25,58,0.196,2.4983
25,59,0.196,2.384
25,60,0.174,2.3793
25,61,0.174,2.3747
25,62,-0.135,2.4365
25,63,-0.104,2.4984
25,64,-0.032,2.5253
25,65,0.0,2.5523
25,66,-0.032,2.6337
25,67,-0.011,2.7152
25,68,0.129,2.7448
25,69,0.172,2.8042
25,70,0.172,2.8042
25,71,0.172,
25,72,0.172,
25,73,0.129,
25,74,0.064,
25,75,0.0,
25,76,0.043,
25,77,-0.011,
25,78,-0.011,
25,79,-0.021,
25,80,0.172,
25,81,0.184,
25,82,0.195,
25,83,0.206,
25,84,0.294,
25,85,0.305,
25,86,0.316,
25,87,0.328,
25,88,0.328,
25,89,0.329,
25,90,0.329,
25,91,0.33,
25,92,0.319,
25,93,0.331,
25,94,0.308,
25,95,0.309,
25,96,0.309,
25,97,0.032,
25,98,-0.032,
25,99,0.053,
25,100,0.053,
25,101,-0.042,
25,102,0.117,
25,103,0.118,
25,104,0.096,
25,105,0.0,
26,42,0.289,
26,43,0.219,
26,44,-0.154,
26,45,0.086,
26,46,0.001,
26,47,0.065,2.3244
26,48,0.011,2.3244
26,49,0.14,2.3725
26,50,0.194,2.4206
26,51,0.195,2.6139
26,52,0.118,2.8072
26,53,0.107,2.3048
26,54,0.0,1.8024
26,55,0.021,2.1324
26,56,0.117,2.4624
26,57,0.162,2.5118
26,58,0.173,2.5612
26,59,0.185,2.564
26,60,0.185,2.5668
26,61,0.163,2.5238
26,62,0.152,2.4808
26,63,-0.125,2.4216
26,64,-0.084,2.3623
26,65,0.0,2.4059
26,66,0.0,2.4495
26,67,-0.032,2.5552
26,68,0.0,2.6609
26,69,0.032,2.7325
26,70,0.128,2.8042
26,71,0.128,2.8042
26,72,0.129,
26,73,0.129,
26,74,0.129,
26,75,0.053,
26,76,-0.011,
26,77,0.042,
26,78,-0.011,
26,79,0.011,
26,80,-0.011,
26,81,0.172,
26,82,0.184,
26,83,0.184,
26,84,0.196,
26,85,0.294,
26,86,0.316,
26,87,0.327,
26,88,0.328,
26,89,0.34,
26,90,0.328,
26,91,0.33,
26,92,0.33,
26,93,0.331,
26,94,0.331,
26,95,0.332,
26,96,0.333,
26,97,0.333,
26,98,0.0,
26,99,0.021,
26,100,0.053,
26,101,0.053,
26,102,0.117,
26,103,0.117,
26,104,0.053,
26,105,0.053,
26,106,0.0,
26,107,0.011,
27,44,-0.237,
27,45,-0.206,
27,46,0.086,
27,47,0.043,
27,48,0.064,2.3244
27,49,0.064,2.3244
27,50,0.064,2.1507
27,51,0.075,2.0639
27,52,0.118,2.2041
27,53,0.075,2.3444
27,54,0.053,1.986
27,55,0.043,1.6276
27,56,0.075,1.8522
27,57,0.107,2.0767
27,58,0.096,2.1488
27,59,0.118,2.2208
27,60,0.151,2.2501
27,61,0.152,2.2794
27,62,0.13,2.2448
27,63,0.108,2.2101
27,64,-0.105,2.2546
27,65,0.053,2.299
27,66,0.032,2.1489
27,67,0.021,1.9989
27,68,0.032,2.1072
27,69,0.032,2.2155
27,70,0.043,2.2515
27,71,0.053,2.2876
27,72,0.128,2.0989
27,73,0.129,1.7217
27,74,0.129,1.8296
27,75,0.043,1.9375
27,76,0.043,1.9375
27,77,0.021,
27,78,0.043,
27,79,0.032,
27,80,0.043,
27,81,0.043,
27,82,0.043,
27,83,0.043,
27,84,0.128,
27,85,0.151,
27,86,0.151,
27,87,0.317,
27,88,0.328,
27,89,0.329,
27,90,0.34,
27,91,0.33,
27,92,0.33,
27,93,0.331,
27,94,0.332,
27,95,0.333,
27,96,0.346,
27,97,0.334,
27,98,0.334,
27,99,0.032,
27,100,0.043,
27,101,0.053,
27,102,0.053,
27,103,0.053,
27,104,0.053,
27,105,0.053,
27,106,0.053,
27,107,0.043,
27,108,0.021,
27,109,0.011,
28,46,-0.267,
28,47,-0.052,
28,48,0.0,
28,49,-0.042,
28,50,-0.011,
28,51,0.021,1.7072
28,52,0.011,1.7072
28,53,-0.021,1.7944
28,54,0.0,1.8816
28,55,0.032,1.6672
28,56,0.0,1.4529
28,57,0.021,1.572
28,58,0.0,1.6911
28,59,0.0,1.7858
28,60,0.0,1.8805
28,61,0.107,1.9362
28,62,0.107,1.992
28,63,0.107,1.9657
28,64,-0.094,1.9394
28,65,-0.084,2.0876
28,66,0.0,2.2357
28,67,0.0,1.892
28,68,0.0,1.5482
28,69,-0.021,1.6591
28,70,0.0,1.77
28,71,0.0,1.7705
28,72,0.0,1.771
28,73,0.0,1.7463
28,74,-0.011,1.7217
28,75,0.021,1.8296
28,76,0.0,1.9375
28,77,0.032,1.9375
28,78,0.0,
28,79,-0.021,
28,80,0.0,
28,81,0.0,
28,82,0.0,
28,83,0.011,
28,84,0.0,
28,85,-0.124,
28,86,0.0,
28,87,0.294,
28,88,0.328,
28,89,0.328,
28,90,0.328,
28,91,0.34,
28,92,0.341,
28,93,0.342,
28,94,0.331,
28,95,0.333,
28,96,0.333,
28,97,0.346,
28,98,0.347,
28,99,0.335,
28,100,0.0,
28,101,0.011,
28,102,-0.011,
28,103,0.011,
28,104,0.011,
28,105,0.053,
28,106,0.043,
28,107,-0.032,
28,108,0.0,
28,109,0.021,
28,110,0.0,
28,111,-0.01,
29,48,-0.063,
29,49,0.011,
29,50,0.065,
29,51,0.021,
29,52,0.085,1.7072
29,53,0.085,1.7072
29,54,0.107,1.7944
29,55,0.064,1.8816
29,56,0.075,1.7258
29,57,0.043,1.6479
29,58,0.064,1.7928
29,59,0.106,1.9378
29,60,0.139,2.012
29,61,0.15,2.0862
29,62,0.151,2.1227
29,63,0.151,2.1592
29,64,0.118,2.1541
29,65,-0.125,2.149
29,66,-0.125,2.1834
29,67,-0.084,2.2179
29,68,-0.032,2.0008
29,69,-0.011,1.7837
29,70,0.053,1.9087
29,71,0.032,2.0337
29,72,0.075,2.0449
29,73,0.085,2.0561
29,74,0.128,1.9999
29,75,0.128,1.9436
29,76,0.128,2.0111
29,77,0.075,2.0785
29,78,0.064,2.0785
29,79,0.032,
29,80,0.053,2.1197
29,81,0.043,2.1197
29,82,0.053,2.1197
29,83,0.128,
29,84,0.128,
29,85,0.172,
29,86,0.172,
29,87,0.172,
29,88,0.238,
29,89,0.293,
29,90,0.305,
29,91,0.305,
29,92,0.328,
29,93,0.318,
29,94,0.318,
29,95,0.308,
29,96,0.32,
29,97,0.321,
29,98,0.31,
29,99,0.298,
29,100,0.299,
29,101,0.299,
29,102,0.053,
29,103,0.053,
29,104,0.096,
29,105,0.117,
29,106,0.096,
29,107,0.064,
29,108,0.053,
29,109,0.043,
29,110,0.032,
29,111,0.011,
29,112,0.032,
30,51,0.086,
30,52,0.0,
30,53,0.171,
30,54,0.171,
30,55,0.172,
30,56,0.139,
30,57,0.096,1.8429
30,58,0.0,1.8429
30,59,0.106,2.0137
30,60,0.16,2.1845
30,61,0.161,2.2382
30,62,0.195,2.2919
30,63,0.184,2.3091
30,64,0.185,2.3264
30,65,0.162,2.3424
30,66,-0.176,2.3585
30,67,-0.176,2.2793
30,68,-0.136,2.2001
30,69,-0.011,2.1096
30,70,0.0,2.0191
30,71,-0.032,2.1583
30,72,0.011,2.2974
30,73,0.128,2.3193
30,74,0.139,2.3412
30,75,0.139,2.2534
30,76,0.15,2.1655
30,77,0.128,2.1925
30,78,0.128,2.2195
30,79,0.075,2.2195
30,80,-0.01,
30,81,0.064,2.1197
30,82,0.128,2.1197
30,83,0.128,2.1197
30,84,0.171,
30,85,0.171,
30,86,0.183,
30,87,0.194,
30,88,0.205,
30,89,0.238,
30,90,0.271,
30,91,0.305,
30,92,0.305,
30,93,0.328,
30,94,0.306,
30,95,0.307,
30,96,0.308,
30,97,0.32,
30,98,0.31,
30,99,0.335,
30,100,0.311,
30,101,0.299,
30,102,0.276,
30,103,0.229,
30,104,0.117,
30,105,0.117,
30,106,0.117,
30,107,0.117,
30,108,0.118,
30,109,0.096,
30,110,0.053,
30,111,0.043,
30,112,0.0,
30,113,0.032,
31,53,0.106,
31,54,0.183,
31,55,0.194,
31,56,0.195,
31,57,0.172,
31,58,0.14,1.8429
31,59,0.0,1.8429
31,60,0.139,2.0137
31,61,0.172,2.1845
31,62,0.195,2.2509
31,63,0.195,2.2841
31,64,0.197,2.2914
31,65,0.197,2.2987
31,66,-0.256,2.2971
31,67,-0.247,2.2955
31,68,-0.207,2.2156
31,69,-0.177,2.1357
31,70,-0.177,2.0907
31,71,-0.207,2.0457
31,72,-0.207,2.2113
31,73,-0.207,2.377
31,74,0.139,2.4
31,75,0.139,2.4231
31,76,0.172,2.3867
31,77,0.172,2.3504
31,78,0.15,2.391
31,79,0.129,2.4316
31,80,0.086,2.1226
31,81,0.032,1.5046
31,82,-0.104,2.1
31,83,0.128,2.3977
31,84,0.139,2.3977
31,85,0.172,
31,86,0.183,
31,87,0.195,
31,88,0.195,
31,89,0.206,
31,90,0.217,
31,91,0.304,
31,92,0.305,
31,93,0.316,
31,94,0.328,
31,95,0.328,
31,96,0.296,
31,97,0.297,
31,98,0.297,
31,99,0.298,
31,100,0.299,
31,101,0.299,
31,102,0.276,
31,103,0.265,
31,104,0.23,
31,105,0.195,
31,106,0.118,
31,107,0.118,
31,108,0.118,
31,109,0.118,
31,110,0.118,
31,111,0.064,
31,112,0.043,
31,113,0.0,
31,114,0.043,
32,55,0.183,
32,56,0.195,
32,57,0.195,
32,58,0.173,
32,59,0.151,
32,60,0.075,
32,61,0.15,
32,62,0.184,
32,63,0.196,2.2764
32,64,0.207,2.2764
32,65,0.208,2.2737
32,66,0.208,2.2711
32,67,-0.276,2.2518
32,68,-0.276,2.2325
32,69,-0.237,2.1519
32,70,-0.218,2.0713
32,71,-0.207,2.0718
32,72,-0.217,2.0723
32,73,-0.227,2.2644
32,74,-0.237,2.4566
32,75,0.183,2.4807
32,76,0.161,2.5049
32,77,0.172,2.52
32,78,0.173,2.5352
32,79,0.173,2.5894
32,80,0.14,2.6437
32,81,0.129,2.0741
32,82,0.021,1.5046
32,83,0.129,2.0901
32,84,0.128,2.6756
32,85,0.172,2.6756
32,86,0.172,
32,87,0.184,
32,88,0.195,
32,89,0.207,
32,90,0.207,
32,91,0.24,
32,92,0.316,
32,93,0.327,
32,94,0.327,
32,95,0.328,
32,96,0.296,
32,97,0.296,
32,98,0.297,
32,99,0.298,
32,100,0.299,
32,101,0.299,
32,102,0.3,
32,103,0.289,
32,104,0.265,
32,105,0.23,
32,106,0.219,
32,107,0.196,
32,108,0.162,
32,109,0.118,
32,110,0.118,
32,111,0.118,
32,112,0.097,
32,113,0.053,
32,114,0.011,
32,115,0.053,
32,116,0.064,
33,57,0.196,
33,58,0.207,
33,59,0.196,
33,60,0.174,
33,61,0.129,
33,62,0.151,
33,63,0.184,
33,64,0.196,2.2764
33,65,0.208,2.2764
33,66,0.22,2.2741
33,67,0.22,2.2729
33,68,-0.287,2.2342
33,69,-0.297,2.1955
33,70,-0.267,2.0903
33,71,-0.258,1.985
33,72,-0.258,2.0475
33,73,-0.238,2.1099
33,74,-0.238,2.2642
33,75,-0.238,2.4185
33,76,-0.248,2.4476
33,77,0.173,2.4768
33,78,0.173,2.5106
33,79,0.174,2.5444
33,80,0.173,2.5957
33,81,0.151,2.6469
33,82,0.129,2.0643
33,83,0.075,1.4816
33,84,0.129,1.9662
33,85,0.129,2.4508
33,86,0.151,2.4508
33,87,0.173,
33,88,0.184,2.2633
33,89,0.207,2.2633
33,90,0.208,2.2633
33,91,0.208,
33,92,0.208,
33,93,0.316,
33,94,0.316,
33,95,0.328,
33,96,0.329,
33,97,0.296,
33,98,0.297,
33,99,0.298,
33,100,0.298,
33,101,0.299,
33,102,0.3,
33,103,0.277,
33,104,0.278,
33,105,0.254,
33,106,0.23,
33,107,0.22,
33,108,0.197,
33,109,0.163,
33,110,0.118,
33,111,0.119,
33,112,0.118,
33,113,0.097,
33,114,0.053,
33,115,0.011,
33,116,0.043,
33,117,0.085,
33,118,0.107,
33,119,0.118,
34,59,0.219,
34,60,0.208,
34,61,0.174,
34,62,-0.204,
34,63,-0.205,
34,64,0.196,
34,65,0.208,
34,66,0.22,
34,67,0.22,2.2748
34,68,0.233,2.2748
34,69,-0.307,2.2167
34,70,-0.307,2.1586
34,71,-0.297,2.0287
34,72,-0.298,1.8988
34,73,-0.278,2.0232
34,74,-0.238,2.1476
34,75,-0.238,2.264
34,76,-0.248,2.3804
34,77,-0.258,2.4145
34,78,0.173,2.4487
34,79,0.173,2.5012
34,80,0.174,2.5537
34,81,0.174,2.6019
34,82,0.152,2.6502
34,83,0.129,2.0544
34,84,0.075,1.4586
34,85,0.129,1.8423
34,86,0.129,2.2259
34,87,0.151,2.2259
34,88,0.173,
34,89,0.196,2.2633
34,90,0.208,2.2633
34,91,0.22,2.2633
34,92,0.219,
34,93,-0.283,
34,94,0.339,
34,95,0.328,
34,96,0.34,
34,97,0.34,
34,98,0.33,
34,99,0.319,
34,100,0.298,
34,101,0.299,
34,102,0.3,
34,103,0.312,
34,104,0.301,
34,105,0.278,
34,106,0.266,
34,107,0.244,
34,108,0.231,
34,109,0.209,
34,110,0.186,
34,111,0.163,
34,112,0.119,
34,113,0.119,
34,114,0.097,
34,115,0.053,
34,116,0.0,
34,117,-0.032,
34,118,0.021,
34,119,0.096,
34,120,0.107,
35,61,0.185,
35,62,0.174,
35,63,-0.272,
35,64,-0.264,
35,65,-0.275,
35,66,-0.286,
35,67,-0.286,
35,68,-0.297,2.2748
35,69,-0.307,2.2748
35,70,-0.327,2.0984
35,71,-0.357,2.0102
35,72,-0.357,2.0358
35,73,0.366,2.0614
35,74,0.401,2.1777
35,75,-0.278,2.294
35,76,-0.278,2.3571
35,77,-0.268,2.4203
35,78,-0.278,2.4046
35,79,-0.278,2.3889
35,80,0.14,2.419
35,81,0.14,2.4491
35,82,0.14,2.4812
35,83,0.129,2.5133
35,84,0.097,1.9808
35,85,-0.042,1.4483
35,86,-0.094,1.8107
35,87,-0.105,2.173
35,88,0.129,2.3116
35,89,0.195,2.5887
35,90,0.206,2.3992
35,91,0.241,2.3044
35,92,0.241,2.297
35,93,0.241,2.282
35,94,0.317,2.282
35,95,0.339,
35,96,0.34,2.5137
35,97,0.34,2.5137
35,98,0.34,2.5137
35,99,0.33,
35,100,0.319,
35,101,0.309,
35,102,0.31,
35,103,0.31,
35,104,0.324,
35,105,0.312,
35,106,0.301,
35,107,0.277,
35,108,0.277,
35,109,0.231,
35,110,0.219,
35,111,-0.155,
35,112,-0.155,
35,113,0.119,
35,114,0.097,
35,115,0.097,
35,116,0.043,
35,117,0.0,
35,118,-0.032,
35,119,0.011,
35,120,0.064,
35,121,0.096,
35,122,0.107,
35,123,0.118,
36,63,-0.135,
36,64,-0.135,
36,65,-0.146,
36,66,-0.275,
36,67,-0.275,
36,68,-0.306,
36,69,-0.327,
36,70,-0.327,
36,71,-0.357,1.8619
36,72,-0.366,1.8619
36,73,-0.366,2.043
36,74,0.401,2.2241
36,75,0.402,2.3322
36,76,0.403,2.4404
36,77,0.355,2.4503
36,78,-0.248,2.4602
36,79,-0.258,2.3946
36,80,-0.268,2.329
36,81,0.129,2.3368
36,82,0.129,2.3445
36,83,0.129,2.3604
36,84,0.086,2.3763
36,85,0.075,1.9072
36,86,0.0,1.4381
36,87,-0.073,1.7791
36,88,-0.105,2.1201
36,89,0.129,2.3544
36,90,0.173,2.5887
36,91,0.206,2.4671
36,92,0.241,2.3456
36,93,0.242,2.3138
36,94,0.306,2.282
36,95,0.328,2.282
36,96,0.34,
36,97,0.34,2.5137
36,98,0.352,2.5137
36,99,0.341,2.5137
36,100,0.342,
36,101,0.331,
36,102,0.332,
36,103,0.333,
36,104,0.322,
36,105,0.334,
36,106,0.324,
36,107,0.312,
36,108,0.3,
36,109,0.278,
36,110,0.231,
36,111,-0.155,
36,112,-0.155,
36,113,-0.124,
36,114,-0.124,
36,115,0.097,
36,116,0.053,
36,117,0.043,
36,118,0.0,
36,119,-0.032,
36,120,0.0,
36,121,0.043,
36,122,0.064,
36,123,0.086,
36,124,0.109,
37,66,-0.136,
37,67,0.308,
37,68,-0.277,
37,69,-0.327,
37,70,-0.348,
37,71,-0.357,
37,72,-0.366,2.0381
37,73,-0.366,2.0381
37,74,0.366,2.2868
37,75,0.402,2.5354
37,76,0.403,2.581
37,77,0.403,2.6265
37,78,0.367,2.5637
37,79,0.355,2.5008
37,80,-0.247,2.4118
37,81,-0.237,2.3227
37,82,0.086,2.3046
37,83,0.086,2.2865
37,84,0.096,2.2551
37,85,0.064,2.2237
37,86,0.075,2.0476
37,87,-0.021,1.8715
37,88,-0.073,1.9635
37,89,-0.094,2.0556
37,90,-0.105,2.1883
37,91,-0.135,2.3209
37,92,0.24,2.3879
37,93,0.252,2.4549
37,94,0.284,2.3479
37,95,0.318,2.241
37,96,0.329,2.4939
37,97,0.34,2.9998
37,98,0.341,2.9138
37,99,0.352,2.8708
37,100,0.353,2.8708
37,101,0.353,
37,102,0.342,
37,103,0.343,
37,104,0.344,
37,105,0.345,
37,106,0.334,
37,107,0.334,
37,108,0.323,
37,109,0.323,
37,110,0.322,
37,111,0.299,
37,112,-0.154,
37,113,-0.124,
37,114,-0.123,
37,115,-0.124,
37,116,0.053,
37,117,0.043,
37,118,0.032,
37,119,0.011,
37,120,-0.032,
37,121,0.011,
37,122,0.032,
37,123,0.032,
37,124,0.087,
37,125,0.099,
37,126,0.121,
37,127,0.121,
37,128,0.273,
38,68,0.401,
38,69,0.297,
38,70,0.32,
38,71,-0.297,
38,72,-0.327,
38,73,0.4,2.2144
38,74,0.401,2.2144
38,75,0.402,2.5306
38,76,0.402,2.8467
38,77,0.403,2.8297
38,78,0.403,2.8127
38,79,0.403,2.677
38,80,0.403,2.5414
38,81,0.403,2.4289
38,82,0.0,2.3164
38,83,0.0,2.2724
38,84,0.011,2.2285
38,85,-0.053,2.1498
38,86,0.0,2.071
38,87,0.043,2.188
38,88,0.0,2.3049
38,89,-0.032,2.148
38,90,0.0,1.9911
38,91,0.021,2.0221
38,92,-0.135,2.0532
38,93,0.239,2.3087
38,94,0.263,2.5642
38,95,0.308,2.3821
38,96,0.341,2.1999
38,97,0.352,2.5998
38,98,0.352,2.9998
38,99,0.352,3.1139
38,100,0.353,3.228
38,101,0.365,3.228
38,102,0.353,
38,103,0.355,
38,104,0.355,
38,105,0.356,
38,106,0.345,
38,107,0.346,
38,108,0.346,
38,109,0.346,
38,110,0.346,
38,111,0.345,
38,112,-0.165,
38,113,-0.154,
38,114,-0.154,
38,115,-0.123,
38,116,-0.124,
38,117,-0.124,
38,118,0.0,
38,119,0.021,
38,120,0.0,
38,121,-0.021,
38,122,0.0,
38,123,0.011,
38,124,0.0,
38,125,0.055,
38,126,0.078,
38,127,0.111,
38,128,0.111,
38,129,0.261,
38,130,0.284,
38,131,0.294,
39,70,0.4,
39,71,0.401,
39,72,0.401,
39,73,0.402,
39,74,0.401,2.2144
39,75,0.402,2.2144
39,76,0.403,2.5306
39,77,0.404,2.8467
39,78,0.404,2.8393
39,79,0.417,2.8356
39,80,0.429,2.6925
39,81,0.404,2.5494
39,82,0.404,2.4385
39,83,0.0,2.3276
39,84,0.0,2.2752
39,85,0.0,2.2227
39,86,-0.011,2.1351
39,87,0.0,2.0476
39,88,0.032,1.9519
39,89,0.0,1.8561
39,90,-0.021,1.8259
39,91,0.0,1.7957
39,92,0.0,1.811
39,93,-0.146,1.8264
39,94,0.217,1.947
39,95,0.286,2.0676
39,96,0.308,1.9606
39,97,0.341,1.8537
39,98,0.353,2.3406
39,99,0.364,2.8276
39,100,0.376,3.0086
39,101,0.376,3.1896
39,102,0.376,3.2082
39,103,0.366,3.2455
39,104,0.366,3.1892
39,105,0.355,3.1328
39,106,0.356,3.0624
39,107,0.358,2.992
39,108,0.359,2.992
39,109,0.359,
39,110,0.37,
39,111,0.358,
39,112,0.357,
39,113,-0.165,
39,114,-0.165,
39,115,-0.154,
39,116,-0.154,
39,117,-0.124,
39,118,-0.124,
39,119,0.0,
39,120,0.021,
39,121,0.0,
39,122,-0.011,
39,123,0.0,
39,124,0.011,
39,125,0.0,
39,126,0.034,
39,127,0.046,
39,128,0.048,
39,129,0.048,
39,130,0.103,
39,131,0.272,
39,132,0.283,
39,133,0.283,
39,134,0.294,
40,72,-0.248,
40,73,-0.268,
40,74,0.403,
40,75,0.402,
40,76,0.404,
40,77,0.404,
40,78,0.417,
40,79,0.417,2.8584
40,80,0.43,2.8584
40,81,0.442,2.7079
40,82,0.443,2.5573
40,83,-0.234,2.4481
40,84,-0.235,2.3389
40,85,-0.011,2.2779
40,86,0.011,2.2169
40,87,-0.011,2.1205
40,88,-0.011,2.0242
40,89,0.032,1.7158
40,90,0.0,1.4074
40,91,-0.021,1.5038
40,92,0.0,1.6003
40,93,0.011,1.5999
40,94,-0.156,1.5996
40,95,-0.176,1.5853
40,96,0.24,1.571
40,97,0.296,1.5392
40,98,0.342,1.5074
40,99,0.353,2.0814
40,100,0.364,2.6554
40,101,0.376,2.9033
40,102,0.376,3.1511
40,103,0.377,3.1983
40,104,0.378,3.2455
40,105,0.367,3.1892
40,106,0.368,3.1328
40,107,0.357,3.0624
40,108,0.358,2.992
40,109,0.359,2.992
40,110,0.359,
40,111,0.371,
40,112,0.359,
40,113,0.37,
40,114,-0.185,
40,115,-0.164,
40,116,-0.164,
40,117,-0.154,
40,118,-0.154,
40,119,-0.124,
40,120,0.0,
40,121,0.021,
40,122,0.0,
40,123,-0.021,
40,124,0.0,
40,125,0.011,
40,126,0.0,
40,127,0.022,
40,128,0.035,
40,129,0.037,
40,130,0.038,
40,131,0.049,
40,132,0.261,
40,133,0.272,
40,134,0.283,
40,135,0.305,
40,136,0.305,
40,137,0.317,
41,74,-0.268,
41,75,-0.269,
41,76,0.402,
41,77,0.426,
41,78,0.427,
41,79,0.428,
41,80,0.441,2.8584
41,81,0.455,2.8584
41,82,0.467,2.6443
41,83,-0.234,2.5372
41,84,-0.234,2.439
41,85,-0.234,2.3409
41,86,-0.235,2.2833
41,87,0.011,2.2258
41,88,0.011,2.1469
41,89,0.011,2.068
41,90,0.032,1.7639
41,91,0.011,1.4598
41,92,0.021,1.5816
41,93,0.011,1.7035
41,94,0.021,1.7747
41,95,-0.176,1.8459
41,96,0.172,1.7951
41,97,0.24,1.7444
41,98,0.262,1.7793
41,99,0.296,1.8142
41,100,0.412,2.1978
41,101,0.4,2.5814
41,102,0.4,2.8078
41,103,0.388,3.0342
41,104,0.389,3.0897
41,105,0.39,3.1451
41,106,0.379,3.0867
41,107,0.38,3.0283
41,108,0.333,2.9635
41,109,0.334,2.8986
41,110,0.335,2.8986
41,111,0.336,
41,112,0.323,
41,113,0.312,
41,114,-0.217,
41,115,-0.195,
41,116,-0.184,
41,117,-0.164,
41,118,-0.164,
41,119,-0.154,
41,120,-0.154,
41,121,0.011,
41,122,0.021,
41,123,0.011,
41,124,-0.021,
41,125,0.011,
41,126,0.011,
41,127,0.011,
41,128,0.033,
41,129,0.034,
41,130,0.016,
41,131,0.006,
41,132,0.227,
41,133,0.227,
41,134,0.261,
41,135,0.271,
41,136,0.282,
41,137,0.294,
41,138,0.306,
41,139,0.318,
41,140,0.318,
42,77,-0.278,
42,78,0.403,
42,79,0.403,
42,80,0.428,
42,81,0.44,
42,82,0.465,
42,83,0.492,2.517
42,84,-0.234,2.517
42,85,-0.234,2.43
42,86,-0.234,2.3429
42,87,-0.234,2.2888
42,88,0.0,2.2346
42,89,-0.021,2.1733
42,90,0.0,2.1119
42,91,0.032,1.812
42,92,0.0,1.5122
42,93,-0.011,1.6594
42,94,0.0,1.8066
42,95,0.0,1.9494
42,96,0.15,2.0921
42,97,0.172,2.005
42,98,0.206,1.9178
42,99,0.239,2.0194
42,100,0.251,2.1211
42,101,0.295,2.3142
42,102,0.329,2.5074
42,103,0.376,2.7124
42,104,0.377,2.9173
42,105,0.389,2.981
42,106,0.354,3.0447
42,107,0.343,2.9843
42,108,0.333,2.9239
42,109,0.333,2.8646
42,110,0.334,2.8053
42,111,0.335,2.8053
42,112,0.323,
42,113,0.312,
42,114,-0.227,
42,115,-0.227,
42,116,-0.195,
42,117,-0.184,
42,118,-0.164,
42,119,-0.164,
42,120,-0.154,
42,121,-0.124,
42,122,0.0,
42,123,0.021,
42,124,0.0,
42,125,-0.011,
42,126,0.0,
42,127,0.0,
42,128,0.0,
42,129,0.0,
42,130,0.0,
42,131,0.025,
42,132,0.004,
42,133,0.216,
42,134,0.227,
42,135,0.227,
42,136,0.26,
42,137,0.271,
42,138,0.271,
42,139,0.294,
42,140,0.306,
42,141,0.306,
42,142,0.318,
42,143,0.319,
42,144,0.32,
43,79,-0.277,
43,80,-0.247,
43,81,0.415,
43,82,0.428,
43,83,-0.234,
43,84,-0.234,2.517
43,85,-0.243,2.517
43,86,-0.243,2.386
43,87,-0.243,2.3204
43,88,-0.244,2.2738
43,89,0.032,2.2271
43,90,0.053,2.1772
43,91,0.021,2.1273
43,92,0.043,1.8238
43,93,0.0,1.5202
43,94,0.021,1.6676
43,95,0.021,1.815
43,96,0.128,1.9662
43,97,0.15,2.1173
43,98,0.172,2.1064
43,99,0.194,2.0956
43,100,0.206,2.1603
43,101,0.228,2.225
43,102,0.272,2.3598
43,103,0.294,2.4945
43,104,0.306,2.6382
43,105,0.318,2.7818
43,106,0.318,2.8385
43,107,0.308,2.8952
43,108,0.308,2.8675
43,109,0.309,2.8397
43,110,0.309,2.8024
43,111,0.31,2.7651
43,112,0.311,2.7336
43,113,-0.258,2.6705
43,114,-0.258,2.6349
43,115,-0.227,2.5993
43,116,-0.227,2.5357
43,117,-0.195,2.4722
43,118,-0.185,2.4722
43,119,-0.164,
43,120,-0.164,
43,121,-0.164,
43,122,-0.154,
43,123,0.0,
43,124,0.021,
43,125,0.0,
43,126,-0.021,
43,127,0.0,
43,128,-0.01,
43,129,0.0,
43,130,0.0,
43,131,0.0,
43,132,0.034,
43,133,0.161,
43,134,0.194,
43,135,0.216,
43,136,0.227,
43,137,0.249,
43,138,0.271,
43,139,0.271,
43,140,0.283,
43,141,0.294,
43,142,0.306,
43,143,0.307,
43,144,0.319,
43,145,0.308,
43,146,0.32,
43,147,0.31,
44,81,-0.247,
44,82,-0.235,
44,83,-0.234,
44,84,-0.234,
44,85,-0.234,
44,86,-0.243,
44,87,-0.243,2.298
44,88,-0.243,2.298
44,89,-0.243,2.2588
44,90,0.011,2.2196
44,91,-0.021,2.1811
44,92,0.0,2.1427
44,93,0.032,1.8355
44,94,0.0,1.5283
44,95,-0.021,1.6758
44,96,0.0,1.8234
44,97,0.107,1.9829
44,98,0.139,2.1425
44,99,0.161,2.2079
44,100,0.183,2.2733
44,101,0.195,2.3011
44,102,0.206,2.3289
44,103,0.228,2.4053
44,104,0.261,2.4816
44,105,0.283,2.564
44,106,0.284,2.6463
44,107,0.284,2.696
44,108,0.285,2.7457
44,109,0.285,2.7507
44,110,-0.248,2.7556
44,111,-0.248,2.7403
44,112,-0.258,2.725
44,113,-0.258,2.6977
44,114,-0.258,2.6705
44,115,-0.258,2.6349
44,116,-0.227,2.5993
44,117,-0.227,2.5357
44,118,-0.195,2.4722
44,119,-0.184,2.4722
44,120,-0.164,
44,121,-0.164,
44,122,-0.124,
44,123,-0.124,
44,124,0.0,
44,125,0.021,
44,126,0.0,
44,127,-0.011,
44,128,0.0,
44,129,0.011,
44,130,0.0,
44,131,0.0,
44,132,0.0,
44,133,0.118,
44,134,0.15,
44,135,0.161,
44,136,0.205,
44,137,0.227,
44,138,0.227,
44,139,0.249,
44,140,0.26,
44,141,0.271,
44,142,0.271,
44,143,0.283,
44,144,0.295,
44,145,0.307,
44,146,0.308,
44,147,0.309,
44,148,0.31,
44,149,0.287,
44,150,0.287,
45,83,-0.235,
45,84,-0.234,
45,85,-0.234,
45,86,-0.234,
45,87,-0.243,
45,88,-0.243,2.298
45,89,-0.243,2.298
45,90,0.107,2.1873
45,91,0.075,2.132
45,92,0.085,2.1298
45,93,0.0,2.1276
45,94,0.032,1.8166
45,95,0.0,1.5057
45,96,0.053,1.6553
45,97,0.043,1.805
45,98,0.107,1.9701
45,99,0.139,2.1352
45,100,0.161,2.2092
45,101,0.184,2.2831
45,102,0.184,2.3191
45,103,0.195,2.3551
45,104,0.217,2.3984
45,105,0.217,2.4417
45,106,0.25,2.4863
45,107,0.25,2.531
45,108,0.25,2.5677
45,109,0.262,2.6045
45,110,-0.248,2.6243
45,111,-0.248,2.644
45,112,-0.248,2.6439
45,113,-0.248,2.6438
45,114,-0.258,2.6343
45,115,-0.258,2.6248
45,116,-0.258,2.5917
45,117,-0.237,2.5585
45,118,-0.227,2.5003
45,119,-0.195,2.4422
45,120,-0.185,2.4057
45,121,-0.164,2.3327
45,122,-0.164,2.268
45,123,-0.124,2.2034
45,124,-0.032,2.1698
45,125,-0.021,2.1362
45,126,0.021,1.7604
45,127,0.0,1.3846
45,128,-0.011,1.3846
45,129,0.0,
45,130,0.011,
45,131,0.0,
45,132,0.0,
45,133,0.0,
45,134,0.118,
45,135,0.15,
45,136,0.161,
45,137,0.161,
45,138,0.227,
45,139,0.227,
45,140,0.227,
45,141,0.249,
45,142,0.271,
45,143,0.283,
45,144,0.283,
45,145,0.295,
45,146,0.296,
45,147,0.296,
45,148,0.309,
45,149,0.297,
45,150,0.275,
45,151,0.276,
45,152,0.265,
45,153,0.266,
46,86,-0.235,
46,87,-0.235,
46,88,-0.234,
46,89,-0.234,
46,90,0.0,
46,91,-0.011,2.0444
46,92,0.0,2.0444
46,93,-0.021,2.0784
46,94,0.011,2.1124
46,95,0.032,1.7978
46,96,0.0,1.4831
46,97,-0.021,1.6348
46,98,-0.011,1.7866
46,99,0.107,1.9572
46,100,0.128,2.1279
46,101,0.15,2.2104
46,102,0.162,2.293
46,103,0.173,2.3372
46,104,0.173,2.3814
46,105,0.174,2.3915
46,106,0.185,2.4017
46,107,0.195,2.4086
46,108,0.217,2.4156
46,109,0.239,2.4394
46,110,0.24,2.4633
46,111,-0.248,2.4979
46,112,-0.248,2.5324
46,113,-0.248,2.5476
46,114,-0.258,2.5627
46,115,-0.258,2.5709
46,116,-0.258,2.5791
46,117,-0.258,2.5484
46,118,-0.227,2.5177
46,119,-0.206,2.4649
46,120,-0.165,2.4121
46,121,-0.165,2.3724
46,122,-0.124,2.3327
46,123,-0.124,2.268
46,124,0.021,2.2034
46,125,0.011,2.1698
46,126,0.0,2.1362
46,127,0.021,1.7604
46,128,0.0,1.3846
46,129,-0.011,1.3846
46,130,0.0,
46,131,0.0,
46,132,0.0,
46,133,0.0,
46,134,0.032,
46,135,0.118,
46,136,0.118,
46,137,0.15,
46,138,0.161,
46,139,0.216,
46,140,0.216,
46,141,0.227,
46,142,0.249,
46,143,0.26,
46,144,0.271,
46,145,0.271,
46,146,0.283,
46,147,0.284,
46,148,0.284,
46,149,0.285,
46,150,0.286,
46,151,0.275,
46,152,0.264,
46,153,0.253,
46,154,0.242,
46,155,0.231,
46,156,0.231,
47,88,0.053,
47,89,0.032,
47,90,0.075,
47,91,0.053,
47,92,0.085,2.0444
47,93,0.075,2.0444
47,94,0.075,2.0784
47,95,0.064,2.1124
47,96,0.064,1.6962
47,97,-0.032,1.488
47,98,0.053,1.6386
47,99,0.075,1.7891
47,100,0.107,1.9538
47,101,0.117,2.1185
47,102,0.139,2.1994
47,103,0.151,2.2803
47,104,0.151,2.3258
47,105,0.162,2.3713
47,106,0.162,2.3818
47,107,0.174,2.3924
47,108,0.184,2.3863
47,109,0.184,2.3803
47,110,0.207,2.379
47,111,0.206,2.3778
47,112,-0.238,2.3967
47,113,-0.248,2.4156
47,114,-0.238,2.4422
47,115,-0.248,2.4687
47,116,-0.248,2.4762
47,117,-0.248,2.4837
47,118,-0.248,2.4661
47,119,-0.227,2.4484
47,120,0.174,2.4108
47,121,-0.124,2.3731
47,122,-0.124,2.3348
47,123,-0.124,2.2965
47,124,-0.124,2.2616
47,125,-0.011,2.2267
47,126,0.021,2.2011
47,127,0.0,2.1755
47,128,0.032,1.7856
47,129,0.0,1.3957
47,130,-0.021,1.3957
47,131,0.0,
47,132,0.0,
47,133,0.0,
47,134,0.0,
47,135,0.021,
47,136,0.096,
47,137,0.117,
47,138,0.139,
47,139,0.15,
47,140,0.161,
47,141,0.216,
47,142,0.227,
47,143,0.227,
47,144,0.26,
47,145,0.271,
47,146,0.271,
47,147,0.272,
47,148,0.273,
47,149,0.284,
47,150,0.274,
47,151,0.274,
47,152,0.264,
47,153,0.254,
47,154,0.253,
47,155,0.231,
47,156,0.231,
47,157,0.231,
47,158,0.22,
47,159,0.22,
47,160,-0.235,
48,90,-0.01,
48,91,0.043,
48,92,0.043,
48,93,0.043,
48,94,0.043,
48,95,0.053,
48,96,-0.021,
48,97,0.043,1.4929
48,98,-0.021,1.4929
48,99,-0.032,1.6423
48,100,-0.032,1.7916
48,101,0.075,1.9504
48,102,0.107,2.1092
48,103,0.118,2.1884
48,104,0.129,2.2676
48,105,0.14,2.3144
48,106,0.151,2.3612
48,107,0.141,2.3721
48,108,0.151,2.3831
48,109,0.14,2.364
48,110,0.152,2.345
48,111,0.162,2.3186
48,112,0.174,2.2922
48,113,0.185,2.2955
48,114,0.196,2.2987
48,115,-0.228,2.3368
48,116,-0.238,2.3748
48,117,-0.238,2.3816
48,118,-0.238,2.3883
48,119,0.174,2.3837
48,120,0.14,2.3791
48,121,0.14,2.3566
48,122,-0.104,2.3341
48,123,-0.104,2.2972
48,124,0.0,2.2603
48,125,0.0,2.2551
48,126,-0.021,2.2499
48,127,-0.011,2.2324
48,128,0.0,2.2149
48,129,0.021,1.8109
48,130,0.0,1.4068
48,131,-0.011,1.4068
48,132,0.0,
48,133,0.011,
48,134,0.0,
48,135,0.0,
48,136,0.0,
48,137,0.011,
48,138,0.096,
48,139,0.118,
48,140,0.117,
48,141,0.15,
48,142,0.161,
48,143,0.227,
48,144,0.227,
48,145,0.249,
48,146,0.26,
48,147,0.271,
48,148,0.272,
48,149,0.273,
48,150,0.273,
48,151,0.273,
48,152,0.274,
48,153,0.263,
48,154,0.252,
48,155,0.23,
48,156,0.23,
48,157,0.22,
48,158,0.22,
48,159,0.209,
48,160,0.197,
48,161,0.198,
48,162,0.164,
48,163,0.164,
49,92,0.043,
49,93,0.032,
49,94,0.043,
49,95,0.032,
49,96,0.043,
49,97,0.032,
49,98,0.043,1.4929
49,99,0.021,1.4929
49,100,0.032,1.5407
49,101,0.032,1.5646
49,102,0.043,1.695
49,103,0.053,1.8255
49,104,0.085,1.8977
49,105,0.085,1.9699
49,106,0.107,2.0129
49,107,0.118,2.0558
49,108,0.107,2.0768
49,109,0.107,2.0979
49,110,0.097,2.0823
49,111,0.108,2.0667
49,112,0.108,2.0271
49,113,0.086,1.9875
49,114,0.086,2.0305
49,115,-0.115,2.0735
49,116,-0.146,2.0941
49,117,-0.125,2.1146
49,118,-0.125,2.1228
49,119,-0.125,2.1309
49,120,-0.105,2.1298
49,121,-0.104,2.1286
49,122,-0.094,2.1121
49,123,-0.094,2.0956
49,124,-0.094,2.0619
49,125,0.043,2.0282
49,126,0.043,2.0045
49,127,0.011,1.9807
49,128,0.032,1.9526
49,129,0.011,1.9245
49,130,0.021,1.5871
49,131,0.011,1.2498
49,132,0.021,1.3263
49,133,0.011,1.4793
49,134,0.032,1.5238
49,135,0.021,1.5683
49,136,0.021,1.6065
49,137,0.032,1.6448
49,138,0.032,1.6448
49,139,0.043,
49,140,0.096,
49,141,0.107,
49,142,0.118,
49,143,0.118,
49,144,0.216,
49,145,0.216,
49,146,0.249,
49,147,0.249,
49,148,0.26,
49,149,0.272,
49,150,0.273,
49,151,0.273,
49,152,0.274,
49,153,0.274,
49,154,0.252,
49,155,0.252,
49,156,0.253,
49,157,0.23,
49,158,0.23,
49,159,0.219,
49,160,0.197,
49,161,0.163,
49,162,0.163,
49,163,0.163,
49,164,0.164,
49,165,0.119,
49,166,0.119,
50,94,0.0,
50,95,0.0,
50,96,0.0,
50,97,-0.011,
50,98,0.0,
50,99,0.021,
50,100,0.0,
50,101,-0.011,1.3376
50,102,0.0,1.3376
50,103,0.0,1.4397
50,104,0.0,1.5417
50,105,0.0,1.607
50,106,0.0,1.6723
50,107,0.0,1.7113
50,108,0.064,1.7504
50,109,0.086,1.7816
50,110,0.0,1.8127
50,111,-0.01,1.8005
50,112,0.0,1.7883
50,113,0.032,1.7356
50,114,0.0,1.6829
50,115,0.021,1.7656
50,116,0.0,1.8483
50,117,-0.073,1.8514
50,118,-0.094,1.8544
50,119,-0.105,1.8639
50,120,-0.084,1.8734
50,121,-0.094,1.8758
50,122,0.0,1.8782
50,123,0.0,1.8676
50,124,0.0,1.8571
50,125,0.0,1.8266
50,126,0.0,1.7962
50,127,-0.011,1.7538
50,128,0.0,1.7114
50,129,-0.011,1.6728
50,130,0.011,1.6341
50,131,0.011,1.3634
50,132,0.0,1.0928
50,133,-0.011,1.2861
50,134,0.0,1.4793
50,135,0.0,1.5238
50,136,0.0,1.5683
50,137,0.0,1.6065
50,138,0.0,1.6448
50,139,0.0,1.6448
50,140,0.0,
50,141,0.0,
50,142,0.0,
50,143,0.075,
50,144,0.096,
50,145,0.216,
50,146,0.226,
50,147,0.226,
50,148,0.249,
50,149,0.26,
50,150,0.261,
50,151,0.261,
50,152,0.261,
50,153,0.273,
50,154,0.262,
50,155,0.262,
50,156,0.252,
50,157,0.252,
50,158,0.229,
50,159,0.23,
50,160,0.196,
50,161,0.196,
50,162,0.163,
50,163,0.163,
50,164,0.119,
50,165,0.119,
50,166,0.108,
50,167,0.108,
50,168,0.108,
50,169,0.086,
51,97,-0.021,
51,98,0.021,
51,99,0.011,
51,100,0.032,
51,101,0.011,
51,102,0.032,1.3376
51,103,0.021,1.3376
51,104,0.075,1.6383
51,105,0.086,1.7886
51,106,0.107,1.8278
51,107,0.117,1.867
51,108,0.117,1.9044
51,109,0.128,1.9417
51,110,0.118,1.9596
51,111,0.118,1.9775
51,112,0.118,1.9593
51,113,0.107,1.941
51,114,-0.135,1.8918
51,115,-0.135,1.8426
51,116,-0.135,1.8813
51,117,-0.145,1.92
51,118,-0.156,1.9418
51,119,-0.146,1.9635
51,120,-0.146,1.9736
51,121,-0.125,1.9838
51,122,-0.125,1.9793
51,123,-0.115,1.9749
51,124,-0.105,1.9625
51,125,-0.105,1.9501
51,126,-0.104,1.9276
51,127,-0.052,1.9052
51,128,-0.042,1.8668
51,129,-0.032,1.8283
51,130,-0.032,1.7516
51,131,-0.021,1.6748
51,132,0.032,1.4187
51,133,-0.011,1.1625
51,134,-0.021,1.3756
51,135,-0.021,1.5886
51,136,0.021,1.6766
51,137,-0.021,1.7646
51,138,-0.032,1.7949
51,139,0.054,1.8252
51,140,0.065,1.8252
51,141,0.097,
51,142,0.107,
51,143,0.118,
51,144,0.14,
51,145,0.161,
51,146,0.216,
51,147,0.216,
51,148,0.226,
51,149,0.226,
51,150,0.249,
51,151,0.227,
51,152,0.25,
51,153,0.25,
51,154,0.262,
51,155,0.25,
51,156,0.263,
51,157,0.252,
51,158,0.252,
51,159,0.229,
51,160,0.229,
51,161,0.196,
51,162,0.196,
51,163,0.162,
51,164,0.163,
51,165,-0.146,
51,166,0.118,
51,167,0.119,
51,168,0.108,
51,169,0.108,
51,170,0.108,
51,171,0.086,
51,172,-0.063,
52,99,-0.011,
52,100,0.0,
52,101,0.021,
52,102,0.0,
52,103,-0.021,
52,104,0.0,
52,105,0.086,2.0355
52,106,0.119,2.0355
52,107,0.128,2.0486
52,108,0.139,2.0617
52,109,0.139,2.0974
52,110,0.15,2.133
52,111,0.172,2.1377
52,112,0.183,2.1424
52,113,0.194,2.118
52,114,0.194,2.0936
52,115,0.205,2.0479
52,116,0.216,2.0023
52,117,0.216,1.997
52,118,-0.165,1.9918
52,119,-0.176,2.0322
52,120,-0.176,2.0726
52,121,-0.176,2.0833
52,122,-0.166,2.0941
52,123,-0.146,2.0828
52,124,-0.125,2.0716
52,125,-0.125,2.0573
52,126,-0.105,2.0431
52,127,-0.105,2.0286
52,128,-0.094,2.0142
52,129,-0.094,1.9797
52,130,0.0,1.9452
52,131,0.011,1.8304
52,132,0.0,1.7155
52,133,0.021,1.4739
52,134,0.0,1.2322
52,135,-0.011,1.465
52,136,0.0,1.6979
52,137,0.011,1.8294
52,138,0.0,1.9609
52,139,0.087,1.9833
52,140,0.097,2.0057
52,141,0.118,2.0057
52,142,0.118,
52,143,0.15,
52,144,0.161,
52,145,0.194,
52,146,0.194,
52,147,0.205,
52,148,0.215,
52,149,0.226,
52,150,0.226,
52,151,0.227,
52,152,0.227,
52,153,0.25,
52,154,0.261,
52,155,0.262,
52,156,0.263,
52,157,0.251,
52,158,0.252,
52,159,0.252,
52,160,0.229,
52,161,0.23,
52,162,0.218,
52,163,0.196,
52,164,0.185,
52,165,0.162,
52,166,0.163,
52,167,-0.156,
52,168,0.119,
52,169,0.119,
52,170,0.119,
52,171,0.108,
52,172,-0.125,
52,173,-0.073,
52,174,-0.063,
52,175,-0.063,
52,176,-0.042,
53,101,0.011,
53,102,0.032,
53,103,0.0,
53,104,0.054,
53,105,0.087,
53,106,0.129,2.0355
53,107,0.129,2.0355
53,108,0.15,2.1557
53,109,0.162,2.2158
53,110,0.173,2.2431
53,111,0.173,2.2705
53,112,0.183,2.2647
53,113,0.205,2.2589
53,114,0.216,2.2359
53,115,0.216,2.2128
53,116,0.227,2.2075
53,117,0.228,2.2022
53,118,0.239,2.216
53,119,0.239,2.2298
53,120,0.239,2.2583
53,121,-0.186,2.2868
53,122,-0.196,2.2876
53,123,-0.187,2.2883
53,124,0.183,2.268
53,125,-0.166,2.2477
53,126,0.162,2.2178
53,127,-0.125,2.1878
53,128,-0.125,2.1593
53,129,-0.115,2.1307
53,130,-0.125,2.0909
53,131,0.032,2.0512
53,132,0.032,1.9654
53,133,0.021,1.8797
53,134,0.032,1.5705
53,135,0.0,1.2613
53,136,0.032,1.5105
53,137,0.011,1.7597
53,138,0.032,1.9238
53,139,0.097,2.088
53,140,0.107,2.1466
53,141,0.118,2.2053
53,142,0.141,2.3204
53,143,0.151,2.5507
53,144,0.152,2.5507
53,145,0.172,
53,146,0.194,
53,147,0.194,
53,148,0.215,
53,149,0.215,
53,150,0.226,
53,151,0.226,
53,152,0.226,
53,153,0.227,
53,154,0.25,
53,155,0.261,
53,156,0.262,
53,157,0.263,
53,158,0.251,
53,159,0.252,
53,160,0.252,
53,161,0.229,
53,162,0.23,
53,163,0.219,
53,164,0.219,
53,165,0.196,
53,166,0.185,
53,167,0.163,
53,168,0.163,
53,169,0.14,
53,170,0.119,
53,171,0.119,
53,172,0.108,
53,173,-0.125,
53,174,-0.125,
53,175,-0.063,
53,176,-0.063,
53,177,-0.052,
53,178,0.011,
53,179,0.0,
54,103,0.053,
54,104,0.0,
54,105,0.076,
54,106,0.129,
54,107,0.14,
54,108,0.162,
54,109,0.162,2.3698
54,110,0.173,2.3698
54,111,0.185,2.3889
54,112,0.195,2.4079
54,113,0.206,2.3916
54,114,0.237,2.3754
54,115,0.237,2.3537
54,116,0.238,2.3321
54,117,0.238,2.3671
54,118,0.238,2.4021
54,119,0.25,2.435
54,120,0.25,2.4679
54,121,0.251,2.4844
54,122,0.252,2.501
54,123,0.252,2.4918
54,124,0.229,2.4826
54,125,0.217,2.4533
54,126,0.195,2.4239
54,127,0.172,2.3783
54,128,0.173,2.3326
54,129,0.162,2.2899
54,130,-0.125,2.2471
54,131,-0.125,2.2021
54,132,-0.125,2.1571
54,133,0.053,2.1004
54,134,0.0,2.0438
54,135,0.032,1.6671
54,136,0.0,1.2904
54,137,-0.021,1.556
54,138,0.0,1.8215
54,139,0.086,2.0182
54,140,0.097,2.215
54,141,0.129,2.31
54,142,0.141,2.4049
54,143,0.152,2.4778
54,144,0.162,2.5507
54,145,0.174,2.5507
54,146,0.194,
54,147,0.216,
54,148,0.216,
54,149,0.215,
54,150,0.226,
54,151,0.226,
54,152,0.226,
54,153,0.249,
54,154,0.249,
54,155,0.261,
54,156,0.261,
54,157,0.262,
54,158,0.263,
54,159,0.251,
54,160,0.252,
54,161,0.253,
54,162,0.229,
54,163,0.23,
54,164,0.23,
54,165,0.219,
54,166,0.196,
54,167,0.197,
54,168,0.162,
54,169,0.163,
54,170,0.163,
54,171,0.141,
54,172,0.119,
54,173,0.119,
54,174,-0.125,
54,175,-0.125,
54,176,-0.063,
54,177,-0.063,
54,178,-0.063,
54,179,0.0,
54,180,0.0,
54,181,-0.011,
54,182,0.0,
55,106,0.096,
55,107,0.129,
55,108,0.162,
55,109,0.173,
55,110,0.174,2.3698
55,111,0.185,2.3698
55,112,0.196,2.3889
55,113,0.207,2.4079
55,114,0.228,2.3916
55,115,0.26,2.3754
55,116,0.26,2.521
55,117,0.26,2.5939
55,118,0.26,2.6286
55,119,0.261,2.6634
55,120,0.25,2.6743
55,121,0.25,2.6852
55,122,0.262,2.6764
55,123,0.252,2.6677
55,124,0.252,2.6489
55,125,0.24,2.6301
55,126,0.241,2.5929
55,127,0.206,2.5558
55,128,0.206,2.4919
55,129,0.184,2.4281
55,130,0.173,2.3827
55,131,0.151,2.3373
55,132,0.14,2.287
55,133,-0.125,2.2366
55,134,-0.125,2.1994
55,135,0.0,2.1621
55,136,0.053,1.7343
55,137,0.0,1.3064
55,138,-0.021,1.5778
55,139,-0.011,1.8492
55,140,0.097,2.0587
55,141,0.119,2.2683
55,142,0.141,2.4003
55,143,0.153,2.5324
55,144,0.163,2.6132
55,145,0.163,2.694
55,146,0.174,2.7906
55,147,0.206,2.9838
55,148,0.216,2.9838
55,149,0.227,
55,150,0.237,
55,151,0.226,
55,152,0.248,
55,153,0.249,
55,154,0.26,
55,155,0.261,
55,156,0.261,
55,157,0.262,
55,158,0.262,
55,159,0.263,
55,160,0.263,
55,161,0.252,
55,162,0.253,
55,163,0.23,
55,164,0.23,
55,165,0.23,
55,166,0.219,
55,167,0.208,
55,168,0.197,
55,169,0.197,
55,170,0.163,
55,171,0.163,
55,172,0.14,
55,173,0.119,
55,174,0.119,
55,175,0.108,
55,176,-0.125,
55,177,-0.073,
55,178,-0.073,
55,179,-0.063,
55,180,-0.011,
55,181,0.0,
55,182,-0.011,
55,183,-0.011,
55,184,0.021,
55,185,-0.011,
56,108,0.14,
56,109,0.163,
56,110,0.185,
56,111,0.186,
56,112,0.197,
56,113,0.208,
56,114,0.218,
56,115,0.261,
56,116,0.282,
56,117,0.282,2.8557
56,118,0.293,2.8557
56,119,0.283,2.8902
56,120,0.283,2.9247
56,121,0.284,2.9136
56,122,0.273,2.9025
56,123,0.274,2.8685
56,124,0.263,2.8344
56,125,0.264,2.806
56,126,0.264,2.7775
56,127,0.253,2.7326
56,128,0.229,2.6877
56,129,0.218,2.6056
56,130,0.195,2.5235
56,131,0.184,2.4755
56,132,0.162,2.4275
56,133,0.151,2.3718
56,134,-0.125,2.3161
56,135,-0.125,2.2983
56,136,0.021,2.2805
56,137,0.053,1.8014
56,138,0.0,1.3223
56,139,-0.032,1.5996
56,140,0.0,1.8769
56,141,0.097,2.0992
56,142,0.13,2.3215
56,143,0.152,2.4907
56,144,0.163,2.6599
56,145,0.175,2.7486
56,146,0.174,2.8373
56,147,0.185,2.9105
56,148,0.228,2.9838
56,149,0.239,2.9838
56,150,0.237,
56,151,0.249,
56,152,0.249,
56,153,0.259,
56,154,0.259,
56,155,0.271,
56,156,0.26,
56,157,0.272,
56,158,0.273,
56,159,0.273,
56,160,0.274,
56,161,0.263,
56,162,0.263,
56,163,0.253,
56,164,0.253,
56,165,0.23,
56,166,0.23,
56,167,0.23,
56,168,0.219,
56,169,0.22,
56,170,0.197,
56,171,0.185,
56,172,0.163,
56,173,0.163,
56,174,0.141,
56,175,0.119,
56,176,0.119,
56,177,-0.125,
56,178,-0.073,
56,179,-0.063,
56,180,-0.063,
56,181,0.0,
56,182,-0.011,
56,183,-0.021,
56,184,0.0,
56,185,0.021,
56,186,-0.011,
56,187,0.109,
56,188,0.121,
56,189,0.121,
57,110,0.184,
57,111,0.196,
57,112,0.196,
57,113,0.219,
57,114,0.228,
57,115,0.261,
57,116,0.271,
57,117,0.282,
57,118,0.293,2.8557
57,119,0.293,2.8557
57,120,0.293,2.9891
57,121,0.294,3.0558
57,122,0.295,3.0425
57,123,0.284,3.0291
57,124,0.285,2.9883
57,125,0.286,2.9475
57,126,0.286,2.9006
57,127,0.275,2.8537
57,128,0.264,2.7984
57,129,0.241,2.7431
57,130,0.229,2.6623
57,131,0.206,2.5816
57,132,0.185,2.5384
57,133,0.174,2.4952
57,134,0.151,2.4215
57,135,0.129,2.3479
57,136,0.107,2.323
57,137,0.053,2.2981
57,138,0.053,1.8059
57,139,0.0,1.3137
57,140,0.053,1.6015
57,141,0.053,1.8892
57,142,0.108,2.1154
57,143,0.131,2.3416
57,144,0.153,2.4823
57,145,0.174,2.623
57,146,0.175,2.7362
57,147,0.185,2.8494
57,148,0.228,2.9585
57,149,0.239,3.0677
57,150,0.239,3.1289
57,151,0.249,3.2512
57,152,0.26,3.2512
57,153,0.259,
57,154,0.259,
57,155,0.271,
57,156,0.271,
57,157,0.271,
57,158,0.272,
57,159,0.273,
57,160,0.273,
57,161,0.273,
57,162,0.274,
57,163,0.263,
57,164,0.264,
57,165,0.253,
57,166,0.253,
57,167,0.23,
57,168,0.231,
57,169,0.22,
57,170,0.22,
57,171,0.197,
57,172,0.186,
57,173,0.163,
57,174,0.163,
57,175,0.152,
57,176,0.119,
57,177,0.119,
57,178,0.108,
57,179,-0.073,
57,180,-0.063,
57,181,-0.063,
57,182,0.011,
57,183,0.011,
57,184,-0.021,
57,185,0.011,
57,186,0.021,
57,187,0.011,
57,188,0.109,
57,189,0.121,
57,190,0.121,
57,191,0.143,
57,192,0.153,
58,113,0.217,
58,114,0.228,
58,115,0.249,
58,116,0.282,
58,117,0.282,
58,118,0.304,
58,119,0.304,
58,120,0.304,
58,121,0.305,3.187
58,122,0.305,3.187
58,123,0.306,3.1713
58,124,0.295,3.1557
58,125,0.296,3.1082
58,126,0.297,3.0606
58,127,0.297,2.9953
58,128,0.286,2.93
58,129,0.275,2.8642
58,130,0.252,2.7984
58,131,0.229,2.7191
58,132,0.207,2.6398
58,133,0.196,2.6013
58,134,0.185,2.5628
58,135,0.162,2.4713
58,136,0.129,2.3797
58,137,0.129,2.3477
58,138,0.064,2.3157
58,139,0.053,1.8104
58,140,0.0,1.3051
58,141,-0.032,1.6033
58,142,0.011,1.9015
58,143,0.13,2.1316
58,144,0.141,2.3617
58,145,0.163,2.4739
58,146,0.174,2.5861
58,147,0.185,2.7238
58,148,0.206,2.8615
58,149,0.228,3.0065
58,150,0.239,3.1515
58,151,0.249,3.2014
58,152,0.259,3.2512
58,153,0.259,3.2512
58,154,0.27,
58,155,0.27,
58,156,0.271,
58,157,0.282,
58,158,0.282,
58,159,0.283,
58,160,0.284,
58,161,0.285,
58,162,0.273,
58,163,0.274,
58,164,0.275,
58,165,0.264,
58,166,0.264,
58,167,0.254,
58,168,0.23,
58,169,0.231,
58,170,0.231,
58,171,0.22,
58,172,0.209,
58,173,0.197,
58,174,0.163,
58,175,0.163,
58,176,0.152,
58,177,0.141,
58,178,0.119,
58,179,0.108,
58,180,-0.073,
58,181,-0.063,
58,182,-0.063,
58,183,0.0,
58,184,0.0,
58,185,-0.011,
58,186,0.0,
58,187,0.011,
58,188,0.0,
58,189,0.11,
58,190,0.12,
58,191,0.131,
58,192,0.143,
58,193,0.153,
58,194,0.164,
58,195,0.196,
59,115,0.26,
59,116,0.282,
59,117,0.293,
59,118,0.293,
59,119,0.304,
59,120,0.315,
59,121,0.316,
59,122,0.316,3.187
59,123,0.316,3.187
59,124,0.317,3.1713
59,125,0.318,3.1557
59,126,0.307,3.1307
59,127,0.307,3.1182
59,128,0.296,3.0547
59,129,0.297,2.9912
59,130,0.285,2.9116
59,131,0.263,2.832
59,132,0.24,2.7464
59,133,0.229,2.6608
59,134,0.207,2.6242
59,135,0.185,2.5877
59,136,0.163,2.4887
59,137,0.14,2.3898
59,138,0.129,2.3561
59,139,0.075,2.3224
59,140,0.064,1.8208
59,141,0.0,1.3191
59,142,-0.032,1.6068
59,143,0.032,1.8944
59,144,0.13,2.1123
59,145,0.141,2.3302
59,146,0.163,2.435
59,147,0.184,2.5398
59,148,0.205,2.717
59,149,0.227,2.8941
59,150,0.238,3.0517
59,151,0.249,3.2093
59,152,0.26,3.2409
59,153,0.259,3.2725
59,154,0.27,3.2839
59,155,0.27,3.3065
59,156,0.282,3.3043
59,157,0.282,3.302
59,158,0.282,3.3005
59,159,0.282,3.2991
59,160,0.294,3.2991
59,161,0.295,
59,162,0.296,
59,163,0.285,
59,164,0.285,
59,165,0.274,
59,166,0.275,
59,167,0.264,
59,168,0.264,
59,169,0.253,
59,170,0.231,
59,171,0.231,
59,172,0.231,
59,173,0.209,
59,174,0.197,
59,175,0.163,
59,176,0.163,
59,177,0.152,
59,178,0.141,
59,179,0.119,
59,180,-0.125,
59,181,-0.073,
59,182,-0.063,
59,183,-0.063,
59,184,-0.021,
59,185,-0.011,
59,186,-0.021,
59,187,-0.011,
59,188,0.021,
59,189,0.077,
59,190,0.099,
59,191,0.11,
59,192,0.121,
59,193,0.143,
59,194,0.153,
59,195,0.186,
59,196,0.196,
59,197,0.207,
59,198,0.228,
60,118,0.304,
60,119,0.304,
60,120,0.326,
60,121,0.326,
60,122,0.327,
60,123,0.327,
60,124,0.328,
60,125,0.328,
60,126,0.318,
60,127,0.318,3.1757
60,128,0.319,3.1757
60,129,0.319,3.1141
60,130,0.32,3.0525
60,131,0.33,2.9591
60,132,0.285,2.8657
60,133,0.251,2.7738
60,134,0.229,2.6819
60,135,0.218,2.6472
60,136,0.185,2.6126
60,137,0.174,2.5062
60,138,0.14,2.3998
60,139,0.129,2.3644
60,140,0.043,2.329
60,141,0.053,1.8311
60,142,0.0,1.3332
60,143,0.032,1.6103
60,144,0.0,1.8874
60,145,0.109,2.093
60,146,0.152,2.2986
60,147,0.173,2.396
60,148,0.194,2.4935
60,149,0.216,2.7101
60,150,0.237,2.9268
60,151,0.249,3.097
60,152,0.26,3.2671
60,153,0.259,3.2805
60,154,0.27,3.2938
60,155,0.27,3.3002
60,156,0.281,3.3065
60,157,0.281,3.3043
60,158,0.293,3.302
60,159,0.294,3.3005
60,160,0.294,3.2991
60,161,0.294,3.2991
60,162,0.306,
60,163,0.296,
60,164,0.296,
60,165,0.285,
60,166,0.285,
60,167,0.275,
60,168,0.275,
60,169,0.264,
60,170,0.253,
60,171,0.254,
60,172,0.231,
60,173,0.231,
60,174,0.22,
60,175,0.197,
60,176,0.186,
60,177,0.164,
60,178,0.163,
60,179,0.152,
60,180,0.119,
60,181,-0.125,
60,182,-0.084,
60,183,-0.063,
60,184,-0.063,
60,185,0.0,
60,186,0.0,
60,187,-0.011,
60,188,0.0,
60,189,0.011,
60,190,0.077,
60,191,0.099,
60,192,0.11,
60,193,0.121,
60,194,0.143,
60,195,0.153,
60,196,0.196,
60,197,0.206,
60,198,0.216,
60,199,0.228,
60,200,0.227,
60,201,0.237,
61,120,0.315,
61,121,0.326,
61,122,0.326,
61,123,0.338,
61,124,0.339,
61,125,0.34,
61,126,0.341,
61,127,0.329,
61,128,0.33,3.1757
61,129,0.33,3.1757
61,130,0.319,3.1371
61,131,0.32,3.1179
61,132,0.343,3.01
61,133,0.342,2.9022
61,134,0.33,2.7947
61,135,0.229,2.6872
61,136,0.229,2.6394
61,137,0.207,2.5916
61,138,0.185,2.4827
61,139,0.151,2.3737
61,140,-0.156,2.3522
61,141,0.0,2.3307
61,142,0.053,1.8286
61,143,0.0,1.3265
61,144,-0.032,1.5973
61,145,0.0,1.868
61,146,0.098,2.0449
61,147,0.172,2.2218
61,148,0.184,2.3132
61,149,0.205,2.4046
61,150,0.227,2.6863
61,151,0.248,2.9681
61,152,0.249,3.1145
61,153,0.259,3.2609
61,154,0.27,3.2765
61,155,0.281,3.2921
61,156,0.281,3.2979
61,157,0.281,3.3037
61,158,0.293,3.3004
61,159,0.293,3.2972
61,160,0.294,3.2978
61,161,0.306,3.2991
61,162,0.306,3.2793
61,163,0.306,3.2594
61,164,0.307,3.2594
61,165,0.296,
61,166,0.297,
61,167,0.285,
61,168,0.275,
61,169,0.275,
61,170,0.276,
61,171,0.264,
61,172,0.254,
61,173,0.231,
61,174,0.231,
61,175,0.22,
61,176,0.208,
61,177,0.197,
61,178,0.163,
61,179,0.163,
61,180,0.152,
61,181,-0.176,
61,182,-0.125,
61,183,-0.084,
61,184,-0.063,
61,185,-0.063,
61,186,0.011,
61,187,0.0,
61,188,-0.011,
61,189,0.0,
61,190,0.043,
61,191,0.077,
61,192,0.089,
61,193,0.11,
61,194,0.121,
61,195,0.132,
61,196,0.143,
61,197,0.196,
61,198,0.206,
61,199,0.217,
61,200,0.227,
61,201,0.227,
61,202,0.237,
61,203,0.248,
61,204,0.248,
61,205,0.259,
62,123,0.338,
62,124,0.35,
62,125,0.339,
62,126,0.34,
62,127,0.341,
62,128,0.341,
62,129,0.331,
62,130,0.331,
62,131,0.32,3.1832
62,132,0.32,3.1832
62,133,0.343,3.0609
62,134,0.343,2.9387
62,135,0.33,2.8156
62,136,0.241,2.6925
62,137,0.218,2.6315
62,138,0.218,2.5706
62,139,0.185,2.4591
62,140,-0.166,2.3476
62,141,-0.156,2.34
62,142,0.0,2.3323
62,143,0.043,1.8261
62,144,0.0,1.3198
62,145,-0.032,1.5842
62,146,0.0,1.8487
62,147,0.14,1.9968
62,148,0.172,2.1449
62,149,0.183,2.2304
62,150,0.205,2.3158
62,151,0.227,2.6626
62,152,0.237,3.0093
62,153,0.259,3.132
62,154,0.27,3.2546
62,155,0.27,3.2725
62,156,0.282,3.2904
62,157,0.281,3.2956
62,158,0.293,3.3008
62,159,0.293,3.2966
62,160,0.293,3.2924
62,161,0.294,3.2924
62,162,0.306,
62,163,0.306,3.2594
62,164,0.307,3.2594
62,165,0.307,3.2594
62,166,0.297,
62,167,0.297,
62,168,0.286,
62,169,0.275,
62,170,0.276,
62,171,0.277,
62,172,0.265,
62,173,0.265,
62,174,0.254,
62,175,0.231,
62,176,0.231,
62,177,0.22,
62,178,0.197,
62,179,0.164,
62,180,0.163,
62,181,0.163,
62,182,-0.177,
62,183,-0.146,
62,184,-0.125,
62,185,-0.063,
62,186,-0.063,
62,187,0.0,
62,188,0.0,
62,189,-0.011,
62,190,0.0,
62,191,0.044,
62,192,0.077,
62,193,0.089,
62,194,0.1,
62,195,0.11,
62,196,0.132,
62,197,0.185,
62,198,0.196,
62,199,0.206,
62,200,0.217,
62,201,0.227,
62,202,0.227,
62,203,0.237,
62,204,0.248,
62,205,0.248,
62,206,0.259,
62,207,0.259,
62,208,0.259,
63,125,0.339,
63,126,0.34,
63,127,0.341,
63,128,0.33,
63,129,0.331,
63,130,0.331,
63,131,0.32,
63,132,0.32,3.1832
63,133,0.321,3.1832
63,134,0.332,3.0609
63,135,0.332,2.9387
63,136,0.32,2.7903
63,137,0.252,2.7161
63,138,0.229,2.6369
63,139,0.218,2.5577
63,140,0.196,2.4523
63,141,-0.176,2.3469
63,142,-0.166,2.3435
63,143,-0.135,2.3401
63,144,-0.063,1.8311
63,145,0.011,1.3221
63,146,-0.032,1.5746
63,147,0.043,1.8271
63,148,0.151,1.9546
63,149,0.183,2.0821
63,150,0.194,2.1686
63,151,0.215,2.255
63,152,0.226,2.6334
63,153,0.249,3.0119
63,154,0.249,3.1294
63,155,0.27,3.2469
63,156,0.27,3.2681
63,157,0.282,3.2893
63,158,0.282,3.2953
63,159,0.282,3.3013
63,160,0.293,3.2992
63,161,0.294,3.297
63,162,0.294,3.2962
63,163,0.306,3.2947
63,164,0.307,3.2837
63,165,0.307,3.2783
63,166,0.308,3.2783
63,167,0.297,
63,168,0.297,
63,169,0.286,
63,170,0.287,
63,171,0.276,
63,172,0.277,
63,173,0.265,
63,174,0.265,
63,175,0.254,
63,176,0.231,
63,177,0.231,
63,178,0.22,
63,179,0.197,
63,180,0.186,
63,181,0.163,
63,182,0.163,
63,183,-0.177,
63,184,-0.146,
63,185,-0.125,
63,186,-0.084,
63,187,-0.063,
63,188,0.0,
63,189,0.0,
63,190,-0.011,
63,191,0.0,
63,192,0.045,
63,193,0.067,
63,194,0.078,
63,195,0.089,
63,196,0.11,
63,197,0.121,
63,198,0.185,
63,199,0.185,
63,200,0.206,
63,201,0.217,
63,202,0.227,
63,203,0.238,
63,204,0.237,
63,205,0.248,
63,206,0.248,
63,207,0.259,
63,208,0.259,
63,209,0.259,
63,210,0.271,
63,211,0.271,
64,128,0.341,
64,129,0.331,
64,130,0.331,
64,131,0.32,
64,132,0.32,
64,133,0.321,
64,134,0.322,
64,135,0.299,
64,136,0.298,
64,137,0.264,2.7397
64,138,0.252,2.7397
64,139,0.23,2.6422
64,140,0.218,2.5447
64,141,0.207,2.4455
64,142,-0.176,2.3463
64,143,-0.166,2.3471
64,144,-0.146,2.3479
64,145,-0.063,1.8361
64,146,0.0,1.3243
64,147,-0.032,1.565
64,148,0.0,1.8056
64,149,0.14,1.9125
64,150,0.172,2.0193
64,151,0.194,2.1067
64,152,0.205,2.1941
64,153,0.226,2.6043
64,154,0.237,3.0145
64,155,0.249,3.1268
64,156,0.26,3.2391
64,157,0.271,3.2637
64,158,0.282,3.2882
64,159,0.282,3.295
64,160,0.282,3.3018
64,161,0.294,3.3017
64,162,0.294,3.3017
64,163,0.294,3.2982
64,164,0.295,3.2947
64,165,0.307,3.2959
64,166,0.308,3.2971
64,167,0.309,3.2971
64,168,0.298,
64,169,0.298,
64,170,0.287,
64,171,0.287,
64,172,0.276,
64,173,0.277,
64,174,0.277,
64,175,0.265,
64,176,0.254,
64,177,0.231,
64,178,0.231,
64,179,0.22,
64,180,0.208,
64,181,0.186,
64,182,0.163,
64,183,-0.187,
64,184,-0.177,
64,185,-0.156,
64,186,-0.125,
64,187,-0.084,
64,188,-0.063,
64,189,0.0,
64,190,0.0,
64,191,-0.021,
64,192,0.0,
64,193,0.045,
64,194,0.056,
64,195,0.079,
64,196,0.089,
64,197,0.11,
64,198,0.131,
64,199,0.174,
64,200,0.185,
64,201,0.196,
64,202,0.206,
64,203,0.227,
64,204,0.238,
64,205,0.237,
64,206,0.237,
64,207,0.248,
64,208,0.259,
64,209,0.26,
64,210,0.26,
64,211,0.271,
64,212,0.271,
64,213,0.272,
64,214,0.273,
65,130,0.331,
65,131,0.32,
65,132,0.321,
65,133,0.321,
65,134,0.322,
65,135,0.322,
65,136,0.31,
65,137,0.299,
65,138,0.275,2.77
65,139,0.252,2.77
65,140,0.241,2.6534
65,141,0.23,2.5369
65,142,0.207,2.4464
65,143,-0.176,2.3559
65,144,-0.166,2.3537
65,145,-0.156,2.3516
65,146,-0.063,1.8686
65,147,-0.021,1.3856
65,148,-0.042,1.5974
65,149,-0.052,1.8093
65,150,0.151,1.9231
65,151,0.172,2.037
65,152,0.194,2.1254
65,153,0.216,2.2139
65,154,0.227,2.594
65,155,0.238,2.9742
65,156,0.249,3.0984
65,157,0.26,3.2226
65,158,0.271,3.2509
65,159,0.271,3.2792
65,160,0.283,3.2885
65,161,0.283,3.2977
65,162,0.283,3.2994
65,163,0.295,3.3011
65,164,0.295,3.3018
65,165,0.296,3.3025
65,166,0.297,3.3037
65,167,0.297,3.305
65,168,0.298,3.3102
65,169,0.298,3.3207
65,170,0.298,3.3207
65,171,0.287,
65,172,0.287,
65,173,0.277,
65,174,0.277,
65,175,0.277,
65,176,0.266,
65,177,0.266,
65,178,0.254,
65,179,0.231,
65,180,0.22,
65,181,0.209,
65,182,0.197,
65,183,0.163,
65,184,-0.187,
65,185,-0.177,
65,186,-0.156,
65,187,-0.125,
65,188,-0.084,
65,189,-0.063,
65,190,0.011,
65,191,0.0,
65,192,-0.021,
65,193,0.011,
65,194,0.033,
65,195,0.077,
65,196,0.078,
65,197,0.089,
65,198,0.12,
65,199,0.142,
65,200,0.174,
65,201,0.185,
65,202,0.195,
65,203,0.206,
65,204,0.216,
65,205,0.238,
65,206,0.237,
65,207,0.237,
65,208,0.248,
65,209,0.248,
65,210,0.26,
65,211,0.26,
65,212,0.26,
65,213,0.261,
65,214,0.261,
65,215,0.262,
65,216,0.273,
65,217,0.274,
65,218,0.275,
66,133,0.321,
66,134,0.322,
66,135,0.323,
66,136,0.311,
66,137,0.3,
66,138,0.299,
66,139,0.276,2.8002
66,140,0.253,2.8002
66,141,0.241,2.6646
66,142,0.23,2.529
66,143,0.208,2.4472
66,144,-0.176,2.3655
66,145,-0.176,2.3604
66,146,-0.156,2.3553
66,147,-0.073,1.901
66,148,0.011,1.4468
66,149,-0.042,1.6299
66,150,0.0,1.813
66,151,0.118,1.9338
66,152,0.172,2.0546
66,153,0.183,2.1441
66,154,0.205,2.2336
66,155,0.227,2.5837
66,156,0.238,2.9338
66,157,0.249,3.0699
66,158,0.26,3.2061
66,159,0.26,3.2382
66,160,0.272,3.2703
66,161,0.271,3.2819
66,162,0.283,3.2936
66,163,0.283,3.297
66,164,0.296,3.3005
66,165,0.296,3.3054
66,166,0.297,3.3103
66,167,0.297,3.3116
66,168,0.298,3.3128
66,169,0.298,3.3168
66,170,0.298,3.3207
66,171,0.299,3.3207
66,172,0.287,
66,173,0.288,
66,174,0.277,
66,175,0.277,
66,176,0.277,
66,177,0.266,
66,178,0.266,
66,179,0.255,
66,180,0.243,
66,181,0.22,
66,182,0.22,
66,183,0.197,
66,184,0.163,
66,185,-0.187,
66,186,-0.177,
66,187,-0.156,
66,188,-0.125,
66,189,-0.094,
66,190,-0.063,
66,191,-0.011,
66,192,0.0,
66,193,-0.021,
66,194,0.0,
66,195,0.033,
66,196,0.056,
66,197,0.078,
66,198,0.089,
66,199,0.12,
66,200,0.12,
66,201,0.163,
66,202,0.185,
66,203,0.195,
66,204,0.206,
66,205,0.206,
66,206,0.238,
66,207,0.237,
66,208,0.237,
66,209,0.248,
66,210,0.249,
66,211,0.26,
66,212,0.26,
66,213,0.26,
66,214,0.261,
66,215,0.262,
66,216,0.262,
66,217,0.274,
66,218,0.275,
66,219,0.275,
66,220,0.276,
66,221,0.265,
67,136,0.311,
67,137,0.312,
67,138,0.3,
67,139,0.3,
67,140,0.289,2.8002
67,141,0.265,2.8002
67,142,0.242,2.6646
67,143,0.23,2.529
67,144,0.219,2.4472
67,145,-0.187,2.3655
67,146,-0.176,2.3594
67,147,-0.166,2.3564
67,148,-0.084,1.9032
67,149,-0.021,1.4501
67,150,-0.063,1.6363
67,151,-0.073,1.8225
67,152,0.14,1.943
67,153,0.161,2.0635
67,154,0.194,2.1688
67,155,0.216,2.274
67,156,0.227,2.5564
67,157,0.238,2.8388
67,158,0.249,2.9967
67,159,0.261,3.1547
67,160,0.261,3.2025
67,161,0.272,3.2503
67,162,0.272,3.2677
67,163,0.284,3.2852
67,164,0.284,3.2899
67,165,0.284,3.2946
67,166,0.296,3.3022
67,167,0.297,3.3098
67,168,0.298,3.3106
67,169,0.299,3.3115
67,170,0.298,3.3145
67,171,0.299,3.3175
67,172,0.287,3.3175
67,173,0.289,
67,174,0.288,
67,175,0.278,
67,176,0.277,
67,177,0.278,
67,178,0.266,
67,179,0.267,
67,180,0.255,
67,181,0.243,
67,182,0.232,
67,183,0.22,
67,184,0.197,
67,185,0.163,
67,186,-0.197,
67,187,-0.187,
67,188,-0.156,
67,189,-0.136,
67,190,-0.094,
67,191,-0.073,
67,192,-0.011,
67,193,0.0,
67,194,-0.021,
67,195,-0.011,
67,196,0.043,
67,197,0.076,
67,198,0.078,
67,199,0.119,
67,200,0.12,
67,201,0.141,
67,202,0.163,
67,203,0.184,
67,204,0.184,
67,205,0.194,
67,206,0.205,
67,207,0.216,
67,208,0.237,
67,209,0.237,
67,210,0.237,
67,211,0.249,
67,212,0.26,
67,213,0.261,
67,214,0.261,
67,215,0.261,
67,216,0.261,
67,217,0.262,
67,218,0.263,
67,219,0.275,
67,220,0.276,
67,221,0.265,
67,222,0.265,
67,223,0.265,
67,224,0.266,
68,138,0.313,
68,139,0.312,
68,140,0.301,
68,141,0.278,
68,142,0.266,
68,143,0.254,
68,144,0.231,
68,145,0.219,
68,146,-0.187,
68,147,-0.187,2.3575
68,148,-0.146,2.3575
68,149,-0.094,1.9054
68,150,0.011,1.4534
68,151,-0.063,1.6427
68,152,-0.084,1.8321
68,153,0.129,1.9523
68,154,0.15,2.0724
68,155,0.172,2.1934
68,156,0.205,2.3144
68,157,0.216,2.5291
68,158,0.227,2.7438
68,159,0.238,2.9235
68,160,0.25,3.1033
68,161,0.261,3.1668
68,162,0.273,3.2303
68,163,0.273,3.2535
68,164,0.284,3.2768
68,165,0.284,3.2827
68,166,0.285,3.2886
68,167,0.297,3.2989
68,168,0.297,3.3092
68,169,0.298,3.3097
68,170,0.298,3.3101
68,171,0.299,3.3122
68,172,0.3,3.3143
68,173,0.289,3.3143
68,174,0.288,
68,175,0.289,
68,176,0.278,
68,177,0.278,
68,178,0.278,
68,179,0.267,
68,180,0.267,
68,181,0.255,
68,182,0.243,
68,183,0.232,
68,184,0.221,
68,185,0.198,
68,186,0.164,
68,187,-0.197,
68,188,-0.187,
68,189,-0.156,
68,190,-0.136,
68,191,-0.094,
68,192,-0.073,
68,193,0.0,
68,194,0.0,
68,195,-0.021,
68,196,0.0,
68,197,0.032,
68,198,0.065,
68,199,0.077,
68,200,0.119,
68,201,0.119,
68,202,0.119,
68,203,0.162,
68,204,0.173,
68,205,0.184,
68,206,0.194,
68,207,0.205,
68,208,0.216,
68,209,0.216,
68,210,0.237,
68,211,0.238,
68,212,0.237,
68,213,0.249,
68,214,0.249,
68,215,0.261,
68,216,0.261,
68,217,0.262,
68,218,0.263,
68,219,0.264,
68,220,0.264,
68,221,0.265,
68,222,0.265,
68,223,0.265,
68,224,0.266,
68,225,0.266,
68,226,0.267,
68,227,0.255,
69,141,0.302,
69,142,0.278,
69,143,0.266,
69,144,0.255,
69,145,0.231,
69,146,0.22,
69,147,-0.187,
69,148,-0.177,2.3575
69,149,-0.166,2.3575
69,150,-0.125,1.9054
69,151,0.021,1.4534
69,152,-0.073,1.7104
69,153,-0.104,1.839
69,154,0.128,1.9708
69,155,0.15,2.1026
69,156,0.172,2.2128
69,157,0.194,2.323
69,158,0.205,2.5042
69,159,0.228,2.6855
69,160,0.239,2.8493
69,161,0.25,3.0132
69,162,0.261,3.0958
69,163,0.262,3.1785
69,164,0.273,3.2155
69,165,0.274,3.2525
69,166,0.285,3.265
69,167,0.286,3.2774
69,168,0.286,3.2892
69,169,0.298,3.301
69,170,0.298,3.3043
69,171,0.299,3.3077
69,172,0.299,3.3099
69,173,0.289,3.3121
69,174,0.289,3.3114
69,175,0.289,3.3098
69,176,0.278,3.3097
69,177,0.278,3.3095
69,178,0.278,3.3095
69,179,0.278,
69,180,0.267,
69,181,0.268,
69,182,0.255,
69,183,0.255,
69,184,0.232,
69,185,0.221,
69,186,0.198,
69,187,0.163,
69,188,-0.197,
69,189,-0.187,
69,190,-0.156,
69,191,-0.125,
69,192,-0.115,
69,193,-0.073,
69,194,-0.011,
69,195,0.0,
69,196,-0.021,
69,197,0.0,
69,198,0.021,
69,199,0.065,
69,200,0.108,
69,201,0.119,
69,202,0.119,
69,203,0.14,
69,204,0.152,
69,205,0.173,
69,206,0.184,
69,207,0.194,
69,208,0.194,
69,209,0.205,
69,210,0.216,
69,211,0.238,
69,212,0.238,
69,213,0.237,
69,214,0.238,
69,215,0.25,
69,216,0.25,
69,217,0.25,
69,218,0.251,
69,219,0.263,
69,220,0.264,
69,221,0.265,
69,222,0.265,
69,223,0.265,
69,224,0.266,
69,225,0.266,
69,226,0.267,
69,227,0.255,
69,228,0.256,
69,229,0.256,
69,230,0.256,
70,143,0.291,
70,144,0.267,
70,145,0.255,
70,146,0.232,
70,147,0.22,
70,148,-0.187,
70,149,-0.167,
70,150,-0.167,
70,151,-0.125,
70,152,0.0,
70,153,-0.052,1.8459
70,154,-0.104,1.8459
70,155,0.118,1.9893
70,156,0.139,2.1328
70,157,0.161,2.2322
70,158,0.183,2.3317
70,159,0.194,2.4794
70,160,0.206,2.6271
70,161,0.217,2.7751
70,162,0.239,2.923
70,163,0.25,3.0249
70,164,0.262,3.1268
70,165,0.262,3.1775
70,166,0.274,3.2283
70,167,0.274,3.2473
70,168,0.286,3.2663
70,169,0.286,3.2795
70,170,0.287,3.2927
70,171,0.299,3.299
70,172,0.3,3.3053
70,173,0.3,3.3076
70,174,0.289,3.31
70,175,0.289,3.3099
70,176,0.289,3.3098
70,177,0.278,3.3097
70,178,0.278,3.3095
70,179,0.278,3.3095
70,180,0.278,
70,181,0.268,
70,182,0.267,
70,183,0.255,
70,184,0.255,
70,185,0.233,
70,186,0.221,
70,187,0.198,
70,188,0.164,
70,189,-0.197,
70,190,-0.187,
70,191,-0.156,
70,192,-0.125,
70,193,-0.094,
70,194,-0.073,
70,195,0.0,
70,196,0.0,
70,197,-0.011,
70,198,0.011,
70,199,0.021,
70,200,0.064,
70,201,0.097,
70,202,0.108,
70,203,0.119,
70,204,0.119,
70,205,0.151,
70,206,0.162,
70,207,0.173,
70,208,0.183,
70,209,0.194,
70,210,0.205,
70,211,0.205,
70,212,0.215,
70,213,0.238,
70,214,0.238,
70,215,0.238,
70,216,0.25,
70,217,0.25,
70,218,0.25,
70,219,0.251,
70,220,0.252,
70,221,0.263,
70,222,0.264,
70,223,0.265,
70,224,0.265,
70,225,0.266,
70,226,0.254,
70,227,0.255,
70,228,0.255,
70,229,0.256,
70,230,0.256,
70,231,0.245,
70,232,0.244,
70,233,0.245,
70,234,0.245,
71,146,0.244,
71,147,0.232,
71,148,0.209,
71,149,-0.187,
71,150,-0.176,
71,151,-0.167,
71,152,-0.105,
71,153,-0.021,
71,154,-0.084,1.8476
71,155,0.096,1.8476
71,156,0.118,1.9993
71,157,0.139,2.151
71,158,0.161,2.2351
71,159,0.172,2.3192
71,160,0.183,2.4563
71,161,0.206,2.5934
71,162,0.206,2.7241
71,163,0.228,2.8547
71,164,0.239,2.9505
71,165,0.239,3.0462
71,166,0.25,3.1076
71,167,0.262,3.169
71,168,0.262,3.1995
71,169,0.275,3.23
71,170,0.286,3.2501
71,171,0.287,3.2702
71,172,0.287,3.2785
71,173,0.289,3.2869
71,174,0.289,3.292
71,175,0.289,3.2972
71,176,0.278,3.2987
71,177,0.278,3.3002
71,178,0.278,3.3041
71,179,0.278,3.308
71,180,0.267,3.3035
71,181,0.268,3.2945
71,182,0.268,3.2794
71,183,0.255,3.2642
71,184,0.256,3.2642
71,185,0.244,
71,186,0.232,
71,187,0.221,
71,188,0.198,
71,189,0.164,
71,190,-0.187,
71,191,-0.177,
71,192,-0.156,
71,193,-0.125,
71,194,-0.094,
71,195,-0.073,
71,196,-0.032,
71,197,0.0,
71,198,-0.021,
71,199,0.0,
71,200,0.011,
71,201,0.064,
71,202,0.096,
71,203,0.107,
71,204,0.118,
71,205,0.119,
71,206,0.15,
71,207,0.161,
71,208,0.173,
71,209,0.183,
71,210,0.183,
71,211,0.205,
71,212,0.205,
71,213,0.216,
71,214,0.238,
71,215,0.238,
71,216,0.238,
71,217,0.238,
71,218,0.238,
71,219,0.239,
71,220,0.251,
71,221,0.251,
71,222,0.252,
71,223,0.253,
71,224,0.253,
71,225,0.254,
71,226,0.254,
71,227,0.254,
71,228,0.255,
71,229,0.243,
71,230,0.244,
71,231,0.244,
71,232,0.245,
71,233,0.245,
71,234,0.245,
71,235,0.245,
71,236,0.233,
71,237,0.221,
72,149,0.198,
72,150,-0.176,
72,151,-0.166,
72,152,-0.156,
72,153,-0.094,
72,154,0.021,
72,155,-0.063,1.8493
72,156,-0.084,1.8493
72,157,0.118,2.0092
72,158,0.128,2.1692
72,159,0.15,2.238
72,160,0.161,2.3068
72,161,0.172,2.4332
72,162,0.183,2.5596
72,163,0.194,2.673
72,164,0.206,2.7864
72,165,0.217,2.876
72,166,0.228,2.9656
72,167,0.239,3.0377
72,168,0.251,3.1098
72,169,0.262,3.1518
72,170,0.274,3.1938
72,171,0.274,3.2207
72,172,0.275,3.2476
72,173,0.287,3.258
72,174,0.288,3.2685
72,175,0.288,3.2765
72,176,0.278,3.2845
72,177,0.277,3.2875
72,178,0.278,3.2906
72,179,0.267,3.2986
72,180,0.267,3.3065
72,181,0.267,3.3005
72,182,0.268,3.2945
72,183,0.256,3.2794
72,184,0.256,3.2642
72,185,0.244,3.2642
72,186,0.233,
72,187,0.221,
72,188,0.21,
72,189,0.198,
72,190,0.164,
72,191,0.152,
72,192,-0.177,
72,193,-0.146,
72,194,-0.115,
72,195,-0.094,
72,196,-0.073,
72,197,-0.011,
72,198,0.0,
72,199,-0.021,
72,200,0.0,
72,201,0.011,
72,202,0.011,
72,203,0.086,
72,204,0.107,
72,205,0.119,
72,206,0.118,
72,207,0.14,
72,208,0.15,
72,209,0.162,
72,210,0.172,
72,211,0.183,
72,212,0.194,
72,213,0.205,
72,214,0.205,
72,215,0.216,
72,216,0.238,
72,217,0.238,
72,218,0.238,
72,219,0.238,
72,220,0.239,
72,221,0.24,
72,222,0.24,
72,223,0.252,
72,224,0.241,
72,225,0.242,
72,226,0.243,
72,227,0.242,
72,228,0.243,
72,229,0.243,
72,230,0.243,
72,231,0.244,
72,232,0.245,
72,233,0.245,
72,234,0.245,
72,235,0.234,
72,236,0.233,
72,237,0.222,
72,238,0.221,
72,239,0.222,
72,240,0.209,
73,151,-0.176,
73,152,-0.166,
73,153,-0.156,
73,154,-0.084,
73,155,0.021,
73,156,-0.073,1.8441
73,157,0.085,1.8441
73,158,0.107,1.9827
73,159,0.128,2.1213
73,160,0.15,2.2005
73,161,0.161,2.2796
73,162,0.172,2.3992
73,163,0.184,2.5188
73,164,0.184,2.6263
73,165,0.195,2.7339
73,166,0.206,2.8137
73,167,0.217,2.8935
73,168,0.229,2.9617
73,169,0.24,3.0299
73,170,0.24,3.0786
73,171,0.252,3.1273
73,172,0.263,3.1641
73,173,0.264,3.2008
73,174,0.264,3.2213
73,175,0.264,3.2418
73,176,0.265,3.2511
73,177,0.265,3.2605
73,178,0.266,3.2678
73,179,0.254,3.2751
73,180,0.255,3.2869
73,181,0.255,3.2986
73,182,0.256,3.2913
73,183,0.244,3.284
73,184,0.245,3.2665
73,185,0.244,3.249
73,186,0.233,3.1893
73,187,0.221,3.0699
73,188,0.221,2.9013
73,189,0.198,2.7326
73,190,0.186,2.7326
73,191,0.164,
73,192,0.152,
73,193,-0.177,
73,194,-0.146,
73,195,-0.115,
73,196,-0.094,
73,197,-0.073,
73,198,-0.021,
73,199,-0.011,
73,200,-0.021,
73,201,-0.011,
73,202,0.032,
73,203,-0.021,
73,204,0.086,
73,205,0.096,
73,206,0.118,
73,207,0.118,
73,208,0.118,
73,209,0.15,
73,210,0.161,
73,211,0.172,
73,212,0.183,
73,213,0.183,
73,214,0.194,
73,215,0.205,
73,216,0.216,
73,217,0.238,
73,218,0.238,
73,219,0.238,
73,220,0.239,
73,221,0.24,
73,222,0.24,
73,223,0.24,
73,224,0.241,
73,225,0.241,
73,226,0.242,
73,227,0.242,
73,228,0.242,
73,229,0.243,
73,230,0.243,
73,231,0.232,
73,232,0.232,
73,233,0.233,
73,234,0.234,
73,235,0.233,
73,236,0.222,
73,237,0.222,
73,238,0.21,
73,239,0.21,
73,240,0.199,
73,241,0.199,
73,242,0.187,
73,243,0.187,
74,154,-0.135,
74,155,-0.084,
74,156,-0.032,
74,157,-0.063,1.839
74,158,0.085,1.839
74,159,0.107,1.9562
74,160,0.128,2.0735
74,161,0.139,2.163
74,162,0.15,2.2525
74,163,0.162,2.3652
74,164,0.173,2.4779
74,165,0.173,2.5796
74,166,0.184,2.6813
74,167,0.195,2.7514
74,168,0.206,2.8214
74,169,0.217,2.8857
74,170,0.217,2.95
74,171,0.229,3.0055
74,172,0.24,3.0609
74,173,0.241,3.1074
74,174,0.241,3.154
74,175,0.253,3.1846
74,176,0.253,3.2151
74,177,0.253,3.2258
74,178,0.254,3.2364
74,179,0.254,3.248
74,180,0.243,3.2595
74,181,0.243,3.2752
74,182,0.232,3.2908
74,183,0.243,3.2821
74,184,0.232,3.2735
74,185,0.221,3.2536
74,186,0.221,3.2337
74,187,0.221,3.1518
74,188,0.21,3.0699
74,189,0.209,2.9013
74,190,0.187,2.7326
74,191,0.164,2.7326
74,192,0.164,
74,193,0.153,
74,194,-0.156,
74,195,-0.125,
74,196,-0.115,
74,197,-0.084,
74,198,-0.063,
74,199,0.0,
74,200,0.0,
74,201,-0.021,
74,202,0.0,
74,203,-0.011,
74,204,0.0,
74,205,0.021,
74,206,0.075,
74,207,0.107,
74,208,0.118,
74,209,0.118,
74,210,0.118,
74,211,0.151,
74,212,0.161,
74,213,0.172,
74,214,0.183,
74,215,0.194,
74,216,0.194,
74,217,0.205,
74,218,0.216,
74,219,0.238,
74,220,0.238,
74,221,0.238,
74,222,0.239,
74,223,0.24,
74,224,0.24,
74,225,0.24,
74,226,0.241,
74,227,0.241,
74,228,0.242,
74,229,0.242,
74,230,0.243,
74,231,0.231,
74,232,0.232,
74,233,0.221,
74,234,0.221,
74,235,0.221,
74,236,0.222,
74,237,0.21,
74,238,0.21,
74,239,0.21,
74,240,0.199,
74,241,0.199,
74,242,0.187,
74,243,0.187,
74,244,0.187,
74,245,0.153,
74,246,0.153,
74,247,0.142,
75,156,-0.084,
75,157,0.043,
75,158,0.064,1.839
75,159,0.064,1.839
75,160,0.107,1.9676
75,161,0.118,2.0318
75,162,0.129,2.1294
75,163,0.15,2.2269
75,164,0.151,2.3238
75,165,0.162,2.4206
75,166,0.173,2.5088
75,167,0.173,2.597
75,168,0.184,2.6577
75,169,0.196,2.7185
75,170,0.206,2.7621
75,171,0.206,2.8057
75,172,0.217,2.8537
75,173,0.229,2.9018
75,174,0.229,2.9713
75,175,0.229,3.0407
75,176,0.23,3.0783
75,177,0.23,3.1159
75,178,0.242,3.1403
75,179,0.231,3.1648
75,180,0.231,3.1859
75,181,0.231,3.2071
75,182,0.232,3.2271
75,183,0.232,3.2471
75,184,0.221,3.2332
75,185,0.221,3.2192
75,186,0.221,3.1887
75,187,0.221,3.1582
75,188,0.209,3.0801
75,189,0.198,3.002
75,190,0.198,2.8891
75,191,0.164,2.7762
75,192,0.164,2.7687
75,193,0.153,2.7537
75,194,0.153,2.5966
75,195,0.119,2.4396
75,196,-0.125,2.3732
75,197,-0.105,2.3068
75,198,-0.084,2.3068
75,199,-0.073,
75,200,0.021,
75,201,0.011,
75,202,-0.021,
75,203,0.021,
75,204,0.032,
75,205,0.032,
75,206,0.064,
75,207,0.075,
75,208,0.096,
75,209,0.107,
75,210,0.118,
75,211,0.118,
75,212,0.139,
75,213,0.15,
75,214,0.161,
75,215,0.172,
75,216,0.183,
75,217,0.194,
75,218,0.205,
75,219,0.205,
75,220,0.216,
75,221,0.238,
75,222,0.238,
75,223,0.239,
75,224,0.239,
75,225,0.24,
75,226,0.24,
75,227,0.241,
75,228,0.241,
75,229,0.241,
75,230,0.242,
75,231,0.22,
75,232,0.22,
75,233,0.22,
75,234,0.22,
75,235,0.209,
75,236,0.21,
75,237,0.21,
75,238,0.21,
75,239,0.21,
75,240,0.199,
75,241,0.187,
75,242,0.187,
75,243,0.187,
75,244,0.176,
75,245,0.164,
75,246,0.153,
75,247,0.153,
75,248,0.142,
75,249,0.13,
75,250,0.13,
76,159,-0.052,
76,160,0.064,
76,161,0.086,1.9902
76,162,0.107,1.9902
76,163,0.118,2.0958
76,164,0.129,2.2013
76,165,0.14,2.2824
76,166,0.151,2.3634
76,167,0.162,2.438
76,168,0.173,2.5126
76,169,0.173,2.5641
76,170,0.184,2.6156
76,171,0.184,2.6385
76,172,0.195,2.6613
76,173,0.206,2.702
76,174,0.217,2.7427
76,175,0.217,2.8351
76,176,0.218,2.9275
76,177,0.218,2.972
76,178,0.219,3.0166
76,179,0.219,3.0548
76,180,0.219,3.0931
76,181,0.23,3.1239
76,182,0.22,3.1546
76,183,0.22,3.179
76,184,0.22,3.2035
76,185,0.22,3.1842
76,186,0.209,3.1648
76,187,0.209,3.1238
76,188,0.198,3.0828
76,189,0.198,3.0084
76,190,0.187,2.9341
76,191,0.164,2.8769
76,192,0.164,2.8197
76,193,0.164,2.7867
76,194,0.153,2.7537
76,195,0.119,2.5966
76,196,0.119,2.4396
76,197,-0.115,2.3732
76,198,-0.094,2.3068
76,199,-0.073,2.3068
76,200,-0.063,
76,201,0.0,
76,202,0.0,
76,203,-0.021,
76,204,0.0,
76,205,-0.011,
76,206,0.0,
76,207,0.021,
76,208,0.053,
76,209,0.086,
76,210,0.096,
76,211,0.118,
76,212,0.118,
76,213,0.118,
76,214,0.139,
76,215,0.15,
76,216,0.161,
76,217,0.172,
76,218,0.183,
76,219,0.194,
76,220,0.205,
76,221,0.216,
76,222,0.238,
76,223,0.238,
76,224,0.239,
76,225,0.239,
76,226,0.239,
76,227,0.24,
76,228,0.241,
76,229,0.241,
76,230,0.241,
76,231,0.219,
76,232,0.219,
76,233,0.208,
76,234,0.209,
76,235,0.208,
76,236,0.209,
76,237,0.21,
76,238,0.21,
76,239,0.198,
76,240,0.198,
76,241,0.187,
76,242,0.187,
76,243,0.187,
76,244,0.164,
76,245,0.164,
76,246,0.153,
76,247,0.153,
76,248,0.13,
76,249,0.13,
76,250,0.13,
76,251,-0.125,
76,252,-0.125,
76,253,-0.115,
77,162,-0.073,1.9902
77,163,-0.084,1.9902
77,164,0.107,2.0958
77,165,0.118,2.2013
77,166,0.129,2.2711
77,167,0.14,2.306
77,168,0.14,2.3565
77,169,0.151,2.407
77,170,0.162,2.442
77,171,0.162,2.4769
77,172,0.173,2.4694
77,173,0.173,2.4618
77,174,0.184,2.4508
77,175,0.195,2.4397
77,176,0.239,2.5792
77,177,0.24,2.7186
77,178,0.24,2.7835
77,179,0.207,2.8484
77,180,0.24,2.8744
77,181,0.207,2.9004
77,182,0.241,2.9075
77,183,0.208,2.9146
77,184,0.208,2.8982
77,185,0.208,2.8818
77,186,0.209,2.8636
77,187,0.198,2.8455
77,188,0.198,2.8164
77,189,0.186,2.7873
77,190,0.163,2.7469
77,191,0.164,2.7065
77,192,0.164,2.6756
77,193,0.141,2.6448
77,194,0.153,2.6271
77,195,0.141,2.6095
77,196,0.119,2.5194
77,197,-0.125,2.4293
77,198,-0.115,2.3781
77,199,-0.084,2.3269
77,200,-0.073,2.3325
77,201,-0.063,2.3436
77,202,0.0,2.3436
77,203,0.0,
77,204,-0.011,
77,205,0.0,
77,206,-0.011,
77,207,0.0,
77,208,0.011,
77,209,-0.042,
77,210,-0.063,
77,211,0.096,
77,212,0.108,
77,213,0.118,
77,214,0.118,
77,215,0.118,
77,216,0.139,
77,217,0.15,
77,218,0.172,
77,219,0.172,
77,220,0.194,
77,221,0.205,
77,222,0.205,
77,223,0.205,
77,224,0.238,
77,225,0.239,
77,226,0.239,
77,227,0.239,
77,228,0.24,
77,229,0.24,
77,230,0.241,
77,231,0.241,
77,232,0.241,
77,233,0.219,
77,234,0.219,
77,235,0.208,
77,236,0.208,
77,237,0.197,
77,238,0.198,
77,239,0.198,
77,240,0.198,
77,241,0.187,
77,242,0.187,
77,243,0.175,
77,244,0.164,
77,245,0.164,
77,246,0.153,
77,247,0.13,
77,248,0.13,
77,249,0.13,
77,250,0.13,
77,251,-0.125,
77,252,-0.125,
77,253,-0.115,
77,254,-0.105,
77,255,-0.105,
77,256,-0.094,
78,165,-0.094,
78,166,-0.105,
78,167,0.107,2.2485
78,168,0.118,2.2485
78,169,0.129,2.275
78,170,0.129,2.3015
78,171,0.14,2.3198
78,172,0.14,2.3382
78,173,0.151,2.3003
78,174,0.162,2.2623
78,175,0.173,2.1995
78,176,0.239,2.1367
78,177,0.25,2.3232
78,178,0.25,2.5097
78,179,0.25,2.595
78,180,0.251,2.6803
78,181,0.24,2.694
78,182,0.219,2.7077
78,183,0.23,2.6912
78,184,0.219,2.6746
78,185,0.219,2.6173
78,186,0.208,2.5601
78,187,0.208,2.5431
78,188,0.186,2.5261
78,189,0.175,2.509
78,190,0.163,2.4918
78,191,0.152,2.4853
78,192,0.141,2.4789
78,193,0.141,2.4744
78,194,0.13,2.4699
78,195,0.13,2.4676
78,196,0.119,2.4653
78,197,-0.125,2.4422
78,198,-0.115,2.419
78,199,-0.115,2.383
78,200,-0.084,2.3469
78,201,-0.073,2.3453
78,202,-0.063,2.3436
78,203,0.0,2.3436
78,204,0.0,
78,205,-0.021,
78,206,0.0,
78,207,0.011,
78,208,0.0,
78,209,0.011,
78,210,-0.042,
78,211,-0.052,
78,212,-0.063,
78,213,0.097,
78,214,0.096,
78,215,0.118,
78,216,0.118,
78,217,0.118,
78,218,0.139,
78,219,0.172,
78,220,0.183,
78,221,0.194,
78,222,0.205,
78,223,0.205,
78,224,0.216,
78,225,0.238,
78,226,0.238,
78,227,0.239,
78,228,0.239,
78,229,0.239,
78,230,0.24,
78,231,0.24,
78,232,0.241,
78,233,0.241,
78,234,0.207,
78,235,0.207,
78,236,0.208,
78,237,0.208,
78,238,0.197,
78,239,0.209,
78,240,0.198,
78,241,0.187,
78,242,0.186,
78,243,0.175,
78,244,0.165,
78,245,0.164,
78,246,0.141,
78,247,0.13,
78,248,-0.135,
78,249,-0.135,
78,250,-0.135,
78,251,-0.125,
78,252,-0.125,
78,253,-0.125,
78,254,-0.105,
78,255,-0.105,
78,256,-0.105,
78,257,-0.094,
78,258,-0.073,
78,259,-0.073,
78,260,0.0,
79,167,-0.084,
79,168,-0.105,2.2485
79,169,-0.105,2.2485
79,170,-0.105,2.269
79,171,-0.115,2.2793
79,172,0.118,2.2989
79,173,0.129,2.3382
79,174,0.129,2.278
79,175,0.129,2.2478
79,176,0.14,2.1117
79,177,0.14,1.9755
79,178,0.239,2.0218
79,179,0.239,2.0681
79,180,0.262,2.14
79,181,0.262,2.2119
79,182,0.263,2.2285
79,183,0.218,2.2451
79,184,0.252,2.2896
79,185,0.218,2.334
79,186,0.218,2.4154
79,187,-0.156,2.4969
79,188,-0.156,2.5056
79,189,-0.156,2.5142
79,190,-0.146,2.5054
79,191,-0.146,2.4966
79,192,-0.146,2.4898
79,193,-0.125,2.483
79,194,-0.125,2.4819
79,195,-0.125,2.4808
79,196,-0.125,2.4933
79,197,-0.125,2.5057
79,198,-0.115,2.5012
79,199,-0.115,2.4967
79,200,-0.094,2.4721
79,201,-0.084,2.4474
79,202,-0.073,2.4557
79,203,-0.063,2.464
79,204,0.0,2.464
79,205,0.0,
79,206,-0.021,1.6351
79,207,0.0,1.6351
79,208,0.011,1.7476
79,209,0.011,1.86
79,210,0.011,1.86
79,211,0.021,
79,212,0.043,
79,213,-0.052,
79,214,0.075,
79,215,0.086,
79,216,0.097,
79,217,0.107,
79,218,0.118,
79,219,0.118,
79,220,0.161,
79,221,0.172,
79,222,0.183,
79,223,0.194,
79,224,0.205,
79,225,0.205,
79,226,0.216,
79,227,0.238,
79,228,0.239,
79,229,0.239,
79,230,0.24,
79,231,0.24,
79,232,0.24,
79,233,0.241,
79,234,0.241,
79,235,0.207,
79,236,0.207,
79,237,0.196,
79,238,0.208,
79,239,0.208,
79,240,0.197,
79,241,0.209,
79,242,0.198,
79,243,0.186,
79,244,0.175,
79,245,0.141,
79,246,0.13,
79,247,-0.135,
79,248,-0.135,
79,249,-0.135,
79,250,-0.135,
79,251,-0.125,
79,252,-0.125,
79,253,-0.125,
79,254,-0.105,
79,255,-0.105,
79,256,-0.105,
79,257,-0.105,
79,258,-0.084,
79,259,-0.073,
79,260,-0.073,
79,261,0.0,
79,262,-0.011,
79,263,0.0,
80,170,-0.094,
80,171,-0.105,2.2571
80,172,-0.105,2.2571
80,173,-0.105,2.2571
80,174,-0.105,
80,175,-0.115,2.2333
80,176,-0.115,2.2333
80,177,-0.115,2.0238
80,178,-0.125,1.8143
80,179,-0.135,1.7204
80,180,-0.135,1.6265
80,181,-0.146,1.685
80,182,-0.146,1.7435
80,183,-0.146,1.763
80,184,-0.146,1.7825
80,185,-0.146,1.8879
80,186,-0.146,1.9934
80,187,-0.146,2.2135
80,188,-0.146,2.4337
80,189,-0.146,2.468
80,190,-0.125,2.5023
80,191,-0.125,2.5019
80,192,-0.125,2.5014
80,193,-0.125,2.4943
80,194,-0.125,2.4872
80,195,-0.125,2.4895
80,196,-0.115,2.4918
80,197,-0.125,2.519
80,198,-0.115,2.5461
80,199,-0.115,2.5603
80,200,-0.094,2.5744
80,201,-0.084,2.5612
80,202,-0.073,2.5479
80,203,-0.073,2.5662
80,204,-0.052,2.5844
80,205,0.0,2.5844
80,206,0.0,
80,207,-0.011,1.6351
80,208,0.0,1.6351
80,209,0.011,1.7476
80,210,0.0,1.86
80,211,0.0,1.86
80,212,0.0,
80,213,0.0,
80,214,-0.042,
80,215,0.055,
80,216,0.065,
80,217,0.076,
80,218,0.086,
80,219,0.097,
80,220,0.107,
80,221,0.161,
80,222,0.172,
80,223,0.183,
80,224,0.194,
80,225,0.205,
80,226,0.205,
80,227,0.216,
80,228,0.238,
80,229,0.238,
80,230,0.239,
80,231,0.24,
80,232,0.24,
80,233,0.24,
80,234,0.24,
80,235,0.241,
80,236,0.218,
80,237,0.207,
80,238,0.207,
80,239,0.208,
80,240,0.197,
80,241,0.208,
80,242,0.197,
80,243,0.187,
80,244,0.175,
80,245,0.175,
80,246,-0.136,
80,247,-0.136,
80,248,-0.135,
80,249,-0.135,
80,250,-0.135,
80,251,-0.135,
80,252,-0.125,
80,253,-0.125,
80,254,-0.105,
80,255,-0.105,
80,256,-0.105,
80,257,-0.105,
80,258,-0.105,
80,259,-0.084,
80,260,-0.073,
80,261,0.0,
80,262,0.0,
80,263,0.0,
80,264,0.0,
80,265,-0.011,
80,266,0.0,
81,173,0.064,2.2571
81,174,0.075,2.2571
81,175,0.075,
81,176,0.075,2.2333
81,177,0.075,2.2333
81,178,0.075,1.7619
81,179,0.086,1.5262
81,180,0.032,1.4848
81,181,0.0,1.4434
81,182,-0.052,1.4922
81,183,-0.084,1.541
81,184,-0.094,1.5645
81,185,-0.094,1.5879
81,186,-0.094,1.6599
81,187,-0.094,1.7318
81,188,-0.094,1.8714
81,189,-0.094,2.0109
81,190,-0.094,2.028
81,191,-0.084,2.0451
81,192,-0.084,2.0469
81,193,-0.073,2.0486
81,194,-0.073,2.0603
81,195,-0.073,2.072
81,196,-0.063,2.0411
81,197,-0.063,2.0103
81,198,-0.063,2.0043
81,199,-0.063,1.9983
81,200,-0.063,2.0026
81,201,-0.053,2.0069
81,202,-0.053,1.9947
81,203,-0.052,1.9825
81,204,-0.042,2.1616
81,205,0.0,2.3407
81,206,0.0,1.9133
81,207,0.0,1.0584
81,208,-0.011,1.3554
81,209,0.0,1.5039
81,210,0.0,1.5648
81,211,0.0,1.6257
81,212,0.0,1.5545
81,213,0.0,1.412
81,214,0.0,1.4326
81,215,0.0,1.4532
81,216,0.022,1.4532
81,217,0.033,
81,218,0.055,
81,219,0.065,
81,220,0.076,
81,221,0.076,
81,222,0.162,
81,223,0.172,
81,224,0.172,
81,225,0.183,
81,226,0.183,
81,227,0.205,
81,228,0.216,
81,229,0.216,
81,230,0.238,
81,231,0.239,
81,232,0.239,
81,233,0.24,
81,234,0.24,
81,235,0.24,
81,236,0.241,
81,237,0.206,
81,238,0.207,
81,239,0.196,
81,240,0.207,
81,241,0.197,
81,242,0.197,
81,243,0.197,
81,244,0.186,
81,245,0.175,
81,246,-0.135,
81,247,-0.135,
81,248,-0.135,
81,249,-0.135,
81,250,-0.135,
81,251,-0.135,
81,252,-0.135,
81,253,-0.135,
81,254,-0.125,
81,255,-0.125,
81,256,-0.105,
81,257,-0.105,
81,258,-0.105,
81,259,-0.084,
81,260,-0.073,
81,261,0.0,
81,262,0.0,
81,263,0.0,
81,264,0.0,
81,265,0.0,
81,266,-0.011,
81,267,0.0,
81,268,0.011,
81,269,0.0,
82,175,0.0,
82,176,0.0,
82,177,0.0,
82,178,0.011,
82,179,0.011,1.238
82,180,0.0,1.238
82,181,0.022,1.2491
82,182,0.011,1.2603
82,183,-0.01,1.2993
82,184,0.0,1.3384
82,185,-0.01,1.3659
82,186,0.0,1.3934
82,187,0.011,1.4318
82,188,0.0,1.4701
82,189,0.0,1.5292
82,190,0.0,1.5882
82,191,0.0,1.588
82,192,0.0,1.5879
82,193,0.021,1.5918
82,194,0.0,1.5958
82,195,0.032,1.6263
82,196,0.0,1.6568
82,197,0.011,1.5928
82,198,0.0,1.5288
82,199,0.011,1.4896
82,200,0.0,1.4504
82,201,0.0,1.4449
82,202,0.0,1.4395
82,203,0.0,1.4282
82,204,0.0,1.417
82,205,-0.01,1.757
82,206,0.0,2.097
82,207,0.0,1.5777
82,208,0.0,1.0584
82,209,-0.011,1.2155
82,210,0.0,1.3726
82,211,0.0,1.382
82,212,0.0,1.3914
82,213,0.0,1.4017
82,214,0.0,1.412
82,215,0.0,1.4326
82,216,0.011,1.4532
82,217,0.023,1.4532
82,218,0.012,
82,219,0.034,
82,220,0.013,
82,221,0.034,
82,222,0.013,
82,223,0.162,
82,224,0.173,
82,225,0.172,
82,226,0.183,
82,227,0.194,
82,228,0.204,
82,229,0.216,
82,230,0.238,
82,231,0.238,
82,232,0.238,
82,233,0.239,
82,234,0.24,
82,235,0.24,
82,236,0.24,
82,237,0.24,
82,238,0.206,
82,239,0.207,
82,240,0.196,
82,241,0.207,
82,242,0.196,
82,243,0.197,
82,244,0.197,
82,245,0.186,
82,246,0.0,
82,247,-0.011,
82,248,0.0,
82,249,0.021,
82,250,-0.021,
82,251,-0.135,
82,252,-0.135,
82,253,-0.135,
82,254,-0.135,
82,255,-0.125,
82,256,-0.011,
82,257,-0.125,
82,258,0.0,
82,259,0.021,
82,260,0.0,
82,261,0.0,
82,262,0.0,
82,263,0.0,
82,264,0.0,
82,265,0.0,
82,266,0.0,
82,267,-0.011,
82,268,0.0,
82,269,0.011,
82,270,0.012,
82,271,0.024,
82,272,0.035,
82,273,0.035,
83,178,0.077,
83,179,0.077,
83,180,0.055,1.238
83,181,0.055,1.238
83,182,0.294,1.2491
83,183,0.306,1.2603
83,184,0.307,1.2993
83,185,0.307,1.3384
83,186,0.296,1.3659
83,187,0.297,1.3934
83,188,-0.196,1.7126
83,189,-0.196,1.8722
83,190,-0.196,1.9106
83,191,-0.196,1.9491
83,192,0.085,1.9082
83,193,0.075,1.8673
83,194,0.064,1.8136
83,195,-0.052,1.7598
83,196,0.053,1.7728
83,197,-0.052,1.7858
83,198,-0.052,1.7545
83,199,-0.052,1.7232
83,200,-0.042,1.6851
83,201,-0.052,1.6471
83,202,-0.052,1.622
83,203,-0.042,1.597
83,204,-0.052,1.573
83,205,-0.042,1.549
83,206,-0.032,1.7891
83,207,-0.021,2.0292
83,208,-0.011,1.5811
83,209,-0.011,1.133
83,210,-0.021,1.2989
83,211,-0.01,1.4649
83,212,-0.011,1.4967
83,213,-0.01,1.5286
83,214,-0.01,1.5579
83,215,-0.021,1.5872
83,216,0.046,1.6156
83,217,0.045,1.644
83,218,0.056,1.644
83,219,0.056,
83,220,0.077,
83,221,0.088,
83,222,0.098,
83,223,0.141,
83,224,0.151,
83,225,0.162,
83,226,0.172,
83,227,0.183,
83,228,0.193,
83,229,0.204,
83,230,0.216,
83,231,0.238,
83,232,0.238,
83,233,0.238,
83,234,0.239,
83,235,0.239,
83,236,0.24,
83,237,0.24,
83,238,0.24,
83,239,0.195,
83,240,0.195,
83,241,0.196,
83,242,0.185,
83,243,0.185,
83,244,0.197,
83,245,0.185,
83,246,0.185,
83,247,0.174,
83,248,-0.032,
83,249,-0.032,
83,250,-0.032,
83,251,-0.104,
83,252,-0.104,
83,253,-0.104,
83,254,-0.125,
83,255,-0.125,
83,256,-0.104,
83,257,-0.052,
83,258,-0.105,
83,259,-0.084,
83,260,-0.052,
83,261,-0.032,
83,262,-0.032,
83,263,-0.021,
83,264,-0.011,
83,265,-0.011,
83,266,-0.011,
83,267,0.0,
83,268,-0.01,
83,269,-0.011,
83,270,0.011,
83,271,0.001,
83,272,0.035,
83,273,0.046,
83,274,0.047,
83,275,0.048,
83,276,0.048,
84,181,0.294,
84,182,0.294,
84,183,0.306,
84,184,0.318,
84,185,0.318,
84,186,0.33,
84,187,0.319,
84,188,0.308,
84,189,0.297,2.2742
84,190,-0.217,2.2742
84,191,-0.217,2.2921
84,192,-0.217,2.3099
84,193,-0.217,2.2283
84,194,-0.207,2.1467
84,195,-0.207,2.0353
84,196,0.085,1.9239
84,197,0.085,1.9194
84,198,0.075,1.9149
84,199,0.075,1.9162
84,200,-0.063,1.9176
84,201,0.053,1.8807
84,202,-0.063,1.8438
84,203,-0.063,1.7991
84,204,-0.042,1.7545
84,205,-0.052,1.7177
84,206,0.0,1.681
84,207,0.021,1.8212
84,208,0.0,1.9614
84,209,0.0,1.5845
84,210,0.0,1.2076
84,211,-0.011,1.3824
84,212,0.0,1.5571
84,213,0.0,1.6115
84,214,0.0,1.6659
84,215,0.0,1.7142
84,216,0.0,1.7625
84,217,0.046,1.7986
84,218,0.056,1.8348
84,219,0.088,1.8348
84,220,0.099,
84,221,0.099,
84,222,0.11,
84,223,0.141,
84,224,0.141,
84,225,0.151,
84,226,0.162,
84,227,0.183,
84,228,0.194,
84,229,0.204,
84,230,0.204,
84,231,0.237,
84,232,0.237,
84,233,0.238,
84,234,0.238,
84,235,0.238,
84,236,0.239,
84,237,0.24,
84,238,0.24,
84,239,0.24,
84,240,0.206,
84,241,0.206,
84,242,0.195,
84,243,0.196,
84,244,0.196,
84,245,0.197,
84,246,0.197,
84,247,0.185,
84,248,0.174,
84,249,0.085,
84,250,0.075,
84,251,-0.104,
84,252,-0.104,
84,253,-0.104,
84,254,-0.104,
84,255,-0.104,
84,256,-0.104,
84,257,-0.104,
84,258,-0.104,
84,259,-0.105,
84,260,-0.052,
84,261,-0.084,
84,262,-0.032,
84,263,0.011,
84,264,0.011,
84,265,0.0,
84,266,0.0,
84,267,0.0,
84,268,0.0,
84,269,-0.011,
84,270,0.0,
84,271,0.011,
84,272,0.012,
84,273,0.035,
84,274,0.035,
84,275,0.047,
84,276,0.048,
84,277,0.049,
84,278,0.048,
84,279,0.038,
85,184,0.317,
85,185,0.318,
85,186,0.33,
85,187,0.33,
85,188,0.353,
85,189,0.364,
85,190,0.364,2.2742
85,191,-0.227,2.2742
85,192,-0.227,2.2921
85,193,-0.227,2.3099
85,194,-0.227,2.2283
85,195,-0.217,2.1467
85,196,-0.217,2.0938
85,197,-0.207,2.0674
85,198,-0.207,2.0535
85,199,0.096,2.0396
85,200,0.096,2.0315
85,201,0.086,2.0234
85,202,0.086,1.9937
85,203,-0.083,1.964
85,204,-0.084,1.9135
85,205,-0.073,1.8631
85,206,-0.073,1.8193
85,207,-0.053,1.7755
85,208,-0.042,1.9456
85,209,0.011,2.1157
85,210,0.011,1.6544
85,211,0.0,1.1932
85,212,0.011,1.3966
85,213,-0.011,1.5999
85,214,-0.01,1.6718
85,215,0.011,1.7437
85,216,0.057,1.816
85,217,0.068,1.8882
85,218,0.09,1.9565
85,219,0.1,2.0247
85,220,0.11,2.1524
85,221,0.11,2.4079
85,222,0.11,2.4079
85,223,0.12,
85,224,0.142,
85,225,0.152,
85,226,0.162,
85,227,0.172,
85,228,0.183,
85,229,0.193,
85,230,0.204,
85,231,0.215,
85,232,0.237,
85,233,0.237,
85,234,0.238,
85,235,0.238,
85,236,0.238,
85,237,0.239,
85,238,0.239,
85,239,0.24,
85,240,0.24,
85,241,0.195,
85,242,0.195,
85,243,0.184,
85,244,0.185,
85,245,0.185,
85,246,0.185,
85,247,0.197,
85,248,0.185,
85,249,0.174,
85,250,0.129,
85,251,0.085,
85,252,-0.135,
85,253,-0.135,
85,254,-0.135,
85,255,-0.104,
85,256,-0.135,
85,257,-0.135,
85,258,-0.104,
85,259,-0.104,
85,260,-0.105,
85,261,-0.094,
85,262,-0.094,
85,263,-0.084,
85,264,-0.053,
85,265,-0.032,
85,266,0.011,
85,267,0.0,
85,268,0.011,
85,269,0.0,
85,270,-0.011,
85,271,0.0,
85,272,0.011,
85,273,0.023,
85,274,0.046,
85,275,0.047,
85,276,0.058,
85,277,0.059,
85,278,0.059,
85,279,0.059,
85,280,0.102,
85,281,0.113,
85,282,0.112,
86,186,0.329,
86,187,0.329,
86,188,0.33,
86,189,0.353,
86,190,0.364,
86,191,0.308,
86,192,0.364,
86,193,0.274,
86,194,-0.237,
86,195,-0.237,
86,196,-0.227,
86,197,-0.227,2.2109
86,198,-0.227,2.2109
86,199,-0.217,2.1876
86,200,-0.207,2.1644
86,201,-0.207,2.1468
86,202,-0.115,2.1292
86,203,-0.115,2.1067
86,204,-0.115,2.0842
86,205,-0.104,2.0279
86,206,-0.094,1.9717
86,207,-0.084,1.9208
86,208,-0.063,1.8699
86,209,-0.063,2.0699
86,210,0.0,2.2699
86,211,0.0,1.7244
86,212,0.0,1.1788
86,213,-0.01,1.4108
86,214,0.0,1.6427
86,215,-0.011,1.7322
86,216,0.0,1.8216
86,217,0.068,1.9178
86,218,0.079,2.014
86,219,0.1,2.1143
86,220,0.11,2.2146
86,221,0.11,2.3112
86,222,0.11,2.4079
86,223,0.143,2.4079
86,224,0.142,
86,225,0.163,
86,226,0.163,
86,227,0.173,
86,228,0.183,
86,229,0.194,
86,230,0.204,
86,231,0.215,
86,232,0.226,
86,233,0.237,
86,234,0.237,
86,235,0.237,
86,236,0.238,
86,237,0.238,
86,238,0.238,
86,239,0.239,
86,240,0.239,
86,241,0.24,
86,242,0.217,
86,243,0.206,
86,244,0.195,
86,245,0.196,
86,246,0.196,
86,247,0.196,
86,248,0.197,
86,249,0.185,
86,250,0.174,
86,251,0.174,
86,252,0.129,
86,253,0.129,
86,254,-0.135,
86,255,-0.135,
86,256,-0.135,
86,257,-0.135,
86,258,-0.125,
86,259,-0.104,
86,260,-0.104,
86,261,-0.104,
86,262,-0.094,
86,263,-0.094,
86,264,-0.084,
86,265,-0.073,
86,266,-0.042,
86,267,0.0,
86,268,0.0,
86,269,0.0,
86,270,0.0,
86,271,-0.011,
86,272,0.0,
86,273,0.012,
86,274,0.023,
86,275,0.046,
86,276,0.047,
86,277,0.058,
86,278,0.059,
86,279,0.059,
86,280,0.06,
86,281,0.113,
86,282,0.113,
86,283,0.121,
86,284,0.112,
86,285,0.121,
86,286,0.153,
87,189,0.341,
87,190,0.352,
87,191,0.363,
87,192,0.364,
87,193,0.364,
87,194,0.297,
87,195,0.353,
87,196,-0.247,
87,197,-0.247,
87,198,-0.237,2.2109
87,199,-0.237,2.2109
87,200,-0.227,2.1876
87,201,-0.217,2.1644
87,202,-0.217,2.1468
87,203,-0.207,2.1292
87,204,-0.197,2.1439
87,205,-0.125,2.1512
87,206,-0.125,2.0941
87,207,-0.115,2.037
87,208,-0.094,1.985
87,209,-0.084,1.9331
87,210,-0.063,2.1118
87,211,0.011,2.2904
87,212,0.0,1.7364
87,213,0.0,1.1824
87,214,-0.01,1.4247
87,215,0.0,1.6671
87,216,0.011,1.7654
87,217,0.079,1.8636
87,218,0.09,2.0097
87,219,0.1,2.1558
87,220,0.111,2.3096
87,221,0.111,2.4634
87,222,0.122,2.5768
87,223,0.132,2.6901
87,224,0.143,2.8354
87,225,0.153,3.1261
87,226,0.163,3.1667
87,227,0.163,3.2073
87,228,0.173,3.2295
87,229,0.194,3.2516
87,230,0.205,3.2698
87,231,0.215,3.2881
87,232,0.226,3.2881
87,233,0.226,
87,234,0.237,
87,235,0.237,
87,236,0.237,
87,237,0.238,
87,238,0.25,
87,239,0.238,
87,240,0.239,
87,241,0.239,
87,242,0.24,
87,243,0.217,
87,244,0.206,
87,245,0.195,
87,246,0.195,
87,247,0.196,
87,248,0.196,
87,249,0.197,
87,250,0.185,
87,251,0.174,
87,252,0.174,
87,253,0.129,
87,254,0.129,
87,255,-0.176,
87,256,-0.176,
87,257,-0.135,
87,258,-0.135,
87,259,-0.125,
87,260,-0.125,
87,261,-0.104,
87,262,-0.104,
87,263,-0.105,
87,264,-0.094,
87,265,-0.084,
87,266,-0.073,
87,267,-0.042,
87,268,0.0,
87,269,0.0,
87,270,0.0,
87,271,0.0,
87,272,-0.011,
87,273,0.0,
87,274,0.012,
87,275,0.034,
87,276,0.056,
87,277,0.058,
87,278,0.069,
87,279,0.069,
87,280,0.07,
87,281,0.06,
87,282,0.112,
87,283,0.112,
87,284,0.133,
87,285,0.133,
87,286,0.142,
87,287,0.153,
87,288,0.163,
87,289,0.163,
88,192,0.363,
88,193,0.364,
88,194,0.364,
88,195,0.285,
88,196,0.353,
88,197,0.342,
88,198,-0.247,
88,199,-0.247,
88,200,-0.237,
88,201,-0.237,
88,202,-0.227,
88,203,-0.217,
88,204,-0.207,
88,205,-0.197,2.2182
88,206,-0.125,2.2182
88,207,-0.125,2.1602
88,208,-0.125,2.1023
88,209,-0.104,2.0492
88,210,-0.084,1.9962
88,211,-0.073,2.1536
88,212,-0.053,2.311
88,213,0.0,1.7485
88,214,0.0,1.1859
88,215,-0.021,1.4387
88,216,0.0,1.6915
88,217,0.056,1.7986
88,218,0.078,1.9056
88,219,0.09,2.1017
88,220,0.111,2.2977
88,221,0.111,2.505
88,222,0.122,2.7123
88,223,0.132,2.8423
88,224,0.143,2.9723
88,225,0.154,3.0492
88,226,0.164,3.1261
88,227,0.174,3.1667
88,228,0.174,3.2073
88,229,0.184,3.2295
88,230,0.194,3.2516
88,231,0.205,3.2698
88,232,0.215,3.2881
88,233,0.226,3.2881
88,234,0.237,
88,235,0.237,
88,236,0.237,
88,237,0.237,
88,238,0.249,
88,239,0.25,
88,240,0.25,
88,241,0.238,
88,242,0.239,
88,243,0.24,
88,244,0.239,
88,245,0.217,
88,246,0.206,
88,247,0.195,
88,248,0.207,
88,249,0.196,
88,250,0.208,
88,251,0.197,
88,252,0.174,
88,253,0.174,
88,254,0.129,
88,255,0.129,
88,256,0.129,
88,257,-0.135,
88,258,-0.135,
88,259,-0.135,
88,260,-0.176,
88,261,-0.125,
88,262,-0.104,
88,263,-0.104,
88,264,-0.105,
88,265,-0.105,
88,266,-0.094,
88,267,-0.073,
88,268,-0.042,
88,269,0.0,
88,270,0.0,
88,271,0.0,
88,272,0.0,
88,273,-0.011,
88,274,0.0,
88,275,0.023,
88,276,0.035,
88,277,0.057,
88,278,0.069,
88,279,0.069,
88,280,0.069,
88,281,0.07,
88,282,0.113,
88,283,0.112,
88,284,0.112,
88,285,0.133,
88,286,0.144,
88,287,0.433,
88,288,0.153,
88,289,0.163,
88,290,0.163,
88,291,0.173,
88,292,0.172,
89,195,0.352,
89,196,0.341,
89,197,0.341,
89,198,0.33,
89,199,0.342,
89,200,-0.247,
89,201,-0.247,
89,202,-0.247,
89,203,-0.237,
89,204,-0.217,
89,205,-0.217,
89,206,-0.207,2.2182
89,207,-0.197,2.2182
89,208,-0.125,2.1602
89,209,-0.125,2.1023
89,210,-0.115,2.0492
89,211,-0.094,1.9962
89,212,-0.084,2.2131
89,213,-0.063,2.3216
89,214,0.0,1.764
89,215,0.0,1.2065
89,216,-0.021,1.4587
89,217,0.0,1.711
89,218,0.078,1.8234
89,219,0.09,1.9357
89,220,0.1,2.1421
89,221,0.111,2.3485
89,222,0.122,2.5763
89,223,0.133,2.8042
89,224,0.144,2.9292
89,225,0.143,3.0542
89,226,0.154,3.1171
89,227,0.164,3.18
89,228,0.174,3.2096
89,229,0.185,3.2392
89,230,0.195,3.2535
89,231,0.205,3.2677
89,232,0.215,3.2785
89,233,0.226,3.2893
89,234,0.226,3.2948
89,235,0.237,3.3058
89,236,0.237,3.3058
89,237,0.237,
89,238,0.249,
89,239,0.249,
89,240,0.249,
89,241,0.25,
89,242,0.238,
89,243,0.239,
89,244,0.239,
89,245,0.239,
89,246,0.217,
89,247,0.206,
89,248,0.206,
89,249,0.207,
89,250,0.207,
89,251,0.207,
89,252,0.197,
89,253,0.174,
89,254,0.174,
89,255,0.129,
89,256,0.129,
89,257,-0.186,
89,258,-0.176,
89,259,-0.176,
89,260,-0.176,
89,261,-0.176,
89,262,-0.125,
89,263,-0.125,
89,264,-0.104,
89,265,-0.105,
89,266,-0.105,
89,267,-0.094,
89,268,-0.084,
89,269,-0.042,
89,270,0.011,
89,271,0.011,
89,272,0.011,
89,273,0.0,
89,274,-0.011,
89,275,0.0,
89,276,0.012,
89,277,0.046,
89,278,0.068,
89,279,0.069,
89,280,0.069,
89,281,0.069,
89,282,0.07,
89,283,0.112,
89,284,0.112,
89,285,0.432,
89,286,0.42,
89,287,0.42,
89,288,0.433,
89,289,0.434,
89,290,0.434,
89,291,0.173,
89,292,0.173,
89,293,0.183,
89,294,0.193,
89,295,0.193,
90,198,0.285,
90,199,0.33,
90,200,0.342,
90,201,0.183,
90,202,0.172,
90,203,0.161,
90,204,-0.237,
90,205,0.15,
90,206,-0.217,
90,207,-0.207,
90,208,-0.197,
90,209,-0.146,
90,210,-0.135,
90,211,-0.115,
90,212,-0.094,
90,213,-0.084,2.3323
90,214,-0.063,2.3323
90,215,0.0,1.7796
90,216,0.0,1.227
90,217,-0.021,1.4788
90,218,0.0,1.7305
90,219,0.078,1.8482
90,220,0.09,1.9658
90,221,0.11,2.1826
90,222,0.111,2.3993
90,223,0.133,2.6477
90,224,0.144,2.896
90,225,0.143,3.0161
90,226,0.154,3.1361
90,227,0.164,3.1851
90,228,0.174,3.234
90,229,0.184,3.2526
90,230,0.195,3.2711
90,231,0.195,3.2775
90,232,0.205,3.2838
90,233,0.215,3.2872
90,234,0.226,3.2906
90,235,0.226,3.2982
90,236,0.237,3.3058
90,237,0.237,3.3058
90,238,0.237,
90,239,0.237,
90,240,0.237,
90,241,0.249,
90,242,0.25,
90,243,0.238,
90,244,0.238,
90,245,0.239,
90,246,0.239,
90,247,0.228,
90,248,0.217,
90,249,0.218,
90,250,0.218,
90,251,0.207,
90,252,0.207,
90,253,0.196,
90,254,0.185,
90,255,0.174,
90,256,0.14,
90,257,0.129,
90,258,0.129,
90,259,-0.176,
90,260,-0.176,
90,261,-0.176,
90,262,-0.135,
90,263,-0.125,
90,264,-0.125,
90,265,-0.104,
90,266,-0.105,
90,267,-0.105,
90,268,-0.094,
90,269,-0.084,
90,270,-0.053,
90,271,0.0,
90,272,0.0,
90,273,0.0,
90,274,0.0,
90,275,-0.011,
90,276,0.0,
90,277,0.023,
90,278,0.046,
90,279,0.068,
90,280,0.069,
90,281,0.069,
90,282,0.07,
90,283,0.07,
90,284,0.419,
90,285,0.419,
90,286,0.42,
90,287,0.42,
90,288,0.42,
90,289,0.434,
90,290,0.434,
90,291,0.434,
90,292,0.184,
90,293,0.184,
90,294,0.193,
90,295,0.193,
90,296,0.193,
90,297,0.204,
90,298,0.204,
90,299,0.204,
91,200,0.33,
91,201,0.33,
91,202,0.194,
91,203,0.183,
91,204,0.172,
91,205,0.161,
91,206,0.162,
91,207,0.151,
91,208,-0.217,
91,209,-0.207,
91,210,-0.156,
91,211,-0.146,
91,212,-0.125,
91,213,-0.105,
91,214,-0.094,2.3323
91,215,-0.063,2.3323
91,216,0.0,1.7796
91,217,0.0,1.227
91,218,-0.021,1.4788
91,219,0.055,1.7305
91,220,0.089,1.8482
91,221,0.1,1.9658
91,222,0.11,2.1826
91,223,0.122,2.3993
91,224,0.132,2.7901
91,225,0.144,2.9855
91,226,0.154,3.0357
91,227,0.153,3.1361
91,228,0.164,3.2146
91,229,0.185,3.2539
91,230,0.185,3.2675
91,231,0.195,3.2811
91,232,0.206,3.2854
91,233,0.205,3.2897
91,234,0.215,3.2935
91,235,0.226,3.2972
91,236,0.226,3.3009
91,237,0.237,3.3046
91,238,0.237,3.3187
91,239,0.237,3.3467
91,240,0.237,3.3281
91,241,0.237,3.3096
91,242,0.249,3.3096
91,243,0.25,
91,244,0.238,
91,245,0.238,
91,246,0.239,
91,247,0.239,
91,248,0.228,
91,249,0.217,
91,250,0.217,
91,251,0.218,
91,252,0.219,
91,253,0.219,
91,254,0.196,
91,255,0.185,
91,256,0.174,
91,257,0.174,
91,258,0.14,
91,259,0.129,
91,260,-0.176,
91,261,-0.176,
91,262,-0.176,
91,263,-0.135,
91,264,-0.135,
91,265,-0.125,
91,266,-0.104,
91,267,-0.105,
91,268,-0.105,
91,269,-0.094,
91,270,-0.084,
91,271,-0.042,
91,272,-0.032,
91,273,0.011,
91,274,0.011,
91,275,0.0,
91,276,-0.011,
91,277,0.0,
91,278,0.035,
91,279,0.056,
91,280,0.068,
91,281,0.069,
91,282,0.069,
91,283,0.07,
91,284,0.419,
91,285,0.419,
91,286,0.419,
91,287,0.42,
91,288,0.42,
91,289,0.42,
91,290,0.434,
91,291,0.434,
91,292,0.308,
91,293,0.308,
91,294,0.184,
91,295,0.193,
91,296,0.193,
91,297,0.193,
91,298,0.204,
91,299,0.204,
91,300,0.204,
91,301,0.215,
91,302,0.215,
92,203,0.205,
92,204,0.183,
92,205,0.183,
92,206,0.172,
92,207,0.162,
92,208,0.162,
92,209,0.151,
92,210,-0.207,
92,211,-0.156,
92,212,-0.146,
92,213,-0.125,
92,214,-0.115,
92,215,-0.094,
92,216,-0.073,
92,217,0.0,
92,218,0.0,
92,219,0.022,
92,220,0.056,
92,221,0.089,
92,222,0.1,
92,223,0.11,
92,224,0.132,
92,225,0.143,3.075
92,226,0.143,3.075
92,227,0.153,3.075
92,228,0.186,
92,229,0.185,3.2737
92,230,0.185,3.2737
92,231,0.195,3.2824
92,232,0.206,3.2911
92,233,0.206,3.2933
92,234,0.215,3.2956
92,235,0.215,3.2997
92,236,0.226,3.3038
92,237,0.226,3.3036
92,238,0.236,3.3035
92,239,0.237,3.3251
92,240,0.237,3.3467
92,241,0.237,3.3281
92,242,0.237,3.3096
92,243,0.249,3.3096
92,244,0.25,
92,245,0.238,
92,246,0.238,
92,247,0.239,
92,248,0.239,
92,249,0.239,
92,250,0.228,
92,251,0.218,
92,252,0.218,
92,253,0.219,
92,254,0.219,
92,255,0.207,
92,256,0.196,
92,257,0.174,
92,258,0.174,
92,259,0.173,
92,260,0.129,
92,261,0.129,
92,262,-0.176,
92,263,-0.176,
92,264,-0.176,
92,265,-0.125,
92,266,-0.125,
92,267,-0.104,
92,268,-0.105,
92,269,-0.105,
92,270,-0.094,
92,271,-0.084,
92,272,-0.042,
92,273,0.0,
92,274,0.0,
92,275,0.0,
92,276,0.0,
92,277,-0.011,
92,278,0.0,
92,279,0.035,
92,280,0.056,
92,281,0.068,
92,282,0.068,
92,283,0.069,
92,284,0.431,
92,285,0.419,
92,286,0.419,
92,287,0.42,
92,288,0.42,
92,289,0.42,
92,290,0.421,
92,291,0.421,
92,292,0.296,
92,293,0.296,
92,294,0.296,
92,295,0.205,
92,296,0.205,
92,297,0.193,
92,298,0.204,
92,299,0.204,
92,300,0.204,
92,301,0.215,
92,302,0.215,
92,303,0.215,
92,304,0.215,
92,305,0.215,
93,206,0.183,
93,207,0.183,
93,208,0.172,
93,209,0.162,
93,210,0.162,
93,211,0.151,
93,212,-0.177,
93,213,-0.156,
93,214,-0.135,
93,215,-0.115,
93,216,-0.094,
93,217,-0.073,
93,218,0.0,
93,219,0.0,
93,220,0.033,
93,221,0.056,
93,222,0.089,
93,223,0.1,
93,224,0.112,
93,225,0.132,
93,226,0.142,3.075
93,227,0.153,3.075
93,228,0.164,3.075
93,229,0.185,
93,230,0.185,3.2737
93,231,0.196,3.2737
93,232,0.206,3.2824
93,233,0.206,3.2911
93,234,0.216,3.2968
93,235,0.216,3.2997
93,236,0.226,3.3038
93,237,0.226,3.3078
93,238,0.226,3.3069
93,239,0.236,3.3061
93,240,0.237,3.3165
93,241,0.237,3.3269
93,242,0.237,3.3387
93,243,0.237,3.3505
93,244,0.249,3.3365
93,245,0.25,3.3084
93,246,0.25,3.3084
93,247,0.238,
93,248,0.239,
93,249,0.239,
93,250,0.24,
93,251,0.228,
93,252,0.229,
93,253,0.229,
93,254,0.23,
93,255,0.219,
93,256,0.207,
93,257,0.196,
93,258,0.185,
93,259,0.173,
93,260,0.173,
93,261,0.14,
93,262,0.129,
93,263,-0.176,
93,264,-0.176,
93,265,-0.176,
93,266,-0.135,
93,267,-0.125,
93,268,-0.115,
93,269,-0.105,
93,270,-0.105,
93,271,-0.105,
93,272,-0.084,
93,273,-0.073,
93,274,-0.042,
93,275,0.0,
93,276,0.0,
93,277,0.0,
93,278,0.011,
93,279,0.011,
93,280,0.045,
93,281,0.056,
93,282,0.068,
93,283,0.431,
93,284,0.431,
93,285,0.419,
93,286,0.419,
93,287,0.419,
93,288,0.42,
93,289,0.42,
93,290,0.42,
93,291,0.408,
93,292,0.295,
93,293,0.296,
93,294,0.296,
93,295,0.296,
93,296,0.205,
93,297,0.205,
93,298,0.215,
93,299,0.204,
93,300,0.204,
93,301,0.215,
93,302,0.215,
93,303,0.215,
93,304,0.215,
93,305,0.215,
93,306,0.215,
93,307,0.215,
93,308,0.216,
94,209,0.183,
94,210,0.173,
94,211,0.162,
94,212,0.162,
94,213,0.14,
94,214,-0.156,
94,215,-0.135,
94,216,-0.115,
94,217,-0.094,
94,218,-0.073,
94,219,0.0,
94,220,0.0,
94,221,0.033,
94,222,0.056,
94,223,0.078,
94,224,0.1,
94,225,0.112,
94,226,0.132,
94,227,0.143,
94,228,0.154,
94,229,0.195,
94,230,0.195,
94,231,0.195,
94,232,0.206,
94,233,0.206,
94,234,0.216,
94,235,0.215,3.3038
94,236,0.215,3.3038
94,237,0.226,3.3078
94,238,0.226,3.3118
94,239,0.236,3.3102
94,240,0.237,3.3087
94,241,0.237,3.3079
94,242,0.237,3.3071
94,243,0.237,3.3493
94,244,0.237,3.3914
94,245,0.249,3.3499
94,246,0.25,3.3084
94,247,0.238,3.3084
94,248,0.238,
94,249,0.239,
94,250,0.239,
94,251,0.24,
94,252,0.228,
94,253,0.229,
94,254,0.229,
94,255,0.23,
94,256,0.219,
94,257,0.219,
94,258,0.207,
94,259,0.185,
94,260,0.174,
94,261,0.173,
94,262,0.151,
94,263,0.129,
94,264,0.129,
94,265,-0.176,
94,266,-0.176,
94,267,-0.135,
94,268,-0.125,
94,269,-0.115,
94,270,-0.105,
94,271,-0.105,
94,272,-0.105,
94,273,-0.084,
94,274,-0.053,
94,275,-0.032,
94,276,0.0,
94,277,0.0,
94,278,0.0,
94,279,0.011,
94,280,0.0,
94,281,0.035,
94,282,0.056,
94,283,0.068,
94,284,0.419,
94,285,0.419,
94,286,0.419,
94,287,0.419,
94,288,0.408,
94,289,0.407,
94,290,0.407,
94,291,0.408,
94,292,0.26,
94,293,0.283,
94,294,0.296,
94,295,0.296,
94,296,0.296,
94,297,0.296,
94,298,0.215,
94,299,0.215,
94,300,0.215,
94,301,0.215,
94,302,0.215,
94,303,0.215,
94,304,0.215,
94,305,0.215,
94,306,0.215,
94,307,0.215,
94,308,0.215,
94,309,0.216,
94,310,0.216,
94,311,0.216,
94,312,0.217,
95,212,0.173,
95,213,0.162,
95,214,0.151,
95,215,-0.156,
95,216,-0.146,
95,217,-0.115,
95,218,-0.105,
95,219,-0.084,
95,220,0.011,
95,221,0.011,
95,222,0.045,
95,223,0.056,
95,224,0.079,
95,225,0.1,
95,226,0.112,
95,227,0.132,
95,228,0.153,
95,229,0.206,
95,230,0.195,
95,231,0.195,
95,232,0.206,
95,233,0.206,
95,234,0.205,
95,235,0.215,
95,236,0.215,3.3038
95,237,0.215,3.3038
95,238,0.226,3.3078
95,239,0.226,3.3118
95,240,0.236,3.2908
95,241,0.237,3.2802
95,242,0.237,3.2953
95,243,0.237,3.3103
95,244,0.249,3.3314
95,245,0.237,3.3524
95,246,0.249,3.3316
95,247,0.25,3.3109
95,248,0.25,3.3109
95,249,0.25,
95,250,0.25,
95,251,0.239,
95,252,0.24,
95,253,0.228,
95,254,0.229,
95,255,0.229,
95,256,0.23,
95,257,0.23,
95,258,0.219,
95,259,0.207,
95,260,0.196,
95,261,0.173,
95,262,0.173,
95,263,0.173,
95,264,0.14,
95,265,0.129,
95,266,0.129,
95,267,-0.176,
95,268,-0.135,
95,269,-0.125,
95,270,-0.115,
95,271,-0.105,
95,272,-0.105,
95,273,-0.105,
95,274,-0.084,
95,275,-0.073,
95,276,-0.042,
95,277,0.011,
95,278,-0.011,
95,279,0.0,
95,280,0.012,
95,281,0.012,
95,282,0.035,
95,283,0.057,
95,284,0.419,
95,285,0.419,
95,286,0.419,
95,287,0.419,
95,288,0.419,
95,289,0.408,
95,290,0.407,
95,291,0.26,
95,292,0.261,
95,293,0.271,
95,294,0.272,
95,295,0.296,
95,296,0.296,
95,297,0.296,
95,298,0.284,
95,299,0.273,
95,300,0.249,
95,301,0.215,
95,302,0.215,
95,303,0.215,
95,304,0.215,
95,305,0.215,
95,306,0.215,
95,307,0.215,
95,308,0.215,
95,309,0.216,
95,310,0.216,
95,311,0.216,
95,312,0.216,
95,313,0.228,
95,314,0.229,
95,315,0.229,
96,215,0.151,
96,216,-0.156,
96,217,-0.146,
96,218,-0.115,
96,219,-0.105,
96,220,-0.084,
96,221,0.022,
96,222,0.0,
96,223,0.034,
96,224,0.045,
96,225,0.067,
96,226,0.089,
96,227,0.101,
96,228,0.152,
96,229,0.216,
96,230,0.206,
96,231,0.206,
96,232,0.205,
96,233,0.205,
96,234,0.205,
96,235,0.215,
96,236,0.215,
96,237,0.215,
96,238,0.226,
96,239,0.226,
96,240,0.237,
96,241,0.237,3.2518
96,242,0.237,3.2518
96,243,0.248,3.2827
96,244,0.249,3.3135
96,245,0.249,3.3135
96,246,0.249,3.3135
96,247,0.25,3.3134
96,248,0.25,3.3134
96,249,0.238,3.3134
96,250,0.25,
96,251,0.239,
96,252,0.24,
96,253,0.24,
96,254,0.228,
96,255,0.229,
96,256,0.229,
96,257,0.23,
96,258,0.23,
96,259,0.219,
96,260,0.207,
96,261,0.196,
96,262,0.185,
96,263,0.173,
96,264,0.173,
96,265,0.14,
96,266,0.129,
96,267,0.129,
96,268,0.129,
96,269,0.129,
96,270,0.129,
96,271,-0.115,
96,272,-0.105,
96,273,-0.105,
96,274,-0.105,
96,275,-0.084,
96,276,-0.073,
96,277,-0.042,
96,278,0.0,
96,279,0.0,
96,280,0.0,
96,281,0.012,
96,282,0.012,
96,283,0.035,
96,284,0.057,
96,285,0.068,
96,286,0.419,
96,287,0.419,
96,288,0.406,
96,289,0.249,
96,290,0.249,
96,291,0.249,
96,292,0.249,
96,293,0.249,
96,294,0.26,
96,295,0.272,
96,296,0.284,
96,297,0.284,
96,298,0.285,
96,299,0.273,
96,300,0.261,
96,301,0.249,
96,302,0.237,
96,303,0.226,
96,304,0.226,
96,305,0.226,
96,306,0.215,
96,307,0.215,
96,308,0.215,
96,309,0.215,
96,310,0.216,
96,311,0.216,
96,312,0.216,
96,313,0.216,
96,314,0.228,
96,315,0.229,
96,316,0.229,
96,317,0.218,
96,318,0.218,
97,218,-0.136,
97,219,-0.115,
97,220,-0.105,
97,221,-0.094,
97,222,0.033,
97,223,0.012,
97,224,0.034,
97,225,0.045,
97,226,0.068,
97,227,0.089,
97,228,0.101,
97,229,0.227,
97,230,0.227,
97,231,0.216,
97,232,0.216,
97,233,0.216,
97,234,0.216,
97,235,0.215,
97,236,0.215,
97,237,0.226,
97,238,0.237,
97,239,0.226,
97,240,0.237,
97,241,0.237,
97,242,0.237,3.2518
97,243,0.237,3.2518
97,244,0.237,3.2827
97,245,0.249,3.3135
97,246,0.249,3.3151
97,247,0.249,3.3159
97,248,0.25,3.3165
97,249,0.25,3.3172
97,250,0.25,3.3177
97,251,0.25,3.3187
97,252,0.251,3.3187
97,253,0.24,
97,254,0.24,
97,255,0.24,
97,256,0.229,
97,257,0.229,
97,258,0.23,
97,259,0.23,
97,260,0.219,
97,261,0.219,
97,262,0.196,
97,263,0.185,
97,264,0.173,
97,265,0.173,
97,266,0.151,
97,267,0.14,
97,268,0.129,
97,269,0.129,
97,270,0.129,
97,271,0.129,
97,272,0.129,
97,273,-0.105,
97,274,-0.105,
97,275,-0.105,
97,276,-0.084,
97,277,-0.073,
97,278,-0.052,
97,279,-0.021,
97,280,0.011,
97,281,0.0,
97,282,0.023,
97,283,0.023,
97,284,0.035,
97,285,0.057,
97,286,0.057,
97,287,0.249,
97,288,0.249,
97,289,0.249,
97,290,0.249,
97,291,0.249,
97,292,0.249,
97,293,0.261,
97,294,0.26,
97,295,0.26,
97,296,0.272,
97,297,0.284,
97,298,0.284,
97,299,0.285,
97,300,0.273,
97,301,0.261,
97,302,0.249,
97,303,0.249,
97,304,0.238,
97,305,0.226,
97,306,0.226,
97,307,0.226,
97,308,0.215,
97,309,0.215,
97,310,0.216,
97,311,0.216,
97,312,0.227,
97,313,0.216,
97,314,0.228,
97,315,0.228,
97,316,0.229,
97,317,0.229,
97,318,0.229,
97,319,0.218,
97,320,0.218,
97,321,0.207,
98,221,-0.105,
98,222,-0.084,
98,223,0.033,
98,224,0.001,
98,225,0.034,
98,226,0.035,
98,227,0.056,
98,228,0.079,
98,229,0.283,
98,230,0.26,
98,231,0.26,
98,232,0.227,
98,233,0.227,
98,234,0.227,
98,235,0.216,
98,236,0.226,
98,237,0.226,
98,238,0.226,
98,239,0.237,
98,240,0.237,
98,241,0.237,
98,242,0.237,
98,243,0.237,
98,244,0.249,
98,245,0.249,
98,246,0.249,
98,247,0.249,3.3183
98,248,0.25,3.3183
98,249,0.25,3.3196
98,250,0.25,3.321
98,251,0.25,3.3198
98,252,0.251,3.3187
98,253,0.24,3.3187
98,254,0.24,
98,255,0.24,
98,256,0.24,
98,257,0.229,
98,258,0.229,
98,259,0.23,
98,260,0.23,
98,261,0.219,
98,262,0.219,
98,263,0.196,
98,264,0.196,
98,265,0.174,
98,266,0.173,
98,267,0.151,
98,268,0.14,
98,269,0.129,
98,270,0.129,
98,271,0.129,
98,272,0.129,
98,273,0.108,
98,274,-0.105,
98,275,-0.105,
98,276,-0.105,
98,277,-0.084,
98,278,-0.073,
98,279,-0.042,
98,280,0.0,
98,281,0.0,
98,282,0.0,
98,283,0.012,
98,284,0.023,
98,285,0.035,
98,286,0.047,
98,287,0.057,
98,288,0.249,
98,289,0.249,
98,290,0.249,
98,291,0.249,
98,292,0.249,
98,293,0.261,
98,294,0.26,
98,295,0.26,
98,296,0.272,
98,297,0.273,
98,298,0.284,
98,299,0.285,
98,300,0.285,
98,301,0.273,
98,302,0.273,
98,303,0.261,
98,304,0.25,
98,305,0.238,
98,306,0.226,
98,307,0.226,
98,308,0.226,
98,309,0.215,
98,310,0.215,
98,311,0.216,
98,312,0.216,
98,313,0.216,
98,314,0.228,
98,315,0.228,
98,316,0.229,
98,317,0.229,
98,318,0.229,
98,319,0.23,
98,320,0.218,
98,321,0.218,
98,322,0.207,
98,323,0.196,
98,324,0.196,
98,325,0.197,
99,224,0.012,
99,225,0.002,
99,226,0.023,
99,227,-0.548,
99,228,-0.557,
99,229,0.272,
99,230,0.283,
99,231,0.272,
99,232,0.294,
99,233,0.294,
99,234,0.26,
99,235,0.26,
99,236,0.237,
99,237,0.237,
99,238,0.226,
99,239,0.237,
99,240,0.237,
99,241,0.237,
99,242,0.237,
99,243,0.237,
99,244,0.249,
99,245,0.249,
99,246,0.248,3.3043
99,247,0.249,3.3043
99,248,0.249,3.3113
99,249,0.25,3.3183
99,250,0.25,3.3196
99,251,0.25,3.321
99,252,0.25,3.3197
99,253,0.251,3.3191
99,254,0.24,3.3183
99,255,0.24,3.3167
99,256,0.24,3.3167
99,257,0.24,
99,258,0.229,
99,259,0.229,
99,260,0.23,
99,261,0.23,
99,262,0.219,
99,263,0.219,
99,264,0.207,
99,265,0.196,
99,266,0.174,
99,267,0.173,
99,268,0.173,
99,269,0.14,
99,270,0.129,
99,271,0.129,
99,272,0.129,
99,273,0.129,
99,274,0.129,
99,275,-0.115,
99,276,-0.105,
99,277,-0.105,
99,278,-0.084,
99,279,-0.073,
99,280,-0.042,
99,281,0.0,
99,282,0.0,
99,283,0.001,
99,284,0.013,
99,285,0.024,
99,286,0.035,
99,287,0.047,
99,288,0.249,
99,289,0.249,
99,290,0.249,
99,291,0.25,
99,292,0.249,
99,293,0.249,
99,294,0.261,
99,295,0.26,
99,296,0.261,
99,297,0.261,
99,298,0.273,
99,299,0.273,
99,300,0.285,
99,301,0.285,
99,302,0.273,
99,303,0.261,
99,304,0.25,
99,305,0.25,
99,306,0.238,
99,307,0.238,
99,308,0.227,
99,309,0.227,
99,310,0.227,
99,311,0.216,
99,312,0.216,
99,313,0.227,
99,314,0.216,
99,315,0.228,
99,316,0.228,
99,317,0.229,
99,318,0.229,
99,319,0.23,
99,320,0.23,
99,321,0.218,
99,322,0.218,
99,323,0.207,
99,324,0.207,
99,325,0.196,
99,326,0.197,
99,327,0.196,
99,328,0.197,
100,226,0.002,
100,227,0.013,
100,228,-0.557,
100,229,-0.557,
100,230,0.283,
100,231,0.294,
100,232,0.306,
100,233,0.306,
100,234,0.306,
100,235,0.306,
100,236,0.283,
100,237,0.283,
100,238,0.26,
100,239,0.26,
100,240,0.249,
100,241,0.249,
100,242,0.237,
100,243,0.237,
100,244,0.249,
100,245,0.249,
100,246,0.248,
100,247,0.249,3.3043
100,248,0.249,3.3043
100,249,0.25,3.3043
100,250,0.25,
100,251,0.25,
100,252,0.25,
100,253,0.251,3.3195
100,254,0.251,3.3195
100,255,0.252,3.3181
100,256,0.24,3.3167
100,257,0.241,3.3167
100,258,0.241,
100,259,0.23,
100,260,0.23,
100,261,0.23,
100,262,0.231,
100,263,0.219,
100,264,0.219,
100,265,0.208,
100,266,0.196,
100,267,0.174,
100,268,0.174,
100,269,0.174,
100,270,0.151,
100,271,0.14,
100,272,0.129,
100,273,0.129,
100,274,0.129,
100,275,0.13,
100,276,-0.105,
100,277,-0.105,
100,278,-0.105,
100,279,-0.084,
100,280,-0.073,
100,281,-0.042,
100,282,0.0,
100,283,0.0,
100,284,0.0,
100,285,0.012,
100,286,0.013,
100,287,0.035,
100,288,0.035,
100,289,0.249,
100,290,0.25,
100,291,0.25,
100,292,0.25,
100,293,0.249,
100,294,0.249,
100,295,0.261,
100,296,0.261,
100,297,0.261,
100,298,0.273,
100,299,0.273,
100,300,0.285,
100,301,0.285,
100,302,0.285,
100,303,0.273,
100,304,0.273,
100,305,0.262,
100,306,0.25,
100,307,0.238,
100,308,0.238,
100,309,0.227,
100,310,0.227,
100,311,0.227,
100,312,0.227,
100,313,0.227,
100,314,0.216,
100,315,0.228,
100,316,0.228,
100,317,0.229,
100,318,0.229,
100,319,0.229,
100,320,0.23,
100,321,0.218,
100,322,0.219,
100,323,0.219,
100,324,0.207,
100,325,0.207,
100,326,0.197,
100,327,0.197,
100,328,0.196,
100,329,0.197,
100,330,0.197,
100,331,0.197,
