id,dataset_key,nuclide,kind,first_author,year,decision,factor,scope,reason_code,bin,e_lo_ev,e_hi_ev,mean_b,sig_x,cell_rules,d_dex,n_ref,ref_offsets_dex,r6_median,r10_d,r9_d,r11_against,record_findings,summary
CR2-10074-10074052-0a1c72f1,10074/10074052/,Z028N032M0,sig/tta,R.G.Stieglitz,1971,exclude,,cells,R7_PHYSICS_BOUND,159,815020.0,923870.0,13.1718,0.195,R7,,,null,,,,,,"EXCLUDE (R7_PHYSICS_BOUND) Z028N032M0 sig/tta 10074/10074052/, cells scope, 1 cell(s) 8.15e+05-9.239e+05 eV; rules R7"
CR2-10086-10086002-ee8fea37,10086/10086002/,Z092N146M0,sig,W.P.Poenitz,1970,exclude,,dataset,R3_TWIN_SUPERSEDED,151,150000.0,150000.0,0.180936,0.0202,R3,,,null,,,,,,"EXCLUDE (R3_TWIN_SUPERSEDED) Z092N146M0 sig 10086/10086002/, dataset scope, 9 cell(s) 1.5e+05-1.4e+06 eV; rules R3; twin of 10086/10086006/ (x:SPSDD)"
CR2-10086-10086002-ee8fea37,10086/10086002/,Z092N146M0,sig,W.P.Poenitz,1970,exclude,,dataset,R3_TWIN_SUPERSEDED,153,250000.0,250000.0,0.146148,0.015,R3,,,null,,,,,,"EXCLUDE (R3_TWIN_SUPERSEDED) Z092N146M0 sig 10086/10086002/, dataset scope, 9 cell(s) 1.5e+05-1.4e+06 eV; rules R3; twin of 10086/10086006/ (x:SPSDD)"
CR2-10086-10086002-ee8fea37,10086/10086002/,Z092N146M0,sig,W.P.Poenitz,1970,exclude,,dataset,R3_TWIN_SUPERSEDED,154,300000.0,300000.0,0.126793,0.0125,R3,,,null,,,,,,"EXCLUDE (R3_TWIN_SUPERSEDED) Z092N146M0 sig 10086/10086002/, dataset scope, 9 cell(s) 1.5e+05-1.4e+06 eV; rules R3; twin of 10086/10086006/ (x:SPSDD)"
CR2-10086-10086002-ee8fea37,10086/10086002/,Z092N146M0,sig,W.P.Poenitz,1970,exclude,,dataset,R3_TWIN_SUPERSEDED,156,400000.0,500000.0,0.125053,0.0085,R3,,,null,,,,,,"EXCLUDE (R3_TWIN_SUPERSEDED) Z092N146M0 sig 10086/10086002/, dataset scope, 9 cell(s) 1.5e+05-1.4e+06 eV; rules R3; twin of 10086/10086006/ (x:SPSDD)"
CR2-10086-10086002-ee8fea37,10086/10086002/,Z092N146M0,sig,W.P.Poenitz,1970,exclude,,dataset,R3_TWIN_SUPERSEDED,157,600000.0,600000.0,0.13542,0.014,R3,,,null,,,,,,"EXCLUDE (R3_TWIN_SUPERSEDED) Z092N146M0 sig 10086/10086002/, dataset scope, 9 cell(s) 1.5e+05-1.4e+06 eV; rules R3; twin of 10086/10086006/ (x:SPSDD)"
CR2-10086-10086002-ee8fea37,10086/10086002/,Z092N146M0,sig,W.P.Poenitz,1970,exclude,,dataset,R3_TWIN_SUPERSEDED,158,700000.0,700000.0,0.148561,0.0129,R3,,,null,,,,,,"EXCLUDE (R3_TWIN_SUPERSEDED) Z092N146M0 sig 10086/10086002/, dataset scope, 9 cell(s) 1.5e+05-1.4e+06 eV; rules R3; twin of 10086/10086006/ (x:SPSDD)"
CR2-10086-10086002-ee8fea37,10086/10086002/,Z092N146M0,sig,W.P.Poenitz,1970,exclude,,dataset,R3_TWIN_SUPERSEDED,159,900000.0,900000.0,0.141856,0.0138,R3,,,null,,,,,,"EXCLUDE (R3_TWIN_SUPERSEDED) Z092N146M0 sig 10086/10086002/, dataset scope, 9 cell(s) 1.5e+05-1.4e+06 eV; rules R3; twin of 10086/10086006/ (x:SPSDD)"
CR2-10086-10086002-ee8fea37,10086/10086002/,Z092N146M0,sig,W.P.Poenitz,1970,exclude,,dataset,R3_TWIN_SUPERSEDED,160,1200000.0,1250000.0,0.114165,0.0128,R3,,,null,,,,,,"EXCLUDE (R3_TWIN_SUPERSEDED) Z092N146M0 sig 10086/10086002/, dataset scope, 9 cell(s) 1.5e+05-1.4e+06 eV; rules R3; twin of 10086/10086006/ (x:SPSDD)"
CR2-10086-10086002-ee8fea37,10086/10086002/,Z092N146M0,sig,W.P.Poenitz,1970,exclude,,dataset,R3_TWIN_SUPERSEDED,161,1400000.0,1400000.0,0.090872,0.0173,R3,,,null,,,,,,"EXCLUDE (R3_TWIN_SUPERSEDED) Z092N146M0 sig 10086/10086002/, dataset scope, 9 cell(s) 1.5e+05-1.4e+06 eV; rules R3; twin of 10086/10086006/ (x:SPSDD)"
CR2-10221-10221049-d3895f8e,10221/10221049/,Z075N112M0,sig,M.Lindner,1976,downweight,0.25,cells,R5D_INTER_DATASET_SCATTER,164,2730000.0,2730000.0,0.034,0.0374,R5d,-0.333692,2,"[0.304, 0.363]",-0.022,,,,,"DOWNWEIGHT (R5D_INTER_DATASET_SCATTER) Z075N112M0 sig 10221/10221049/, cells scope, 1 cell(s) 2.73e+06-2.73e+06 eV; rules R5d; d=-0.33 dex vs 2 independent series (bins +-1); series median -0.02 over 90 cells"
CR2-10298-10298003-4cf8fbd9,10298/10298003/,Z066N098M0,sig,L.R.Fawcett,1972,downweight,0.25,cells,R5D_INTER_DATASET_SCATTER,143,20000.0,25000.0,0.7745,0.0414,R5d,0.418155,4,"[-0.371, -0.302, -0.61, -0.466]",-0.168,,,,,"DOWNWEIGHT (R5D_INTER_DATASET_SCATTER) Z066N098M0 sig 10298/10298003/, cells scope, 4 cell(s) 2e+04-1.6e+05 eV; rules R5d; d=+0.42 dex vs 4 independent series; series median -0.17 over 30 cells"
CR2-10298-10298003-4cf8fbd9,10298/10298003/,Z066N098M0,sig,L.R.Fawcett,1972,downweight,0.25,cells,R5D_INTER_DATASET_SCATTER,144,30000.0,30000.0,0.831,0.0414,R5d,0.472524,4,"[-0.401, -0.333, -0.641, -0.544]",-0.168,,,,,"DOWNWEIGHT (R5D_INTER_DATASET_SCATTER) Z066N098M0 sig 10298/10298003/, cells scope, 4 cell(s) 2e+04-1.6e+05 eV; rules R5d; d=+0.42 dex vs 4 independent series; series median -0.17 over 30 cells"
CR2-10298-10298003-4cf8fbd9,10298/10298003/,Z066N098M0,sig,L.R.Fawcett,1972,downweight,0.25,cells,R5D_INTER_DATASET_SCATTER,151,140000.0,140000.0,0.354,0.0414,R5d,0.378742,3,"[-0.379, -0.345, -0.787]",-0.168,,,,,"DOWNWEIGHT (R5D_INTER_DATASET_SCATTER) Z066N098M0 sig 10298/10298003/, cells scope, 4 cell(s) 2e+04-1.6e+05 eV; rules R5d; d=+0.42 dex vs 4 independent series; series median -0.17 over 30 cells"
CR2-10298-10298003-4cf8fbd9,10298/10298003/,Z066N098M0,sig,L.R.Fawcett,1972,downweight,0.25,cells,R5D_INTER_DATASET_SCATTER,152,160000.0,160000.0,0.36,0.0638,R5d,0.41927,3,"[-0.419, -0.352, -0.845]",-0.168,,,,,"DOWNWEIGHT (R5D_INTER_DATASET_SCATTER) Z066N098M0 sig 10298/10298003/, cells scope, 4 cell(s) 2e+04-1.6e+05 eV; rules R5d; d=+0.42 dex vs 4 independent series; series median -0.17 over 30 cells"
CR2-10298-10298004-2e9d585e,10298/10298004/,Z064N096M0,sig,L.R.Fawcett,1972,downweight,0.25,cells,R6D_SERIES_SYSTEMATIC,140,10000.0,10000.0,0.145,0.0414,R10d,-0.433276,1,[0.433],-0.155,-0.795,,,,"DOWNWEIGHT (R6D_SERIES_SYSTEMATIC) Z064N096M0 sig 10298/10298004/, cells scope, 9 cell(s) 1e+04-1.6e+05 eV; rules R10d+R6d; d=-0.43 dex vs 1 independent series (bins +-1); series median -0.15 over 30 cells; isotopic d=-0.80 dex vs 2 neighbours"
CR2-10298-10298004-2e9d585e,10298/10298004/,Z064N096M0,sig,L.R.Fawcett,1972,downweight,0.25,cells,R6D_SERIES_SYSTEMATIC,144,30000.0,30000.0,0.071,0.0414,R6d,-0.33081,4,"[0.19, -0.675, 0.611, 0.471]",-0.155,,,,,"DOWNWEIGHT (R6D_SERIES_SYSTEMATIC) Z064N096M0 sig 10298/10298004/, cells scope, 9 cell(s) 1e+04-1.6e+05 eV; rules R10d+R6d; d=-0.43 dex vs 1 independent series (bins +-1); series median -0.15 over 30 cells; isotopic d=-0.80 dex vs 2 neighbours"
CR2-10298-10298004-2e9d585e,10298/10298004/,Z064N096M0,sig,L.R.Fawcett,1972,downweight,0.25,cells,R6D_SERIES_SYSTEMATIC,146,40000.0,50000.0,0.05675,0.0414,R10d,-0.432782,1,[0.433],-0.155,-0.833,,,,"DOWNWEIGHT (R6D_SERIES_SYSTEMATIC) Z064N096M0 sig 10298/10298004/, cells scope, 9 cell(s) 1e+04-1.6e+05 eV; rules R10d+R6d; d=-0.43 dex vs 1 independent series (bins +-1); series median -0.15 over 30 cells; isotopic d=-0.80 dex vs 2 neighbours"
CR2-10298-10298004-2e9d585e,10298/10298004/,Z064N096M0,sig,L.R.Fawcett,1972,downweight,0.25,cells,R6D_SERIES_SYSTEMATIC,147,60000.0,60000.0,0.0533,0.0414,R10d,-0.405199,1,[0.405],-0.155,-0.805,,,,"DOWNWEIGHT (R6D_SERIES_SYSTEMATIC) Z064N096M0 sig 10298/10298004/, cells scope, 9 cell(s) 1e+04-1.6e+05 eV; rules R10d+R6d; d=-0.43 dex vs 1 independent series (bins +-1); series median -0.15 over 30 cells; isotopic d=-0.80 dex vs 2 neighbours"
CR2-10298-10298004-2e9d585e,10298/10298004/,Z064N096M0,sig,L.R.Fawcett,1972,downweight,0.25,cells,R6D_SERIES_SYSTEMATIC,148,70000.0,70000.0,0.0518,0.0414,R10d+R6d,-0.327357,1,[0.327],-0.155,-0.771,,,,"DOWNWEIGHT (R6D_SERIES_SYSTEMATIC) Z064N096M0 sig 10298/10298004/, cells scope, 9 cell(s) 1e+04-1.6e+05 eV; rules R10d+R6d; d=-0.43 dex vs 1 independent series (bins +-1); series median -0.15 over 30 cells; isotopic d=-0.80 dex vs 2 neighbours"
CR2-10298-10298004-2e9d585e,10298/10298004/,Z064N096M0,sig,L.R.Fawcett,1972,downweight,0.25,cells,R6D_SERIES_SYSTEMATIC,149,80000.0,90000.0,0.0474,0.0414,R10d,-0.267859,1,[0.268],-0.155,-0.765,,,,"DOWNWEIGHT (R6D_SERIES_SYSTEMATIC) Z064N096M0 sig 10298/10298004/, cells scope, 9 cell(s) 1e+04-1.6e+05 eV; rules R10d+R6d; d=-0.43 dex vs 1 independent series (bins +-1); series median -0.15 over 30 cells; isotopic d=-0.80 dex vs 2 neighbours"
CR2-10298-10298004-2e9d585e,10298/10298004/,Z064N096M0,sig,L.R.Fawcett,1972,downweight,0.25,cells,R6D_SERIES_SYSTEMATIC,150,100000.0,120000.0,0.0313,0.0414,R10d,-0.342641,1,[0.343],-0.155,-0.842,,,,"DOWNWEIGHT (R6D_SERIES_SYSTEMATIC) Z064N096M0 sig 10298/10298004/, cells scope, 9 cell(s) 1e+04-1.6e+05 eV; rules R10d+R6d; d=-0.43 dex vs 1 independent series (bins +-1); series median -0.15 over 30 cells; isotopic d=-0.80 dex vs 2 neighbours"
CR2-10298-10298004-2e9d585e,10298/10298004/,Z064N096M0,sig,L.R.Fawcett,1972,downweight,0.25,cells,R6D_SERIES_SYSTEMATIC,151,140000.0,140000.0,0.0288,0.0414,R10d,-0.298509,1,[0.299],-0.155,-0.808,,,,"DOWNWEIGHT (R6D_SERIES_SYSTEMATIC) Z064N096M0 sig 10298/10298004/, cells scope, 9 cell(s) 1e+04-1.6e+05 eV; rules R10d+R6d; d=-0.43 dex vs 1 independent series (bins +-1); series median -0.15 over 30 cells; isotopic d=-0.80 dex vs 2 neighbours"
CR2-10298-10298004-2e9d585e,10298/10298004/,Z064N096M0,sig,L.R.Fawcett,1972,downweight,0.25,cells,R6D_SERIES_SYSTEMATIC,152,160000.0,160000.0,0.0262,0.1208,R10d,-0.255992,1,[0.256],-0.155,-0.772,,,,"DOWNWEIGHT (R6D_SERIES_SYSTEMATIC) Z064N096M0 sig 10298/10298004/, cells scope, 9 cell(s) 1e+04-1.6e+05 eV; rules R10d+R6d; d=-0.43 dex vs 1 independent series (bins +-1); series median -0.15 over 30 cells; isotopic d=-0.80 dex vs 2 neighbours"
CR2-10298-10298004-71c87e45,10298/10298004/,Z064N096M0,sig,L.R.Fawcett,1972,exclude,,cells,R10X_ISOTOPIC_SYSTEMATIC,141,15000.0,15000.0,0.112,0.0414,R10x,-0.491662,1,[0.492],-0.155,-0.855,,,,"EXCLUDE (R10X_ISOTOPIC_SYSTEMATIC) Z064N096M0 sig 10298/10298004/, cells scope, 1 cell(s) 1.5e+04-1.5e+04 eV; rules R10x; d=-0.49 dex vs 1 independent series (bins +-1); series median -0.15 over 30 cells; isotopic d=-0.85 dex vs 2 neighbours"
CR2-10421-10421005-6b84f917,10421/10421005/,Z092N146M0,sig,W.P.Poenitz,1975,exclude,,dataset,R3_TWIN_SUPERSEDED,156,400000.0,500000.0,0.112869,0.025,R3,,,null,,,,,,"EXCLUDE (R3_TWIN_SUPERSEDED) Z092N146M0 sig 10421/10421005/, dataset scope, 5 cell(s) 4e+05-1.2e+06 eV; rules R3; twin of 10421/10421006/ (d:ratio)"
CR2-10421-10421005-6b84f917,10421/10421005/,Z092N146M0,sig,W.P.Poenitz,1975,exclude,,dataset,R3_TWIN_SUPERSEDED,157,600000.0,600000.0,0.11583,0.0349,R3,,,null,,,,,,"EXCLUDE (R3_TWIN_SUPERSEDED) Z092N146M0 sig 10421/10421005/, dataset scope, 5 cell(s) 4e+05-1.2e+06 eV; rules R3; twin of 10421/10421006/ (d:ratio)"
CR2-10421-10421005-6b84f917,10421/10421005/,Z092N146M0,sig,W.P.Poenitz,1975,exclude,,dataset,R3_TWIN_SUPERSEDED,158,700000.0,700000.0,0.132288,0.0351,R3,,,null,,,,,,"EXCLUDE (R3_TWIN_SUPERSEDED) Z092N146M0 sig 10421/10421005/, dataset scope, 5 cell(s) 4e+05-1.2e+06 eV; rules R3; twin of 10421/10421006/ (d:ratio)"
CR2-10421-10421005-6b84f917,10421/10421005/,Z092N146M0,sig,W.P.Poenitz,1975,exclude,,dataset,R3_TWIN_SUPERSEDED,159,800000.0,900000.0,0.133579,0.0208,R3,,,null,,,,,,"EXCLUDE (R3_TWIN_SUPERSEDED) Z092N146M0 sig 10421/10421005/, dataset scope, 5 cell(s) 4e+05-1.2e+06 eV; rules R3; twin of 10421/10421006/ (d:ratio)"
CR2-10421-10421005-6b84f917,10421/10421005/,Z092N146M0,sig,W.P.Poenitz,1975,exclude,,dataset,R3_TWIN_SUPERSEDED,160,1000000.0,1200000.0,0.119144,0.0223,R3,,,null,,,,,,"EXCLUDE (R3_TWIN_SUPERSEDED) Z092N146M0 sig 10421/10421005/, dataset scope, 5 cell(s) 4e+05-1.2e+06 eV; rules R3; twin of 10421/10421006/ (d:ratio)"
CR2-10608-10608025-9a82208e,10608/10608025/,Z081N122M0,ri,G.H.E.Sims,1970,downweight,0.25,dataset,R5D_INTER_DATASET_SCATTER,96,0.55,0.55,349.0,0.0207,R5d,0.435629,2,"[-0.439, -0.432]",0.043,,,,,"DOWNWEIGHT (R5D_INTER_DATASET_SCATTER) Z081N122M0 ri 10608/10608025/, dataset scope, 1 cell(s) 0.55-0.55 eV; rules R5d; d=+0.44 dex vs 2 independent series; series median +0.04 over 11 cells"
CR2-10776-10776029-caff2f38,10776/10776029/,Z033N042M0,sig,R.A.Sigg,1976,downweight,0.25,dataset,R9_CROSS_NUCLIDE_14MEV_SYSTEMATIC,171,14600000.0,14600000.0,0.0142,0.0296,R9,0.965556,4,"[-1.277, 0.194, -1.009, -0.922]",,,0.977,,,"DOWNWEIGHT (R9_CROSS_NUCLIDE_14MEV_SYSTEMATIC) Z033N042M0 sig 10776/10776029/, dataset scope, 1 cell(s) 1.46e+07-1.46e+07 eV; rules R9; d=+0.97 dex vs 4 independent series; 14 MeV d=+0.98 dex vs 15 nuclides"
CR2-11010-11010014-8baa0e7e,11010/11010014/,Z053N074M0,sig,V.Hummel,1951,downweight,0.25,dataset,R5D_INTER_DATASET_SCATTER,143,24000.0,24000.0,2.2,0.0792,R5d,0.428609,13,"[-0.458, -0.491, -0.419, -0.429, -0.457, -0.398, -0.45, -0.422, -0.44, -0.418, -0.538, -0.347, -0.413]",0.202,,,,,"DOWNWEIGHT (R5D_INTER_DATASET_SCATTER) Z053N074M0 sig 11010/11010014/, dataset scope, 1 cell(s) 2.4e+04-2.4e+04 eV; rules R5d; d=+0.43 dex vs 13 independent series; series median +0.20 over 4 cells"
CR2-11010-11010015-129ac0a4,11010/11010015/,Z078N120M0,sig,V.Hummel,1951,exclude,,dataset,R5X_INTER_DATASET_SCATTER,143,24000.0,24000.0,0.02,0.0414,R5x,-1.044953,2,"[1.079, 1.011]",0.304,,,,,"EXCLUDE (R5X_INTER_DATASET_SCATTER) Z078N120M0 sig 11010/11010015/, dataset scope, 1 cell(s) 2.4e+04-2.4e+04 eV; rules R5x; d=-1.04 dex vs 2 independent series; series median +0.30 over 4 cells"
CR2-11047-11047065-88ba9767,11047/11047065/,Z065N094M0,mxw,H.Pomerance,1951,downweight,0.25,dataset,R5D_INTER_DATASET_SCATTER,84,0.0253,0.0253,45.694695,0.0414,R5d,0.309687,2,"[-0.317, -0.302]",0.0,,,,,"DOWNWEIGHT (R5D_INTER_DATASET_SCATTER) Z065N094M0 mxw 11047/11047065/, dataset scope, 1 cell(s) 0.0253-0.0253 eV; rules R5d; d=+0.31 dex vs 2 independent series; series median +0.00 over 30 cells"
CR2-11329-11329055-3f8796c6,11329/11329055/,Z067N098M0,sig,J.H.Gibbons,1961,downweight,0.25,cells,R5D_INTER_DATASET_SCATTER,140,10500.0,12500.0,4.61,0.0121,R5d,0.337365,3,"[-0.337, -0.322, -0.368]",-0.005,,,,,"DOWNWEIGHT (R5D_INTER_DATASET_SCATTER) Z067N098M0 sig 11329/11329055/, cells scope, 3 cell(s) 1.05e+04-1.95e+04 eV; rules R5d; d=+0.34 dex vs 3 independent series; series median -0.01 over 166 cells"
CR2-11329-11329055-3f8796c6,11329/11329055/,Z067N098M0,sig,J.H.Gibbons,1961,downweight,0.25,cells,R5D_INTER_DATASET_SCATTER,141,13500.0,15300.0,4.273333,0.0335,R5d,0.356609,3,"[-0.357, -0.345, -0.387]",-0.005,,,,,"DOWNWEIGHT (R5D_INTER_DATASET_SCATTER) Z067N098M0 sig 11329/11329055/, cells scope, 3 cell(s) 1.05e+04-1.95e+04 eV; rules R5d; d=+0.34 dex vs 3 independent series; series median -0.01 over 166 cells"
CR2-11329-11329055-3f8796c6,11329/11329055/,Z067N098M0,sig,J.H.Gibbons,1961,downweight,0.25,cells,R5D_INTER_DATASET_SCATTER,142,16400.0,19500.0,3.521667,0.0295,R5d,0.337561,3,"[-0.324, -0.338, -0.379]",-0.005,,,,,"DOWNWEIGHT (R5D_INTER_DATASET_SCATTER) Z067N098M0 sig 11329/11329055/, cells scope, 3 cell(s) 1.05e+04-1.95e+04 eV; rules R5d; d=+0.34 dex vs 3 independent series; series median -0.01 over 166 cells"
CR2-11343-11343026-7ada0a95,11343/11343026/,Z063N088M0,ri,S.P.Harris,1950,exclude,,dataset,R5X_INTER_DATASET_SCATTER,96,0.5,0.5,842.0,0.0414,R12+R5x,-0.80442,3,"[0.82, 0.804, 0.609]",-0.12,,,,,"EXCLUDE (R5X_INTER_DATASET_SCATTER) Z063N088M0 ri 11343/11343026/, dataset scope, 1 cell(s) 0.5-0.5 eV; rules R12+R5x; d=-0.80 dex vs 3 independent series; series median -0.12 over 27 cells"
CR2-11426-11426005-8f45321a,11426/11426005/,Z026N032M0,mxw,W.A.BROOKSBANK,1955,downweight,0.25,dataset,R5D_INTER_DATASET_SCATTER,84,0.0253,0.0253,0.106,0.0414,R5d,-1.188289,2,"[1.389, 0.988]",0.018,,,,,"DOWNWEIGHT (R5D_INTER_DATASET_SCATTER) Z026N032M0 mxw 11426/11426005/, dataset scope, 1 cell(s) 0.0253-0.0253 eV; rules R5d; d=-1.19 dex vs 2 independent series; series median +0.02 over 4 cells"
CR2-11507-11507025-b27d10e6,11507/11507025/,Z026N032M0,mxw,H.Pomerance,1952,downweight,0.25,dataset,R5D_INTER_DATASET_SCATTER,84,0.0253,0.0253,2.596289,0.2553,R5d,0.895282,2,"[-1.389, -0.402]",0.101,,,,,"DOWNWEIGHT (R5D_INTER_DATASET_SCATTER) Z026N032M0 mxw 11507/11507025/, dataset scope, 1 cell(s) 0.0253-0.0253 eV; rules R5d; d=+0.90 dex vs 2 independent series; series median +0.10 over 41 cells"
CR2-11507-11507049-8f7f6223,11507/11507049/,Z040N056M0,mxw,H.Pomerance,1952,exclude,,dataset,R5X_INTER_DATASET_SCATTER,84,0.0253,0.0253,0.103852,0.301,R5x,0.708877,3,"[-0.715, -0.709, -0.375]",0.101,,,,,"EXCLUDE (R5X_INTER_DATASET_SCATTER) Z040N056M0 mxw 11507/11507049/, dataset scope, 1 cell(s) 0.0253-0.0253 eV; rules R5x; d=+0.71 dex vs 3 independent series; series median +0.10 over 41 cells"
CR2-11507-11507081-2c34aaf0,11507/11507081/,Z060N086M0,mxw,H.Pomerance,1952,exclude,,dataset,R5X_INTER_DATASET_SCATTER,84,0.0253,0.0253,10.177455,0.0334,R5x,0.883898,2,"[-0.894, -0.874]",0.101,,,,,"EXCLUDE (R5X_INTER_DATASET_SCATTER) Z060N086M0 mxw 11507/11507081/, dataset scope, 1 cell(s) 0.0253-0.0253 eV; rules R5x; d=+0.88 dex vs 2 independent series; series median +0.10 over 41 cells"
CR2-11675-11675005-d42cf79f,11675/11675005/,Z029N036M0,sig,A.E.Johnsrud,1959,downweight,0.25,cells,R8_UNCORRECTED_LOW_ENERGY_BACKGROUND,164,2550000.0,2550000.0,0.0036,0.0414,R8,-0.120391,7,"[0.236, 0.263, 0.067, 0.313, 0.12, 0.086, 0.035]",-0.013,,,,RF018,"DOWNWEIGHT (R8_UNCORRECTED_LOW_ENERGY_BACKGROUND) Z029N036M0 sig 11675/11675005/, cells scope, 4 cell(s) 2.55e+06-6.15e+06 eV; rules R8; d=-0.12 dex vs 7 independent series; series median -0.01 over 135 cells"
CR2-11675-11675005-d42cf79f,11675/11675005/,Z029N036M0,sig,A.E.Johnsrud,1959,downweight,0.25,cells,R8_UNCORRECTED_LOW_ENERGY_BACKGROUND,165,3300000.0,3300000.0,0.00264,0.0414,R8,-0.220861,7,"[0.371, 0.264, 0.202, 0.448, 0.138, 0.221, 0.146]",-0.013,,,,RF018,"DOWNWEIGHT (R8_UNCORRECTED_LOW_ENERGY_BACKGROUND) Z029N036M0 sig 11675/11675005/, cells scope, 4 cell(s) 2.55e+06-6.15e+06 eV; rules R8; d=-0.12 dex vs 7 independent series; series median -0.01 over 135 cells"
CR2-11675-11675005-d42cf79f,11675/11675005/,Z029N036M0,sig,A.E.Johnsrud,1959,downweight,0.25,cells,R8_UNCORRECTED_LOW_ENERGY_BACKGROUND,166,4050000.0,4850000.0,0.002287,0.0117,R8,-0.177356,3,"[0.177, 0.083, 0.185]",-0.013,,,,RF018,"DOWNWEIGHT (R8_UNCORRECTED_LOW_ENERGY_BACKGROUND) Z029N036M0 sig 11675/11675005/, cells scope, 4 cell(s) 2.55e+06-6.15e+06 eV; rules R8; d=-0.12 dex vs 7 independent series; series median -0.01 over 135 cells"
CR2-11675-11675005-d42cf79f,11675/11675005/,Z029N036M0,sig,A.E.Johnsrud,1959,downweight,0.25,cells,R8_UNCORRECTED_LOW_ENERGY_BACKGROUND,167,5400000.0,6150000.0,0.0015,0.0414,R8,-0.266389,3,"[0.219, 0.266, 0.368]",-0.013,,,,RF018,"DOWNWEIGHT (R8_UNCORRECTED_LOW_ENERGY_BACKGROUND) Z029N036M0 sig 11675/11675005/, cells scope, 4 cell(s) 2.55e+06-6.15e+06 eV; rules R8; d=-0.12 dex vs 7 independent series; series median -0.01 over 135 cells"
CR2-11675-11675007-90b54e53,11675/11675007/,Z033N042M0,sig,A.E.Johnsrud,1959,downweight,0.25,cells,R8_UNCORRECTED_LOW_ENERGY_BACKGROUND,164,2550000.0,2550000.0,0.014,0.0414,R3d+R8,0.060484,2,"[-0.036, -0.085]",-0.017,,,,RF019,"DOWNWEIGHT (R8_UNCORRECTED_LOW_ENERGY_BACKGROUND) Z033N042M0 sig 11675/11675007/, cells scope, 2 cell(s) 2.55e+06-5.5e+06 eV; rules R3d+R8; d=+0.06 dex vs 2 independent series; series median -0.02 over 135 cells"
CR2-11675-11675007-90b54e53,11675/11675007/,Z033N042M0,sig,A.E.Johnsrud,1959,downweight,0.25,cells,R8_UNCORRECTED_LOW_ENERGY_BACKGROUND,167,5500000.0,5500000.0,0.0057,0.0414,R8,,0,null,,,,,RF019,"DOWNWEIGHT (R8_UNCORRECTED_LOW_ENERGY_BACKGROUND) Z033N042M0 sig 11675/11675007/, cells scope, 2 cell(s) 2.55e+06-5.5e+06 eV; rules R3d+R8; d=+0.06 dex vs 2 independent series; series median -0.02 over 135 cells"
CR2-11675-11675012-3c3feee3,11675/11675012/,Z042N058M0,sig,A.E.Johnsrud,1959,downweight,0.25,cells,R8_UNCORRECTED_LOW_ENERGY_BACKGROUND,164,2550000.0,2550000.0,0.0096,0.0414,R8,0.201721,2,"[-0.169, -0.234]",-0.017,,,,RF020,"DOWNWEIGHT (R8_UNCORRECTED_LOW_ENERGY_BACKGROUND) Z042N058M0 sig 11675/11675012/, cells scope, 4 cell(s) 2.55e+06-6.2e+06 eV; rules R8; d=+0.20 dex vs 2 independent series; series median -0.02 over 135 cells"
CR2-11675-11675012-3c3feee3,11675/11675012/,Z042N058M0,sig,A.E.Johnsrud,1959,downweight,0.25,cells,R8_UNCORRECTED_LOW_ENERGY_BACKGROUND,165,3320000.0,3320000.0,0.0054,0.0414,R8,0.031049,2,"[-0.03, -0.032]",-0.015,,,,RF020,"DOWNWEIGHT (R8_UNCORRECTED_LOW_ENERGY_BACKGROUND) Z042N058M0 sig 11675/11675012/, cells scope, 4 cell(s) 2.55e+06-6.2e+06 eV; rules R8; d=+0.20 dex vs 2 independent series; series median -0.02 over 135 cells"
CR2-11675-11675012-3c3feee3,11675/11675012/,Z042N058M0,sig,A.E.Johnsrud,1959,downweight,0.25,cells,R8_UNCORRECTED_LOW_ENERGY_BACKGROUND,166,4030000.0,4800000.0,0.003275,0.0414,R8,-0.106927,2,"[0.076, 0.138]",-0.013,,,,RF020,"DOWNWEIGHT (R8_UNCORRECTED_LOW_ENERGY_BACKGROUND) Z042N058M0 sig 11675/11675012/, cells scope, 4 cell(s) 2.55e+06-6.2e+06 eV; rules R8; d=+0.20 dex vs 2 independent series; series median -0.02 over 135 cells"
CR2-11675-11675012-3c3feee3,11675/11675012/,Z042N058M0,sig,A.E.Johnsrud,1959,downweight,0.25,cells,R8_UNCORRECTED_LOW_ENERGY_BACKGROUND,167,5500000.0,6200000.0,0.002755,0.0414,R8,-0.182017,2,"[0.151, 0.213]",-0.015,,,,RF020,"DOWNWEIGHT (R8_UNCORRECTED_LOW_ENERGY_BACKGROUND) Z042N058M0 sig 11675/11675012/, cells scope, 4 cell(s) 2.55e+06-6.2e+06 eV; rules R8; d=+0.20 dex vs 2 independent series; series median -0.02 over 135 cells"
CR2-11675-11675015-99ee90d8,11675/11675015/,Z053N074M0,sig,A.E.Johnsrud,1959,downweight,0.25,cells,R8_UNCORRECTED_LOW_ENERGY_BACKGROUND,164,2650000.0,2650000.0,0.0288,0.0414,R8,-0.081713,6,"[0.172, -0.023, 0.043, -0.008, 0.213, 0.12]",-0.013,,,,RF021,"DOWNWEIGHT (R8_UNCORRECTED_LOW_ENERGY_BACKGROUND) Z053N074M0 sig 11675/11675015/, cells scope, 2 cell(s) 2.65e+06-3.35e+06 eV; rules R8; d=-0.08 dex vs 6 independent series; series median -0.01 over 135 cells"
CR2-11675-11675015-99ee90d8,11675/11675015/,Z053N074M0,sig,A.E.Johnsrud,1959,downweight,0.25,cells,R8_UNCORRECTED_LOW_ENERGY_BACKGROUND,165,3350000.0,3350000.0,0.016,0.0414,R8,-0.30555,6,"[0.427, 0.232, 0.298, 0.248, 0.313, 0.376]",-0.015,,,,RF021,"DOWNWEIGHT (R8_UNCORRECTED_LOW_ENERGY_BACKGROUND) Z053N074M0 sig 11675/11675015/, cells scope, 2 cell(s) 2.65e+06-3.35e+06 eV; rules R8; d=-0.08 dex vs 6 independent series; series median -0.01 over 135 cells"
CR2-11675-11675015-08487fdf,11675/11675015/,Z053N074M0,sig,A.E.Johnsrud,1959,exclude,,cells,R5X_INTER_DATASET_SCATTER,166,4050000.0,4850000.0,0.01125,0.0299,R12+R5d+R8,-0.36016,2,"[0.311, 0.41]",-0.013,,,,RF021,"EXCLUDE (R5X_INTER_DATASET_SCATTER) Z053N074M0 sig 11675/11675015/, cells scope, 2 cell(s) 4.05e+06-5.5e+06 eV; rules R12+R5d+R5x+R8; d=-0.36 dex vs 2 independent series (bins +-1); series median -0.01 over 135 cells"
CR2-11675-11675015-08487fdf,11675/11675015/,Z053N074M0,sig,A.E.Johnsrud,1959,exclude,,cells,R5X_INTER_DATASET_SCATTER,167,5500000.0,5500000.0,0.0051,0.0414,R12+R5x+R8,-0.703743,2,"[0.654, 0.753]",-0.013,,,,RF021,"EXCLUDE (R5X_INTER_DATASET_SCATTER) Z053N074M0 sig 11675/11675015/, cells scope, 2 cell(s) 4.05e+06-5.5e+06 eV; rules R12+R5d+R5x+R8; d=-0.36 dex vs 2 independent series (bins +-1); series median -0.01 over 135 cells"
CR2-11675-11675019-d1fb98e9,11675/11675019/,Z060N088M0,sig,A.E.Johnsrud,1959,exclude,,cells,L2_DATA_PLUS_RECORD,161,1550000.0,1550000.0,0.05,0.0414,R12+R5d,0.33187,2,"[-0.317, -0.347]",-0.017,,,,,"EXCLUDE (L2_DATA_PLUS_RECORD) Z060N088M0 sig 11675/11675019/, cells scope, 1 cell(s) 1.55e+06-1.55e+06 eV; rules R12+R5d; d=+0.33 dex vs 2 independent series; series median -0.02 over 135 cells"
CR2-11675-11675020-4df89b72,11675/11675020/,Z060N090M0,sig,A.E.Johnsrud,1959,exclude,,cells,R5X_INTER_DATASET_SCATTER,155,325000.0,325000.0,0.142,0.0414,R12+R5x,0.482971,3,"[-0.42, -0.483, -0.737]",-0.017,,,,,"EXCLUDE (R5X_INTER_DATASET_SCATTER) Z060N090M0 sig 11675/11675020/, cells scope, 5 cell(s) 3.25e+05-1.58e+06 eV; rules R12+R5d+R5x; d=+0.48 dex vs 3 independent series (bins +-1); series median -0.02 over 135 cells"
CR2-11675-11675020-4df89b72,11675/11675020/,Z060N090M0,sig,A.E.Johnsrud,1959,exclude,,cells,R5X_INTER_DATASET_SCATTER,156,400000.0,465000.0,0.1045,0.0414,R12+R5d,0.476971,2,"[-0.35, -0.604]",-0.017,,,,,"EXCLUDE (R5X_INTER_DATASET_SCATTER) Z060N090M0 sig 11675/11675020/, cells scope, 5 cell(s) 3.25e+05-1.58e+06 eV; rules R12+R5d+R5x; d=+0.48 dex vs 3 independent series (bins +-1); series median -0.02 over 135 cells"
CR2-11675-11675020-4df89b72,11675/11675020/,Z060N090M0,sig,A.E.Johnsrud,1959,exclude,,cells,R5X_INTER_DATASET_SCATTER,157,525000.0,620000.0,0.099,0.0219,R12+R5x,0.496012,2,"[-0.411, -0.581]",-0.017,,,,,"EXCLUDE (R5X_INTER_DATASET_SCATTER) Z060N090M0 sig 11675/11675020/, cells scope, 5 cell(s) 3.25e+05-1.58e+06 eV; rules R12+R5d+R5x; d=+0.48 dex vs 3 independent series (bins +-1); series median -0.02 over 135 cells"
CR2-11675-11675020-4df89b72,11675/11675020/,Z060N090M0,sig,A.E.Johnsrud,1959,exclude,,cells,R5X_INTER_DATASET_SCATTER,159,980000.0,980000.0,0.089,0.0414,R12+R5d,0.474142,2,"[-0.368, -0.58]",-0.017,,,,,"EXCLUDE (R5X_INTER_DATASET_SCATTER) Z060N090M0 sig 11675/11675020/, cells scope, 5 cell(s) 3.25e+05-1.58e+06 eV; rules R12+R5d+R5x; d=+0.48 dex vs 3 independent series (bins +-1); series median -0.02 over 135 cells"
CR2-11675-11675020-4df89b72,11675/11675020/,Z060N090M0,sig,A.E.Johnsrud,1959,exclude,,cells,R5X_INTER_DATASET_SCATTER,161,1280000.0,1580000.0,0.0685,0.0414,R12+R5d,0.529511,2,"[-0.427, -0.632]",-0.017,,,,,"EXCLUDE (R5X_INTER_DATASET_SCATTER) Z060N090M0 sig 11675/11675020/, cells scope, 5 cell(s) 3.25e+05-1.58e+06 eV; rules R12+R5d+R5x; d=+0.48 dex vs 3 independent series (bins +-1); series median -0.02 over 135 cells"
CR2-11675-11675021-8f65e813,11675/11675021/,Z062N092M0,sig,A.E.Johnsrud,1959,downweight,0.25,cells,R8_UNCORRECTED_LOW_ENERGY_BACKGROUND,164,2550000.0,2550000.0,0.017,0.0414,R8,-0.157393,2,"[0.048, 0.266]",-0.013,,,,RF022,"DOWNWEIGHT (R8_UNCORRECTED_LOW_ENERGY_BACKGROUND) Z062N092M0 sig 11675/11675021/, cells scope, 4 cell(s) 2.55e+06-6.2e+06 eV; rules R8; d=-0.16 dex vs 2 independent series; series median -0.01 over 135 cells"
CR2-11675-11675021-8f65e813,11675/11675021/,Z062N092M0,sig,A.E.Johnsrud,1959,downweight,0.25,cells,R8_UNCORRECTED_LOW_ENERGY_BACKGROUND,165,3300000.0,3300000.0,0.0099,0.0414,R8,-0.392206,2,"[0.283, 0.501]",-0.015,,,,RF022,"DOWNWEIGHT (R8_UNCORRECTED_LOW_ENERGY_BACKGROUND) Z062N092M0 sig 11675/11675021/, cells scope, 4 cell(s) 2.55e+06-6.2e+06 eV; rules R8; d=-0.16 dex vs 2 independent series; series median -0.01 over 135 cells"
CR2-11675-11675021-8f65e813,11675/11675021/,Z062N092M0,sig,A.E.Johnsrud,1959,downweight,0.25,cells,R8_UNCORRECTED_LOW_ENERGY_BACKGROUND,166,4000000.0,4750000.0,0.005,0.0414,R8,,0,null,,,,,RF022,"DOWNWEIGHT (R8_UNCORRECTED_LOW_ENERGY_BACKGROUND) Z062N092M0 sig 11675/11675021/, cells scope, 4 cell(s) 2.55e+06-6.2e+06 eV; rules R8; d=-0.16 dex vs 2 independent series; series median -0.01 over 135 cells"
CR2-11675-11675021-8f65e813,11675/11675021/,Z062N092M0,sig,A.E.Johnsrud,1959,downweight,0.25,cells,R8_UNCORRECTED_LOW_ENERGY_BACKGROUND,167,5500000.0,6200000.0,0.00295,0.0414,R8,,0,null,,,,,RF022,"DOWNWEIGHT (R8_UNCORRECTED_LOW_ENERGY_BACKGROUND) Z062N092M0 sig 11675/11675021/, cells scope, 4 cell(s) 2.55e+06-6.2e+06 eV; rules R8; d=-0.16 dex vs 2 independent series; series median -0.01 over 135 cells"
CR2-11675-11675023-1d613520,11675/11675023/,Z066N098M0,sig,A.E.Johnsrud,1959,exclude,,cells,L2_DATA_PLUS_RECORD,157,520000.0,630000.0,0.083,0.0206,R12+R5d,0.342298,2,"[-0.334, -0.351]",-0.017,,,,,"EXCLUDE (L2_DATA_PLUS_RECORD) Z066N098M0 sig 11675/11675023/, cells scope, 1 cell(s) 5.2e+05-6.3e+05 eV; rules R12+R5d; d=+0.34 dex vs 2 independent series (bins +-1); series median -0.02 over 135 cells"
CR2-11675-11675023-c84e7bff,11675/11675023/,Z066N098M0,sig,A.E.Johnsrud,1959,downweight,0.25,cells,R8_UNCORRECTED_LOW_ENERGY_BACKGROUND,167,5500000.0,5500000.0,0.023,0.0414,R8,,0,null,,,,,RF023,"DOWNWEIGHT (R8_UNCORRECTED_LOW_ENERGY_BACKGROUND) Z066N098M0 sig 11675/11675023/, cells scope, 1 cell(s) 5.5e+06-5.5e+06 eV; rules R8"
CR2-11754-11754004-32c82b88,11754/11754004/,Z042NAT,ri,L.LeSage,1966,downweight,0.25,dataset,R6D_SERIES_SYSTEMATIC,96,0.5,0.5,28.7,0.0293,R6d,0.343939,1,[-0.344],0.297,,,,,"DOWNWEIGHT (R6D_SERIES_SYSTEMATIC) Z042NAT ri 11754/11754004/, dataset scope, 1 cell(s) 0.5-0.5 eV; rules R6d; d=+0.34 dex vs 1 independent series (bins +-1); series median +0.30 over 23 cells"
CR2-11754-11754012-a4617e08,11754/11754012/,Z078NAT,ri,L.LeSage,1966,downweight,0.25,dataset,R6D_SERIES_SYSTEMATIC,96,0.5,0.5,141.0,0.024,R6d,0.31037,1,[-0.31],0.297,,,,,"DOWNWEIGHT (R6D_SERIES_SYSTEMATIC) Z078NAT ri 11754/11754012/, dataset scope, 1 cell(s) 0.5-0.5 eV; rules R6d; d=+0.31 dex vs 1 independent series (bins +-1); series median +0.30 over 23 cells"
CR2-11754-11754017-189e38f5,11754/11754017/,Z042NAT,ri,L.LeSage,1966,downweight,0.25,dataset,R6D_SERIES_SYSTEMATIC,96,0.5,0.5,29.1,0.0426,R6d,0.34995,1,[-0.35],0.297,,,,,"DOWNWEIGHT (R6D_SERIES_SYSTEMATIC) Z042NAT ri 11754/11754017/, dataset scope, 1 cell(s) 0.5-0.5 eV; rules R6d; d=+0.35 dex vs 1 independent series (bins +-1); series median +0.30 over 23 cells"
CR2-11754-11754018-8e955d09,11754/11754018/,Z042NAT,ri,L.LeSage,1966,downweight,0.25,dataset,R6D_SERIES_SYSTEMATIC,96,0.5,0.5,28.3,0.0224,R6d,0.337843,1,[-0.338],0.297,,,,,"DOWNWEIGHT (R6D_SERIES_SYSTEMATIC) Z042NAT ri 11754/11754018/, dataset scope, 1 cell(s) 0.5-0.5 eV; rules R6d; d=+0.34 dex vs 1 independent series (bins +-1); series median +0.30 over 23 cells"
CR2-11754-11754033-2489d4db,11754/11754033/,Z078NAT,ri,L.LeSage,1966,downweight,0.25,dataset,R6D_SERIES_SYSTEMATIC,96,0.5,0.5,142.0,0.018,R6d,0.313439,1,[-0.313],0.297,,,,,"DOWNWEIGHT (R6D_SERIES_SYSTEMATIC) Z078NAT ri 11754/11754033/, dataset scope, 1 cell(s) 0.5-0.5 eV; rules R6d; d=+0.31 dex vs 1 independent series (bins +-1); series median +0.30 over 23 cells"
CR2-11754-11754034-d6374ffd,11754/11754034/,Z078NAT,ri,L.LeSage,1966,downweight,0.25,dataset,R6D_SERIES_SYSTEMATIC,96,0.5,0.5,140.0,0.0092,R6d,0.307279,1,[-0.307],0.297,,,,,"DOWNWEIGHT (R6D_SERIES_SYSTEMATIC) Z078NAT ri 11754/11754034/, dataset scope, 1 cell(s) 0.5-0.5 eV; rules R6d; d=+0.31 dex vs 1 independent series (bins +-1); series median +0.30 over 23 cells"
CR2-11778-11778004-0feb0102,11778/11778004/,Z047NAT,sig,H.W.Schmitt,1960,exclude,,dataset,R3_TWIN_SUPERSEDED,143,24000.0,24000.0,1.185,0.0284,R3,,,null,,,,,,"EXCLUDE (R3_TWIN_SUPERSEDED) Z047NAT sig 11778/11778004/, dataset scope, 1 cell(s) 2.4e+04-2.4e+04 eV; rules R3; twin of 11778/11778005/ (x:SPSDD)"
CR2-11778-11778007-e0c51fbe,11778/11778007/,Z049NAT,sig,H.W.Schmitt,1960,exclude,,dataset,R3_TWIN_SUPERSEDED,143,24000.0,24000.0,0.823,0.0306,R3,,,null,,,,,,"EXCLUDE (R3_TWIN_SUPERSEDED) Z049NAT sig 11778/11778007/, dataset scope, 1 cell(s) 2.4e+04-2.4e+04 eV; rules R3; twin of 11778/11778008/ (x:SPSDD)"
CR2-11778-11778009-049a2ea9,11778/11778009/,Z051NAT,sig,H.W.Schmitt,1960,exclude,,dataset,R3_TWIN_SUPERSEDED,143,24000.0,24000.0,0.565,0.0333,R3,,,null,,,,,,"EXCLUDE (R3_TWIN_SUPERSEDED) Z051NAT sig 11778/11778009/, dataset scope, 1 cell(s) 2.4e+04-2.4e+04 eV; rules R3; twin of 11778/11778010/ (x:SPSDD)"
CR2-11778-11778011-5198c0f2,11778/11778011/,Z053N074M0,sig,H.W.Schmitt,1960,exclude,,dataset,R3_TWIN_SUPERSEDED,143,24000.0,24000.0,0.885,0.0421,R3,,,null,,,,,,"EXCLUDE (R3_TWIN_SUPERSEDED) Z053N074M0 sig 11778/11778011/, dataset scope, 1 cell(s) 2.4e+04-2.4e+04 eV; rules R3; twin of 11778/11778012/ (x:SPSDD)"
CR2-11778-11778014-17853126,11778/11778014/,Z079N118M0,sig,H.W.Schmitt,1960,exclude,,dataset,R3_TWIN_SUPERSEDED,143,24000.0,24000.0,0.585,0.0424,R3,,,null,,,,,,"EXCLUDE (R3_TWIN_SUPERSEDED) Z079N118M0 sig 11778/11778014/, dataset scope, 1 cell(s) 2.4e+04-2.4e+04 eV; rules R3; twin of 11778/11778013/ (x:SPSDD)"
CR2-11945-11945002-0d014c0a,11945/11945002/,Z047N060M0,sig,G.A.Linenberger,1946,downweight,0.25,cells,R8_UNCORRECTED_LOW_ENERGY_BACKGROUND,167,5900000.0,5900000.0,0.0187,0.0414,R8,-0.196506,1,[0.197],0.104,,,,RF024,"DOWNWEIGHT (R8_UNCORRECTED_LOW_ENERGY_BACKGROUND) Z047N060M0 sig 11945/11945002/, cells scope, 1 cell(s) 5.9e+06-5.9e+06 eV; rules R8; d=-0.20 dex vs 1 independent series (bins +-1); series median +0.10 over 28 cells"
CR2-11945-11945004-eaf0ce4a,11945/11945004/,Z047N062M0,sig,G.A.Linenberger,1946,downweight,0.25,cells,R8_UNCORRECTED_LOW_ENERGY_BACKGROUND,167,5900000.0,5900000.0,0.096,0.0414,R8,,0,null,,,,,RF025,"DOWNWEIGHT (R8_UNCORRECTED_LOW_ENERGY_BACKGROUND) Z047N062M0 sig 11945/11945004/, cells scope, 1 cell(s) 5.9e+06-5.9e+06 eV; rules R8"
CR2-11945-11945008-2dbbbf9f,11945/11945008/,Z053N074M0,sig,G.A.Linenberger,1946,downweight,0.25,cells,R8_UNCORRECTED_LOW_ENERGY_BACKGROUND,167,5900000.0,5900000.0,0.0289,0.0414,R8,0.340353,2,"[-0.582, -0.099]",0.101,,,,RF026,"DOWNWEIGHT (R8_UNCORRECTED_LOW_ENERGY_BACKGROUND) Z053N074M0 sig 11945/11945008/, cells scope, 1 cell(s) 5.9e+06-5.9e+06 eV; rules R8; d=+0.34 dex vs 2 independent series (bins +-1); series median +0.10 over 27 cells"
CR2-11945-11945013-ec962142,11945/11945013/,Z092N146M0,sig,G.A.Linenberger,1946,exclude,,dataset,R5X_INTER_DATASET_SCATTER,167,5900000.0,5900000.0,0.015573,0.0414,R12+R5x+R8,1.127906,3,"[-1.171, -1.128, -0.33]",0.101,,,,RF027,"EXCLUDE (R5X_INTER_DATASET_SCATTER) Z092N146M0 sig 11945/11945013/, dataset scope, 1 cell(s) 5.9e+06-5.9e+06 eV; rules R12+R5x+R8; d=+1.13 dex vs 3 independent series; series median +0.10 over 27 cells"
CR2-11963-11963002-79ce7bf7,11963/11963002/,Z048N060M0,mxw,H.Boyd,1964,downweight,0.25,dataset,R5D_INTER_DATASET_SCATTER,84,0.0253,0.0253,24.0,0.1513,R5d,1.08992,2,"[-1.231, -0.949]",,,,,,"DOWNWEIGHT (R5D_INTER_DATASET_SCATTER) Z048N060M0 mxw 11963/11963002/, dataset scope, 1 cell(s) 0.0253-0.0253 eV; rules R5d; d=+1.09 dex vs 2 independent series"
CR2-12115-12115002-3fdce3ec,12115/12115002/,Z072N108M0,sig,J.A.Miskel,1962,downweight,0.25,cells,R8_UNCORRECTED_LOW_ENERGY_BACKGROUND,164,2720000.0,3000000.0,0.024,0.0414,R8,-0.011083,2,"[0.117, -0.095]",0.084,,,,RF028,"DOWNWEIGHT (R8_UNCORRECTED_LOW_ENERGY_BACKGROUND) Z072N108M0 sig 12115/12115002/, cells scope, 2 cell(s) 2.72e+06-3.97e+06 eV; rules R8; d=-0.01 dex vs 2 independent series (bins +-1); series median +0.08 over 89 cells"
CR2-12115-12115002-3fdce3ec,12115/12115002/,Z072N108M0,sig,J.A.Miskel,1962,downweight,0.25,cells,R8_UNCORRECTED_LOW_ENERGY_BACKGROUND,165,3650000.0,3970000.0,0.01655,0.0414,R8,-0.066759,1,[0.067],0.085,,,,RF028,"DOWNWEIGHT (R8_UNCORRECTED_LOW_ENERGY_BACKGROUND) Z072N108M0 sig 12115/12115002/, cells scope, 2 cell(s) 2.72e+06-3.97e+06 eV; rules R8; d=-0.01 dex vs 2 independent series (bins +-1); series median +0.08 over 89 cells"
CR2-12767-12767003-998707df,12767/12767003/,Z092N146M0,sig,D.K.MC DANIELS,1982,exclude,,cells,R5X_INTER_DATASET_SCATTER,168,7200000.0,7200000.0,0.00116,0.0848,R5x,-0.725821,2,"[0.742, 0.71]",-0.059,,,,,"EXCLUDE (R5X_INTER_DATASET_SCATTER) Z092N146M0 sig 12767/12767003/, cells scope, 1 cell(s) 7.2e+06-7.2e+06 eV; rules R5x; d=-0.73 dex vs 2 independent series; series median -0.06 over 4 cells"
CR2-12866-12866171-050a0118,12866/12866171/,Z070N106M0,ri,R.E.Heft,1978,downweight,0.25,dataset,R5D_INTER_DATASET_SCATTER,96,0.5,0.5,1.33,0.0405,R5d,-0.937224,2,"[0.84, 1.035]",0.021,,,,,"DOWNWEIGHT (R5D_INTER_DATASET_SCATTER) Z070N106M0 ri 12866/12866171/, dataset scope, 1 cell(s) 0.5-0.5 eV; rules R5d; d=-0.94 dex vs 2 independent series; series median +0.02 over 53 cells"
CR2-13845-13845008-fe82c2e8,13845/13845008/,Z053N074M0,sig,G.A.Fink,1936,downweight,0.25,dataset,R5D_INTER_DATASET_SCATTER,84,0.0253,0.0253,14.0,0.03,R5d,0.363799,9,"[-0.327, -0.352, -0.327, -0.36, -0.475, -0.54, -0.364, -0.481, -0.373]",-0.05,,,,,"DOWNWEIGHT (R5D_INTER_DATASET_SCATTER) Z053N074M0 sig 13845/13845008/, dataset scope, 1 cell(s) 0.0253-0.0253 eV; rules R5d; d=+0.36 dex vs 9 independent series; series median -0.05 over 6 cells"
CR2-13845-13845010-d5145367,13845/13845010/,Z064NAT,sig,G.A.Fink,1936,downweight,0.25,dataset,R5D_INTER_DATASET_SCATTER,84,0.0253,0.0253,22000.0,0.0193,R5d,-0.328727,4,"[0.326, 0.331, 0.317, 0.351]",0.018,,,,,"DOWNWEIGHT (R5D_INTER_DATASET_SCATTER) Z064NAT sig 13845/13845010/, dataset scope, 1 cell(s) 0.0253-0.0253 eV; rules R5d; d=-0.33 dex vs 4 independent series; series median +0.02 over 6 cells"
CR2-14128-14128003-b8f175ce,14128/14128003/,Z069N102M0,sig,J.B.Wilhelmy,2002,exclude,,dataset,L2_DATA_PLUS_RECORD,100,1.241,1.241,3.311,0.0414,R11d+R12,,,null,,,,2,,"EXCLUDE (L2_DATA_PLUS_RECORD) Z069N102M0 sig 14128/14128003/, dataset scope, 52 cell(s) 1.241-1.929e+05 eV; rules R11d+R12; 2 of 2 MACS groups against"
CR2-14128-14128003-b8f175ce,14128/14128003/,Z069N102M0,sig,J.B.Wilhelmy,2002,exclude,,dataset,L2_DATA_PLUS_RECORD,101,1.355,1.554,2.11575,0.1063,R11d+R12,,,null,,,,2,,"EXCLUDE (L2_DATA_PLUS_RECORD) Z069N102M0 sig 14128/14128003/, dataset scope, 52 cell(s) 1.241-1.929e+05 eV; rules R11d+R12; 2 of 2 MACS groups against"
CR2-14128-14128003-b8f175ce,14128/14128003/,Z069N102M0,sig,J.B.Wilhelmy,2002,exclude,,dataset,L2_DATA_PLUS_RECORD,102,1.675,1.924,1.3684,0.0414,R11d+R12,,,null,,,,2,,"EXCLUDE (L2_DATA_PLUS_RECORD) Z069N102M0 sig 14128/14128003/, dataset scope, 52 cell(s) 1.241-1.929e+05 eV; rules R11d+R12; 2 of 2 MACS groups against"
CR2-14128-14128003-b8f175ce,14128/14128003/,Z069N102M0,sig,J.B.Wilhelmy,2002,exclude,,dataset,L2_DATA_PLUS_RECORD,103,2.022,2.377,0.84328,0.146,R11d+R12,,,null,,,,2,,"EXCLUDE (L2_DATA_PLUS_RECORD) Z069N102M0 sig 14128/14128003/, dataset scope, 52 cell(s) 1.241-1.929e+05 eV; rules R11d+R12; 2 of 2 MACS groups against"
CR2-14128-14128003-b8f175ce,14128/14128003/,Z069N102M0,sig,J.B.Wilhelmy,2002,exclude,,dataset,L2_DATA_PLUS_RECORD,104,2.535,2.946,4.3215,0.0784,R11d+R12,,,null,,,,2,,"EXCLUDE (L2_DATA_PLUS_RECORD) Z069N102M0 sig 14128/14128003/, dataset scope, 52 cell(s) 1.241-1.929e+05 eV; rules R11d+R12; 2 of 2 MACS groups against"
CR2-14128-14128003-b8f175ce,14128/14128003/,Z069N102M0,sig,J.B.Wilhelmy,2002,exclude,,dataset,L2_DATA_PLUS_RECORD,105,3.179,3.891,248.125,0.1304,R11d+R12,,,null,,,,2,,"EXCLUDE (L2_DATA_PLUS_RECORD) Z069N102M0 sig 14128/14128003/, dataset scope, 52 cell(s) 1.241-1.929e+05 eV; rules R11d+R12; 2 of 2 MACS groups against"
CR2-14128-14128003-b8f175ce,14128/14128003/,Z069N102M0,sig,J.B.Wilhelmy,2002,exclude,,dataset,L2_DATA_PLUS_RECORD,106,4.19,4.873,172.9175,0.1504,R11d+R12,,,null,,,,2,,"EXCLUDE (L2_DATA_PLUS_RECORD) Z069N102M0 sig 14128/14128003/, dataset scope, 52 cell(s) 1.241-1.929e+05 eV; rules R11d+R12; 2 of 2 MACS groups against"
CR2-14128-14128003-b8f175ce,14128/14128003/,Z069N102M0,sig,J.B.Wilhelmy,2002,exclude,,dataset,L2_DATA_PLUS_RECORD,107,5.243,6.153,2.74563,0.2178,R11d+R12,,,null,,,,2,,"EXCLUDE (L2_DATA_PLUS_RECORD) Z069N102M0 sig 14128/14128003/, dataset scope, 52 cell(s) 1.241-1.929e+05 eV; rules R11d+R12; 2 of 2 MACS groups against"
CR2-14128-14128003-b8f175ce,14128/14128003/,Z069N102M0,sig,J.B.Wilhelmy,2002,exclude,,dataset,L2_DATA_PLUS_RECORD,108,7.267,7.545,24.605,0.0414,R11d+R12,,,null,,,,2,,"EXCLUDE (L2_DATA_PLUS_RECORD) Z069N102M0 sig 14128/14128003/, dataset scope, 52 cell(s) 1.241-1.929e+05 eV; rules R11d+R12; 2 of 2 MACS groups against"
CR2-14128-14128003-b8f175ce,14128/14128003/,Z069N102M0,sig,J.B.Wilhelmy,2002,exclude,,dataset,L2_DATA_PLUS_RECORD,110,12.29,12.29,14.16,0.0414,R11d+R12,,,null,,,,2,,"EXCLUDE (L2_DATA_PLUS_RECORD) Z069N102M0 sig 14128/14128003/, dataset scope, 52 cell(s) 1.241-1.929e+05 eV; rules R11d+R12; 2 of 2 MACS groups against"
CR2-14128-14128003-b8f175ce,14128/14128003/,Z069N102M0,sig,J.B.Wilhelmy,2002,exclude,,dataset,L2_DATA_PLUS_RECORD,111,13.59,13.76,19.025,0.0414,R11d+R12,,,null,,,,2,,"EXCLUDE (L2_DATA_PLUS_RECORD) Z069N102M0 sig 14128/14128003/, dataset scope, 52 cell(s) 1.241-1.929e+05 eV; rules R11d+R12; 2 of 2 MACS groups against"
CR2-14128-14128003-b8f175ce,14128/14128003/,Z069N102M0,sig,J.B.Wilhelmy,2002,exclude,,dataset,L2_DATA_PLUS_RECORD,112,16.81,19.52,3.188,0.1469,R11d+R12,,,null,,,,2,,"EXCLUDE (L2_DATA_PLUS_RECORD) Z069N102M0 sig 14128/14128003/, dataset scope, 52 cell(s) 1.241-1.929e+05 eV; rules R11d+R12; 2 of 2 MACS groups against"
CR2-14128-14128003-b8f175ce,14128/14128003/,Z069N102M0,sig,J.B.Wilhelmy,2002,exclude,,dataset,L2_DATA_PLUS_RECORD,113,20.3,23.04,290.6775,0.1862,R11d+R12,,,null,,,,2,,"EXCLUDE (L2_DATA_PLUS_RECORD) Z069N102M0 sig 14128/14128003/, dataset scope, 52 cell(s) 1.241-1.929e+05 eV; rules R11d+R12; 2 of 2 MACS groups against"
CR2-14128-14128003-b8f175ce,14128/14128003/,Z069N102M0,sig,J.B.Wilhelmy,2002,exclude,,dataset,L2_DATA_PLUS_RECORD,114,25.41,29.12,3.63375,0.1914,R11d+R12,,,null,,,,2,,"EXCLUDE (L2_DATA_PLUS_RECORD) Z069N102M0 sig 14128/14128003/, dataset scope, 52 cell(s) 1.241-1.929e+05 eV; rules R11d+R12; 2 of 2 MACS groups against"
CR2-14128-14128003-b8f175ce,14128/14128003/,Z069N102M0,sig,J.B.Wilhelmy,2002,exclude,,dataset,L2_DATA_PLUS_RECORD,115,31.85,37.91,8.361667,0.1466,R11d+R12,,,null,,,,2,,"EXCLUDE (L2_DATA_PLUS_RECORD) Z069N102M0 sig 14128/14128003/, dataset scope, 52 cell(s) 1.241-1.929e+05 eV; rules R11d+R12; 2 of 2 MACS groups against"
CR2-14128-14128003-b8f175ce,14128/14128003/,Z069N102M0,sig,J.B.Wilhelmy,2002,exclude,,dataset,L2_DATA_PLUS_RECORD,116,39.86,49.4,12.786714,0.1939,R11d+R12,,,null,,,,2,,"EXCLUDE (L2_DATA_PLUS_RECORD) Z069N102M0 sig 14128/14128003/, dataset scope, 52 cell(s) 1.241-1.929e+05 eV; rules R11d+R12; 2 of 2 MACS groups against"
CR2-14128-14128003-b8f175ce,14128/14128003/,Z069N102M0,sig,J.B.Wilhelmy,2002,exclude,,dataset,L2_DATA_PLUS_RECORD,117,53.2,60.34,12.97725,0.1243,R11d+R12,,,null,,,,2,,"EXCLUDE (L2_DATA_PLUS_RECORD) Z069N102M0 sig 14128/14128003/, dataset scope, 52 cell(s) 1.241-1.929e+05 eV; rules R11d+R12; 2 of 2 MACS groups against"
CR2-14128-14128003-b8f175ce,14128/14128003/,Z069N102M0,sig,J.B.Wilhelmy,2002,exclude,,dataset,L2_DATA_PLUS_RECORD,118,74.7,75.63,46.145,0.0414,R11d+R12,,,null,,,,2,,"EXCLUDE (L2_DATA_PLUS_RECORD) Z069N102M0 sig 14128/14128003/, dataset scope, 52 cell(s) 1.241-1.929e+05 eV; rules R11d+R12; 2 of 2 MACS groups against"
CR2-14128-14128003-b8f175ce,14128/14128003/,Z069N102M0,sig,J.B.Wilhelmy,2002,exclude,,dataset,L2_DATA_PLUS_RECORD,119,82.46,98.43,39.13375,0.1681,R11d+R12,,,null,,,,2,,"EXCLUDE (L2_DATA_PLUS_RECORD) Z069N102M0 sig 14128/14128003/, dataset scope, 52 cell(s) 1.241-1.929e+05 eV; rules R11d+R12; 2 of 2 MACS groups against"
CR2-14128-14128003-b8f175ce,14128/14128003/,Z069N102M0,sig,J.B.Wilhelmy,2002,exclude,,dataset,L2_DATA_PLUS_RECORD,120,103.5,115.6,29.386667,0.2675,R11d+R12,,,null,,,,2,,"EXCLUDE (L2_DATA_PLUS_RECORD) Z069N102M0 sig 14128/14128003/, dataset scope, 52 cell(s) 1.241-1.929e+05 eV; rules R11d+R12; 2 of 2 MACS groups against"
CR2-14128-14128003-b8f175ce,14128/14128003/,Z069N102M0,sig,J.B.Wilhelmy,2002,exclude,,dataset,L2_DATA_PLUS_RECORD,121,126.3,158.2,19.7994,0.1382,R11d+R12,,,null,,,,2,,"EXCLUDE (L2_DATA_PLUS_RECORD) Z069N102M0 sig 14128/14128003/, dataset scope, 52 cell(s) 1.241-1.929e+05 eV; rules R11d+R12; 2 of 2 MACS groups against"
CR2-14128-14128003-b8f175ce,14128/14128003/,Z069N102M0,sig,J.B.Wilhelmy,2002,exclude,,dataset,L2_DATA_PLUS_RECORD,122,179.3,198.3,14.376667,0.0807,R11d+R12,,,null,,,,2,,"EXCLUDE (L2_DATA_PLUS_RECORD) Z069N102M0 sig 14128/14128003/, dataset scope, 52 cell(s) 1.241-1.929e+05 eV; rules R11d+R12; 2 of 2 MACS groups against"
CR2-14128-14128003-b8f175ce,14128/14128003/,Z069N102M0,sig,J.B.Wilhelmy,2002,exclude,,dataset,L2_DATA_PLUS_RECORD,123,200.8,242.3,29.618,0.1042,R11d+R12,,,null,,,,2,,"EXCLUDE (L2_DATA_PLUS_RECORD) Z069N102M0 sig 14128/14128003/, dataset scope, 52 cell(s) 1.241-1.929e+05 eV; rules R11d+R12; 2 of 2 MACS groups against"
CR2-14128-14128003-b8f175ce,14128/14128003/,Z069N102M0,sig,J.B.Wilhelmy,2002,exclude,,dataset,L2_DATA_PLUS_RECORD,124,267.7,299.6,6.364667,0.0398,R11d+R12,,,null,,,,2,,"EXCLUDE (L2_DATA_PLUS_RECORD) Z069N102M0 sig 14128/14128003/, dataset scope, 52 cell(s) 1.241-1.929e+05 eV; rules R11d+R12; 2 of 2 MACS groups against"
CR2-14128-14128003-b8f175ce,14128/14128003/,Z069N102M0,sig,J.B.Wilhelmy,2002,exclude,,dataset,L2_DATA_PLUS_RECORD,125,331.4,370.9,11.4765,0.0591,R11d+R12,,,null,,,,2,,"EXCLUDE (L2_DATA_PLUS_RECORD) Z069N102M0 sig 14128/14128003/, dataset scope, 52 cell(s) 1.241-1.929e+05 eV; rules R11d+R12; 2 of 2 MACS groups against"
CR2-14128-14128003-b8f175ce,14128/14128003/,Z069N102M0,sig,J.B.Wilhelmy,2002,exclude,,dataset,L2_DATA_PLUS_RECORD,126,420.3,482.5,11.283333,0.0697,R11d+R12,,,null,,,,2,,"EXCLUDE (L2_DATA_PLUS_RECORD) Z069N102M0 sig 14128/14128003/, dataset scope, 52 cell(s) 1.241-1.929e+05 eV; rules R11d+R12; 2 of 2 MACS groups against"
CR2-14128-14128003-b8f175ce,14128/14128003/,Z069N102M0,sig,J.B.Wilhelmy,2002,exclude,,dataset,L2_DATA_PLUS_RECORD,127,513.7,619.8,12.5525,0.0447,R11d+R12,,,null,,,,2,,"EXCLUDE (L2_DATA_PLUS_RECORD) Z069N102M0 sig 14128/14128003/, dataset scope, 52 cell(s) 1.241-1.929e+05 eV; rules R11d+R12; 2 of 2 MACS groups against"
CR2-14128-14128003-b8f175ce,14128/14128003/,Z069N102M0,sig,J.B.Wilhelmy,2002,exclude,,dataset,L2_DATA_PLUS_RECORD,128,635.5,786.1,6.480167,0.0466,R11d+R12,,,null,,,,2,,"EXCLUDE (L2_DATA_PLUS_RECORD) Z069N102M0 sig 14128/14128003/, dataset scope, 52 cell(s) 1.241-1.929e+05 eV; rules R11d+R12; 2 of 2 MACS groups against"
CR2-14128-14128003-b8f175ce,14128/14128003/,Z069N102M0,sig,J.B.Wilhelmy,2002,exclude,,dataset,L2_DATA_PLUS_RECORD,129,858.3,960.2,8.22575,0.037,R11d+R12,,,null,,,,2,,"EXCLUDE (L2_DATA_PLUS_RECORD) Z069N102M0 sig 14128/14128003/, dataset scope, 52 cell(s) 1.241-1.929e+05 eV; rules R11d+R12; 2 of 2 MACS groups against"
CR2-14128-14128003-b8f175ce,14128/14128003/,Z069N102M0,sig,J.B.Wilhelmy,2002,exclude,,dataset,L2_DATA_PLUS_RECORD,130,1078.0,1210.0,7.960667,0.02,R11d+R12,,0,null,,,,2,,"EXCLUDE (L2_DATA_PLUS_RECORD) Z069N102M0 sig 14128/14128003/, dataset scope, 52 cell(s) 1.241-1.929e+05 eV; rules R11d+R12; 2 of 2 MACS groups against"
CR2-14128-14128003-b8f175ce,14128/14128003/,Z069N102M0,sig,J.B.Wilhelmy,2002,exclude,,dataset,L2_DATA_PLUS_RECORD,131,1289.0,1574.0,5.96725,0.0152,R11d+R12,,0,null,,,,2,,"EXCLUDE (L2_DATA_PLUS_RECORD) Z069N102M0 sig 14128/14128003/, dataset scope, 52 cell(s) 1.241-1.929e+05 eV; rules R11d+R12; 2 of 2 MACS groups against"
CR2-14128-14128003-b8f175ce,14128/14128003/,Z069N102M0,sig,J.B.Wilhelmy,2002,exclude,,dataset,L2_DATA_PLUS_RECORD,132,1677.0,1903.0,5.03575,0.0238,R11d+R12,,0,null,,,,2,,"EXCLUDE (L2_DATA_PLUS_RECORD) Z069N102M0 sig 14128/14128003/, dataset scope, 52 cell(s) 1.241-1.929e+05 eV; rules R11d+R12; 2 of 2 MACS groups against"
CR2-14128-14128003-b8f175ce,14128/14128003/,Z069N102M0,sig,J.B.Wilhelmy,2002,exclude,,dataset,L2_DATA_PLUS_RECORD,133,2048.0,2373.0,4.5112,0.0215,R11d+R12,,0,null,,,,2,,"EXCLUDE (L2_DATA_PLUS_RECORD) Z069N102M0 sig 14128/14128003/, dataset scope, 52 cell(s) 1.241-1.929e+05 eV; rules R11d+R12; 2 of 2 MACS groups against"
CR2-14128-14128003-b8f175ce,14128/14128003/,Z069N102M0,sig,J.B.Wilhelmy,2002,exclude,,dataset,L2_DATA_PLUS_RECORD,134,2693.0,3055.0,4.22425,0.0142,R11d+R12,,0,null,,,,2,,"EXCLUDE (L2_DATA_PLUS_RECORD) Z069N102M0 sig 14128/14128003/, dataset scope, 52 cell(s) 1.241-1.929e+05 eV; rules R11d+R12; 2 of 2 MACS groups against"
CR2-14128-14128003-b8f175ce,14128/14128003/,Z069N102M0,sig,J.B.Wilhelmy,2002,exclude,,dataset,L2_DATA_PLUS_RECORD,135,3394.0,3771.0,3.871333,0.0521,R11d+R12,,0,null,,,,2,,"EXCLUDE (L2_DATA_PLUS_RECORD) Z069N102M0 sig 14128/14128003/, dataset scope, 52 cell(s) 1.241-1.929e+05 eV; rules R11d+R12; 2 of 2 MACS groups against"
CR2-14128-14128003-b8f175ce,14128/14128003/,Z069N102M0,sig,J.B.Wilhelmy,2002,exclude,,dataset,L2_DATA_PLUS_RECORD,136,4017.0,4906.0,3.742833,0.022,R11d+R12,,0,null,,,,2,,"EXCLUDE (L2_DATA_PLUS_RECORD) Z069N102M0 sig 14128/14128003/, dataset scope, 52 cell(s) 1.241-1.929e+05 eV; rules R11d+R12; 2 of 2 MACS groups against"
CR2-14128-14128003-b8f175ce,14128/14128003/,Z069N102M0,sig,J.B.Wilhelmy,2002,exclude,,dataset,L2_DATA_PLUS_RECORD,137,5117.0,5805.0,3.3748,0.0403,R11d+R12,,0,null,,,,2,,"EXCLUDE (L2_DATA_PLUS_RECORD) Z069N102M0 sig 14128/14128003/, dataset scope, 52 cell(s) 1.241-1.929e+05 eV; rules R11d+R12; 2 of 2 MACS groups against"
CR2-14128-14128003-b8f175ce,14128/14128003/,Z069N102M0,sig,J.B.Wilhelmy,2002,exclude,,dataset,L2_DATA_PLUS_RECORD,138,6517.0,7316.0,2.72375,0.037,R11d+R12,,0,null,,,,2,,"EXCLUDE (L2_DATA_PLUS_RECORD) Z069N102M0 sig 14128/14128003/, dataset scope, 52 cell(s) 1.241-1.929e+05 eV; rules R11d+R12; 2 of 2 MACS groups against"
CR2-14128-14128003-b8f175ce,14128/14128003/,Z069N102M0,sig,J.B.Wilhelmy,2002,exclude,,dataset,L2_DATA_PLUS_RECORD,139,8215.0,9518.0,2.433667,0.0481,R11d+R12,,0,null,,,,2,,"EXCLUDE (L2_DATA_PLUS_RECORD) Z069N102M0 sig 14128/14128003/, dataset scope, 52 cell(s) 1.241-1.929e+05 eV; rules R11d+R12; 2 of 2 MACS groups against"
CR2-14128-14128003-b8f175ce,14128/14128003/,Z069N102M0,sig,J.B.Wilhelmy,2002,exclude,,dataset,L2_DATA_PLUS_RECORD,140,10570.0,12000.0,2.0465,0.0414,R11d+R12,,0,null,,,,2,,"EXCLUDE (L2_DATA_PLUS_RECORD) Z069N102M0 sig 14128/14128003/, dataset scope, 52 cell(s) 1.241-1.929e+05 eV; rules R11d+R12; 2 of 2 MACS groups against"
CR2-14128-14128003-b8f175ce,14128/14128003/,Z069N102M0,sig,J.B.Wilhelmy,2002,exclude,,dataset,L2_DATA_PLUS_RECORD,141,13470.0,15440.0,2.06625,0.037,R11d+R12,,0,null,,,,2,,"EXCLUDE (L2_DATA_PLUS_RECORD) Z069N102M0 sig 14128/14128003/, dataset scope, 52 cell(s) 1.241-1.929e+05 eV; rules R11d+R12; 2 of 2 MACS groups against"
CR2-14128-14128003-b8f175ce,14128/14128003/,Z069N102M0,sig,J.B.Wilhelmy,2002,exclude,,dataset,L2_DATA_PLUS_RECORD,142,15940.0,18280.0,1.940333,0.0522,R11d+R12,,0,null,,,,2,,"EXCLUDE (L2_DATA_PLUS_RECORD) Z069N102M0 sig 14128/14128003/, dataset scope, 52 cell(s) 1.241-1.929e+05 eV; rules R11d+R12; 2 of 2 MACS groups against"
CR2-14128-14128003-b8f175ce,14128/14128003/,Z069N102M0,sig,J.B.Wilhelmy,2002,exclude,,dataset,L2_DATA_PLUS_RECORD,143,21170.0,24280.0,1.692667,0.0593,R11d+R12,,0,null,,,,2,,"EXCLUDE (L2_DATA_PLUS_RECORD) Z069N102M0 sig 14128/14128003/, dataset scope, 52 cell(s) 1.241-1.929e+05 eV; rules R11d+R12; 2 of 2 MACS groups against"
CR2-14128-14128003-b8f175ce,14128/14128003/,Z069N102M0,sig,J.B.Wilhelmy,2002,exclude,,dataset,L2_DATA_PLUS_RECORD,144,26410.0,31250.0,1.3835,0.0507,R11d+R12,,0,null,,,,2,,"EXCLUDE (L2_DATA_PLUS_RECORD) Z069N102M0 sig 14128/14128003/, dataset scope, 52 cell(s) 1.241-1.929e+05 eV; rules R11d+R12; 2 of 2 MACS groups against"
CR2-14128-14128003-b8f175ce,14128/14128003/,Z069N102M0,sig,J.B.Wilhelmy,2002,exclude,,dataset,L2_DATA_PLUS_RECORD,145,34000.0,39810.0,1.4595,0.0331,R11d+R12,,0,null,,,,2,,"EXCLUDE (L2_DATA_PLUS_RECORD) Z069N102M0 sig 14128/14128003/, dataset scope, 52 cell(s) 1.241-1.929e+05 eV; rules R11d+R12; 2 of 2 MACS groups against"
CR2-14128-14128003-b8f175ce,14128/14128003/,Z069N102M0,sig,J.B.Wilhelmy,2002,exclude,,dataset,L2_DATA_PLUS_RECORD,146,40240.0,47110.0,1.472,0.0522,R11d+R12,,0,null,,,,2,,"EXCLUDE (L2_DATA_PLUS_RECORD) Z069N102M0 sig 14128/14128003/, dataset scope, 52 cell(s) 1.241-1.929e+05 eV; rules R11d+R12; 2 of 2 MACS groups against"
CR2-14128-14128003-b8f175ce,14128/14128003/,Z069N102M0,sig,J.B.Wilhelmy,2002,exclude,,dataset,L2_DATA_PLUS_RECORD,147,52900.0,61930.0,1.18875,0.037,R11d+R12,,0,null,,,,2,,"EXCLUDE (L2_DATA_PLUS_RECORD) Z069N102M0 sig 14128/14128003/, dataset scope, 52 cell(s) 1.241-1.929e+05 eV; rules R11d+R12; 2 of 2 MACS groups against"
CR2-14128-14128003-b8f175ce,14128/14128003/,Z069N102M0,sig,J.B.Wilhelmy,2002,exclude,,dataset,L2_DATA_PLUS_RECORD,148,66660.0,76440.0,0.8124,0.0345,R11d+R12,,0,null,,,,2,,"EXCLUDE (L2_DATA_PLUS_RECORD) Z069N102M0 sig 14128/14128003/, dataset scope, 52 cell(s) 1.241-1.929e+05 eV; rules R11d+R12; 2 of 2 MACS groups against"
CR2-14128-14128003-b8f175ce,14128/14128003/,Z069N102M0,sig,J.B.Wilhelmy,2002,exclude,,dataset,L2_DATA_PLUS_RECORD,149,82280.0,99440.0,0.872867,0.02,R11d+R12,,0,null,,,,2,,"EXCLUDE (L2_DATA_PLUS_RECORD) Z069N102M0 sig 14128/14128003/, dataset scope, 52 cell(s) 1.241-1.929e+05 eV; rules R11d+R12; 2 of 2 MACS groups against"
CR2-14128-14128003-b8f175ce,14128/14128003/,Z069N102M0,sig,J.B.Wilhelmy,2002,exclude,,dataset,L2_DATA_PLUS_RECORD,150,100400.0,117600.0,0.438667,0.1228,R11d+R12,,0,null,,,,2,,"EXCLUDE (L2_DATA_PLUS_RECORD) Z069N102M0 sig 14128/14128003/, dataset scope, 52 cell(s) 1.241-1.929e+05 eV; rules R11d+R12; 2 of 2 MACS groups against"
CR2-14128-14128003-b8f175ce,14128/14128003/,Z069N102M0,sig,J.B.Wilhelmy,2002,exclude,,dataset,L2_DATA_PLUS_RECORD,151,136300.0,136300.0,0.2399,0.0414,R11d+R12,,0,null,,,,2,,"EXCLUDE (L2_DATA_PLUS_RECORD) Z069N102M0 sig 14128/14128003/, dataset scope, 52 cell(s) 1.241-1.929e+05 eV; rules R11d+R12; 2 of 2 MACS groups against"
CR2-14128-14128003-b8f175ce,14128/14128003/,Z069N102M0,sig,J.B.Wilhelmy,2002,exclude,,dataset,L2_DATA_PLUS_RECORD,152,159700.0,192900.0,0.484183,0.0683,R11d+R12,,0,null,,,,2,,"EXCLUDE (L2_DATA_PLUS_RECORD) Z069N102M0 sig 14128/14128003/, dataset scope, 52 cell(s) 1.241-1.929e+05 eV; rules R11d+R12; 2 of 2 MACS groups against"
CR2-14322-14322016-fd8674e6,14322/14322016/,Z038N050M0,mxw,R.L.Macklin,1967,exclude,,dataset,R5X_INTER_DATASET_SCATTER,144,30000.0,30000.0,0.069,0.0956,R5x,1.032733,2,"[-0.99, -1.075]",0.019,,,,,"EXCLUDE (R5X_INTER_DATASET_SCATTER) Z038N050M0 mxw 14322/14322016/, dataset scope, 1 cell(s) 3e+04-3e+04 eV; rules R5x; d=+1.03 dex vs 2 independent series (bins +-1); series median +0.02 over 18 cells"
CR2-14407-14407005-4d22f9cb,14407/14407005/,Z040N054M0,spa,K.S.Krane,2014,exclude,,dataset,R3_TWIN_SUPERSEDED,84,0.0253,0.0253,0.047804,0.0108,R3,,,null,,,,,,"EXCLUDE (R3_TWIN_SUPERSEDED) Z040N054M0 spa 14407/14407005/, dataset scope, 1 cell(s) 0.0253-0.0253 eV; rules R3; twin of 14407/14407004/ (d:exact)"
CR2-14407-14407008-62dae4da,14407/14407008/,Z040N054M0,spa,K.S.Krane,2014,exclude,,dataset,R3_TWIN_SUPERSEDED,84,0.0253,0.0253,0.046904,0.0101,R3,,,null,,,,,,"EXCLUDE (R3_TWIN_SUPERSEDED) Z040N054M0 spa 14407/14407008/, dataset scope, 1 cell(s) 0.0253-0.0253 eV; rules R3; twin of 14407/14407007/ (d:exact)"
CR2-14407-14407017-255158dd,14407/14407017/,Z040N056M0,spa,K.S.Krane,2014,exclude,,dataset,R3_TWIN_SUPERSEDED,84,0.0253,0.0253,0.021002,0.058,R3,,,null,,,,,,"EXCLUDE (R3_TWIN_SUPERSEDED) Z040N056M0 spa 14407/14407017/, dataset scope, 1 cell(s) 0.0253-0.0253 eV; rules R3; twin of 14407/14407014/ (d:exact)"
CR2-14557-14557002-eafb1e37,14557/14557002/,Z050N074M0,sig,B.Manning,2019,exclude,,dataset,R2X_NOT_THE_SCORED_QUANTITY,144,30000.0,30000.0,5.6e-05,0.0429,R2x,,,null,,,,,RF005,"EXCLUDE (R2X_NOT_THE_SCORED_QUANTITY) Z050N074M0 sig 14557/14557002/, dataset scope, 1 cell(s) 3e+04-3e+04 eV; rules R2x"
CR2-14557-14557003-ad25f695,14557/14557003/,Z050N076M0,sig,B.Manning,2019,exclude,,dataset,R2X_NOT_THE_SCORED_QUANTITY,144,30000.0,30000.0,5.9e-05,0.049,R2x,,,null,,,,,RF006,"EXCLUDE (R2X_NOT_THE_SCORED_QUANTITY) Z050N076M0 sig 14557/14557003/, dataset scope, 1 cell(s) 3e+04-3e+04 eV; rules R2x"
CR2-14557-14557004-0d3929b3,14557/14557004/,Z050N078M0,sig,B.Manning,2019,exclude,,dataset,R2X_NOT_THE_SCORED_QUANTITY,144,30000.0,30000.0,5.1e-05,0.0607,R2x,,,null,,,,,RF007,"EXCLUDE (R2X_NOT_THE_SCORED_QUANTITY) Z050N078M0 sig 14557/14557004/, dataset scope, 1 cell(s) 3e+04-3e+04 eV; rules R2x"
CR2-14557-14557005-359a07a4,14557/14557005/,Z050N080M0,sig,B.Manning,2019,exclude,,dataset,R2X_NOT_THE_SCORED_QUANTITY,144,30000.0,30000.0,9e-05,0.0664,R2x,,,null,,,,,RF008,"EXCLUDE (R2X_NOT_THE_SCORED_QUANTITY) Z050N080M0 sig 14557/14557005/, dataset scope, 1 cell(s) 3e+04-3e+04 eV; rules R2x"
CR2-14557-14557006-b52a9470,14557/14557006/,Z050N082M0,sig,B.Manning,2019,exclude,,dataset,R2X_NOT_THE_SCORED_QUANTITY,144,30000.0,30000.0,0.000134,0.0518,R2x,,,null,,,,,RF009,"EXCLUDE (R2X_NOT_THE_SCORED_QUANTITY) Z050N082M0 sig 14557/14557006/, dataset scope, 1 cell(s) 3e+04-3e+04 eV; rules R2x"
CR2-14704-14704002-879ad468,14704/14704002/,Z092N146M0,sig,H.L.Anderson,1939,exclude,,dataset,L2_DATA_PLUS_RECORD,84,0.0253,0.0253,1.0,0.0414,R12+R5d,-0.439333,7,"[0.428, 0.412, 0.439, 0.439, 0.429, 0.494, 0.446]",-0.36,,,,,"EXCLUDE (L2_DATA_PLUS_RECORD) Z092N146M0 sig 14704/14704002/, dataset scope, 1 cell(s) 0.0253-0.0253 eV; rules R12+R5d; d=-0.44 dex vs 7 independent series; series median -0.36 over 1 cells"
CR2-14704-14704003-b3cab01c,14704/14704003/,Z092N146M0,sig,H.L.Anderson,1939,exclude,,dataset,L2_DATA_PLUS_RECORD,84,0.0253,0.0253,1.2,0.0414,R12+R5d,-0.360151,7,"[0.349, 0.332, 0.36, 0.36, 0.35, 0.415, 0.366]",-0.439,,,,,"EXCLUDE (L2_DATA_PLUS_RECORD) Z092N146M0 sig 14704/14704003/, dataset scope, 1 cell(s) 0.0253-0.0253 eV; rules R12+R5d; d=-0.36 dex vs 7 independent series; series median -0.44 over 1 cells"
CR2-14714-14714003-2-22a4b44a,14714/14714003/2,Z037N048M0,spa,K.S.Krane,2021,exclude,,dataset,R3_TWIN_SUPERSEDED,84,0.0253,0.0253,0.049505,0.0164,R3,,,null,,,,,,"EXCLUDE (R3_TWIN_SUPERSEDED) Z037N048M0 spa 14714/14714003/2, dataset scope, 1 cell(s) 0.0253-0.0253 eV; rules R3; twin of 14714/14714003/1 (d:exact)"
CR2-14714-14714004-2-1fe33912,14714/14714004/2,Z037N048M0,spa,K.S.Krane,2021,exclude,,dataset,R3_TWIN_SUPERSEDED,84,0.0253,0.0253,0.098009,0.03,R3,,,null,,,,,,"EXCLUDE (R3_TWIN_SUPERSEDED) Z037N048M0 spa 14714/14714004/2, dataset scope, 1 cell(s) 0.0253-0.0253 eV; rules R3; twin of 14714/14714004/1 (d:exact)"
CR2-14714-14714011-2-2dc8b795,14714/14714011/2,Z038N050M0,spa,K.S.Krane,2021,exclude,,dataset,R3_TWIN_SUPERSEDED,84,0.0253,0.0253,0.00407,0.0188,R3,,,null,,,,,,"EXCLUDE (R3_TWIN_SUPERSEDED) Z038N050M0 spa 14714/14714011/2, dataset scope, 1 cell(s) 0.0253-0.0253 eV; rules R3; twin of 14714/14714011/1 (d:exact)"
CR2-14722-14722003-2-7eb248ff,14722/14722003/2,Z075N112M0,sig,G.A.Linenberger,1943,exclude,,dataset,L2_DATA_PLUS_RECORD,153,240000.0,240000.0,1.3,0.0414,R12+R5d,0.425895,2,"[-0.492, -0.36]",0.103,,,,,"EXCLUDE (L2_DATA_PLUS_RECORD) Z075N112M0 sig 14722/14722003/2, dataset scope, 1 cell(s) 2.4e+05-2.4e+05 eV; rules R12+R5d; d=+0.43 dex vs 2 independent series (bins +-1); series median +0.10 over 4 cells"
CR2-14867-14867004-3-b66e3bc2,14867/14867004/3,Z048N058M0,spa,A.M.Gicking,2019,exclude,,dataset,R3_TWIN_SUPERSEDED,84,0.0253,0.0253,0.820075,0.0356,R3,,,null,,,,,,"EXCLUDE (R3_TWIN_SUPERSEDED) Z048N058M0 spa 14867/14867004/3, dataset scope, 1 cell(s) 0.0253-0.0253 eV; rules R3; twin of 14867/14867004/2 (d:exact)"
CR2-14867-14867018-3-a2d8d786,14867/14867018/3,Z048N066M0,spa,A.M.Gicking,2019,exclude,,dataset,R3_TWIN_SUPERSEDED,84,0.0253,0.0253,0.360033,0.0235,R3,,,null,,,,,,"EXCLUDE (R3_TWIN_SUPERSEDED) Z048N066M0 spa 14867/14867018/3, dataset scope, 1 cell(s) 0.0253-0.0253 eV; rules R3; twin of 14867/14867016/1 (d:exact)"
CR2-14867-14867026-2-fc1c8c53,14867/14867026/2,Z048N068M0,spa,A.M.Gicking,2019,exclude,,dataset,R3_TWIN_SUPERSEDED,84,0.0253,0.0253,0.084008,0.0202,R3,,,null,,,,,,"EXCLUDE (R3_TWIN_SUPERSEDED) Z048N068M0 spa 14867/14867026/2, dataset scope, 1 cell(s) 0.0253-0.0253 eV; rules R3; twin of 14867/14867024/3 (d:exact)"
CR2-20024-20024006-d6708306,20024/20024006/,Z080NAT,sig,I.Bergqvist,1963,downweight,0.25,cells,R5D_INTER_DATASET_SCATTER,154,300000.0,300000.0,0.052,0.0621,R5d,-0.396108,2,"[0.408, 0.384]",-0.034,,,,,"DOWNWEIGHT (R5D_INTER_DATASET_SCATTER) Z080NAT sig 20024/20024006/, cells scope, 1 cell(s) 3e+05-3e+05 eV; rules R5d; d=-0.40 dex vs 2 independent series (bins +-1); series median -0.03 over 21 cells"
CR2-20041-20041005-46cb97fe,20041/20041005/,Z047N062M0,mxw,B.Grimeland,1956,downweight,0.25,dataset,R5D_INTER_DATASET_SCATTER,84,0.0253,0.0253,4.1,0.0948,R5d,-1.228849,2,"[1.328, 1.13]",,,,,,"DOWNWEIGHT (R5D_INTER_DATASET_SCATTER) Z047N062M0 mxw 20041/20041005/, dataset scope, 1 cell(s) 0.0253-0.0253 eV; rules R5d; d=-1.23 dex vs 2 independent series"
CR2-20050-20050002-1c3de9b5,20050/20050002/,Z026N032M0,ri,D.Brune,1963,downweight,0.25,dataset,R5D_INTER_DATASET_SCATTER,96,0.6,0.6,0.58,0.1058,R5d,-0.329867,4,"[0.319, 0.34, 0.467, 0.305]",-0.346,,,,,"DOWNWEIGHT (R5D_INTER_DATASET_SCATTER) Z026N032M0 ri 20050/20050002/, dataset scope, 1 cell(s) 0.6-0.6 eV; rules R5d; d=-0.33 dex vs 4 independent series; series median -0.35 over 2 cells"
CR2-20050-20050003-80ffa326,20050/20050003/,Z030N034M0,ri,D.Brune,1963,downweight,0.25,dataset,R5D_INTER_DATASET_SCATTER,96,0.6,0.6,0.67,0.0824,R5d,-0.380751,5,"[0.412, 0.32, 0.381, 0.329, 0.429]",-0.321,,,,,"DOWNWEIGHT (R5D_INTER_DATASET_SCATTER) Z030N034M0 ri 20050/20050003/, dataset scope, 1 cell(s) 0.6-0.6 eV; rules R5d; d=-0.38 dex vs 5 independent series; series median -0.32 over 2 cells"
CR2-20077-20077004-2-fc5f9007,20077/20077004/2,Z048NAT,sig,E.Sokolowski,1964,exclude,,dataset,R3_TWIN_SUPERSEDED,84,0.0253,0.0253,2445.0,0.0044,R3,,,null,,,,,,"EXCLUDE (R3_TWIN_SUPERSEDED) Z048NAT sig 20077/20077004/2, dataset scope, 1 cell(s) 0.0253-0.0253 eV; rules R3; twin of 20077/20077003/ (d:exact)"
CR2-20092-20092007-4d9398b7,20092/20092007/,Z029N036M0,sig,J.Colditz,1968,downweight,0.25,dataset,R8_UNCORRECTED_LOW_ENERGY_BACKGROUND,164,2900000.0,2900000.0,0.0062,0.0527,R8,0.149927,7,"[-0.236, 0.027, -0.169, 0.077, -0.116, -0.15, -0.201]",0.151,,,,RF029,"DOWNWEIGHT (R8_UNCORRECTED_LOW_ENERGY_BACKGROUND) Z029N036M0 sig 20092/20092007/, dataset scope, 1 cell(s) 2.9e+06-2.9e+06 eV; rules R8; d=+0.15 dex vs 7 independent series; series median +0.15 over 3 cells"
CR2-20092-20092009-89500c3e,20092/20092009/,Z033N042M0,sig,J.Colditz,1968,downweight,0.25,dataset,R8_UNCORRECTED_LOW_ENERGY_BACKGROUND,164,2900000.0,2900000.0,0.014,0.0414,R3d+R8,0.060484,2,"[-0.036, -0.085]",0.151,,,,RF030,"DOWNWEIGHT (R8_UNCORRECTED_LOW_ENERGY_BACKGROUND) Z033N042M0 sig 20092/20092009/, dataset scope, 1 cell(s) 2.9e+06-2.9e+06 eV; rules R3d+R8; d=+0.06 dex vs 2 independent series; series median +0.15 over 3 cells"
CR2-20092-20092011-2d55849d,20092/20092011/,Z053N074M0,sig,J.Colditz,1968,downweight,0.25,dataset,R8_UNCORRECTED_LOW_ENERGY_BACKGROUND,164,2900000.0,2900000.0,0.0428,0.048,R8,0.150534,6,"[-0.172, -0.195, -0.129, -0.18, 0.041, -0.052]",0.15,,,,RF031,"DOWNWEIGHT (R8_UNCORRECTED_LOW_ENERGY_BACKGROUND) Z053N074M0 sig 20092/20092011/, dataset scope, 1 cell(s) 2.9e+06-2.9e+06 eV; rules R8; d=+0.15 dex vs 6 independent series; series median +0.15 over 3 cells"
CR2-20092-20092012-bc50079b,20092/20092012/,Z056N082M0,sig,J.Colditz,1968,exclude,,dataset,L2_DATA_PLUS_RECORD,164,2900000.0,2900000.0,0.003,0.0544,R5d+R8,0.420216,3,"[-0.398, -0.42, -0.477]",0.15,,,,RF016,"EXCLUDE (L2_DATA_PLUS_RECORD) Z056N082M0 sig 20092/20092012/, dataset scope, 1 cell(s) 2.9e+06-2.9e+06 eV; rules R5d+R8; d=+0.42 dex vs 3 independent series; series median +0.15 over 3 cells"
CR2-20350-20350002-c964b8ad,20350/20350002/,Z043N056M0,sig,S.M.QAIM,1973,downweight,0.25,dataset,R9_CROSS_NUCLIDE_14MEV_SYSTEMATIC,171,14700000.0,14700000.0,0.009,0.0872,R9,,0,null,,,0.759,,,"DOWNWEIGHT (R9_CROSS_NUCLIDE_14MEV_SYSTEMATIC) Z043N056M0 sig 20350/20350002/, dataset scope, 1 cell(s) 1.47e+07-1.47e+07 eV; rules R9; 14 MeV d=+0.76 dex vs 14 nuclides"
CR2-20432-20432005-4bbd6310,20432/20432005/,Z067N098M0,sig,N.Yamamuro,1975,exclude,,dataset,R5X_INTER_DATASET_SCATTER,143,24000.0,24000.0,0.128,0.0107,R5x,-1.060107,5,"[1.06, 1.326, 1.031, 1.067, 1.0]",-0.003,,,,,"EXCLUDE (R5X_INTER_DATASET_SCATTER) Z067N098M0 sig 20432/20432005/, dataset scope, 1 cell(s) 2.4e+04-2.4e+04 eV; rules R5x; d=-1.06 dex vs 5 independent series; series median -0.00 over 115 cells"
CR2-20465-20465002-e23487a6,20465/20465002/,Z092N146M0,av,M.C.Moxon,1969,exclude,,dataset,R3_TWIN_SUPERSEDED,131,1500.0,1500.0,1.974,0.0204,R3,,,null,,,,,,"EXCLUDE (R3_TWIN_SUPERSEDED) Z092N146M0 av 20465/20465002/, dataset scope, 14 cell(s) 1500-9.5e+04 eV; rules R3; twin of 20465/20465003/ (x:SPSDD)"
CR2-20465-20465002-e23487a6,20465/20465002/,Z092N146M0,av,M.C.Moxon,1969,exclude,,dataset,R3_TWIN_SUPERSEDED,133,2500.0,2500.0,1.48,0.0208,R3,,,null,,,,,,"EXCLUDE (R3_TWIN_SUPERSEDED) Z092N146M0 av 20465/20465002/, dataset scope, 14 cell(s) 1500-9.5e+04 eV; rules R3; twin of 20465/20465003/ (x:SPSDD)"
CR2-20465-20465002-e23487a6,20465/20465002/,Z092N146M0,av,M.C.Moxon,1969,exclude,,dataset,R3_TWIN_SUPERSEDED,135,3500.0,3500.0,1.232,0.022,R3,,,null,,,,,,"EXCLUDE (R3_TWIN_SUPERSEDED) Z092N146M0 av 20465/20465002/, dataset scope, 14 cell(s) 1500-9.5e+04 eV; rules R3; twin of 20465/20465003/ (x:SPSDD)"
CR2-20465-20465002-e23487a6,20465/20465002/,Z092N146M0,av,M.C.Moxon,1969,exclude,,dataset,R3_TWIN_SUPERSEDED,136,4500.0,4500.0,0.9635,0.0241,R3,,,null,,,,,,"EXCLUDE (R3_TWIN_SUPERSEDED) Z092N146M0 av 20465/20465002/, dataset scope, 14 cell(s) 1500-9.5e+04 eV; rules R3; twin of 20465/20465003/ (x:SPSDD)"
CR2-20465-20465002-e23487a6,20465/20465002/,Z092N146M0,av,M.C.Moxon,1969,exclude,,dataset,R3_TWIN_SUPERSEDED,137,5500.0,5500.0,0.9395,0.0269,R3,,,null,,,,,,"EXCLUDE (R3_TWIN_SUPERSEDED) Z092N146M0 av 20465/20465002/, dataset scope, 14 cell(s) 1500-9.5e+04 eV; rules R3; twin of 20465/20465003/ (x:SPSDD)"
CR2-20465-20465002-e23487a6,20465/20465002/,Z092N146M0,av,M.C.Moxon,1969,exclude,,dataset,R3_TWIN_SUPERSEDED,138,6500.0,7500.0,0.8088,0.0185,R3,,,null,,,,,,"EXCLUDE (R3_TWIN_SUPERSEDED) Z092N146M0 av 20465/20465002/, dataset scope, 14 cell(s) 1500-9.5e+04 eV; rules R3; twin of 20465/20465003/ (x:SPSDD)"
CR2-20465-20465002-e23487a6,20465/20465002/,Z092N146M0,av,M.C.Moxon,1969,exclude,,dataset,R3_TWIN_SUPERSEDED,139,8500.0,9500.0,0.72285,0.0191,R3,,,null,,,,,,"EXCLUDE (R3_TWIN_SUPERSEDED) Z092N146M0 av 20465/20465002/, dataset scope, 14 cell(s) 1500-9.5e+04 eV; rules R3; twin of 20465/20465003/ (x:SPSDD)"
CR2-20465-20465002-e23487a6,20465/20465002/,Z092N146M0,av,M.C.Moxon,1969,exclude,,dataset,R3_TWIN_SUPERSEDED,141,15000.0,15000.0,0.6119,0.0253,R3,,,null,,,,,,"EXCLUDE (R3_TWIN_SUPERSEDED) Z092N146M0 av 20465/20465002/, dataset scope, 14 cell(s) 1500-9.5e+04 eV; rules R3; twin of 20465/20465003/ (x:SPSDD)"
CR2-20465-20465002-e23487a6,20465/20465002/,Z092N146M0,av,M.C.Moxon,1969,exclude,,dataset,R3_TWIN_SUPERSEDED,143,25000.0,25000.0,0.4623,0.0261,R3,,,null,,,,,,"EXCLUDE (R3_TWIN_SUPERSEDED) Z092N146M0 av 20465/20465002/, dataset scope, 14 cell(s) 1500-9.5e+04 eV; rules R3; twin of 20465/20465003/ (x:SPSDD)"
CR2-20465-20465002-e23487a6,20465/20465002/,Z092N146M0,av,M.C.Moxon,1969,exclude,,dataset,R3_TWIN_SUPERSEDED,145,35000.0,35000.0,0.3867,0.0366,R3,,,null,,,,,,"EXCLUDE (R3_TWIN_SUPERSEDED) Z092N146M0 av 20465/20465002/, dataset scope, 14 cell(s) 1500-9.5e+04 eV; rules R3; twin of 20465/20465003/ (x:SPSDD)"
CR2-20465-20465002-e23487a6,20465/20465002/,Z092N146M0,av,M.C.Moxon,1969,exclude,,dataset,R3_TWIN_SUPERSEDED,146,45000.0,45000.0,0.3486,0.0265,R3,,,null,,,,,,"EXCLUDE (R3_TWIN_SUPERSEDED) Z092N146M0 av 20465/20465002/, dataset scope, 14 cell(s) 1500-9.5e+04 eV; rules R3; twin of 20465/20465003/ (x:SPSDD)"
CR2-20465-20465002-e23487a6,20465/20465002/,Z092N146M0,av,M.C.Moxon,1969,exclude,,dataset,R3_TWIN_SUPERSEDED,147,55000.0,55000.0,0.3005,0.0253,R3,,,null,,,,,,"EXCLUDE (R3_TWIN_SUPERSEDED) Z092N146M0 av 20465/20465002/, dataset scope, 14 cell(s) 1500-9.5e+04 eV; rules R3; twin of 20465/20465003/ (x:SPSDD)"
CR2-20465-20465002-e23487a6,20465/20465002/,Z092N146M0,av,M.C.Moxon,1969,exclude,,dataset,R3_TWIN_SUPERSEDED,148,65000.0,75000.0,0.2359,0.0185,R3,,,null,,,,,,"EXCLUDE (R3_TWIN_SUPERSEDED) Z092N146M0 av 20465/20465002/, dataset scope, 14 cell(s) 1500-9.5e+04 eV; rules R3; twin of 20465/20465003/ (x:SPSDD)"
CR2-20465-20465002-e23487a6,20465/20465002/,Z092N146M0,av,M.C.Moxon,1969,exclude,,dataset,R3_TWIN_SUPERSEDED,149,85000.0,95000.0,0.1843,0.0249,R3,,,null,,,,,,"EXCLUDE (R3_TWIN_SUPERSEDED) Z092N146M0 av 20465/20465002/, dataset scope, 14 cell(s) 1500-9.5e+04 eV; rules R3; twin of 20465/20465003/ (x:SPSDD)"
CR2-20532-20532004-16ecd605,20532/20532004/,Z045N058M0,sig,F.Rigaud,1971,exclude,,dataset,R5X_INTER_DATASET_SCATTER,171,14060000.0,14060000.0,0.00075,0.1027,R5x,-1.271067,3,"[0.426, 1.271, 1.289]",-0.334,,-0.419,,,"EXCLUDE (R5X_INTER_DATASET_SCATTER) Z045N058M0 sig 20532/20532004/, dataset scope, 1 cell(s) 1.406e+07-1.406e+07 eV; rules R5x; d=-1.27 dex vs 3 independent series; series median -0.33 over 3 cells; 14 MeV d=-0.42 dex vs 13 nuclides"
CR2-20533-20533002-2b95bdd2,20533/20533002/,Z055N078M0,sig,F.Rigaud,1971,exclude,,dataset,R5X_INTER_DATASET_SCATTER,171,14060000.0,14060000.0,0.00151,0.1066,R5x,-0.667019,2,"[0.672, 0.662]",-0.334,,-0.014,,,"EXCLUDE (R5X_INTER_DATASET_SCATTER) Z055N078M0 sig 20533/20533002/, dataset scope, 1 cell(s) 1.406e+07-1.406e+07 eV; rules R5x; d=-0.67 dex vs 2 independent series; series median -0.33 over 3 cells; 14 MeV d=-0.01 dex vs 14 nuclides"
CR2-20643-20643035-1-8a26167c,20643/20643035/1,Z038N046M0,ri,R.Van der Linden,1972,downweight,0.25,dataset,R5D_INTER_DATASET_SCATTER,96,0.55,0.55,23.0,0.0516,R5d,0.436038,2,"[-0.336, -0.536]",-0.019,,,,,"DOWNWEIGHT (R5D_INTER_DATASET_SCATTER) Z038N046M0 ri 20643/20643035/1, dataset scope, 1 cell(s) 0.55-0.55 eV; rules R5d; d=+0.44 dex vs 2 independent series; series median -0.02 over 66 cells"
CR2-20643-20643040-1-ad1565dc,20643/20643040/1,Z042N056M0,ri,R.Van der Linden,1972,exclude,,dataset,R5X_INTER_DATASET_SCATTER,96,0.55,0.55,1.3,0.0322,R5x,-0.732394,7,"[0.602, 0.685, 0.756, 0.737, 0.71, 1.208, 0.732]",-0.013,,,,,"EXCLUDE (R5X_INTER_DATASET_SCATTER) Z042N056M0 ri 20643/20643040/1, dataset scope, 1 cell(s) 0.55-0.55 eV; rules R5x; d=-0.73 dex vs 7 independent series; series median -0.01 over 66 cells"
CR2-20657-20657011-1-5adffa8a,20657/20657011/1,Z063N090M0,ri/rnv,J.I.Kim,1975,downweight,0.25,dataset,R5D_INTER_DATASET_SCATTER,97,0.55,0.55,3147.0,0.0262,R5d,0.413943,2,"[-0.437, -0.391]",0.027,,,,,"DOWNWEIGHT (R5D_INTER_DATASET_SCATTER) Z063N090M0 ri/rnv 20657/20657011/1, dataset scope, 1 cell(s) 0.55-0.55 eV; rules R5d; d=+0.41 dex vs 2 independent series (bins +-1); series median +0.03 over 7 cells"
CR2-20673-20673031-f3dbc111,20673/20673031/,Z064N096M0,sig,M.Valkonen,1976,downweight,0.25,dataset,R5D_INTER_DATASET_SCATTER,171,14700000.0,14700000.0,0.001,0.1461,R5d,-0.872146,2,"[0.477, 1.267]",-0.276,,-0.109,,,"DOWNWEIGHT (R5D_INTER_DATASET_SCATTER) Z064N096M0 sig 20673/20673031/, dataset scope, 1 cell(s) 1.47e+07-1.47e+07 eV; rules R5d; d=-0.87 dex vs 2 independent series; series median -0.28 over 3 cells; 14 MeV d=-0.11 dex vs 13 nuclides"
CR2-20718-20718007-d666b207,20718/20718007/,Z044N060M0,sig,M.Wagner,1980,downweight,0.25,dataset,R5D_INTER_DATASET_SCATTER,171,14600000.0,14600000.0,0.00086,0.0698,R5d,-0.831241,2,"[0.463, 1.199]",-0.586,,-0.367,,,"DOWNWEIGHT (R5D_INTER_DATASET_SCATTER) Z044N060M0 sig 20718/20718007/, dataset scope, 1 cell(s) 1.46e+07-1.46e+07 eV; rules R5d; d=-0.83 dex vs 2 independent series; series median -0.59 over 2 cells; 14 MeV d=-0.37 dex vs 13 nuclides"
CR2-20820-20820002-a28383d7,20820/20820002/,Z076N117M0,mxw,R.F.Casten,1978,exclude,,dataset,R3_TWIN_SUPERSEDED,83,0.025,0.025,31.0,0.0649,R3,,,null,,,,,,"EXCLUDE (R3_TWIN_SUPERSEDED) Z076N117M0 mxw 20820/20820002/, dataset scope, 1 cell(s) 0.025-0.025 eV; rules R3; twin of 20820/20820003/ (x:SPSDD)"
CR2-20899-20899008-1cceff2b,20899/20899008/,Z033N042M0,sig,M.Bormann,1966,downweight,0.25,dataset,R9_CROSS_NUCLIDE_14MEV_SYSTEMATIC,171,14100000.0,14100000.0,0.0222,0.0339,R9,1.159621,4,"[-0.194, -1.471, -1.203, -1.116]",,,1.171,,,"DOWNWEIGHT (R9_CROSS_NUCLIDE_14MEV_SYSTEMATIC) Z033N042M0 sig 20899/20899008/, dataset scope, 1 cell(s) 1.41e+07-1.41e+07 eV; rules R9; d=+1.16 dex vs 4 independent series; 14 MeV d=+1.17 dex vs 15 nuclides"
CR2-20906-20906012-8130f52f,20906/20906012/,Z051N070M0,sig,W.Poenitz,1966,exclude,,cells,L2_DATA_PLUS_RECORD,144,30000.0,30000.0,0.34,0.0414,R12+R5d,-0.446245,5,"[0.673, 0.446, 0.377, 0.42, 0.516]",-0.016,,,,,"EXCLUDE (L2_DATA_PLUS_RECORD) Z051N070M0 sig 20906/20906012/, cells scope, 1 cell(s) 3e+04-3e+04 eV; rules R12+R5d; d=-0.45 dex vs 5 independent series (bins +-1); series median -0.02 over 6 cells"
CR2-20972-20972002-826904aa,20972/20972002/,Z092N146M0,sig,M.ASGHAR,1966,exclude,,cells,R5X_INTER_DATASET_SCATTER,130,1026.0,1026.0,7.98,0.034,R5x,0.549462,4,"[-0.519, -0.483, -0.658, -0.58]",-0.016,,,,,"EXCLUDE (R5X_INTER_DATASET_SCATTER) Z092N146M0 sig 20972/20972002/, cells scope, 1 cell(s) 1026-1026 eV; rules R5x; d=+0.55 dex vs 4 independent series; series median -0.02 over 30 cells"
CR2-20972-20972003-bb60c183,20972/20972003/,Z092N146M0,sig,M.ASGHAR,1966,exclude,,cells,R5X_INTER_DATASET_SCATTER,130,1047.0,1210.0,14.60975,0.005,R5x,0.812102,4,"[-0.782, -0.746, -0.92, -0.842]",-0.016,,,,,"EXCLUDE (R5X_INTER_DATASET_SCATTER) Z092N146M0 sig 20972/20972003/, cells scope, 9 cell(s) 1047-9173 eV; rules R5x; d=+0.81 dex vs 4 independent series; series median -0.02 over 30 cells"
CR2-20972-20972003-bb60c183,20972/20972003/,Z092N146M0,sig,M.ASGHAR,1966,exclude,,cells,R5X_INTER_DATASET_SCATTER,132,1673.0,1831.0,8.4695,0.0095,R5x,0.712832,4,"[-0.727, -0.678, -0.831, -0.699]",-0.016,,,,,"EXCLUDE (R5X_INTER_DATASET_SCATTER) Z092N146M0 sig 20972/20972003/, cells scope, 9 cell(s) 1047-9173 eV; rules R5x; d=+0.81 dex vs 4 independent series; series median -0.02 over 30 cells"
CR2-20972-20972003-bb60c183,20972/20972003/,Z092N146M0,sig,M.ASGHAR,1966,exclude,,cells,R5X_INTER_DATASET_SCATTER,133,2012.0,2465.0,7.154333,0.0076,R5x,0.677519,7,"[-0.666, -0.801, -0.65, -0.678, -0.825, -0.714, -0.633]",-0.016,,,,,"EXCLUDE (R5X_INTER_DATASET_SCATTER) Z092N146M0 sig 20972/20972003/, cells scope, 9 cell(s) 1047-9173 eV; rules R5x; d=+0.81 dex vs 4 independent series; series median -0.02 over 30 cells"
CR2-20972-20972003-bb60c183,20972/20972003/,Z092N146M0,sig,M.ASGHAR,1966,exclude,,cells,R5X_INTER_DATASET_SCATTER,134,2752.0,3091.0,5.8525,0.0096,R5x,0.673369,4,"[-0.709, -0.495, -0.674, -0.673]",-0.016,,,,,"EXCLUDE (R5X_INTER_DATASET_SCATTER) Z092N146M0 sig 20972/20972003/, cells scope, 9 cell(s) 1047-9173 eV; rules R5x; d=+0.81 dex vs 4 independent series; series median -0.02 over 30 cells"
CR2-20972-20972003-bb60c183,20972/20972003/,Z092N146M0,sig,M.ASGHAR,1966,exclude,,cells,R5X_INTER_DATASET_SCATTER,135,3497.0,3497.0,4.347,0.0167,R5x,0.558022,4,"[-0.581, -0.569, -0.547, -0.527]",-0.016,,,,,"EXCLUDE (R5X_INTER_DATASET_SCATTER) Z092N146M0 sig 20972/20972003/, cells scope, 9 cell(s) 1047-9173 eV; rules R5x; d=+0.81 dex vs 4 independent series; series median -0.02 over 30 cells"
CR2-20972-20972003-bb60c183,20972/20972003/,Z092N146M0,sig,M.ASGHAR,1966,exclude,,cells,R5X_INTER_DATASET_SCATTER,136,3989.0,4593.0,3.889,0.0106,R5x,0.653936,5,"[-0.66, -0.679, -0.654, -0.639, -0.562]",-0.016,,,,,"EXCLUDE (R5X_INTER_DATASET_SCATTER) Z092N146M0 sig 20972/20972003/, cells scope, 9 cell(s) 1047-9173 eV; rules R5x; d=+0.81 dex vs 4 independent series; series median -0.02 over 30 cells"
CR2-20972-20972003-bb60c183,20972/20972003/,Z092N146M0,sig,M.ASGHAR,1966,exclude,,cells,R5X_INTER_DATASET_SCATTER,137,5346.0,6300.0,4.39,0.0076,R5x,0.670879,7,"[-0.728, -0.773, -0.643, -0.682, -0.646, -0.671, -0.596]",-0.016,,,,,"EXCLUDE (R5X_INTER_DATASET_SCATTER) Z092N146M0 sig 20972/20972003/, cells scope, 9 cell(s) 1047-9173 eV; rules R5x; d=+0.81 dex vs 4 independent series; series median -0.02 over 30 cells"
CR2-20972-20972003-bb60c183,20972/20972003/,Z092N146M0,sig,M.ASGHAR,1966,exclude,,cells,R5X_INTER_DATASET_SCATTER,138,7535.0,7535.0,3.127,0.0122,R5x,0.604837,6,"[-0.64, -0.55, -0.629, -0.623, -0.587, -0.523]",-0.016,,,,,"EXCLUDE (R5X_INTER_DATASET_SCATTER) Z092N146M0 sig 20972/20972003/, cells scope, 9 cell(s) 1047-9173 eV; rules R5x; d=+0.81 dex vs 4 independent series; series median -0.02 over 30 cells"
CR2-20972-20972003-bb60c183,20972/20972003/,Z092N146M0,sig,M.ASGHAR,1966,exclude,,cells,R5X_INTER_DATASET_SCATTER,139,9173.0,9173.0,4.021,0.0086,R5x,0.763623,7,"[-0.778, -0.805, -0.696, -0.802, -0.758, -0.764, -0.744]",-0.016,,,,,"EXCLUDE (R5X_INTER_DATASET_SCATTER) Z092N146M0 sig 20972/20972003/, cells scope, 9 cell(s) 1047-9173 eV; rules R5x; d=+0.81 dex vs 4 independent series; series median -0.02 over 30 cells"
CR2-21438-21438014-cb0ba496,21438/21438014/,Z039N050M0,sig,J.L.PERKIN,1958,downweight,0.25,dataset,R6D_SERIES_SYSTEMATIC,171,14500000.0,14500000.0,0.0029,0.0414,R6d,0.31627,3,"[-0.454, -0.316, -0.289]",0.394,,0.296,,,"DOWNWEIGHT (R6D_SERIES_SYSTEMATIC) Z039N050M0 sig 21438/21438014/, dataset scope, 1 cell(s) 1.45e+07-1.45e+07 eV; rules R6d; d=+0.32 dex vs 3 independent series; series median +0.39 over 12 cells; 14 MeV d=+0.30 dex vs 11 nuclides"
CR2-21438-21438016-6b212951,21438/21438016/,Z044N060M0,sig,J.L.PERKIN,1958,downweight,0.25,dataset,R5D_INTER_DATASET_SCATTER,171,14500000.0,14500000.0,0.0136,0.0792,R5d+R9,0.96732,2,"[-0.736, -1.199]",0.325,,0.945,,,"DOWNWEIGHT (R5D_INTER_DATASET_SCATTER) Z044N060M0 sig 21438/21438016/, dataset scope, 1 cell(s) 1.45e+07-1.45e+07 eV; rules R5d+R9; d=+0.97 dex vs 2 independent series; series median +0.33 over 12 cells; 14 MeV d=+0.94 dex vs 12 nuclides"
CR2-21438-21438018-abd9b3b2,21438/21438018/,Z053N074M0,sig,J.L.PERKIN,1958,downweight,0.25,dataset,R6D_SERIES_SYSTEMATIC,171,14500000.0,14500000.0,0.0025,0.0792,R6d,0.33374,8,"[-0.258, -0.349, -0.444, -0.606, 0.04, -0.319, -0.511, 0.459]",0.385,,0.273,,,"DOWNWEIGHT (R6D_SERIES_SYSTEMATIC) Z053N074M0 sig 21438/21438018/, dataset scope, 1 cell(s) 1.45e+07-1.45e+07 eV; rules R6d; d=+0.33 dex vs 8 independent series; series median +0.39 over 12 cells; 14 MeV d=+0.27 dex vs 12 nuclides"
CR2-21438-21438023-ab3f5b16,21438/21438023/,Z064N096M0,sig,J.L.PERKIN,1958,downweight,0.25,dataset,R5D_INTER_DATASET_SCATTER,171,14500000.0,14500000.0,0.0185,0.1139,R5d+R9,1.028611,2,"[-0.79, -1.267]",0.325,,1.203,,,"DOWNWEIGHT (R5D_INTER_DATASET_SCATTER) Z064N096M0 sig 21438/21438023/, dataset scope, 1 cell(s) 1.45e+07-1.45e+07 eV; rules R5d+R9; d=+1.03 dex vs 2 independent series; series median +0.33 over 12 cells; 14 MeV d=+1.20 dex vs 15 nuclides"
CR2-21438-21438028-546248cf,21438/21438028/,Z082N126M0,sig,J.L.PERKIN,1958,downweight,0.25,dataset,R5D_INTER_DATASET_SCATTER,171,14500000.0,14500000.0,0.00305,0.0607,R5d+R6d,0.454105,3,"[-0.487, -0.454, -0.445]",0.325,,0.445,,,"DOWNWEIGHT (R5D_INTER_DATASET_SCATTER) Z082N126M0 sig 21438/21438028/, dataset scope, 1 cell(s) 1.45e+07-1.45e+07 eV; rules R5d+R6d; d=+0.45 dex vs 3 independent series; series median +0.33 over 12 cells; 14 MeV d=+0.45 dex vs 9 nuclides"
CR2-21438-21438030-d88f140a,21438/21438030/,Z090N142M0,sig,J.L.PERKIN,1958,exclude,,dataset,R5X_INTER_DATASET_SCATTER,171,14500000.0,14500000.0,0.0052,0.0492,R5x,0.702607,4,"[-0.52, -0.824, -0.773, -0.632]",0.325,,,,,"EXCLUDE (R5X_INTER_DATASET_SCATTER) Z090N142M0 sig 21438/21438030/, dataset scope, 1 cell(s) 1.45e+07-1.45e+07 eV; rules R5x; d=+0.70 dex vs 4 independent series; series median +0.33 over 12 cells"
CR2-21438-21438031-6d672658,21438/21438031/,Z092N146M0,sig,J.L.PERKIN,1958,exclude,,dataset,R5X_INTER_DATASET_SCATTER,171,14500000.0,14500000.0,0.0033,0.0607,R5x,0.540394,6,"[-0.592, -0.651, -0.489, -0.369, -0.726, -0.416]",0.325,,,,,"EXCLUDE (R5X_INTER_DATASET_SCATTER) Z092N146M0 sig 21438/21438031/, dataset scope, 1 cell(s) 1.45e+07-1.45e+07 eV; rules R5x; d=+0.54 dex vs 6 independent series; series median +0.33 over 12 cells"
CR2-21563-21563022-0c1ab280,21563/21563022/,Z066N097M0,sig,M.Lucas,1977,exclude,,dataset,L2_DATA_PLUS_RECORD,84,0.0253,0.0253,305.0,0.0414,R12+R5d,0.405119,3,"[-0.405, -0.351, -0.42]",-0.028,,,,,"EXCLUDE (L2_DATA_PLUS_RECORD) Z066N097M0 sig 21563/21563022/, dataset scope, 1 cell(s) 0.0253-0.0253 eV; rules R12+R5d; d=+0.41 dex vs 3 independent series; series median -0.03 over 8 cells"
CR2-21619-21619003-343b828b,21619/21619003/,Z039N050M0,sig,J.Voignier,1981,exclude,,dataset,R3_TWIN_SUPERSEDED,156,500000.0,500000.0,0.0067,0.0547,R3,,,null,,,,,,"EXCLUDE (R3_TWIN_SUPERSEDED) Z039N050M0 sig 21619/21619003/, dataset scope, 5 cell(s) 5e+05-3e+06 eV; rules R3; twin of 22006/22006005/ (x:SPSDD)"
CR2-21619-21619003-343b828b,21619/21619003/,Z039N050M0,sig,J.Voignier,1981,exclude,,dataset,R3_TWIN_SUPERSEDED,158,700000.0,700000.0,0.0064,0.0512,R3,,,null,,,,,,"EXCLUDE (R3_TWIN_SUPERSEDED) Z039N050M0 sig 21619/21619003/, dataset scope, 5 cell(s) 5e+05-3e+06 eV; rules R3; twin of 22006/22006005/ (x:SPSDD)"
CR2-21619-21619003-343b828b,21619/21619003/,Z039N050M0,sig,J.Voignier,1981,exclude,,dataset,R3_TWIN_SUPERSEDED,160,1000000.0,1000000.0,0.0053,0.0539,R3,,,null,,,,,,"EXCLUDE (R3_TWIN_SUPERSEDED) Z039N050M0 sig 21619/21619003/, dataset scope, 5 cell(s) 5e+05-3e+06 eV; rules R3; twin of 22006/22006005/ (x:SPSDD)"
CR2-21619-21619003-343b828b,21619/21619003/,Z039N050M0,sig,J.Voignier,1981,exclude,,dataset,R3_TWIN_SUPERSEDED,163,2000000.0,2500000.0,0.0043,0.0478,R3,,,null,,,,,,"EXCLUDE (R3_TWIN_SUPERSEDED) Z039N050M0 sig 21619/21619003/, dataset scope, 5 cell(s) 5e+05-3e+06 eV; rules R3; twin of 22006/22006005/ (x:SPSDD)"
CR2-21619-21619003-343b828b,21619/21619003/,Z039N050M0,sig,J.Voignier,1981,exclude,,dataset,R3_TWIN_SUPERSEDED,164,3000000.0,3000000.0,0.0036,0.0872,R3,,,null,,,,,,"EXCLUDE (R3_TWIN_SUPERSEDED) Z039N050M0 sig 21619/21619003/, dataset scope, 5 cell(s) 5e+05-3e+06 eV; rules R3; twin of 22006/22006005/ (x:SPSDD)"
CR2-21619-21619004-01c063e3,21619/21619004/,Z041N052M0,sig,J.Voignier,1981,exclude,,dataset,R3_TWIN_SUPERSEDED,156,500000.0,500000.0,0.051,0.0468,R3,,,null,,,,,,"EXCLUDE (R3_TWIN_SUPERSEDED) Z041N052M0 sig 21619/21619004/, dataset scope, 5 cell(s) 5e+05-3e+06 eV; rules R3; twin of 22006/22006007/ (x:SPSDD)"
CR2-21619-21619004-01c063e3,21619/21619004/,Z041N052M0,sig,J.Voignier,1981,exclude,,dataset,R3_TWIN_SUPERSEDED,158,700000.0,700000.0,0.0502,0.0475,R3,,,null,,,,,,"EXCLUDE (R3_TWIN_SUPERSEDED) Z041N052M0 sig 21619/21619004/, dataset scope, 5 cell(s) 5e+05-3e+06 eV; rules R3; twin of 22006/22006007/ (x:SPSDD)"
CR2-21619-21619004-01c063e3,21619/21619004/,Z041N052M0,sig,J.Voignier,1981,exclude,,dataset,R3_TWIN_SUPERSEDED,160,1000000.0,1000000.0,0.0367,0.0492,R3,,,null,,,,,,"EXCLUDE (R3_TWIN_SUPERSEDED) Z041N052M0 sig 21619/21619004/, dataset scope, 5 cell(s) 5e+05-3e+06 eV; rules R3; twin of 22006/22006007/ (x:SPSDD)"
CR2-21619-21619004-01c063e3,21619/21619004/,Z041N052M0,sig,J.Voignier,1981,exclude,,dataset,R3_TWIN_SUPERSEDED,163,2000000.0,2000000.0,0.0126,0.058,R3,,,null,,,,,,"EXCLUDE (R3_TWIN_SUPERSEDED) Z041N052M0 sig 21619/21619004/, dataset scope, 5 cell(s) 5e+05-3e+06 eV; rules R3; twin of 22006/22006007/ (x:SPSDD)"
CR2-21619-21619004-01c063e3,21619/21619004/,Z041N052M0,sig,J.Voignier,1981,exclude,,dataset,R3_TWIN_SUPERSEDED,164,3000000.0,3000000.0,0.0069,0.0802,R3,,,null,,,,,,"EXCLUDE (R3_TWIN_SUPERSEDED) Z041N052M0 sig 21619/21619004/, dataset scope, 5 cell(s) 5e+05-3e+06 eV; rules R3; twin of 22006/22006007/ (x:SPSDD)"
CR2-21619-21619011-1-19a31258,21619/21619011/1,Z064NAT,sig,J.Voignier,1981,exclude,,dataset,R3_TWIN_SUPERSEDED,156,500000.0,500000.0,0.161,0.0387,R3,,,null,,,,,,"EXCLUDE (R3_TWIN_SUPERSEDED) Z064NAT sig 21619/21619011/1, dataset scope, 3 cell(s) 5e+05-2.5e+06 eV; rules R3; twin of 22006/22006009/ (x:SPSDD)"
CR2-21619-21619011-1-19a31258,21619/21619011/1,Z064NAT,sig,J.Voignier,1981,exclude,,dataset,R3_TWIN_SUPERSEDED,160,1000000.0,1000000.0,0.12,0.0414,R3,,,null,,,,,,"EXCLUDE (R3_TWIN_SUPERSEDED) Z064NAT sig 21619/21619011/1, dataset scope, 3 cell(s) 5e+05-2.5e+06 eV; rules R3; twin of 22006/22006009/ (x:SPSDD)"
CR2-21619-21619011-1-19a31258,21619/21619011/1,Z064NAT,sig,J.Voignier,1981,exclude,,dataset,R3_TWIN_SUPERSEDED,163,2500000.0,2500000.0,0.043,0.0567,R3,,,null,,,,,,"EXCLUDE (R3_TWIN_SUPERSEDED) Z064NAT sig 21619/21619011/1, dataset scope, 3 cell(s) 5e+05-2.5e+06 eV; rules R3; twin of 22006/22006009/ (x:SPSDD)"
CR2-21619-21619011-2-7aba5e8a,21619/21619011/2,Z064NAT,sig,J.Voignier,1981,exclude,,dataset,R3_TWIN_SUPERSEDED,156,500000.0,500000.0,0.184,0.0512,R3,,,null,,,,,,"EXCLUDE (R3_TWIN_SUPERSEDED) Z064NAT sig 21619/21619011/2, dataset scope, 3 cell(s) 5e+05-2.5e+06 eV; rules R3; twin of 22006/22006112/ (x:SPSDD)"
CR2-21619-21619011-2-7aba5e8a,21619/21619011/2,Z064NAT,sig,J.Voignier,1981,exclude,,dataset,R3_TWIN_SUPERSEDED,160,1000000.0,1000000.0,0.122,0.0472,R3,,,null,,,,,,"EXCLUDE (R3_TWIN_SUPERSEDED) Z064NAT sig 21619/21619011/2, dataset scope, 3 cell(s) 5e+05-2.5e+06 eV; rules R3; twin of 22006/22006112/ (x:SPSDD)"
CR2-21619-21619011-2-7aba5e8a,21619/21619011/2,Z064NAT,sig,J.Voignier,1981,exclude,,dataset,R3_TWIN_SUPERSEDED,163,2500000.0,2500000.0,0.044,0.0555,R3,,,null,,,,,,"EXCLUDE (R3_TWIN_SUPERSEDED) Z064NAT sig 21619/21619011/2, dataset scope, 3 cell(s) 5e+05-2.5e+06 eV; rules R3; twin of 22006/22006112/ (x:SPSDD)"
CR2-21619-21619016-1-1d3fd992,21619/21619016/1,Z074NAT,sig,J.Voignier,1981,exclude,,dataset,R3_TWIN_SUPERSEDED,156,500000.0,500000.0,0.058,0.0428,R3,,,null,,,,,,"EXCLUDE (R3_TWIN_SUPERSEDED) Z074NAT sig 21619/21619016/1, dataset scope, 3 cell(s) 5e+05-2.5e+06 eV; rules R3; twin of 22006/22006017/ (x:SPSDD)"
CR2-21619-21619016-1-1d3fd992,21619/21619016/1,Z074NAT,sig,J.Voignier,1981,exclude,,dataset,R3_TWIN_SUPERSEDED,160,1000000.0,1000000.0,0.061,0.0472,R3,,,null,,,,,,"EXCLUDE (R3_TWIN_SUPERSEDED) Z074NAT sig 21619/21619016/1, dataset scope, 3 cell(s) 5e+05-2.5e+06 eV; rules R3; twin of 22006/22006017/ (x:SPSDD)"
CR2-21619-21619016-1-1d3fd992,21619/21619016/1,Z074NAT,sig,J.Voignier,1981,exclude,,dataset,R3_TWIN_SUPERSEDED,163,2500000.0,2500000.0,0.029,0.0561,R3,,,null,,,,,,"EXCLUDE (R3_TWIN_SUPERSEDED) Z074NAT sig 21619/21619016/1, dataset scope, 3 cell(s) 5e+05-2.5e+06 eV; rules R3; twin of 22006/22006017/ (x:SPSDD)"
CR2-21619-21619016-2-20c94607,21619/21619016/2,Z074NAT,sig,J.Voignier,1981,exclude,,dataset,R3_TWIN_SUPERSEDED,156,500000.0,500000.0,0.058,0.0495,R3,,,null,,,,,,"EXCLUDE (R3_TWIN_SUPERSEDED) Z074NAT sig 21619/21619016/2, dataset scope, 3 cell(s) 5e+05-2.5e+06 eV; rules R3; twin of 22006/22006113/ (x:SPSDD)"
CR2-21619-21619016-2-20c94607,21619/21619016/2,Z074NAT,sig,J.Voignier,1981,exclude,,dataset,R3_TWIN_SUPERSEDED,160,1000000.0,1000000.0,0.066,0.0726,R3,,,null,,,,,,"EXCLUDE (R3_TWIN_SUPERSEDED) Z074NAT sig 21619/21619016/2, dataset scope, 3 cell(s) 5e+05-2.5e+06 eV; rules R3; twin of 22006/22006113/ (x:SPSDD)"
CR2-21619-21619016-2-20c94607,21619/21619016/2,Z074NAT,sig,J.Voignier,1981,exclude,,dataset,R3_TWIN_SUPERSEDED,163,2500000.0,2500000.0,0.031,0.0768,R3,,,null,,,,,,"EXCLUDE (R3_TWIN_SUPERSEDED) Z074NAT sig 21619/21619016/2, dataset scope, 3 cell(s) 5e+05-2.5e+06 eV; rules R3; twin of 22006/22006113/ (x:SPSDD)"
CR2-21631-21631003-de247033,21631/21631003/,Z060N085M0,av,Y.NAKAJIMA,1978,downweight,0.25,cells,R5D_INTER_DATASET_SCATTER,149,85000.0,95000.0,0.405,0.026,R5d,0.340753,3,"[-0.324, -0.514, -0.341]",0.086,,,,,"DOWNWEIGHT (R5D_INTER_DATASET_SCATTER) Z060N085M0 av 21631/21631003/, cells scope, 1 cell(s) 8.5e+04-9.5e+04 eV; rules R5d; d=+0.34 dex vs 3 independent series; series median +0.09 over 53 cells"
CR2-21631-21631004-180f51c9,21631/21631004/,Z060N086M0,av,Y.NAKAJIMA,1978,downweight,0.25,cells,R5D_INTER_DATASET_SCATTER,139,8500.0,9500.0,0.32,0.0625,R5d,0.369666,2,"[-0.341, -0.398]",0.086,,,,,"DOWNWEIGHT (R5D_INTER_DATASET_SCATTER) Z060N086M0 av 21631/21631004/, cells scope, 1 cell(s) 8500-9500 eV; rules R5d; d=+0.37 dex vs 2 independent series; series median +0.09 over 53 cells"
CR2-21631-21631005-a6d35dd2,21631/21631005/,Z060N088M0,av,Y.NAKAJIMA,1978,downweight,0.25,cells,R5D_INTER_DATASET_SCATTER,148,65000.0,75000.0,0.21,0.0283,R5d,0.341438,2,"[-0.315, -0.368]",0.086,,,,,"DOWNWEIGHT (R5D_INTER_DATASET_SCATTER) Z060N088M0 av 21631/21631005/, cells scope, 2 cell(s) 6.5e+04-9.5e+04 eV; rules R5d; d=+0.34 dex vs 2 independent series; series median +0.09 over 53 cells"
CR2-21631-21631005-a6d35dd2,21631/21631005/,Z060N088M0,av,Y.NAKAJIMA,1978,downweight,0.25,cells,R5D_INTER_DATASET_SCATTER,149,85000.0,95000.0,0.215,0.0277,R5d,0.396582,2,"[-0.385, -0.408]",0.086,,,,,"DOWNWEIGHT (R5D_INTER_DATASET_SCATTER) Z060N088M0 av 21631/21631005/, cells scope, 2 cell(s) 6.5e+04-9.5e+04 eV; rules R5d; d=+0.34 dex vs 2 independent series; series median +0.09 over 53 cells"
CR2-21647-21647002-8ebfd934,21647/21647002/,Z056N082M0,spa,H.Beer,1980,exclude,,dataset,R3_TWIN_SUPERSEDED,143,25000.0,25000.0,0.00455,0.0214,R3,,,null,,,,,,"EXCLUDE (R3_TWIN_SUPERSEDED) Z056N082M0 spa 21647/21647002/, dataset scope, 1 cell(s) 2.5e+04-2.5e+04 eV; rules R3; twin of 21647/21647013/2 (x:SPSDD)"
CR2-21647-21647003-bd752962,21647/21647003/,Z058N082M0,spa,H.Beer,1980,exclude,,dataset,R3_TWIN_SUPERSEDED,143,25000.0,25000.0,0.01263,0.0192,R3,,,null,,,,,,"EXCLUDE (R3_TWIN_SUPERSEDED) Z058N082M0 spa 21647/21647003/, dataset scope, 1 cell(s) 2.5e+04-2.5e+04 eV; rules R3; twin of 21647/21647014/2 (x:SPSDD)"
CR2-21647-21647005-715dd489,21647/21647005/,Z071N104M0,spa,H.Beer,1980,exclude,,dataset,R3_TWIN_SUPERSEDED,143,25000.0,25000.0,0.906,0.0251,R3,,,null,,,,,,"EXCLUDE (R3_TWIN_SUPERSEDED) Z071N104M0 spa 21647/21647005/, dataset scope, 1 cell(s) 2.5e+04-2.5e+04 eV; rules R3; twin of 21647/21647016/2 (x:SPSDD)"
CR2-21647-21647006-1bbab40c,21647/21647006/,Z071N105M0,spa,H.Beer,1980,exclude,,dataset,R3_TWIN_SUPERSEDED,143,25000.0,25000.0,1.925,0.0209,R3,,,null,,,,,,"EXCLUDE (R3_TWIN_SUPERSEDED) Z071N105M0 spa 21647/21647006/, dataset scope, 1 cell(s) 2.5e+04-2.5e+04 eV; rules R3; twin of 21647/21647017/2 (x:SPSDD)"
CR2-21647-21647007-be05d5d0,21647/21647007/,Z073N108M0,spa,H.Beer,1980,exclude,,dataset,R3_TWIN_SUPERSEDED,143,25000.0,25000.0,1.192,0.022,R3,,,null,,,,,,"EXCLUDE (R3_TWIN_SUPERSEDED) Z073N108M0 spa 21647/21647007/, dataset scope, 1 cell(s) 2.5e+04-2.5e+04 eV; rules R3; twin of 21647/21647018/2 (x:SPSDD)"
CR2-21647-21647008-f8a5a4bf,21647/21647008/,Z056N082M0,mxw,H.Beer,1980,exclude,,dataset,R3_TWIN_SUPERSEDED,144,30000.0,30000.0,0.00422,0.025,R3,,,null,,,,,,"EXCLUDE (R3_TWIN_SUPERSEDED) Z056N082M0 mxw 21647/21647008/, dataset scope, 1 cell(s) 3e+04-3e+04 eV; rules R3; twin of 21647/21647019/ (x:SPSDD)"
CR2-21647-21647009-bd661152,21647/21647009/,Z058N082M0,mxw,H.Beer,1980,exclude,,dataset,R3_TWIN_SUPERSEDED,144,30000.0,30000.0,0.01152,0.021,R3,,,null,,,,,,"EXCLUDE (R3_TWIN_SUPERSEDED) Z058N082M0 mxw 21647/21647009/, dataset scope, 1 cell(s) 3e+04-3e+04 eV; rules R3; twin of 21647/21647020/ (x:SPSDD)"
CR2-21647-21647011-c7bf88a5,21647/21647011/,Z071N105M0,mxw,H.Beer,1980,exclude,,dataset,R3_TWIN_SUPERSEDED,144,30000.0,30000.0,1.718,0.021,R3,,,null,,,,,,"EXCLUDE (R3_TWIN_SUPERSEDED) Z071N105M0 mxw 21647/21647011/, dataset scope, 1 cell(s) 3e+04-3e+04 eV; rules R3; twin of 21647/21647022/ (x:SPSDD)"
CR2-21647-21647012-53c4a7c9,21647/21647012/,Z073N108M0,mxw,H.Beer,1980,exclude,,dataset,R3_TWIN_SUPERSEDED,144,30000.0,30000.0,0.96,0.0221,R3,,,null,,,,,,"EXCLUDE (R3_TWIN_SUPERSEDED) Z073N108M0 mxw 21647/21647012/, dataset scope, 1 cell(s) 3e+04-3e+04 eV; rules R3; twin of 21647/21647023/ (x:SPSDD)"
CR2-21683-21683002-832df347,21683/21683002/,Z036N048M0,sig,F.HENSLEY,1980,exclude,,dataset,R11X_MACS_CONTRADICTS_SERIES,137,6260.0,6260.0,0.114,0.6243,R11x,,,null,,,,5,,"EXCLUDE (R11X_MACS_CONTRADICTS_SERIES) Z036N048M0 sig 21683/21683002/, dataset scope, 16 cell(s) 6260-2.36e+05 eV; rules R11x; d=-0.04 dex vs 1 independent series (bins +-1); series median -0.01 over 4 cells; 5 of 5 MACS groups against"
CR2-21683-21683002-832df347,21683/21683002/,Z036N048M0,sig,F.HENSLEY,1980,exclude,,dataset,R11X_MACS_CONTRADICTS_SERIES,139,8110.0,9130.0,0.13715,0.4039,R11x,,,null,,,,5,,"EXCLUDE (R11X_MACS_CONTRADICTS_SERIES) Z036N048M0 sig 21683/21683002/, dataset scope, 16 cell(s) 6260-2.36e+05 eV; rules R11x; d=-0.04 dex vs 1 independent series (bins +-1); series median -0.01 over 4 cells; 5 of 5 MACS groups against"
CR2-21683-21683002-832df347,21683/21683002/,Z036N048M0,sig,F.HENSLEY,1980,exclude,,dataset,R11X_MACS_CONTRADICTS_SERIES,140,11500.0,12500.0,0.2765,0.1504,R11x,,,null,,,,5,,"EXCLUDE (R11X_MACS_CONTRADICTS_SERIES) Z036N048M0 sig 21683/21683002/, dataset scope, 16 cell(s) 6260-2.36e+05 eV; rules R11x; d=-0.04 dex vs 1 independent series (bins +-1); series median -0.01 over 4 cells; 5 of 5 MACS groups against"
CR2-21683-21683002-832df347,21683/21683002/,Z036N048M0,sig,F.HENSLEY,1980,exclude,,dataset,R11X_MACS_CONTRADICTS_SERIES,141,14000.0,14800.0,0.5115,0.2134,R11x,,,null,,,,5,,"EXCLUDE (R11X_MACS_CONTRADICTS_SERIES) Z036N048M0 sig 21683/21683002/, dataset scope, 16 cell(s) 6260-2.36e+05 eV; rules R11x; d=-0.04 dex vs 1 independent series (bins +-1); series median -0.01 over 4 cells; 5 of 5 MACS groups against"
CR2-21683-21683002-832df347,21683/21683002/,Z036N048M0,sig,F.HENSLEY,1980,exclude,,dataset,R11X_MACS_CONTRADICTS_SERIES,142,17500.0,19900.0,0.188333,0.1005,R11x,,,null,,,,5,,"EXCLUDE (R11X_MACS_CONTRADICTS_SERIES) Z036N048M0 sig 21683/21683002/, dataset scope, 16 cell(s) 6260-2.36e+05 eV; rules R11x; d=-0.04 dex vs 1 independent series (bins +-1); series median -0.01 over 4 cells; 5 of 5 MACS groups against"
CR2-21683-21683002-832df347,21683/21683002/,Z036N048M0,sig,F.HENSLEY,1980,exclude,,dataset,R11X_MACS_CONTRADICTS_SERIES,143,21500.0,24500.0,0.118,0.0791,R11x,,,null,,,,5,,"EXCLUDE (R11X_MACS_CONTRADICTS_SERIES) Z036N048M0 sig 21683/21683002/, dataset scope, 16 cell(s) 6260-2.36e+05 eV; rules R11x; d=-0.04 dex vs 1 independent series (bins +-1); series median -0.01 over 4 cells; 5 of 5 MACS groups against"
CR2-21683-21683002-832df347,21683/21683002/,Z036N048M0,sig,F.HENSLEY,1980,exclude,,dataset,R11X_MACS_CONTRADICTS_SERIES,144,25600.0,25600.0,0.0331,0.3979,R11x,,,null,,,,5,,"EXCLUDE (R11X_MACS_CONTRADICTS_SERIES) Z036N048M0 sig 21683/21683002/, dataset scope, 16 cell(s) 6260-2.36e+05 eV; rules R11x; d=-0.04 dex vs 1 independent series (bins +-1); series median -0.01 over 4 cells; 5 of 5 MACS groups against"
CR2-21683-21683002-832df347,21683/21683002/,Z036N048M0,sig,F.HENSLEY,1980,exclude,,dataset,R11X_MACS_CONTRADICTS_SERIES,145,32000.0,39500.0,0.062467,0.0624,R11x,,,null,,,,5,,"EXCLUDE (R11X_MACS_CONTRADICTS_SERIES) Z036N048M0 sig 21683/21683002/, dataset scope, 16 cell(s) 6260-2.36e+05 eV; rules R11x; d=-0.04 dex vs 1 independent series (bins +-1); series median -0.01 over 4 cells; 5 of 5 MACS groups against"
CR2-21683-21683002-832df347,21683/21683002/,Z036N048M0,sig,F.HENSLEY,1980,exclude,,dataset,R11X_MACS_CONTRADICTS_SERIES,146,41000.0,50100.0,0.049171,0.0647,R11x,,,null,,,,5,,"EXCLUDE (R11X_MACS_CONTRADICTS_SERIES) Z036N048M0 sig 21683/21683002/, dataset scope, 16 cell(s) 6260-2.36e+05 eV; rules R11x; d=-0.04 dex vs 1 independent series (bins +-1); series median -0.01 over 4 cells; 5 of 5 MACS groups against"
CR2-21683-21683002-832df347,21683/21683002/,Z036N048M0,sig,F.HENSLEY,1980,exclude,,dataset,R11X_MACS_CONTRADICTS_SERIES,147,51700.0,60100.0,0.03635,0.0805,R11x,,,null,,,,5,,"EXCLUDE (R11X_MACS_CONTRADICTS_SERIES) Z036N048M0 sig 21683/21683002/, dataset scope, 16 cell(s) 6260-2.36e+05 eV; rules R11x; d=-0.04 dex vs 1 independent series (bins +-1); series median -0.01 over 4 cells; 5 of 5 MACS groups against"
CR2-21683-21683002-832df347,21683/21683002/,Z036N048M0,sig,F.HENSLEY,1980,exclude,,dataset,R11X_MACS_CONTRADICTS_SERIES,148,69500.0,78400.0,0.031674,0.0808,R11x,,,null,,,,5,,"EXCLUDE (R11X_MACS_CONTRADICTS_SERIES) Z036N048M0 sig 21683/21683002/, dataset scope, 16 cell(s) 6260-2.36e+05 eV; rules R11x; d=-0.04 dex vs 1 independent series (bins +-1); series median -0.01 over 4 cells; 5 of 5 MACS groups against"
CR2-21683-21683002-832df347,21683/21683002/,Z036N048M0,sig,F.HENSLEY,1980,exclude,,dataset,R11X_MACS_CONTRADICTS_SERIES,149,79800.0,99900.0,0.023959,0.0746,R11x,,,null,,,,5,,"EXCLUDE (R11X_MACS_CONTRADICTS_SERIES) Z036N048M0 sig 21683/21683002/, dataset scope, 16 cell(s) 6260-2.36e+05 eV; rules R11x; d=-0.04 dex vs 1 independent series (bins +-1); series median -0.01 over 4 cells; 5 of 5 MACS groups against"
CR2-21683-21683002-832df347,21683/21683002/,Z036N048M0,sig,F.HENSLEY,1980,exclude,,dataset,R11X_MACS_CONTRADICTS_SERIES,150,101000.0,125000.0,0.024567,0.0592,R11x,,,null,,,,5,,"EXCLUDE (R11X_MACS_CONTRADICTS_SERIES) Z036N048M0 sig 21683/21683002/, dataset scope, 16 cell(s) 6260-2.36e+05 eV; rules R11x; d=-0.04 dex vs 1 independent series (bins +-1); series median -0.01 over 4 cells; 5 of 5 MACS groups against"
CR2-21683-21683002-832df347,21683/21683002/,Z036N048M0,sig,F.HENSLEY,1980,exclude,,dataset,R11X_MACS_CONTRADICTS_SERIES,151,127000.0,157000.0,0.018086,0.0681,R11x,,,null,,,,5,,"EXCLUDE (R11X_MACS_CONTRADICTS_SERIES) Z036N048M0 sig 21683/21683002/, dataset scope, 16 cell(s) 6260-2.36e+05 eV; rules R11x; d=-0.04 dex vs 1 independent series (bins +-1); series median -0.01 over 4 cells; 5 of 5 MACS groups against"
CR2-21683-21683002-832df347,21683/21683002/,Z036N048M0,sig,F.HENSLEY,1980,exclude,,dataset,R11X_MACS_CONTRADICTS_SERIES,152,160000.0,196000.0,0.008925,0.1245,R11x,,,null,,,,5,,"EXCLUDE (R11X_MACS_CONTRADICTS_SERIES) Z036N048M0 sig 21683/21683002/, dataset scope, 16 cell(s) 6260-2.36e+05 eV; rules R11x; d=-0.04 dex vs 1 independent series (bins +-1); series median -0.01 over 4 cells; 5 of 5 MACS groups against"
CR2-21683-21683002-832df347,21683/21683002/,Z036N048M0,sig,F.HENSLEY,1980,exclude,,dataset,R11X_MACS_CONTRADICTS_SERIES,153,200000.0,236000.0,0.009964,0.1505,R11x,-0.042581,1,[0.043],-0.012,,,5,,"EXCLUDE (R11X_MACS_CONTRADICTS_SERIES) Z036N048M0 sig 21683/21683002/, dataset scope, 16 cell(s) 6260-2.36e+05 eV; rules R11x; d=-0.04 dex vs 1 independent series (bins +-1); series median -0.01 over 4 cells; 5 of 5 MACS groups against"
CR2-21765-21765005-629adfc6,21765/21765005/,Z062N087M0,av,M.MIZUMOTO,1981,downweight,0.25,dataset,R11D_MACS_CONTRADICTS_SERIES,135,3650.0,3650.0,12.05,0.0211,R11d,0.219975,2,"[-0.237, -0.203]",0.144,,,2,,"DOWNWEIGHT (R11D_MACS_CONTRADICTS_SERIES) Z062N087M0 av 21765/21765005/, dataset scope, 20 cell(s) 3650-2.75e+05 eV; rules R11d; d=+0.22 dex vs 2 independent series (bins +-1); series median +0.14 over 38 cells; 2 of 2 MACS groups against"
CR2-21765-21765005-629adfc6,21765/21765005/,Z062N087M0,av,M.MIZUMOTO,1981,downweight,0.25,dataset,R11D_MACS_CONTRADICTS_SERIES,136,4500.0,4500.0,10.71,0.0237,R11d,0.194879,2,"[-0.238, -0.152]",0.144,,,2,,"DOWNWEIGHT (R11D_MACS_CONTRADICTS_SERIES) Z062N087M0 av 21765/21765005/, dataset scope, 20 cell(s) 3650-2.75e+05 eV; rules R11d; d=+0.22 dex vs 2 independent series (bins +-1); series median +0.14 over 38 cells; 2 of 2 MACS groups against"
CR2-21765-21765005-629adfc6,21765/21765005/,Z062N087M0,av,M.MIZUMOTO,1981,downweight,0.25,dataset,R11D_MACS_CONTRADICTS_SERIES,137,5500.0,5500.0,9.29,0.025,R11d,0.193489,2,"[-0.231, -0.156]",0.144,,,2,,"DOWNWEIGHT (R11D_MACS_CONTRADICTS_SERIES) Z062N087M0 av 21765/21765005/, dataset scope, 20 cell(s) 3650-2.75e+05 eV; rules R11d; d=+0.22 dex vs 2 independent series (bins +-1); series median +0.14 over 38 cells; 2 of 2 MACS groups against"
CR2-21765-21765005-629adfc6,21765/21765005/,Z062N087M0,av,M.MIZUMOTO,1981,downweight,0.25,dataset,R11D_MACS_CONTRADICTS_SERIES,138,6500.0,7500.0,7.855,0.0182,R11d,0.235135,2,"[-0.203, -0.267]",0.144,,,2,,"DOWNWEIGHT (R11D_MACS_CONTRADICTS_SERIES) Z062N087M0 av 21765/21765005/, dataset scope, 20 cell(s) 3650-2.75e+05 eV; rules R11d; d=+0.22 dex vs 2 independent series (bins +-1); series median +0.14 over 38 cells; 2 of 2 MACS groups against"
CR2-21765-21765005-629adfc6,21765/21765005/,Z062N087M0,av,M.MIZUMOTO,1981,downweight,0.25,dataset,R11D_MACS_CONTRADICTS_SERIES,139,8500.0,9500.0,6.225,0.0202,R11d,0.188259,2,"[-0.219, -0.157]",0.144,,,2,,"DOWNWEIGHT (R11D_MACS_CONTRADICTS_SERIES) Z062N087M0 av 21765/21765005/, dataset scope, 20 cell(s) 3650-2.75e+05 eV; rules R11d; d=+0.22 dex vs 2 independent series (bins +-1); series median +0.14 over 38 cells; 2 of 2 MACS groups against"
CR2-21765-21765005-629adfc6,21765/21765005/,Z062N087M0,av,M.MIZUMOTO,1981,downweight,0.25,dataset,R11D_MACS_CONTRADICTS_SERIES,140,11000.0,11000.0,5.42,0.0287,R11d,0.183771,3,"[-0.252, -0.178, -0.184]",0.144,,,2,,"DOWNWEIGHT (R11D_MACS_CONTRADICTS_SERIES) Z062N087M0 av 21765/21765005/, dataset scope, 20 cell(s) 3650-2.75e+05 eV; rules R11d; d=+0.22 dex vs 2 independent series (bins +-1); series median +0.14 over 38 cells; 2 of 2 MACS groups against"
CR2-21765-21765005-629adfc6,21765/21765005/,Z062N087M0,av,M.MIZUMOTO,1981,downweight,0.25,dataset,R11D_MACS_CONTRADICTS_SERIES,141,13000.0,15000.0,4.47,0.0221,R11d,0.158744,3,"[-0.221, -0.159, -0.1]",0.144,,,2,,"DOWNWEIGHT (R11D_MACS_CONTRADICTS_SERIES) Z062N087M0 av 21765/21765005/, dataset scope, 20 cell(s) 3650-2.75e+05 eV; rules R11d; d=+0.22 dex vs 2 independent series (bins +-1); series median +0.14 over 38 cells; 2 of 2 MACS groups against"
CR2-21765-21765005-629adfc6,21765/21765005/,Z062N087M0,av,M.MIZUMOTO,1981,downweight,0.25,dataset,R11D_MACS_CONTRADICTS_SERIES,142,17000.0,19000.0,3.66,0.0249,R11d,0.168106,2,"[-0.187, -0.149]",0.144,,,2,,"DOWNWEIGHT (R11D_MACS_CONTRADICTS_SERIES) Z062N087M0 av 21765/21765005/, dataset scope, 20 cell(s) 3650-2.75e+05 eV; rules R11d; d=+0.22 dex vs 2 independent series (bins +-1); series median +0.14 over 38 cells; 2 of 2 MACS groups against"
CR2-21765-21765005-629adfc6,21765/21765005/,Z062N087M0,av,M.MIZUMOTO,1981,downweight,0.25,dataset,R11D_MACS_CONTRADICTS_SERIES,143,22500.0,22500.0,3.2,0.0339,R11d,0.170234,3,"[-0.251, -0.17, -0.163]",0.144,,,2,,"DOWNWEIGHT (R11D_MACS_CONTRADICTS_SERIES) Z062N087M0 av 21765/21765005/, dataset scope, 20 cell(s) 3650-2.75e+05 eV; rules R11d; d=+0.22 dex vs 2 independent series (bins +-1); series median +0.14 over 38 cells; 2 of 2 MACS groups against"
CR2-21765-21765005-629adfc6,21765/21765005/,Z062N087M0,av,M.MIZUMOTO,1981,downweight,0.25,dataset,R11D_MACS_CONTRADICTS_SERIES,144,27500.0,27500.0,2.71,0.0369,R11d,0.189606,2,"[-0.175, -0.205]",0.144,,,2,,"DOWNWEIGHT (R11D_MACS_CONTRADICTS_SERIES) Z062N087M0 av 21765/21765005/, dataset scope, 20 cell(s) 3650-2.75e+05 eV; rules R11d; d=+0.22 dex vs 2 independent series (bins +-1); series median +0.14 over 38 cells; 2 of 2 MACS groups against"
CR2-21765-21765005-629adfc6,21765/21765005/,Z062N087M0,av,M.MIZUMOTO,1981,downweight,0.25,dataset,R11D_MACS_CONTRADICTS_SERIES,145,32500.0,37500.0,2.37,0.0306,R11d,0.219992,2,"[-0.242, -0.198]",0.144,,,2,,"DOWNWEIGHT (R11D_MACS_CONTRADICTS_SERIES) Z062N087M0 av 21765/21765005/, dataset scope, 20 cell(s) 3650-2.75e+05 eV; rules R11d; d=+0.22 dex vs 2 independent series (bins +-1); series median +0.14 over 38 cells; 2 of 2 MACS groups against"
CR2-21765-21765005-629adfc6,21765/21765005/,Z062N087M0,av,M.MIZUMOTO,1981,downweight,0.25,dataset,R11D_MACS_CONTRADICTS_SERIES,146,42500.0,47500.0,1.97,0.0303,R11d,0.207751,3,"[-0.251, -0.182, -0.208]",0.144,,,2,,"DOWNWEIGHT (R11D_MACS_CONTRADICTS_SERIES) Z062N087M0 av 21765/21765005/, dataset scope, 20 cell(s) 3650-2.75e+05 eV; rules R11d; d=+0.22 dex vs 2 independent series (bins +-1); series median +0.14 over 38 cells; 2 of 2 MACS groups against"
CR2-21765-21765005-629adfc6,21765/21765005/,Z062N087M0,av,M.MIZUMOTO,1981,downweight,0.25,dataset,R11D_MACS_CONTRADICTS_SERIES,147,55000.0,55000.0,1.67,0.0421,R11d,0.199361,3,"[-0.222, -0.168, -0.199]",0.144,,,2,,"DOWNWEIGHT (R11D_MACS_CONTRADICTS_SERIES) Z062N087M0 av 21765/21765005/, dataset scope, 20 cell(s) 3650-2.75e+05 eV; rules R11d; d=+0.22 dex vs 2 independent series (bins +-1); series median +0.14 over 38 cells; 2 of 2 MACS groups against"
CR2-21765-21765005-629adfc6,21765/21765005/,Z062N087M0,av,M.MIZUMOTO,1981,downweight,0.25,dataset,R11D_MACS_CONTRADICTS_SERIES,148,65000.0,75000.0,1.47,0.0312,R11d,0.207322,3,"[-0.21, -0.171, -0.207]",0.144,,,2,,"DOWNWEIGHT (R11D_MACS_CONTRADICTS_SERIES) Z062N087M0 av 21765/21765005/, dataset scope, 20 cell(s) 3650-2.75e+05 eV; rules R11d; d=+0.22 dex vs 2 independent series (bins +-1); series median +0.14 over 38 cells; 2 of 2 MACS groups against"
CR2-21765-21765005-629adfc6,21765/21765005/,Z062N087M0,av,M.MIZUMOTO,1981,downweight,0.25,dataset,R11D_MACS_CONTRADICTS_SERIES,149,85000.0,95000.0,1.3,0.0341,R11d,0.197495,2,"[-0.212, -0.183]",0.144,,,2,,"DOWNWEIGHT (R11D_MACS_CONTRADICTS_SERIES) Z062N087M0 av 21765/21765005/, dataset scope, 20 cell(s) 3650-2.75e+05 eV; rules R11d; d=+0.22 dex vs 2 independent series (bins +-1); series median +0.14 over 38 cells; 2 of 2 MACS groups against"
CR2-21765-21765005-629adfc6,21765/21765005/,Z062N087M0,av,M.MIZUMOTO,1981,downweight,0.25,dataset,R11D_MACS_CONTRADICTS_SERIES,150,110000.0,110000.0,1.16,0.0428,R11d,0.183938,2,"[-0.209, -0.158]",0.144,,,2,,"DOWNWEIGHT (R11D_MACS_CONTRADICTS_SERIES) Z062N087M0 av 21765/21765005/, dataset scope, 20 cell(s) 3650-2.75e+05 eV; rules R11d; d=+0.22 dex vs 2 independent series (bins +-1); series median +0.14 over 38 cells; 2 of 2 MACS groups against"
CR2-21765-21765005-629adfc6,21765/21765005/,Z062N087M0,av,M.MIZUMOTO,1981,downweight,0.25,dataset,R11D_MACS_CONTRADICTS_SERIES,151,130000.0,150000.0,1.025,0.0318,R11d,0.155696,2,"[-0.178, -0.133]",0.146,,,2,,"DOWNWEIGHT (R11D_MACS_CONTRADICTS_SERIES) Z062N087M0 av 21765/21765005/, dataset scope, 20 cell(s) 3650-2.75e+05 eV; rules R11d; d=+0.22 dex vs 2 independent series (bins +-1); series median +0.14 over 38 cells; 2 of 2 MACS groups against"
CR2-21765-21765005-629adfc6,21765/21765005/,Z062N087M0,av,M.MIZUMOTO,1981,downweight,0.25,dataset,R11D_MACS_CONTRADICTS_SERIES,152,170000.0,190000.0,0.935,0.0317,R11d,0.140507,2,"[-0.161, -0.12]",0.146,,,2,,"DOWNWEIGHT (R11D_MACS_CONTRADICTS_SERIES) Z062N087M0 av 21765/21765005/, dataset scope, 20 cell(s) 3650-2.75e+05 eV; rules R11d; d=+0.22 dex vs 2 independent series (bins +-1); series median +0.14 over 38 cells; 2 of 2 MACS groups against"
CR2-21765-21765005-629adfc6,21765/21765005/,Z062N087M0,av,M.MIZUMOTO,1981,downweight,0.25,dataset,R11D_MACS_CONTRADICTS_SERIES,153,225000.0,225000.0,0.87,0.0473,R11d,0.135399,2,"[-0.169, -0.102]",0.146,,,2,,"DOWNWEIGHT (R11D_MACS_CONTRADICTS_SERIES) Z062N087M0 av 21765/21765005/, dataset scope, 20 cell(s) 3650-2.75e+05 eV; rules R11d; d=+0.22 dex vs 2 independent series (bins +-1); series median +0.14 over 38 cells; 2 of 2 MACS groups against"
CR2-21765-21765005-629adfc6,21765/21765005/,Z062N087M0,av,M.MIZUMOTO,1981,downweight,0.25,dataset,R11D_MACS_CONTRADICTS_SERIES,154,275000.0,275000.0,0.85,0.0483,R11d,0.152146,2,"[-0.213, -0.092]",0.146,,,2,,"DOWNWEIGHT (R11D_MACS_CONTRADICTS_SERIES) Z062N087M0 av 21765/21765005/, dataset scope, 20 cell(s) 3650-2.75e+05 eV; rules R11d; d=+0.22 dex vs 2 independent series (bins +-1); series median +0.14 over 38 cells; 2 of 2 MACS groups against"
CR2-21768-21768004-089b03f2,21768/21768004/,Z072N108M0,spa,H.Beer,1982,exclude,,dataset,R3_TWIN_SUPERSEDED,143,25000.0,25000.0,0.193,0.0043,R3,,,null,,,,,,"EXCLUDE (R3_TWIN_SUPERSEDED) Z072N108M0 spa 21768/21768004/, dataset scope, 1 cell(s) 2.5e+04-2.5e+04 eV; rules R3; twin of 21768/21768006/ (x:SPSDD)"
CR2-21786-21786003-255c807a,21786/21786003/,Z047NAT,sig,E.T.Booth,1937,exclude,,dataset,R5X_INTER_DATASET_SCATTER,163,2500000.0,2500000.0,0.74,0.0294,R5x,1.026242,2,"[-1.034, -1.019]",,,,,,"EXCLUDE (R5X_INTER_DATASET_SCATTER) Z047NAT sig 21786/21786003/, dataset scope, 1 cell(s) 2.5e+06-2.5e+06 eV; rules R5x; d=+1.03 dex vs 2 independent series (bins +-1)"
CR2-21913-21913007-9eac876c,21913/21913007/,Z036N044M0,mxw,G.Walter,1984,exclude,,dataset,R3_TWIN_SUPERSEDED,143,20000.0,25000.0,0.3025,0.0061,R3,,,null,,,,,,"EXCLUDE (R3_TWIN_SUPERSEDED) Z036N044M0 mxw 21913/21913007/, dataset scope, 4 cell(s) 2e+04-5e+04 eV; rules R3; twin of 22037/22037009/ (x:SPSDD)"
CR2-21913-21913007-9eac876c,21913/21913007/,Z036N044M0,mxw,G.Walter,1984,exclude,,dataset,R3_TWIN_SUPERSEDED,144,30000.0,30000.0,0.265,0.0086,R3,,,null,,,,,,"EXCLUDE (R3_TWIN_SUPERSEDED) Z036N044M0 mxw 21913/21913007/, dataset scope, 4 cell(s) 2e+04-5e+04 eV; rules R3; twin of 22037/22037009/ (x:SPSDD)"
CR2-21913-21913007-9eac876c,21913/21913007/,Z036N044M0,mxw,G.Walter,1984,exclude,,dataset,R3_TWIN_SUPERSEDED,145,35000.0,35000.0,0.248,0.0086,R3,,,null,,,,,,"EXCLUDE (R3_TWIN_SUPERSEDED) Z036N044M0 mxw 21913/21913007/, dataset scope, 4 cell(s) 2e+04-5e+04 eV; rules R3; twin of 22037/22037009/ (x:SPSDD)"
CR2-21913-21913007-9eac876c,21913/21913007/,Z036N044M0,mxw,G.Walter,1984,exclude,,dataset,R3_TWIN_SUPERSEDED,146,40000.0,50000.0,0.223333,0.005,R3,,,null,,,,,,"EXCLUDE (R3_TWIN_SUPERSEDED) Z036N044M0 mxw 21913/21913007/, dataset scope, 4 cell(s) 2e+04-5e+04 eV; rules R3; twin of 22037/22037009/ (x:SPSDD)"
CR2-21936-21936018-d6e32f29,21936/21936018/,Z027N032M0,sig,B.M.Bahal,1985,exclude,,dataset,R5X_INTER_DATASET_SCATTER,171,14700000.0,14700000.0,0.119,0.0283,R5x+R9,2.066947,3,"[-1.733, -2.067, -2.073]",,,1.845,,,"EXCLUDE (R5X_INTER_DATASET_SCATTER) Z027N032M0 sig 21936/21936018/, dataset scope, 1 cell(s) 1.47e+07-1.47e+07 eV; rules R5x+R9; d=+2.07 dex vs 3 independent series; 14 MeV d=+1.84 dex vs 9 nuclides"
CR2-21962-21962003-fd423be7,21962/21962003/,Z079N118M0,sig,P.Andersson,1985,downweight,0.25,cells,R8_UNCORRECTED_LOW_ENERGY_BACKGROUND,164,2540000.0,2930000.0,0.0279,0.0315,R8,-0.028847,10,"[0.002, 0.057, 0.203, 0.056, 0.132, -0.145, -0.027, -0.017, -0.15, 0.073]",-0.133,,,,RF032,"DOWNWEIGHT (R8_UNCORRECTED_LOW_ENERGY_BACKGROUND) Z079N118M0 sig 21962/21962003/, cells scope, 4 cell(s) 2.54e+06-7.6e+06 eV; rules R8; d=-0.03 dex vs 10 independent series; series median -0.13 over 4 cells"
CR2-21962-21962003-fd423be7,21962/21962003/,Z079N118M0,sig,P.Andersson,1985,downweight,0.25,cells,R8_UNCORRECTED_LOW_ENERGY_BACKGROUND,165,3170000.0,3930000.0,0.015525,0.0193,R8,-0.120722,3,"[0.121, 0.115, 0.128]",-0.087,,,,RF032,"DOWNWEIGHT (R8_UNCORRECTED_LOW_ENERGY_BACKGROUND) Z079N118M0 sig 21962/21962003/, cells scope, 4 cell(s) 2.54e+06-7.6e+06 eV; rules R8; d=-0.03 dex vs 10 independent series; series median -0.13 over 4 cells"
CR2-21962-21962003-fd423be7,21962/21962003/,Z079N118M0,sig,P.Andersson,1985,downweight,0.25,cells,R8_UNCORRECTED_LOW_ENERGY_BACKGROUND,166,4130000.0,4870000.0,0.010175,0.0278,R8,-0.145343,2,"[0.154, 0.137]",-0.075,,,,RF032,"DOWNWEIGHT (R8_UNCORRECTED_LOW_ENERGY_BACKGROUND) Z079N118M0 sig 21962/21962003/, cells scope, 4 cell(s) 2.54e+06-7.6e+06 eV; rules R8; d=-0.03 dex vs 10 independent series; series median -0.13 over 4 cells"
CR2-21962-21962003-fd423be7,21962/21962003/,Z079N118M0,sig,P.Andersson,1985,downweight,0.25,cells,R8_UNCORRECTED_LOW_ENERGY_BACKGROUND,168,6490000.0,7600000.0,0.00222,0.0511,R8,-0.843979,1,[0.844],-0.121,,,,RF032,"DOWNWEIGHT (R8_UNCORRECTED_LOW_ENERGY_BACKGROUND) Z079N118M0 sig 21962/21962003/, cells scope, 4 cell(s) 2.54e+06-7.6e+06 eV; rules R8; d=-0.03 dex vs 10 independent series; series median -0.13 over 4 cells"
CR2-21962-21962003-ede9eeaf,21962/21962003/,Z079N118M0,sig,P.Andersson,1985,exclude,,cells,L2_DATA_PLUS_RECORD,167,5260000.0,6250000.0,0.005725,0.0294,R5d+R8,-0.402343,2,"[0.418, 0.387]",-0.075,,,,RF032,"EXCLUDE (L2_DATA_PLUS_RECORD) Z079N118M0 sig 21962/21962003/, cells scope, 1 cell(s) 5.26e+06-6.25e+06 eV; rules R5d+R8; d=-0.40 dex vs 2 independent series (bins +-1); series median -0.07 over 4 cells"
CR2-21999-21999025-32efde6b,21999/21999025/,Z040N056M0,sig,R.Pepelnik,1986,downweight,0.25,dataset,R9_CROSS_NUCLIDE_14MEV_SYSTEMATIC,171,14700000.0,14700000.0,0.00012,0.0348,R9,-1.235739,1,[1.236],0.456,,-1.215,,,"DOWNWEIGHT (R9_CROSS_NUCLIDE_14MEV_SYSTEMATIC) Z040N056M0 sig 21999/21999025/, dataset scope, 1 cell(s) 1.47e+07-1.47e+07 eV; rules R9; d=-1.24 dex vs 1 independent series (bins +-1); series median +0.46 over 1 cells; 14 MeV d=-1.22 dex vs 13 nuclides"
CR2-22037-22037016-1-21be2bff,22037/22037016/1,Z032N042M0,mxw,G.Walter,1984,exclude,,dataset,R3_TWIN_SUPERSEDED,143,25000.0,25000.0,0.059,0.0487,R3,,,null,,,,,,"EXCLUDE (R3_TWIN_SUPERSEDED) Z032N042M0 mxw 22037/22037016/1, dataset scope, 1 cell(s) 2.5e+04-2.5e+04 eV; rules R3; twin of 22037/22037026/2 (x:SPSDD)"
CR2-22037-22037016-2-3e85decf,22037/22037016/2,Z032N042M0,mxw,G.Walter,1984,exclude,,dataset,R3_TWIN_SUPERSEDED,144,30000.0,30000.0,0.054,0.0529,R3,,,null,,,,,,"EXCLUDE (R3_TWIN_SUPERSEDED) Z032N042M0 mxw 22037/22037016/2, dataset scope, 1 cell(s) 3e+04-3e+04 eV; rules R3; twin of 22037/22037026/3 (x:SPSDD)"
CR2-22037-22037017-1-ffe3300e,22037/22037017/1,Z032N044M0,mxw,G.Walter,1984,exclude,,dataset,R3_TWIN_SUPERSEDED,143,25000.0,25000.0,0.018,0.0303,R3,,,null,,,,,,"EXCLUDE (R3_TWIN_SUPERSEDED) Z032N044M0 mxw 22037/22037017/1, dataset scope, 1 cell(s) 2.5e+04-2.5e+04 eV; rules R3; twin of 22037/22037027/2 (x:SPSDD)"
CR2-22037-22037017-2-3631c33a,22037/22037017/2,Z032N044M0,mxw,G.Walter,1984,exclude,,dataset,R3_TWIN_SUPERSEDED,144,30000.0,30000.0,0.016,0.0339,R3,,,null,,,,,,"EXCLUDE (R3_TWIN_SUPERSEDED) Z032N044M0 mxw 22037/22037017/2, dataset scope, 1 cell(s) 3e+04-3e+04 eV; rules R3; twin of 22037/22037027/3 (x:SPSDD)"
CR2-22037-22037018-1-0d2e82a9,22037/22037018/1,Z031N040M0,mxw,G.Walter,1984,exclude,,dataset,R3_TWIN_SUPERSEDED,143,25000.0,25000.0,0.137,0.0246,R3,,,null,,,,,,"EXCLUDE (R3_TWIN_SUPERSEDED) Z031N040M0 mxw 22037/22037018/1, dataset scope, 1 cell(s) 2.5e+04-2.5e+04 eV; rules R3; twin of 22037/22037028/2 (x:SPSDD)"
CR2-22037-22037018-2-84a50153,22037/22037018/2,Z031N040M0,mxw,G.Walter,1984,exclude,,dataset,R3_TWIN_SUPERSEDED,144,30000.0,30000.0,0.125,0.0269,R3,,,null,,,,,,"EXCLUDE (R3_TWIN_SUPERSEDED) Z031N040M0 mxw 22037/22037018/2, dataset scope, 1 cell(s) 3e+04-3e+04 eV; rules R3; twin of 22037/22037028/3 (x:SPSDD)"
CR2-22037-22037019-1-16d8c212,22037/22037019/1,Z033N042M0,mxw,G.Walter,1984,exclude,,dataset,R3_TWIN_SUPERSEDED,143,25000.0,25000.0,0.631,0.0221,R3,,,null,,,,,,"EXCLUDE (R3_TWIN_SUPERSEDED) Z033N042M0 mxw 22037/22037019/1, dataset scope, 1 cell(s) 2.5e+04-2.5e+04 eV; rules R3; twin of 22037/22037029/2 (x:SPSDD)"
CR2-22037-22037019-2-bb732940,22037/22037019/2,Z033N042M0,mxw,G.Walter,1984,exclude,,dataset,R3_TWIN_SUPERSEDED,144,30000.0,30000.0,0.576,0.0256,R3,,,null,,,,,,"EXCLUDE (R3_TWIN_SUPERSEDED) Z033N042M0 mxw 22037/22037019/2, dataset scope, 1 cell(s) 3e+04-3e+04 eV; rules R3; twin of 22037/22037029/3 (x:SPSDD)"
CR2-22037-22037020-1-2ebc6e15,22037/22037020/1,Z035N044M0,mxw,G.Walter,1984,exclude,,dataset,R3_TWIN_SUPERSEDED,143,25000.0,25000.0,0.087,0.0382,R3,,,null,,,,,,"EXCLUDE (R3_TWIN_SUPERSEDED) Z035N044M0 mxw 22037/22037020/1, dataset scope, 1 cell(s) 2.5e+04-2.5e+04 eV; rules R3; twin of 22037/22037030/2 (x:SPSDD)"
CR2-22037-22037020-2-00c7bd2a,22037/22037020/2,Z035N044M0,mxw,G.Walter,1984,exclude,,dataset,R3_TWIN_SUPERSEDED,144,30000.0,30000.0,0.079,0.0419,R3,,,null,,,,,,"EXCLUDE (R3_TWIN_SUPERSEDED) Z035N044M0 mxw 22037/22037020/2, dataset scope, 1 cell(s) 3e+04-3e+04 eV; rules R3; twin of 22037/22037030/3 (x:SPSDD)"
CR2-22037-22037021-1-cfe9282f,22037/22037021/1,Z035N044M0,mxw,G.Walter,1984,exclude,,dataset,R3_TWIN_SUPERSEDED,143,25000.0,25000.0,0.697,0.0254,R3,,,null,,,,,,"EXCLUDE (R3_TWIN_SUPERSEDED) Z035N044M0 mxw 22037/22037021/1, dataset scope, 1 cell(s) 2.5e+04-2.5e+04 eV; rules R3; twin of 22037/22037031/2 (x:SPSDD)"
CR2-22037-22037021-2-ff68a4f9,22037/22037021/2,Z035N044M0,mxw,G.Walter,1984,exclude,,dataset,R3_TWIN_SUPERSEDED,144,30000.0,30000.0,0.636,0.0278,R3,,,null,,,,,,"EXCLUDE (R3_TWIN_SUPERSEDED) Z035N044M0 mxw 22037/22037021/2, dataset scope, 1 cell(s) 3e+04-3e+04 eV; rules R3; twin of 22037/22037031/3 (x:SPSDD)"
CR2-22037-22037022-1-22114d5e,22037/22037022/1,Z035N046M0,mxw,G.Walter,1984,exclude,,dataset,R3_TWIN_SUPERSEDED,143,25000.0,25000.0,0.347,0.0172,R3,,,null,,,,,,"EXCLUDE (R3_TWIN_SUPERSEDED) Z035N046M0 mxw 22037/22037022/1, dataset scope, 1 cell(s) 2.5e+04-2.5e+04 eV; rules R3; twin of 22037/22037032/2 (x:SPSDD)"
CR2-22037-22037022-2-c2c3a7bd,22037/22037022/2,Z035N046M0,mxw,G.Walter,1984,exclude,,dataset,R3_TWIN_SUPERSEDED,144,30000.0,30000.0,0.317,0.0214,R3,,,null,,,,,,"EXCLUDE (R3_TWIN_SUPERSEDED) Z035N046M0 mxw 22037/22037022/2, dataset scope, 1 cell(s) 3e+04-3e+04 eV; rules R3; twin of 22037/22037032/3 (x:SPSDD)"
CR2-22037-22037023-1-2dd05d3f,22037/22037023/1,Z036N050M0,mxw,G.Walter,1984,exclude,,dataset,R3_TWIN_SUPERSEDED,143,25000.0,25000.0,0.005,0.0569,R3,,,null,,,,,,"EXCLUDE (R3_TWIN_SUPERSEDED) Z036N050M0 mxw 22037/22037023/1, dataset scope, 1 cell(s) 2.5e+04-2.5e+04 eV; rules R3; twin of 22037/22037033/2 (x:SPSDD)"
CR2-22037-22037023-2-a01f700c,22037/22037023/2,Z036N050M0,mxw,G.Walter,1984,exclude,,dataset,R3_TWIN_SUPERSEDED,144,30000.0,30000.0,0.0046,0.0615,R3,,,null,,,,,,"EXCLUDE (R3_TWIN_SUPERSEDED) Z036N050M0 mxw 22037/22037023/2, dataset scope, 1 cell(s) 3e+04-3e+04 eV; rules R3; twin of 22037/22037033/3 (x:SPSDD)"
CR2-22037-22037024-1-f8ef06bf,22037/22037024/1,Z037N048M0,mxw,G.Walter,1984,exclude,,dataset,R3_TWIN_SUPERSEDED,143,25000.0,25000.0,0.394,0.0194,R3,,,null,,,,,,"EXCLUDE (R3_TWIN_SUPERSEDED) Z037N048M0 mxw 22037/22037024/1, dataset scope, 1 cell(s) 2.5e+04-2.5e+04 eV; rules R3; twin of 22037/22037034/2 (x:SPSDD)"
CR2-22037-22037024-2-7030f39e,22037/22037024/2,Z037N048M0,mxw,G.Walter,1984,exclude,,dataset,R3_TWIN_SUPERSEDED,144,30000.0,30000.0,0.36,0.0235,R3,,,null,,,,,,"EXCLUDE (R3_TWIN_SUPERSEDED) Z037N048M0 mxw 22037/22037024/2, dataset scope, 1 cell(s) 3e+04-3e+04 eV; rules R3; twin of 22037/22037034/3 (x:SPSDD)"
CR2-22037-22037025-1-201ca480,22037/22037025/1,Z037N050M0,mxw,G.Walter,1984,exclude,,dataset,R3_TWIN_SUPERSEDED,143,25000.0,25000.0,0.012,0.0669,R3,,,null,,,,,,"EXCLUDE (R3_TWIN_SUPERSEDED) Z037N050M0 mxw 22037/22037025/1, dataset scope, 1 cell(s) 2.5e+04-2.5e+04 eV; rules R3; twin of 22037/22037035/2 (x:SPSDD)"
CR2-22037-22037025-2-1c15f0e4,22037/22037025/2,Z037N050M0,mxw,G.Walter,1984,exclude,,dataset,R3_TWIN_SUPERSEDED,144,30000.0,30000.0,0.011,0.0726,R3,,,null,,,,,,"EXCLUDE (R3_TWIN_SUPERSEDED) Z037N050M0 mxw 22037/22037025/2, dataset scope, 1 cell(s) 3e+04-3e+04 eV; rules R3; twin of 22037/22037035/3 (x:SPSDD)"
CR2-22145-22145002-b36304ef,22145/22145002/,Z036N048M0,spa,F.Kaeppeler,1987,exclude,,dataset,R3_TWIN_SUPERSEDED,143,25000.0,25000.0,0.0193,0.0281,R3,,,null,,,,,,"EXCLUDE (R3_TWIN_SUPERSEDED) Z036N048M0 spa 22145/22145002/, dataset scope, 2 cell(s) 2.5e+04-5.2e+04 eV; rules R3; twin of 22145/22145008/2 (x:SPSDD)"
CR2-22145-22145002-b36304ef,22145/22145002/,Z036N048M0,spa,F.Kaeppeler,1987,exclude,,dataset,R3_TWIN_SUPERSEDED,147,52000.0,52000.0,0.0107,0.0387,R3,,,null,,,,,,"EXCLUDE (R3_TWIN_SUPERSEDED) Z036N048M0 spa 22145/22145002/, dataset scope, 2 cell(s) 2.5e+04-5.2e+04 eV; rules R3; twin of 22145/22145008/2 (x:SPSDD)"
CR2-22145-22145005-b95bddba,22145/22145005/,Z036N048M0,mxw,F.Kaeppeler,1987,exclude,,dataset,R3_TWIN_SUPERSEDED,144,30000.0,30000.0,0.0167,0.0301,R3,,,null,,,,,,"EXCLUDE (R3_TWIN_SUPERSEDED) Z036N048M0 mxw 22145/22145005/, dataset scope, 1 cell(s) 3e+04-3e+04 eV; rules R3; twin of 22145/22145010/ (x:renorm)"
CR2-22145-22145006-9d3ccc1f,22145/22145006/,Z036N050M0,mxw,F.Kaeppeler,1987,exclude,,dataset,R3_TWIN_SUPERSEDED,144,30000.0,30000.0,0.0035,0.0357,R3,,,null,,,,,,"EXCLUDE (R3_TWIN_SUPERSEDED) Z036N050M0 mxw 22145/22145006/, dataset scope, 1 cell(s) 3e+04-3e+04 eV; rules R3; twin of 22145/22145011/ (d:exact)"
CR2-22174-22174002-f035a44f,22174/22174002/,Z055N082M0,spa,H.Harada,1990,exclude,,dataset,R3_TWIN_SUPERSEDED,84,0.0253,0.0253,0.25,0.022,R3,,,null,,,,,,"EXCLUDE (R3_TWIN_SUPERSEDED) Z055N082M0 spa 22174/22174002/, dataset scope, 1 cell(s) 0.0253-0.0253 eV; rules R3; twin of 22174/22174004/ (x:SPSDD)"
CR2-22177-22177002-1-a10bcc1a,22177/22177002/1,Z039N050M0,mxw,F.Kaeppeler,1990,exclude,,dataset,R3_TWIN_SUPERSEDED,143,25000.0,25000.0,0.0213,0.0013,R3,,,null,,,,,,"EXCLUDE (R3_TWIN_SUPERSEDED) Z039N050M0 mxw 22177/22177002/1, dataset scope, 1 cell(s) 2.5e+04-2.5e+04 eV; rules R3; twin of 22177/22177005/2 (x:SPSDD)"
CR2-22177-22177002-2-ae58887a,22177/22177002/2,Z039N050M0,mxw,F.Kaeppeler,1990,exclude,,dataset,R3_TWIN_SUPERSEDED,144,30000.0,30000.0,0.019,0.0013,R3,,,null,,,,,,"EXCLUDE (R3_TWIN_SUPERSEDED) Z039N050M0 mxw 22177/22177002/2, dataset scope, 1 cell(s) 3e+04-3e+04 eV; rules R3; twin of 22177/22177005/3 (x:SPSDD)"
CR2-22177-22177003-1-5c46cf49,22177/22177003/1,Z038N050M0,mxw,F.Kaeppeler,1990,exclude,,dataset,R3_TWIN_SUPERSEDED,143,25000.0,25000.0,0.00672,0.0115,R3,,,null,,,,,,"EXCLUDE (R3_TWIN_SUPERSEDED) Z038N050M0 mxw 22177/22177003/1, dataset scope, 1 cell(s) 2.5e+04-2.5e+04 eV; rules R3; twin of 22177/22177006/2 (x:SPSDD)"
CR2-22177-22177003-2-a16ac06a,22177/22177003/2,Z038N050M0,mxw,F.Kaeppeler,1990,exclude,,dataset,R3_TWIN_SUPERSEDED,144,30000.0,30000.0,0.00613,0.0126,R3,,,null,,,,,,"EXCLUDE (R3_TWIN_SUPERSEDED) Z038N050M0 mxw 22177/22177003/2, dataset scope, 1 cell(s) 3e+04-3e+04 eV; rules R3; twin of 22177/22177006/3 (x:SPSDD)"
CR2-22177-22177004-867833b2,22177/22177004/,Z038N048M0,mxw,F.Kaeppeler,1990,exclude,,dataset,R3_TWIN_SUPERSEDED,143,25000.0,25000.0,0.0529,0.0089,R3,,,null,,,,,,"EXCLUDE (R3_TWIN_SUPERSEDED) Z038N048M0 mxw 22177/22177004/, dataset scope, 1 cell(s) 2.5e+04-2.5e+04 eV; rules R3; twin of 22177/22177007/2 (x:SPSDD)"
CR2-22182-22182002-72610354,22182/22182002/,Z040N054M0,mxw,K.A.Toukan,1990,exclude,,dataset,R3_TWIN_SUPERSEDED,143,25000.0,25000.0,0.0286,0.0149,R3,,,null,,,,,,"EXCLUDE (R3_TWIN_SUPERSEDED) Z040N054M0 mxw 22182/22182002/, dataset scope, 1 cell(s) 2.5e+04-2.5e+04 eV; rules R3; twin of 22182/22182006/2 (x:SPSDD)"
CR2-22182-22182003-a56f8663,22182/22182003/,Z040N056M0,mxw,K.A.Toukan,1990,exclude,,dataset,R3_TWIN_SUPERSEDED,143,25000.0,25000.0,0.0116,0.0147,R3,,,null,,,,,,"EXCLUDE (R3_TWIN_SUPERSEDED) Z040N056M0 mxw 22182/22182003/, dataset scope, 1 cell(s) 2.5e+04-2.5e+04 eV; rules R3; twin of 22182/22182007/2 (x:SPSDD)"
CR2-22182-22182004-34b1d888,22182/22182004/,Z040N054M0,mxw,K.A.Toukan,1990,exclude,,dataset,R3_TWIN_SUPERSEDED,144,30000.0,30000.0,0.0264,0.0161,R3,,,null,,,,,,"EXCLUDE (R3_TWIN_SUPERSEDED) Z040N054M0 mxw 22182/22182004/, dataset scope, 1 cell(s) 3e+04-3e+04 eV; rules R3; twin of 22182/22182008/ (x:SPSDD)"
CR2-22182-22182005-de1e6064,22182/22182005/,Z040N056M0,mxw,K.A.Toukan,1990,exclude,,dataset,R3_TWIN_SUPERSEDED,144,30000.0,30000.0,0.0107,0.0198,R3,,,null,,,,,,"EXCLUDE (R3_TWIN_SUPERSEDED) Z040N056M0 mxw 22182/22182005/, dataset scope, 1 cell(s) 3e+04-3e+04 eV; rules R3; twin of 22182/22182009/ (x:SPSDD)"
CR2-22234-22234004-bf3080e5,22234/22234004/,Z029N034M0,sig,I.Celenk,1991,exclude,,dataset,L2_DATA_PLUS_RECORD,84,0.0253,0.0253,11.24,0.0414,R12+R5d,0.412777,7,"[-0.402, -0.446, -0.407, -0.408, -0.413, -0.419, -0.413]",0.038,,,,,"EXCLUDE (L2_DATA_PLUS_RECORD) Z029N034M0 sig 22234/22234004/, dataset scope, 1 cell(s) 0.0253-0.0253 eV; rules R12+R5d; d=+0.41 dex vs 7 independent series; series median +0.04 over 1 cells"
CR2-22285-22285015-dab23bd4,22285/22285015/,Z052N073M0,mxw,K.WISSHAK,1991,exclude,,dataset,R3_TWIN_SUPERSEDED,140,10000.0,12000.0,0.7801,0.0032,R3,,,null,,,,,,"EXCLUDE (R3_TWIN_SUPERSEDED) Z052N073M0 mxw 22285/22285015/, dataset scope, 8 cell(s) 1e+04-1e+05 eV; rules R3; twin of 22372/22372015/ (d:exact)"
CR2-22285-22285015-dab23bd4,22285/22285015/,Z052N073M0,mxw,K.WISSHAK,1991,exclude,,dataset,R3_TWIN_SUPERSEDED,143,20000.0,25000.0,0.5236,0.0018,R3,,,null,,,,,,"EXCLUDE (R3_TWIN_SUPERSEDED) Z052N073M0 mxw 22285/22285015/, dataset scope, 8 cell(s) 1e+04-1e+05 eV; rules R3; twin of 22372/22372015/ (d:exact)"
CR2-22285-22285015-dab23bd4,22285/22285015/,Z052N073M0,mxw,K.WISSHAK,1991,exclude,,dataset,R3_TWIN_SUPERSEDED,144,30000.0,30000.0,0.4312,0.0022,R3,,,null,,,,,,"EXCLUDE (R3_TWIN_SUPERSEDED) Z052N073M0 mxw 22285/22285015/, dataset scope, 8 cell(s) 1e+04-1e+05 eV; rules R3; twin of 22372/22372015/ (d:exact)"
CR2-22285-22285015-dab23bd4,22285/22285015/,Z052N073M0,mxw,K.WISSHAK,1991,exclude,,dataset,R3_TWIN_SUPERSEDED,146,40000.0,50000.0,0.3278,0.0015,R3,,,null,,,,,,"EXCLUDE (R3_TWIN_SUPERSEDED) Z052N073M0 mxw 22285/22285015/, dataset scope, 8 cell(s) 1e+04-1e+05 eV; rules R3; twin of 22372/22372015/ (d:exact)"
CR2-22285-22285015-dab23bd4,22285/22285015/,Z052N073M0,mxw,K.WISSHAK,1991,exclude,,dataset,R3_TWIN_SUPERSEDED,147,52000.0,60000.0,0.28035,0.0013,R3,,,null,,,,,,"EXCLUDE (R3_TWIN_SUPERSEDED) Z052N073M0 mxw 22285/22285015/, dataset scope, 8 cell(s) 1e+04-1e+05 eV; rules R3; twin of 22372/22372015/ (d:exact)"
CR2-22285-22285015-dab23bd4,22285/22285015/,Z052N073M0,mxw,K.WISSHAK,1991,exclude,,dataset,R3_TWIN_SUPERSEDED,148,70000.0,70000.0,0.2405,0.002,R3,,,null,,,,,,"EXCLUDE (R3_TWIN_SUPERSEDED) Z052N073M0 mxw 22285/22285015/, dataset scope, 8 cell(s) 1e+04-1e+05 eV; rules R3; twin of 22372/22372015/ (d:exact)"
CR2-22285-22285015-dab23bd4,22285/22285015/,Z052N073M0,mxw,K.WISSHAK,1991,exclude,,dataset,R3_TWIN_SUPERSEDED,149,80000.0,90000.0,0.2126,0.0014,R3,,,null,,,,,,"EXCLUDE (R3_TWIN_SUPERSEDED) Z052N073M0 mxw 22285/22285015/, dataset scope, 8 cell(s) 1e+04-1e+05 eV; rules R3; twin of 22372/22372015/ (d:exact)"
CR2-22285-22285015-dab23bd4,22285/22285015/,Z052N073M0,mxw,K.WISSHAK,1991,exclude,,dataset,R3_TWIN_SUPERSEDED,150,100000.0,100000.0,0.1914,0.0018,R3,,,null,,,,,,"EXCLUDE (R3_TWIN_SUPERSEDED) Z052N073M0 mxw 22285/22285015/, dataset scope, 8 cell(s) 1e+04-1e+05 eV; rules R3; twin of 22372/22372015/ (d:exact)"
CR2-22285-22285016-b3b21e2b,22285/22285016/,Z052N074M0,mxw,K.WISSHAK,1991,exclude,,dataset,R3_TWIN_SUPERSEDED,140,10000.0,12000.0,0.14505,0.005,R3,,,null,,,,,,"EXCLUDE (R3_TWIN_SUPERSEDED) Z052N074M0 mxw 22285/22285016/, dataset scope, 8 cell(s) 1e+04-1e+05 eV; rules R3; twin of 22372/22372016/ (d:exact)"
CR2-22285-22285016-b3b21e2b,22285/22285016/,Z052N074M0,mxw,K.WISSHAK,1991,exclude,,dataset,R3_TWIN_SUPERSEDED,143,20000.0,25000.0,0.09665,0.0043,R3,,,null,,,,,,"EXCLUDE (R3_TWIN_SUPERSEDED) Z052N074M0 mxw 22285/22285016/, dataset scope, 8 cell(s) 1e+04-1e+05 eV; rules R3; twin of 22372/22372016/ (d:exact)"
CR2-22285-22285016-b3b21e2b,22285/22285016/,Z052N074M0,mxw,K.WISSHAK,1991,exclude,,dataset,R3_TWIN_SUPERSEDED,144,30000.0,30000.0,0.0813,0.0058,R3,,,null,,,,,,"EXCLUDE (R3_TWIN_SUPERSEDED) Z052N074M0 mxw 22285/22285016/, dataset scope, 8 cell(s) 1e+04-1e+05 eV; rules R3; twin of 22372/22372016/ (d:exact)"
CR2-22285-22285016-b3b21e2b,22285/22285016/,Z052N074M0,mxw,K.WISSHAK,1991,exclude,,dataset,R3_TWIN_SUPERSEDED,146,40000.0,50000.0,0.06585,0.004,R3,,,null,,,,,,"EXCLUDE (R3_TWIN_SUPERSEDED) Z052N074M0 mxw 22285/22285016/, dataset scope, 8 cell(s) 1e+04-1e+05 eV; rules R3; twin of 22372/22372016/ (d:exact)"
CR2-22285-22285016-b3b21e2b,22285/22285016/,Z052N074M0,mxw,K.WISSHAK,1991,exclude,,dataset,R3_TWIN_SUPERSEDED,147,52000.0,60000.0,0.05915,0.0039,R3,,,null,,,,,,"EXCLUDE (R3_TWIN_SUPERSEDED) Z052N074M0 mxw 22285/22285016/, dataset scope, 8 cell(s) 1e+04-1e+05 eV; rules R3; twin of 22372/22372016/ (d:exact)"
CR2-22285-22285016-b3b21e2b,22285/22285016/,Z052N074M0,mxw,K.WISSHAK,1991,exclude,,dataset,R3_TWIN_SUPERSEDED,148,70000.0,70000.0,0.0539,0.0056,R3,,,null,,,,,,"EXCLUDE (R3_TWIN_SUPERSEDED) Z052N074M0 mxw 22285/22285016/, dataset scope, 8 cell(s) 1e+04-1e+05 eV; rules R3; twin of 22372/22372016/ (d:exact)"
CR2-22285-22285016-b3b21e2b,22285/22285016/,Z052N074M0,mxw,K.WISSHAK,1991,exclude,,dataset,R3_TWIN_SUPERSEDED,149,80000.0,90000.0,0.0504,0.0034,R3,,,null,,,,,,"EXCLUDE (R3_TWIN_SUPERSEDED) Z052N074M0 mxw 22285/22285016/, dataset scope, 8 cell(s) 1e+04-1e+05 eV; rules R3; twin of 22372/22372016/ (d:exact)"
CR2-22285-22285016-b3b21e2b,22285/22285016/,Z052N074M0,mxw,K.WISSHAK,1991,exclude,,dataset,R3_TWIN_SUPERSEDED,150,100000.0,100000.0,0.0477,0.0045,R3,,,null,,,,,,"EXCLUDE (R3_TWIN_SUPERSEDED) Z052N074M0 mxw 22285/22285016/, dataset scope, 8 cell(s) 1e+04-1e+05 eV; rules R3; twin of 22372/22372016/ (d:exact)"
CR2-22305-22305002-1-c7058a45,22305/22305002/1,Z060N086M0,mxw,K.A.Toukan,1995,exclude,,dataset,R3_TWIN_SUPERSEDED,143,25000.0,25000.0,0.095775,0.0104,R3,,,null,,,,,,"EXCLUDE (R3_TWIN_SUPERSEDED) Z060N086M0 mxw 22305/22305002/1, dataset scope, 1 cell(s) 2.5e+04-2.5e+04 eV; rules R3; twin of 22305/22305008/2 (x:SPSDD)"
CR2-22305-22305002-2-fe0057ca,22305/22305002/2,Z060N086M0,sig/mxw/av,K.A.Toukan,1995,exclude,,dataset,R3_TWIN_SUPERSEDED,143,25000.0,25000.0,0.0954,0.0205,R3,,,null,,,,,,"EXCLUDE (R3_TWIN_SUPERSEDED) Z060N086M0 sig/mxw/av 22305/22305002/2, dataset scope, 1 cell(s) 2.5e+04-2.5e+04 eV; rules R3; twin of 22305/22305008/3 (x:SPSDD)"
CR2-22305-22305003-1-4f2a56c4,22305/22305003/1,Z060N088M0,mxw,K.A.Toukan,1995,exclude,,dataset,R3_TWIN_SUPERSEDED,143,25000.0,25000.0,0.1672,0.0117,R3,,,null,,,,,,"EXCLUDE (R3_TWIN_SUPERSEDED) Z060N088M0 mxw 22305/22305003/1, dataset scope, 1 cell(s) 2.5e+04-2.5e+04 eV; rules R3; twin of 22305/22305009/2 (x:SPSDD)"
CR2-22305-22305003-2-bd7795eb,22305/22305003/2,Z060N088M0,sig/mxw/av,K.A.Toukan,1995,exclude,,dataset,R3_TWIN_SUPERSEDED,143,25000.0,25000.0,0.166,0.0254,R3,,,null,,,,,,"EXCLUDE (R3_TWIN_SUPERSEDED) Z060N088M0 sig/mxw/av 22305/22305003/2, dataset scope, 1 cell(s) 2.5e+04-2.5e+04 eV; rules R3; twin of 22305/22305009/3 (x:SPSDD)"
CR2-22305-22305004-1-a442126d,22305/22305004/1,Z060N090M0,mxw,K.A.Toukan,1995,exclude,,dataset,R3_TWIN_SUPERSEDED,143,25000.0,25000.0,0.172667,0.0157,R3,,,null,,,,,,"EXCLUDE (R3_TWIN_SUPERSEDED) Z060N090M0 mxw 22305/22305004/1, dataset scope, 1 cell(s) 2.5e+04-2.5e+04 eV; rules R3; twin of 22305/22305010/2 (x:SPSDD)"
CR2-22305-22305004-2-d1d7134c,22305/22305004/2,Z060N090M0,sig/mxw/av,K.A.Toukan,1995,exclude,,dataset,R3_TWIN_SUPERSEDED,143,25000.0,25000.0,0.174,0.0266,R3,,,null,,,,,,"EXCLUDE (R3_TWIN_SUPERSEDED) Z060N090M0 sig/mxw/av 22305/22305004/2, dataset scope, 1 cell(s) 2.5e+04-2.5e+04 eV; rules R3; twin of 22305/22305010/3 (x:SPSDD)"
CR2-22305-22305005-7004f904,22305/22305005/,Z060N086M0,mxw,K.A.Toukan,1995,exclude,,dataset,R3_TWIN_SUPERSEDED,144,30000.0,30000.0,0.0871,0.0195,R3,,,null,,,,,,"EXCLUDE (R3_TWIN_SUPERSEDED) Z060N086M0 mxw 22305/22305005/, dataset scope, 1 cell(s) 3e+04-3e+04 eV; rules R3; twin of 22305/22305011/ (x:SPSDD)"
CR2-22305-22305006-4fa3bbac,22305/22305006/,Z060N088M0,mxw,K.A.Toukan,1995,exclude,,dataset,R3_TWIN_SUPERSEDED,144,30000.0,30000.0,0.152,0.025,R3,,,null,,,,,,"EXCLUDE (R3_TWIN_SUPERSEDED) Z060N088M0 mxw 22305/22305006/, dataset scope, 1 cell(s) 3e+04-3e+04 eV; rules R3; twin of 22305/22305012/ (x:SPSDD)"
CR2-22305-22305007-eef7f00a,22305/22305007/,Z060N090M0,mxw,K.A.Toukan,1995,exclude,,dataset,R3_TWIN_SUPERSEDED,144,30000.0,30000.0,0.159,0.0265,R3,,,null,,,,,,"EXCLUDE (R3_TWIN_SUPERSEDED) Z060N090M0 mxw 22305/22305007/, dataset scope, 1 cell(s) 3e+04-3e+04 eV; rules R3; twin of 22305/22305013/ (x:SPSDD)"
CR2-22306-22306002-5540dfd2,22306/22306002/,Z047N060M0,mxw,H.Beer,1994,exclude,,dataset,R3_TWIN_SUPERSEDED,143,25000.0,25000.0,0.786,0.0319,R3,,,null,,,,,,"EXCLUDE (R3_TWIN_SUPERSEDED) Z047N060M0 mxw 22306/22306002/, dataset scope, 1 cell(s) 2.5e+04-2.5e+04 eV; rules R3; twin of 22306/22306004/2 (x:renorm)"
CR2-22306-22306003-0a75a84b,22306/22306003/,Z047N062M0,mxw,H.Beer,1994,exclude,,dataset,R3_TWIN_SUPERSEDED,143,25000.0,25000.0,0.887,0.0353,R3,,,null,,,,,,"EXCLUDE (R3_TWIN_SUPERSEDED) Z047N062M0 mxw 22306/22306003/, dataset scope, 1 cell(s) 2.5e+04-2.5e+04 eV; rules R3; twin of 22306/22306005/2 (x:renorm)"
CR2-22360-22360013-643bba52,22360/22360013/,Z072N102M0,sig,M.C.Moxon,1974,exclude,,dataset,R5X_INTER_DATASET_SCATTER,84,0.0254,0.0254,2337.0,0.1209,R5x,0.629086,3,"[-0.629, -0.629, -0.633]",0.092,,,,,"EXCLUDE (R5X_INTER_DATASET_SCATTER) Z072N102M0 sig 22360/22360013/, dataset scope, 1 cell(s) 0.0254-0.0254 eV; rules R5x; d=+0.63 dex vs 3 independent series; series median +0.09 over 253 cells"
CR2-22360-22360029-1-0ae51a3a,22360/22360029/1,Z072NAT,sig,M.C.Moxon,1974,exclude,,cells,R5X_INTER_DATASET_SCATTER,157,528830.0,621120.0,0.4356,0.0071,R5x,0.573798,2,"[-0.55, -0.598]",0.092,,,,,"EXCLUDE (R5X_INTER_DATASET_SCATTER) Z072NAT sig 22360/22360029/1, cells scope, 3 cell(s) 5.288e+05-9.937e+05 eV; rules R5x; d=+0.57 dex vs 2 independent series (bins +-1); series median +0.09 over 253 cells"
CR2-22360-22360029-1-0ae51a3a,22360/22360029/1,Z072NAT,sig,M.C.Moxon,1974,exclude,,cells,R5X_INTER_DATASET_SCATTER,158,676600.0,739860.0,0.50255,0.0054,R5x,0.663771,2,"[-0.668, -0.66]",0.092,,,,,"EXCLUDE (R5X_INTER_DATASET_SCATTER) Z072NAT sig 22360/22360029/1, cells scope, 3 cell(s) 5.288e+05-9.937e+05 eV; rules R5x; d=+0.57 dex vs 2 independent series (bins +-1); series median +0.09 over 253 cells"
CR2-22360-22360029-1-0ae51a3a,22360/22360029/1,Z072NAT,sig,M.C.Moxon,1974,exclude,,cells,R5X_INTER_DATASET_SCATTER,159,812420.0,993660.0,0.3967,0.0043,R5x,0.592044,2,"[-0.598, -0.586]",0.092,,,,,"EXCLUDE (R5X_INTER_DATASET_SCATTER) Z072NAT sig 22360/22360029/1, cells scope, 3 cell(s) 5.288e+05-9.937e+05 eV; rules R5x; d=+0.57 dex vs 2 independent series (bins +-1); series median +0.09 over 253 cells"
CR2-22360-22360029-1-0f4501c6,22360/22360029/1,Z072NAT,sig,M.C.Moxon,1974,downweight,0.25,cells,R5D_INTER_DATASET_SCATTER,160,1107900.0,1107900.0,0.2311,0.0,R5d,0.353081,2,"[-0.355, -0.351]",0.092,,,,,"DOWNWEIGHT (R5D_INTER_DATASET_SCATTER) Z072NAT sig 22360/22360029/1, cells scope, 1 cell(s) 1.108e+06-1.108e+06 eV; rules R5d; d=+0.35 dex vs 2 independent series; series median +0.09 over 253 cells"
CR2-22360-22360029-2-ef6cdd3a,22360/22360029/2,Z072NAT,sig,M.C.Moxon,1974,exclude,,cells,R5X_INTER_DATASET_SCATTER,157,528830.0,621120.0,0.409433,0.0049,R5x,0.546893,2,"[-0.523, -0.571]",0.092,,,,,"EXCLUDE (R5X_INTER_DATASET_SCATTER) Z072NAT sig 22360/22360029/2, cells scope, 3 cell(s) 5.288e+05-9.937e+05 eV; rules R5x; d=+0.55 dex vs 2 independent series (bins +-1); series median +0.09 over 253 cells"
CR2-22360-22360029-2-ef6cdd3a,22360/22360029/2,Z072NAT,sig,M.C.Moxon,1974,exclude,,cells,R5X_INTER_DATASET_SCATTER,158,676600.0,739860.0,0.5165,0.004,R5x,0.675662,2,"[-0.68, -0.672]",0.092,,,,,"EXCLUDE (R5X_INTER_DATASET_SCATTER) Z072NAT sig 22360/22360029/2, cells scope, 3 cell(s) 5.288e+05-9.937e+05 eV; rules R5x; d=+0.55 dex vs 2 independent series (bins +-1); series median +0.09 over 253 cells"
CR2-22360-22360029-2-ef6cdd3a,22360/22360029/2,Z072NAT,sig,M.C.Moxon,1974,exclude,,cells,R5X_INTER_DATASET_SCATTER,159,812420.0,993660.0,0.425933,0.003,R5x,0.622923,2,"[-0.629, -0.617]",0.092,,,,,"EXCLUDE (R5X_INTER_DATASET_SCATTER) Z072NAT sig 22360/22360029/2, cells scope, 3 cell(s) 5.288e+05-9.937e+05 eV; rules R5x; d=+0.55 dex vs 2 independent series (bins +-1); series median +0.09 over 253 cells"
CR2-22360-22360029-2-128b43ea,22360/22360029/2,Z072NAT,sig,M.C.Moxon,1974,downweight,0.25,cells,R5D_INTER_DATASET_SCATTER,160,1107900.0,1107900.0,0.2265,0.0,R5d,0.34435,2,"[-0.346, -0.342]",0.092,,,,,"DOWNWEIGHT (R5D_INTER_DATASET_SCATTER) Z072NAT sig 22360/22360029/2, cells scope, 1 cell(s) 1.108e+06-1.108e+06 eV; rules R5d; d=+0.34 dex vs 2 independent series; series median +0.09 over 253 cells"
CR2-22360-22360030-1-69042507,22360/22360030/1,Z072NAT,sig,M.C.Moxon,1974,exclude,,cells,R5X_INTER_DATASET_SCATTER,157,528830.0,621120.0,0.3762,0.0021,R5x,0.510129,2,"[-0.486, -0.534]",0.092,,,,,"EXCLUDE (R5X_INTER_DATASET_SCATTER) Z072NAT sig 22360/22360030/1, cells scope, 2 cell(s) 5.288e+05-7.399e+05 eV; rules R5x; d=+0.51 dex vs 2 independent series (bins +-1); series median +0.09 over 253 cells"
CR2-22360-22360030-1-69042507,22360/22360030/1,Z072NAT,sig,M.C.Moxon,1974,exclude,,cells,R5X_INTER_DATASET_SCATTER,158,676600.0,739860.0,0.3942,0.0018,R5x,0.558308,2,"[-0.562, -0.554]",0.092,,,,,"EXCLUDE (R5X_INTER_DATASET_SCATTER) Z072NAT sig 22360/22360030/1, cells scope, 2 cell(s) 5.288e+05-7.399e+05 eV; rules R5x; d=+0.51 dex vs 2 independent series (bins +-1); series median +0.09 over 253 cells"
CR2-22360-22360030-1-4bb033b6,22360/22360030/1,Z072NAT,sig,M.C.Moxon,1974,downweight,0.25,cells,R5D_INTER_DATASET_SCATTER,159,812420.0,993660.0,0.269267,0.0015,R5d,0.423764,2,"[-0.43, -0.417]",0.092,,,,,"DOWNWEIGHT (R5D_INTER_DATASET_SCATTER) Z072NAT sig 22360/22360030/1, cells scope, 1 cell(s) 8.124e+05-9.937e+05 eV; rules R5d; d=+0.42 dex vs 2 independent series; series median +0.09 over 253 cells"
CR2-22360-22360030-2-96e879ff,22360/22360030/2,Z072NAT,sig,M.C.Moxon,1974,exclude,,cells,R5X_INTER_DATASET_SCATTER,157,528830.0,621120.0,0.357,0.0014,R5x,0.487378,2,"[-0.463, -0.511]",0.092,,,,,"EXCLUDE (R5X_INTER_DATASET_SCATTER) Z072NAT sig 22360/22360030/2, cells scope, 2 cell(s) 5.288e+05-7.399e+05 eV; rules R5x; d=+0.49 dex vs 2 independent series (bins +-1); series median +0.09 over 253 cells"
CR2-22360-22360030-2-96e879ff,22360/22360030/2,Z072NAT,sig,M.C.Moxon,1974,exclude,,cells,R5X_INTER_DATASET_SCATTER,158,676600.0,739860.0,0.3911,0.0013,R5x,0.55488,2,"[-0.559, -0.551]",0.092,,,,,"EXCLUDE (R5X_INTER_DATASET_SCATTER) Z072NAT sig 22360/22360030/2, cells scope, 2 cell(s) 5.288e+05-7.399e+05 eV; rules R5x; d=+0.49 dex vs 2 independent series (bins +-1); series median +0.09 over 253 cells"
CR2-22360-22360030-2-1b6150a8,22360/22360030/2,Z072NAT,sig,M.C.Moxon,1974,downweight,0.25,cells,R5D_INTER_DATASET_SCATTER,159,812420.0,993660.0,0.275767,0.001,R5d,0.434123,2,"[-0.441, -0.428]",0.092,,,,,"DOWNWEIGHT (R5D_INTER_DATASET_SCATTER) Z072NAT sig 22360/22360030/2, cells scope, 1 cell(s) 8.124e+05-9.937e+05 eV; rules R5d; d=+0.43 dex vs 2 independent series; series median +0.09 over 253 cells"
CR2-22360-22360031-1-562f62c3,22360/22360031/1,Z072N104M0,sig,M.C.Moxon,1974,exclude,,cells,R10X_ISOTOPIC_SYSTEMATIC,141,12719.0,15767.0,5.355944,0.0354,R10x,0.978328,1,[-0.978],0.092,1.218,,,,"EXCLUDE (R10X_ISOTOPIC_SYSTEMATIC) Z072N104M0 sig 22360/22360031/1, cells scope, 17 cell(s) 1.272e+04-6.211e+05 eV; rules R10x; d=+0.98 dex vs 1 independent series (bins +-1); series median +0.09 over 254 cells; isotopic d=+1.22 dex vs 2 neighbours"
CR2-22360-22360031-1-562f62c3,22360/22360031/1,Z072N104M0,sig,M.C.Moxon,1974,exclude,,cells,R10X_ISOTOPIC_SYSTEMATIC,142,15980.0,19761.0,5.237312,0.0128,R10x,0.99524,1,[-0.995],0.092,1.192,,,,"EXCLUDE (R10X_ISOTOPIC_SYSTEMATIC) Z072N104M0 sig 22360/22360031/1, cells scope, 17 cell(s) 1.272e+04-6.211e+05 eV; rules R10x; d=+0.98 dex vs 1 independent series (bins +-1); series median +0.09 over 254 cells; isotopic d=+1.22 dex vs 2 neighbours"
CR2-22360-22360031-1-562f62c3,22360/22360031/1,Z072N104M0,sig,M.C.Moxon,1974,exclude,,cells,R10X_ISOTOPIC_SYSTEMATIC,143,20060.0,25063.0,4.521667,0.0116,R10x,0.943543,1,[-0.944],0.092,1.175,,,,"EXCLUDE (R10X_ISOTOPIC_SYSTEMATIC) Z072N104M0 sig 22360/22360031/1, cells scope, 17 cell(s) 1.272e+04-6.211e+05 eV; rules R10x; d=+0.98 dex vs 1 independent series (bins +-1); series median +0.09 over 254 cells; isotopic d=+1.22 dex vs 2 neighbours"
CR2-22360-22360031-1-562f62c3,22360/22360031/1,Z072N104M0,sig,M.C.Moxon,1974,exclude,,cells,R10X_ISOTOPIC_SYSTEMATIC,144,25490.0,31595.0,4.253154,0.0101,R10x,0.956644,1,[-0.957],0.092,1.183,,,,"EXCLUDE (R10X_ISOTOPIC_SYSTEMATIC) Z072N104M0 sig 22360/22360031/1, cells scope, 17 cell(s) 1.272e+04-6.211e+05 eV; rules R10x; d=+0.98 dex vs 1 independent series (bins +-1); series median +0.09 over 254 cells; isotopic d=+1.22 dex vs 2 neighbours"
CR2-22360-22360031-1-562f62c3,22360/22360031/1,Z072N104M0,sig,M.C.Moxon,1974,exclude,,cells,R10X_ISOTOPIC_SYSTEMATIC,145,32200.0,39345.0,8.683,0.1846,R10x,1.308443,1,[-1.308],0.092,1.594,,,,"EXCLUDE (R10X_ISOTOPIC_SYSTEMATIC) Z072N104M0 sig 22360/22360031/1, cells scope, 17 cell(s) 1.272e+04-6.211e+05 eV; rules R10x; d=+0.98 dex vs 1 independent series (bins +-1); series median +0.09 over 254 cells; isotopic d=+1.22 dex vs 2 neighbours"
CR2-22360-22360031-1-562f62c3,22360/22360031/1,Z072N104M0,sig,M.C.Moxon,1974,exclude,,cells,R10X_ISOTOPIC_SYSTEMATIC,146,40188.0,49162.0,5.2552,0.0254,R10x,1.145535,1,[-1.146],0.092,1.379,,,,"EXCLUDE (R10X_ISOTOPIC_SYSTEMATIC) Z072N104M0 sig 22360/22360031/1, cells scope, 17 cell(s) 1.272e+04-6.211e+05 eV; rules R10x; d=+0.98 dex vs 1 independent series (bins +-1); series median +0.09 over 254 cells; isotopic d=+1.22 dex vs 2 neighbours"
CR2-22360-22360031-1-562f62c3,22360/22360031/1,Z072N104M0,sig,M.C.Moxon,1974,exclude,,cells,R10X_ISOTOPIC_SYSTEMATIC,147,50342.0,61516.0,3.741889,0.0094,R10x,1.031252,1,[-1.031],0.092,1.286,,,,"EXCLUDE (R10X_ISOTOPIC_SYSTEMATIC) Z072N104M0 sig 22360/22360031/1, cells scope, 17 cell(s) 1.272e+04-6.211e+05 eV; rules R10x; d=+0.98 dex vs 1 independent series (bins +-1); series median +0.09 over 254 cells; isotopic d=+1.22 dex vs 2 neighbours"
CR2-22360-22360031-1-562f62c3,22360/22360031/1,Z072N104M0,sig,M.C.Moxon,1974,exclude,,cells,R10X_ISOTOPIC_SYSTEMATIC,148,63170.0,79186.0,3.259444,0.0073,R10x,1.012203,1,[-1.012],0.092,1.246,,,,"EXCLUDE (R10X_ISOTOPIC_SYSTEMATIC) Z072N104M0 sig 22360/22360031/1, cells scope, 17 cell(s) 1.272e+04-6.211e+05 eV; rules R10x; d=+0.98 dex vs 1 independent series (bins +-1); series median +0.09 over 254 cells; isotopic d=+1.22 dex vs 2 neighbours"
CR2-22360-22360031-1-562f62c3,22360/22360031/1,Z072N104M0,sig,M.C.Moxon,1974,exclude,,cells,R10X_ISOTOPIC_SYSTEMATIC,149,81609.0,98782.0,7.169286,0.0414,R10x,1.410716,1,[-1.411],0.092,1.661,,,,"EXCLUDE (R10X_ISOTOPIC_SYSTEMATIC) Z072N104M0 sig 22360/22360031/1, cells scope, 17 cell(s) 1.272e+04-6.211e+05 eV; rules R10x; d=+0.98 dex vs 1 independent series (bins +-1); series median +0.09 over 254 cells; isotopic d=+1.22 dex vs 2 neighbours"
CR2-22360-22360031-1-562f62c3,22360/22360031/1,Z072N104M0,sig,M.C.Moxon,1974,exclude,,cells,R10X_ISOTOPIC_SYSTEMATIC,150,102170.0,122010.0,3.994167,0.0181,R10x,1.235777,1,[-1.236],0.092,1.48,,,,"EXCLUDE (R10X_ISOTOPIC_SYSTEMATIC) Z072N104M0 sig 22360/22360031/1, cells scope, 17 cell(s) 1.272e+04-6.211e+05 eV; rules R10x; d=+0.98 dex vs 1 independent series (bins +-1); series median +0.09 over 254 cells; isotopic d=+1.22 dex vs 2 neighbours"
CR2-22360-22360031-1-562f62c3,22360/22360031/1,Z072N104M0,sig,M.C.Moxon,1974,exclude,,cells,R10X_ISOTOPIC_SYSTEMATIC,151,126670.0,154500.0,2.590333,0.0077,R10x,1.111485,1,[-1.111],0.092,1.423,,,,"EXCLUDE (R10X_ISOTOPIC_SYSTEMATIC) Z072N104M0 sig 22360/22360031/1, cells scope, 17 cell(s) 1.272e+04-6.211e+05 eV; rules R10x; d=+0.98 dex vs 1 independent series (bins +-1); series median +0.09 over 254 cells; isotopic d=+1.22 dex vs 2 neighbours"
CR2-22360-22360031-1-562f62c3,22360/22360031/1,Z072N104M0,sig,M.C.Moxon,1974,exclude,,cells,R10X_ISOTOPIC_SYSTEMATIC,152,161160.0,192630.0,4.341,0.0171,R10x,1.374193,1,[-1.374],0.092,1.722,,,,"EXCLUDE (R10X_ISOTOPIC_SYSTEMATIC) Z072N104M0 sig 22360/22360031/1, cells scope, 17 cell(s) 1.272e+04-6.211e+05 eV; rules R10x; d=+0.98 dex vs 1 independent series (bins +-1); series median +0.09 over 254 cells; isotopic d=+1.22 dex vs 2 neighbours"
CR2-22360-22360031-1-562f62c3,22360/22360031/1,Z072N104M0,sig,M.C.Moxon,1974,exclude,,cells,R10X_ISOTOPIC_SYSTEMATIC,153,201940.0,246850.0,2.4046,0.0078,R10x,1.141707,1,[-1.142],0.092,1.513,,,,"EXCLUDE (R10X_ISOTOPIC_SYSTEMATIC) Z072N104M0 sig 22360/22360031/1, cells scope, 17 cell(s) 1.272e+04-6.211e+05 eV; rules R10x; d=+0.98 dex vs 1 independent series (bins +-1); series median +0.09 over 254 cells; isotopic d=+1.22 dex vs 2 neighbours"
CR2-22360-22360031-1-562f62c3,22360/22360031/1,Z072N104M0,sig,M.C.Moxon,1974,exclude,,cells,R10X_ISOTOPIC_SYSTEMATIC,154,260410.0,308570.0,2.1815,0.006,R10x,1.109564,1,[-1.11],0.092,1.502,,,,"EXCLUDE (R10X_ISOTOPIC_SYSTEMATIC) Z072N104M0 sig 22360/22360031/1, cells scope, 17 cell(s) 1.272e+04-6.211e+05 eV; rules R10x; d=+0.98 dex vs 1 independent series (bins +-1); series median +0.09 over 254 cells; isotopic d=+1.22 dex vs 2 neighbours"
CR2-22360-22360031-1-562f62c3,22360/22360031/1,Z072N104M0,sig,M.C.Moxon,1974,exclude,,cells,R10X_ISOTOPIC_SYSTEMATIC,155,327630.0,396720.0,2.5535,0.0048,R10x,1.206871,1,[-1.207],0.092,1.609,,,,"EXCLUDE (R10X_ISOTOPIC_SYSTEMATIC) Z072N104M0 sig 22360/22360031/1, cells scope, 17 cell(s) 1.272e+04-6.211e+05 eV; rules R10x; d=+0.98 dex vs 1 independent series (bins +-1); series median +0.09 over 254 cells; isotopic d=+1.22 dex vs 2 neighbours"
CR2-22360-22360031-1-562f62c3,22360/22360031/1,Z072N104M0,sig,M.C.Moxon,1974,exclude,,cells,R10X_ISOTOPIC_SYSTEMATIC,156,424670.0,490210.0,2.753667,0.0037,R10x,1.250656,1,[-1.251],0.092,1.655,,,,"EXCLUDE (R10X_ISOTOPIC_SYSTEMATIC) Z072N104M0 sig 22360/22360031/1, cells scope, 17 cell(s) 1.272e+04-6.211e+05 eV; rules R10x; d=+0.98 dex vs 1 independent series (bins +-1); series median +0.09 over 254 cells; isotopic d=+1.22 dex vs 2 neighbours"
CR2-22360-22360031-1-562f62c3,22360/22360031/1,Z072N104M0,sig,M.C.Moxon,1974,exclude,,cells,R10X_ISOTOPIC_SYSTEMATIC,157,528830.0,621120.0,3.050333,0.0027,R10x,1.33308,1,[-1.333],0.092,1.704,,,,"EXCLUDE (R10X_ISOTOPIC_SYSTEMATIC) Z072N104M0 sig 22360/22360031/1, cells scope, 17 cell(s) 1.272e+04-6.211e+05 eV; rules R10x; d=+0.98 dex vs 1 independent series (bins +-1); series median +0.09 over 254 cells; isotopic d=+1.22 dex vs 2 neighbours"
CR2-22360-22360031-2-f4c169e3,22360/22360031/2,Z072N104M0,sig,M.C.Moxon,1974,exclude,,cells,R10X_ISOTOPIC_SYSTEMATIC,141,12719.0,15767.0,7.021556,0.0072,R10x,1.095925,1,[-1.096],0.092,1.336,,,,"EXCLUDE (R10X_ISOTOPIC_SYSTEMATIC) Z072N104M0 sig 22360/22360031/2, cells scope, 17 cell(s) 1.272e+04-6.211e+05 eV; rules R10x; d=+1.10 dex vs 1 independent series (bins +-1); series median +0.09 over 254 cells; isotopic d=+1.34 dex vs 2 neighbours"
CR2-22360-22360031-2-f4c169e3,22360/22360031/2,Z072N104M0,sig,M.C.Moxon,1974,exclude,,cells,R10X_ISOTOPIC_SYSTEMATIC,142,15980.0,19761.0,6.598062,0.0069,R10x,1.095548,1,[-1.096],0.092,1.292,,,,"EXCLUDE (R10X_ISOTOPIC_SYSTEMATIC) Z072N104M0 sig 22360/22360031/2, cells scope, 17 cell(s) 1.272e+04-6.211e+05 eV; rules R10x; d=+1.10 dex vs 1 independent series (bins +-1); series median +0.09 over 254 cells; isotopic d=+1.34 dex vs 2 neighbours"
CR2-22360-22360031-2-f4c169e3,22360/22360031/2,Z072N104M0,sig,M.C.Moxon,1974,exclude,,cells,R10X_ISOTOPIC_SYSTEMATIC,143,20060.0,25063.0,5.8242,0.0067,R10x,1.053481,1,[-1.053],0.092,1.285,,,,"EXCLUDE (R10X_ISOTOPIC_SYSTEMATIC) Z072N104M0 sig 22360/22360031/2, cells scope, 17 cell(s) 1.272e+04-6.211e+05 eV; rules R10x; d=+1.10 dex vs 1 independent series (bins +-1); series median +0.09 over 254 cells; isotopic d=+1.34 dex vs 2 neighbours"
CR2-22360-22360031-2-f4c169e3,22360/22360031/2,Z072N104M0,sig,M.C.Moxon,1974,exclude,,cells,R10X_ISOTOPIC_SYSTEMATIC,144,25490.0,31595.0,5.806769,0.0066,R10x,1.091867,1,[-1.092],0.092,1.318,,,,"EXCLUDE (R10X_ISOTOPIC_SYSTEMATIC) Z072N104M0 sig 22360/22360031/2, cells scope, 17 cell(s) 1.272e+04-6.211e+05 eV; rules R10x; d=+1.10 dex vs 1 independent series (bins +-1); series median +0.09 over 254 cells; isotopic d=+1.34 dex vs 2 neighbours"
CR2-22360-22360031-2-f4c169e3,22360/22360031/2,Z072N104M0,sig,M.C.Moxon,1974,exclude,,cells,R10X_ISOTOPIC_SYSTEMATIC,145,32200.0,39345.0,6.773364,0.0065,R10x,1.200577,1,[-1.201],0.092,1.486,,,,"EXCLUDE (R10X_ISOTOPIC_SYSTEMATIC) Z072N104M0 sig 22360/22360031/2, cells scope, 17 cell(s) 1.272e+04-6.211e+05 eV; rules R10x; d=+1.10 dex vs 1 independent series (bins +-1); series median +0.09 over 254 cells; isotopic d=+1.34 dex vs 2 neighbours"
CR2-22360-22360031-2-f4c169e3,22360/22360031/2,Z072N104M0,sig,M.C.Moxon,1974,exclude,,cells,R10X_ISOTOPIC_SYSTEMATIC,146,40188.0,49162.0,5.0861,0.0064,R10x,1.131331,1,[-1.131],0.092,1.365,,,,"EXCLUDE (R10X_ISOTOPIC_SYSTEMATIC) Z072N104M0 sig 22360/22360031/2, cells scope, 17 cell(s) 1.272e+04-6.211e+05 eV; rules R10x; d=+1.10 dex vs 1 independent series (bins +-1); series median +0.09 over 254 cells; isotopic d=+1.34 dex vs 2 neighbours"
CR2-22360-22360031-2-f4c169e3,22360/22360031/2,Z072N104M0,sig,M.C.Moxon,1974,exclude,,cells,R10X_ISOTOPIC_SYSTEMATIC,147,50342.0,61516.0,4.500667,0.006,R10x,1.111438,1,[-1.111],0.092,1.367,,,,"EXCLUDE (R10X_ISOTOPIC_SYSTEMATIC) Z072N104M0 sig 22360/22360031/2, cells scope, 17 cell(s) 1.272e+04-6.211e+05 eV; rules R10x; d=+1.10 dex vs 1 independent series (bins +-1); series median +0.09 over 254 cells; isotopic d=+1.34 dex vs 2 neighbours"
CR2-22360-22360031-2-f4c169e3,22360/22360031/2,Z072N104M0,sig,M.C.Moxon,1974,exclude,,cells,R10X_ISOTOPIC_SYSTEMATIC,148,63170.0,79186.0,4.095444,0.0053,R10x,1.11136,1,[-1.111],0.092,1.346,,,,"EXCLUDE (R10X_ISOTOPIC_SYSTEMATIC) Z072N104M0 sig 22360/22360031/2, cells scope, 17 cell(s) 1.272e+04-6.211e+05 eV; rules R10x; d=+1.10 dex vs 1 independent series (bins +-1); series median +0.09 over 254 cells; isotopic d=+1.34 dex vs 2 neighbours"
CR2-22360-22360031-2-f4c169e3,22360/22360031/2,Z072N104M0,sig,M.C.Moxon,1974,exclude,,cells,R10X_ISOTOPIC_SYSTEMATIC,149,81609.0,98782.0,4.421857,0.0054,R10x,1.200844,1,[-1.201],0.092,1.451,,,,"EXCLUDE (R10X_ISOTOPIC_SYSTEMATIC) Z072N104M0 sig 22360/22360031/2, cells scope, 17 cell(s) 1.272e+04-6.211e+05 eV; rules R10x; d=+1.10 dex vs 1 independent series (bins +-1); series median +0.09 over 254 cells; isotopic d=+1.34 dex vs 2 neighbours"
CR2-22360-22360031-2-f4c169e3,22360/22360031/2,Z072N104M0,sig,M.C.Moxon,1974,exclude,,cells,R10X_ISOTOPIC_SYSTEMATIC,150,102170.0,122010.0,3.6775,0.0053,R10x,1.199903,1,[-1.2],0.092,1.444,,,,"EXCLUDE (R10X_ISOTOPIC_SYSTEMATIC) Z072N104M0 sig 22360/22360031/2, cells scope, 17 cell(s) 1.272e+04-6.211e+05 eV; rules R10x; d=+1.10 dex vs 1 independent series (bins +-1); series median +0.09 over 254 cells; isotopic d=+1.34 dex vs 2 neighbours"
CR2-22360-22360031-2-f4c169e3,22360/22360031/2,Z072N104M0,sig,M.C.Moxon,1974,exclude,,cells,R10X_ISOTOPIC_SYSTEMATIC,151,126670.0,154500.0,2.9365,0.0047,R10x,1.165959,1,[-1.166],0.092,1.477,,,,"EXCLUDE (R10X_ISOTOPIC_SYSTEMATIC) Z072N104M0 sig 22360/22360031/2, cells scope, 17 cell(s) 1.272e+04-6.211e+05 eV; rules R10x; d=+1.10 dex vs 1 independent series (bins +-1); series median +0.09 over 254 cells; isotopic d=+1.34 dex vs 2 neighbours"
CR2-22360-22360031-2-f4c169e3,22360/22360031/2,Z072N104M0,sig,M.C.Moxon,1974,exclude,,cells,R10X_ISOTOPIC_SYSTEMATIC,152,161160.0,192630.0,2.742,0.005,R10x,1.17467,1,[-1.175],0.092,1.522,,,,"EXCLUDE (R10X_ISOTOPIC_SYSTEMATIC) Z072N104M0 sig 22360/22360031/2, cells scope, 17 cell(s) 1.272e+04-6.211e+05 eV; rules R10x; d=+1.10 dex vs 1 independent series (bins +-1); series median +0.09 over 254 cells; isotopic d=+1.34 dex vs 2 neighbours"
CR2-22360-22360031-2-f4c169e3,22360/22360031/2,Z072N104M0,sig,M.C.Moxon,1974,exclude,,cells,R10X_ISOTOPIC_SYSTEMATIC,153,201940.0,246850.0,2.3292,0.0043,R10x,1.127871,1,[-1.128],0.092,1.499,,,,"EXCLUDE (R10X_ISOTOPIC_SYSTEMATIC) Z072N104M0 sig 22360/22360031/2, cells scope, 17 cell(s) 1.272e+04-6.211e+05 eV; rules R10x; d=+1.10 dex vs 1 independent series (bins +-1); series median +0.09 over 254 cells; isotopic d=+1.34 dex vs 2 neighbours"
CR2-22360-22360031-2-f4c169e3,22360/22360031/2,Z072N104M0,sig,M.C.Moxon,1974,exclude,,cells,R10X_ISOTOPIC_SYSTEMATIC,154,260410.0,308570.0,2.26025,0.004,R10x,1.124966,1,[-1.125],0.092,1.518,,,,"EXCLUDE (R10X_ISOTOPIC_SYSTEMATIC) Z072N104M0 sig 22360/22360031/2, cells scope, 17 cell(s) 1.272e+04-6.211e+05 eV; rules R10x; d=+1.10 dex vs 1 independent series (bins +-1); series median +0.09 over 254 cells; isotopic d=+1.34 dex vs 2 neighbours"
CR2-22360-22360031-2-f4c169e3,22360/22360031/2,Z072N104M0,sig,M.C.Moxon,1974,exclude,,cells,R10X_ISOTOPIC_SYSTEMATIC,155,327630.0,396720.0,2.52475,0.0032,R10x,1.201954,1,[-1.202],0.092,1.604,,,,"EXCLUDE (R10X_ISOTOPIC_SYSTEMATIC) Z072N104M0 sig 22360/22360031/2, cells scope, 17 cell(s) 1.272e+04-6.211e+05 eV; rules R10x; d=+1.10 dex vs 1 independent series (bins +-1); series median +0.09 over 254 cells; isotopic d=+1.34 dex vs 2 neighbours"
CR2-22360-22360031-2-f4c169e3,22360/22360031/2,Z072N104M0,sig,M.C.Moxon,1974,exclude,,cells,R10X_ISOTOPIC_SYSTEMATIC,156,424670.0,490210.0,2.939333,0.0027,R10x,1.278993,1,[-1.279],0.092,1.683,,,,"EXCLUDE (R10X_ISOTOPIC_SYSTEMATIC) Z072N104M0 sig 22360/22360031/2, cells scope, 17 cell(s) 1.272e+04-6.211e+05 eV; rules R10x; d=+1.10 dex vs 1 independent series (bins +-1); series median +0.09 over 254 cells; isotopic d=+1.34 dex vs 2 neighbours"
CR2-22360-22360031-2-f4c169e3,22360/22360031/2,Z072N104M0,sig,M.C.Moxon,1974,exclude,,cells,R10X_ISOTOPIC_SYSTEMATIC,157,528830.0,621120.0,2.973,0.0019,R10x,1.321927,1,[-1.322],0.092,1.693,,,,"EXCLUDE (R10X_ISOTOPIC_SYSTEMATIC) Z072N104M0 sig 22360/22360031/2, cells scope, 17 cell(s) 1.272e+04-6.211e+05 eV; rules R10x; d=+1.10 dex vs 1 independent series (bins +-1); series median +0.09 over 254 cells; isotopic d=+1.34 dex vs 2 neighbours"
CR2-22360-22360033-1-508ba4dd,22360/22360033/1,Z072N108M0,sig,M.C.Moxon,1974,downweight,0.25,cells,R5D_INTER_DATASET_SCATTER,149,81609.0,98782.0,0.376814,0.0516,R5d,0.474154,2,"[-0.409, -0.539]",0.092,,,,,"DOWNWEIGHT (R5D_INTER_DATASET_SCATTER) Z072N108M0 sig 22360/22360033/1, cells scope, 2 cell(s) 8.161e+04-1.22e+05 eV; rules R5d; d=+0.47 dex vs 2 independent series; series median +0.09 over 253 cells"
CR2-22360-22360033-1-508ba4dd,22360/22360033/1,Z072N108M0,sig,M.C.Moxon,1974,downweight,0.25,cells,R5D_INTER_DATASET_SCATTER,150,102170.0,122010.0,0.238933,0.0274,R5d,0.437413,2,"[-0.329, -0.546]",0.092,,,,,"DOWNWEIGHT (R5D_INTER_DATASET_SCATTER) Z072N108M0 sig 22360/22360033/1, cells scope, 2 cell(s) 8.161e+04-1.22e+05 eV; rules R5d; d=+0.47 dex vs 2 independent series; series median +0.09 over 253 cells"
CR2-22360-22360033-1-1b230c7d,22360/22360033/1,Z072N108M0,sig,M.C.Moxon,1974,exclude,,cells,R5X_INTER_DATASET_SCATTER,154,260410.0,308570.0,0.16365,0.0063,R5x,0.519555,2,"[-0.474, -0.566]",0.092,,,,,"EXCLUDE (R5X_INTER_DATASET_SCATTER) Z072N108M0 sig 22360/22360033/1, cells scope, 6 cell(s) 2.604e+05-9.937e+05 eV; rules R5x; d=+0.52 dex vs 2 independent series; series median +0.09 over 253 cells"
CR2-22360-22360033-1-1b230c7d,22360/22360033/1,Z072N108M0,sig,M.C.Moxon,1974,exclude,,cells,R5X_INTER_DATASET_SCATTER,155,327630.0,396720.0,0.2354,0.0041,R5x,0.752201,4,"[-0.711, -0.756, -0.749, -0.813]",0.092,,,,,"EXCLUDE (R5X_INTER_DATASET_SCATTER) Z072N108M0 sig 22360/22360033/1, cells scope, 6 cell(s) 2.604e+05-9.937e+05 eV; rules R5x; d=+0.52 dex vs 2 independent series; series median +0.09 over 253 cells"
CR2-22360-22360033-1-1b230c7d,22360/22360033/1,Z072N108M0,sig,M.C.Moxon,1974,exclude,,cells,R5X_INTER_DATASET_SCATTER,156,424670.0,490210.0,0.2945,0.0029,R5x,0.881242,4,"[-0.846, -0.888, -0.91, -0.874]",0.092,,,,,"EXCLUDE (R5X_INTER_DATASET_SCATTER) Z072N108M0 sig 22360/22360033/1, cells scope, 6 cell(s) 2.604e+05-9.937e+05 eV; rules R5x; d=+0.52 dex vs 2 independent series; series median +0.09 over 253 cells"
CR2-22360-22360033-1-1b230c7d,22360/22360033/1,Z072N108M0,sig,M.C.Moxon,1974,exclude,,cells,R5X_INTER_DATASET_SCATTER,157,528830.0,621120.0,0.3469,0.0019,R5x,0.945444,5,"[-0.936, -0.927, -0.981, -0.945, -0.97]",0.092,,,,,"EXCLUDE (R5X_INTER_DATASET_SCATTER) Z072N108M0 sig 22360/22360033/1, cells scope, 6 cell(s) 2.604e+05-9.937e+05 eV; rules R5x; d=+0.52 dex vs 2 independent series; series median +0.09 over 253 cells"
CR2-22360-22360033-1-1b230c7d,22360/22360033/1,Z072N108M0,sig,M.C.Moxon,1974,exclude,,cells,R5X_INTER_DATASET_SCATTER,158,676600.0,739860.0,0.38865,0.0015,R5x,0.973626,2,"[-1.004, -0.943]",0.092,,,,,"EXCLUDE (R5X_INTER_DATASET_SCATTER) Z072N108M0 sig 22360/22360033/1, cells scope, 6 cell(s) 2.604e+05-9.937e+05 eV; rules R5x; d=+0.52 dex vs 2 independent series; series median +0.09 over 253 cells"
CR2-22360-22360033-1-1b230c7d,22360/22360033/1,Z072N108M0,sig,M.C.Moxon,1974,exclude,,cells,R5X_INTER_DATASET_SCATTER,159,812420.0,993660.0,0.272933,0.0016,R5x,0.768137,2,"[-0.769, -0.768]",0.092,,,,,"EXCLUDE (R5X_INTER_DATASET_SCATTER) Z072N108M0 sig 22360/22360033/1, cells scope, 6 cell(s) 2.604e+05-9.937e+05 eV; rules R5x; d=+0.52 dex vs 2 independent series; series median +0.09 over 253 cells"
CR2-22360-22360033-2-46bf9ba3,22360/22360033/2,Z072N108M0,sig,M.C.Moxon,1974,exclude,,cells,R5X_INTER_DATASET_SCATTER,154,260410.0,308570.0,0.16525,0.0044,R5x,0.52378,2,"[-0.478, -0.57]",0.092,,,,,"EXCLUDE (R5X_INTER_DATASET_SCATTER) Z072N108M0 sig 22360/22360033/2, cells scope, 6 cell(s) 2.604e+05-9.937e+05 eV; rules R5x; d=+0.52 dex vs 2 independent series; series median +0.09 over 253 cells"
CR2-22360-22360033-2-46bf9ba3,22360/22360033/2,Z072N108M0,sig,M.C.Moxon,1974,exclude,,cells,R5X_INTER_DATASET_SCATTER,155,327630.0,396720.0,0.2343,0.0029,R5x,0.750167,4,"[-0.709, -0.754, -0.747, -0.811]",0.092,,,,,"EXCLUDE (R5X_INTER_DATASET_SCATTER) Z072N108M0 sig 22360/22360033/2, cells scope, 6 cell(s) 2.604e+05-9.937e+05 eV; rules R5x; d=+0.52 dex vs 2 independent series; series median +0.09 over 253 cells"
CR2-22360-22360033-2-46bf9ba3,22360/22360033/2,Z072N108M0,sig,M.C.Moxon,1974,exclude,,cells,R5X_INTER_DATASET_SCATTER,156,424670.0,490210.0,0.316567,0.0021,R5x,0.912622,4,"[-0.877, -0.92, -0.942, -0.906]",0.092,,,,,"EXCLUDE (R5X_INTER_DATASET_SCATTER) Z072N108M0 sig 22360/22360033/2, cells scope, 6 cell(s) 2.604e+05-9.937e+05 eV; rules R5x; d=+0.52 dex vs 2 independent series; series median +0.09 over 253 cells"
CR2-22360-22360033-2-46bf9ba3,22360/22360033/2,Z072N108M0,sig,M.C.Moxon,1974,exclude,,cells,R5X_INTER_DATASET_SCATTER,157,528830.0,621120.0,0.3453,0.0013,R5x,0.943436,5,"[-0.934, -0.925, -0.979, -0.943, -0.968]",0.092,,,,,"EXCLUDE (R5X_INTER_DATASET_SCATTER) Z072N108M0 sig 22360/22360033/2, cells scope, 6 cell(s) 2.604e+05-9.937e+05 eV; rules R5x; d=+0.52 dex vs 2 independent series; series median +0.09 over 253 cells"
CR2-22360-22360033-2-46bf9ba3,22360/22360033/2,Z072N108M0,sig,M.C.Moxon,1974,exclude,,cells,R5X_INTER_DATASET_SCATTER,158,676600.0,739860.0,0.4051,0.0011,R5x,0.99163,2,"[-1.022, -0.961]",0.092,,,,,"EXCLUDE (R5X_INTER_DATASET_SCATTER) Z072N108M0 sig 22360/22360033/2, cells scope, 6 cell(s) 2.604e+05-9.937e+05 eV; rules R5x; d=+0.52 dex vs 2 independent series; series median +0.09 over 253 cells"
CR2-22360-22360033-2-46bf9ba3,22360/22360033/2,Z072N108M0,sig,M.C.Moxon,1974,exclude,,cells,R5X_INTER_DATASET_SCATTER,159,812420.0,993660.0,0.29517,0.0011,R5x,0.802153,2,"[-0.803, -0.802]",0.092,,,,,"EXCLUDE (R5X_INTER_DATASET_SCATTER) Z072N108M0 sig 22360/22360033/2, cells scope, 6 cell(s) 2.604e+05-9.937e+05 eV; rules R5x; d=+0.52 dex vs 2 independent series; series median +0.09 over 253 cells"
CR2-22375-22375002-472aea46,22375/22375002/,Z062N085M0,av,K.Guber,1993,exclude,,dataset,R3_TWIN_SUPERSEDED,136,4000.0,4000.0,3.3473,0.0358,R3,,,null,,,,,,"EXCLUDE (R3_TWIN_SUPERSEDED) Z062N085M0 av 22375/22375002/, dataset scope, 17 cell(s) 4000-2.125e+05 eV; rules R3; twin of 22374/22374007/ (x:SPSDD)"
CR2-22375-22375002-472aea46,22375/22375002/,Z062N085M0,av,K.Guber,1993,exclude,,dataset,R3_TWIN_SUPERSEDED,137,6250.0,6250.0,2.4617,0.0191,R3,,,null,,,,,,"EXCLUDE (R3_TWIN_SUPERSEDED) Z062N085M0 av 22375/22375002/, dataset scope, 17 cell(s) 4000-2.125e+05 eV; rules R3; twin of 22374/22374007/ (x:SPSDD)"
CR2-22375-22375002-472aea46,22375/22375002/,Z062N085M0,av,K.Guber,1993,exclude,,dataset,R3_TWIN_SUPERSEDED,139,8750.0,8750.0,2.2026,0.0133,R3,,,null,,,,,,"EXCLUDE (R3_TWIN_SUPERSEDED) Z062N085M0 av 22375/22375002/, dataset scope, 17 cell(s) 4000-2.125e+05 eV; rules R3; twin of 22374/22374007/ (x:SPSDD)"
CR2-22375-22375002-472aea46,22375/22375002/,Z062N085M0,av,K.Guber,1993,exclude,,dataset,R3_TWIN_SUPERSEDED,140,11250.0,11250.0,1.6864,0.0103,R3,,,null,,,,,,"EXCLUDE (R3_TWIN_SUPERSEDED) Z062N085M0 av 22375/22375002/, dataset scope, 17 cell(s) 4000-2.125e+05 eV; rules R3; twin of 22374/22374007/ (x:SPSDD)"
CR2-22375-22375002-472aea46,22375/22375002/,Z062N085M0,av,K.Guber,1993,exclude,,dataset,R3_TWIN_SUPERSEDED,141,13750.0,13750.0,1.6229,0.009,R3,,,null,,,,,,"EXCLUDE (R3_TWIN_SUPERSEDED) Z062N085M0 av 22375/22375002/, dataset scope, 17 cell(s) 4000-2.125e+05 eV; rules R3; twin of 22374/22374007/ (x:SPSDD)"
CR2-22375-22375002-472aea46,22375/22375002/,Z062N085M0,av,K.Guber,1993,exclude,,dataset,R3_TWIN_SUPERSEDED,142,17500.0,17500.0,1.2815,0.006,R3,,,null,,,,,,"EXCLUDE (R3_TWIN_SUPERSEDED) Z062N085M0 av 22375/22375002/, dataset scope, 17 cell(s) 4000-2.125e+05 eV; rules R3; twin of 22374/22374007/ (x:SPSDD)"
CR2-22375-22375002-472aea46,22375/22375002/,Z062N085M0,av,K.Guber,1993,exclude,,dataset,R3_TWIN_SUPERSEDED,143,22500.0,22500.0,1.1213,0.0052,R3,,,null,,,,,,"EXCLUDE (R3_TWIN_SUPERSEDED) Z062N085M0 av 22375/22375002/, dataset scope, 17 cell(s) 4000-2.125e+05 eV; rules R3; twin of 22374/22374007/ (x:SPSDD)"
CR2-22375-22375002-472aea46,22375/22375002/,Z062N085M0,av,K.Guber,1993,exclude,,dataset,R3_TWIN_SUPERSEDED,144,27500.0,27500.0,0.991,0.0048,R3,,,null,,,,,,"EXCLUDE (R3_TWIN_SUPERSEDED) Z062N085M0 av 22375/22375002/, dataset scope, 17 cell(s) 4000-2.125e+05 eV; rules R3; twin of 22374/22374007/ (x:SPSDD)"
CR2-22375-22375002-472aea46,22375/22375002/,Z062N085M0,av,K.Guber,1993,exclude,,dataset,R3_TWIN_SUPERSEDED,145,35000.0,35000.0,0.8429,0.0043,R3,,,null,,,,,,"EXCLUDE (R3_TWIN_SUPERSEDED) Z062N085M0 av 22375/22375002/, dataset scope, 17 cell(s) 4000-2.125e+05 eV; rules R3; twin of 22374/22374007/ (x:SPSDD)"
CR2-22375-22375002-472aea46,22375/22375002/,Z062N085M0,av,K.Guber,1993,exclude,,dataset,R3_TWIN_SUPERSEDED,146,45000.0,45000.0,0.7347,0.0043,R3,,,null,,,,,,"EXCLUDE (R3_TWIN_SUPERSEDED) Z062N085M0 av 22375/22375002/, dataset scope, 17 cell(s) 4000-2.125e+05 eV; rules R3; twin of 22374/22374007/ (x:SPSDD)"
CR2-22375-22375002-472aea46,22375/22375002/,Z062N085M0,av,K.Guber,1993,exclude,,dataset,R3_TWIN_SUPERSEDED,147,55000.0,55000.0,0.6689,0.0043,R3,,,null,,,,,,"EXCLUDE (R3_TWIN_SUPERSEDED) Z062N085M0 av 22375/22375002/, dataset scope, 17 cell(s) 4000-2.125e+05 eV; rules R3; twin of 22374/22374007/ (x:SPSDD)"
CR2-22375-22375002-472aea46,22375/22375002/,Z062N085M0,av,K.Guber,1993,exclude,,dataset,R3_TWIN_SUPERSEDED,148,70000.0,70000.0,0.5891,0.0039,R3,,,null,,,,,,"EXCLUDE (R3_TWIN_SUPERSEDED) Z062N085M0 av 22375/22375002/, dataset scope, 17 cell(s) 4000-2.125e+05 eV; rules R3; twin of 22374/22374007/ (x:SPSDD)"
CR2-22375-22375002-472aea46,22375/22375002/,Z062N085M0,av,K.Guber,1993,exclude,,dataset,R3_TWIN_SUPERSEDED,149,90000.0,90000.0,0.502,0.0039,R3,,,null,,,,,,"EXCLUDE (R3_TWIN_SUPERSEDED) Z062N085M0 av 22375/22375002/, dataset scope, 17 cell(s) 4000-2.125e+05 eV; rules R3; twin of 22374/22374007/ (x:SPSDD)"
CR2-22375-22375002-472aea46,22375/22375002/,Z062N085M0,av,K.Guber,1993,exclude,,dataset,R3_TWIN_SUPERSEDED,150,110000.0,110000.0,0.4778,0.0039,R3,,,null,,,,,,"EXCLUDE (R3_TWIN_SUPERSEDED) Z062N085M0 av 22375/22375002/, dataset scope, 17 cell(s) 4000-2.125e+05 eV; rules R3; twin of 22374/22374007/ (x:SPSDD)"
CR2-22375-22375002-472aea46,22375/22375002/,Z062N085M0,av,K.Guber,1993,exclude,,dataset,R3_TWIN_SUPERSEDED,151,135000.0,135000.0,0.4268,0.0039,R3,,,null,,,,,,"EXCLUDE (R3_TWIN_SUPERSEDED) Z062N085M0 av 22375/22375002/, dataset scope, 17 cell(s) 4000-2.125e+05 eV; rules R3; twin of 22374/22374007/ (x:SPSDD)"
CR2-22375-22375002-472aea46,22375/22375002/,Z062N085M0,av,K.Guber,1993,exclude,,dataset,R3_TWIN_SUPERSEDED,152,162500.0,187500.0,0.3809,0.0032,R3,,,null,,,,,,"EXCLUDE (R3_TWIN_SUPERSEDED) Z062N085M0 av 22375/22375002/, dataset scope, 17 cell(s) 4000-2.125e+05 eV; rules R3; twin of 22374/22374007/ (x:SPSDD)"
CR2-22375-22375002-472aea46,22375/22375002/,Z062N085M0,av,K.Guber,1993,exclude,,dataset,R3_TWIN_SUPERSEDED,153,212500.0,212500.0,0.3582,0.006,R3,,,null,,,,,,"EXCLUDE (R3_TWIN_SUPERSEDED) Z062N085M0 av 22375/22375002/, dataset scope, 17 cell(s) 4000-2.125e+05 eV; rules R3; twin of 22374/22374007/ (x:SPSDD)"
CR2-22375-22375003-1f1cc9f3,22375/22375003/,Z062N086M0,av,K.Guber,1993,exclude,,dataset,R3_TWIN_SUPERSEDED,136,4000.0,4000.0,0.7343,0.0406,R3,,,null,,,,,,"EXCLUDE (R3_TWIN_SUPERSEDED) Z062N086M0 av 22375/22375003/, dataset scope, 17 cell(s) 4000-2.125e+05 eV; rules R3; twin of 22374/22374008/ (x:SPSDD)"
CR2-22375-22375003-1f1cc9f3,22375/22375003/,Z062N086M0,av,K.Guber,1993,exclude,,dataset,R3_TWIN_SUPERSEDED,137,6250.0,6250.0,0.5873,0.0199,R3,,,null,,,,,,"EXCLUDE (R3_TWIN_SUPERSEDED) Z062N086M0 av 22375/22375003/, dataset scope, 17 cell(s) 4000-2.125e+05 eV; rules R3; twin of 22374/22374008/ (x:SPSDD)"
CR2-22375-22375003-1f1cc9f3,22375/22375003/,Z062N086M0,av,K.Guber,1993,exclude,,dataset,R3_TWIN_SUPERSEDED,139,8750.0,8750.0,0.4181,0.0149,R3,,,null,,,,,,"EXCLUDE (R3_TWIN_SUPERSEDED) Z062N086M0 av 22375/22375003/, dataset scope, 17 cell(s) 4000-2.125e+05 eV; rules R3; twin of 22374/22374008/ (x:SPSDD)"
CR2-22375-22375003-1f1cc9f3,22375/22375003/,Z062N086M0,av,K.Guber,1993,exclude,,dataset,R3_TWIN_SUPERSEDED,140,11250.0,11250.0,0.3522,0.0116,R3,,,null,,,,,,"EXCLUDE (R3_TWIN_SUPERSEDED) Z062N086M0 av 22375/22375003/, dataset scope, 17 cell(s) 4000-2.125e+05 eV; rules R3; twin of 22374/22374008/ (x:SPSDD)"
CR2-22375-22375003-1f1cc9f3,22375/22375003/,Z062N086M0,av,K.Guber,1993,exclude,,dataset,R3_TWIN_SUPERSEDED,141,13750.0,13750.0,0.3304,0.0107,R3,,,null,,,,,,"EXCLUDE (R3_TWIN_SUPERSEDED) Z062N086M0 av 22375/22375003/, dataset scope, 17 cell(s) 4000-2.125e+05 eV; rules R3; twin of 22374/22374008/ (x:SPSDD)"
CR2-22375-22375003-1f1cc9f3,22375/22375003/,Z062N086M0,av,K.Guber,1993,exclude,,dataset,R3_TWIN_SUPERSEDED,142,17500.0,17500.0,0.2805,0.0065,R3,,,null,,,,,,"EXCLUDE (R3_TWIN_SUPERSEDED) Z062N086M0 av 22375/22375003/, dataset scope, 17 cell(s) 4000-2.125e+05 eV; rules R3; twin of 22374/22374008/ (x:SPSDD)"
CR2-22375-22375003-1f1cc9f3,22375/22375003/,Z062N086M0,av,K.Guber,1993,exclude,,dataset,R3_TWIN_SUPERSEDED,143,22500.0,22500.0,0.262,0.0052,R3,,,null,,,,,,"EXCLUDE (R3_TWIN_SUPERSEDED) Z062N086M0 av 22375/22375003/, dataset scope, 17 cell(s) 4000-2.125e+05 eV; rules R3; twin of 22374/22374008/ (x:SPSDD)"
CR2-22375-22375003-1f1cc9f3,22375/22375003/,Z062N086M0,av,K.Guber,1993,exclude,,dataset,R3_TWIN_SUPERSEDED,144,27500.0,27500.0,0.2256,0.0048,R3,,,null,,,,,,"EXCLUDE (R3_TWIN_SUPERSEDED) Z062N086M0 av 22375/22375003/, dataset scope, 17 cell(s) 4000-2.125e+05 eV; rules R3; twin of 22374/22374008/ (x:SPSDD)"
CR2-22375-22375003-1f1cc9f3,22375/22375003/,Z062N086M0,av,K.Guber,1993,exclude,,dataset,R3_TWIN_SUPERSEDED,145,35000.0,35000.0,0.2106,0.0039,R3,,,null,,,,,,"EXCLUDE (R3_TWIN_SUPERSEDED) Z062N086M0 av 22375/22375003/, dataset scope, 17 cell(s) 4000-2.125e+05 eV; rules R3; twin of 22374/22374008/ (x:SPSDD)"
CR2-22375-22375003-1f1cc9f3,22375/22375003/,Z062N086M0,av,K.Guber,1993,exclude,,dataset,R3_TWIN_SUPERSEDED,146,45000.0,45000.0,0.1973,0.0039,R3,,,null,,,,,,"EXCLUDE (R3_TWIN_SUPERSEDED) Z062N086M0 av 22375/22375003/, dataset scope, 17 cell(s) 4000-2.125e+05 eV; rules R3; twin of 22374/22374008/ (x:SPSDD)"
CR2-22375-22375003-1f1cc9f3,22375/22375003/,Z062N086M0,av,K.Guber,1993,exclude,,dataset,R3_TWIN_SUPERSEDED,147,55000.0,55000.0,0.1688,0.0039,R3,,,null,,,,,,"EXCLUDE (R3_TWIN_SUPERSEDED) Z062N086M0 av 22375/22375003/, dataset scope, 17 cell(s) 4000-2.125e+05 eV; rules R3; twin of 22374/22374008/ (x:SPSDD)"
CR2-22375-22375003-1f1cc9f3,22375/22375003/,Z062N086M0,av,K.Guber,1993,exclude,,dataset,R3_TWIN_SUPERSEDED,148,70000.0,70000.0,0.1649,0.0039,R3,,,null,,,,,,"EXCLUDE (R3_TWIN_SUPERSEDED) Z062N086M0 av 22375/22375003/, dataset scope, 17 cell(s) 4000-2.125e+05 eV; rules R3; twin of 22374/22374008/ (x:SPSDD)"
CR2-22375-22375003-1f1cc9f3,22375/22375003/,Z062N086M0,av,K.Guber,1993,exclude,,dataset,R3_TWIN_SUPERSEDED,149,90000.0,90000.0,0.156,0.0039,R3,,,null,,,,,,"EXCLUDE (R3_TWIN_SUPERSEDED) Z062N086M0 av 22375/22375003/, dataset scope, 17 cell(s) 4000-2.125e+05 eV; rules R3; twin of 22374/22374008/ (x:SPSDD)"
CR2-22375-22375003-1f1cc9f3,22375/22375003/,Z062N086M0,av,K.Guber,1993,exclude,,dataset,R3_TWIN_SUPERSEDED,150,110000.0,110000.0,0.1536,0.0039,R3,,,null,,,,,,"EXCLUDE (R3_TWIN_SUPERSEDED) Z062N086M0 av 22375/22375003/, dataset scope, 17 cell(s) 4000-2.125e+05 eV; rules R3; twin of 22374/22374008/ (x:SPSDD)"
CR2-22375-22375003-1f1cc9f3,22375/22375003/,Z062N086M0,av,K.Guber,1993,exclude,,dataset,R3_TWIN_SUPERSEDED,151,135000.0,135000.0,0.1494,0.0039,R3,,,null,,,,,,"EXCLUDE (R3_TWIN_SUPERSEDED) Z062N086M0 av 22375/22375003/, dataset scope, 17 cell(s) 4000-2.125e+05 eV; rules R3; twin of 22374/22374008/ (x:SPSDD)"
CR2-22375-22375003-1f1cc9f3,22375/22375003/,Z062N086M0,av,K.Guber,1993,exclude,,dataset,R3_TWIN_SUPERSEDED,152,162500.0,187500.0,0.14515,0.0028,R3,,,null,,,,,,"EXCLUDE (R3_TWIN_SUPERSEDED) Z062N086M0 av 22375/22375003/, dataset scope, 17 cell(s) 4000-2.125e+05 eV; rules R3; twin of 22374/22374008/ (x:SPSDD)"
CR2-22375-22375003-1f1cc9f3,22375/22375003/,Z062N086M0,av,K.Guber,1993,exclude,,dataset,R3_TWIN_SUPERSEDED,153,212500.0,212500.0,0.1436,0.0052,R3,,,null,,,,,,"EXCLUDE (R3_TWIN_SUPERSEDED) Z062N086M0 av 22375/22375003/, dataset scope, 17 cell(s) 4000-2.125e+05 eV; rules R3; twin of 22374/22374008/ (x:SPSDD)"
CR2-22375-22375004-a4992ed5,22375/22375004/,Z062N087M0,av,K.Guber,1993,exclude,,dataset,R3_TWIN_SUPERSEDED,136,4000.0,4000.0,7.5849,0.0253,R3,,,null,,,,,,"EXCLUDE (R3_TWIN_SUPERSEDED) Z062N087M0 av 22375/22375004/, dataset scope, 17 cell(s) 4000-2.125e+05 eV; rules R3; twin of 22374/22374009/ (x:SPSDD)"
CR2-22375-22375004-a4992ed5,22375/22375004/,Z062N087M0,av,K.Guber,1993,exclude,,dataset,R3_TWIN_SUPERSEDED,137,6250.0,6250.0,5.6065,0.0133,R3,,,null,,,,,,"EXCLUDE (R3_TWIN_SUPERSEDED) Z062N087M0 av 22375/22375004/, dataset scope, 17 cell(s) 4000-2.125e+05 eV; rules R3; twin of 22374/22374009/ (x:SPSDD)"
CR2-22375-22375004-a4992ed5,22375/22375004/,Z062N087M0,av,K.Guber,1993,exclude,,dataset,R3_TWIN_SUPERSEDED,139,8750.0,8750.0,4.353,0.0095,R3,,,null,,,,,,"EXCLUDE (R3_TWIN_SUPERSEDED) Z062N087M0 av 22375/22375004/, dataset scope, 17 cell(s) 4000-2.125e+05 eV; rules R3; twin of 22374/22374009/ (x:SPSDD)"
CR2-22375-22375004-a4992ed5,22375/22375004/,Z062N087M0,av,K.Guber,1993,exclude,,dataset,R3_TWIN_SUPERSEDED,140,11250.0,11250.0,3.6183,0.0073,R3,,,null,,,,,,"EXCLUDE (R3_TWIN_SUPERSEDED) Z062N087M0 av 22375/22375004/, dataset scope, 17 cell(s) 4000-2.125e+05 eV; rules R3; twin of 22374/22374009/ (x:SPSDD)"
CR2-22375-22375004-a4992ed5,22375/22375004/,Z062N087M0,av,K.Guber,1993,exclude,,dataset,R3_TWIN_SUPERSEDED,141,13750.0,13750.0,3.204,0.0069,R3,,,null,,,,,,"EXCLUDE (R3_TWIN_SUPERSEDED) Z062N087M0 av 22375/22375004/, dataset scope, 17 cell(s) 4000-2.125e+05 eV; rules R3; twin of 22374/22374009/ (x:SPSDD)"
CR2-22375-22375004-a4992ed5,22375/22375004/,Z062N087M0,av,K.Guber,1993,exclude,,dataset,R3_TWIN_SUPERSEDED,142,17500.0,17500.0,2.6095,0.0048,R3,,,null,,,,,,"EXCLUDE (R3_TWIN_SUPERSEDED) Z062N087M0 av 22375/22375004/, dataset scope, 17 cell(s) 4000-2.125e+05 eV; rules R3; twin of 22374/22374009/ (x:SPSDD)"
CR2-22375-22375004-a4992ed5,22375/22375004/,Z062N087M0,av,K.Guber,1993,exclude,,dataset,R3_TWIN_SUPERSEDED,143,22500.0,22500.0,2.1724,0.0043,R3,,,null,,,,,,"EXCLUDE (R3_TWIN_SUPERSEDED) Z062N087M0 av 22375/22375004/, dataset scope, 17 cell(s) 4000-2.125e+05 eV; rules R3; twin of 22374/22374009/ (x:SPSDD)"
CR2-22375-22375004-a4992ed5,22375/22375004/,Z062N087M0,av,K.Guber,1993,exclude,,dataset,R3_TWIN_SUPERSEDED,144,27500.0,27500.0,1.8212,0.0039,R3,,,null,,,,,,"EXCLUDE (R3_TWIN_SUPERSEDED) Z062N087M0 av 22375/22375004/, dataset scope, 17 cell(s) 4000-2.125e+05 eV; rules R3; twin of 22374/22374009/ (x:SPSDD)"
CR2-22375-22375004-a4992ed5,22375/22375004/,Z062N087M0,av,K.Guber,1993,exclude,,dataset,R3_TWIN_SUPERSEDED,145,35000.0,35000.0,1.5099,0.0039,R3,,,null,,,,,,"EXCLUDE (R3_TWIN_SUPERSEDED) Z062N087M0 av 22375/22375004/, dataset scope, 17 cell(s) 4000-2.125e+05 eV; rules R3; twin of 22374/22374009/ (x:SPSDD)"
CR2-22375-22375004-a4992ed5,22375/22375004/,Z062N087M0,av,K.Guber,1993,exclude,,dataset,R3_TWIN_SUPERSEDED,146,45000.0,45000.0,1.3017,0.0039,R3,,,null,,,,,,"EXCLUDE (R3_TWIN_SUPERSEDED) Z062N087M0 av 22375/22375004/, dataset scope, 17 cell(s) 4000-2.125e+05 eV; rules R3; twin of 22374/22374009/ (x:SPSDD)"
CR2-22375-22375004-a4992ed5,22375/22375004/,Z062N087M0,av,K.Guber,1993,exclude,,dataset,R3_TWIN_SUPERSEDED,147,55000.0,55000.0,1.1398,0.0039,R3,,,null,,,,,,"EXCLUDE (R3_TWIN_SUPERSEDED) Z062N087M0 av 22375/22375004/, dataset scope, 17 cell(s) 4000-2.125e+05 eV; rules R3; twin of 22374/22374009/ (x:SPSDD)"
CR2-22375-22375004-a4992ed5,22375/22375004/,Z062N087M0,av,K.Guber,1993,exclude,,dataset,R3_TWIN_SUPERSEDED,148,70000.0,70000.0,0.9972,0.0035,R3,,,null,,,,,,"EXCLUDE (R3_TWIN_SUPERSEDED) Z062N087M0 av 22375/22375004/, dataset scope, 17 cell(s) 4000-2.125e+05 eV; rules R3; twin of 22374/22374009/ (x:SPSDD)"
CR2-22375-22375004-a4992ed5,22375/22375004/,Z062N087M0,av,K.Guber,1993,exclude,,dataset,R3_TWIN_SUPERSEDED,149,90000.0,90000.0,0.857,0.0035,R3,,,null,,,,,,"EXCLUDE (R3_TWIN_SUPERSEDED) Z062N087M0 av 22375/22375004/, dataset scope, 17 cell(s) 4000-2.125e+05 eV; rules R3; twin of 22374/22374009/ (x:SPSDD)"
CR2-22375-22375004-a4992ed5,22375/22375004/,Z062N087M0,av,K.Guber,1993,exclude,,dataset,R3_TWIN_SUPERSEDED,150,110000.0,110000.0,0.8091,0.0035,R3,,,null,,,,,,"EXCLUDE (R3_TWIN_SUPERSEDED) Z062N087M0 av 22375/22375004/, dataset scope, 17 cell(s) 4000-2.125e+05 eV; rules R3; twin of 22374/22374009/ (x:SPSDD)"
CR2-22375-22375004-a4992ed5,22375/22375004/,Z062N087M0,av,K.Guber,1993,exclude,,dataset,R3_TWIN_SUPERSEDED,151,135000.0,135000.0,0.7556,0.0035,R3,,,null,,,,,,"EXCLUDE (R3_TWIN_SUPERSEDED) Z062N087M0 av 22375/22375004/, dataset scope, 17 cell(s) 4000-2.125e+05 eV; rules R3; twin of 22374/22374009/ (x:SPSDD)"
CR2-22375-22375004-a4992ed5,22375/22375004/,Z062N087M0,av,K.Guber,1993,exclude,,dataset,R3_TWIN_SUPERSEDED,152,162500.0,187500.0,0.7129,0.0028,R3,,,null,,,,,,"EXCLUDE (R3_TWIN_SUPERSEDED) Z062N087M0 av 22375/22375004/, dataset scope, 17 cell(s) 4000-2.125e+05 eV; rules R3; twin of 22374/22374009/ (x:SPSDD)"
CR2-22375-22375004-a4992ed5,22375/22375004/,Z062N087M0,av,K.Guber,1993,exclude,,dataset,R3_TWIN_SUPERSEDED,153,212500.0,212500.0,0.6917,0.0048,R3,,,null,,,,,,"EXCLUDE (R3_TWIN_SUPERSEDED) Z062N087M0 av 22375/22375004/, dataset scope, 17 cell(s) 4000-2.125e+05 eV; rules R3; twin of 22374/22374009/ (x:SPSDD)"
CR2-22375-22375005-6295252e,22375/22375005/,Z062N088M0,av,K.Guber,1993,exclude,,dataset,R3_TWIN_SUPERSEDED,136,4000.0,4000.0,1.2135,0.0394,R3,,,null,,,,,,"EXCLUDE (R3_TWIN_SUPERSEDED) Z062N088M0 av 22375/22375005/, dataset scope, 17 cell(s) 4000-2.125e+05 eV; rules R3; twin of 22374/22374010/ (x:SPSDD)"
CR2-22375-22375005-6295252e,22375/22375005/,Z062N088M0,av,K.Guber,1993,exclude,,dataset,R3_TWIN_SUPERSEDED,137,6250.0,6250.0,0.9601,0.0191,R3,,,null,,,,,,"EXCLUDE (R3_TWIN_SUPERSEDED) Z062N088M0 av 22375/22375005/, dataset scope, 17 cell(s) 4000-2.125e+05 eV; rules R3; twin of 22374/22374010/ (x:SPSDD)"
CR2-22375-22375005-6295252e,22375/22375005/,Z062N088M0,av,K.Guber,1993,exclude,,dataset,R3_TWIN_SUPERSEDED,139,8750.0,8750.0,0.739,0.0133,R3,,,null,,,,,,"EXCLUDE (R3_TWIN_SUPERSEDED) Z062N088M0 av 22375/22375005/, dataset scope, 17 cell(s) 4000-2.125e+05 eV; rules R3; twin of 22374/22374010/ (x:SPSDD)"
CR2-22375-22375005-6295252e,22375/22375005/,Z062N088M0,av,K.Guber,1993,exclude,,dataset,R3_TWIN_SUPERSEDED,140,11250.0,11250.0,0.6307,0.0099,R3,,,null,,,,,,"EXCLUDE (R3_TWIN_SUPERSEDED) Z062N088M0 av 22375/22375005/, dataset scope, 17 cell(s) 4000-2.125e+05 eV; rules R3; twin of 22374/22374010/ (x:SPSDD)"
CR2-22375-22375005-6295252e,22375/22375005/,Z062N088M0,av,K.Guber,1993,exclude,,dataset,R3_TWIN_SUPERSEDED,141,13750.0,13750.0,0.5955,0.0086,R3,,,null,,,,,,"EXCLUDE (R3_TWIN_SUPERSEDED) Z062N088M0 av 22375/22375005/, dataset scope, 17 cell(s) 4000-2.125e+05 eV; rules R3; twin of 22374/22374010/ (x:SPSDD)"
CR2-22375-22375005-6295252e,22375/22375005/,Z062N088M0,av,K.Guber,1993,exclude,,dataset,R3_TWIN_SUPERSEDED,142,17500.0,17500.0,0.4926,0.0056,R3,,,null,,,,,,"EXCLUDE (R3_TWIN_SUPERSEDED) Z062N088M0 av 22375/22375005/, dataset scope, 17 cell(s) 4000-2.125e+05 eV; rules R3; twin of 22374/22374010/ (x:SPSDD)"
CR2-22375-22375005-6295252e,22375/22375005/,Z062N088M0,av,K.Guber,1993,exclude,,dataset,R3_TWIN_SUPERSEDED,143,22500.0,22500.0,0.462,0.0048,R3,,,null,,,,,,"EXCLUDE (R3_TWIN_SUPERSEDED) Z062N088M0 av 22375/22375005/, dataset scope, 17 cell(s) 4000-2.125e+05 eV; rules R3; twin of 22374/22374010/ (x:SPSDD)"
CR2-22375-22375005-6295252e,22375/22375005/,Z062N088M0,av,K.Guber,1993,exclude,,dataset,R3_TWIN_SUPERSEDED,144,27500.0,27500.0,0.3773,0.0048,R3,,,null,,,,,,"EXCLUDE (R3_TWIN_SUPERSEDED) Z062N088M0 av 22375/22375005/, dataset scope, 17 cell(s) 4000-2.125e+05 eV; rules R3; twin of 22374/22374010/ (x:SPSDD)"
CR2-22375-22375005-6295252e,22375/22375005/,Z062N088M0,av,K.Guber,1993,exclude,,dataset,R3_TWIN_SUPERSEDED,145,35000.0,35000.0,0.3547,0.0039,R3,,,null,,,,,,"EXCLUDE (R3_TWIN_SUPERSEDED) Z062N088M0 av 22375/22375005/, dataset scope, 17 cell(s) 4000-2.125e+05 eV; rules R3; twin of 22374/22374010/ (x:SPSDD)"
CR2-22375-22375005-6295252e,22375/22375005/,Z062N088M0,av,K.Guber,1993,exclude,,dataset,R3_TWIN_SUPERSEDED,146,45000.0,45000.0,0.3372,0.0039,R3,,,null,,,,,,"EXCLUDE (R3_TWIN_SUPERSEDED) Z062N088M0 av 22375/22375005/, dataset scope, 17 cell(s) 4000-2.125e+05 eV; rules R3; twin of 22374/22374010/ (x:SPSDD)"
CR2-22375-22375005-6295252e,22375/22375005/,Z062N088M0,av,K.Guber,1993,exclude,,dataset,R3_TWIN_SUPERSEDED,147,55000.0,55000.0,0.3055,0.0039,R3,,,null,,,,,,"EXCLUDE (R3_TWIN_SUPERSEDED) Z062N088M0 av 22375/22375005/, dataset scope, 17 cell(s) 4000-2.125e+05 eV; rules R3; twin of 22374/22374010/ (x:SPSDD)"
CR2-22375-22375005-6295252e,22375/22375005/,Z062N088M0,av,K.Guber,1993,exclude,,dataset,R3_TWIN_SUPERSEDED,148,70000.0,70000.0,0.2842,0.0035,R3,,,null,,,,,,"EXCLUDE (R3_TWIN_SUPERSEDED) Z062N088M0 av 22375/22375005/, dataset scope, 17 cell(s) 4000-2.125e+05 eV; rules R3; twin of 22374/22374010/ (x:SPSDD)"
CR2-22375-22375005-6295252e,22375/22375005/,Z062N088M0,av,K.Guber,1993,exclude,,dataset,R3_TWIN_SUPERSEDED,149,90000.0,90000.0,0.2669,0.0035,R3,,,null,,,,,,"EXCLUDE (R3_TWIN_SUPERSEDED) Z062N088M0 av 22375/22375005/, dataset scope, 17 cell(s) 4000-2.125e+05 eV; rules R3; twin of 22374/22374010/ (x:SPSDD)"
CR2-22375-22375005-6295252e,22375/22375005/,Z062N088M0,av,K.Guber,1993,exclude,,dataset,R3_TWIN_SUPERSEDED,150,110000.0,110000.0,0.2625,0.0039,R3,,,null,,,,,,"EXCLUDE (R3_TWIN_SUPERSEDED) Z062N088M0 av 22375/22375005/, dataset scope, 17 cell(s) 4000-2.125e+05 eV; rules R3; twin of 22374/22374010/ (x:SPSDD)"
CR2-22375-22375005-6295252e,22375/22375005/,Z062N088M0,av,K.Guber,1993,exclude,,dataset,R3_TWIN_SUPERSEDED,151,135000.0,135000.0,0.2639,0.0039,R3,,,null,,,,,,"EXCLUDE (R3_TWIN_SUPERSEDED) Z062N088M0 av 22375/22375005/, dataset scope, 17 cell(s) 4000-2.125e+05 eV; rules R3; twin of 22374/22374010/ (x:SPSDD)"
CR2-22375-22375005-6295252e,22375/22375005/,Z062N088M0,av,K.Guber,1993,exclude,,dataset,R3_TWIN_SUPERSEDED,152,162500.0,187500.0,0.25685,0.0028,R3,,,null,,,,,,"EXCLUDE (R3_TWIN_SUPERSEDED) Z062N088M0 av 22375/22375005/, dataset scope, 17 cell(s) 4000-2.125e+05 eV; rules R3; twin of 22374/22374010/ (x:SPSDD)"
CR2-22375-22375005-6295252e,22375/22375005/,Z062N088M0,av,K.Guber,1993,exclude,,dataset,R3_TWIN_SUPERSEDED,153,212500.0,212500.0,0.2554,0.0048,R3,,,null,,,,,,"EXCLUDE (R3_TWIN_SUPERSEDED) Z062N088M0 av 22375/22375005/, dataset scope, 17 cell(s) 4000-2.125e+05 eV; rules R3; twin of 22374/22374010/ (x:SPSDD)"
CR2-22375-22375006-773c6aae,22375/22375006/,Z062N090M0,av,K.Guber,1993,exclude,,dataset,R3_TWIN_SUPERSEDED,136,4000.0,4000.0,1.4819,0.031,R3,,,null,,,,,,"EXCLUDE (R3_TWIN_SUPERSEDED) Z062N090M0 av 22375/22375006/, dataset scope, 17 cell(s) 4000-2.125e+05 eV; rules R3; twin of 22374/22374011/ (x:SPSDD)"
CR2-22375-22375006-773c6aae,22375/22375006/,Z062N090M0,av,K.Guber,1993,exclude,,dataset,R3_TWIN_SUPERSEDED,137,6250.0,6250.0,1.0225,0.0166,R3,,,null,,,,,,"EXCLUDE (R3_TWIN_SUPERSEDED) Z062N090M0 av 22375/22375006/, dataset scope, 17 cell(s) 4000-2.125e+05 eV; rules R3; twin of 22374/22374011/ (x:SPSDD)"
CR2-22375-22375006-773c6aae,22375/22375006/,Z062N090M0,av,K.Guber,1993,exclude,,dataset,R3_TWIN_SUPERSEDED,139,8750.0,8750.0,0.8554,0.0116,R3,,,null,,,,,,"EXCLUDE (R3_TWIN_SUPERSEDED) Z062N090M0 av 22375/22375006/, dataset scope, 17 cell(s) 4000-2.125e+05 eV; rules R3; twin of 22374/22374011/ (x:SPSDD)"
CR2-22375-22375006-773c6aae,22375/22375006/,Z062N090M0,av,K.Guber,1993,exclude,,dataset,R3_TWIN_SUPERSEDED,140,11250.0,11250.0,0.7316,0.0086,R3,,,null,,,,,,"EXCLUDE (R3_TWIN_SUPERSEDED) Z062N090M0 av 22375/22375006/, dataset scope, 17 cell(s) 4000-2.125e+05 eV; rules R3; twin of 22374/22374011/ (x:SPSDD)"
CR2-22375-22375006-773c6aae,22375/22375006/,Z062N090M0,av,K.Guber,1993,exclude,,dataset,R3_TWIN_SUPERSEDED,141,13750.0,13750.0,0.6438,0.0077,R3,,,null,,,,,,"EXCLUDE (R3_TWIN_SUPERSEDED) Z062N090M0 av 22375/22375006/, dataset scope, 17 cell(s) 4000-2.125e+05 eV; rules R3; twin of 22374/22374011/ (x:SPSDD)"
CR2-22375-22375006-773c6aae,22375/22375006/,Z062N090M0,av,K.Guber,1993,exclude,,dataset,R3_TWIN_SUPERSEDED,142,17500.0,17500.0,0.5784,0.0052,R3,,,null,,,,,,"EXCLUDE (R3_TWIN_SUPERSEDED) Z062N090M0 av 22375/22375006/, dataset scope, 17 cell(s) 4000-2.125e+05 eV; rules R3; twin of 22374/22374011/ (x:SPSDD)"
CR2-22375-22375006-773c6aae,22375/22375006/,Z062N090M0,av,K.Guber,1993,exclude,,dataset,R3_TWIN_SUPERSEDED,143,22500.0,22500.0,0.5383,0.0048,R3,,,null,,,,,,"EXCLUDE (R3_TWIN_SUPERSEDED) Z062N090M0 av 22375/22375006/, dataset scope, 17 cell(s) 4000-2.125e+05 eV; rules R3; twin of 22374/22374011/ (x:SPSDD)"
CR2-22375-22375006-773c6aae,22375/22375006/,Z062N090M0,av,K.Guber,1993,exclude,,dataset,R3_TWIN_SUPERSEDED,144,27500.0,27500.0,0.4849,0.0043,R3,,,null,,,,,,"EXCLUDE (R3_TWIN_SUPERSEDED) Z062N090M0 av 22375/22375006/, dataset scope, 17 cell(s) 4000-2.125e+05 eV; rules R3; twin of 22374/22374011/ (x:SPSDD)"
CR2-22375-22375006-773c6aae,22375/22375006/,Z062N090M0,av,K.Guber,1993,exclude,,dataset,R3_TWIN_SUPERSEDED,145,35000.0,35000.0,0.4418,0.0039,R3,,,null,,,,,,"EXCLUDE (R3_TWIN_SUPERSEDED) Z062N090M0 av 22375/22375006/, dataset scope, 17 cell(s) 4000-2.125e+05 eV; rules R3; twin of 22374/22374011/ (x:SPSDD)"
CR2-22375-22375006-773c6aae,22375/22375006/,Z062N090M0,av,K.Guber,1993,exclude,,dataset,R3_TWIN_SUPERSEDED,146,45000.0,45000.0,0.3844,0.0039,R3,,,null,,,,,,"EXCLUDE (R3_TWIN_SUPERSEDED) Z062N090M0 av 22375/22375006/, dataset scope, 17 cell(s) 4000-2.125e+05 eV; rules R3; twin of 22374/22374011/ (x:SPSDD)"
CR2-22375-22375006-773c6aae,22375/22375006/,Z062N090M0,av,K.Guber,1993,exclude,,dataset,R3_TWIN_SUPERSEDED,147,55000.0,55000.0,0.3656,0.0039,R3,,,null,,,,,,"EXCLUDE (R3_TWIN_SUPERSEDED) Z062N090M0 av 22375/22375006/, dataset scope, 17 cell(s) 4000-2.125e+05 eV; rules R3; twin of 22374/22374011/ (x:SPSDD)"
CR2-22375-22375006-773c6aae,22375/22375006/,Z062N090M0,av,K.Guber,1993,exclude,,dataset,R3_TWIN_SUPERSEDED,148,70000.0,70000.0,0.3237,0.0039,R3,,,null,,,,,,"EXCLUDE (R3_TWIN_SUPERSEDED) Z062N090M0 av 22375/22375006/, dataset scope, 17 cell(s) 4000-2.125e+05 eV; rules R3; twin of 22374/22374011/ (x:SPSDD)"
CR2-22375-22375006-773c6aae,22375/22375006/,Z062N090M0,av,K.Guber,1993,exclude,,dataset,R3_TWIN_SUPERSEDED,149,90000.0,90000.0,0.2944,0.0039,R3,,,null,,,,,,"EXCLUDE (R3_TWIN_SUPERSEDED) Z062N090M0 av 22375/22375006/, dataset scope, 17 cell(s) 4000-2.125e+05 eV; rules R3; twin of 22374/22374011/ (x:SPSDD)"
CR2-22375-22375006-773c6aae,22375/22375006/,Z062N090M0,av,K.Guber,1993,exclude,,dataset,R3_TWIN_SUPERSEDED,150,110000.0,110000.0,0.2862,0.0039,R3,,,null,,,,,,"EXCLUDE (R3_TWIN_SUPERSEDED) Z062N090M0 av 22375/22375006/, dataset scope, 17 cell(s) 4000-2.125e+05 eV; rules R3; twin of 22374/22374011/ (x:SPSDD)"
CR2-22375-22375006-773c6aae,22375/22375006/,Z062N090M0,av,K.Guber,1993,exclude,,dataset,R3_TWIN_SUPERSEDED,151,135000.0,135000.0,0.2237,0.0039,R3,,,null,,,,,,"EXCLUDE (R3_TWIN_SUPERSEDED) Z062N090M0 av 22375/22375006/, dataset scope, 17 cell(s) 4000-2.125e+05 eV; rules R3; twin of 22374/22374011/ (x:SPSDD)"
CR2-22375-22375006-773c6aae,22375/22375006/,Z062N090M0,av,K.Guber,1993,exclude,,dataset,R3_TWIN_SUPERSEDED,152,162500.0,187500.0,0.1725,0.0029,R3,,,null,,,,,,"EXCLUDE (R3_TWIN_SUPERSEDED) Z062N090M0 av 22375/22375006/, dataset scope, 17 cell(s) 4000-2.125e+05 eV; rules R3; twin of 22374/22374011/ (x:SPSDD)"
CR2-22375-22375006-773c6aae,22375/22375006/,Z062N090M0,av,K.Guber,1993,exclude,,dataset,R3_TWIN_SUPERSEDED,153,212500.0,212500.0,0.1516,0.0052,R3,,,null,,,,,,"EXCLUDE (R3_TWIN_SUPERSEDED) Z062N090M0 av 22375/22375006/, dataset scope, 17 cell(s) 4000-2.125e+05 eV; rules R3; twin of 22374/22374011/ (x:SPSDD)"
CR2-22375-22375007-a5fe73a2,22375/22375007/,Z062N085M0,mxw,K.Guber,1993,exclude,,dataset,R3_TWIN_SUPERSEDED,140,10000.0,12000.0,1.8535,0.0062,R3,,,null,,,,,,"EXCLUDE (R3_TWIN_SUPERSEDED) Z062N085M0 mxw 22375/22375007/, dataset scope, 8 cell(s) 1e+04-1e+05 eV; rules R3; twin of 22374/22374012/ (x:SPSDD)"
CR2-22375-22375007-a5fe73a2,22375/22375007/,Z062N085M0,mxw,K.Guber,1993,exclude,,dataset,R3_TWIN_SUPERSEDED,143,20000.0,25000.0,1.1685,0.0036,R3,,,null,,,,,,"EXCLUDE (R3_TWIN_SUPERSEDED) Z062N085M0 mxw 22375/22375007/, dataset scope, 8 cell(s) 1e+04-1e+05 eV; rules R3; twin of 22374/22374012/ (x:SPSDD)"
CR2-22375-22375007-a5fe73a2,22375/22375007/,Z062N085M0,mxw,K.Guber,1993,exclude,,dataset,R3_TWIN_SUPERSEDED,144,30000.0,30000.0,0.975,0.0044,R3,,,null,,,,,,"EXCLUDE (R3_TWIN_SUPERSEDED) Z062N085M0 mxw 22375/22375007/, dataset scope, 8 cell(s) 1e+04-1e+05 eV; rules R3; twin of 22374/22374012/ (x:SPSDD)"
CR2-22375-22375007-a5fe73a2,22375/22375007/,Z062N085M0,mxw,K.Guber,1993,exclude,,dataset,R3_TWIN_SUPERSEDED,146,40000.0,50000.0,0.778,0.0026,R3,,,null,,,,,,"EXCLUDE (R3_TWIN_SUPERSEDED) Z062N085M0 mxw 22375/22375007/, dataset scope, 8 cell(s) 1e+04-1e+05 eV; rules R3; twin of 22374/22374012/ (x:SPSDD)"
CR2-22375-22375007-a5fe73a2,22375/22375007/,Z062N085M0,mxw,K.Guber,1993,exclude,,dataset,R3_TWIN_SUPERSEDED,147,52000.0,60000.0,0.689,0.0025,R3,,,null,,,,,,"EXCLUDE (R3_TWIN_SUPERSEDED) Z062N085M0 mxw 22375/22375007/, dataset scope, 8 cell(s) 1e+04-1e+05 eV; rules R3; twin of 22374/22374012/ (x:SPSDD)"
CR2-22375-22375007-a5fe73a2,22375/22375007/,Z062N085M0,mxw,K.Guber,1993,exclude,,dataset,R3_TWIN_SUPERSEDED,148,70000.0,70000.0,0.613,0.0035,R3,,,null,,,,,,"EXCLUDE (R3_TWIN_SUPERSEDED) Z062N085M0 mxw 22375/22375007/, dataset scope, 8 cell(s) 1e+04-1e+05 eV; rules R3; twin of 22374/22374012/ (x:SPSDD)"
CR2-22375-22375007-a5fe73a2,22375/22375007/,Z062N085M0,mxw,K.Guber,1993,exclude,,dataset,R3_TWIN_SUPERSEDED,149,80000.0,90000.0,0.558,0.0027,R3,,,null,,,,,,"EXCLUDE (R3_TWIN_SUPERSEDED) Z062N085M0 mxw 22375/22375007/, dataset scope, 8 cell(s) 1e+04-1e+05 eV; rules R3; twin of 22374/22374012/ (x:SPSDD)"
CR2-22375-22375007-a5fe73a2,22375/22375007/,Z062N085M0,mxw,K.Guber,1993,exclude,,dataset,R3_TWIN_SUPERSEDED,150,100000.0,100000.0,0.515,0.005,R3,,,null,,,,,,"EXCLUDE (R3_TWIN_SUPERSEDED) Z062N085M0 mxw 22375/22375007/, dataset scope, 8 cell(s) 1e+04-1e+05 eV; rules R3; twin of 22374/22374012/ (x:SPSDD)"
CR2-22375-22375008-71f75cbb,22375/22375008/,Z062N086M0,mxw,K.Guber,1993,exclude,,dataset,R3_TWIN_SUPERSEDED,140,10000.0,12000.0,0.399,0.0054,R3,,,null,,,,,,"EXCLUDE (R3_TWIN_SUPERSEDED) Z062N086M0 mxw 22375/22375008/, dataset scope, 8 cell(s) 1e+04-1e+05 eV; rules R3; twin of 22374/22374013/ (x:SPSDD)"
CR2-22375-22375008-71f75cbb,22375/22375008/,Z062N086M0,mxw,K.Guber,1993,exclude,,dataset,R3_TWIN_SUPERSEDED,143,20000.0,25000.0,0.2765,0.0028,R3,,,null,,,,,,"EXCLUDE (R3_TWIN_SUPERSEDED) Z062N086M0 mxw 22375/22375008/, dataset scope, 8 cell(s) 1e+04-1e+05 eV; rules R3; twin of 22374/22374013/ (x:SPSDD)"
CR2-22375-22375008-71f75cbb,22375/22375008/,Z062N086M0,mxw,K.Guber,1993,exclude,,dataset,R3_TWIN_SUPERSEDED,144,30000.0,30000.0,0.244,0.0035,R3,,,null,,,,,,"EXCLUDE (R3_TWIN_SUPERSEDED) Z062N086M0 mxw 22375/22375008/, dataset scope, 8 cell(s) 1e+04-1e+05 eV; rules R3; twin of 22374/22374013/ (x:SPSDD)"
CR2-22375-22375008-71f75cbb,22375/22375008/,Z062N086M0,mxw,K.Guber,1993,exclude,,dataset,R3_TWIN_SUPERSEDED,146,40000.0,50000.0,0.213,0.0029,R3,,,null,,,,,,"EXCLUDE (R3_TWIN_SUPERSEDED) Z062N086M0 mxw 22375/22375008/, dataset scope, 8 cell(s) 1e+04-1e+05 eV; rules R3; twin of 22374/22374013/ (x:SPSDD)"
CR2-22375-22375008-71f75cbb,22375/22375008/,Z062N086M0,mxw,K.Guber,1993,exclude,,dataset,R3_TWIN_SUPERSEDED,147,52000.0,60000.0,0.2,0.0031,R3,,,null,,,,,,"EXCLUDE (R3_TWIN_SUPERSEDED) Z062N086M0 mxw 22375/22375008/, dataset scope, 8 cell(s) 1e+04-1e+05 eV; rules R3; twin of 22374/22374013/ (x:SPSDD)"
CR2-22375-22375008-71f75cbb,22375/22375008/,Z062N086M0,mxw,K.Guber,1993,exclude,,dataset,R3_TWIN_SUPERSEDED,148,70000.0,70000.0,0.19,0.0045,R3,,,null,,,,,,"EXCLUDE (R3_TWIN_SUPERSEDED) Z062N086M0 mxw 22375/22375008/, dataset scope, 8 cell(s) 1e+04-1e+05 eV; rules R3; twin of 22374/22374013/ (x:SPSDD)"
CR2-22375-22375008-71f75cbb,22375/22375008/,Z062N086M0,mxw,K.Guber,1993,exclude,,dataset,R3_TWIN_SUPERSEDED,149,80000.0,90000.0,0.183,0.0033,R3,,,null,,,,,,"EXCLUDE (R3_TWIN_SUPERSEDED) Z062N086M0 mxw 22375/22375008/, dataset scope, 8 cell(s) 1e+04-1e+05 eV; rules R3; twin of 22374/22374013/ (x:SPSDD)"
CR2-22375-22375008-71f75cbb,22375/22375008/,Z062N086M0,mxw,K.Guber,1993,exclude,,dataset,R3_TWIN_SUPERSEDED,150,100000.0,100000.0,0.177,0.0049,R3,,,null,,,,,,"EXCLUDE (R3_TWIN_SUPERSEDED) Z062N086M0 mxw 22375/22375008/, dataset scope, 8 cell(s) 1e+04-1e+05 eV; rules R3; twin of 22374/22374013/ (x:SPSDD)"
CR2-22375-22375009-cfddfb8a,22375/22375009/,Z062N087M0,mxw,K.Guber,1993,exclude,,dataset,R3_TWIN_SUPERSEDED,140,10000.0,12000.0,3.7775,0.0059,R3,,,null,,,,,,"EXCLUDE (R3_TWIN_SUPERSEDED) Z062N087M0 mxw 22375/22375009/, dataset scope, 8 cell(s) 1e+04-1e+05 eV; rules R3; twin of 22374/22374014/ (x:SPSDD)"
CR2-22375-22375009-cfddfb8a,22375/22375009/,Z062N087M0,mxw,K.Guber,1993,exclude,,dataset,R3_TWIN_SUPERSEDED,143,20000.0,25000.0,2.244,0.0034,R3,,,null,,,,,,"EXCLUDE (R3_TWIN_SUPERSEDED) Z062N087M0 mxw 22375/22375009/, dataset scope, 8 cell(s) 1e+04-1e+05 eV; rules R3; twin of 22374/22374014/ (x:SPSDD)"
CR2-22375-22375009-cfddfb8a,22375/22375009/,Z062N087M0,mxw,K.Guber,1993,exclude,,dataset,R3_TWIN_SUPERSEDED,144,30000.0,30000.0,1.828,0.004,R3,,,null,,,,,,"EXCLUDE (R3_TWIN_SUPERSEDED) Z062N087M0 mxw 22375/22375009/, dataset scope, 8 cell(s) 1e+04-1e+05 eV; rules R3; twin of 22374/22374014/ (x:SPSDD)"
CR2-22375-22375009-cfddfb8a,22375/22375009/,Z062N087M0,mxw,K.Guber,1993,exclude,,dataset,R3_TWIN_SUPERSEDED,146,40000.0,50000.0,1.4285,0.0025,R3,,,null,,,,,,"EXCLUDE (R3_TWIN_SUPERSEDED) Z062N087M0 mxw 22375/22375009/, dataset scope, 8 cell(s) 1e+04-1e+05 eV; rules R3; twin of 22374/22374014/ (x:SPSDD)"
CR2-22375-22375009-cfddfb8a,22375/22375009/,Z062N087M0,mxw,K.Guber,1993,exclude,,dataset,R3_TWIN_SUPERSEDED,147,52000.0,60000.0,1.257,0.0023,R3,,,null,,,,,,"EXCLUDE (R3_TWIN_SUPERSEDED) Z062N087M0 mxw 22375/22375009/, dataset scope, 8 cell(s) 1e+04-1e+05 eV; rules R3; twin of 22374/22374014/ (x:SPSDD)"
CR2-22375-22375009-cfddfb8a,22375/22375009/,Z062N087M0,mxw,K.Guber,1993,exclude,,dataset,R3_TWIN_SUPERSEDED,148,70000.0,70000.0,1.116,0.0035,R3,,,null,,,,,,"EXCLUDE (R3_TWIN_SUPERSEDED) Z062N087M0 mxw 22375/22375009/, dataset scope, 8 cell(s) 1e+04-1e+05 eV; rules R3; twin of 22374/22374014/ (x:SPSDD)"
CR2-22375-22375009-cfddfb8a,22375/22375009/,Z062N087M0,mxw,K.Guber,1993,exclude,,dataset,R3_TWIN_SUPERSEDED,149,80000.0,90000.0,1.016,0.0029,R3,,,null,,,,,,"EXCLUDE (R3_TWIN_SUPERSEDED) Z062N087M0 mxw 22375/22375009/, dataset scope, 8 cell(s) 1e+04-1e+05 eV; rules R3; twin of 22374/22374014/ (x:SPSDD)"
CR2-22375-22375009-cfddfb8a,22375/22375009/,Z062N087M0,mxw,K.Guber,1993,exclude,,dataset,R3_TWIN_SUPERSEDED,150,100000.0,100000.0,0.939,0.0051,R3,,,null,,,,,,"EXCLUDE (R3_TWIN_SUPERSEDED) Z062N087M0 mxw 22375/22375009/, dataset scope, 8 cell(s) 1e+04-1e+05 eV; rules R3; twin of 22374/22374014/ (x:SPSDD)"
CR2-22375-22375010-3e8a40ea,22375/22375010/,Z062N088M0,mxw,K.Guber,1993,exclude,,dataset,R3_TWIN_SUPERSEDED,140,10000.0,12000.0,0.7035,0.0061,R3,,,null,,,,,,"EXCLUDE (R3_TWIN_SUPERSEDED) Z062N088M0 mxw 22375/22375010/, dataset scope, 8 cell(s) 1e+04-1e+05 eV; rules R3; twin of 22374/22374015/ (x:SPSDD)"
CR2-22375-22375010-3e8a40ea,22375/22375010/,Z062N088M0,mxw,K.Guber,1993,exclude,,dataset,R3_TWIN_SUPERSEDED,143,20000.0,25000.0,0.48,0.0033,R3,,,null,,,,,,"EXCLUDE (R3_TWIN_SUPERSEDED) Z062N088M0 mxw 22375/22375010/, dataset scope, 8 cell(s) 1e+04-1e+05 eV; rules R3; twin of 22374/22374015/ (x:SPSDD)"
CR2-22375-22375010-3e8a40ea,22375/22375010/,Z062N088M0,mxw,K.Guber,1993,exclude,,dataset,R3_TWIN_SUPERSEDED,144,30000.0,30000.0,0.422,0.0041,R3,,,null,,,,,,"EXCLUDE (R3_TWIN_SUPERSEDED) Z062N088M0 mxw 22375/22375010/, dataset scope, 8 cell(s) 1e+04-1e+05 eV; rules R3; twin of 22374/22374015/ (x:SPSDD)"
CR2-22375-22375010-3e8a40ea,22375/22375010/,Z062N088M0,mxw,K.Guber,1993,exclude,,dataset,R3_TWIN_SUPERSEDED,146,40000.0,50000.0,0.367,0.0021,R3,,,null,,,,,,"EXCLUDE (R3_TWIN_SUPERSEDED) Z062N088M0 mxw 22375/22375010/, dataset scope, 8 cell(s) 1e+04-1e+05 eV; rules R3; twin of 22374/22374015/ (x:SPSDD)"
CR2-22375-22375010-3e8a40ea,22375/22375010/,Z062N088M0,mxw,K.Guber,1993,exclude,,dataset,R3_TWIN_SUPERSEDED,147,52000.0,60000.0,0.343,0.0018,R3,,,null,,,,,,"EXCLUDE (R3_TWIN_SUPERSEDED) Z062N088M0 mxw 22375/22375010/, dataset scope, 8 cell(s) 1e+04-1e+05 eV; rules R3; twin of 22374/22374015/ (x:SPSDD)"
CR2-22375-22375010-3e8a40ea,22375/22375010/,Z062N088M0,mxw,K.Guber,1993,exclude,,dataset,R3_TWIN_SUPERSEDED,148,70000.0,70000.0,0.323,0.0027,R3,,,null,,,,,,"EXCLUDE (R3_TWIN_SUPERSEDED) Z062N088M0 mxw 22375/22375010/, dataset scope, 8 cell(s) 1e+04-1e+05 eV; rules R3; twin of 22374/22374015/ (x:SPSDD)"
CR2-22375-22375010-3e8a40ea,22375/22375010/,Z062N088M0,mxw,K.Guber,1993,exclude,,dataset,R3_TWIN_SUPERSEDED,149,80000.0,90000.0,0.307,0.003,R3,,,null,,,,,,"EXCLUDE (R3_TWIN_SUPERSEDED) Z062N088M0 mxw 22375/22375010/, dataset scope, 8 cell(s) 1e+04-1e+05 eV; rules R3; twin of 22374/22374015/ (x:SPSDD)"
CR2-22375-22375010-3e8a40ea,22375/22375010/,Z062N088M0,mxw,K.Guber,1993,exclude,,dataset,R3_TWIN_SUPERSEDED,150,100000.0,100000.0,0.293,0.0059,R3,,,null,,,,,,"EXCLUDE (R3_TWIN_SUPERSEDED) Z062N088M0 mxw 22375/22375010/, dataset scope, 8 cell(s) 1e+04-1e+05 eV; rules R3; twin of 22374/22374015/ (x:SPSDD)"
CR2-22375-22375011-b4610dc8,22375/22375011/,Z062N090M0,mxw,K.Guber,1993,exclude,,dataset,R3_TWIN_SUPERSEDED,140,10000.0,12000.0,0.8355,0.0061,R3,,,null,,,,,,"EXCLUDE (R3_TWIN_SUPERSEDED) Z062N090M0 mxw 22375/22375011/, dataset scope, 8 cell(s) 1e+04-1e+05 eV; rules R3; twin of 22374/22374016/ (x:SPSDD)"
CR2-22375-22375011-b4610dc8,22375/22375011/,Z062N090M0,mxw,K.Guber,1993,exclude,,dataset,R3_TWIN_SUPERSEDED,143,20000.0,25000.0,0.562,0.0033,R3,,,null,,,,,,"EXCLUDE (R3_TWIN_SUPERSEDED) Z062N090M0 mxw 22375/22375011/, dataset scope, 8 cell(s) 1e+04-1e+05 eV; rules R3; twin of 22374/22374016/ (x:SPSDD)"
CR2-22375-22375011-b4610dc8,22375/22375011/,Z062N090M0,mxw,K.Guber,1993,exclude,,dataset,R3_TWIN_SUPERSEDED,144,30000.0,30000.0,0.483,0.0036,R3,,,null,,,,,,"EXCLUDE (R3_TWIN_SUPERSEDED) Z062N090M0 mxw 22375/22375011/, dataset scope, 8 cell(s) 1e+04-1e+05 eV; rules R3; twin of 22374/22374016/ (x:SPSDD)"
CR2-22375-22375011-b4610dc8,22375/22375011/,Z062N090M0,mxw,K.Guber,1993,exclude,,dataset,R3_TWIN_SUPERSEDED,146,40000.0,50000.0,0.395,0.0023,R3,,,null,,,,,,"EXCLUDE (R3_TWIN_SUPERSEDED) Z062N090M0 mxw 22375/22375011/, dataset scope, 8 cell(s) 1e+04-1e+05 eV; rules R3; twin of 22374/22374016/ (x:SPSDD)"
CR2-22375-22375011-b4610dc8,22375/22375011/,Z062N090M0,mxw,K.Guber,1993,exclude,,dataset,R3_TWIN_SUPERSEDED,147,52000.0,60000.0,0.3515,0.0026,R3,,,null,,,,,,"EXCLUDE (R3_TWIN_SUPERSEDED) Z062N090M0 mxw 22375/22375011/, dataset scope, 8 cell(s) 1e+04-1e+05 eV; rules R3; twin of 22374/22374016/ (x:SPSDD)"
CR2-22375-22375011-b4610dc8,22375/22375011/,Z062N090M0,mxw,K.Guber,1993,exclude,,dataset,R3_TWIN_SUPERSEDED,148,70000.0,70000.0,0.311,0.0028,R3,,,null,,,,,,"EXCLUDE (R3_TWIN_SUPERSEDED) Z062N090M0 mxw 22375/22375011/, dataset scope, 8 cell(s) 1e+04-1e+05 eV; rules R3; twin of 22374/22374016/ (x:SPSDD)"
CR2-22375-22375011-b4610dc8,22375/22375011/,Z062N090M0,mxw,K.Guber,1993,exclude,,dataset,R3_TWIN_SUPERSEDED,149,80000.0,90000.0,0.28,0.0022,R3,,,null,,,,,,"EXCLUDE (R3_TWIN_SUPERSEDED) Z062N090M0 mxw 22375/22375011/, dataset scope, 8 cell(s) 1e+04-1e+05 eV; rules R3; twin of 22374/22374016/ (x:SPSDD)"
CR2-22375-22375011-b4610dc8,22375/22375011/,Z062N090M0,mxw,K.Guber,1993,exclude,,dataset,R3_TWIN_SUPERSEDED,150,100000.0,100000.0,0.255,0.0051,R3,,,null,,,,,,"EXCLUDE (R3_TWIN_SUPERSEDED) Z062N090M0 mxw 22375/22375011/, dataset scope, 8 cell(s) 1e+04-1e+05 eV; rules R3; twin of 22374/22374016/ (x:SPSDD)"
CR2-22376-22376002-2242b1d6,22376/22376002/,Z061N086M0,mxw,Th.W.Gerstenhoefer,1993,exclude,,dataset,R3_TWIN_SUPERSEDED,143,25000.0,25000.0,0.301,0.0567,R3,,,null,,,,,,"EXCLUDE (R3_TWIN_SUPERSEDED) Z061N086M0 mxw 22376/22376002/, dataset scope, 1 cell(s) 2.5e+04-2.5e+04 eV; rules R3; twin of 22376/22376005/2 (x:SPSDD)"
CR2-22376-22376003-cbd876a0,22376/22376003/,Z061N086M0,mxw,Th.W.Gerstenhoefer,1993,exclude,,dataset,R3_TWIN_SUPERSEDED,143,25000.0,25000.0,0.202,0.0639,R3,,,null,,,,,,"EXCLUDE (R3_TWIN_SUPERSEDED) Z061N086M0 mxw 22376/22376003/, dataset scope, 1 cell(s) 2.5e+04-2.5e+04 eV; rules R3; twin of 22376/22376006/2 (x:renorm)"
CR2-22376-22376004-dbfbe080,22376/22376004/,Z062N085M0,mxw,Th.W.Gerstenhoefer,1993,exclude,,dataset,R3_TWIN_SUPERSEDED,143,25000.0,25000.0,0.933,0.0185,R3,,,null,,,,,,"EXCLUDE (R3_TWIN_SUPERSEDED) Z062N085M0 mxw 22376/22376004/, dataset scope, 1 cell(s) 2.5e+04-2.5e+04 eV; rules R3; twin of 22376/22376007/2 (x:SPSDD)"
CR2-22448-22448002-bd36d30a,22448/22448002/,Z055N080M0,mxw,S.Jaag,1997,exclude,,dataset,R3_TWIN_SUPERSEDED,144,30000.0,30000.0,0.198,0.0358,R3,,,null,,,,,,"EXCLUDE (R3_TWIN_SUPERSEDED) Z055N080M0 mxw 22448/22448002/, dataset scope, 1 cell(s) 3e+04-3e+04 eV; rules R3; twin of 22448/22448003/ (x:SPSDD)"
CR2-22450-22450038-1-c9b2eb71,22450/22450038/1,Z068NAT,sig,K.Knopf,1997,exclude,,dataset,R3_TWIN_SUPERSEDED,67,0.000568,0.000568,141.0,0.0181,R3,,,null,,,,,,"EXCLUDE (R3_TWIN_SUPERSEDED) Z068NAT sig 22450/22450038/1, dataset scope, 1 cell(s) 0.000568-0.000568 eV; rules R3; twin of 22450/22450038/2 (d:exact)"
CR2-22451-22451019-1-93c9e2df,22451/22451019/1,Z050NAT,sig,K.KNOPF,1997,exclude,,dataset,R5X_INTER_DATASET_SCATTER,84,0.0253,0.0253,3.7,0.0339,R5x,0.779037,2,"[-0.772, -0.786]",,,,,,"EXCLUDE (R5X_INTER_DATASET_SCATTER) Z050NAT sig 22451/22451019/1, dataset scope, 1 cell(s) 0.0253-0.0253 eV; rules R5x; d=+0.78 dex vs 2 independent series"
CR2-22451-22451019-2-65ddbfe7,22451/22451019/2,Z050NAT,sig,K.KNOPF,1997,exclude,,dataset,R5X_INTER_DATASET_SCATTER,84,0.0253,0.0253,3.8,0.0637,R5x,0.790619,2,"[-0.783, -0.798]",,,,,,"EXCLUDE (R5X_INTER_DATASET_SCATTER) Z050NAT sig 22451/22451019/2, dataset scope, 1 cell(s) 0.0253-0.0253 eV; rules R5x; d=+0.79 dex vs 2 independent series"
CR2-22451-22451019-3-edc9c74a,22451/22451019/3,Z050NAT,sig,K.KNOPF,1997,exclude,,dataset,R3_TWIN_SUPERSEDED,84,0.0253,0.0253,3.7,0.0446,R3,,,null,,,,,,"EXCLUDE (R3_TWIN_SUPERSEDED) Z050NAT sig 22451/22451019/3, dataset scope, 1 cell(s) 0.0253-0.0253 eV; rules R3; twin of 22451/22451019/1 (d:exact)"
CR2-22451-22451019-4-0546a865,22451/22451019/4,Z050NAT,sig,K.KNOPF,1997,exclude,,dataset,R3_TWIN_SUPERSEDED,84,0.0253,0.0253,3.7,0.0446,R3,,,null,,,,,,"EXCLUDE (R3_TWIN_SUPERSEDED) Z050NAT sig 22451/22451019/4, dataset scope, 1 cell(s) 0.0253-0.0253 eV; rules R3; twin of 22451/22451019/1 (d:exact)"
CR2-22451-22451019-5-3ccbbb96,22451/22451019/5,Z050NAT,sig,K.KNOPF,1997,exclude,,dataset,R3_TWIN_SUPERSEDED,84,0.0253,0.0253,3.8,0.0637,R3,,,null,,,,,,"EXCLUDE (R3_TWIN_SUPERSEDED) Z050NAT sig 22451/22451019/5, dataset scope, 1 cell(s) 0.0253-0.0253 eV; rules R3; twin of 22451/22451019/2 (d:exact)"
CR2-22451-22451021-67049a07,22451/22451021/,Z050NAT,sig,K.KNOPF,1997,exclude,,dataset,R3_TWIN_SUPERSEDED,84,0.0253,0.0253,3.8,0.083,R3,,,null,,,,,,"EXCLUDE (R3_TWIN_SUPERSEDED) Z050NAT sig 22451/22451021/, dataset scope, 1 cell(s) 0.0253-0.0253 eV; rules R3; twin of 22451/22451019/2 (d:exact)"
CR2-22454-22454002-e74dea5d,22454/22454002/,Z066N098M0,sig,Do-Sung Kim,1999,exclude,,dataset,R3_TWIN_SUPERSEDED,84,0.0253,0.0253,2656.242311,0.0107,R3,,,null,,,,,,"EXCLUDE (R3_TWIN_SUPERSEDED) Z066N098M0 sig 22454/22454002/, dataset scope, 1 cell(s) 0.0253-0.0253 eV; rules R3; twin of 22862/22862002/ (x:SPSDD)"
CR2-22454-22454003-35d01e90,22454/22454003/,Z072N108M0,sig,Do-Sung Kim,1999,exclude,,dataset,R3_TWIN_SUPERSEDED,84,0.0253,0.0253,13.04119,0.0099,R3,,,null,,,,,,"EXCLUDE (R3_TWIN_SUPERSEDED) Z072N108M0 sig 22454/22454003/, dataset scope, 1 cell(s) 0.0253-0.0253 eV; rules R3; twin of 22862/22862004/ (x:SPSDD)"
CR2-22459-22459002-ec28a65b,22459/22459002/,Z063N092M0,mxw,S.Jaag,1995,exclude,,dataset,R3_TWIN_SUPERSEDED,143,25000.0,25000.0,1.47,0.0258,R3,,,null,,,,,,"EXCLUDE (R3_TWIN_SUPERSEDED) Z063N092M0 mxw 22459/22459002/, dataset scope, 1 cell(s) 2.5e+04-2.5e+04 eV; rules R3; twin of 22459/22459006/2 (x:SPSDD)"
CR2-22459-22459005-84ffd2db,22459/22459005/,Z063N092M0,mxw,S.Jaag,1995,exclude,,dataset,R3_TWIN_SUPERSEDED,144,30000.0,30000.0,1.32,0.0268,R3,,,null,,,,,,"EXCLUDE (R3_TWIN_SUPERSEDED) Z063N092M0 mxw 22459/22459005/, dataset scope, 1 cell(s) 3e+04-3e+04 eV; rules R3; twin of 22459/22459007/ (x:SPSDD)"
CR2-22539-22539002-1c038400,22539/22539002/,Z092N144M0,sig,J.F.BARRY,1961,downweight,0.25,cells,R5D_INTER_DATASET_SCATTER,157,560000.0,560000.0,0.403,0.0332,R5d,0.423548,4,"[-0.449, -0.398, -0.608, -0.353]",0.292,,,,,"DOWNWEIGHT (R5D_INTER_DATASET_SCATTER) Z092N144M0 sig 22539/22539002/, cells scope, 1 cell(s) 5.6e+05-5.6e+05 eV; rules R5d; d=+0.42 dex vs 4 independent series; series median +0.29 over 5 cells"
CR2-22541-22541002-16a9301f,22541/22541002/,Z092N146M0,sig,M.C.MOXON,2006,exclude,,cells,R1_RECORD_PROVEN_ERROR,134,2517.63,3152.88,0.632358,0.0048,R1,,,null,,,,,RF002,"EXCLUDE (R1_RECORD_PROVEN_ERROR) Z092N146M0 sig 22541/22541002/, cells scope, 20 cell(s) 2518-2.473e+05 eV; rules R1"
CR2-22541-22541002-16a9301f,22541/22541002/,Z092N146M0,sig,M.C.MOXON,2006,exclude,,cells,R1_RECORD_PROVEN_ERROR,135,3171.74,3955.17,0.583198,0.0049,R1,,,null,,,,,RF002,"EXCLUDE (R1_RECORD_PROVEN_ERROR) Z092N146M0 sig 22541/22541002/, cells scope, 20 cell(s) 2518-2.473e+05 eV; rules R1"
CR2-22541-22541002-16a9301f,22541/22541002/,Z092N146M0,sig,M.C.MOXON,2006,exclude,,cells,R1_RECORD_PROVEN_ERROR,136,3981.68,4993.56,0.439885,0.0053,R1,,,null,,,,,RF002,"EXCLUDE (R1_RECORD_PROVEN_ERROR) Z092N146M0 sig 22541/22541002/, cells scope, 20 cell(s) 2518-2.473e+05 eV; rules R1"
CR2-22541-22541002-16a9301f,22541/22541002/,Z092N146M0,sig,M.C.MOXON,2006,exclude,,cells,R1_RECORD_PROVEN_ERROR,137,5031.19,6285.02,0.457581,0.0053,R1,,,null,,,,,RF002,"EXCLUDE (R1_RECORD_PROVEN_ERROR) Z092N146M0 sig 22541/22541002/, cells scope, 20 cell(s) 2518-2.473e+05 eV; rules R1"
CR2-22541-22541002-16a9301f,22541/22541002/,Z092N146M0,sig,M.C.MOXON,2006,exclude,,cells,R1_RECORD_PROVEN_ERROR,138,6338.19,7921.74,0.378821,0.0055,R1,,,null,,,,,RF002,"EXCLUDE (R1_RECORD_PROVEN_ERROR) Z092N146M0 sig 22541/22541002/, cells scope, 20 cell(s) 2518-2.473e+05 eV; rules R1"
CR2-22541-22541002-16a9301f,22541/22541002/,Z092N146M0,sig,M.C.MOXON,2006,exclude,,cells,R1_RECORD_PROVEN_ERROR,139,7997.03,9967.9,0.334289,0.0057,R1,,,null,,,,,RF002,"EXCLUDE (R1_RECORD_PROVEN_ERROR) Z092N146M0 sig 22541/22541002/, cells scope, 20 cell(s) 2518-2.473e+05 eV; rules R1"
CR2-22541-22541002-16a9301f,22541/22541002/,Z092N146M0,sig,M.C.MOXON,2006,exclude,,cells,R1_RECORD_PROVEN_ERROR,140,10074.3,12467.9,0.309367,0.0059,R1,,,null,,,,,RF002,"EXCLUDE (R1_RECORD_PROVEN_ERROR) Z092N146M0 sig 22541/22541002/, cells scope, 20 cell(s) 2518-2.473e+05 eV; rules R1"
CR2-22541-22541002-16a9301f,22541/22541002/,Z092N146M0,sig,M.C.MOXON,2006,exclude,,cells,R1_RECORD_PROVEN_ERROR,141,12616.8,15828.1,0.292785,0.0059,R1,,,null,,,,,RF002,"EXCLUDE (R1_RECORD_PROVEN_ERROR) Z092N146M0 sig 22541/22541002/, cells scope, 20 cell(s) 2518-2.473e+05 eV; rules R1"
CR2-22541-22541002-16a9301f,22541/22541002/,Z092N146M0,sig,M.C.MOXON,2006,exclude,,cells,R1_RECORD_PROVEN_ERROR,142,16041.4,19835.8,0.256437,0.0063,R1,,,null,,,,,RF002,"EXCLUDE (R1_RECORD_PROVEN_ERROR) Z092N146M0 sig 22541/22541002/, cells scope, 20 cell(s) 2518-2.473e+05 eV; rules R1"
CR2-22541-22541002-16a9301f,22541/22541002/,Z092N146M0,sig,M.C.MOXON,2006,exclude,,cells,R1_RECORD_PROVEN_ERROR,143,20135.4,24737.2,0.225609,0.0066,R1,,,null,,,,,RF002,"EXCLUDE (R1_RECORD_PROVEN_ERROR) Z092N146M0 sig 22541/22541002/, cells scope, 20 cell(s) 2518-2.473e+05 eV; rules R1"
CR2-22541-22541002-16a9301f,22541/22541002/,Z092N146M0,sig,M.C.MOXON,2006,exclude,,cells,R1_RECORD_PROVEN_ERROR,144,25154.9,31117.7,0.200115,0.0069,R1,,,null,,,,,RF002,"EXCLUDE (R1_RECORD_PROVEN_ERROR) Z092N146M0 sig 22541/22541002/, cells scope, 20 cell(s) 2518-2.473e+05 eV; rules R1"
CR2-22541-22541002-16a9301f,22541/22541002/,Z092N146M0,sig,M.C.MOXON,2006,exclude,,cells,R1_RECORD_PROVEN_ERROR,145,31707.9,39482.0,0.193478,0.0075,R1,,,null,,,,,RF002,"EXCLUDE (R1_RECORD_PROVEN_ERROR) Z092N146M0 sig 22541/22541002/, cells scope, 20 cell(s) 2518-2.473e+05 eV; rules R1"
CR2-22541-22541002-16a9301f,22541/22541002/,Z092N146M0,sig,M.C.MOXON,2006,exclude,,cells,R1_RECORD_PROVEN_ERROR,146,40327.2,49326.9,0.161775,0.0076,R1,,,null,,,,,RF002,"EXCLUDE (R1_RECORD_PROVEN_ERROR) Z092N146M0 sig 22541/22541002/, cells scope, 20 cell(s) 2518-2.473e+05 eV; rules R1"
CR2-22541-22541002-16a9301f,22541/22541002/,Z092N146M0,sig,M.C.MOXON,2006,exclude,,cells,R1_RECORD_PROVEN_ERROR,147,50509.4,61713.4,0.124973,0.0079,R1,,,null,,,,,RF002,"EXCLUDE (R1_RECORD_PROVEN_ERROR) Z092N146M0 sig 22541/22541002/, cells scope, 20 cell(s) 2518-2.473e+05 eV; rules R1"
CR2-22541-22541002-16a9301f,22541/22541002/,Z092N146M0,sig,M.C.MOXON,2006,exclude,,cells,R1_RECORD_PROVEN_ERROR,148,63371.7,79426.4,0.098081,0.0079,R1,,,null,,,,,RF002,"EXCLUDE (R1_RECORD_PROVEN_ERROR) Z092N146M0 sig 22541/22541002/, cells scope, 20 cell(s) 2518-2.473e+05 eV; rules R1"
CR2-22541-22541002-16a9301f,22541/22541002/,Z092N146M0,sig,M.C.MOXON,2006,exclude,,cells,R1_RECORD_PROVEN_ERROR,149,81854.1,99064.6,0.086583,0.0094,R1,,,null,,,,,RF002,"EXCLUDE (R1_RECORD_PROVEN_ERROR) Z092N146M0 sig 22541/22541002/, cells scope, 20 cell(s) 2518-2.473e+05 eV; rules R1"
CR2-22541-22541002-16a9301f,22541/22541002/,Z092N146M0,sig,M.C.MOXON,2006,exclude,,cells,R1_RECORD_PROVEN_ERROR,150,102455.0,122334.0,0.074189,0.0095,R1,,,null,,,,,RF002,"EXCLUDE (R1_RECORD_PROVEN_ERROR) Z092N146M0 sig 22541/22541002/, cells scope, 20 cell(s) 2518-2.473e+05 eV; rules R1"
CR2-22541-22541002-16a9301f,22541/22541002/,Z092N146M0,sig,M.C.MOXON,2006,exclude,,cells,R1_RECORD_PROVEN_ERROR,151,127000.0,154879.0,0.064186,0.0099,R1,,,null,,,,,RF002,"EXCLUDE (R1_RECORD_PROVEN_ERROR) Z092N146M0 sig 22541/22541002/, cells scope, 20 cell(s) 2518-2.473e+05 eV; rules R1"
CR2-22541-22541002-16a9301f,22541/22541002/,Z092N146M0,sig,M.C.MOXON,2006,exclude,,cells,R1_RECORD_PROVEN_ERROR,152,161550.0,193057.0,0.059067,0.0111,R1,,,null,,,,,RF002,"EXCLUDE (R1_RECORD_PROVEN_ERROR) Z092N146M0 sig 22541/22541002/, cells scope, 20 cell(s) 2518-2.473e+05 eV; rules R1"
CR2-22541-22541002-16a9301f,22541/22541002/,Z092N146M0,sig,M.C.MOXON,2006,exclude,,cells,R1_RECORD_PROVEN_ERROR,153,202376.0,247311.0,0.001604,3.6527,R1,,,null,,,,,RF002,"EXCLUDE (R1_RECORD_PROVEN_ERROR) Z092N146M0 sig 22541/22541002/, cells scope, 20 cell(s) 2518-2.473e+05 eV; rules R1"
CR2-22541-22541003-4d863b82,22541/22541003/,Z092N146M0,sig,M.C.MOXON,2006,exclude,,cells,R1_RECORD_PROVEN_ERROR,134,2517.63,3152.88,1.372702,0.0048,R1,,,null,,,,,RF003,"EXCLUDE (R1_RECORD_PROVEN_ERROR) Z092N146M0 sig 22541/22541003/, cells scope, 20 cell(s) 2518-2.473e+05 eV; rules R1"
CR2-22541-22541003-4d863b82,22541/22541003/,Z092N146M0,sig,M.C.MOXON,2006,exclude,,cells,R1_RECORD_PROVEN_ERROR,135,3171.74,3955.17,1.288519,0.0049,R1,,,null,,,,,RF003,"EXCLUDE (R1_RECORD_PROVEN_ERROR) Z092N146M0 sig 22541/22541003/, cells scope, 20 cell(s) 2518-2.473e+05 eV; rules R1"
CR2-22541-22541003-4d863b82,22541/22541003/,Z092N146M0,sig,M.C.MOXON,2006,exclude,,cells,R1_RECORD_PROVEN_ERROR,136,3981.68,4993.56,0.986891,0.0053,R1,,,null,,,,,RF003,"EXCLUDE (R1_RECORD_PROVEN_ERROR) Z092N146M0 sig 22541/22541003/, cells scope, 20 cell(s) 2518-2.473e+05 eV; rules R1"
CR2-22541-22541003-4d863b82,22541/22541003/,Z092N146M0,sig,M.C.MOXON,2006,exclude,,cells,R1_RECORD_PROVEN_ERROR,137,5031.19,6285.02,1.061269,0.0053,R1,,,null,,,,,RF003,"EXCLUDE (R1_RECORD_PROVEN_ERROR) Z092N146M0 sig 22541/22541003/, cells scope, 20 cell(s) 2518-2.473e+05 eV; rules R1"
CR2-22541-22541003-4d863b82,22541/22541003/,Z092N146M0,sig,M.C.MOXON,2006,exclude,,cells,R1_RECORD_PROVEN_ERROR,138,6338.19,7921.74,0.872104,0.0055,R1,,,null,,,,,RF003,"EXCLUDE (R1_RECORD_PROVEN_ERROR) Z092N146M0 sig 22541/22541003/, cells scope, 20 cell(s) 2518-2.473e+05 eV; rules R1"
CR2-22541-22541003-4d863b82,22541/22541003/,Z092N146M0,sig,M.C.MOXON,2006,exclude,,cells,R1_RECORD_PROVEN_ERROR,139,7997.03,9967.9,0.777448,0.0057,R1,,,null,,,,,RF003,"EXCLUDE (R1_RECORD_PROVEN_ERROR) Z092N146M0 sig 22541/22541003/, cells scope, 20 cell(s) 2518-2.473e+05 eV; rules R1"
CR2-22541-22541003-4d863b82,22541/22541003/,Z092N146M0,sig,M.C.MOXON,2006,exclude,,cells,R1_RECORD_PROVEN_ERROR,140,10074.3,12467.9,0.726765,0.0059,R1,,,null,,,,,RF003,"EXCLUDE (R1_RECORD_PROVEN_ERROR) Z092N146M0 sig 22541/22541003/, cells scope, 20 cell(s) 2518-2.473e+05 eV; rules R1"
CR2-22541-22541003-4d863b82,22541/22541003/,Z092N146M0,sig,M.C.MOXON,2006,exclude,,cells,R1_RECORD_PROVEN_ERROR,141,12616.8,15828.1,0.694579,0.0059,R1,,,null,,,,,RF003,"EXCLUDE (R1_RECORD_PROVEN_ERROR) Z092N146M0 sig 22541/22541003/, cells scope, 20 cell(s) 2518-2.473e+05 eV; rules R1"
CR2-22541-22541003-4d863b82,22541/22541003/,Z092N146M0,sig,M.C.MOXON,2006,exclude,,cells,R1_RECORD_PROVEN_ERROR,142,16041.4,19835.8,0.6116,0.0063,R1,,,null,,,,,RF003,"EXCLUDE (R1_RECORD_PROVEN_ERROR) Z092N146M0 sig 22541/22541003/, cells scope, 20 cell(s) 2518-2.473e+05 eV; rules R1"
CR2-22541-22541003-4d863b82,22541/22541003/,Z092N146M0,sig,M.C.MOXON,2006,exclude,,cells,R1_RECORD_PROVEN_ERROR,143,20135.4,24737.2,0.540929,0.0066,R1,,,null,,,,,RF003,"EXCLUDE (R1_RECORD_PROVEN_ERROR) Z092N146M0 sig 22541/22541003/, cells scope, 20 cell(s) 2518-2.473e+05 eV; rules R1"
CR2-22541-22541003-4d863b82,22541/22541003/,Z092N146M0,sig,M.C.MOXON,2006,exclude,,cells,R1_RECORD_PROVEN_ERROR,144,25154.9,31117.7,0.482338,0.0069,R1,,,null,,,,,RF003,"EXCLUDE (R1_RECORD_PROVEN_ERROR) Z092N146M0 sig 22541/22541003/, cells scope, 20 cell(s) 2518-2.473e+05 eV; rules R1"
CR2-22541-22541003-4d863b82,22541/22541003/,Z092N146M0,sig,M.C.MOXON,2006,exclude,,cells,R1_RECORD_PROVEN_ERROR,145,31707.9,39482.0,0.474558,0.0075,R1,,,null,,,,,RF003,"EXCLUDE (R1_RECORD_PROVEN_ERROR) Z092N146M0 sig 22541/22541003/, cells scope, 20 cell(s) 2518-2.473e+05 eV; rules R1"
CR2-22541-22541003-4d863b82,22541/22541003/,Z092N146M0,sig,M.C.MOXON,2006,exclude,,cells,R1_RECORD_PROVEN_ERROR,146,40327.2,49326.9,0.39019,0.0076,R1,,,null,,,,,RF003,"EXCLUDE (R1_RECORD_PROVEN_ERROR) Z092N146M0 sig 22541/22541003/, cells scope, 20 cell(s) 2518-2.473e+05 eV; rules R1"
CR2-22541-22541003-4d863b82,22541/22541003/,Z092N146M0,sig,M.C.MOXON,2006,exclude,,cells,R1_RECORD_PROVEN_ERROR,147,50509.4,61713.4,0.303744,0.0079,R1,,,null,,,,,RF003,"EXCLUDE (R1_RECORD_PROVEN_ERROR) Z092N146M0 sig 22541/22541003/, cells scope, 20 cell(s) 2518-2.473e+05 eV; rules R1"
CR2-22541-22541003-4d863b82,22541/22541003/,Z092N146M0,sig,M.C.MOXON,2006,exclude,,cells,R1_RECORD_PROVEN_ERROR,148,63371.7,79426.4,0.239789,0.0081,R1,,,null,,,,,RF003,"EXCLUDE (R1_RECORD_PROVEN_ERROR) Z092N146M0 sig 22541/22541003/, cells scope, 20 cell(s) 2518-2.473e+05 eV; rules R1"
CR2-22541-22541003-4d863b82,22541/22541003/,Z092N146M0,sig,M.C.MOXON,2006,exclude,,cells,R1_RECORD_PROVEN_ERROR,149,81854.1,99064.6,0.213914,0.0094,R1,,,null,,,,,RF003,"EXCLUDE (R1_RECORD_PROVEN_ERROR) Z092N146M0 sig 22541/22541003/, cells scope, 20 cell(s) 2518-2.473e+05 eV; rules R1"
CR2-22541-22541003-4d863b82,22541/22541003/,Z092N146M0,sig,M.C.MOXON,2006,exclude,,cells,R1_RECORD_PROVEN_ERROR,150,102455.0,122334.0,0.20185,0.0096,R1,,,null,,,,,RF003,"EXCLUDE (R1_RECORD_PROVEN_ERROR) Z092N146M0 sig 22541/22541003/, cells scope, 20 cell(s) 2518-2.473e+05 eV; rules R1"
CR2-22541-22541003-4d863b82,22541/22541003/,Z092N146M0,sig,M.C.MOXON,2006,exclude,,cells,R1_RECORD_PROVEN_ERROR,151,127000.0,154879.0,0.215383,0.0099,R1,,,null,,,,,RF003,"EXCLUDE (R1_RECORD_PROVEN_ERROR) Z092N146M0 sig 22541/22541003/, cells scope, 20 cell(s) 2518-2.473e+05 eV; rules R1"
CR2-22541-22541003-4d863b82,22541/22541003/,Z092N146M0,sig,M.C.MOXON,2006,exclude,,cells,R1_RECORD_PROVEN_ERROR,152,161550.0,193057.0,0.2502,0.0111,R1,,,null,,,,,RF003,"EXCLUDE (R1_RECORD_PROVEN_ERROR) Z092N146M0 sig 22541/22541003/, cells scope, 20 cell(s) 2518-2.473e+05 eV; rules R1"
CR2-22541-22541003-4d863b82,22541/22541003/,Z092N146M0,sig,M.C.MOXON,2006,exclude,,cells,R1_RECORD_PROVEN_ERROR,153,202376.0,247311.0,0.007899,3.7405,R1,,,null,,,,,RF003,"EXCLUDE (R1_RECORD_PROVEN_ERROR) Z092N146M0 sig 22541/22541003/, cells scope, 20 cell(s) 2518-2.473e+05 eV; rules R1"
CR2-22580-22580005-cf406c57,22580/22580005/,Z033N042M0,sig,L.E.Beghian,1949,exclude,,dataset,R5X_INTER_DATASET_SCATTER,159,900000.0,900000.0,0.081,0.036,R5x,0.525688,2,"[-0.446, -0.605]",0.323,,,,,"EXCLUDE (R5X_INTER_DATASET_SCATTER) Z033N042M0 sig 22580/22580005/, dataset scope, 1 cell(s) 9e+05-9e+05 eV; rules R5x; d=+0.53 dex vs 2 independent series; series median +0.32 over 7 cells"
CR2-22580-22580008-1f2cb1e3,22580/22580008/,Z047N060M0,sig,L.E.Beghian,1949,downweight,0.25,dataset,R6D_SERIES_SYSTEMATIC,159,900000.0,900000.0,0.37,0.0753,R6d,0.406181,1,[-0.406],0.323,,,,,"DOWNWEIGHT (R6D_SERIES_SYSTEMATIC) Z047N060M0 sig 22580/22580008/, dataset scope, 1 cell(s) 9e+05-9e+05 eV; rules R6d; d=+0.41 dex vs 1 independent series (bins +-1); series median +0.32 over 7 cells"
CR2-22580-22580011-9cff4ba0,22580/22580011/,Z053N074M0,sig,L.E.Beghian,1949,downweight,0.25,dataset,R6D_SERIES_SYSTEMATIC,159,900000.0,900000.0,0.18,0.0669,R6d,0.323472,5,"[-0.404, -0.323, -0.145, -0.251, -0.355]",0.407,,,,,"DOWNWEIGHT (R6D_SERIES_SYSTEMATIC) Z053N074M0 sig 22580/22580011/, dataset scope, 1 cell(s) 9e+05-9e+05 eV; rules R6d; d=+0.32 dex vs 5 independent series; series median +0.41 over 7 cells"
CR2-22580-22580015-dcba854d,22580/22580015/,Z078N120M0,sig,L.E.Beghian,1949,exclude,,dataset,R10X_ISOTOPIC_SYSTEMATIC,159,900000.0,900000.0,0.48,0.17,R10x,1.22508,1,[-1.225],0.323,0.726,,,,"EXCLUDE (R10X_ISOTOPIC_SYSTEMATIC) Z078N120M0 sig 22580/22580015/, dataset scope, 1 cell(s) 9e+05-9e+05 eV; rules R10x; d=+1.23 dex vs 1 independent series (bins +-1); series median +0.32 over 7 cells; isotopic d=+0.73 dex vs 2 neighbours"
CR2-22580-22580016-3453aff0,22580/22580016/,Z079N118M0,sig,L.E.Beghian,1949,exclude,,dataset,R5X_INTER_DATASET_SCATTER,159,900000.0,900000.0,0.49,0.0657,R5x,0.704781,16,"[-0.731, -0.751, -0.762, -0.673, -0.669, -0.633, -0.702, -0.682, -0.603, -0.692, -0.692, -0.809, -0.708, -0.779, -0.729, -0.748]",0.323,,,,,"EXCLUDE (R5X_INTER_DATASET_SCATTER) Z079N118M0 sig 22580/22580016/, dataset scope, 1 cell(s) 9e+05-9e+05 eV; rules R5x; d=+0.70 dex vs 16 independent series; series median +0.32 over 7 cells"
CR2-22603-22603002-1-8ff94eff,22603/22603002/1,Z062N090M0,mxw,H.Beer,1984,exclude,,dataset,R3_TWIN_SUPERSEDED,143,25000.0,25000.0,0.43,0.0043,R3,,,null,,,,,,"EXCLUDE (R3_TWIN_SUPERSEDED) Z062N090M0 mxw 22603/22603002/1, dataset scope, 1 cell(s) 2.5e+04-2.5e+04 eV; rules R3; twin of 22603/22603007/2 (x:renorm)"
CR2-22603-22603002-2-ce604849,22603/22603002/2,Z062N090M0,mxw,H.Beer,1984,exclude,,dataset,R3_TWIN_SUPERSEDED,144,30000.0,30000.0,0.401,0.0043,R3,,,null,,,,,,"EXCLUDE (R3_TWIN_SUPERSEDED) Z062N090M0 mxw 22603/22603002/2, dataset scope, 1 cell(s) 3e+04-3e+04 eV; rules R3; twin of 22603/22603007/3 (x:renorm)"
CR2-22603-22603003-1-3f54238e,22603/22603003/1,Z063N088M0,mxw,H.Beer,1984,exclude,,dataset,R3_TWIN_SUPERSEDED,143,25000.0,25000.0,1.766,0.0043,R3,,,null,,,,,,"EXCLUDE (R3_TWIN_SUPERSEDED) Z063N088M0 mxw 22603/22603003/1, dataset scope, 1 cell(s) 2.5e+04-2.5e+04 eV; rules R3; twin of 22603/22603008/2 (x:renorm)"
CR2-22603-22603003-2-057b7acf,22603/22603003/2,Z063N088M0,mxw,H.Beer,1984,exclude,,dataset,R3_TWIN_SUPERSEDED,144,30000.0,30000.0,1.639,0.0043,R3,,,null,,,,,,"EXCLUDE (R3_TWIN_SUPERSEDED) Z063N088M0 mxw 22603/22603003/2, dataset scope, 1 cell(s) 3e+04-3e+04 eV; rules R3; twin of 22603/22603008/3 (x:renorm)"
CR2-22603-22603004-1-5245f9a4,22603/22603004/1,Z064N088M0,mxw,H.Beer,1984,exclude,,dataset,R3_TWIN_SUPERSEDED,143,25000.0,25000.0,1.118,0.0043,R3,,,null,,,,,,"EXCLUDE (R3_TWIN_SUPERSEDED) Z064N088M0 mxw 22603/22603004/1, dataset scope, 1 cell(s) 2.5e+04-2.5e+04 eV; rules R3; twin of 22603/22603009/2 (x:renorm)"
CR2-22603-22603004-2-2c8e7d6f,22603/22603004/2,Z064N088M0,mxw,H.Beer,1984,exclude,,dataset,R3_TWIN_SUPERSEDED,144,30000.0,30000.0,1.045,0.0043,R3,,,null,,,,,,"EXCLUDE (R3_TWIN_SUPERSEDED) Z064N088M0 mxw 22603/22603004/2, dataset scope, 1 cell(s) 3e+04-3e+04 eV; rules R3; twin of 22603/22603009/3 (x:renorm)"
CR2-22603-22603005-1-77ea2194,22603/22603005/1,Z064N094M0,mxw,H.Beer,1984,exclude,,dataset,R3_TWIN_SUPERSEDED,143,25000.0,25000.0,0.236,0.0043,R3,,,null,,,,,,"EXCLUDE (R3_TWIN_SUPERSEDED) Z064N094M0 mxw 22603/22603005/1, dataset scope, 1 cell(s) 2.5e+04-2.5e+04 eV; rules R3; twin of 22603/22603010/2 (x:renorm)"
CR2-22603-22603005-2-9e7798ca,22603/22603005/2,Z064N094M0,mxw,H.Beer,1984,exclude,,dataset,R3_TWIN_SUPERSEDED,144,30000.0,30000.0,0.221,0.0043,R3,,,null,,,,,,"EXCLUDE (R3_TWIN_SUPERSEDED) Z064N094M0 mxw 22603/22603005/2, dataset scope, 1 cell(s) 3e+04-3e+04 eV; rules R3; twin of 22603/22603010/3 (x:renorm)"
CR2-22632-22632002-24c202db,22632/22632002/,Z034N046M0,mxw,S.Nakamura,1999,exclude,,dataset,R3_TWIN_SUPERSEDED,84,0.0253,0.0253,0.046,0.0185,R3,,,null,,,,,,"EXCLUDE (R3_TWIN_SUPERSEDED) Z034N046M0 mxw 22632/22632002/, dataset scope, 1 cell(s) 0.0253-0.0253 eV; rules R3; twin of 22834/22834002/ (x:SPSDD)"
CR2-22632-22632003-271debe2,22632/22632003/,Z034N046M0,mxw,S.Nakamura,1999,exclude,,dataset,R3_TWIN_SUPERSEDED,84,0.0253,0.0253,0.542,0.0324,R3,,,null,,,,,,"EXCLUDE (R3_TWIN_SUPERSEDED) Z034N046M0 mxw 22632/22632003/, dataset scope, 1 cell(s) 0.0253-0.0253 eV; rules R3; twin of 22834/22834004/ (x:SPSDD)"
CR2-22632-22632006-78076462,22632/22632006/,Z040N054M0,mxw,S.Nakamura,1999,exclude,,dataset,R3_TWIN_SUPERSEDED,84,0.0253,0.0253,0.0479,0.009,R3,,,null,,,,,,"EXCLUDE (R3_TWIN_SUPERSEDED) Z040N054M0 mxw 22632/22632006/, dataset scope, 1 cell(s) 0.0253-0.0253 eV; rules R3; twin of 22834/22834006/ (x:SPSDD)"
CR2-22632-22632008-c610db0b,22632/22632008/,Z050N074M0,mxw,S.Nakamura,1999,exclude,,dataset,R3_TWIN_SUPERSEDED,84,0.0254,0.0254,0.0042,0.1171,R3,,,null,,,,,,"EXCLUDE (R3_TWIN_SUPERSEDED) Z050N074M0 mxw 22632/22632008/, dataset scope, 1 cell(s) 0.0254-0.0254 eV; rules R3; twin of 22834/22834012/ (x:SPSDD)"
CR2-22638-22638003-03d1749a,22638/22638003/,Z038N052M0,sig,S.Nakamura,2001,exclude,,dataset,R3_TWIN_SUPERSEDED,84,0.0253,0.0253,0.0117,0.0589,R3,,,null,,,,,,"EXCLUDE (R3_TWIN_SUPERSEDED) Z038N052M0 sig 22638/22638003/, dataset scope, 1 cell(s) 0.0253-0.0253 eV; rules R3; twin of 22679/22679002/ (x:SPSDD)"
CR2-22638-22638004-e089ced5,22638/22638004/,Z038N052M0,ri,S.Nakamura,2001,exclude,,dataset,R3_TWIN_SUPERSEDED,96,0.5,0.5,0.121,0.0933,R3,,,null,,,,,,"EXCLUDE (R3_TWIN_SUPERSEDED) Z038N052M0 ri 22638/22638004/, dataset scope, 1 cell(s) 0.5-0.5 eV; rules R3; twin of 22679/22679004/ (x:SPSDD)"
CR2-22639-22639003-732998e3,22639/22639003/,Z047N062M0,ri,S.Nakamura,2001,exclude,,dataset,R5X_INTER_DATASET_SCATTER,96,0.5,0.5,16.8,0.0227,R12+R5x,-1.84885,2,"[1.859, 1.839]",-0.008,,,,,"EXCLUDE (R5X_INTER_DATASET_SCATTER) Z047N062M0 ri 22639/22639003/, dataset scope, 1 cell(s) 0.5-0.5 eV; rules R12+R5x; d=-1.85 dex vs 2 independent series; series median -0.01 over 18 cells"
CR2-22670-22670002-c959ec02,22670/22670002/,Z062N090M0,mxw,J.Best,2001,exclude,,dataset,R3_TWIN_SUPERSEDED,143,25000.0,25000.0,0.473,0.0004,R3,,,null,,,,,,"EXCLUDE (R3_TWIN_SUPERSEDED) Z062N090M0 mxw 22670/22670002/, dataset scope, 1 cell(s) 2.5e+04-2.5e+04 eV; rules R3; twin of 22670/22670015/2 (x:SPSDD)"
CR2-22670-22670003-c78ec0f1,22670/22670003/,Z062N092M0,mxw,J.Best,2001,exclude,,dataset,R3_TWIN_SUPERSEDED,143,25000.0,25000.0,0.226,0.0004,R3,,,null,,,,,,"EXCLUDE (R3_TWIN_SUPERSEDED) Z062N092M0 mxw 22670/22670003/, dataset scope, 1 cell(s) 2.5e+04-2.5e+04 eV; rules R3; twin of 22670/22670016/2 (x:SPSDD)"
CR2-22670-22670004-4cc86c4b,22670/22670004/,Z063N088M0,mxw,J.Best,2001,exclude,,dataset,R3_TWIN_SUPERSEDED,143,25000.0,25000.0,1.577,0.0017,R3,,,null,,,,,,"EXCLUDE (R3_TWIN_SUPERSEDED) Z063N088M0 mxw 22670/22670004/, dataset scope, 1 cell(s) 2.5e+04-2.5e+04 eV; rules R3; twin of 22670/22670017/2 (x:SPSDD)"
CR2-22670-22670005-237be687,22670/22670005/,Z063N088M0,mxw,J.Best,2001,exclude,,dataset,R3_TWIN_SUPERSEDED,143,25000.0,25000.0,2.52,0.0017,R3,,,null,,,,,,"EXCLUDE (R3_TWIN_SUPERSEDED) Z063N088M0 mxw 22670/22670005/, dataset scope, 1 cell(s) 2.5e+04-2.5e+04 eV; rules R3; twin of 22670/22670018/2 (x:SPSDD)"
CR2-22670-22670006-872d850a,22670/22670006/,Z063N090M0,mxw,J.Best,2001,exclude,,dataset,R3_TWIN_SUPERSEDED,143,25000.0,25000.0,2.917,0.0013,R3,,,null,,,,,,"EXCLUDE (R3_TWIN_SUPERSEDED) Z063N090M0 mxw 22670/22670006/, dataset scope, 1 cell(s) 2.5e+04-2.5e+04 eV; rules R3; twin of 22670/22670019/2 (x:SPSDD)"
CR2-22670-22670007-6ed7e850,22670/22670007/,Z068N096M0,mxw,J.Best,2001,exclude,,dataset,R3_TWIN_SUPERSEDED,143,25000.0,25000.0,1.075,0.0107,R3,,,null,,,,,,"EXCLUDE (R3_TWIN_SUPERSEDED) Z068N096M0 mxw 22670/22670007/, dataset scope, 1 cell(s) 2.5e+04-2.5e+04 eV; rules R3; twin of 22670/22670020/2 (x:SPSDD)"
CR2-22670-22670008-317229a6,22670/22670008/,Z068N102M0,mxw,J.Best,2001,exclude,,dataset,R3_TWIN_SUPERSEDED,143,25000.0,25000.0,0.1777,0.0009,R3,,,null,,,,,,"EXCLUDE (R3_TWIN_SUPERSEDED) Z068N102M0 mxw 22670/22670008/, dataset scope, 1 cell(s) 2.5e+04-2.5e+04 eV; rules R3; twin of 22670/22670021/2 (x:SPSDD)"
CR2-22670-22670009-5b665f6f,22670/22670009/,Z062N090M0,mxw,J.Best,2001,exclude,,dataset,R3_TWIN_SUPERSEDED,144,30000.0,30000.0,0.431,0.0158,R3,,,null,,,,,,"EXCLUDE (R3_TWIN_SUPERSEDED) Z062N090M0 mxw 22670/22670009/, dataset scope, 1 cell(s) 3e+04-3e+04 eV; rules R3; twin of 22670/22670022/ (x:SPSDD)"
CR2-22670-22670010-b142a50d,22670/22670010/,Z062N092M0,mxw,J.Best,2001,exclude,,dataset,R3_TWIN_SUPERSEDED,144,30000.0,30000.0,0.206,0.0186,R3,,,null,,,,,,"EXCLUDE (R3_TWIN_SUPERSEDED) Z062N092M0 mxw 22670/22670010/, dataset scope, 1 cell(s) 3e+04-3e+04 eV; rules R3; twin of 22670/22670023/ (x:SPSDD)"
CR2-22670-22670011-05a497dd,22670/22670011/,Z063N088M0,mxw,J.Best,2001,exclude,,dataset,R3_TWIN_SUPERSEDED,144,30000.0,30000.0,3.736,0.0238,R3,,,null,,,,,,"EXCLUDE (R3_TWIN_SUPERSEDED) Z063N088M0 mxw 22670/22670011/, dataset scope, 1 cell(s) 3e+04-3e+04 eV; rules R3; twin of 22670/22670024/ (x:SPSDD)"
CR2-22670-22670012-1923ec33,22670/22670012/,Z063N090M0,mxw,J.Best,2001,exclude,,dataset,R3_TWIN_SUPERSEDED,144,30000.0,30000.0,2.71,0.0122,R3,,,null,,,,,,"EXCLUDE (R3_TWIN_SUPERSEDED) Z063N090M0 mxw 22670/22670012/, dataset scope, 1 cell(s) 3e+04-3e+04 eV; rules R3; twin of 22670/22670025/ (x:SPSDD)"
CR2-22670-22670013-78f60050,22670/22670013/,Z068N096M0,mxw,J.Best,2001,exclude,,dataset,R3_TWIN_SUPERSEDED,144,30000.0,30000.0,1.084,0.02,R3,,,null,,,,,,"EXCLUDE (R3_TWIN_SUPERSEDED) Z068N096M0 mxw 22670/22670013/, dataset scope, 1 cell(s) 3e+04-3e+04 eV; rules R3; twin of 22670/22670026/ (x:SPSDD)"
CR2-22670-22670014-33a62ffd,22670/22670014/,Z068N102M0,mxw,J.Best,2001,exclude,,dataset,R3_TWIN_SUPERSEDED,144,30000.0,30000.0,0.17,0.0175,R3,,,null,,,,,,"EXCLUDE (R3_TWIN_SUPERSEDED) Z068N102M0 mxw 22670/22670014/, dataset scope, 1 cell(s) 3e+04-3e+04 eV; rules R3; twin of 22670/22670027/ (x:SPSDD)"
CR2-22677-22677002-82c3ce6a,22677/22677002/,Z061N086M0,mxw,C.Arlandini,2001,exclude,,dataset,R3_TWIN_SUPERSEDED,143,25000.0,25000.0,0.685,0.0417,R3,,,null,,,,,,"EXCLUDE (R3_TWIN_SUPERSEDED) Z061N086M0 mxw 22677/22677002/, dataset scope, 1 cell(s) 2.5e+04-2.5e+04 eV; rules R3; twin of 22677/22677003/2 (x:SPSDD)"
CR2-22683-22683002-d16eb0cb,22683/22683002/,Z066N095M0,av,G.Kim,2003,exclude,,dataset,R3_TWIN_SUPERSEDED,143,20000.0,20000.0,2.826,0.0216,R3,,,null,,,,,,"EXCLUDE (R3_TWIN_SUPERSEDED) Z066N095M0 av 22683/22683002/, dataset scope, 4 cell(s) 2e+04-6.65e+04 eV; rules R3; twin of 22844/22844002/ (x:SPSDD)"
CR2-22683-22683002-d16eb0cb,22683/22683002/,Z066N095M0,av,G.Kim,2003,exclude,,dataset,R3_TWIN_SUPERSEDED,144,27500.0,27500.0,2.333,0.02,R3,,,null,,,,,,"EXCLUDE (R3_TWIN_SUPERSEDED) Z066N095M0 av 22683/22683002/, dataset scope, 4 cell(s) 2e+04-6.65e+04 eV; rules R3; twin of 22844/22844002/ (x:SPSDD)"
CR2-22683-22683002-d16eb0cb,22683/22683002/,Z066N095M0,av,G.Kim,2003,exclude,,dataset,R3_TWIN_SUPERSEDED,146,42500.0,42500.0,1.411,0.0187,R3,,,null,,,,,,"EXCLUDE (R3_TWIN_SUPERSEDED) Z066N095M0 av 22683/22683002/, dataset scope, 4 cell(s) 2e+04-6.65e+04 eV; rules R3; twin of 22844/22844002/ (x:SPSDD)"
CR2-22683-22683002-d16eb0cb,22683/22683002/,Z066N095M0,av,G.Kim,2003,exclude,,dataset,R3_TWIN_SUPERSEDED,148,66500.0,66500.0,0.989,0.0223,R3,,,null,,,,,,"EXCLUDE (R3_TWIN_SUPERSEDED) Z066N095M0 av 22683/22683002/, dataset scope, 4 cell(s) 2e+04-6.65e+04 eV; rules R3; twin of 22844/22844002/ (x:SPSDD)"
CR2-22683-22683003-06009761,22683/22683003/,Z066N096M0,av,G.Kim,2003,exclude,,dataset,R3_TWIN_SUPERSEDED,143,20000.0,20000.0,0.627,0.0236,R3,,,null,,,,,,"EXCLUDE (R3_TWIN_SUPERSEDED) Z066N096M0 av 22683/22683003/, dataset scope, 4 cell(s) 2e+04-6.65e+04 eV; rules R3; twin of 22844/22844003/ (x:SPSDD)"
CR2-22683-22683003-06009761,22683/22683003/,Z066N096M0,av,G.Kim,2003,exclude,,dataset,R3_TWIN_SUPERSEDED,144,27500.0,27500.0,0.527,0.0209,R3,,,null,,,,,,"EXCLUDE (R3_TWIN_SUPERSEDED) Z066N096M0 av 22683/22683003/, dataset scope, 4 cell(s) 2e+04-6.65e+04 eV; rules R3; twin of 22844/22844003/ (x:SPSDD)"
CR2-22683-22683003-06009761,22683/22683003/,Z066N096M0,av,G.Kim,2003,exclude,,dataset,R3_TWIN_SUPERSEDED,146,42500.0,42500.0,0.427,0.0189,R3,,,null,,,,,,"EXCLUDE (R3_TWIN_SUPERSEDED) Z066N096M0 av 22683/22683003/, dataset scope, 4 cell(s) 2e+04-6.65e+04 eV; rules R3; twin of 22844/22844003/ (x:SPSDD)"
CR2-22683-22683003-06009761,22683/22683003/,Z066N096M0,av,G.Kim,2003,exclude,,dataset,R3_TWIN_SUPERSEDED,148,66500.0,66500.0,0.353,0.0181,R3,,,null,,,,,,"EXCLUDE (R3_TWIN_SUPERSEDED) Z066N096M0 av 22683/22683003/, dataset scope, 4 cell(s) 2e+04-6.65e+04 eV; rules R3; twin of 22844/22844003/ (x:SPSDD)"
CR2-22683-22683004-9b3db19f,22683/22683004/,Z066N097M0,av,G.Kim,2003,exclude,,dataset,R3_TWIN_SUPERSEDED,143,20000.0,20000.0,1.556,0.0199,R3,,,null,,,,,,"EXCLUDE (R3_TWIN_SUPERSEDED) Z066N097M0 av 22683/22683004/, dataset scope, 5 cell(s) 2e+04-7e+04 eV; rules R3; twin of 22844/22844004/ (x:SPSDD)"
CR2-22683-22683004-9b3db19f,22683/22683004/,Z066N097M0,av,G.Kim,2003,exclude,,dataset,R3_TWIN_SUPERSEDED,144,30000.0,30000.0,1.241,0.0192,R3,,,null,,,,,,"EXCLUDE (R3_TWIN_SUPERSEDED) Z066N097M0 av 22683/22683004/, dataset scope, 5 cell(s) 2e+04-7e+04 eV; rules R3; twin of 22844/22844004/ (x:SPSDD)"
CR2-22683-22683004-9b3db19f,22683/22683004/,Z066N097M0,av,G.Kim,2003,exclude,,dataset,R3_TWIN_SUPERSEDED,146,40000.0,50000.0,0.9805,0.0137,R3,,,null,,,,,,"EXCLUDE (R3_TWIN_SUPERSEDED) Z066N097M0 av 22683/22683004/, dataset scope, 5 cell(s) 2e+04-7e+04 eV; rules R3; twin of 22844/22844004/ (x:SPSDD)"
CR2-22683-22683004-9b3db19f,22683/22683004/,Z066N097M0,av,G.Kim,2003,exclude,,dataset,R3_TWIN_SUPERSEDED,147,60000.0,60000.0,0.801,0.0191,R3,,,null,,,,,,"EXCLUDE (R3_TWIN_SUPERSEDED) Z066N097M0 av 22683/22683004/, dataset scope, 5 cell(s) 2e+04-7e+04 eV; rules R3; twin of 22844/22844004/ (x:SPSDD)"
CR2-22683-22683004-9b3db19f,22683/22683004/,Z066N097M0,av,G.Kim,2003,exclude,,dataset,R3_TWIN_SUPERSEDED,148,70000.0,70000.0,0.719,0.0195,R3,,,null,,,,,,"EXCLUDE (R3_TWIN_SUPERSEDED) Z066N097M0 av 22683/22683004/, dataset scope, 5 cell(s) 2e+04-7e+04 eV; rules R3; twin of 22844/22844004/ (x:SPSDD)"
CR2-22683-22683006-49f825fc,22683/22683006/,Z066N097M0,av,G.Kim,2003,exclude,,dataset,R3_TWIN_SUPERSEDED,143,20000.0,20000.0,1.543,0.0215,R3,,,null,,,,,,"EXCLUDE (R3_TWIN_SUPERSEDED) Z066N097M0 av 22683/22683006/, dataset scope, 5 cell(s) 2e+04-7e+04 eV; rules R3; twin of 22844/22844004/ (x:SPSDD)"
CR2-22683-22683006-49f825fc,22683/22683006/,Z066N097M0,av,G.Kim,2003,exclude,,dataset,R3_TWIN_SUPERSEDED,144,30000.0,30000.0,1.201,0.0208,R3,,,null,,,,,,"EXCLUDE (R3_TWIN_SUPERSEDED) Z066N097M0 av 22683/22683006/, dataset scope, 5 cell(s) 2e+04-7e+04 eV; rules R3; twin of 22844/22844004/ (x:SPSDD)"
CR2-22683-22683006-49f825fc,22683/22683006/,Z066N097M0,av,G.Kim,2003,exclude,,dataset,R3_TWIN_SUPERSEDED,146,40000.0,50000.0,0.957,0.0147,R3,,,null,,,,,,"EXCLUDE (R3_TWIN_SUPERSEDED) Z066N097M0 av 22683/22683006/, dataset scope, 5 cell(s) 2e+04-7e+04 eV; rules R3; twin of 22844/22844004/ (x:SPSDD)"
CR2-22683-22683006-49f825fc,22683/22683006/,Z066N097M0,av,G.Kim,2003,exclude,,dataset,R3_TWIN_SUPERSEDED,147,60000.0,60000.0,0.772,0.0206,R3,,,null,,,,,,"EXCLUDE (R3_TWIN_SUPERSEDED) Z066N097M0 av 22683/22683006/, dataset scope, 5 cell(s) 2e+04-7e+04 eV; rules R3; twin of 22844/22844004/ (x:SPSDD)"
CR2-22683-22683006-49f825fc,22683/22683006/,Z066N097M0,av,G.Kim,2003,exclude,,dataset,R3_TWIN_SUPERSEDED,148,70000.0,70000.0,0.709,0.021,R3,,,null,,,,,,"EXCLUDE (R3_TWIN_SUPERSEDED) Z066N097M0 av 22683/22683006/, dataset scope, 5 cell(s) 2e+04-7e+04 eV; rules R3; twin of 22844/22844004/ (x:SPSDD)"
CR2-22685-22685002-8aa508ff,22685/22685002/,Z044N052M0,mxw,W.Rapp,2002,exclude,,dataset,R3_TWIN_SUPERSEDED,143,25000.0,25000.0,0.229,0.0167,R3,,,null,,,,,,"EXCLUDE (R3_TWIN_SUPERSEDED) Z044N052M0 mxw 22685/22685002/, dataset scope, 1 cell(s) 2.5e+04-2.5e+04 eV; rules R3; twin of 22685/22685008/2 (x:SPSDD)"
CR2-22685-22685003-f76aebf5,22685/22685003/,Z044N058M0,mxw,W.Rapp,2002,exclude,,dataset,R3_TWIN_SUPERSEDED,143,25000.0,25000.0,0.169,0.0201,R3,,,null,,,,,,"EXCLUDE (R3_TWIN_SUPERSEDED) Z044N058M0 mxw 22685/22685003/, dataset scope, 1 cell(s) 2.5e+04-2.5e+04 eV; rules R3; twin of 22685/22685009/2 (x:SPSDD)"
CR2-22685-22685004-e959802b,22685/22685004/,Z044N060M0,mxw,W.Rapp,2002,exclude,,dataset,R3_TWIN_SUPERSEDED,143,25000.0,25000.0,0.169,0.0201,R3,,,null,,,,,,"EXCLUDE (R3_TWIN_SUPERSEDED) Z044N060M0 mxw 22685/22685004/, dataset scope, 1 cell(s) 2.5e+04-2.5e+04 eV; rules R3; twin of 22685/22685010/2 (x:SPSDD)"
CR2-22685-22685005-1ee9972c,22685/22685005/,Z044N052M0,mxw,W.Rapp,2002,exclude,,dataset,R3_TWIN_SUPERSEDED,136,5000.0,5000.0,0.414,0.0165,R3,,,null,,,,,,"EXCLUDE (R3_TWIN_SUPERSEDED) Z044N052M0 mxw 22685/22685005/, dataset scope, 9 cell(s) 5000-1e+05 eV; rules R3; twin of 22685/22685011/ (x:SPSDD)"
CR2-22685-22685005-1ee9972c,22685/22685005/,Z044N052M0,mxw,W.Rapp,2002,exclude,,dataset,R3_TWIN_SUPERSEDED,140,10000.0,10000.0,0.342,0.0162,R3,,,null,,,,,,"EXCLUDE (R3_TWIN_SUPERSEDED) Z044N052M0 mxw 22685/22685005/, dataset scope, 9 cell(s) 5000-1e+05 eV; rules R3; twin of 22685/22685011/ (x:SPSDD)"
CR2-22685-22685005-1ee9972c,22685/22685005/,Z044N052M0,mxw,W.Rapp,2002,exclude,,dataset,R3_TWIN_SUPERSEDED,141,15000.0,15000.0,0.295,0.0173,R3,,,null,,,,,,"EXCLUDE (R3_TWIN_SUPERSEDED) Z044N052M0 mxw 22685/22685005/, dataset scope, 9 cell(s) 5000-1e+05 eV; rules R3; twin of 22685/22685011/ (x:SPSDD)"
CR2-22685-22685005-1ee9972c,22685/22685005/,Z044N052M0,mxw,W.Rapp,2002,exclude,,dataset,R3_TWIN_SUPERSEDED,143,20000.0,20000.0,0.258,0.0165,R3,,,null,,,,,,"EXCLUDE (R3_TWIN_SUPERSEDED) Z044N052M0 mxw 22685/22685005/, dataset scope, 9 cell(s) 5000-1e+05 eV; rules R3; twin of 22685/22685011/ (x:SPSDD)"
CR2-22685-22685005-1ee9972c,22685/22685005/,Z044N052M0,mxw,W.Rapp,2002,exclude,,dataset,R3_TWIN_SUPERSEDED,144,30000.0,30000.0,0.207,0.0165,R3,,,null,,,,,,"EXCLUDE (R3_TWIN_SUPERSEDED) Z044N052M0 mxw 22685/22685005/, dataset scope, 9 cell(s) 5000-1e+05 eV; rules R3; twin of 22685/22685011/ (x:SPSDD)"
CR2-22685-22685005-1ee9972c,22685/22685005/,Z044N052M0,mxw,W.Rapp,2002,exclude,,dataset,R3_TWIN_SUPERSEDED,146,40000.0,50000.0,0.1645,0.012,R3,,,null,,,,,,"EXCLUDE (R3_TWIN_SUPERSEDED) Z044N052M0 mxw 22685/22685005/, dataset scope, 9 cell(s) 5000-1e+05 eV; rules R3; twin of 22685/22685011/ (x:SPSDD)"
CR2-22685-22685005-1ee9972c,22685/22685005/,Z044N052M0,mxw,W.Rapp,2002,exclude,,dataset,R3_TWIN_SUPERSEDED,147,60000.0,60000.0,0.138,0.0155,R3,,,null,,,,,,"EXCLUDE (R3_TWIN_SUPERSEDED) Z044N052M0 mxw 22685/22685005/, dataset scope, 9 cell(s) 5000-1e+05 eV; rules R3; twin of 22685/22685011/ (x:SPSDD)"
CR2-22685-22685005-1ee9972c,22685/22685005/,Z044N052M0,mxw,W.Rapp,2002,exclude,,dataset,R3_TWIN_SUPERSEDED,149,80000.0,80000.0,0.119,0.0179,R3,,,null,,,,,,"EXCLUDE (R3_TWIN_SUPERSEDED) Z044N052M0 mxw 22685/22685005/, dataset scope, 9 cell(s) 5000-1e+05 eV; rules R3; twin of 22685/22685011/ (x:SPSDD)"
CR2-22685-22685005-1ee9972c,22685/22685005/,Z044N052M0,mxw,W.Rapp,2002,exclude,,dataset,R3_TWIN_SUPERSEDED,150,100000.0,100000.0,0.108,0.0158,R3,,,null,,,,,,"EXCLUDE (R3_TWIN_SUPERSEDED) Z044N052M0 mxw 22685/22685005/, dataset scope, 9 cell(s) 5000-1e+05 eV; rules R3; twin of 22685/22685011/ (x:SPSDD)"
CR2-22685-22685006-2c281bb0,22685/22685006/,Z044N058M0,mxw,W.Rapp,2002,exclude,,dataset,R3_TWIN_SUPERSEDED,136,5000.0,5000.0,0.456,0.0205,R3,,,null,,,,,,"EXCLUDE (R3_TWIN_SUPERSEDED) Z044N058M0 mxw 22685/22685006/, dataset scope, 9 cell(s) 5000-1e+05 eV; rules R3; twin of 22685/22685012/ (x:SPSDD)"
CR2-22685-22685006-2c281bb0,22685/22685006/,Z044N058M0,mxw,W.Rapp,2002,exclude,,dataset,R3_TWIN_SUPERSEDED,140,10000.0,10000.0,0.297,0.02,R3,,,null,,,,,,"EXCLUDE (R3_TWIN_SUPERSEDED) Z044N058M0 mxw 22685/22685006/, dataset scope, 9 cell(s) 5000-1e+05 eV; rules R3; twin of 22685/22685012/ (x:SPSDD)"
CR2-22685-22685006-2c281bb0,22685/22685006/,Z044N058M0,mxw,W.Rapp,2002,exclude,,dataset,R3_TWIN_SUPERSEDED,141,15000.0,15000.0,0.232,0.0201,R3,,,null,,,,,,"EXCLUDE (R3_TWIN_SUPERSEDED) Z044N058M0 mxw 22685/22685006/, dataset scope, 9 cell(s) 5000-1e+05 eV; rules R3; twin of 22685/22685012/ (x:SPSDD)"
CR2-22685-22685006-2c281bb0,22685/22685006/,Z044N058M0,mxw,W.Rapp,2002,exclude,,dataset,R3_TWIN_SUPERSEDED,143,20000.0,20000.0,0.194,0.0197,R3,,,null,,,,,,"EXCLUDE (R3_TWIN_SUPERSEDED) Z044N058M0 mxw 22685/22685006/, dataset scope, 9 cell(s) 5000-1e+05 eV; rules R3; twin of 22685/22685012/ (x:SPSDD)"
CR2-22685-22685006-2c281bb0,22685/22685006/,Z044N058M0,mxw,W.Rapp,2002,exclude,,dataset,R3_TWIN_SUPERSEDED,144,30000.0,30000.0,0.151,0.0197,R3,,,null,,,,,,"EXCLUDE (R3_TWIN_SUPERSEDED) Z044N058M0 mxw 22685/22685006/, dataset scope, 9 cell(s) 5000-1e+05 eV; rules R3; twin of 22685/22685012/ (x:SPSDD)"
CR2-22685-22685006-2c281bb0,22685/22685006/,Z044N058M0,mxw,W.Rapp,2002,exclude,,dataset,R3_TWIN_SUPERSEDED,146,40000.0,50000.0,0.119,0.014,R3,,,null,,,,,,"EXCLUDE (R3_TWIN_SUPERSEDED) Z044N058M0 mxw 22685/22685006/, dataset scope, 9 cell(s) 5000-1e+05 eV; rules R3; twin of 22685/22685012/ (x:SPSDD)"
CR2-22685-22685006-2c281bb0,22685/22685006/,Z044N058M0,mxw,W.Rapp,2002,exclude,,dataset,R3_TWIN_SUPERSEDED,147,60000.0,60000.0,0.098,0.0216,R3,,,null,,,,,,"EXCLUDE (R3_TWIN_SUPERSEDED) Z044N058M0 mxw 22685/22685006/, dataset scope, 9 cell(s) 5000-1e+05 eV; rules R3; twin of 22685/22685012/ (x:SPSDD)"
CR2-22685-22685006-2c281bb0,22685/22685006/,Z044N058M0,mxw,W.Rapp,2002,exclude,,dataset,R3_TWIN_SUPERSEDED,149,90000.0,90000.0,0.083,0.0204,R3,,,null,,,,,,"EXCLUDE (R3_TWIN_SUPERSEDED) Z044N058M0 mxw 22685/22685006/, dataset scope, 9 cell(s) 5000-1e+05 eV; rules R3; twin of 22685/22685012/ (x:SPSDD)"
CR2-22685-22685006-2c281bb0,22685/22685006/,Z044N058M0,mxw,W.Rapp,2002,exclude,,dataset,R3_TWIN_SUPERSEDED,150,100000.0,100000.0,0.072,0.0235,R3,,,null,,,,,,"EXCLUDE (R3_TWIN_SUPERSEDED) Z044N058M0 mxw 22685/22685006/, dataset scope, 9 cell(s) 5000-1e+05 eV; rules R3; twin of 22685/22685012/ (x:SPSDD)"
CR2-22685-22685007-7f3a72dc,22685/22685007/,Z044N060M0,mxw,W.Rapp,2002,exclude,,dataset,R3_TWIN_SUPERSEDED,136,5000.0,5000.0,0.44,0.0202,R3,,,null,,,,,,"EXCLUDE (R3_TWIN_SUPERSEDED) Z044N060M0 mxw 22685/22685007/, dataset scope, 9 cell(s) 5000-1e+05 eV; rules R3; twin of 22685/22685013/ (x:SPSDD)"
CR2-22685-22685007-7f3a72dc,22685/22685007/,Z044N060M0,mxw,W.Rapp,2002,exclude,,dataset,R3_TWIN_SUPERSEDED,140,10000.0,10000.0,0.291,0.0204,R3,,,null,,,,,,"EXCLUDE (R3_TWIN_SUPERSEDED) Z044N060M0 mxw 22685/22685007/, dataset scope, 9 cell(s) 5000-1e+05 eV; rules R3; twin of 22685/22685013/ (x:SPSDD)"
CR2-22685-22685007-7f3a72dc,22685/22685007/,Z044N060M0,mxw,W.Rapp,2002,exclude,,dataset,R3_TWIN_SUPERSEDED,141,15000.0,15000.0,0.229,0.0204,R3,,,null,,,,,,"EXCLUDE (R3_TWIN_SUPERSEDED) Z044N060M0 mxw 22685/22685007/, dataset scope, 9 cell(s) 5000-1e+05 eV; rules R3; twin of 22685/22685013/ (x:SPSDD)"
CR2-22685-22685007-7f3a72dc,22685/22685007/,Z044N060M0,mxw,W.Rapp,2002,exclude,,dataset,R3_TWIN_SUPERSEDED,143,20000.0,20000.0,0.193,0.0198,R3,,,null,,,,,,"EXCLUDE (R3_TWIN_SUPERSEDED) Z044N060M0 mxw 22685/22685007/, dataset scope, 9 cell(s) 5000-1e+05 eV; rules R3; twin of 22685/22685013/ (x:SPSDD)"
CR2-22685-22685007-7f3a72dc,22685/22685007/,Z044N060M0,mxw,W.Rapp,2002,exclude,,dataset,R3_TWIN_SUPERSEDED,144,30000.0,30000.0,0.151,0.0197,R3,,,null,,,,,,"EXCLUDE (R3_TWIN_SUPERSEDED) Z044N060M0 mxw 22685/22685007/, dataset scope, 9 cell(s) 5000-1e+05 eV; rules R3; twin of 22685/22685013/ (x:SPSDD)"
CR2-22685-22685007-7f3a72dc,22685/22685007/,Z044N060M0,mxw,W.Rapp,2002,exclude,,dataset,R3_TWIN_SUPERSEDED,146,40000.0,50000.0,0.12,0.0139,R3,,,null,,,,,,"EXCLUDE (R3_TWIN_SUPERSEDED) Z044N060M0 mxw 22685/22685007/, dataset scope, 9 cell(s) 5000-1e+05 eV; rules R3; twin of 22685/22685013/ (x:SPSDD)"
CR2-22685-22685007-7f3a72dc,22685/22685007/,Z044N060M0,mxw,W.Rapp,2002,exclude,,dataset,R3_TWIN_SUPERSEDED,147,60000.0,60000.0,0.1,0.0212,R3,,,null,,,,,,"EXCLUDE (R3_TWIN_SUPERSEDED) Z044N060M0 mxw 22685/22685007/, dataset scope, 9 cell(s) 5000-1e+05 eV; rules R3; twin of 22685/22685013/ (x:SPSDD)"
CR2-22685-22685007-7f3a72dc,22685/22685007/,Z044N060M0,mxw,W.Rapp,2002,exclude,,dataset,R3_TWIN_SUPERSEDED,149,80000.0,80000.0,0.084,0.0202,R3,,,null,,,,,,"EXCLUDE (R3_TWIN_SUPERSEDED) Z044N060M0 mxw 22685/22685007/, dataset scope, 9 cell(s) 5000-1e+05 eV; rules R3; twin of 22685/22685013/ (x:SPSDD)"
CR2-22685-22685007-7f3a72dc,22685/22685007/,Z044N060M0,mxw,W.Rapp,2002,exclude,,dataset,R3_TWIN_SUPERSEDED,150,100000.0,100000.0,0.074,0.0229,R3,,,null,,,,,,"EXCLUDE (R3_TWIN_SUPERSEDED) Z044N060M0 mxw 22685/22685007/, dataset scope, 9 cell(s) 5000-1e+05 eV; rules R3; twin of 22685/22685013/ (x:SPSDD)"
CR2-22777-22777002-92ca6d1f,22777/22777002/,Z075N110M0,spa,T.Hayakawa,2005,exclude,,dataset,R3_TWIN_SUPERSEDED,84,0.0253,0.0253,0.81,0.0409,R3,,,null,,,,,,"EXCLUDE (R3_TWIN_SUPERSEDED) Z075N110M0 spa 22777/22777002/, dataset scope, 1 cell(s) 0.0253-0.0253 eV; rules R3; twin of 22777/22777005/ (x:SPSDD)"
CR2-22808-22808002-729be695,22808/22808002/,Z036N048M0,spa,H.Beer,2002,exclude,,dataset,R3_TWIN_SUPERSEDED,144,30000.0,30000.0,0.0154,0.0016,R3,,,null,,,,,,"EXCLUDE (R3_TWIN_SUPERSEDED) Z036N048M0 spa 22808/22808002/, dataset scope, 5 cell(s) 3e+04-2.15e+05 eV; rules R3; twin of 22808/22808016/2 (x:SPSDD)"
CR2-22808-22808002-729be695,22808/22808002/,Z036N048M0,spa,H.Beer,2002,exclude,,dataset,R3_TWIN_SUPERSEDED,150,104000.0,104000.0,0.00876,0.004,R3,,,null,,,,,,"EXCLUDE (R3_TWIN_SUPERSEDED) Z036N048M0 spa 22808/22808002/, dataset scope, 5 cell(s) 3e+04-2.15e+05 eV; rules R3; twin of 22808/22808016/2 (x:SPSDD)"
CR2-22808-22808002-729be695,22808/22808002/,Z036N048M0,spa,H.Beer,2002,exclude,,dataset,R3_TWIN_SUPERSEDED,151,149000.0,149000.0,0.00682,0.0023,R3,,,null,,,,,,"EXCLUDE (R3_TWIN_SUPERSEDED) Z036N048M0 spa 22808/22808002/, dataset scope, 5 cell(s) 3e+04-2.15e+05 eV; rules R3; twin of 22808/22808016/2 (x:SPSDD)"
CR2-22808-22808002-729be695,22808/22808002/,Z036N048M0,spa,H.Beer,2002,exclude,,dataset,R3_TWIN_SUPERSEDED,152,180000.0,180000.0,0.00649,0.0017,R3,,,null,,,,,,"EXCLUDE (R3_TWIN_SUPERSEDED) Z036N048M0 spa 22808/22808002/, dataset scope, 5 cell(s) 3e+04-2.15e+05 eV; rules R3; twin of 22808/22808016/2 (x:SPSDD)"
CR2-22808-22808002-729be695,22808/22808002/,Z036N048M0,spa,H.Beer,2002,exclude,,dataset,R3_TWIN_SUPERSEDED,153,215000.0,215000.0,0.00636,0.0022,R3,,,null,,,,,,"EXCLUDE (R3_TWIN_SUPERSEDED) Z036N048M0 spa 22808/22808002/, dataset scope, 5 cell(s) 3e+04-2.15e+05 eV; rules R3; twin of 22808/22808016/2 (x:SPSDD)"
CR2-22808-22808013-bd97f825,22808/22808013/,Z036N050M0,mxw,H.Beer,2002,exclude,,dataset,R3_TWIN_SUPERSEDED,143,25000.0,25000.0,0.00349,0.0025,R3,,,null,,,,,,"EXCLUDE (R3_TWIN_SUPERSEDED) Z036N050M0 mxw 22808/22808013/, dataset scope, 1 cell(s) 2.5e+04-2.5e+04 eV; rules R3; twin of 22808/22808019/ (x:SPSDD)"
CR2-22829-22829005-3358c55f,22829/22829005/,Z061N086M0,mxw,R.Reifarth,2003,exclude,,dataset,R3_TWIN_SUPERSEDED,144,30000.0,30000.0,0.313,0.0762,R3,,,null,,,,,,"EXCLUDE (R3_TWIN_SUPERSEDED) Z061N086M0 mxw 22829/22829005/, dataset scope, 1 cell(s) 3e+04-3e+04 eV; rules R3; twin of 22829/22829014/ (x:SPSDD)"
CR2-22829-22829006-2c04f4e4,22829/22829006/,Z061N086M0,mxw,R.Reifarth,2003,exclude,,dataset,R3_TWIN_SUPERSEDED,144,30000.0,30000.0,0.395,0.0566,R3,,,null,,,,,,"EXCLUDE (R3_TWIN_SUPERSEDED) Z061N086M0 mxw 22829/22829006/, dataset scope, 1 cell(s) 3e+04-3e+04 eV; rules R3; twin of 22829/22829015/ (x:SPSDD)"
CR2-22829-22829007-12379cb1,22829/22829007/,Z061N086M0,mxw,R.Reifarth,2003,exclude,,dataset,R3_TWIN_SUPERSEDED,144,30000.0,30000.0,0.709,0.0573,R3,,,null,,,,,,"EXCLUDE (R3_TWIN_SUPERSEDED) Z061N086M0 mxw 22829/22829007/, dataset scope, 1 cell(s) 3e+04-3e+04 eV; rules R3; twin of 22829/22829016/ (x:SPSDD)"
CR2-22829-22829008-fa36aa52,22829/22829008/,Z061N086M0,mxw,R.Reifarth,2003,exclude,,dataset,R3_TWIN_SUPERSEDED,136,5000.0,5000.0,2.257,0.0414,R3,,,null,,,,,,"EXCLUDE (R3_TWIN_SUPERSEDED) Z061N086M0 mxw 22829/22829008/, dataset scope, 9 cell(s) 5000-1e+05 eV; rules R3; twin of 22829/22829017/ (x:SPSDD)"
CR2-22829-22829008-fa36aa52,22829/22829008/,Z061N086M0,mxw,R.Reifarth,2003,exclude,,dataset,R3_TWIN_SUPERSEDED,139,8000.0,8000.0,1.602,0.0414,R3,,,null,,,,,,"EXCLUDE (R3_TWIN_SUPERSEDED) Z061N086M0 mxw 22829/22829008/, dataset scope, 9 cell(s) 5000-1e+05 eV; rules R3; twin of 22829/22829017/ (x:SPSDD)"
CR2-22829-22829008-fa36aa52,22829/22829008/,Z061N086M0,mxw,R.Reifarth,2003,exclude,,dataset,R3_TWIN_SUPERSEDED,140,10000.0,10000.0,1.373,0.0414,R3,,,null,,,,,,"EXCLUDE (R3_TWIN_SUPERSEDED) Z061N086M0 mxw 22829/22829008/, dataset scope, 9 cell(s) 5000-1e+05 eV; rules R3; twin of 22829/22829017/ (x:SPSDD)"
CR2-22829-22829008-fa36aa52,22829/22829008/,Z061N086M0,mxw,R.Reifarth,2003,exclude,,dataset,R3_TWIN_SUPERSEDED,141,15000.0,15000.0,1.055,0.0414,R3,,,null,,,,,,"EXCLUDE (R3_TWIN_SUPERSEDED) Z061N086M0 mxw 22829/22829008/, dataset scope, 9 cell(s) 5000-1e+05 eV; rules R3; twin of 22829/22829017/ (x:SPSDD)"
CR2-22829-22829008-fa36aa52,22829/22829008/,Z061N086M0,mxw,R.Reifarth,2003,exclude,,dataset,R3_TWIN_SUPERSEDED,143,20000.0,25000.0,0.8345,0.0414,R3,,,null,,,,,,"EXCLUDE (R3_TWIN_SUPERSEDED) Z061N086M0 mxw 22829/22829008/, dataset scope, 9 cell(s) 5000-1e+05 eV; rules R3; twin of 22829/22829017/ (x:SPSDD)"
CR2-22829-22829008-fa36aa52,22829/22829008/,Z061N086M0,mxw,R.Reifarth,2003,exclude,,dataset,R3_TWIN_SUPERSEDED,146,40000.0,50000.0,0.583,0.0414,R3,,,null,,,,,,"EXCLUDE (R3_TWIN_SUPERSEDED) Z061N086M0 mxw 22829/22829008/, dataset scope, 9 cell(s) 5000-1e+05 eV; rules R3; twin of 22829/22829017/ (x:SPSDD)"
CR2-22829-22829008-fa36aa52,22829/22829008/,Z061N086M0,mxw,R.Reifarth,2003,exclude,,dataset,R3_TWIN_SUPERSEDED,147,60000.0,60000.0,0.503,0.0414,R3,,,null,,,,,,"EXCLUDE (R3_TWIN_SUPERSEDED) Z061N086M0 mxw 22829/22829008/, dataset scope, 9 cell(s) 5000-1e+05 eV; rules R3; twin of 22829/22829017/ (x:SPSDD)"
CR2-22829-22829008-fa36aa52,22829/22829008/,Z061N086M0,mxw,R.Reifarth,2003,exclude,,dataset,R3_TWIN_SUPERSEDED,149,80000.0,80000.0,0.455,0.0414,R3,,,null,,,,,,"EXCLUDE (R3_TWIN_SUPERSEDED) Z061N086M0 mxw 22829/22829008/, dataset scope, 9 cell(s) 5000-1e+05 eV; rules R3; twin of 22829/22829017/ (x:SPSDD)"
CR2-22829-22829008-fa36aa52,22829/22829008/,Z061N086M0,mxw,R.Reifarth,2003,exclude,,dataset,R3_TWIN_SUPERSEDED,150,100000.0,100000.0,0.418,0.0414,R3,,,null,,,,,,"EXCLUDE (R3_TWIN_SUPERSEDED) Z061N086M0 mxw 22829/22829008/, dataset scope, 9 cell(s) 5000-1e+05 eV; rules R3; twin of 22829/22829017/ (x:SPSDD)"
CR2-22834-22834005-f2a27dfa,22834/22834005/,Z034N046M0,ri,S.Nakamura,2003,exclude,,dataset,R3_TWIN_SUPERSEDED,96,0.5,0.5,0.839,0.0381,R3,,,null,,,,,,"EXCLUDE (R3_TWIN_SUPERSEDED) Z034N046M0 ri 22834/22834005/, dataset scope, 1 cell(s) 0.5-0.5 eV; rules R3; twin of 23097/23097005/ (x:SPSDD)"
CR2-22841-22841002-24526fb4,22841/22841002/,Z069N102M0,mxw,R.Reifarth,2003,exclude,,dataset,R3_TWIN_SUPERSEDED,143,25000.0,25000.0,0.35,0.0357,R3,,,null,,,,,,"EXCLUDE (R3_TWIN_SUPERSEDED) Z069N102M0 mxw 22841/22841002/, dataset scope, 1 cell(s) 2.5e+04-2.5e+04 eV; rules R3; twin of 22841/22841003/2 (x:SPSDD)"
CR2-22846-22846002-6f99df54,22846/22846002/,Z055N080M0,spa,N.Patronis,2004,exclude,,dataset,R3_TWIN_SUPERSEDED,144,30000.0,30000.0,0.164,0.0154,R3,,,null,,,,,,"EXCLUDE (R3_TWIN_SUPERSEDED) Z055N080M0 spa 22846/22846002/, dataset scope, 1 cell(s) 3e+04-3e+04 eV; rules R3; twin of 22846/22846011/2 (x:SPSDD)"
CR2-22846-22846004-dc997e52,22846/22846004/,Z055N080M0,sig,N.Patronis,2004,exclude,,dataset,R3_TWIN_SUPERSEDED,130,1000.0,1000.0,1.561,0.0414,R3,,,null,,,,,,"EXCLUDE (R3_TWIN_SUPERSEDED) Z055N080M0 sig 22846/22846004/, dataset scope, 14 cell(s) 1000-1e+06 eV; rules R3; twin of 22846/22846012/ (x:SPSDD)"
CR2-22846-22846004-dc997e52,22846/22846004/,Z055N080M0,sig,N.Patronis,2004,exclude,,dataset,R3_TWIN_SUPERSEDED,134,3000.0,3000.0,0.676,0.0416,R3,,,null,,,,,,"EXCLUDE (R3_TWIN_SUPERSEDED) Z055N080M0 sig 22846/22846004/, dataset scope, 14 cell(s) 1000-1e+06 eV; rules R3; twin of 22846/22846012/ (x:SPSDD)"
CR2-22846-22846004-dc997e52,22846/22846004/,Z055N080M0,sig,N.Patronis,2004,exclude,,dataset,R3_TWIN_SUPERSEDED,136,5000.0,5000.0,0.482,0.0412,R3,,,null,,,,,,"EXCLUDE (R3_TWIN_SUPERSEDED) Z055N080M0 sig 22846/22846004/, dataset scope, 14 cell(s) 1000-1e+06 eV; rules R3; twin of 22846/22846012/ (x:SPSDD)"
CR2-22846-22846004-dc997e52,22846/22846004/,Z055N080M0,sig,N.Patronis,2004,exclude,,dataset,R3_TWIN_SUPERSEDED,140,10000.0,10000.0,0.317,0.0368,R3,,,null,,,,,,"EXCLUDE (R3_TWIN_SUPERSEDED) Z055N080M0 sig 22846/22846004/, dataset scope, 14 cell(s) 1000-1e+06 eV; rules R3; twin of 22846/22846012/ (x:SPSDD)"
CR2-22846-22846004-dc997e52,22846/22846004/,Z055N080M0,sig,N.Patronis,2004,exclude,,dataset,R3_TWIN_SUPERSEDED,143,20000.0,20000.0,0.213,0.0333,R3,,,null,,,,,,"EXCLUDE (R3_TWIN_SUPERSEDED) Z055N080M0 sig 22846/22846004/, dataset scope, 14 cell(s) 1000-1e+06 eV; rules R3; twin of 22846/22846012/ (x:SPSDD)"
CR2-22846-22846004-dc997e52,22846/22846004/,Z055N080M0,sig,N.Patronis,2004,exclude,,dataset,R3_TWIN_SUPERSEDED,144,30000.0,30000.0,0.16,0.0263,R3,,,null,,,,,,"EXCLUDE (R3_TWIN_SUPERSEDED) Z055N080M0 sig 22846/22846004/, dataset scope, 14 cell(s) 1000-1e+06 eV; rules R3; twin of 22846/22846012/ (x:SPSDD)"
CR2-22846-22846004-dc997e52,22846/22846004/,Z055N080M0,sig,N.Patronis,2004,exclude,,dataset,R3_TWIN_SUPERSEDED,146,40000.0,50000.0,0.124,0.0206,R3,,,null,,,,,,"EXCLUDE (R3_TWIN_SUPERSEDED) Z055N080M0 sig 22846/22846004/, dataset scope, 14 cell(s) 1000-1e+06 eV; rules R3; twin of 22846/22846012/ (x:SPSDD)"
CR2-22846-22846004-dc997e52,22846/22846004/,Z055N080M0,sig,N.Patronis,2004,exclude,,dataset,R3_TWIN_SUPERSEDED,147,60000.0,60000.0,0.104,0.0283,R3,,,null,,,,,,"EXCLUDE (R3_TWIN_SUPERSEDED) Z055N080M0 sig 22846/22846004/, dataset scope, 14 cell(s) 1000-1e+06 eV; rules R3; twin of 22846/22846012/ (x:SPSDD)"
CR2-22846-22846004-dc997e52,22846/22846004/,Z055N080M0,sig,N.Patronis,2004,exclude,,dataset,R3_TWIN_SUPERSEDED,149,80000.0,80000.0,0.0882,0.0295,R3,,,null,,,,,,"EXCLUDE (R3_TWIN_SUPERSEDED) Z055N080M0 sig 22846/22846004/, dataset scope, 14 cell(s) 1000-1e+06 eV; rules R3; twin of 22846/22846012/ (x:SPSDD)"
CR2-22846-22846004-dc997e52,22846/22846004/,Z055N080M0,sig,N.Patronis,2004,exclude,,dataset,R3_TWIN_SUPERSEDED,150,100000.0,100000.0,0.0783,0.0295,R3,,,null,,,,,,"EXCLUDE (R3_TWIN_SUPERSEDED) Z055N080M0 sig 22846/22846004/, dataset scope, 14 cell(s) 1000-1e+06 eV; rules R3; twin of 22846/22846012/ (x:SPSDD)"
CR2-22846-22846004-dc997e52,22846/22846004/,Z055N080M0,sig,N.Patronis,2004,exclude,,dataset,R3_TWIN_SUPERSEDED,153,200000.0,200000.0,0.0563,0.0298,R3,,,null,,,,,,"EXCLUDE (R3_TWIN_SUPERSEDED) Z055N080M0 sig 22846/22846004/, dataset scope, 14 cell(s) 1000-1e+06 eV; rules R3; twin of 22846/22846012/ (x:SPSDD)"
CR2-22846-22846004-dc997e52,22846/22846004/,Z055N080M0,sig,N.Patronis,2004,exclude,,dataset,R3_TWIN_SUPERSEDED,154,300000.0,300000.0,0.0432,0.0329,R3,,,null,,,,,,"EXCLUDE (R3_TWIN_SUPERSEDED) Z055N080M0 sig 22846/22846004/, dataset scope, 14 cell(s) 1000-1e+06 eV; rules R3; twin of 22846/22846012/ (x:SPSDD)"
CR2-22846-22846004-dc997e52,22846/22846004/,Z055N080M0,sig,N.Patronis,2004,exclude,,dataset,R3_TWIN_SUPERSEDED,156,400000.0,500000.0,0.03635,0.0254,R3,,,null,,,,,,"EXCLUDE (R3_TWIN_SUPERSEDED) Z055N080M0 sig 22846/22846004/, dataset scope, 14 cell(s) 1000-1e+06 eV; rules R3; twin of 22846/22846012/ (x:SPSDD)"
CR2-22846-22846004-dc997e52,22846/22846004/,Z055N080M0,sig,N.Patronis,2004,exclude,,dataset,R3_TWIN_SUPERSEDED,160,1000000.0,1000000.0,0.0306,0.0508,R3,,,null,,,,,,"EXCLUDE (R3_TWIN_SUPERSEDED) Z055N080M0 sig 22846/22846004/, dataset scope, 14 cell(s) 1000-1e+06 eV; rules R3; twin of 22846/22846012/ (x:SPSDD)"
CR2-22846-22846006-da9e9061,22846/22846006/,Z055N080M0,mxw,N.Patronis,2004,exclude,,dataset,R3_TWIN_SUPERSEDED,136,5000.0,5000.0,0.522,0.0412,R3,,,null,,,,,,"EXCLUDE (R3_TWIN_SUPERSEDED) Z055N080M0 mxw 22846/22846006/, dataset scope, 10 cell(s) 5000-1e+05 eV; rules R3; twin of 22846/22846013/ (x:SPSDD)"
CR2-22846-22846006-da9e9061,22846/22846006/,Z055N080M0,mxw,N.Patronis,2004,exclude,,dataset,R3_TWIN_SUPERSEDED,139,8000.0,8000.0,0.383,0.039,R3,,,null,,,,,,"EXCLUDE (R3_TWIN_SUPERSEDED) Z055N080M0 mxw 22846/22846006/, dataset scope, 10 cell(s) 5000-1e+05 eV; rules R3; twin of 22846/22846013/ (x:SPSDD)"
CR2-22846-22846006-da9e9061,22846/22846006/,Z055N080M0,mxw,N.Patronis,2004,exclude,,dataset,R3_TWIN_SUPERSEDED,140,10000.0,10000.0,0.329,0.0379,R3,,,null,,,,,,"EXCLUDE (R3_TWIN_SUPERSEDED) Z055N080M0 mxw 22846/22846006/, dataset scope, 10 cell(s) 5000-1e+05 eV; rules R3; twin of 22846/22846013/ (x:SPSDD)"
CR2-22846-22846006-da9e9061,22846/22846006/,Z055N080M0,mxw,N.Patronis,2004,exclude,,dataset,R3_TWIN_SUPERSEDED,141,15000.0,15000.0,0.251,0.0349,R3,,,null,,,,,,"EXCLUDE (R3_TWIN_SUPERSEDED) Z055N080M0 mxw 22846/22846006/, dataset scope, 10 cell(s) 5000-1e+05 eV; rules R3; twin of 22846/22846013/ (x:SPSDD)"
CR2-22846-22846006-da9e9061,22846/22846006/,Z055N080M0,mxw,N.Patronis,2004,exclude,,dataset,R3_TWIN_SUPERSEDED,143,20000.0,25000.0,0.194,0.0233,R3,,,null,,,,,,"EXCLUDE (R3_TWIN_SUPERSEDED) Z055N080M0 mxw 22846/22846006/, dataset scope, 10 cell(s) 5000-1e+05 eV; rules R3; twin of 22846/22846013/ (x:SPSDD)"
CR2-22846-22846006-da9e9061,22846/22846006/,Z055N080M0,mxw,N.Patronis,2004,exclude,,dataset,R3_TWIN_SUPERSEDED,144,30000.0,30000.0,0.16,0.0263,R3,,,null,,,,,,"EXCLUDE (R3_TWIN_SUPERSEDED) Z055N080M0 mxw 22846/22846006/, dataset scope, 10 cell(s) 5000-1e+05 eV; rules R3; twin of 22846/22846013/ (x:SPSDD)"
CR2-22846-22846006-da9e9061,22846/22846006/,Z055N080M0,mxw,N.Patronis,2004,exclude,,dataset,R3_TWIN_SUPERSEDED,146,40000.0,50000.0,0.1255,0.0202,R3,,,null,,,,,,"EXCLUDE (R3_TWIN_SUPERSEDED) Z055N080M0 mxw 22846/22846006/, dataset scope, 10 cell(s) 5000-1e+05 eV; rules R3; twin of 22846/22846013/ (x:SPSDD)"
CR2-22846-22846006-da9e9061,22846/22846006/,Z055N080M0,mxw,N.Patronis,2004,exclude,,dataset,R3_TWIN_SUPERSEDED,147,60000.0,60000.0,0.105,0.0292,R3,,,null,,,,,,"EXCLUDE (R3_TWIN_SUPERSEDED) Z055N080M0 mxw 22846/22846006/, dataset scope, 10 cell(s) 5000-1e+05 eV; rules R3; twin of 22846/22846013/ (x:SPSDD)"
CR2-22846-22846006-da9e9061,22846/22846006/,Z055N080M0,mxw,N.Patronis,2004,exclude,,dataset,R3_TWIN_SUPERSEDED,149,80000.0,80000.0,0.088,0.0296,R3,,,null,,,,,,"EXCLUDE (R3_TWIN_SUPERSEDED) Z055N080M0 mxw 22846/22846006/, dataset scope, 10 cell(s) 5000-1e+05 eV; rules R3; twin of 22846/22846013/ (x:SPSDD)"
CR2-22846-22846006-da9e9061,22846/22846006/,Z055N080M0,mxw,N.Patronis,2004,exclude,,dataset,R3_TWIN_SUPERSEDED,150,100000.0,100000.0,0.0787,0.0304,R3,,,null,,,,,,"EXCLUDE (R3_TWIN_SUPERSEDED) Z055N080M0 mxw 22846/22846006/, dataset scope, 10 cell(s) 5000-1e+05 eV; rules R3; twin of 22846/22846013/ (x:SPSDD)"
CR2-22852-22852002-e89258a3,22852/22852002/,Z082N126M0,sig,H.Beer,2003,exclude,,dataset,R3_TWIN_SUPERSEDED,144,30000.0,30000.0,9.7e-05,0.1136,R3,,,null,,,,,,"EXCLUDE (R3_TWIN_SUPERSEDED) Z082N126M0 sig 22852/22852002/, dataset scope, 4 cell(s) 3e+04-2.15e+05 eV; rules R3; twin of 22852/22852004/2 (x:SPSDD)"
CR2-22852-22852002-e89258a3,22852/22852002/,Z082N126M0,sig,H.Beer,2003,exclude,,dataset,R3_TWIN_SUPERSEDED,150,103000.0,103000.0,0.00024,0.0512,R3,,,null,,,,,,"EXCLUDE (R3_TWIN_SUPERSEDED) Z082N126M0 sig 22852/22852002/, dataset scope, 4 cell(s) 3e+04-2.15e+05 eV; rules R3; twin of 22852/22852004/2 (x:SPSDD)"
CR2-22852-22852002-e89258a3,22852/22852002/,Z082N126M0,sig,H.Beer,2003,exclude,,dataset,R3_TWIN_SUPERSEDED,151,149000.0,149000.0,0.00027,0.0738,R3,,,null,,,,,,"EXCLUDE (R3_TWIN_SUPERSEDED) Z082N126M0 sig 22852/22852002/, dataset scope, 4 cell(s) 3e+04-2.15e+05 eV; rules R3; twin of 22852/22852004/2 (x:SPSDD)"
CR2-22852-22852002-e89258a3,22852/22852002/,Z082N126M0,sig,H.Beer,2003,exclude,,dataset,R3_TWIN_SUPERSEDED,153,215000.0,215000.0,0.00031,0.0649,R3,,,null,,,,,,"EXCLUDE (R3_TWIN_SUPERSEDED) Z082N126M0 sig 22852/22852002/, dataset scope, 4 cell(s) 3e+04-2.15e+05 eV; rules R3; twin of 22852/22852004/2 (x:SPSDD)"
CR2-22852-22852003-c4736755,22852/22852003/,Z082N126M0,mxw,H.Beer,2003,exclude,,dataset,R3_TWIN_SUPERSEDED,143,25000.0,25000.0,0.00033,0.0835,R3,,,null,,,,,,"EXCLUDE (R3_TWIN_SUPERSEDED) Z082N126M0 mxw 22852/22852003/, dataset scope, 2 cell(s) 2.5e+04-5.2e+04 eV; rules R3; twin of 22852/22852005/ (x:SPSDD)"
CR2-22852-22852003-c4736755,22852/22852003/,Z082N126M0,mxw,H.Beer,2003,exclude,,dataset,R3_TWIN_SUPERSEDED,147,52000.0,52000.0,0.00029,0.1058,R3,,,null,,,,,,"EXCLUDE (R3_TWIN_SUPERSEDED) Z082N126M0 mxw 22852/22852003/, dataset scope, 2 cell(s) 2.5e+04-5.2e+04 eV; rules R3; twin of 22852/22852005/ (x:SPSDD)"
CR2-22879-22879002-7a66b9b5,22879/22879002/,Z057N082M0,spa,S.O'Brien,2003,exclude,,dataset,R3_TWIN_SUPERSEDED,143,25000.0,25000.0,0.0332,0.0017,R3,,,null,,,,,,"EXCLUDE (R3_TWIN_SUPERSEDED) Z057N082M0 spa 22879/22879002/, dataset scope, 1 cell(s) 2.5e+04-2.5e+04 eV; rules R3; twin of 22879/22879005/2 (x:SPSDD)"
CR2-22879-22879003-3d837130,22879/22879003/,Z057N082M0,mxw,S.O'Brien,2003,exclude,,dataset,R3_TWIN_SUPERSEDED,143,25000.0,25000.0,0.0357,0.0017,R3,,,null,,,,,,"EXCLUDE (R3_TWIN_SUPERSEDED) Z057N082M0 mxw 22879/22879003/, dataset scope, 1 cell(s) 2.5e+04-2.5e+04 eV; rules R3; twin of 22879/22879006/ (x:SPSDD)"
CR2-22879-22879004-2de90a3b,22879/22879004/,Z057N082M0,mxw,S.O'Brien,2003,exclude,,dataset,R3_TWIN_SUPERSEDED,136,5000.0,5000.0,0.104,0.0017,R3,,,null,,,,,,"EXCLUDE (R3_TWIN_SUPERSEDED) Z057N082M0 mxw 22879/22879004/, dataset scope, 10 cell(s) 5000-1e+05 eV; rules R3; twin of 22879/22879007/ (x:SPSDD)"
CR2-22879-22879004-2de90a3b,22879/22879004/,Z057N082M0,mxw,S.O'Brien,2003,exclude,,dataset,R3_TWIN_SUPERSEDED,139,8000.0,8000.0,0.0763,0.0017,R3,,,null,,,,,,"EXCLUDE (R3_TWIN_SUPERSEDED) Z057N082M0 mxw 22879/22879004/, dataset scope, 10 cell(s) 5000-1e+05 eV; rules R3; twin of 22879/22879007/ (x:SPSDD)"
CR2-22879-22879004-2de90a3b,22879/22879004/,Z057N082M0,mxw,S.O'Brien,2003,exclude,,dataset,R3_TWIN_SUPERSEDED,140,10000.0,10000.0,0.0658,0.0017,R3,,,null,,,,,,"EXCLUDE (R3_TWIN_SUPERSEDED) Z057N082M0 mxw 22879/22879004/, dataset scope, 10 cell(s) 5000-1e+05 eV; rules R3; twin of 22879/22879007/ (x:SPSDD)"
CR2-22879-22879004-2de90a3b,22879/22879004/,Z057N082M0,mxw,S.O'Brien,2003,exclude,,dataset,R3_TWIN_SUPERSEDED,141,15000.0,15000.0,0.05,0.0017,R3,,,null,,,,,,"EXCLUDE (R3_TWIN_SUPERSEDED) Z057N082M0 mxw 22879/22879004/, dataset scope, 10 cell(s) 5000-1e+05 eV; rules R3; twin of 22879/22879007/ (x:SPSDD)"
CR2-22879-22879004-2de90a3b,22879/22879004/,Z057N082M0,mxw,S.O'Brien,2003,exclude,,dataset,R3_TWIN_SUPERSEDED,143,20000.0,23000.0,0.0395,0.0012,R3,,,null,,,,,,"EXCLUDE (R3_TWIN_SUPERSEDED) Z057N082M0 mxw 22879/22879004/, dataset scope, 10 cell(s) 5000-1e+05 eV; rules R3; twin of 22879/22879007/ (x:SPSDD)"
CR2-22879-22879004-2de90a3b,22879/22879004/,Z057N082M0,mxw,S.O'Brien,2003,exclude,,dataset,R3_TWIN_SUPERSEDED,144,30000.0,30000.0,0.0316,0.0017,R3,,,null,,,,,,"EXCLUDE (R3_TWIN_SUPERSEDED) Z057N082M0 mxw 22879/22879004/, dataset scope, 10 cell(s) 5000-1e+05 eV; rules R3; twin of 22879/22879007/ (x:SPSDD)"
CR2-22879-22879004-2de90a3b,22879/22879004/,Z057N082M0,mxw,S.O'Brien,2003,exclude,,dataset,R3_TWIN_SUPERSEDED,146,40000.0,50000.0,0.0242,0.0012,R3,,,null,,,,,,"EXCLUDE (R3_TWIN_SUPERSEDED) Z057N082M0 mxw 22879/22879004/, dataset scope, 10 cell(s) 5000-1e+05 eV; rules R3; twin of 22879/22879007/ (x:SPSDD)"
CR2-22879-22879004-2de90a3b,22879/22879004/,Z057N082M0,mxw,S.O'Brien,2003,exclude,,dataset,R3_TWIN_SUPERSEDED,147,60000.0,60000.0,0.0198,0.0017,R3,,,null,,,,,,"EXCLUDE (R3_TWIN_SUPERSEDED) Z057N082M0 mxw 22879/22879004/, dataset scope, 10 cell(s) 5000-1e+05 eV; rules R3; twin of 22879/22879007/ (x:SPSDD)"
CR2-22879-22879004-2de90a3b,22879/22879004/,Z057N082M0,mxw,S.O'Brien,2003,exclude,,dataset,R3_TWIN_SUPERSEDED,149,80000.0,80000.0,0.0163,0.0017,R3,,,null,,,,,,"EXCLUDE (R3_TWIN_SUPERSEDED) Z057N082M0 mxw 22879/22879004/, dataset scope, 10 cell(s) 5000-1e+05 eV; rules R3; twin of 22879/22879007/ (x:SPSDD)"
CR2-22879-22879004-2de90a3b,22879/22879004/,Z057N082M0,mxw,S.O'Brien,2003,exclude,,dataset,R3_TWIN_SUPERSEDED,150,100000.0,100000.0,0.0141,0.0017,R3,,,null,,,,,,"EXCLUDE (R3_TWIN_SUPERSEDED) Z057N082M0 mxw 22879/22879004/, dataset scope, 10 cell(s) 5000-1e+05 eV; rules R3; twin of 22879/22879007/ (x:SPSDD)"
CR2-22883-22883002-6c8c3bf8,22883/22883002/,Z082N126M0,spa,U.Ratzel,2004,exclude,,dataset,R3_TWIN_SUPERSEDED,143,25000.0,25000.0,0.000265,0.012,R3,,,null,,,,,,"EXCLUDE (R3_TWIN_SUPERSEDED) Z082N126M0 spa 22883/22883002/, dataset scope, 1 cell(s) 2.5e+04-2.5e+04 eV; rules R3; twin of 22883/22883011/2 (x:SPSDD)"
CR2-22883-22883003-5ddcb9f3,22883/22883003/,Z082N126M0,spa,U.Ratzel,2004,exclude,,dataset,R3_TWIN_SUPERSEDED,143,25000.0,25000.0,0.000292,0.0116,R3,,,null,,,,,,"EXCLUDE (R3_TWIN_SUPERSEDED) Z082N126M0 spa 22883/22883003/, dataset scope, 1 cell(s) 2.5e+04-2.5e+04 eV; rules R3; twin of 22883/22883012/2 (x:SPSDD)"
CR2-22883-22883004-e5740996,22883/22883004/,Z082N126M0,spa,U.Ratzel,2004,exclude,,dataset,R3_TWIN_SUPERSEDED,143,25000.0,25000.0,0.000292,0.0107,R3,,,null,,,,,,"EXCLUDE (R3_TWIN_SUPERSEDED) Z082N126M0 spa 22883/22883004/, dataset scope, 1 cell(s) 2.5e+04-2.5e+04 eV; rules R3; twin of 22883/22883013/2 (x:SPSDD)"
CR2-22883-22883005-41e9e6d9,22883/22883005/,Z082N126M0,spa,U.Ratzel,2004,exclude,,dataset,R3_TWIN_SUPERSEDED,143,25000.0,25000.0,0.000269,0.0077,R3,,,null,,,,,,"EXCLUDE (R3_TWIN_SUPERSEDED) Z082N126M0 spa 22883/22883005/, dataset scope, 1 cell(s) 2.5e+04-2.5e+04 eV; rules R3; twin of 22883/22883014/2 (x:SPSDD)"
CR2-22883-22883009-7133b9cc,22883/22883009/,Z082N126M0,mxw,U.Ratzel,2004,exclude,,dataset,R3_TWIN_SUPERSEDED,143,25000.0,25000.0,0.00031,0.0272,R3,,,null,,,,,,"EXCLUDE (R3_TWIN_SUPERSEDED) Z082N126M0 mxw 22883/22883009/, dataset scope, 1 cell(s) 2.5e+04-2.5e+04 eV; rules R3; twin of 22883/22883018/2 (x:SPSDD)"
CR2-22883-22883010-1007c4b3,22883/22883010/,Z083N126M0,mxw,U.Ratzel,2004,exclude,,dataset,R3_TWIN_SUPERSEDED,143,25000.0,25000.0,0.00254,0.0249,R3,,,null,,,,,,"EXCLUDE (R3_TWIN_SUPERSEDED) Z083N126M0 mxw 22883/22883010/, dataset scope, 1 cell(s) 2.5e+04-2.5e+04 eV; rules R3; twin of 22883/22883019/2 (x:SPSDD)"
CR2-22892-22892002-b80bc99d,22892/22892002/,Z034N040M0,mxw,I.Dillmann,2006,exclude,,dataset,R3_TWIN_SUPERSEDED,143,25000.0,25000.0,0.285,0.0133,R3,,,null,,,,,,"EXCLUDE (R3_TWIN_SUPERSEDED) Z034N040M0 mxw 22892/22892002/, dataset scope, 1 cell(s) 2.5e+04-2.5e+04 eV; rules R3; twin of 22892/22892007/ (x:SPSDD)"
CR2-22892-22892004-1-4ca21ec4,22892/22892004/1,Z038N046M0,mxw,I.Dillmann,2006,renorm,1.0626,dataset,R4_RENORMALISED_TO_STANDARD,143,25000.0,25000.0,0.209,0.0301,R4,,,null,,,,,RF047,"RENORM x1.0626 22892/22892004/1: Au-197(n,g) SACS, kT=25 keV quasi-stellar spectrum 586.0 mb (documented) -> 622.7 mb"
CR2-22892-22892004-2-8c7d80a6,22892/22892004/2,Z038N046M0,mxw,I.Dillmann,2006,exclude,,dataset,R3_TWIN_SUPERSEDED,143,25000.0,25000.0,0.157,0.0163,R3,,,null,,,,,,"EXCLUDE (R3_TWIN_SUPERSEDED) Z038N046M0 mxw 22892/22892004/2, dataset scope, 1 cell(s) 2.5e+04-2.5e+04 eV; rules R3; twin of 22892/22892008/2 (x:SPSDD)"
CR2-22892-22892005-6d9ae317,22892/22892005/,Z038N046M0,mxw,I.Dillmann,2006,exclude,,dataset,R3_TWIN_SUPERSEDED,143,25000.0,25000.0,0.366,0.0197,R3,,,null,,,,,,"EXCLUDE (R3_TWIN_SUPERSEDED) Z038N046M0 mxw 22892/22892005/, dataset scope, 1 cell(s) 2.5e+04-2.5e+04 eV; rules R3; twin of 22892/22892009/ (x:SPSDD)"
CR2-22892-22892008-1-0b87301a,22892/22892008/1,Z038N046M0,mxw,I.Dillmann,2006,exclude,,dataset,R3_TWIN_SUPERSEDED,143,25000.0,25000.0,0.112,0.03,R3,,,null,,,,,,"EXCLUDE (R3_TWIN_SUPERSEDED) Z038N046M0 mxw 22892/22892008/1, dataset scope, 1 cell(s) 2.5e+04-2.5e+04 eV; rules R3; twin of 22892/22892019/2 (x:SPSDD)"
CR2-22892-22892011-fb06f03d,22892/22892011/,Z034N040M0,mxw,I.Dillmann,2006,exclude,,dataset,R3_TWIN_SUPERSEDED,136,5000.0,5000.0,0.775,0.0414,R3,,,null,,,,,,"EXCLUDE (R3_TWIN_SUPERSEDED) Z034N040M0 mxw 22892/22892011/, dataset scope, 12 cell(s) 5000-2.6e+05 eV; rules R3; twin of 22892/22892022/ (x:SPSDD)"
CR2-22892-22892011-fb06f03d,22892/22892011/,Z034N040M0,mxw,I.Dillmann,2006,exclude,,dataset,R3_TWIN_SUPERSEDED,140,10000.0,10000.0,0.5,0.0414,R3,,,null,,,,,,"EXCLUDE (R3_TWIN_SUPERSEDED) Z034N040M0 mxw 22892/22892011/, dataset scope, 12 cell(s) 5000-2.6e+05 eV; rules R3; twin of 22892/22892022/ (x:SPSDD)"
CR2-22892-22892011-fb06f03d,22892/22892011/,Z034N040M0,mxw,I.Dillmann,2006,exclude,,dataset,R3_TWIN_SUPERSEDED,141,15000.0,15000.0,0.395,0.0414,R3,,,null,,,,,,"EXCLUDE (R3_TWIN_SUPERSEDED) Z034N040M0 mxw 22892/22892011/, dataset scope, 12 cell(s) 5000-2.6e+05 eV; rules R3; twin of 22892/22892022/ (x:SPSDD)"
CR2-22892-22892011-fb06f03d,22892/22892011/,Z034N040M0,mxw,I.Dillmann,2006,exclude,,dataset,R3_TWIN_SUPERSEDED,143,20000.0,25000.0,0.3175,0.0414,R3,,,null,,,,,,"EXCLUDE (R3_TWIN_SUPERSEDED) Z034N040M0 mxw 22892/22892011/, dataset scope, 12 cell(s) 5000-2.6e+05 eV; rules R3; twin of 22892/22892022/ (x:SPSDD)"
CR2-22892-22892011-fb06f03d,22892/22892011/,Z034N040M0,mxw,I.Dillmann,2006,exclude,,dataset,R3_TWIN_SUPERSEDED,144,30000.0,30000.0,0.271,0.0414,R3,,,null,,,,,,"EXCLUDE (R3_TWIN_SUPERSEDED) Z034N040M0 mxw 22892/22892011/, dataset scope, 12 cell(s) 5000-2.6e+05 eV; rules R3; twin of 22892/22892022/ (x:SPSDD)"
CR2-22892-22892011-fb06f03d,22892/22892011/,Z034N040M0,mxw,I.Dillmann,2006,exclude,,dataset,R3_TWIN_SUPERSEDED,146,40000.0,50000.0,0.221,0.0414,R3,,,null,,,,,,"EXCLUDE (R3_TWIN_SUPERSEDED) Z034N040M0 mxw 22892/22892011/, dataset scope, 12 cell(s) 5000-2.6e+05 eV; rules R3; twin of 22892/22892022/ (x:SPSDD)"
CR2-22892-22892011-fb06f03d,22892/22892011/,Z034N040M0,mxw,I.Dillmann,2006,exclude,,dataset,R3_TWIN_SUPERSEDED,147,60000.0,60000.0,0.192,0.0414,R3,,,null,,,,,,"EXCLUDE (R3_TWIN_SUPERSEDED) Z034N040M0 mxw 22892/22892011/, dataset scope, 12 cell(s) 5000-2.6e+05 eV; rules R3; twin of 22892/22892022/ (x:SPSDD)"
CR2-22892-22892011-fb06f03d,22892/22892011/,Z034N040M0,mxw,I.Dillmann,2006,exclude,,dataset,R3_TWIN_SUPERSEDED,149,80000.0,80000.0,0.17,0.0414,R3,,,null,,,,,,"EXCLUDE (R3_TWIN_SUPERSEDED) Z034N040M0 mxw 22892/22892011/, dataset scope, 12 cell(s) 5000-2.6e+05 eV; rules R3; twin of 22892/22892022/ (x:SPSDD)"
CR2-22892-22892011-fb06f03d,22892/22892011/,Z034N040M0,mxw,I.Dillmann,2006,exclude,,dataset,R3_TWIN_SUPERSEDED,150,100000.0,100000.0,0.157,0.0414,R3,,,null,,,,,,"EXCLUDE (R3_TWIN_SUPERSEDED) Z034N040M0 mxw 22892/22892011/, dataset scope, 12 cell(s) 5000-2.6e+05 eV; rules R3; twin of 22892/22892022/ (x:SPSDD)"
CR2-22892-22892011-fb06f03d,22892/22892011/,Z034N040M0,mxw,I.Dillmann,2006,exclude,,dataset,R3_TWIN_SUPERSEDED,152,170000.0,170000.0,0.133,0.0414,R3,,,null,,,,,,"EXCLUDE (R3_TWIN_SUPERSEDED) Z034N040M0 mxw 22892/22892011/, dataset scope, 12 cell(s) 5000-2.6e+05 eV; rules R3; twin of 22892/22892022/ (x:SPSDD)"
CR2-22892-22892011-fb06f03d,22892/22892011/,Z034N040M0,mxw,I.Dillmann,2006,exclude,,dataset,R3_TWIN_SUPERSEDED,153,215000.0,215000.0,0.123,0.0414,R3,,,null,,,,,,"EXCLUDE (R3_TWIN_SUPERSEDED) Z034N040M0 mxw 22892/22892011/, dataset scope, 12 cell(s) 5000-2.6e+05 eV; rules R3; twin of 22892/22892022/ (x:SPSDD)"
CR2-22892-22892011-fb06f03d,22892/22892011/,Z034N040M0,mxw,I.Dillmann,2006,exclude,,dataset,R3_TWIN_SUPERSEDED,154,260000.0,260000.0,0.115,0.0414,R3,,,null,,,,,,"EXCLUDE (R3_TWIN_SUPERSEDED) Z034N040M0 mxw 22892/22892011/, dataset scope, 12 cell(s) 5000-2.6e+05 eV; rules R3; twin of 22892/22892022/ (x:SPSDD)"
CR2-22892-22892013-7556e379,22892/22892013/,Z038N046M0,mxw,I.Dillmann,2006,exclude,,dataset,R3_TWIN_SUPERSEDED,136,5000.0,5000.0,0.683,0.033,R3,,,null,,,,,,"EXCLUDE (R3_TWIN_SUPERSEDED) Z038N046M0 mxw 22892/22892013/, dataset scope, 12 cell(s) 5000-2.6e+05 eV; rules R3; twin of 22892/22892023/ (x:SPSDD)"
CR2-22892-22892013-7556e379,22892/22892013/,Z038N046M0,mxw,I.Dillmann,2006,exclude,,dataset,R3_TWIN_SUPERSEDED,140,10000.0,10000.0,0.499,0.033,R3,,,null,,,,,,"EXCLUDE (R3_TWIN_SUPERSEDED) Z038N046M0 mxw 22892/22892013/, dataset scope, 12 cell(s) 5000-2.6e+05 eV; rules R3; twin of 22892/22892023/ (x:SPSDD)"
CR2-22892-22892013-7556e379,22892/22892013/,Z038N046M0,mxw,I.Dillmann,2006,exclude,,dataset,R3_TWIN_SUPERSEDED,141,15000.0,15000.0,0.413,0.033,R3,,,null,,,,,,"EXCLUDE (R3_TWIN_SUPERSEDED) Z038N046M0 mxw 22892/22892013/, dataset scope, 12 cell(s) 5000-2.6e+05 eV; rules R3; twin of 22892/22892023/ (x:SPSDD)"
CR2-22892-22892013-7556e379,22892/22892013/,Z038N046M0,mxw,I.Dillmann,2006,exclude,,dataset,R3_TWIN_SUPERSEDED,143,20000.0,25000.0,0.3435,0.0236,R3,,,null,,,,,,"EXCLUDE (R3_TWIN_SUPERSEDED) Z038N046M0 mxw 22892/22892013/, dataset scope, 12 cell(s) 5000-2.6e+05 eV; rules R3; twin of 22892/22892023/ (x:SPSDD)"
CR2-22892-22892013-7556e379,22892/22892013/,Z038N046M0,mxw,I.Dillmann,2006,exclude,,dataset,R3_TWIN_SUPERSEDED,144,30000.0,30000.0,0.3,0.033,R3,,,null,,,,,,"EXCLUDE (R3_TWIN_SUPERSEDED) Z038N046M0 mxw 22892/22892013/, dataset scope, 12 cell(s) 5000-2.6e+05 eV; rules R3; twin of 22892/22892023/ (x:SPSDD)"
CR2-22892-22892013-7556e379,22892/22892013/,Z038N046M0,mxw,I.Dillmann,2006,exclude,,dataset,R3_TWIN_SUPERSEDED,146,40000.0,50000.0,0.252,0.0236,R3,,,null,,,,,,"EXCLUDE (R3_TWIN_SUPERSEDED) Z038N046M0 mxw 22892/22892013/, dataset scope, 12 cell(s) 5000-2.6e+05 eV; rules R3; twin of 22892/22892023/ (x:SPSDD)"
CR2-22892-22892013-7556e379,22892/22892013/,Z038N046M0,mxw,I.Dillmann,2006,exclude,,dataset,R3_TWIN_SUPERSEDED,147,60000.0,60000.0,0.224,0.033,R3,,,null,,,,,,"EXCLUDE (R3_TWIN_SUPERSEDED) Z038N046M0 mxw 22892/22892013/, dataset scope, 12 cell(s) 5000-2.6e+05 eV; rules R3; twin of 22892/22892023/ (x:SPSDD)"
CR2-22892-22892013-7556e379,22892/22892013/,Z038N046M0,mxw,I.Dillmann,2006,exclude,,dataset,R3_TWIN_SUPERSEDED,149,80000.0,80000.0,0.201,0.033,R3,,,null,,,,,,"EXCLUDE (R3_TWIN_SUPERSEDED) Z038N046M0 mxw 22892/22892013/, dataset scope, 12 cell(s) 5000-2.6e+05 eV; rules R3; twin of 22892/22892023/ (x:SPSDD)"
CR2-22892-22892013-7556e379,22892/22892013/,Z038N046M0,mxw,I.Dillmann,2006,exclude,,dataset,R3_TWIN_SUPERSEDED,150,100000.0,100000.0,0.187,0.033,R3,,,null,,,,,,"EXCLUDE (R3_TWIN_SUPERSEDED) Z038N046M0 mxw 22892/22892013/, dataset scope, 12 cell(s) 5000-2.6e+05 eV; rules R3; twin of 22892/22892023/ (x:SPSDD)"
CR2-22892-22892013-7556e379,22892/22892013/,Z038N046M0,mxw,I.Dillmann,2006,exclude,,dataset,R3_TWIN_SUPERSEDED,152,170000.0,170000.0,0.167,0.033,R3,,,null,,,,,,"EXCLUDE (R3_TWIN_SUPERSEDED) Z038N046M0 mxw 22892/22892013/, dataset scope, 12 cell(s) 5000-2.6e+05 eV; rules R3; twin of 22892/22892023/ (x:SPSDD)"
CR2-22892-22892013-7556e379,22892/22892013/,Z038N046M0,mxw,I.Dillmann,2006,exclude,,dataset,R3_TWIN_SUPERSEDED,153,215000.0,215000.0,0.164,0.033,R3,,,null,,,,,,"EXCLUDE (R3_TWIN_SUPERSEDED) Z038N046M0 mxw 22892/22892013/, dataset scope, 12 cell(s) 5000-2.6e+05 eV; rules R3; twin of 22892/22892023/ (x:SPSDD)"
CR2-22892-22892013-7556e379,22892/22892013/,Z038N046M0,mxw,I.Dillmann,2006,exclude,,dataset,R3_TWIN_SUPERSEDED,154,260000.0,260000.0,0.161,0.033,R3,,,null,,,,,,"EXCLUDE (R3_TWIN_SUPERSEDED) Z038N046M0 mxw 22892/22892013/, dataset scope, 12 cell(s) 5000-2.6e+05 eV; rules R3; twin of 22892/22892023/ (x:SPSDD)"
CR2-22892-22892017-27f31320,22892/22892017/,Z038N046M0,mxw,I.Dillmann,2006,exclude,,dataset,R3_TWIN_SUPERSEDED,144,30000.0,30000.0,0.19,0.0223,R3,,,null,,,,,,"EXCLUDE (R3_TWIN_SUPERSEDED) Z038N046M0 mxw 22892/22892017/, dataset scope, 1 cell(s) 3e+04-3e+04 eV; rules R3; twin of 22892/22892024/ (x:renorm)"
CR2-22893-22893003-047fb1ef,22893/22893003/,Z062N089M0,mxw,S.Marrone,2006,exclude,,dataset,R3_TWIN_SUPERSEDED,144,30000.0,30000.0,3.1,0.0219,R3,,,null,,,,,,"EXCLUDE (R3_TWIN_SUPERSEDED) Z062N089M0 mxw 22893/22893003/, dataset scope, 1 cell(s) 3e+04-3e+04 eV; rules R3; twin of 22893/22893006/ (x:SPSDD)"
CR2-22897-22897002-25e96eee,22897/22897002/,Z040N051M0,sig,K.Ohgama,2005,exclude,,dataset,R3_TWIN_SUPERSEDED,143,20000.0,20000.0,0.095,0.0236,R3,,,null,,,,,,"EXCLUDE (R3_TWIN_SUPERSEDED) Z040N051M0 sig 22897/22897002/, dataset scope, 4 cell(s) 2e+04-7.75e+04 eV; rules R3; twin of 22897/22897015/ (x:SPSDD)"
CR2-22897-22897002-25e96eee,22897/22897002/,Z040N051M0,sig,K.Ohgama,2005,exclude,,dataset,R3_TWIN_SUPERSEDED,144,30000.0,30000.0,0.0676,0.0219,R3,,,null,,,,,,"EXCLUDE (R3_TWIN_SUPERSEDED) Z040N051M0 sig 22897/22897002/, dataset scope, 4 cell(s) 2e+04-7.75e+04 eV; rules R3; twin of 22897/22897015/ (x:SPSDD)"
CR2-22897-22897002-25e96eee,22897/22897002/,Z040N051M0,sig,K.Ohgama,2005,exclude,,dataset,R3_TWIN_SUPERSEDED,146,45000.0,45000.0,0.0437,0.0213,R3,,,null,,,,,,"EXCLUDE (R3_TWIN_SUPERSEDED) Z040N051M0 sig 22897/22897002/, dataset scope, 4 cell(s) 2e+04-7.75e+04 eV; rules R3; twin of 22897/22897015/ (x:SPSDD)"
CR2-22897-22897002-25e96eee,22897/22897002/,Z040N051M0,sig,K.Ohgama,2005,exclude,,dataset,R3_TWIN_SUPERSEDED,148,77500.0,77500.0,0.0323,0.021,R3,,,null,,,,,,"EXCLUDE (R3_TWIN_SUPERSEDED) Z040N051M0 sig 22897/22897002/, dataset scope, 4 cell(s) 2e+04-7.75e+04 eV; rules R3; twin of 22897/22897015/ (x:SPSDD)"
CR2-22897-22897003-8229df39,22897/22897003/,Z040N051M0,spa,K.Ohgama,2005,exclude,,dataset,R3_TWIN_SUPERSEDED,157,550000.0,550000.0,0.0103,0.0246,R3,,,null,,,,,,"EXCLUDE (R3_TWIN_SUPERSEDED) Z040N051M0 spa 22897/22897003/, dataset scope, 1 cell(s) 5.5e+05-5.5e+05 eV; rules R3; twin of 22897/22897016/ (x:SPSDD)"
CR2-22897-22897004-5e3b6668,22897/22897004/,Z040N052M0,sig,K.Ohgama,2005,exclude,,dataset,R3_TWIN_SUPERSEDED,143,20000.0,20000.0,0.0483,0.0379,R3,,,null,,,,,,"EXCLUDE (R3_TWIN_SUPERSEDED) Z040N052M0 sig 22897/22897004/, dataset scope, 4 cell(s) 2e+04-7.75e+04 eV; rules R3; twin of 22897/22897017/ (x:SPSDD)"
CR2-22897-22897004-5e3b6668,22897/22897004/,Z040N052M0,sig,K.Ohgama,2005,exclude,,dataset,R3_TWIN_SUPERSEDED,144,30000.0,30000.0,0.0349,0.0312,R3,,,null,,,,,,"EXCLUDE (R3_TWIN_SUPERSEDED) Z040N052M0 sig 22897/22897004/, dataset scope, 4 cell(s) 2e+04-7.75e+04 eV; rules R3; twin of 22897/22897017/ (x:SPSDD)"
CR2-22897-22897004-5e3b6668,22897/22897004/,Z040N052M0,sig,K.Ohgama,2005,exclude,,dataset,R3_TWIN_SUPERSEDED,146,45000.0,45000.0,0.0286,0.0265,R3,,,null,,,,,,"EXCLUDE (R3_TWIN_SUPERSEDED) Z040N052M0 sig 22897/22897004/, dataset scope, 4 cell(s) 2e+04-7.75e+04 eV; rules R3; twin of 22897/22897017/ (x:SPSDD)"
CR2-22897-22897004-5e3b6668,22897/22897004/,Z040N052M0,sig,K.Ohgama,2005,exclude,,dataset,R3_TWIN_SUPERSEDED,148,77500.0,77500.0,0.0188,0.0247,R3,,,null,,,,,,"EXCLUDE (R3_TWIN_SUPERSEDED) Z040N052M0 sig 22897/22897004/, dataset scope, 4 cell(s) 2e+04-7.75e+04 eV; rules R3; twin of 22897/22897017/ (x:SPSDD)"
CR2-22897-22897005-f677461f,22897/22897005/,Z040N052M0,spa,K.Ohgama,2005,exclude,,dataset,R3_TWIN_SUPERSEDED,157,550000.0,550000.0,0.0116,0.029,R3,,,null,,,,,,"EXCLUDE (R3_TWIN_SUPERSEDED) Z040N052M0 spa 22897/22897005/, dataset scope, 1 cell(s) 5.5e+05-5.5e+05 eV; rules R3; twin of 22897/22897018/ (x:SPSDD)"
CR2-22932-22932002-5eec3e92,22932/22932002/,Z064N091M0,av,W.C.Chung,2007,exclude,,dataset,R3_TWIN_SUPERSEDED,143,20000.0,20000.0,2.988,0.0069,R3,,,null,,,,,,"EXCLUDE (R3_TWIN_SUPERSEDED) Z064N091M0 av 22932/22932002/, dataset scope, 5 cell(s) 2e+04-8.15e+04 eV; rules R3; twin of 22932/22932008/ (x:SPSDD)"
CR2-22932-22932002-5eec3e92,22932/22932002/,Z064N091M0,av,W.C.Chung,2007,exclude,,dataset,R3_TWIN_SUPERSEDED,144,30000.0,30000.0,2.444,0.0055,R3,,,null,,,,,,"EXCLUDE (R3_TWIN_SUPERSEDED) Z064N091M0 av 22932/22932002/, dataset scope, 5 cell(s) 2e+04-8.15e+04 eV; rules R3; twin of 22932/22932008/ (x:SPSDD)"
CR2-22932-22932002-5eec3e92,22932/22932002/,Z064N091M0,av,W.C.Chung,2007,exclude,,dataset,R3_TWIN_SUPERSEDED,146,40000.0,50000.0,2.0185,0.0041,R3,,,null,,,,,,"EXCLUDE (R3_TWIN_SUPERSEDED) Z064N091M0 av 22932/22932002/, dataset scope, 5 cell(s) 2e+04-8.15e+04 eV; rules R3; twin of 22932/22932008/ (x:SPSDD)"
CR2-22932-22932002-5eec3e92,22932/22932002/,Z064N091M0,av,W.C.Chung,2007,exclude,,dataset,R3_TWIN_SUPERSEDED,147,60000.0,60000.0,1.71,0.0066,R3,,,null,,,,,,"EXCLUDE (R3_TWIN_SUPERSEDED) Z064N091M0 av 22932/22932002/, dataset scope, 5 cell(s) 2e+04-8.15e+04 eV; rules R3; twin of 22932/22932008/ (x:SPSDD)"
CR2-22932-22932002-5eec3e92,22932/22932002/,Z064N091M0,av,W.C.Chung,2007,exclude,,dataset,R3_TWIN_SUPERSEDED,149,81500.0,81500.0,1.469,0.0062,R3,,,null,,,,,,"EXCLUDE (R3_TWIN_SUPERSEDED) Z064N091M0 av 22932/22932002/, dataset scope, 5 cell(s) 2e+04-8.15e+04 eV; rules R3; twin of 22932/22932008/ (x:SPSDD)"
CR2-22932-22932003-d68cb5cc,22932/22932003/,Z064N093M0,av,W.C.Chung,2007,exclude,,dataset,R3_TWIN_SUPERSEDED,143,20000.0,20000.0,2.215,0.0091,R3,,,null,,,,,,"EXCLUDE (R3_TWIN_SUPERSEDED) Z064N093M0 av 22932/22932003/, dataset scope, 5 cell(s) 2e+04-8.15e+04 eV; rules R3; twin of 22932/22932010/ (x:SPSDD)"
CR2-22932-22932003-d68cb5cc,22932/22932003/,Z064N093M0,av,W.C.Chung,2007,exclude,,dataset,R3_TWIN_SUPERSEDED,144,30000.0,30000.0,1.661,0.0067,R3,,,null,,,,,,"EXCLUDE (R3_TWIN_SUPERSEDED) Z064N093M0 av 22932/22932003/, dataset scope, 5 cell(s) 2e+04-8.15e+04 eV; rules R3; twin of 22932/22932010/ (x:SPSDD)"
CR2-22932-22932003-d68cb5cc,22932/22932003/,Z064N093M0,av,W.C.Chung,2007,exclude,,dataset,R3_TWIN_SUPERSEDED,146,40000.0,50000.0,1.357,0.0051,R3,,,null,,,,,,"EXCLUDE (R3_TWIN_SUPERSEDED) Z064N093M0 av 22932/22932003/, dataset scope, 5 cell(s) 2e+04-8.15e+04 eV; rules R3; twin of 22932/22932010/ (x:SPSDD)"
CR2-22932-22932003-d68cb5cc,22932/22932003/,Z064N093M0,av,W.C.Chung,2007,exclude,,dataset,R3_TWIN_SUPERSEDED,147,60000.0,60000.0,1.04,0.0087,R3,,,null,,,,,,"EXCLUDE (R3_TWIN_SUPERSEDED) Z064N093M0 av 22932/22932003/, dataset scope, 5 cell(s) 2e+04-8.15e+04 eV; rules R3; twin of 22932/22932010/ (x:SPSDD)"
CR2-22932-22932003-d68cb5cc,22932/22932003/,Z064N093M0,av,W.C.Chung,2007,exclude,,dataset,R3_TWIN_SUPERSEDED,149,81500.0,81500.0,0.891,0.0087,R3,,,null,,,,,,"EXCLUDE (R3_TWIN_SUPERSEDED) Z064N093M0 av 22932/22932003/, dataset scope, 5 cell(s) 2e+04-8.15e+04 eV; rules R3; twin of 22932/22932010/ (x:SPSDD)"
CR2-22939-22939002-1-a58ab9ea,22939/22939002/1,Z052N068M0,spa,I.Dillmann,2010,renorm,1.0626,dataset,R4_RENORMALISED_TO_STANDARD,144,30000.0,30000.0,0.061,0.014,R4,,,null,,,,,RF048,"RENORM x1.0626 22939/22939002/1: Au-197(n,g) SACS, kT=25 keV quasi-stellar spectrum 586.0 mb (documented) -> 622.7 mb"
CR2-22939-22939002-2-b6d889fa,22939/22939002/2,Z052N068M0,spa,I.Dillmann,2010,renorm,1.0626,dataset,R4_RENORMALISED_TO_STANDARD,144,30000.0,30000.0,0.39,0.0175,R4,,,null,,,,,RF049,"RENORM x1.0626 22939/22939002/2: Au-197(n,g) SACS, kT=25 keV quasi-stellar spectrum 586.0 mb (documented) -> 622.7 mb"
CR2-22939-22939005-1-8a13e72d,22939/22939005/1,Z056N076M0,mxw,I.Dillmann,2010,exclude,,dataset,R3_TWIN_SUPERSEDED,144,30000.0,30000.0,0.368,0.0285,R3,,,null,,,,,,"EXCLUDE (R3_TWIN_SUPERSEDED) Z056N076M0 mxw 22939/22939005/1, dataset scope, 1 cell(s) 3e+04-3e+04 eV; rules R3; twin of 22939/22939022/2 (x:SPSDD)"
CR2-22939-22939006-42eda4b4,22939/22939006/,Z046N056M0,spa,I.Dillmann,2010,exclude,,dataset,R3_TWIN_SUPERSEDED,143,25000.0,25000.0,0.378,0.0118,R3,,,null,,,,,,"EXCLUDE (R3_TWIN_SUPERSEDED) Z046N056M0 spa 22939/22939006/, dataset scope, 1 cell(s) 2.5e+04-2.5e+04 eV; rules R3; twin of 22939/22939024/ (x:SPSDD)"
CR2-22939-22939007-6208b155,22939/22939007/,Z046N056M0,spa,I.Dillmann,2010,exclude,,dataset,R3_TWIN_SUPERSEDED,143,25000.0,25000.0,0.376,0.0192,R3,,,null,,,,,,"EXCLUDE (R3_TWIN_SUPERSEDED) Z046N056M0 spa 22939/22939007/, dataset scope, 1 cell(s) 2.5e+04-2.5e+04 eV; rules R3; twin of 22939/22939025/2 (x:SPSDD)"
CR2-22939-22939008-8fab2b45,22939/22939008/,Z052N068M0,spa,I.Dillmann,2010,exclude,,dataset,R3_TWIN_SUPERSEDED,143,25000.0,25000.0,0.47086,0.0093,R3,,,null,,,,,,"EXCLUDE (R3_TWIN_SUPERSEDED) Z052N068M0 spa 22939/22939008/, dataset scope, 1 cell(s) 2.5e+04-2.5e+04 eV; rules R3; twin of 22939/22939026/ (x:SPSDD)"
CR2-22939-22939009-c38a9c0f,22939/22939009/,Z052N068M0,spa,I.Dillmann,2010,exclude,,dataset,R3_TWIN_SUPERSEDED,143,25000.0,25000.0,0.4706,0.0205,R3,,,null,,,,,,"EXCLUDE (R3_TWIN_SUPERSEDED) Z052N068M0 spa 22939/22939009/, dataset scope, 1 cell(s) 2.5e+04-2.5e+04 eV; rules R3; twin of 22939/22939027/2 (x:SPSDD)"
CR2-22939-22939010-7f1c5701,22939/22939010/,Z052N068M0,spa,I.Dillmann,2010,exclude,,dataset,R3_TWIN_SUPERSEDED,143,25000.0,25000.0,0.06766,0.0083,R3,,,null,,,,,,"EXCLUDE (R3_TWIN_SUPERSEDED) Z052N068M0 spa 22939/22939010/, dataset scope, 1 cell(s) 2.5e+04-2.5e+04 eV; rules R3; twin of 22939/22939028/ (x:SPSDD)"
CR2-22939-22939011-c2ca90d2,22939/22939011/,Z052N068M0,spa,I.Dillmann,2010,exclude,,dataset,R3_TWIN_SUPERSEDED,143,25000.0,25000.0,0.0676,0.0182,R3,,,null,,,,,,"EXCLUDE (R3_TWIN_SUPERSEDED) Z052N068M0 spa 22939/22939011/, dataset scope, 1 cell(s) 2.5e+04-2.5e+04 eV; rules R3; twin of 22939/22939029/2 (x:SPSDD)"
CR2-22939-22939012-5cd0752d,22939/22939012/,Z052N068M0,spa,I.Dillmann,2010,exclude,,dataset,R3_TWIN_SUPERSEDED,143,25000.0,25000.0,0.5382,0.0202,R3,,,null,,,,,,"EXCLUDE (R3_TWIN_SUPERSEDED) Z052N068M0 spa 22939/22939012/, dataset scope, 1 cell(s) 2.5e+04-2.5e+04 eV; rules R3; twin of 22939/22939030/ (x:SPSDD)"
CR2-22939-22939013-738bf5a3,22939/22939013/,Z056N074M0,spa,I.Dillmann,2010,exclude,,dataset,R3_TWIN_SUPERSEDED,143,25000.0,25000.0,0.737,0.0069,R3,,,null,,,,,,"EXCLUDE (R3_TWIN_SUPERSEDED) Z056N074M0 spa 22939/22939013/, dataset scope, 1 cell(s) 2.5e+04-2.5e+04 eV; rules R3; twin of 22939/22939031/ (x:SPSDD)"
CR2-22939-22939014-1a8af62d,22939/22939014/,Z056N074M0,spa,I.Dillmann,2010,exclude,,dataset,R3_TWIN_SUPERSEDED,143,25000.0,25000.0,0.736,0.0168,R3,,,null,,,,,,"EXCLUDE (R3_TWIN_SUPERSEDED) Z056N074M0 spa 22939/22939014/, dataset scope, 1 cell(s) 2.5e+04-2.5e+04 eV; rules R3; twin of 22939/22939032/2 (x:SPSDD)"
CR2-22939-22939015-235c78b7,22939/22939015/,Z056N076M0,spa,I.Dillmann,2010,exclude,,dataset,R3_TWIN_SUPERSEDED,143,25000.0,25000.0,0.3939,0.0094,R3,,,null,,,,,,"EXCLUDE (R3_TWIN_SUPERSEDED) Z056N076M0 spa 22939/22939015/, dataset scope, 1 cell(s) 2.5e+04-2.5e+04 eV; rules R3; twin of 22939/22939033/ (x:SPSDD)"
CR2-22939-22939016-693e46ee,22939/22939016/,Z056N076M0,spa,I.Dillmann,2010,exclude,,dataset,R3_TWIN_SUPERSEDED,143,25000.0,25000.0,0.3928,0.0161,R3,,,null,,,,,,"EXCLUDE (R3_TWIN_SUPERSEDED) Z056N076M0 spa 22939/22939016/, dataset scope, 1 cell(s) 2.5e+04-2.5e+04 eV; rules R3; twin of 22939/22939034/2 (x:SPSDD)"
CR2-22939-22939017-ba51d800,22939/22939017/,Z066N090M0,spa,I.Dillmann,2010,exclude,,dataset,R3_TWIN_SUPERSEDED,143,25000.0,25000.0,1.642,0.0174,R3,,,null,,,,,,"EXCLUDE (R3_TWIN_SUPERSEDED) Z066N090M0 spa 22939/22939017/, dataset scope, 1 cell(s) 2.5e+04-2.5e+04 eV; rules R3; twin of 22939/22939035/ (x:SPSDD)"
CR2-22939-22939018-294f30e7,22939/22939018/,Z066N090M0,spa,I.Dillmann,2010,exclude,,dataset,R3_TWIN_SUPERSEDED,143,25000.0,25000.0,1.641,0.0299,R3,,,null,,,,,,"EXCLUDE (R3_TWIN_SUPERSEDED) Z066N090M0 spa 22939/22939018/, dataset scope, 1 cell(s) 2.5e+04-2.5e+04 eV; rules R3; twin of 22939/22939036/2 (x:SPSDD)"
CR2-22939-22939019-1-ebf6b50b,22939/22939019/1,Z046N056M0,mxw,I.Dillmann,2010,exclude,,dataset,R3_TWIN_SUPERSEDED,136,5000.0,5000.0,0.835,0.0208,R3,,,null,,,,,,"EXCLUDE (R3_TWIN_SUPERSEDED) Z046N056M0 mxw 22939/22939019/1, dataset scope, 9 cell(s) 5000-1e+05 eV; rules R3; twin of 22939/22939037/1 (x:SPSDD)"
CR2-22939-22939019-1-ebf6b50b,22939/22939019/1,Z046N056M0,mxw,I.Dillmann,2010,exclude,,dataset,R3_TWIN_SUPERSEDED,140,10000.0,10000.0,0.611,0.0201,R3,,,null,,,,,,"EXCLUDE (R3_TWIN_SUPERSEDED) Z046N056M0 mxw 22939/22939019/1, dataset scope, 9 cell(s) 5000-1e+05 eV; rules R3; twin of 22939/22939037/1 (x:SPSDD)"
CR2-22939-22939019-1-ebf6b50b,22939/22939019/1,Z046N056M0,mxw,I.Dillmann,2010,exclude,,dataset,R3_TWIN_SUPERSEDED,141,15000.0,15000.0,0.511,0.0199,R3,,,null,,,,,,"EXCLUDE (R3_TWIN_SUPERSEDED) Z046N056M0 mxw 22939/22939019/1, dataset scope, 9 cell(s) 5000-1e+05 eV; rules R3; twin of 22939/22939037/1 (x:SPSDD)"
CR2-22939-22939019-1-ebf6b50b,22939/22939019/1,Z046N056M0,mxw,I.Dillmann,2010,exclude,,dataset,R3_TWIN_SUPERSEDED,143,20000.0,25000.0,0.427,0.0138,R3,,,null,,,,,,"EXCLUDE (R3_TWIN_SUPERSEDED) Z046N056M0 mxw 22939/22939019/1, dataset scope, 9 cell(s) 5000-1e+05 eV; rules R3; twin of 22939/22939037/1 (x:SPSDD)"
CR2-22939-22939019-1-ebf6b50b,22939/22939019/1,Z046N056M0,mxw,I.Dillmann,2010,exclude,,dataset,R3_TWIN_SUPERSEDED,144,30000.0,30000.0,0.371,0.0195,R3,,,null,,,,,,"EXCLUDE (R3_TWIN_SUPERSEDED) Z046N056M0 mxw 22939/22939019/1, dataset scope, 9 cell(s) 5000-1e+05 eV; rules R3; twin of 22939/22939037/1 (x:SPSDD)"
CR2-22939-22939019-1-ebf6b50b,22939/22939019/1,Z046N056M0,mxw,I.Dillmann,2010,exclude,,dataset,R3_TWIN_SUPERSEDED,146,40000.0,50000.0,0.3075,0.0138,R3,,,null,,,,,,"EXCLUDE (R3_TWIN_SUPERSEDED) Z046N056M0 mxw 22939/22939019/1, dataset scope, 9 cell(s) 5000-1e+05 eV; rules R3; twin of 22939/22939037/1 (x:SPSDD)"
CR2-22939-22939019-1-ebf6b50b,22939/22939019/1,Z046N056M0,mxw,I.Dillmann,2010,exclude,,dataset,R3_TWIN_SUPERSEDED,147,60000.0,60000.0,0.27,0.0189,R3,,,null,,,,,,"EXCLUDE (R3_TWIN_SUPERSEDED) Z046N056M0 mxw 22939/22939019/1, dataset scope, 9 cell(s) 5000-1e+05 eV; rules R3; twin of 22939/22939037/1 (x:SPSDD)"
CR2-22939-22939019-1-ebf6b50b,22939/22939019/1,Z046N056M0,mxw,I.Dillmann,2010,exclude,,dataset,R3_TWIN_SUPERSEDED,149,80000.0,80000.0,0.243,0.0192,R3,,,null,,,,,,"EXCLUDE (R3_TWIN_SUPERSEDED) Z046N056M0 mxw 22939/22939019/1, dataset scope, 9 cell(s) 5000-1e+05 eV; rules R3; twin of 22939/22939037/1 (x:SPSDD)"
CR2-22939-22939019-1-ebf6b50b,22939/22939019/1,Z046N056M0,mxw,I.Dillmann,2010,exclude,,dataset,R3_TWIN_SUPERSEDED,150,100000.0,100000.0,0.225,0.0189,R3,,,null,,,,,,"EXCLUDE (R3_TWIN_SUPERSEDED) Z046N056M0 mxw 22939/22939019/1, dataset scope, 9 cell(s) 5000-1e+05 eV; rules R3; twin of 22939/22939037/1 (x:SPSDD)"
CR2-22939-22939019-2-1da91f7b,22939/22939019/2,Z046N056M0,mxw,I.Dillmann,2010,exclude,,dataset,R3_TWIN_SUPERSEDED,136,5000.0,5000.0,0.913,0.0191,R3,,,null,,,,,,"EXCLUDE (R3_TWIN_SUPERSEDED) Z046N056M0 mxw 22939/22939019/2, dataset scope, 9 cell(s) 5000-1e+05 eV; rules R3; twin of 22939/22939037/2 (x:SPSDD)"
CR2-22939-22939019-2-1da91f7b,22939/22939019/2,Z046N056M0,mxw,I.Dillmann,2010,exclude,,dataset,R3_TWIN_SUPERSEDED,140,10000.0,10000.0,0.657,0.0194,R3,,,null,,,,,,"EXCLUDE (R3_TWIN_SUPERSEDED) Z046N056M0 mxw 22939/22939019/2, dataset scope, 9 cell(s) 5000-1e+05 eV; rules R3; twin of 22939/22939037/2 (x:SPSDD)"
CR2-22939-22939019-2-1da91f7b,22939/22939019/2,Z046N056M0,mxw,I.Dillmann,2010,exclude,,dataset,R3_TWIN_SUPERSEDED,141,15000.0,15000.0,0.534,0.0191,R3,,,null,,,,,,"EXCLUDE (R3_TWIN_SUPERSEDED) Z046N056M0 mxw 22939/22939019/2, dataset scope, 9 cell(s) 5000-1e+05 eV; rules R3; twin of 22939/22939037/2 (x:SPSDD)"
CR2-22939-22939019-2-1da91f7b,22939/22939019/2,Z046N056M0,mxw,I.Dillmann,2010,exclude,,dataset,R3_TWIN_SUPERSEDED,143,20000.0,25000.0,0.431,0.0137,R3,,,null,,,,,,"EXCLUDE (R3_TWIN_SUPERSEDED) Z046N056M0 mxw 22939/22939019/2, dataset scope, 9 cell(s) 5000-1e+05 eV; rules R3; twin of 22939/22939037/2 (x:SPSDD)"
CR2-22939-22939019-2-1da91f7b,22939/22939019/2,Z046N056M0,mxw,I.Dillmann,2010,exclude,,dataset,R3_TWIN_SUPERSEDED,144,30000.0,30000.0,0.365,0.0186,R3,,,null,,,,,,"EXCLUDE (R3_TWIN_SUPERSEDED) Z046N056M0 mxw 22939/22939019/2, dataset scope, 9 cell(s) 5000-1e+05 eV; rules R3; twin of 22939/22939037/2 (x:SPSDD)"
CR2-22939-22939019-2-1da91f7b,22939/22939019/2,Z046N056M0,mxw,I.Dillmann,2010,exclude,,dataset,R3_TWIN_SUPERSEDED,146,40000.0,50000.0,0.293,0.0135,R3,,,null,,,,,,"EXCLUDE (R3_TWIN_SUPERSEDED) Z046N056M0 mxw 22939/22939019/2, dataset scope, 9 cell(s) 5000-1e+05 eV; rules R3; twin of 22939/22939037/2 (x:SPSDD)"
CR2-22939-22939019-2-1da91f7b,22939/22939019/2,Z046N056M0,mxw,I.Dillmann,2010,exclude,,dataset,R3_TWIN_SUPERSEDED,147,60000.0,60000.0,0.25,0.0187,R3,,,null,,,,,,"EXCLUDE (R3_TWIN_SUPERSEDED) Z046N056M0 mxw 22939/22939019/2, dataset scope, 9 cell(s) 5000-1e+05 eV; rules R3; twin of 22939/22939037/2 (x:SPSDD)"
CR2-22939-22939019-2-1da91f7b,22939/22939019/2,Z046N056M0,mxw,I.Dillmann,2010,exclude,,dataset,R3_TWIN_SUPERSEDED,149,80000.0,80000.0,0.218,0.0195,R3,,,null,,,,,,"EXCLUDE (R3_TWIN_SUPERSEDED) Z046N056M0 mxw 22939/22939019/2, dataset scope, 9 cell(s) 5000-1e+05 eV; rules R3; twin of 22939/22939037/2 (x:SPSDD)"
CR2-22939-22939019-2-1da91f7b,22939/22939019/2,Z046N056M0,mxw,I.Dillmann,2010,exclude,,dataset,R3_TWIN_SUPERSEDED,150,100000.0,100000.0,0.198,0.0193,R3,,,null,,,,,,"EXCLUDE (R3_TWIN_SUPERSEDED) Z046N056M0 mxw 22939/22939019/2, dataset scope, 9 cell(s) 5000-1e+05 eV; rules R3; twin of 22939/22939037/2 (x:SPSDD)"
CR2-22939-22939019-3-c1f61e73,22939/22939019/3,Z046N056M0,mxw,I.Dillmann,2010,exclude,,dataset,R3_TWIN_SUPERSEDED,136,5000.0,5000.0,0.905,0.0169,R3,,,null,,,,,,"EXCLUDE (R3_TWIN_SUPERSEDED) Z046N056M0 mxw 22939/22939019/3, dataset scope, 9 cell(s) 5000-1e+05 eV; rules R3; twin of 22939/22939037/3 (x:SPSDD)"
CR2-22939-22939019-3-c1f61e73,22939/22939019/3,Z046N056M0,mxw,I.Dillmann,2010,exclude,,dataset,R3_TWIN_SUPERSEDED,140,10000.0,10000.0,0.644,0.0178,R3,,,null,,,,,,"EXCLUDE (R3_TWIN_SUPERSEDED) Z046N056M0 mxw 22939/22939019/3, dataset scope, 9 cell(s) 5000-1e+05 eV; rules R3; twin of 22939/22939037/3 (x:SPSDD)"
CR2-22939-22939019-3-c1f61e73,22939/22939019/3,Z046N056M0,mxw,I.Dillmann,2010,exclude,,dataset,R3_TWIN_SUPERSEDED,141,15000.0,15000.0,0.527,0.0186,R3,,,null,,,,,,"EXCLUDE (R3_TWIN_SUPERSEDED) Z046N056M0 mxw 22939/22939019/3, dataset scope, 9 cell(s) 5000-1e+05 eV; rules R3; twin of 22939/22939037/3 (x:SPSDD)"
CR2-22939-22939019-3-c1f61e73,22939/22939019/3,Z046N056M0,mxw,I.Dillmann,2010,exclude,,dataset,R3_TWIN_SUPERSEDED,143,20000.0,25000.0,0.4305,0.0134,R3,,,null,,,,,,"EXCLUDE (R3_TWIN_SUPERSEDED) Z046N056M0 mxw 22939/22939019/3, dataset scope, 9 cell(s) 5000-1e+05 eV; rules R3; twin of 22939/22939037/3 (x:SPSDD)"
CR2-22939-22939019-3-c1f61e73,22939/22939019/3,Z046N056M0,mxw,I.Dillmann,2010,exclude,,dataset,R3_TWIN_SUPERSEDED,144,30000.0,30000.0,0.37,0.0195,R3,,,null,,,,,,"EXCLUDE (R3_TWIN_SUPERSEDED) Z046N056M0 mxw 22939/22939019/3, dataset scope, 9 cell(s) 5000-1e+05 eV; rules R3; twin of 22939/22939037/3 (x:SPSDD)"
CR2-22939-22939019-3-c1f61e73,22939/22939019/3,Z046N056M0,mxw,I.Dillmann,2010,exclude,,dataset,R3_TWIN_SUPERSEDED,146,40000.0,50000.0,0.305,0.0139,R3,,,null,,,,,,"EXCLUDE (R3_TWIN_SUPERSEDED) Z046N056M0 mxw 22939/22939019/3, dataset scope, 9 cell(s) 5000-1e+05 eV; rules R3; twin of 22939/22939037/3 (x:SPSDD)"
CR2-22939-22939019-3-c1f61e73,22939/22939019/3,Z046N056M0,mxw,I.Dillmann,2010,exclude,,dataset,R3_TWIN_SUPERSEDED,147,60000.0,60000.0,0.267,0.0191,R3,,,null,,,,,,"EXCLUDE (R3_TWIN_SUPERSEDED) Z046N056M0 mxw 22939/22939019/3, dataset scope, 9 cell(s) 5000-1e+05 eV; rules R3; twin of 22939/22939037/3 (x:SPSDD)"
CR2-22939-22939019-3-c1f61e73,22939/22939019/3,Z046N056M0,mxw,I.Dillmann,2010,exclude,,dataset,R3_TWIN_SUPERSEDED,149,80000.0,80000.0,0.239,0.0195,R3,,,null,,,,,,"EXCLUDE (R3_TWIN_SUPERSEDED) Z046N056M0 mxw 22939/22939019/3, dataset scope, 9 cell(s) 5000-1e+05 eV; rules R3; twin of 22939/22939037/3 (x:SPSDD)"
CR2-22939-22939019-3-c1f61e73,22939/22939019/3,Z046N056M0,mxw,I.Dillmann,2010,exclude,,dataset,R3_TWIN_SUPERSEDED,150,100000.0,100000.0,0.222,0.0191,R3,,,null,,,,,,"EXCLUDE (R3_TWIN_SUPERSEDED) Z046N056M0 mxw 22939/22939019/3, dataset scope, 9 cell(s) 5000-1e+05 eV; rules R3; twin of 22939/22939037/3 (x:SPSDD)"
CR2-22939-22939020-1-4b3b9ee1,22939/22939020/1,Z052N068M0,mxw,I.Dillmann,2010,exclude,,dataset,R3_TWIN_SUPERSEDED,136,5000.0,5000.0,1.319,0.0187,R3,,,null,,,,,,"EXCLUDE (R3_TWIN_SUPERSEDED) Z052N068M0 mxw 22939/22939020/1, dataset scope, 9 cell(s) 5000-1e+05 eV; rules R3; twin of 22939/22939038/3 (x:SPSDD)"
CR2-22939-22939020-1-4b3b9ee1,22939/22939020/1,Z052N068M0,mxw,I.Dillmann,2010,exclude,,dataset,R3_TWIN_SUPERSEDED,140,10000.0,10000.0,0.919,0.0194,R3,,,null,,,,,,"EXCLUDE (R3_TWIN_SUPERSEDED) Z052N068M0 mxw 22939/22939020/1, dataset scope, 9 cell(s) 5000-1e+05 eV; rules R3; twin of 22939/22939038/3 (x:SPSDD)"
CR2-22939-22939020-1-4b3b9ee1,22939/22939020/1,Z052N068M0,mxw,I.Dillmann,2010,exclude,,dataset,R3_TWIN_SUPERSEDED,141,15000.0,15000.0,0.749,0.0198,R3,,,null,,,,,,"EXCLUDE (R3_TWIN_SUPERSEDED) Z052N068M0 mxw 22939/22939020/1, dataset scope, 9 cell(s) 5000-1e+05 eV; rules R3; twin of 22939/22939038/3 (x:SPSDD)"
CR2-22939-22939020-1-4b3b9ee1,22939/22939020/1,Z052N068M0,mxw,I.Dillmann,2010,exclude,,dataset,R3_TWIN_SUPERSEDED,143,20000.0,25000.0,0.616,0.0145,R3,,,null,,,,,,"EXCLUDE (R3_TWIN_SUPERSEDED) Z052N068M0 mxw 22939/22939020/1, dataset scope, 9 cell(s) 5000-1e+05 eV; rules R3; twin of 22939/22939038/3 (x:SPSDD)"
CR2-22939-22939020-1-4b3b9ee1,22939/22939020/1,Z052N068M0,mxw,I.Dillmann,2010,exclude,,dataset,R3_TWIN_SUPERSEDED,144,30000.0,30000.0,0.535,0.0206,R3,,,null,,,,,,"EXCLUDE (R3_TWIN_SUPERSEDED) Z052N068M0 mxw 22939/22939020/1, dataset scope, 9 cell(s) 5000-1e+05 eV; rules R3; twin of 22939/22939038/3 (x:SPSDD)"
CR2-22939-22939020-1-4b3b9ee1,22939/22939020/1,Z052N068M0,mxw,I.Dillmann,2010,exclude,,dataset,R3_TWIN_SUPERSEDED,146,40000.0,50000.0,0.4515,0.0144,R3,,,null,,,,,,"EXCLUDE (R3_TWIN_SUPERSEDED) Z052N068M0 mxw 22939/22939020/1, dataset scope, 9 cell(s) 5000-1e+05 eV; rules R3; twin of 22939/22939038/3 (x:SPSDD)"
CR2-22939-22939020-1-4b3b9ee1,22939/22939020/1,Z052N068M0,mxw,I.Dillmann,2010,exclude,,dataset,R3_TWIN_SUPERSEDED,147,60000.0,60000.0,0.403,0.02,R3,,,null,,,,,,"EXCLUDE (R3_TWIN_SUPERSEDED) Z052N068M0 mxw 22939/22939020/1, dataset scope, 9 cell(s) 5000-1e+05 eV; rules R3; twin of 22939/22939038/3 (x:SPSDD)"
CR2-22939-22939020-1-4b3b9ee1,22939/22939020/1,Z052N068M0,mxw,I.Dillmann,2010,exclude,,dataset,R3_TWIN_SUPERSEDED,149,80000.0,80000.0,0.368,0.0207,R3,,,null,,,,,,"EXCLUDE (R3_TWIN_SUPERSEDED) Z052N068M0 mxw 22939/22939020/1, dataset scope, 9 cell(s) 5000-1e+05 eV; rules R3; twin of 22939/22939038/3 (x:SPSDD)"
CR2-22939-22939020-1-4b3b9ee1,22939/22939020/1,Z052N068M0,mxw,I.Dillmann,2010,exclude,,dataset,R3_TWIN_SUPERSEDED,150,100000.0,100000.0,0.348,0.0207,R3,,,null,,,,,,"EXCLUDE (R3_TWIN_SUPERSEDED) Z052N068M0 mxw 22939/22939020/1, dataset scope, 9 cell(s) 5000-1e+05 eV; rules R3; twin of 22939/22939038/3 (x:SPSDD)"
CR2-22939-22939020-2-f3d95cc1,22939/22939020/2,Z052N068M0,mxw,I.Dillmann,2010,exclude,,dataset,R3_TWIN_SUPERSEDED,136,5000.0,5000.0,1.215,0.022,R3,,,null,,,,,,"EXCLUDE (R3_TWIN_SUPERSEDED) Z052N068M0 mxw 22939/22939020/2, dataset scope, 9 cell(s) 5000-1e+05 eV; rules R3; twin of 22939/22939038/2 (x:SPSDD)"
CR2-22939-22939020-2-f3d95cc1,22939/22939020/2,Z052N068M0,mxw,I.Dillmann,2010,exclude,,dataset,R3_TWIN_SUPERSEDED,140,10000.0,10000.0,0.88,0.0212,R3,,,null,,,,,,"EXCLUDE (R3_TWIN_SUPERSEDED) Z052N068M0 mxw 22939/22939020/2, dataset scope, 9 cell(s) 5000-1e+05 eV; rules R3; twin of 22939/22939038/2 (x:SPSDD)"
CR2-22939-22939020-2-f3d95cc1,22939/22939020/2,Z052N068M0,mxw,I.Dillmann,2010,exclude,,dataset,R3_TWIN_SUPERSEDED,141,15000.0,15000.0,0.733,0.0208,R3,,,null,,,,,,"EXCLUDE (R3_TWIN_SUPERSEDED) Z052N068M0 mxw 22939/22939020/2, dataset scope, 9 cell(s) 5000-1e+05 eV; rules R3; twin of 22939/22939038/2 (x:SPSDD)"
CR2-22939-22939020-2-f3d95cc1,22939/22939020/2,Z052N068M0,mxw,I.Dillmann,2010,exclude,,dataset,R3_TWIN_SUPERSEDED,143,20000.0,25000.0,0.615,0.0145,R3,,,null,,,,,,"EXCLUDE (R3_TWIN_SUPERSEDED) Z052N068M0 mxw 22939/22939020/2, dataset scope, 9 cell(s) 5000-1e+05 eV; rules R3; twin of 22939/22939038/2 (x:SPSDD)"
CR2-22939-22939020-2-f3d95cc1,22939/22939020/2,Z052N068M0,mxw,I.Dillmann,2010,exclude,,dataset,R3_TWIN_SUPERSEDED,144,30000.0,30000.0,0.54,0.0204,R3,,,null,,,,,,"EXCLUDE (R3_TWIN_SUPERSEDED) Z052N068M0 mxw 22939/22939020/2, dataset scope, 9 cell(s) 5000-1e+05 eV; rules R3; twin of 22939/22939038/2 (x:SPSDD)"
CR2-22939-22939020-2-f3d95cc1,22939/22939020/2,Z052N068M0,mxw,I.Dillmann,2010,exclude,,dataset,R3_TWIN_SUPERSEDED,146,40000.0,50000.0,0.457,0.0142,R3,,,null,,,,,,"EXCLUDE (R3_TWIN_SUPERSEDED) Z052N068M0 mxw 22939/22939020/2, dataset scope, 9 cell(s) 5000-1e+05 eV; rules R3; twin of 22939/22939038/2 (x:SPSDD)"
CR2-22939-22939020-2-f3d95cc1,22939/22939020/2,Z052N068M0,mxw,I.Dillmann,2010,exclude,,dataset,R3_TWIN_SUPERSEDED,147,60000.0,60000.0,0.407,0.0198,R3,,,null,,,,,,"EXCLUDE (R3_TWIN_SUPERSEDED) Z052N068M0 mxw 22939/22939020/2, dataset scope, 9 cell(s) 5000-1e+05 eV; rules R3; twin of 22939/22939038/2 (x:SPSDD)"
CR2-22939-22939020-2-f3d95cc1,22939/22939020/2,Z052N068M0,mxw,I.Dillmann,2010,exclude,,dataset,R3_TWIN_SUPERSEDED,149,80000.0,80000.0,0.368,0.0207,R3,,,null,,,,,,"EXCLUDE (R3_TWIN_SUPERSEDED) Z052N068M0 mxw 22939/22939020/2, dataset scope, 9 cell(s) 5000-1e+05 eV; rules R3; twin of 22939/22939038/2 (x:SPSDD)"
CR2-22939-22939020-2-f3d95cc1,22939/22939020/2,Z052N068M0,mxw,I.Dillmann,2010,exclude,,dataset,R3_TWIN_SUPERSEDED,150,100000.0,100000.0,0.345,0.0209,R3,,,null,,,,,,"EXCLUDE (R3_TWIN_SUPERSEDED) Z052N068M0 mxw 22939/22939020/2, dataset scope, 9 cell(s) 5000-1e+05 eV; rules R3; twin of 22939/22939038/2 (x:SPSDD)"
CR2-22939-22939020-3-31afa2c8,22939/22939020/3,Z052N068M0,mxw,I.Dillmann,2010,exclude,,dataset,R3_TWIN_SUPERSEDED,136,5000.0,5000.0,1.319,0.0187,R3,,,null,,,,,,"EXCLUDE (R3_TWIN_SUPERSEDED) Z052N068M0 mxw 22939/22939020/3, dataset scope, 9 cell(s) 5000-1e+05 eV; rules R3; twin of 22939/22939038/3 (x:SPSDD)"
CR2-22939-22939020-3-31afa2c8,22939/22939020/3,Z052N068M0,mxw,I.Dillmann,2010,exclude,,dataset,R3_TWIN_SUPERSEDED,140,10000.0,10000.0,0.919,0.0194,R3,,,null,,,,,,"EXCLUDE (R3_TWIN_SUPERSEDED) Z052N068M0 mxw 22939/22939020/3, dataset scope, 9 cell(s) 5000-1e+05 eV; rules R3; twin of 22939/22939038/3 (x:SPSDD)"
CR2-22939-22939020-3-31afa2c8,22939/22939020/3,Z052N068M0,mxw,I.Dillmann,2010,exclude,,dataset,R3_TWIN_SUPERSEDED,141,15000.0,15000.0,0.749,0.0198,R3,,,null,,,,,,"EXCLUDE (R3_TWIN_SUPERSEDED) Z052N068M0 mxw 22939/22939020/3, dataset scope, 9 cell(s) 5000-1e+05 eV; rules R3; twin of 22939/22939038/3 (x:SPSDD)"
CR2-22939-22939020-3-31afa2c8,22939/22939020/3,Z052N068M0,mxw,I.Dillmann,2010,exclude,,dataset,R3_TWIN_SUPERSEDED,143,20000.0,25000.0,0.616,0.0145,R3,,,null,,,,,,"EXCLUDE (R3_TWIN_SUPERSEDED) Z052N068M0 mxw 22939/22939020/3, dataset scope, 9 cell(s) 5000-1e+05 eV; rules R3; twin of 22939/22939038/3 (x:SPSDD)"
CR2-22939-22939020-3-31afa2c8,22939/22939020/3,Z052N068M0,mxw,I.Dillmann,2010,exclude,,dataset,R3_TWIN_SUPERSEDED,144,30000.0,30000.0,0.535,0.0206,R3,,,null,,,,,,"EXCLUDE (R3_TWIN_SUPERSEDED) Z052N068M0 mxw 22939/22939020/3, dataset scope, 9 cell(s) 5000-1e+05 eV; rules R3; twin of 22939/22939038/3 (x:SPSDD)"
CR2-22939-22939020-3-31afa2c8,22939/22939020/3,Z052N068M0,mxw,I.Dillmann,2010,exclude,,dataset,R3_TWIN_SUPERSEDED,146,40000.0,50000.0,0.4515,0.0144,R3,,,null,,,,,,"EXCLUDE (R3_TWIN_SUPERSEDED) Z052N068M0 mxw 22939/22939020/3, dataset scope, 9 cell(s) 5000-1e+05 eV; rules R3; twin of 22939/22939038/3 (x:SPSDD)"
CR2-22939-22939020-3-31afa2c8,22939/22939020/3,Z052N068M0,mxw,I.Dillmann,2010,exclude,,dataset,R3_TWIN_SUPERSEDED,147,60000.0,60000.0,0.403,0.02,R3,,,null,,,,,,"EXCLUDE (R3_TWIN_SUPERSEDED) Z052N068M0 mxw 22939/22939020/3, dataset scope, 9 cell(s) 5000-1e+05 eV; rules R3; twin of 22939/22939038/3 (x:SPSDD)"
CR2-22939-22939020-3-31afa2c8,22939/22939020/3,Z052N068M0,mxw,I.Dillmann,2010,exclude,,dataset,R3_TWIN_SUPERSEDED,149,80000.0,80000.0,0.368,0.0207,R3,,,null,,,,,,"EXCLUDE (R3_TWIN_SUPERSEDED) Z052N068M0 mxw 22939/22939020/3, dataset scope, 9 cell(s) 5000-1e+05 eV; rules R3; twin of 22939/22939038/3 (x:SPSDD)"
CR2-22939-22939020-3-31afa2c8,22939/22939020/3,Z052N068M0,mxw,I.Dillmann,2010,exclude,,dataset,R3_TWIN_SUPERSEDED,150,100000.0,100000.0,0.348,0.0207,R3,,,null,,,,,,"EXCLUDE (R3_TWIN_SUPERSEDED) Z052N068M0 mxw 22939/22939020/3, dataset scope, 9 cell(s) 5000-1e+05 eV; rules R3; twin of 22939/22939038/3 (x:SPSDD)"
CR2-22939-22939021-1-df9762c8,22939/22939021/1,Z056N074M0,mxw,I.Dillmann,2010,exclude,,dataset,R3_TWIN_SUPERSEDED,136,5000.0,5000.0,1.6,0.0178,R3,,,null,,,,,,"EXCLUDE (R3_TWIN_SUPERSEDED) Z056N074M0 mxw 22939/22939021/1, dataset scope, 9 cell(s) 5000-1e+05 eV; rules R3; twin of 22939/22939039/1 (x:SPSDD)"
CR2-22939-22939021-1-df9762c8,22939/22939021/1,Z056N074M0,mxw,I.Dillmann,2010,exclude,,dataset,R3_TWIN_SUPERSEDED,140,10000.0,10000.0,1.163,0.0165,R3,,,null,,,,,,"EXCLUDE (R3_TWIN_SUPERSEDED) Z056N074M0 mxw 22939/22939021/1, dataset scope, 9 cell(s) 5000-1e+05 eV; rules R3; twin of 22939/22939039/1 (x:SPSDD)"
CR2-22939-22939021-1-df9762c8,22939/22939021/1,Z056N074M0,mxw,I.Dillmann,2010,exclude,,dataset,R3_TWIN_SUPERSEDED,141,15000.0,15000.0,0.979,0.0165,R3,,,null,,,,,,"EXCLUDE (R3_TWIN_SUPERSEDED) Z056N074M0 mxw 22939/22939021/1, dataset scope, 9 cell(s) 5000-1e+05 eV; rules R3; twin of 22939/22939039/1 (x:SPSDD)"
CR2-22939-22939021-1-df9762c8,22939/22939021/1,Z056N074M0,mxw,I.Dillmann,2010,exclude,,dataset,R3_TWIN_SUPERSEDED,143,20000.0,25000.0,0.8395,0.0117,R3,,,null,,,,,,"EXCLUDE (R3_TWIN_SUPERSEDED) Z056N074M0 mxw 22939/22939021/1, dataset scope, 9 cell(s) 5000-1e+05 eV; rules R3; twin of 22939/22939039/1 (x:SPSDD)"
CR2-22939-22939021-1-df9762c8,22939/22939021/1,Z056N074M0,mxw,I.Dillmann,2010,exclude,,dataset,R3_TWIN_SUPERSEDED,144,30000.0,30000.0,0.756,0.0163,R3,,,null,,,,,,"EXCLUDE (R3_TWIN_SUPERSEDED) Z056N074M0 mxw 22939/22939021/1, dataset scope, 9 cell(s) 5000-1e+05 eV; rules R3; twin of 22939/22939039/1 (x:SPSDD)"
CR2-22939-22939021-1-df9762c8,22939/22939021/1,Z056N074M0,mxw,I.Dillmann,2010,exclude,,dataset,R3_TWIN_SUPERSEDED,146,40000.0,50000.0,0.6645,0.0119,R3,,,null,,,,,,"EXCLUDE (R3_TWIN_SUPERSEDED) Z056N074M0 mxw 22939/22939021/1, dataset scope, 9 cell(s) 5000-1e+05 eV; rules R3; twin of 22939/22939039/1 (x:SPSDD)"
CR2-22939-22939021-1-df9762c8,22939/22939021/1,Z056N074M0,mxw,I.Dillmann,2010,exclude,,dataset,R3_TWIN_SUPERSEDED,147,60000.0,60000.0,0.61,0.0168,R3,,,null,,,,,,"EXCLUDE (R3_TWIN_SUPERSEDED) Z056N074M0 mxw 22939/22939021/1, dataset scope, 9 cell(s) 5000-1e+05 eV; rules R3; twin of 22939/22939039/1 (x:SPSDD)"
CR2-22939-22939021-1-df9762c8,22939/22939021/1,Z056N074M0,mxw,I.Dillmann,2010,exclude,,dataset,R3_TWIN_SUPERSEDED,149,80000.0,80000.0,0.568,0.0165,R3,,,null,,,,,,"EXCLUDE (R3_TWIN_SUPERSEDED) Z056N074M0 mxw 22939/22939021/1, dataset scope, 9 cell(s) 5000-1e+05 eV; rules R3; twin of 22939/22939039/1 (x:SPSDD)"
CR2-22939-22939021-1-df9762c8,22939/22939021/1,Z056N074M0,mxw,I.Dillmann,2010,exclude,,dataset,R3_TWIN_SUPERSEDED,150,100000.0,100000.0,0.542,0.0165,R3,,,null,,,,,,"EXCLUDE (R3_TWIN_SUPERSEDED) Z056N074M0 mxw 22939/22939021/1, dataset scope, 9 cell(s) 5000-1e+05 eV; rules R3; twin of 22939/22939039/1 (x:SPSDD)"
CR2-22939-22939021-2-3cce130b,22939/22939021/2,Z056N074M0,mxw,I.Dillmann,2010,exclude,,dataset,R3_TWIN_SUPERSEDED,136,5000.0,5000.0,1.862,0.0147,R3,,,null,,,,,,"EXCLUDE (R3_TWIN_SUPERSEDED) Z056N074M0 mxw 22939/22939021/2, dataset scope, 9 cell(s) 5000-1e+05 eV; rules R3; twin of 22939/22939039/2 (x:SPSDD)"
CR2-22939-22939021-2-3cce130b,22939/22939021/2,Z056N074M0,mxw,I.Dillmann,2010,exclude,,dataset,R3_TWIN_SUPERSEDED,140,10000.0,10000.0,1.291,0.0149,R3,,,null,,,,,,"EXCLUDE (R3_TWIN_SUPERSEDED) Z056N074M0 mxw 22939/22939021/2, dataset scope, 9 cell(s) 5000-1e+05 eV; rules R3; twin of 22939/22939039/2 (x:SPSDD)"
CR2-22939-22939021-2-3cce130b,22939/22939021/2,Z056N074M0,mxw,I.Dillmann,2010,exclude,,dataset,R3_TWIN_SUPERSEDED,141,15000.0,15000.0,1.04,0.0156,R3,,,null,,,,,,"EXCLUDE (R3_TWIN_SUPERSEDED) Z056N074M0 mxw 22939/22939021/2, dataset scope, 9 cell(s) 5000-1e+05 eV; rules R3; twin of 22939/22939039/2 (x:SPSDD)"
CR2-22939-22939021-2-3cce130b,22939/22939021/2,Z056N074M0,mxw,I.Dillmann,2010,exclude,,dataset,R3_TWIN_SUPERSEDED,143,20000.0,25000.0,0.8455,0.0117,R3,,,null,,,,,,"EXCLUDE (R3_TWIN_SUPERSEDED) Z056N074M0 mxw 22939/22939021/2, dataset scope, 9 cell(s) 5000-1e+05 eV; rules R3; twin of 22939/22939039/2 (x:SPSDD)"
CR2-22939-22939021-2-3cce130b,22939/22939021/2,Z056N074M0,mxw,I.Dillmann,2010,exclude,,dataset,R3_TWIN_SUPERSEDED,144,30000.0,30000.0,0.728,0.017,R3,,,null,,,,,,"EXCLUDE (R3_TWIN_SUPERSEDED) Z056N074M0 mxw 22939/22939021/2, dataset scope, 9 cell(s) 5000-1e+05 eV; rules R3; twin of 22939/22939039/2 (x:SPSDD)"
CR2-22939-22939021-2-3cce130b,22939/22939021/2,Z056N074M0,mxw,I.Dillmann,2010,exclude,,dataset,R3_TWIN_SUPERSEDED,146,40000.0,50000.0,0.605,0.013,R3,,,null,,,,,,"EXCLUDE (R3_TWIN_SUPERSEDED) Z056N074M0 mxw 22939/22939021/2, dataset scope, 9 cell(s) 5000-1e+05 eV; rules R3; twin of 22939/22939039/2 (x:SPSDD)"
CR2-22939-22939021-2-3cce130b,22939/22939021/2,Z056N074M0,mxw,I.Dillmann,2010,exclude,,dataset,R3_TWIN_SUPERSEDED,147,60000.0,60000.0,0.532,0.0192,R3,,,null,,,,,,"EXCLUDE (R3_TWIN_SUPERSEDED) Z056N074M0 mxw 22939/22939021/2, dataset scope, 9 cell(s) 5000-1e+05 eV; rules R3; twin of 22939/22939039/2 (x:SPSDD)"
CR2-22939-22939021-2-3cce130b,22939/22939021/2,Z056N074M0,mxw,I.Dillmann,2010,exclude,,dataset,R3_TWIN_SUPERSEDED,149,80000.0,80000.0,0.47,0.0199,R3,,,null,,,,,,"EXCLUDE (R3_TWIN_SUPERSEDED) Z056N074M0 mxw 22939/22939021/2, dataset scope, 9 cell(s) 5000-1e+05 eV; rules R3; twin of 22939/22939039/2 (x:SPSDD)"
CR2-22939-22939021-2-3cce130b,22939/22939021/2,Z056N074M0,mxw,I.Dillmann,2010,exclude,,dataset,R3_TWIN_SUPERSEDED,150,100000.0,100000.0,0.425,0.0209,R3,,,null,,,,,,"EXCLUDE (R3_TWIN_SUPERSEDED) Z056N074M0 mxw 22939/22939021/2, dataset scope, 9 cell(s) 5000-1e+05 eV; rules R3; twin of 22939/22939039/2 (x:SPSDD)"
CR2-22939-22939021-3-a15b9524,22939/22939021/3,Z056N074M0,mxw,I.Dillmann,2010,exclude,,dataset,R3_TWIN_SUPERSEDED,136,5000.0,5000.0,1.634,0.018,R3,,,null,,,,,,"EXCLUDE (R3_TWIN_SUPERSEDED) Z056N074M0 mxw 22939/22939021/3, dataset scope, 9 cell(s) 5000-1e+05 eV; rules R3; twin of 22939/22939039/3 (x:SPSDD)"
CR2-22939-22939021-3-a15b9524,22939/22939021/3,Z056N074M0,mxw,I.Dillmann,2010,exclude,,dataset,R3_TWIN_SUPERSEDED,140,10000.0,10000.0,1.171,0.0164,R3,,,null,,,,,,"EXCLUDE (R3_TWIN_SUPERSEDED) Z056N074M0 mxw 22939/22939021/3, dataset scope, 9 cell(s) 5000-1e+05 eV; rules R3; twin of 22939/22939039/3 (x:SPSDD)"
CR2-22939-22939021-3-a15b9524,22939/22939021/3,Z056N074M0,mxw,I.Dillmann,2010,exclude,,dataset,R3_TWIN_SUPERSEDED,141,15000.0,15000.0,0.982,0.0165,R3,,,null,,,,,,"EXCLUDE (R3_TWIN_SUPERSEDED) Z056N074M0 mxw 22939/22939021/3, dataset scope, 9 cell(s) 5000-1e+05 eV; rules R3; twin of 22939/22939039/3 (x:SPSDD)"
CR2-22939-22939021-3-a15b9524,22939/22939021/3,Z056N074M0,mxw,I.Dillmann,2010,exclude,,dataset,R3_TWIN_SUPERSEDED,143,20000.0,25000.0,0.839,0.0117,R3,,,null,,,,,,"EXCLUDE (R3_TWIN_SUPERSEDED) Z056N074M0 mxw 22939/22939021/3, dataset scope, 9 cell(s) 5000-1e+05 eV; rules R3; twin of 22939/22939039/3 (x:SPSDD)"
CR2-22939-22939021-3-a15b9524,22939/22939021/3,Z056N074M0,mxw,I.Dillmann,2010,exclude,,dataset,R3_TWIN_SUPERSEDED,144,30000.0,30000.0,0.754,0.0164,R3,,,null,,,,,,"EXCLUDE (R3_TWIN_SUPERSEDED) Z056N074M0 mxw 22939/22939021/3, dataset scope, 9 cell(s) 5000-1e+05 eV; rules R3; twin of 22939/22939039/3 (x:SPSDD)"
CR2-22939-22939021-3-a15b9524,22939/22939021/3,Z056N074M0,mxw,I.Dillmann,2010,exclude,,dataset,R3_TWIN_SUPERSEDED,146,40000.0,50000.0,0.663,0.0119,R3,,,null,,,,,,"EXCLUDE (R3_TWIN_SUPERSEDED) Z056N074M0 mxw 22939/22939021/3, dataset scope, 9 cell(s) 5000-1e+05 eV; rules R3; twin of 22939/22939039/3 (x:SPSDD)"
CR2-22939-22939021-3-a15b9524,22939/22939021/3,Z056N074M0,mxw,I.Dillmann,2010,exclude,,dataset,R3_TWIN_SUPERSEDED,147,60000.0,60000.0,0.608,0.0168,R3,,,null,,,,,,"EXCLUDE (R3_TWIN_SUPERSEDED) Z056N074M0 mxw 22939/22939021/3, dataset scope, 9 cell(s) 5000-1e+05 eV; rules R3; twin of 22939/22939039/3 (x:SPSDD)"
CR2-22939-22939021-3-a15b9524,22939/22939021/3,Z056N074M0,mxw,I.Dillmann,2010,exclude,,dataset,R3_TWIN_SUPERSEDED,149,80000.0,80000.0,0.566,0.0166,R3,,,null,,,,,,"EXCLUDE (R3_TWIN_SUPERSEDED) Z056N074M0 mxw 22939/22939021/3, dataset scope, 9 cell(s) 5000-1e+05 eV; rules R3; twin of 22939/22939039/3 (x:SPSDD)"
CR2-22939-22939021-3-a15b9524,22939/22939021/3,Z056N074M0,mxw,I.Dillmann,2010,exclude,,dataset,R3_TWIN_SUPERSEDED,150,100000.0,100000.0,0.54,0.0166,R3,,,null,,,,,,"EXCLUDE (R3_TWIN_SUPERSEDED) Z056N074M0 mxw 22939/22939021/3, dataset scope, 9 cell(s) 5000-1e+05 eV; rules R3; twin of 22939/22939039/3 (x:SPSDD)"
CR2-22939-22939021-4-16454b1f,22939/22939021/4,Z056N074M0,mxw,I.Dillmann,2010,exclude,,dataset,R3_TWIN_SUPERSEDED,136,5000.0,5000.0,1.634,0.018,R3,,,null,,,,,,"EXCLUDE (R3_TWIN_SUPERSEDED) Z056N074M0 mxw 22939/22939021/4, dataset scope, 9 cell(s) 5000-1e+05 eV; rules R3; twin of 22939/22939039/3 (x:SPSDD)"
CR2-22939-22939021-4-16454b1f,22939/22939021/4,Z056N074M0,mxw,I.Dillmann,2010,exclude,,dataset,R3_TWIN_SUPERSEDED,140,10000.0,10000.0,1.171,0.0164,R3,,,null,,,,,,"EXCLUDE (R3_TWIN_SUPERSEDED) Z056N074M0 mxw 22939/22939021/4, dataset scope, 9 cell(s) 5000-1e+05 eV; rules R3; twin of 22939/22939039/3 (x:SPSDD)"
CR2-22939-22939021-4-16454b1f,22939/22939021/4,Z056N074M0,mxw,I.Dillmann,2010,exclude,,dataset,R3_TWIN_SUPERSEDED,141,15000.0,15000.0,0.982,0.0165,R3,,,null,,,,,,"EXCLUDE (R3_TWIN_SUPERSEDED) Z056N074M0 mxw 22939/22939021/4, dataset scope, 9 cell(s) 5000-1e+05 eV; rules R3; twin of 22939/22939039/3 (x:SPSDD)"
CR2-22939-22939021-4-16454b1f,22939/22939021/4,Z056N074M0,mxw,I.Dillmann,2010,exclude,,dataset,R3_TWIN_SUPERSEDED,143,20000.0,25000.0,0.839,0.0117,R3,,,null,,,,,,"EXCLUDE (R3_TWIN_SUPERSEDED) Z056N074M0 mxw 22939/22939021/4, dataset scope, 9 cell(s) 5000-1e+05 eV; rules R3; twin of 22939/22939039/3 (x:SPSDD)"
CR2-22939-22939021-4-16454b1f,22939/22939021/4,Z056N074M0,mxw,I.Dillmann,2010,exclude,,dataset,R3_TWIN_SUPERSEDED,144,30000.0,30000.0,0.754,0.0164,R3,,,null,,,,,,"EXCLUDE (R3_TWIN_SUPERSEDED) Z056N074M0 mxw 22939/22939021/4, dataset scope, 9 cell(s) 5000-1e+05 eV; rules R3; twin of 22939/22939039/3 (x:SPSDD)"
CR2-22939-22939021-4-16454b1f,22939/22939021/4,Z056N074M0,mxw,I.Dillmann,2010,exclude,,dataset,R3_TWIN_SUPERSEDED,146,40000.0,50000.0,0.663,0.0119,R3,,,null,,,,,,"EXCLUDE (R3_TWIN_SUPERSEDED) Z056N074M0 mxw 22939/22939021/4, dataset scope, 9 cell(s) 5000-1e+05 eV; rules R3; twin of 22939/22939039/3 (x:SPSDD)"
CR2-22939-22939021-4-16454b1f,22939/22939021/4,Z056N074M0,mxw,I.Dillmann,2010,exclude,,dataset,R3_TWIN_SUPERSEDED,147,60000.0,60000.0,0.608,0.0168,R3,,,null,,,,,,"EXCLUDE (R3_TWIN_SUPERSEDED) Z056N074M0 mxw 22939/22939021/4, dataset scope, 9 cell(s) 5000-1e+05 eV; rules R3; twin of 22939/22939039/3 (x:SPSDD)"
CR2-22939-22939021-4-16454b1f,22939/22939021/4,Z056N074M0,mxw,I.Dillmann,2010,exclude,,dataset,R3_TWIN_SUPERSEDED,149,80000.0,80000.0,0.566,0.0166,R3,,,null,,,,,,"EXCLUDE (R3_TWIN_SUPERSEDED) Z056N074M0 mxw 22939/22939021/4, dataset scope, 9 cell(s) 5000-1e+05 eV; rules R3; twin of 22939/22939039/3 (x:SPSDD)"
CR2-22939-22939021-4-16454b1f,22939/22939021/4,Z056N074M0,mxw,I.Dillmann,2010,exclude,,dataset,R3_TWIN_SUPERSEDED,150,100000.0,100000.0,0.54,0.0166,R3,,,null,,,,,,"EXCLUDE (R3_TWIN_SUPERSEDED) Z056N074M0 mxw 22939/22939021/4, dataset scope, 9 cell(s) 5000-1e+05 eV; rules R3; twin of 22939/22939039/3 (x:SPSDD)"
CR2-22939-22939022-1-9f2929b9,22939/22939022/1,Z056N076M0,mxw,I.Dillmann,2010,exclude,,dataset,R3_TWIN_SUPERSEDED,136,5000.0,5000.0,0.929,0.0161,R3,,,null,,,,,,"EXCLUDE (R3_TWIN_SUPERSEDED) Z056N076M0 mxw 22939/22939022/1, dataset scope, 9 cell(s) 5000-1e+05 eV; rules R3; twin of 22939/22939040/1 (x:SPSDD)"
CR2-22939-22939022-1-9f2929b9,22939/22939022/1,Z056N076M0,mxw,I.Dillmann,2010,exclude,,dataset,R3_TWIN_SUPERSEDED,140,10000.0,10000.0,0.641,0.016,R3,,,null,,,,,,"EXCLUDE (R3_TWIN_SUPERSEDED) Z056N076M0 mxw 22939/22939022/1, dataset scope, 9 cell(s) 5000-1e+05 eV; rules R3; twin of 22939/22939040/1 (x:SPSDD)"
CR2-22939-22939022-1-9f2929b9,22939/22939022/1,Z056N076M0,mxw,I.Dillmann,2010,exclude,,dataset,R3_TWIN_SUPERSEDED,141,15000.0,15000.0,0.53,0.0161,R3,,,null,,,,,,"EXCLUDE (R3_TWIN_SUPERSEDED) Z056N076M0 mxw 22939/22939022/1, dataset scope, 9 cell(s) 5000-1e+05 eV; rules R3; twin of 22939/22939040/1 (x:SPSDD)"
CR2-22939-22939022-1-9f2929b9,22939/22939022/1,Z056N076M0,mxw,I.Dillmann,2010,exclude,,dataset,R3_TWIN_SUPERSEDED,143,20000.0,25000.0,0.4475,0.0115,R3,,,null,,,,,,"EXCLUDE (R3_TWIN_SUPERSEDED) Z056N076M0 mxw 22939/22939022/1, dataset scope, 9 cell(s) 5000-1e+05 eV; rules R3; twin of 22939/22939040/1 (x:SPSDD)"
CR2-22939-22939022-1-9f2929b9,22939/22939022/1,Z056N076M0,mxw,I.Dillmann,2010,exclude,,dataset,R3_TWIN_SUPERSEDED,144,30000.0,30000.0,0.398,0.0161,R3,,,null,,,,,,"EXCLUDE (R3_TWIN_SUPERSEDED) Z056N076M0 mxw 22939/22939022/1, dataset scope, 9 cell(s) 5000-1e+05 eV; rules R3; twin of 22939/22939040/1 (x:SPSDD)"
CR2-22939-22939022-1-9f2929b9,22939/22939022/1,Z056N076M0,mxw,I.Dillmann,2010,exclude,,dataset,R3_TWIN_SUPERSEDED,146,40000.0,50000.0,0.3445,0.0119,R3,,,null,,,,,,"EXCLUDE (R3_TWIN_SUPERSEDED) Z056N076M0 mxw 22939/22939022/1, dataset scope, 9 cell(s) 5000-1e+05 eV; rules R3; twin of 22939/22939040/1 (x:SPSDD)"
CR2-22939-22939022-1-9f2929b9,22939/22939022/1,Z056N076M0,mxw,I.Dillmann,2010,exclude,,dataset,R3_TWIN_SUPERSEDED,147,60000.0,60000.0,0.313,0.0163,R3,,,null,,,,,,"EXCLUDE (R3_TWIN_SUPERSEDED) Z056N076M0 mxw 22939/22939022/1, dataset scope, 9 cell(s) 5000-1e+05 eV; rules R3; twin of 22939/22939040/1 (x:SPSDD)"
CR2-22939-22939022-1-9f2929b9,22939/22939022/1,Z056N076M0,mxw,I.Dillmann,2010,exclude,,dataset,R3_TWIN_SUPERSEDED,149,80000.0,80000.0,0.29,0.0162,R3,,,null,,,,,,"EXCLUDE (R3_TWIN_SUPERSEDED) Z056N076M0 mxw 22939/22939022/1, dataset scope, 9 cell(s) 5000-1e+05 eV; rules R3; twin of 22939/22939040/1 (x:SPSDD)"
CR2-22939-22939022-1-9f2929b9,22939/22939022/1,Z056N076M0,mxw,I.Dillmann,2010,exclude,,dataset,R3_TWIN_SUPERSEDED,150,100000.0,100000.0,0.277,0.0169,R3,,,null,,,,,,"EXCLUDE (R3_TWIN_SUPERSEDED) Z056N076M0 mxw 22939/22939022/1, dataset scope, 9 cell(s) 5000-1e+05 eV; rules R3; twin of 22939/22939040/1 (x:SPSDD)"
CR2-22939-22939022-3-0ff07483,22939/22939022/3,Z056N076M0,mxw,I.Dillmann,2010,exclude,,dataset,R3_TWIN_SUPERSEDED,136,5000.0,5000.0,0.915,0.0163,R3,,,null,,,,,,"EXCLUDE (R3_TWIN_SUPERSEDED) Z056N076M0 mxw 22939/22939022/3, dataset scope, 9 cell(s) 5000-1e+05 eV; rules R3; twin of 22939/22939040/2 (x:SPSDD)"
CR2-22939-22939022-3-0ff07483,22939/22939022/3,Z056N076M0,mxw,I.Dillmann,2010,exclude,,dataset,R3_TWIN_SUPERSEDED,140,10000.0,10000.0,0.637,0.0161,R3,,,null,,,,,,"EXCLUDE (R3_TWIN_SUPERSEDED) Z056N076M0 mxw 22939/22939022/3, dataset scope, 9 cell(s) 5000-1e+05 eV; rules R3; twin of 22939/22939040/2 (x:SPSDD)"
CR2-22939-22939022-3-0ff07483,22939/22939022/3,Z056N076M0,mxw,I.Dillmann,2010,exclude,,dataset,R3_TWIN_SUPERSEDED,141,15000.0,15000.0,0.528,0.0161,R3,,,null,,,,,,"EXCLUDE (R3_TWIN_SUPERSEDED) Z056N076M0 mxw 22939/22939022/3, dataset scope, 9 cell(s) 5000-1e+05 eV; rules R3; twin of 22939/22939040/2 (x:SPSDD)"
CR2-22939-22939022-3-0ff07483,22939/22939022/3,Z056N076M0,mxw,I.Dillmann,2010,exclude,,dataset,R3_TWIN_SUPERSEDED,143,20000.0,25000.0,0.4465,0.0116,R3,,,null,,,,,,"EXCLUDE (R3_TWIN_SUPERSEDED) Z056N076M0 mxw 22939/22939022/3, dataset scope, 9 cell(s) 5000-1e+05 eV; rules R3; twin of 22939/22939040/2 (x:SPSDD)"
CR2-22939-22939022-3-0ff07483,22939/22939022/3,Z056N076M0,mxw,I.Dillmann,2010,exclude,,dataset,R3_TWIN_SUPERSEDED,144,30000.0,30000.0,0.397,0.0161,R3,,,null,,,,,,"EXCLUDE (R3_TWIN_SUPERSEDED) Z056N076M0 mxw 22939/22939022/3, dataset scope, 9 cell(s) 5000-1e+05 eV; rules R3; twin of 22939/22939040/2 (x:SPSDD)"
CR2-22939-22939022-3-0ff07483,22939/22939022/3,Z056N076M0,mxw,I.Dillmann,2010,exclude,,dataset,R3_TWIN_SUPERSEDED,146,40000.0,50000.0,0.344,0.0119,R3,,,null,,,,,,"EXCLUDE (R3_TWIN_SUPERSEDED) Z056N076M0 mxw 22939/22939022/3, dataset scope, 9 cell(s) 5000-1e+05 eV; rules R3; twin of 22939/22939040/2 (x:SPSDD)"
CR2-22939-22939022-3-0ff07483,22939/22939022/3,Z056N076M0,mxw,I.Dillmann,2010,exclude,,dataset,R3_TWIN_SUPERSEDED,147,60000.0,60000.0,0.312,0.0164,R3,,,null,,,,,,"EXCLUDE (R3_TWIN_SUPERSEDED) Z056N076M0 mxw 22939/22939022/3, dataset scope, 9 cell(s) 5000-1e+05 eV; rules R3; twin of 22939/22939040/2 (x:SPSDD)"
CR2-22939-22939022-3-0ff07483,22939/22939022/3,Z056N076M0,mxw,I.Dillmann,2010,exclude,,dataset,R3_TWIN_SUPERSEDED,149,80000.0,80000.0,0.29,0.0162,R3,,,null,,,,,,"EXCLUDE (R3_TWIN_SUPERSEDED) Z056N076M0 mxw 22939/22939022/3, dataset scope, 9 cell(s) 5000-1e+05 eV; rules R3; twin of 22939/22939040/2 (x:SPSDD)"
CR2-22939-22939022-3-0ff07483,22939/22939022/3,Z056N076M0,mxw,I.Dillmann,2010,exclude,,dataset,R3_TWIN_SUPERSEDED,150,100000.0,100000.0,0.276,0.017,R3,,,null,,,,,,"EXCLUDE (R3_TWIN_SUPERSEDED) Z056N076M0 mxw 22939/22939022/3, dataset scope, 9 cell(s) 5000-1e+05 eV; rules R3; twin of 22939/22939040/2 (x:SPSDD)"
CR2-22939-22939023-2-dfb8dccd,22939/22939023/2,Z066N090M0,mxw,I.Dillmann,2010,exclude,,dataset,R3_TWIN_SUPERSEDED,136,5000.0,5000.0,4.06,0.0298,R3,,,null,,,,,,"EXCLUDE (R3_TWIN_SUPERSEDED) Z066N090M0 mxw 22939/22939023/2, dataset scope, 9 cell(s) 5000-1e+05 eV; rules R3; twin of 22939/22939041/2 (x:SPSDD)"
CR2-22939-22939023-2-dfb8dccd,22939/22939023/2,Z066N090M0,mxw,I.Dillmann,2010,exclude,,dataset,R3_TWIN_SUPERSEDED,140,10000.0,10000.0,2.71,0.0299,R3,,,null,,,,,,"EXCLUDE (R3_TWIN_SUPERSEDED) Z066N090M0 mxw 22939/22939023/2, dataset scope, 9 cell(s) 5000-1e+05 eV; rules R3; twin of 22939/22939041/2 (x:SPSDD)"
CR2-22939-22939023-2-dfb8dccd,22939/22939023/2,Z066N090M0,mxw,I.Dillmann,2010,exclude,,dataset,R3_TWIN_SUPERSEDED,141,15000.0,15000.0,2.216,0.0299,R3,,,null,,,,,,"EXCLUDE (R3_TWIN_SUPERSEDED) Z066N090M0 mxw 22939/22939023/2, dataset scope, 9 cell(s) 5000-1e+05 eV; rules R3; twin of 22939/22939041/2 (x:SPSDD)"
CR2-22939-22939023-2-dfb8dccd,22939/22939023/2,Z066N090M0,mxw,I.Dillmann,2010,exclude,,dataset,R3_TWIN_SUPERSEDED,143,20000.0,25000.0,1.8615,0.0214,R3,,,null,,,,,,"EXCLUDE (R3_TWIN_SUPERSEDED) Z066N090M0 mxw 22939/22939023/2, dataset scope, 9 cell(s) 5000-1e+05 eV; rules R3; twin of 22939/22939041/2 (x:SPSDD)"
CR2-22939-22939023-2-dfb8dccd,22939/22939023/2,Z066N090M0,mxw,I.Dillmann,2010,exclude,,dataset,R3_TWIN_SUPERSEDED,144,30000.0,30000.0,1.651,0.03,R3,,,null,,,,,,"EXCLUDE (R3_TWIN_SUPERSEDED) Z066N090M0 mxw 22939/22939023/2, dataset scope, 9 cell(s) 5000-1e+05 eV; rules R3; twin of 22939/22939041/2 (x:SPSDD)"
CR2-22939-22939023-2-dfb8dccd,22939/22939023/2,Z066N090M0,mxw,I.Dillmann,2010,exclude,,dataset,R3_TWIN_SUPERSEDED,146,40000.0,50000.0,1.4185,0.0213,R3,,,null,,,,,,"EXCLUDE (R3_TWIN_SUPERSEDED) Z066N090M0 mxw 22939/22939023/2, dataset scope, 9 cell(s) 5000-1e+05 eV; rules R3; twin of 22939/22939041/2 (x:SPSDD)"
CR2-22939-22939023-2-dfb8dccd,22939/22939023/2,Z066N090M0,mxw,I.Dillmann,2010,exclude,,dataset,R3_TWIN_SUPERSEDED,147,60000.0,60000.0,1.269,0.0301,R3,,,null,,,,,,"EXCLUDE (R3_TWIN_SUPERSEDED) Z066N090M0 mxw 22939/22939023/2, dataset scope, 9 cell(s) 5000-1e+05 eV; rules R3; twin of 22939/22939041/2 (x:SPSDD)"
CR2-22939-22939023-2-dfb8dccd,22939/22939023/2,Z066N090M0,mxw,I.Dillmann,2010,exclude,,dataset,R3_TWIN_SUPERSEDED,149,80000.0,80000.0,1.142,0.0298,R3,,,null,,,,,,"EXCLUDE (R3_TWIN_SUPERSEDED) Z066N090M0 mxw 22939/22939023/2, dataset scope, 9 cell(s) 5000-1e+05 eV; rules R3; twin of 22939/22939041/2 (x:SPSDD)"
CR2-22939-22939023-2-dfb8dccd,22939/22939023/2,Z066N090M0,mxw,I.Dillmann,2010,exclude,,dataset,R3_TWIN_SUPERSEDED,150,100000.0,100000.0,1.056,0.0298,R3,,,null,,,,,,"EXCLUDE (R3_TWIN_SUPERSEDED) Z066N090M0 mxw 22939/22939023/2, dataset scope, 9 cell(s) 5000-1e+05 eV; rules R3; twin of 22939/22939041/2 (x:SPSDD)"
CR2-22939-22939039-4-1ae5e848,22939/22939039/4,Z056N074M0,mxw,I.Dillmann,2010,exclude,,dataset,R3_TWIN_SUPERSEDED,136,5000.0,5000.0,1.735,0.0174,R3,,,null,,,,,,"EXCLUDE (R3_TWIN_SUPERSEDED) Z056N074M0 mxw 22939/22939039/4, dataset scope, 9 cell(s) 5000-1e+05 eV; rules R3; twin of 22939/22939039/1 (d:ratio)"
CR2-22939-22939039-4-1ae5e848,22939/22939039/4,Z056N074M0,mxw,I.Dillmann,2010,exclude,,dataset,R3_TWIN_SUPERSEDED,140,10000.0,10000.0,1.244,0.0158,R3,,,null,,,,,,"EXCLUDE (R3_TWIN_SUPERSEDED) Z056N074M0 mxw 22939/22939039/4, dataset scope, 9 cell(s) 5000-1e+05 eV; rules R3; twin of 22939/22939039/1 (d:ratio)"
CR2-22939-22939039-4-1ae5e848,22939/22939039/4,Z056N074M0,mxw,I.Dillmann,2010,exclude,,dataset,R3_TWIN_SUPERSEDED,141,15000.0,15000.0,1.043,0.0159,R3,,,null,,,,,,"EXCLUDE (R3_TWIN_SUPERSEDED) Z056N074M0 mxw 22939/22939039/4, dataset scope, 9 cell(s) 5000-1e+05 eV; rules R3; twin of 22939/22939039/1 (d:ratio)"
CR2-22939-22939039-4-1ae5e848,22939/22939039/4,Z056N074M0,mxw,I.Dillmann,2010,exclude,,dataset,R3_TWIN_SUPERSEDED,143,20000.0,25000.0,0.891,0.0114,R3,,,null,,,,,,"EXCLUDE (R3_TWIN_SUPERSEDED) Z056N074M0 mxw 22939/22939039/4, dataset scope, 9 cell(s) 5000-1e+05 eV; rules R3; twin of 22939/22939039/1 (d:ratio)"
CR2-22939-22939039-4-1ae5e848,22939/22939039/4,Z056N074M0,mxw,I.Dillmann,2010,exclude,,dataset,R3_TWIN_SUPERSEDED,144,30000.0,30000.0,0.801,0.0154,R3,,,null,,,,,,"EXCLUDE (R3_TWIN_SUPERSEDED) Z056N074M0 mxw 22939/22939039/4, dataset scope, 9 cell(s) 5000-1e+05 eV; rules R3; twin of 22939/22939039/1 (d:ratio)"
CR2-22939-22939039-4-1ae5e848,22939/22939039/4,Z056N074M0,mxw,I.Dillmann,2010,exclude,,dataset,R3_TWIN_SUPERSEDED,146,40000.0,50000.0,0.7045,0.0114,R3,,,null,,,,,,"EXCLUDE (R3_TWIN_SUPERSEDED) Z056N074M0 mxw 22939/22939039/4, dataset scope, 9 cell(s) 5000-1e+05 eV; rules R3; twin of 22939/22939039/1 (d:ratio)"
CR2-22939-22939039-4-1ae5e848,22939/22939039/4,Z056N074M0,mxw,I.Dillmann,2010,exclude,,dataset,R3_TWIN_SUPERSEDED,147,60000.0,60000.0,0.646,0.0152,R3,,,null,,,,,,"EXCLUDE (R3_TWIN_SUPERSEDED) Z056N074M0 mxw 22939/22939039/4, dataset scope, 9 cell(s) 5000-1e+05 eV; rules R3; twin of 22939/22939039/1 (d:ratio)"
CR2-22939-22939039-4-1ae5e848,22939/22939039/4,Z056N074M0,mxw,I.Dillmann,2010,exclude,,dataset,R3_TWIN_SUPERSEDED,149,80000.0,80000.0,0.601,0.0156,R3,,,null,,,,,,"EXCLUDE (R3_TWIN_SUPERSEDED) Z056N074M0 mxw 22939/22939039/4, dataset scope, 9 cell(s) 5000-1e+05 eV; rules R3; twin of 22939/22939039/1 (d:ratio)"
CR2-22939-22939039-4-1ae5e848,22939/22939039/4,Z056N074M0,mxw,I.Dillmann,2010,exclude,,dataset,R3_TWIN_SUPERSEDED,150,100000.0,100000.0,0.573,0.0156,R3,,,null,,,,,,"EXCLUDE (R3_TWIN_SUPERSEDED) Z056N074M0 mxw 22939/22939039/4, dataset scope, 9 cell(s) 5000-1e+05 eV; rules R3; twin of 22939/22939039/1 (d:ratio)"
CR2-22941-22941008-fa80b30d,22941/22941008/,Z090N142M0,spa,A.Letourneau,2009,exclude,,dataset,R3_TWIN_SUPERSEDED,83,0.025,0.025,7.4,0.0122,R3,,,null,,,,,,"EXCLUDE (R3_TWIN_SUPERSEDED) Z090N142M0 spa 22941/22941008/, dataset scope, 1 cell(s) 0.025-0.025 eV; rules R3; twin of 22941/22941023/ (x:SPSDD)"
CR2-22941-22941009-bb94d7de,22941/22941009/,Z091N142M0,spa,A.Letourneau,2009,exclude,,dataset,R3_TWIN_SUPERSEDED,83,0.025,0.025,39.41,0.0015,R3,,,null,,,,,,"EXCLUDE (R3_TWIN_SUPERSEDED) Z091N142M0 spa 22941/22941009/, dataset scope, 1 cell(s) 0.025-0.025 eV; rules R3; twin of 22941/22941025/ (x:SPSDD)"
CR2-22941-22941010-48765f48,22941/22941010/,Z092N142M0,spa,A.Letourneau,2009,exclude,,dataset,R3_TWIN_SUPERSEDED,83,0.025,0.025,98.37,0.0135,R3,,,null,,,,,,"EXCLUDE (R3_TWIN_SUPERSEDED) Z092N142M0 spa 22941/22941010/, dataset scope, 1 cell(s) 0.025-0.025 eV; rules R3; twin of 22941/22941027/ (x:SPSDD)"
CR2-22941-22941011-9a696dc3,22941/22941011/,Z092N143M0,spa,A.Letourneau,2009,exclude,,dataset,R3_TWIN_SUPERSEDED,83,0.025,0.025,96.65,0.0471,R3,,,null,,,,,,"EXCLUDE (R3_TWIN_SUPERSEDED) Z092N143M0 spa 22941/22941011/, dataset scope, 1 cell(s) 0.025-0.025 eV; rules R3; twin of 22941/22941029/ (x:SPSDD)"
CR2-22959-22959002-f2b87e5d,22959/22959002/,Z028N034M0,mxw,H.Nassar,2005,exclude,,dataset,R3_TWIN_SUPERSEDED,143,25000.0,25000.0,0.0284,0.0408,R3,,,null,,,,,,"EXCLUDE (R3_TWIN_SUPERSEDED) Z028N034M0 mxw 22959/22959002/, dataset scope, 1 cell(s) 2.5e+04-2.5e+04 eV; rules R3; twin of 22959/22959003/ (x:SPSDD)"
CR2-22963-22963002-2fb8bd17,22963/22963002/,Z072N102M0,spa,C.Vockenhuber,2007,exclude,,dataset,R3_TWIN_SUPERSEDED,143,25000.0,25000.0,0.99,0.0114,R3,,,null,,,,,,"EXCLUDE (R3_TWIN_SUPERSEDED) Z072N102M0 spa 22963/22963002/, dataset scope, 1 cell(s) 2.5e+04-2.5e+04 eV; rules R3; twin of 22963/22963010/ (x:SPSDD)"
CR2-22963-22963003-249e16c7,22963/22963003/,Z072N102M0,spa,C.Vockenhuber,2007,exclude,,dataset,R3_TWIN_SUPERSEDED,143,25000.0,25000.0,0.99,0.0113,R3,,,null,,,,,,"EXCLUDE (R3_TWIN_SUPERSEDED) Z072N102M0 spa 22963/22963003/, dataset scope, 1 cell(s) 2.5e+04-2.5e+04 eV; rules R3; twin of 22963/22963011/2 (x:SPSDD)"
CR2-22963-22963004-6fbbfd09,22963/22963004/,Z072N108M0,spa,C.Vockenhuber,2007,exclude,,dataset,R3_TWIN_SUPERSEDED,143,25000.0,25000.0,0.15914,0.0064,R3,,,null,,,,,,"EXCLUDE (R3_TWIN_SUPERSEDED) Z072N108M0 spa 22963/22963004/, dataset scope, 1 cell(s) 2.5e+04-2.5e+04 eV; rules R3; twin of 22963/22963012/ (x:SPSDD)"
CR2-22963-22963005-123d6583,22963/22963005/,Z072N108M0,spa,C.Vockenhuber,2007,exclude,,dataset,R3_TWIN_SUPERSEDED,143,25000.0,25000.0,0.1579,0.006,R3,,,null,,,,,,"EXCLUDE (R3_TWIN_SUPERSEDED) Z072N108M0 spa 22963/22963005/, dataset scope, 1 cell(s) 2.5e+04-2.5e+04 eV; rules R3; twin of 22963/22963013/2 (x:SPSDD)"
CR2-22963-22963008-1c820648,22963/22963008/,Z072N102M0,mxw,C.Vockenhuber,2007,exclude,,dataset,R3_TWIN_SUPERSEDED,136,5000.0,5000.0,2.797,0.0414,R3,,,null,,,,,,"EXCLUDE (R3_TWIN_SUPERSEDED) Z072N102M0 mxw 22963/22963008/, dataset scope, 9 cell(s) 5000-1e+05 eV; rules R3; twin of 22963/22963016/ (x:SPSDD)"
CR2-22963-22963008-1c820648,22963/22963008/,Z072N102M0,mxw,C.Vockenhuber,2007,exclude,,dataset,R3_TWIN_SUPERSEDED,140,10000.0,10000.0,1.766,0.0414,R3,,,null,,,,,,"EXCLUDE (R3_TWIN_SUPERSEDED) Z072N102M0 mxw 22963/22963008/, dataset scope, 9 cell(s) 5000-1e+05 eV; rules R3; twin of 22963/22963016/ (x:SPSDD)"
CR2-22963-22963008-1c820648,22963/22963008/,Z072N102M0,mxw,C.Vockenhuber,2007,exclude,,dataset,R3_TWIN_SUPERSEDED,141,15000.0,15000.0,1.394,0.0414,R3,,,null,,,,,,"EXCLUDE (R3_TWIN_SUPERSEDED) Z072N102M0 mxw 22963/22963008/, dataset scope, 9 cell(s) 5000-1e+05 eV; rules R3; twin of 22963/22963016/ (x:SPSDD)"
CR2-22963-22963008-1c820648,22963/22963008/,Z072N102M0,mxw,C.Vockenhuber,2007,exclude,,dataset,R3_TWIN_SUPERSEDED,143,20000.0,25000.0,1.1335,0.0414,R3,,,null,,,,,,"EXCLUDE (R3_TWIN_SUPERSEDED) Z072N102M0 mxw 22963/22963008/, dataset scope, 9 cell(s) 5000-1e+05 eV; rules R3; twin of 22963/22963016/ (x:SPSDD)"
CR2-22963-22963008-1c820648,22963/22963008/,Z072N102M0,mxw,C.Vockenhuber,2007,exclude,,dataset,R3_TWIN_SUPERSEDED,144,30000.0,30000.0,0.983,0.0199,R3,,,null,,,,,,"EXCLUDE (R3_TWIN_SUPERSEDED) Z072N102M0 mxw 22963/22963008/, dataset scope, 9 cell(s) 5000-1e+05 eV; rules R3; twin of 22963/22963016/ (x:SPSDD)"
CR2-22963-22963008-1c820648,22963/22963008/,Z072N102M0,mxw,C.Vockenhuber,2007,exclude,,dataset,R3_TWIN_SUPERSEDED,146,40000.0,50000.0,0.8235,0.0414,R3,,,null,,,,,,"EXCLUDE (R3_TWIN_SUPERSEDED) Z072N102M0 mxw 22963/22963008/, dataset scope, 9 cell(s) 5000-1e+05 eV; rules R3; twin of 22963/22963016/ (x:SPSDD)"
CR2-22963-22963008-1c820648,22963/22963008/,Z072N102M0,mxw,C.Vockenhuber,2007,exclude,,dataset,R3_TWIN_SUPERSEDED,147,60000.0,60000.0,0.727,0.0414,R3,,,null,,,,,,"EXCLUDE (R3_TWIN_SUPERSEDED) Z072N102M0 mxw 22963/22963008/, dataset scope, 9 cell(s) 5000-1e+05 eV; rules R3; twin of 22963/22963016/ (x:SPSDD)"
CR2-22963-22963008-1c820648,22963/22963008/,Z072N102M0,mxw,C.Vockenhuber,2007,exclude,,dataset,R3_TWIN_SUPERSEDED,149,80000.0,80000.0,0.651,0.0414,R3,,,null,,,,,,"EXCLUDE (R3_TWIN_SUPERSEDED) Z072N102M0 mxw 22963/22963008/, dataset scope, 9 cell(s) 5000-1e+05 eV; rules R3; twin of 22963/22963016/ (x:SPSDD)"
CR2-22963-22963008-1c820648,22963/22963008/,Z072N102M0,mxw,C.Vockenhuber,2007,exclude,,dataset,R3_TWIN_SUPERSEDED,150,100000.0,100000.0,0.604,0.0414,R3,,,null,,,,,,"EXCLUDE (R3_TWIN_SUPERSEDED) Z072N102M0 mxw 22963/22963008/, dataset scope, 9 cell(s) 5000-1e+05 eV; rules R3; twin of 22963/22963016/ (x:SPSDD)"
CR2-22963-22963009-850ea361,22963/22963009/,Z072N110M0,mxw,C.Vockenhuber,2007,exclude,,dataset,R3_TWIN_SUPERSEDED,136,5000.0,5000.0,0.352,0.0414,R3,,,null,,,,,,"EXCLUDE (R3_TWIN_SUPERSEDED) Z072N110M0 mxw 22963/22963009/, dataset scope, 9 cell(s) 5000-1e+05 eV; rules R3; twin of 22963/22963017/ (x:SPSDD)"
CR2-22963-22963009-850ea361,22963/22963009/,Z072N110M0,mxw,C.Vockenhuber,2007,exclude,,dataset,R3_TWIN_SUPERSEDED,140,10000.0,10000.0,0.238,0.0414,R3,,,null,,,,,,"EXCLUDE (R3_TWIN_SUPERSEDED) Z072N110M0 mxw 22963/22963009/, dataset scope, 9 cell(s) 5000-1e+05 eV; rules R3; twin of 22963/22963017/ (x:SPSDD)"
CR2-22963-22963009-850ea361,22963/22963009/,Z072N110M0,mxw,C.Vockenhuber,2007,exclude,,dataset,R3_TWIN_SUPERSEDED,141,15000.0,15000.0,0.195,0.0414,R3,,,null,,,,,,"EXCLUDE (R3_TWIN_SUPERSEDED) Z072N110M0 mxw 22963/22963009/, dataset scope, 9 cell(s) 5000-1e+05 eV; rules R3; twin of 22963/22963017/ (x:SPSDD)"
CR2-22963-22963009-850ea361,22963/22963009/,Z072N110M0,mxw,C.Vockenhuber,2007,exclude,,dataset,R3_TWIN_SUPERSEDED,143,20000.0,25000.0,0.1625,0.0414,R3,,,null,,,,,,"EXCLUDE (R3_TWIN_SUPERSEDED) Z072N110M0 mxw 22963/22963009/, dataset scope, 9 cell(s) 5000-1e+05 eV; rules R3; twin of 22963/22963017/ (x:SPSDD)"
CR2-22963-22963009-850ea361,22963/22963009/,Z072N110M0,mxw,C.Vockenhuber,2007,exclude,,dataset,R3_TWIN_SUPERSEDED,144,30000.0,30000.0,0.141,0.024,R3,,,null,,,,,,"EXCLUDE (R3_TWIN_SUPERSEDED) Z072N110M0 mxw 22963/22963009/, dataset scope, 9 cell(s) 5000-1e+05 eV; rules R3; twin of 22963/22963017/ (x:SPSDD)"
CR2-22963-22963009-850ea361,22963/22963009/,Z072N110M0,mxw,C.Vockenhuber,2007,exclude,,dataset,R3_TWIN_SUPERSEDED,146,40000.0,50000.0,0.112,0.0414,R3,,,null,,,,,,"EXCLUDE (R3_TWIN_SUPERSEDED) Z072N110M0 mxw 22963/22963009/, dataset scope, 9 cell(s) 5000-1e+05 eV; rules R3; twin of 22963/22963017/ (x:SPSDD)"
CR2-22963-22963009-850ea361,22963/22963009/,Z072N110M0,mxw,C.Vockenhuber,2007,exclude,,dataset,R3_TWIN_SUPERSEDED,147,60000.0,60000.0,0.092,0.0414,R3,,,null,,,,,,"EXCLUDE (R3_TWIN_SUPERSEDED) Z072N110M0 mxw 22963/22963009/, dataset scope, 9 cell(s) 5000-1e+05 eV; rules R3; twin of 22963/22963017/ (x:SPSDD)"
CR2-22963-22963009-850ea361,22963/22963009/,Z072N110M0,mxw,C.Vockenhuber,2007,exclude,,dataset,R3_TWIN_SUPERSEDED,149,80000.0,80000.0,0.075,0.0414,R3,,,null,,,,,,"EXCLUDE (R3_TWIN_SUPERSEDED) Z072N110M0 mxw 22963/22963009/, dataset scope, 9 cell(s) 5000-1e+05 eV; rules R3; twin of 22963/22963017/ (x:SPSDD)"
CR2-22963-22963009-850ea361,22963/22963009/,Z072N110M0,mxw,C.Vockenhuber,2007,exclude,,dataset,R3_TWIN_SUPERSEDED,150,100000.0,100000.0,0.064,0.0414,R3,,,null,,,,,,"EXCLUDE (R3_TWIN_SUPERSEDED) Z072N110M0 mxw 22963/22963009/, dataset scope, 9 cell(s) 5000-1e+05 eV; rules R3; twin of 22963/22963017/ (x:SPSDD)"
CR2-22971-22971002-ce75fdf4,22971/22971002/,Z028N030M0,spa,G.Rugel,2007,exclude,,dataset,R3_TWIN_SUPERSEDED,143,25000.0,25000.0,0.0272,0.0323,R3,,,null,,,,,,"EXCLUDE (R3_TWIN_SUPERSEDED) Z028N030M0 spa 22971/22971002/, dataset scope, 1 cell(s) 2.5e+04-2.5e+04 eV; rules R3; twin of 22971/22971004/ (x:SPSDD)"
CR2-22971-22971003-14dd1952,22971/22971003/,Z034N044M0,spa,G.Rugel,2007,exclude,,dataset,R3_TWIN_SUPERSEDED,143,25000.0,25000.0,0.061,0.0659,R3,,,null,,,,,,"EXCLUDE (R3_TWIN_SUPERSEDED) Z034N044M0 spa 22971/22971003/, dataset scope, 1 cell(s) 2.5e+04-2.5e+04 eV; rules R3; twin of 22971/22971006/2 (x:SPSDD)"
CR2-22978-22978004-4f0c56b6,22978/22978004/,Z040N050M0,mxw,G.Tagliente,2007,exclude,,dataset,R3_TWIN_SUPERSEDED,144,30000.0,30000.0,0.0181,0.0234,R3,,,null,,,,,,"EXCLUDE (R3_TWIN_SUPERSEDED) Z040N050M0 mxw 22978/22978004/, dataset scope, 1 cell(s) 3e+04-3e+04 eV; rules R3; twin of 23329/23329004/ (x:SPSDD)"
CR2-22978-22978005-4788af7f,22978/22978005/,Z040N051M0,mxw,G.Tagliente,2007,exclude,,dataset,R3_TWIN_SUPERSEDED,144,30000.0,30000.0,0.0516,0.0165,R3,,,null,,,,,,"EXCLUDE (R3_TWIN_SUPERSEDED) Z040N051M0 mxw 22978/22978005/, dataset scope, 1 cell(s) 3e+04-3e+04 eV; rules R3; twin of 23044/23044005/ (x:SPSDD)"
CR2-22978-22978007-bd4594c1,22978/22978007/,Z040N054M0,mxw,G.Tagliente,2007,exclude,,dataset,R3_TWIN_SUPERSEDED,144,30000.0,30000.0,0.0276,0.0155,R3,,,null,,,,,,"EXCLUDE (R3_TWIN_SUPERSEDED) Z040N054M0 mxw 22978/22978007/, dataset scope, 1 cell(s) 3e+04-3e+04 eV; rules R3; twin of 23330/23330004/ (x:SPSDD)"
CR2-22978-22978008-ddd57096,22978/22978008/,Z040N056M0,mxw,G.Tagliente,2007,exclude,,dataset,R3_TWIN_SUPERSEDED,144,30000.0,30000.0,0.0075,0.0226,R3,,,null,,,,,,"EXCLUDE (R3_TWIN_SUPERSEDED) Z040N056M0 mxw 22978/22978008/, dataset scope, 1 cell(s) 3e+04-3e+04 eV; rules R3; twin of 23331/23331004/1 (x:SPSDD)"
CR2-22978-22978009-e75798d8,22978/22978009/,Z057N082M0,mxw,G.Tagliente,2007,exclude,,dataset,R3_TWIN_SUPERSEDED,144,30000.0,30000.0,0.0324,0.0385,R3,,,null,,,,,,"EXCLUDE (R3_TWIN_SUPERSEDED) Z057N082M0 mxw 22978/22978009/, dataset scope, 1 cell(s) 3e+04-3e+04 eV; rules R3; twin of 22930/22930007/ (x:SPSDD)"
CR2-22996-22996007-d2cf55b6,22996/22996007/,Z026N032M0,mxw,M.Heil,2008,exclude,,dataset,R3_TWIN_SUPERSEDED,136,5000.0,5000.0,0.03,0.0414,R3,,,null,,,,,,"EXCLUDE (R3_TWIN_SUPERSEDED) Z026N032M0 mxw 22996/22996007/, dataset scope, 9 cell(s) 5000-1e+05 eV; rules R3; twin of 22996/22996017/ (x:SPSDD)"
CR2-22996-22996007-d2cf55b6,22996/22996007/,Z026N032M0,mxw,M.Heil,2008,exclude,,dataset,R3_TWIN_SUPERSEDED,140,10000.0,10000.0,0.023,0.0414,R3,,,null,,,,,,"EXCLUDE (R3_TWIN_SUPERSEDED) Z026N032M0 mxw 22996/22996007/, dataset scope, 9 cell(s) 5000-1e+05 eV; rules R3; twin of 22996/22996017/ (x:SPSDD)"
CR2-22996-22996007-d2cf55b6,22996/22996007/,Z026N032M0,mxw,M.Heil,2008,exclude,,dataset,R3_TWIN_SUPERSEDED,141,15000.0,15000.0,0.019,0.0414,R3,,,null,,,,,,"EXCLUDE (R3_TWIN_SUPERSEDED) Z026N032M0 mxw 22996/22996007/, dataset scope, 9 cell(s) 5000-1e+05 eV; rules R3; twin of 22996/22996017/ (x:SPSDD)"
CR2-22996-22996007-d2cf55b6,22996/22996007/,Z026N032M0,mxw,M.Heil,2008,exclude,,dataset,R3_TWIN_SUPERSEDED,143,20000.0,25000.0,0.0156,0.0414,R3,,,null,,,,,,"EXCLUDE (R3_TWIN_SUPERSEDED) Z026N032M0 mxw 22996/22996007/, dataset scope, 9 cell(s) 5000-1e+05 eV; rules R3; twin of 22996/22996017/ (x:SPSDD)"
CR2-22996-22996007-d2cf55b6,22996/22996007/,Z026N032M0,mxw,M.Heil,2008,exclude,,dataset,R3_TWIN_SUPERSEDED,144,30000.0,30000.0,0.0135,0.0414,R3,,,null,,,,,,"EXCLUDE (R3_TWIN_SUPERSEDED) Z026N032M0 mxw 22996/22996007/, dataset scope, 9 cell(s) 5000-1e+05 eV; rules R3; twin of 22996/22996017/ (x:SPSDD)"
CR2-22996-22996007-d2cf55b6,22996/22996007/,Z026N032M0,mxw,M.Heil,2008,exclude,,dataset,R3_TWIN_SUPERSEDED,146,40000.0,50000.0,0.0116,0.0414,R3,,,null,,,,,,"EXCLUDE (R3_TWIN_SUPERSEDED) Z026N032M0 mxw 22996/22996007/, dataset scope, 9 cell(s) 5000-1e+05 eV; rules R3; twin of 22996/22996017/ (x:SPSDD)"
CR2-22996-22996007-d2cf55b6,22996/22996007/,Z026N032M0,mxw,M.Heil,2008,exclude,,dataset,R3_TWIN_SUPERSEDED,147,60000.0,60000.0,0.0104,0.0414,R3,,,null,,,,,,"EXCLUDE (R3_TWIN_SUPERSEDED) Z026N032M0 mxw 22996/22996007/, dataset scope, 9 cell(s) 5000-1e+05 eV; rules R3; twin of 22996/22996017/ (x:SPSDD)"
CR2-22996-22996007-d2cf55b6,22996/22996007/,Z026N032M0,mxw,M.Heil,2008,exclude,,dataset,R3_TWIN_SUPERSEDED,149,80000.0,80000.0,0.0096,0.0414,R3,,,null,,,,,,"EXCLUDE (R3_TWIN_SUPERSEDED) Z026N032M0 mxw 22996/22996007/, dataset scope, 9 cell(s) 5000-1e+05 eV; rules R3; twin of 22996/22996017/ (x:SPSDD)"
CR2-22996-22996007-d2cf55b6,22996/22996007/,Z026N032M0,mxw,M.Heil,2008,exclude,,dataset,R3_TWIN_SUPERSEDED,150,100000.0,100000.0,0.0091,0.0414,R3,,,null,,,,,,"EXCLUDE (R3_TWIN_SUPERSEDED) Z026N032M0 mxw 22996/22996007/, dataset scope, 9 cell(s) 5000-1e+05 eV; rules R3; twin of 22996/22996017/ (x:SPSDD)"
CR2-22996-22996008-4c1244ad,22996/22996008/,Z027N032M0,mxw,M.Heil,2008,exclude,,dataset,R3_TWIN_SUPERSEDED,136,5000.0,5000.0,0.115,0.0414,R3,,,null,,,,,,"EXCLUDE (R3_TWIN_SUPERSEDED) Z027N032M0 mxw 22996/22996008/, dataset scope, 9 cell(s) 5000-1e+05 eV; rules R3; twin of 22996/22996018/ (x:SPSDD)"
CR2-22996-22996008-4c1244ad,22996/22996008/,Z027N032M0,mxw,M.Heil,2008,exclude,,dataset,R3_TWIN_SUPERSEDED,140,10000.0,10000.0,0.0854,0.0414,R3,,,null,,,,,,"EXCLUDE (R3_TWIN_SUPERSEDED) Z027N032M0 mxw 22996/22996008/, dataset scope, 9 cell(s) 5000-1e+05 eV; rules R3; twin of 22996/22996018/ (x:SPSDD)"
CR2-22996-22996008-4c1244ad,22996/22996008/,Z027N032M0,mxw,M.Heil,2008,exclude,,dataset,R3_TWIN_SUPERSEDED,141,15000.0,15000.0,0.0656,0.0414,R3,,,null,,,,,,"EXCLUDE (R3_TWIN_SUPERSEDED) Z027N032M0 mxw 22996/22996008/, dataset scope, 9 cell(s) 5000-1e+05 eV; rules R3; twin of 22996/22996018/ (x:SPSDD)"
CR2-22996-22996008-4c1244ad,22996/22996008/,Z027N032M0,mxw,M.Heil,2008,exclude,,dataset,R3_TWIN_SUPERSEDED,143,20000.0,25000.0,0.04995,0.0414,R3,,,null,,,,,,"EXCLUDE (R3_TWIN_SUPERSEDED) Z027N032M0 mxw 22996/22996008/, dataset scope, 9 cell(s) 5000-1e+05 eV; rules R3; twin of 22996/22996018/ (x:SPSDD)"
CR2-22996-22996008-4c1244ad,22996/22996008/,Z027N032M0,mxw,M.Heil,2008,exclude,,dataset,R3_TWIN_SUPERSEDED,144,30000.0,30000.0,0.0396,0.0414,R3,,,null,,,,,,"EXCLUDE (R3_TWIN_SUPERSEDED) Z027N032M0 mxw 22996/22996008/, dataset scope, 9 cell(s) 5000-1e+05 eV; rules R3; twin of 22996/22996018/ (x:SPSDD)"
CR2-22996-22996008-4c1244ad,22996/22996008/,Z027N032M0,mxw,M.Heil,2008,exclude,,dataset,R3_TWIN_SUPERSEDED,146,40000.0,50000.0,0.0307,0.0414,R3,,,null,,,,,,"EXCLUDE (R3_TWIN_SUPERSEDED) Z027N032M0 mxw 22996/22996008/, dataset scope, 9 cell(s) 5000-1e+05 eV; rules R3; twin of 22996/22996018/ (x:SPSDD)"
CR2-22996-22996008-4c1244ad,22996/22996008/,Z027N032M0,mxw,M.Heil,2008,exclude,,dataset,R3_TWIN_SUPERSEDED,147,60000.0,60000.0,0.0229,0.0414,R3,,,null,,,,,,"EXCLUDE (R3_TWIN_SUPERSEDED) Z027N032M0 mxw 22996/22996008/, dataset scope, 9 cell(s) 5000-1e+05 eV; rules R3; twin of 22996/22996018/ (x:SPSDD)"
CR2-22996-22996008-4c1244ad,22996/22996008/,Z027N032M0,mxw,M.Heil,2008,exclude,,dataset,R3_TWIN_SUPERSEDED,149,80000.0,80000.0,0.0125,0.0414,R3,,,null,,,,,,"EXCLUDE (R3_TWIN_SUPERSEDED) Z027N032M0 mxw 22996/22996008/, dataset scope, 9 cell(s) 5000-1e+05 eV; rules R3; twin of 22996/22996018/ (x:SPSDD)"
CR2-22996-22996008-4c1244ad,22996/22996008/,Z027N032M0,mxw,M.Heil,2008,exclude,,dataset,R3_TWIN_SUPERSEDED,150,100000.0,100000.0,0.0083,0.0414,R3,,,null,,,,,,"EXCLUDE (R3_TWIN_SUPERSEDED) Z027N032M0 mxw 22996/22996008/, dataset scope, 9 cell(s) 5000-1e+05 eV; rules R3; twin of 22996/22996018/ (x:SPSDD)"
CR2-22996-22996009-dd2babe9,22996/22996009/,Z028N036M0,mxw,M.Heil,2008,exclude,,dataset,R3_TWIN_SUPERSEDED,136,5000.0,5000.0,0.0118,0.0414,R3,,,null,,,,,,"EXCLUDE (R3_TWIN_SUPERSEDED) Z028N036M0 mxw 22996/22996009/, dataset scope, 9 cell(s) 5000-1e+05 eV; rules R3; twin of 22996/22996019/ (x:SPSDD)"
CR2-22996-22996009-dd2babe9,22996/22996009/,Z028N036M0,mxw,M.Heil,2008,exclude,,dataset,R3_TWIN_SUPERSEDED,140,10000.0,10000.0,0.0136,0.0414,R3,,,null,,,,,,"EXCLUDE (R3_TWIN_SUPERSEDED) Z028N036M0 mxw 22996/22996009/, dataset scope, 9 cell(s) 5000-1e+05 eV; rules R3; twin of 22996/22996019/ (x:SPSDD)"
CR2-22996-22996009-dd2babe9,22996/22996009/,Z028N036M0,mxw,M.Heil,2008,exclude,,dataset,R3_TWIN_SUPERSEDED,141,15000.0,15000.0,0.012,0.0414,R3,,,null,,,,,,"EXCLUDE (R3_TWIN_SUPERSEDED) Z028N036M0 mxw 22996/22996009/, dataset scope, 9 cell(s) 5000-1e+05 eV; rules R3; twin of 22996/22996019/ (x:SPSDD)"
CR2-22996-22996009-dd2babe9,22996/22996009/,Z028N036M0,mxw,M.Heil,2008,exclude,,dataset,R3_TWIN_SUPERSEDED,143,20000.0,25000.0,0.00965,0.0414,R3,,,null,,,,,,"EXCLUDE (R3_TWIN_SUPERSEDED) Z028N036M0 mxw 22996/22996009/, dataset scope, 9 cell(s) 5000-1e+05 eV; rules R3; twin of 22996/22996019/ (x:SPSDD)"
CR2-22996-22996009-dd2babe9,22996/22996009/,Z028N036M0,mxw,M.Heil,2008,exclude,,dataset,R3_TWIN_SUPERSEDED,144,30000.0,30000.0,0.008,0.0414,R3,,,null,,,,,,"EXCLUDE (R3_TWIN_SUPERSEDED) Z028N036M0 mxw 22996/22996009/, dataset scope, 9 cell(s) 5000-1e+05 eV; rules R3; twin of 22996/22996019/ (x:SPSDD)"
CR2-22996-22996009-dd2babe9,22996/22996009/,Z028N036M0,mxw,M.Heil,2008,exclude,,dataset,R3_TWIN_SUPERSEDED,146,40000.0,50000.0,0.00645,0.0414,R3,,,null,,,,,,"EXCLUDE (R3_TWIN_SUPERSEDED) Z028N036M0 mxw 22996/22996009/, dataset scope, 9 cell(s) 5000-1e+05 eV; rules R3; twin of 22996/22996019/ (x:SPSDD)"
CR2-22996-22996009-dd2babe9,22996/22996009/,Z028N036M0,mxw,M.Heil,2008,exclude,,dataset,R3_TWIN_SUPERSEDED,147,60000.0,60000.0,0.0056,0.0414,R3,,,null,,,,,,"EXCLUDE (R3_TWIN_SUPERSEDED) Z028N036M0 mxw 22996/22996009/, dataset scope, 9 cell(s) 5000-1e+05 eV; rules R3; twin of 22996/22996019/ (x:SPSDD)"
CR2-22996-22996009-dd2babe9,22996/22996009/,Z028N036M0,mxw,M.Heil,2008,exclude,,dataset,R3_TWIN_SUPERSEDED,149,80000.0,80000.0,0.0051,0.0414,R3,,,null,,,,,,"EXCLUDE (R3_TWIN_SUPERSEDED) Z028N036M0 mxw 22996/22996009/, dataset scope, 9 cell(s) 5000-1e+05 eV; rules R3; twin of 22996/22996019/ (x:SPSDD)"
CR2-22996-22996009-dd2babe9,22996/22996009/,Z028N036M0,mxw,M.Heil,2008,exclude,,dataset,R3_TWIN_SUPERSEDED,150,100000.0,100000.0,0.0048,0.0414,R3,,,null,,,,,,"EXCLUDE (R3_TWIN_SUPERSEDED) Z028N036M0 mxw 22996/22996009/, dataset scope, 9 cell(s) 5000-1e+05 eV; rules R3; twin of 22996/22996019/ (x:SPSDD)"
CR2-22996-22996010-ace35200,22996/22996010/,Z029N034M0,mxw,M.Heil,2008,exclude,,dataset,R3_TWIN_SUPERSEDED,136,5000.0,5000.0,0.198,0.0414,R3,,,null,,,,,,"EXCLUDE (R3_TWIN_SUPERSEDED) Z029N034M0 mxw 22996/22996010/, dataset scope, 9 cell(s) 5000-1e+05 eV; rules R3; twin of 22996/22996020/ (x:SPSDD)"
CR2-22996-22996010-ace35200,22996/22996010/,Z029N034M0,mxw,M.Heil,2008,exclude,,dataset,R3_TWIN_SUPERSEDED,140,10000.0,10000.0,0.109,0.0414,R3,,,null,,,,,,"EXCLUDE (R3_TWIN_SUPERSEDED) Z029N034M0 mxw 22996/22996010/, dataset scope, 9 cell(s) 5000-1e+05 eV; rules R3; twin of 22996/22996020/ (x:SPSDD)"
CR2-22996-22996010-ace35200,22996/22996010/,Z029N034M0,mxw,M.Heil,2008,exclude,,dataset,R3_TWIN_SUPERSEDED,141,15000.0,15000.0,0.081,0.0414,R3,,,null,,,,,,"EXCLUDE (R3_TWIN_SUPERSEDED) Z029N034M0 mxw 22996/22996010/, dataset scope, 9 cell(s) 5000-1e+05 eV; rules R3; twin of 22996/22996020/ (x:SPSDD)"
CR2-22996-22996010-ace35200,22996/22996010/,Z029N034M0,mxw,M.Heil,2008,exclude,,dataset,R3_TWIN_SUPERSEDED,143,20000.0,25000.0,0.06415,0.0414,R3,,,null,,,,,,"EXCLUDE (R3_TWIN_SUPERSEDED) Z029N034M0 mxw 22996/22996010/, dataset scope, 9 cell(s) 5000-1e+05 eV; rules R3; twin of 22996/22996020/ (x:SPSDD)"
CR2-22996-22996010-ace35200,22996/22996010/,Z029N034M0,mxw,M.Heil,2008,exclude,,dataset,R3_TWIN_SUPERSEDED,144,30000.0,30000.0,0.056,0.0414,R3,,,null,,,,,,"EXCLUDE (R3_TWIN_SUPERSEDED) Z029N034M0 mxw 22996/22996010/, dataset scope, 9 cell(s) 5000-1e+05 eV; rules R3; twin of 22996/22996020/ (x:SPSDD)"
CR2-22996-22996010-ace35200,22996/22996010/,Z029N034M0,mxw,M.Heil,2008,exclude,,dataset,R3_TWIN_SUPERSEDED,146,40000.0,50000.0,0.0485,0.0414,R3,,,null,,,,,,"EXCLUDE (R3_TWIN_SUPERSEDED) Z029N034M0 mxw 22996/22996010/, dataset scope, 9 cell(s) 5000-1e+05 eV; rules R3; twin of 22996/22996020/ (x:SPSDD)"
CR2-22996-22996010-ace35200,22996/22996010/,Z029N034M0,mxw,M.Heil,2008,exclude,,dataset,R3_TWIN_SUPERSEDED,147,60000.0,60000.0,0.045,0.0414,R3,,,null,,,,,,"EXCLUDE (R3_TWIN_SUPERSEDED) Z029N034M0 mxw 22996/22996010/, dataset scope, 9 cell(s) 5000-1e+05 eV; rules R3; twin of 22996/22996020/ (x:SPSDD)"
CR2-22996-22996010-ace35200,22996/22996010/,Z029N034M0,mxw,M.Heil,2008,exclude,,dataset,R3_TWIN_SUPERSEDED,149,80000.0,80000.0,0.039,0.0414,R3,,,null,,,,,,"EXCLUDE (R3_TWIN_SUPERSEDED) Z029N034M0 mxw 22996/22996010/, dataset scope, 9 cell(s) 5000-1e+05 eV; rules R3; twin of 22996/22996020/ (x:SPSDD)"
CR2-22996-22996010-ace35200,22996/22996010/,Z029N034M0,mxw,M.Heil,2008,exclude,,dataset,R3_TWIN_SUPERSEDED,150,100000.0,100000.0,0.035,0.0414,R3,,,null,,,,,,"EXCLUDE (R3_TWIN_SUPERSEDED) Z029N034M0 mxw 22996/22996010/, dataset scope, 9 cell(s) 5000-1e+05 eV; rules R3; twin of 22996/22996020/ (x:SPSDD)"
CR2-22996-22996011-dded284f,22996/22996011/,Z029N036M0,mxw,M.Heil,2008,exclude,,dataset,R3_TWIN_SUPERSEDED,136,5000.0,5000.0,0.111,0.0414,R3,,,null,,,,,,"EXCLUDE (R3_TWIN_SUPERSEDED) Z029N036M0 mxw 22996/22996011/, dataset scope, 9 cell(s) 5000-1e+05 eV; rules R3; twin of 22996/22996021/ (x:SPSDD)"
CR2-22996-22996011-dded284f,22996/22996011/,Z029N036M0,mxw,M.Heil,2008,exclude,,dataset,R3_TWIN_SUPERSEDED,140,10000.0,10000.0,0.057,0.0414,R3,,,null,,,,,,"EXCLUDE (R3_TWIN_SUPERSEDED) Z029N036M0 mxw 22996/22996011/, dataset scope, 9 cell(s) 5000-1e+05 eV; rules R3; twin of 22996/22996021/ (x:SPSDD)"
CR2-22996-22996011-dded284f,22996/22996011/,Z029N036M0,mxw,M.Heil,2008,exclude,,dataset,R3_TWIN_SUPERSEDED,141,15000.0,15000.0,0.042,0.0414,R3,,,null,,,,,,"EXCLUDE (R3_TWIN_SUPERSEDED) Z029N036M0 mxw 22996/22996011/, dataset scope, 9 cell(s) 5000-1e+05 eV; rules R3; twin of 22996/22996021/ (x:SPSDD)"
CR2-22996-22996011-dded284f,22996/22996011/,Z029N036M0,mxw,M.Heil,2008,exclude,,dataset,R3_TWIN_SUPERSEDED,143,20000.0,25000.0,0.034,0.0414,R3,,,null,,,,,,"EXCLUDE (R3_TWIN_SUPERSEDED) Z029N036M0 mxw 22996/22996011/, dataset scope, 9 cell(s) 5000-1e+05 eV; rules R3; twin of 22996/22996021/ (x:SPSDD)"
CR2-22996-22996011-dded284f,22996/22996011/,Z029N036M0,mxw,M.Heil,2008,exclude,,dataset,R3_TWIN_SUPERSEDED,144,30000.0,30000.0,0.03,0.0414,R3,,,null,,,,,,"EXCLUDE (R3_TWIN_SUPERSEDED) Z029N036M0 mxw 22996/22996011/, dataset scope, 9 cell(s) 5000-1e+05 eV; rules R3; twin of 22996/22996021/ (x:SPSDD)"
CR2-22996-22996011-dded284f,22996/22996011/,Z029N036M0,mxw,M.Heil,2008,exclude,,dataset,R3_TWIN_SUPERSEDED,146,40000.0,50000.0,0.0255,0.0414,R3,,,null,,,,,,"EXCLUDE (R3_TWIN_SUPERSEDED) Z029N036M0 mxw 22996/22996011/, dataset scope, 9 cell(s) 5000-1e+05 eV; rules R3; twin of 22996/22996021/ (x:SPSDD)"
CR2-22996-22996011-dded284f,22996/22996011/,Z029N036M0,mxw,M.Heil,2008,exclude,,dataset,R3_TWIN_SUPERSEDED,147,60000.0,60000.0,0.023,0.0414,R3,,,null,,,,,,"EXCLUDE (R3_TWIN_SUPERSEDED) Z029N036M0 mxw 22996/22996011/, dataset scope, 9 cell(s) 5000-1e+05 eV; rules R3; twin of 22996/22996021/ (x:SPSDD)"
CR2-22996-22996011-dded284f,22996/22996011/,Z029N036M0,mxw,M.Heil,2008,exclude,,dataset,R3_TWIN_SUPERSEDED,149,80000.0,80000.0,0.02,0.0414,R3,,,null,,,,,,"EXCLUDE (R3_TWIN_SUPERSEDED) Z029N036M0 mxw 22996/22996011/, dataset scope, 9 cell(s) 5000-1e+05 eV; rules R3; twin of 22996/22996021/ (x:SPSDD)"
CR2-22996-22996011-dded284f,22996/22996011/,Z029N036M0,mxw,M.Heil,2008,exclude,,dataset,R3_TWIN_SUPERSEDED,150,100000.0,100000.0,0.018,0.0414,R3,,,null,,,,,,"EXCLUDE (R3_TWIN_SUPERSEDED) Z029N036M0 mxw 22996/22996011/, dataset scope, 9 cell(s) 5000-1e+05 eV; rules R3; twin of 22996/22996021/ (x:SPSDD)"
CR2-23035-23035002-64b1c321,23035/23035002/,Z035N044M0,spa,M.Heil,2008,exclude,,dataset,R3_TWIN_SUPERSEDED,143,25000.0,25000.0,0.463,0.0423,R3,,,null,,,,,,"EXCLUDE (R3_TWIN_SUPERSEDED) Z035N044M0 spa 23035/23035002/, dataset scope, 1 cell(s) 2.5e+04-2.5e+04 eV; rules R3; twin of 23035/23035018/2 (x:SPSDD)"
CR2-23035-23035003-3b0b31f9,23035/23035003/,Z035N044M0,spa,M.Heil,2008,exclude,,dataset,R3_TWIN_SUPERSEDED,143,25000.0,25000.0,0.175,0.0427,R3,,,null,,,,,,"EXCLUDE (R3_TWIN_SUPERSEDED) Z035N044M0 spa 23035/23035003/, dataset scope, 1 cell(s) 2.5e+04-2.5e+04 eV; rules R3; twin of 23035/23035019/2 (x:SPSDD)"
CR2-23035-23035004-ff93f610,23035/23035004/,Z035N046M0,spa,M.Heil,2008,exclude,,dataset,R3_TWIN_SUPERSEDED,143,25000.0,25000.0,0.2453,0.0157,R3,,,null,,,,,,"EXCLUDE (R3_TWIN_SUPERSEDED) Z035N046M0 spa 23035/23035004/, dataset scope, 1 cell(s) 2.5e+04-2.5e+04 eV; rules R3; twin of 23035/23035020/2 (x:SPSDD)"
CR2-23035-23035007-b7ffaa10,23035/23035007/,Z037N048M0,spa,M.Heil,2008,exclude,,dataset,R3_TWIN_SUPERSEDED,143,25000.0,25000.0,0.23475,0.0131,R3,,,null,,,,,,"EXCLUDE (R3_TWIN_SUPERSEDED) Z037N048M0 spa 23035/23035007/, dataset scope, 1 cell(s) 2.5e+04-2.5e+04 eV; rules R3; twin of 23035/23035021/2 (x:SPSDD)"
CR2-23035-23035008-45fe0d86,23035/23035008/,Z037N050M0,spa,M.Heil,2008,exclude,,dataset,R3_TWIN_SUPERSEDED,143,25000.0,25000.0,0.014467,0.0338,R3,,,null,,,,,,"EXCLUDE (R3_TWIN_SUPERSEDED) Z037N050M0 spa 23035/23035008/, dataset scope, 1 cell(s) 2.5e+04-2.5e+04 eV; rules R3; twin of 23035/23035022/2 (x:SPSDD)"
CR2-23035-23035009-486d4fd3,23035/23035009/,Z035N044M0,av,M.Heil,2008,exclude,,dataset,R3_TWIN_SUPERSEDED,143,25000.0,25000.0,0.46,0.0397,R3,,,null,,,,,,"EXCLUDE (R3_TWIN_SUPERSEDED) Z035N044M0 av 23035/23035009/, dataset scope, 1 cell(s) 2.5e+04-2.5e+04 eV; rules R3; twin of 23035/23035023/2 (x:SPSDD)"
CR2-23035-23035010-4f5d61f0,23035/23035010/,Z035N044M0,av,M.Heil,2008,exclude,,dataset,R3_TWIN_SUPERSEDED,143,25000.0,25000.0,0.174,0.0405,R3,,,null,,,,,,"EXCLUDE (R3_TWIN_SUPERSEDED) Z035N044M0 av 23035/23035010/, dataset scope, 1 cell(s) 2.5e+04-2.5e+04 eV; rules R3; twin of 23035/23035024/2 (x:SPSDD)"
CR2-23035-23035011-86f04a97,23035/23035011/,Z035N046M0,av,M.Heil,2008,exclude,,dataset,R3_TWIN_SUPERSEDED,143,25000.0,25000.0,0.245,0.0157,R3,,,null,,,,,,"EXCLUDE (R3_TWIN_SUPERSEDED) Z035N046M0 av 23035/23035011/, dataset scope, 1 cell(s) 2.5e+04-2.5e+04 eV; rules R3; twin of 23035/23035025/2 (x:SPSDD)"
CR2-23035-23035012-8be2ee0b,23035/23035012/,Z037N048M0,av,M.Heil,2008,exclude,,dataset,R3_TWIN_SUPERSEDED,143,25000.0,25000.0,0.235,0.0127,R3,,,null,,,,,,"EXCLUDE (R3_TWIN_SUPERSEDED) Z037N048M0 av 23035/23035012/, dataset scope, 1 cell(s) 2.5e+04-2.5e+04 eV; rules R3; twin of 23035/23035026/2 (x:SPSDD)"
CR2-23035-23035013-2ef0d367,23035/23035013/,Z037N050M0,av,M.Heil,2008,exclude,,dataset,R3_TWIN_SUPERSEDED,143,25000.0,25000.0,0.0139,0.0243,R3,,,null,,,,,,"EXCLUDE (R3_TWIN_SUPERSEDED) Z037N050M0 av 23035/23035013/, dataset scope, 1 cell(s) 2.5e+04-2.5e+04 eV; rules R3; twin of 23035/23035027/2 (x:SPSDD)"
CR2-23035-23035014-f0026ca1,23035/23035014/,Z035N044M0,mxw,M.Heil,2008,exclude,,dataset,R3_TWIN_SUPERSEDED,136,5000.0,5000.0,1.726,0.0398,R3,,,null,,,,,,"EXCLUDE (R3_TWIN_SUPERSEDED) Z035N044M0 mxw 23035/23035014/, dataset scope, 9 cell(s) 5000-1e+05 eV; rules R3; twin of 23035/23035028/ (x:SPSDD)"
CR2-23035-23035014-f0026ca1,23035/23035014/,Z035N044M0,mxw,M.Heil,2008,exclude,,dataset,R3_TWIN_SUPERSEDED,140,10000.0,10000.0,1.152,0.0408,R3,,,null,,,,,,"EXCLUDE (R3_TWIN_SUPERSEDED) Z035N044M0 mxw 23035/23035014/, dataset scope, 9 cell(s) 5000-1e+05 eV; rules R3; twin of 23035/23035028/ (x:SPSDD)"
CR2-23035-23035014-f0026ca1,23035/23035014/,Z035N044M0,mxw,M.Heil,2008,exclude,,dataset,R3_TWIN_SUPERSEDED,141,15000.0,15000.0,0.912,0.0402,R3,,,null,,,,,,"EXCLUDE (R3_TWIN_SUPERSEDED) Z035N044M0 mxw 23035/23035014/, dataset scope, 9 cell(s) 5000-1e+05 eV; rules R3; twin of 23035/23035028/ (x:SPSDD)"
CR2-23035-23035014-f0026ca1,23035/23035014/,Z035N044M0,mxw,M.Heil,2008,exclude,,dataset,R3_TWIN_SUPERSEDED,143,20000.0,25000.0,0.7275,0.0286,R3,,,null,,,,,,"EXCLUDE (R3_TWIN_SUPERSEDED) Z035N044M0 mxw 23035/23035014/, dataset scope, 9 cell(s) 5000-1e+05 eV; rules R3; twin of 23035/23035028/ (x:SPSDD)"
CR2-23035-23035014-f0026ca1,23035/23035014/,Z035N044M0,mxw,M.Heil,2008,exclude,,dataset,R3_TWIN_SUPERSEDED,144,30000.0,30000.0,0.613,0.0399,R3,,,null,,,,,,"EXCLUDE (R3_TWIN_SUPERSEDED) Z035N044M0 mxw 23035/23035014/, dataset scope, 9 cell(s) 5000-1e+05 eV; rules R3; twin of 23035/23035028/ (x:SPSDD)"
CR2-23035-23035014-f0026ca1,23035/23035014/,Z035N044M0,mxw,M.Heil,2008,exclude,,dataset,R3_TWIN_SUPERSEDED,146,40000.0,50000.0,0.4895,0.0296,R3,,,null,,,,,,"EXCLUDE (R3_TWIN_SUPERSEDED) Z035N044M0 mxw 23035/23035014/, dataset scope, 9 cell(s) 5000-1e+05 eV; rules R3; twin of 23035/23035028/ (x:SPSDD)"
CR2-23035-23035014-f0026ca1,23035/23035014/,Z035N044M0,mxw,M.Heil,2008,exclude,,dataset,R3_TWIN_SUPERSEDED,147,60000.0,60000.0,0.426,0.0404,R3,,,null,,,,,,"EXCLUDE (R3_TWIN_SUPERSEDED) Z035N044M0 mxw 23035/23035014/, dataset scope, 9 cell(s) 5000-1e+05 eV; rules R3; twin of 23035/23035028/ (x:SPSDD)"
CR2-23035-23035014-f0026ca1,23035/23035014/,Z035N044M0,mxw,M.Heil,2008,exclude,,dataset,R3_TWIN_SUPERSEDED,149,80000.0,80000.0,0.362,0.0412,R3,,,null,,,,,,"EXCLUDE (R3_TWIN_SUPERSEDED) Z035N044M0 mxw 23035/23035014/, dataset scope, 9 cell(s) 5000-1e+05 eV; rules R3; twin of 23035/23035028/ (x:SPSDD)"
CR2-23035-23035014-f0026ca1,23035/23035014/,Z035N044M0,mxw,M.Heil,2008,exclude,,dataset,R3_TWIN_SUPERSEDED,150,100000.0,100000.0,0.298,0.0469,R3,,,null,,,,,,"EXCLUDE (R3_TWIN_SUPERSEDED) Z035N044M0 mxw 23035/23035014/, dataset scope, 9 cell(s) 5000-1e+05 eV; rules R3; twin of 23035/23035028/ (x:SPSDD)"
CR2-23035-23035015-3d0a2c20,23035/23035015/,Z035N046M0,mxw,M.Heil,2008,exclude,,dataset,R3_TWIN_SUPERSEDED,136,5000.0,5000.0,0.72,0.0397,R3,,,null,,,,,,"EXCLUDE (R3_TWIN_SUPERSEDED) Z035N046M0 mxw 23035/23035015/, dataset scope, 9 cell(s) 5000-1e+05 eV; rules R3; twin of 23035/23035029/ (x:SPSDD)"
CR2-23035-23035015-3d0a2c20,23035/23035015/,Z035N046M0,mxw,M.Heil,2008,exclude,,dataset,R3_TWIN_SUPERSEDED,140,10000.0,10000.0,0.45,0.0258,R3,,,null,,,,,,"EXCLUDE (R3_TWIN_SUPERSEDED) Z035N046M0 mxw 23035/23035015/, dataset scope, 9 cell(s) 5000-1e+05 eV; rules R3; twin of 23035/23035029/ (x:SPSDD)"
CR2-23035-23035015-3d0a2c20,23035/23035015/,Z035N046M0,mxw,M.Heil,2008,exclude,,dataset,R3_TWIN_SUPERSEDED,141,15000.0,15000.0,0.358,0.0196,R3,,,null,,,,,,"EXCLUDE (R3_TWIN_SUPERSEDED) Z035N046M0 mxw 23035/23035015/, dataset scope, 9 cell(s) 5000-1e+05 eV; rules R3; twin of 23035/23035029/ (x:SPSDD)"
CR2-23035-23035015-3d0a2c20,23035/23035015/,Z035N046M0,mxw,M.Heil,2008,exclude,,dataset,R3_TWIN_SUPERSEDED,143,20000.0,25000.0,0.2815,0.0119,R3,,,null,,,,,,"EXCLUDE (R3_TWIN_SUPERSEDED) Z035N046M0 mxw 23035/23035015/, dataset scope, 9 cell(s) 5000-1e+05 eV; rules R3; twin of 23035/23035029/ (x:SPSDD)"
CR2-23035-23035015-3d0a2c20,23035/23035015/,Z035N046M0,mxw,M.Heil,2008,exclude,,dataset,R3_TWIN_SUPERSEDED,144,30000.0,30000.0,0.235,0.0163,R3,,,null,,,,,,"EXCLUDE (R3_TWIN_SUPERSEDED) Z035N046M0 mxw 23035/23035015/, dataset scope, 9 cell(s) 5000-1e+05 eV; rules R3; twin of 23035/23035029/ (x:SPSDD)"
CR2-23035-23035015-3d0a2c20,23035/23035015/,Z035N046M0,mxw,M.Heil,2008,exclude,,dataset,R3_TWIN_SUPERSEDED,146,40000.0,50000.0,0.186,0.0154,R3,,,null,,,,,,"EXCLUDE (R3_TWIN_SUPERSEDED) Z035N046M0 mxw 23035/23035015/, dataset scope, 9 cell(s) 5000-1e+05 eV; rules R3; twin of 23035/23035029/ (x:SPSDD)"
CR2-23035-23035015-3d0a2c20,23035/23035015/,Z035N046M0,mxw,M.Heil,2008,exclude,,dataset,R3_TWIN_SUPERSEDED,147,60000.0,60000.0,0.163,0.0259,R3,,,null,,,,,,"EXCLUDE (R3_TWIN_SUPERSEDED) Z035N046M0 mxw 23035/23035015/, dataset scope, 9 cell(s) 5000-1e+05 eV; rules R3; twin of 23035/23035029/ (x:SPSDD)"
CR2-23035-23035015-3d0a2c20,23035/23035015/,Z035N046M0,mxw,M.Heil,2008,exclude,,dataset,R3_TWIN_SUPERSEDED,149,80000.0,80000.0,0.14,0.03,R3,,,null,,,,,,"EXCLUDE (R3_TWIN_SUPERSEDED) Z035N046M0 mxw 23035/23035015/, dataset scope, 9 cell(s) 5000-1e+05 eV; rules R3; twin of 23035/23035029/ (x:SPSDD)"
CR2-23035-23035015-3d0a2c20,23035/23035015/,Z035N046M0,mxw,M.Heil,2008,exclude,,dataset,R3_TWIN_SUPERSEDED,150,100000.0,100000.0,0.118,0.0285,R3,,,null,,,,,,"EXCLUDE (R3_TWIN_SUPERSEDED) Z035N046M0 mxw 23035/23035015/, dataset scope, 9 cell(s) 5000-1e+05 eV; rules R3; twin of 23035/23035029/ (x:SPSDD)"
CR2-23035-23035016-89f45862,23035/23035016/,Z037N048M0,mxw,M.Heil,2008,exclude,,dataset,R3_TWIN_SUPERSEDED,136,5000.0,5000.0,0.666,0.0728,R3,,,null,,,,,,"EXCLUDE (R3_TWIN_SUPERSEDED) Z037N048M0 mxw 23035/23035016/, dataset scope, 9 cell(s) 5000-1e+05 eV; rules R3; twin of 23035/23035030/ (x:SPSDD)"
CR2-23035-23035016-89f45862,23035/23035016/,Z037N048M0,mxw,M.Heil,2008,exclude,,dataset,R3_TWIN_SUPERSEDED,140,10000.0,10000.0,0.443,0.0603,R3,,,null,,,,,,"EXCLUDE (R3_TWIN_SUPERSEDED) Z037N048M0 mxw 23035/23035016/, dataset scope, 9 cell(s) 5000-1e+05 eV; rules R3; twin of 23035/23035030/ (x:SPSDD)"
CR2-23035-23035016-89f45862,23035/23035016/,Z037N048M0,mxw,M.Heil,2008,exclude,,dataset,R3_TWIN_SUPERSEDED,141,15000.0,15000.0,0.345,0.042,R3,,,null,,,,,,"EXCLUDE (R3_TWIN_SUPERSEDED) Z037N048M0 mxw 23035/23035016/, dataset scope, 9 cell(s) 5000-1e+05 eV; rules R3; twin of 23035/23035030/ (x:SPSDD)"
CR2-23035-23035016-89f45862,23035/23035016/,Z037N048M0,mxw,M.Heil,2008,exclude,,dataset,R3_TWIN_SUPERSEDED,143,20000.0,25000.0,0.2685,0.0139,R3,,,null,,,,,,"EXCLUDE (R3_TWIN_SUPERSEDED) Z037N048M0 mxw 23035/23035016/, dataset scope, 9 cell(s) 5000-1e+05 eV; rules R3; twin of 23035/23035030/ (x:SPSDD)"
CR2-23035-23035016-89f45862,23035/23035016/,Z037N048M0,mxw,M.Heil,2008,exclude,,dataset,R3_TWIN_SUPERSEDED,144,30000.0,30000.0,0.221,0.0183,R3,,,null,,,,,,"EXCLUDE (R3_TWIN_SUPERSEDED) Z037N048M0 mxw 23035/23035016/, dataset scope, 9 cell(s) 5000-1e+05 eV; rules R3; twin of 23035/23035030/ (x:SPSDD)"
CR2-23035-23035016-89f45862,23035/23035016/,Z037N048M0,mxw,M.Heil,2008,exclude,,dataset,R3_TWIN_SUPERSEDED,146,40000.0,50000.0,0.1705,0.0267,R3,,,null,,,,,,"EXCLUDE (R3_TWIN_SUPERSEDED) Z037N048M0 mxw 23035/23035016/, dataset scope, 9 cell(s) 5000-1e+05 eV; rules R3; twin of 23035/23035030/ (x:SPSDD)"
CR2-23035-23035016-89f45862,23035/23035016/,Z037N048M0,mxw,M.Heil,2008,exclude,,dataset,R3_TWIN_SUPERSEDED,147,60000.0,60000.0,0.141,0.0481,R3,,,null,,,,,,"EXCLUDE (R3_TWIN_SUPERSEDED) Z037N048M0 mxw 23035/23035016/, dataset scope, 9 cell(s) 5000-1e+05 eV; rules R3; twin of 23035/23035030/ (x:SPSDD)"
CR2-23035-23035016-89f45862,23035/23035016/,Z037N048M0,mxw,M.Heil,2008,exclude,,dataset,R3_TWIN_SUPERSEDED,149,80000.0,80000.0,0.119,0.0532,R3,,,null,,,,,,"EXCLUDE (R3_TWIN_SUPERSEDED) Z037N048M0 mxw 23035/23035016/, dataset scope, 9 cell(s) 5000-1e+05 eV; rules R3; twin of 23035/23035030/ (x:SPSDD)"
CR2-23035-23035016-89f45862,23035/23035016/,Z037N048M0,mxw,M.Heil,2008,exclude,,dataset,R3_TWIN_SUPERSEDED,150,100000.0,100000.0,0.101,0.062,R3,,,null,,,,,,"EXCLUDE (R3_TWIN_SUPERSEDED) Z037N048M0 mxw 23035/23035016/, dataset scope, 9 cell(s) 5000-1e+05 eV; rules R3; twin of 23035/23035030/ (x:SPSDD)"
CR2-23035-23035017-e1190854,23035/23035017/,Z037N050M0,mxw,M.Heil,2008,exclude,,dataset,R3_TWIN_SUPERSEDED,136,5000.0,5000.0,0.036,0.0447,R3,,,null,,,,,,"EXCLUDE (R3_TWIN_SUPERSEDED) Z037N050M0 mxw 23035/23035017/, dataset scope, 9 cell(s) 5000-1e+05 eV; rules R3; twin of 23035/23035031/ (x:SPSDD)"
CR2-23035-23035017-e1190854,23035/23035017/,Z037N050M0,mxw,M.Heil,2008,exclude,,dataset,R3_TWIN_SUPERSEDED,140,10000.0,10000.0,0.0249,0.04,R3,,,null,,,,,,"EXCLUDE (R3_TWIN_SUPERSEDED) Z037N050M0 mxw 23035/23035017/, dataset scope, 9 cell(s) 5000-1e+05 eV; rules R3; twin of 23035/23035031/ (x:SPSDD)"
CR2-23035-23035017-e1190854,23035/23035017/,Z037N050M0,mxw,M.Heil,2008,exclude,,dataset,R3_TWIN_SUPERSEDED,141,15000.0,15000.0,0.021,0.0328,R3,,,null,,,,,,"EXCLUDE (R3_TWIN_SUPERSEDED) Z037N050M0 mxw 23035/23035017/, dataset scope, 9 cell(s) 5000-1e+05 eV; rules R3; twin of 23035/23035031/ (x:SPSDD)"
CR2-23035-23035017-e1190854,23035/23035017/,Z037N050M0,mxw,M.Heil,2008,exclude,,dataset,R3_TWIN_SUPERSEDED,143,20000.0,25000.0,0.01775,0.0157,R3,,,null,,,,,,"EXCLUDE (R3_TWIN_SUPERSEDED) Z037N050M0 mxw 23035/23035017/, dataset scope, 9 cell(s) 5000-1e+05 eV; rules R3; twin of 23035/23035031/ (x:SPSDD)"
CR2-23035-23035017-e1190854,23035/23035017/,Z037N050M0,mxw,M.Heil,2008,exclude,,dataset,R3_TWIN_SUPERSEDED,144,30000.0,30000.0,0.0158,0.0215,R3,,,null,,,,,,"EXCLUDE (R3_TWIN_SUPERSEDED) Z037N050M0 mxw 23035/23035017/, dataset scope, 9 cell(s) 5000-1e+05 eV; rules R3; twin of 23035/23035031/ (x:SPSDD)"
CR2-23035-23035017-e1190854,23035/23035017/,Z037N050M0,mxw,M.Heil,2008,exclude,,dataset,R3_TWIN_SUPERSEDED,146,40000.0,50000.0,0.01345,0.0272,R3,,,null,,,,,,"EXCLUDE (R3_TWIN_SUPERSEDED) Z037N050M0 mxw 23035/23035017/, dataset scope, 9 cell(s) 5000-1e+05 eV; rules R3; twin of 23035/23035031/ (x:SPSDD)"
CR2-23035-23035017-e1190854,23035/23035017/,Z037N050M0,mxw,M.Heil,2008,exclude,,dataset,R3_TWIN_SUPERSEDED,147,60000.0,60000.0,0.0119,0.0483,R3,,,null,,,,,,"EXCLUDE (R3_TWIN_SUPERSEDED) Z037N050M0 mxw 23035/23035017/, dataset scope, 9 cell(s) 5000-1e+05 eV; rules R3; twin of 23035/23035031/ (x:SPSDD)"
CR2-23035-23035017-e1190854,23035/23035017/,Z037N050M0,mxw,M.Heil,2008,exclude,,dataset,R3_TWIN_SUPERSEDED,149,80000.0,80000.0,0.0108,0.0529,R3,,,null,,,,,,"EXCLUDE (R3_TWIN_SUPERSEDED) Z037N050M0 mxw 23035/23035017/, dataset scope, 9 cell(s) 5000-1e+05 eV; rules R3; twin of 23035/23035031/ (x:SPSDD)"
CR2-23035-23035017-e1190854,23035/23035017/,Z037N050M0,mxw,M.Heil,2008,exclude,,dataset,R3_TWIN_SUPERSEDED,150,100000.0,100000.0,0.01,0.055,R3,,,null,,,,,,"EXCLUDE (R3_TWIN_SUPERSEDED) Z037N050M0 mxw 23035/23035017/, dataset scope, 9 cell(s) 5000-1e+05 eV; rules R3; twin of 23035/23035031/ (x:SPSDD)"
CR2-23043-23043002-3142ffde,23043/23043002/,Z032N044M0,spa,J.Marganiec,2008,exclude,,dataset,R3_TWIN_SUPERSEDED,143,25000.0,25000.0,0.0114,0.015,R3,,,null,,,,,,"EXCLUDE (R3_TWIN_SUPERSEDED) Z032N044M0 spa 23043/23043002/, dataset scope, 1 cell(s) 2.5e+04-2.5e+04 eV; rules R3; twin of 23043/23043004/2 (x:SPSDD)"
CR2-23043-23043003-edc4cbb7,23043/23043003/,Z032N044M0,mxw,J.Marganiec,2008,exclude,,dataset,R3_TWIN_SUPERSEDED,144,30000.0,30000.0,0.0124,0.0238,R3,,,null,,,,,,"EXCLUDE (R3_TWIN_SUPERSEDED) Z032N044M0 mxw 23043/23043003/, dataset scope, 1 cell(s) 3e+04-3e+04 eV; rules R3; twin of 23043/23043005/ (x:SPSDD)"
CR2-23047-23047003-46682dcb,23047/23047003/,Z026N028M0,mxw,A.Wallner,2017,exclude,,dataset,R3_TWIN_SUPERSEDED,144,30000.0,30000.0,0.0303,0.0414,R3,,,null,,,,,,"EXCLUDE (R3_TWIN_SUPERSEDED) Z026N028M0 mxw 23047/23047003/, dataset scope, 1 cell(s) 3e+04-3e+04 eV; rules R3; twin of 23047/23047004/ (x:SPSDD)"
CR2-23051-23051002-f5dd2675,23051/23051002/,Z083N126M0,spa,S.Bisterzo,2007,exclude,,dataset,R3_TWIN_SUPERSEDED,143,25000.0,25000.0,0.002226,0.005,R3,,,null,,,,,,"EXCLUDE (R3_TWIN_SUPERSEDED) Z083N126M0 spa 23051/23051002/, dataset scope, 1 cell(s) 2.5e+04-2.5e+04 eV; rules R3; twin of 23051/23051009/ (x:SPSDD)"
CR2-23051-23051003-04c28dea,23051/23051003/,Z083N126M0,spa,S.Bisterzo,2007,exclude,,dataset,R3_TWIN_SUPERSEDED,143,25000.0,25000.0,0.00223,0.0134,R3,,,null,,,,,,"EXCLUDE (R3_TWIN_SUPERSEDED) Z083N126M0 spa 23051/23051003/, dataset scope, 1 cell(s) 2.5e+04-2.5e+04 eV; rules R3; twin of 23051/23051010/2 (x:SPSDD)"
CR2-23051-23051004-19192f09,23051/23051004/,Z083N126M0,spa,S.Bisterzo,2007,exclude,,dataset,R3_TWIN_SUPERSEDED,143,25000.0,25000.0,0.00227,0.0132,R3,,,null,,,,,,"EXCLUDE (R3_TWIN_SUPERSEDED) Z083N126M0 spa 23051/23051004/, dataset scope, 1 cell(s) 2.5e+04-2.5e+04 eV; rules R3; twin of 23051/23051011/2 (x:SPSDD)"
CR2-23051-23051005-70e70047,23051/23051005/,Z083N126M0,mxw,S.Bisterzo,2007,exclude,,dataset,R3_TWIN_SUPERSEDED,144,30000.0,30000.0,0.00216,0.0139,R3,,,null,,,,,,"EXCLUDE (R3_TWIN_SUPERSEDED) Z083N126M0 mxw 23051/23051005/, dataset scope, 1 cell(s) 3e+04-3e+04 eV; rules R3; twin of 23051/23051012/ (x:SPSDD)"
CR2-23051-23051006-470e685a,23051/23051006/,Z083N126M0,mxw,S.Bisterzo,2007,exclude,,dataset,R3_TWIN_SUPERSEDED,144,30000.0,30000.0,0.0022,0.0136,R3,,,null,,,,,,"EXCLUDE (R3_TWIN_SUPERSEDED) Z083N126M0 mxw 23051/23051006/, dataset scope, 1 cell(s) 3e+04-3e+04 eV; rules R3; twin of 23051/23051013/ (x:SPSDD)"
CR2-23053-23053002-2-02e42da3,23053/23053002/2,Z070N100M0,sig,B.L.Goldblum,2008,exclude,,cells,L2_DATA_PLUS_RECORD,154,286300.0,286300.0,0.34341,0.1155,R10d+R12,0.095085,1,[-0.095],,0.752,,,,"EXCLUDE (L2_DATA_PLUS_RECORD) Z070N100M0 sig 23053/23053002/2, cells scope, 1 cell(s) 2.863e+05-2.863e+05 eV; rules R10d+R12; d=+0.10 dex vs 1 independent series (bins +-1); isotopic d=+0.75 dex vs 2 neighbours"
CR2-23062-23062002-7a490809,23062/23062002/,Z032N044M0,sig,G.Meierhofer,2009,exclude,,dataset,R3_TWIN_SUPERSEDED,84,0.0253,0.0253,0.0649,0.0228,R3,,,null,,,,,,"EXCLUDE (R3_TWIN_SUPERSEDED) Z032N044M0 sig 23062/23062002/, dataset scope, 1 cell(s) 0.0253-0.0253 eV; rules R3; twin of 23092/23092003/ (x:SPSDD)"
CR2-23062-23062003-fbb42aaf,23062/23062003/,Z032N044M0,sig,G.Meierhofer,2009,exclude,,dataset,R3_TWIN_SUPERSEDED,84,0.0253,0.0253,0.0462,0.0488,R3,,,null,,,,,,"EXCLUDE (R3_TWIN_SUPERSEDED) Z032N044M0 sig 23062/23062003/, dataset scope, 1 cell(s) 0.0253-0.0253 eV; rules R3; twin of 23092/23092004/ (x:SPSDD)"
CR2-23062-23062004-1-99c422ce,23062/23062004/1,Z032N044M0,sig,G.Meierhofer,2009,exclude,,dataset,R3_TWIN_SUPERSEDED,84,0.0253,0.0253,0.098,0.0502,R3,,,null,,,,,,"EXCLUDE (R3_TWIN_SUPERSEDED) Z032N044M0 sig 23062/23062004/1, dataset scope, 1 cell(s) 0.0253-0.0253 eV; rules R3; twin of 23092/23092002/ (x:SPSDD)"
CR2-23062-23062004-2-493a834a,23062/23062004/2,Z032N044M0,sig,G.Meierhofer,2009,exclude,,dataset,R3_TWIN_SUPERSEDED,84,0.0253,0.0253,0.112,0.0512,R3,,,null,,,,,,"EXCLUDE (R3_TWIN_SUPERSEDED) Z032N044M0 sig 23062/23062004/2, dataset scope, 1 cell(s) 0.0253-0.0253 eV; rules R3; twin of 23092/23092002/ (x:SPSDD)"
CR2-23064-23064002-86d047a5,23064/23064002/,Z028N034M0,spa,I.Dillmann,2010,exclude,,dataset,R3_TWIN_SUPERSEDED,143,25000.0,25000.0,0.0287,0.078,R3,,,null,,,,,,"EXCLUDE (R3_TWIN_SUPERSEDED) Z028N034M0 spa 23064/23064002/, dataset scope, 1 cell(s) 2.5e+04-2.5e+04 eV; rules R3; twin of 23064/23064006/ (x:SPSDD)"
CR2-23064-23064003-db00fa7a,23064/23064003/,Z028N034M0,spa,I.Dillmann,2010,exclude,,dataset,R3_TWIN_SUPERSEDED,143,25000.0,25000.0,0.0252,0.0772,R3,,,null,,,,,,"EXCLUDE (R3_TWIN_SUPERSEDED) Z028N034M0 spa 23064/23064003/, dataset scope, 1 cell(s) 2.5e+04-2.5e+04 eV; rules R3; twin of 23064/23064007/2 (x:SPSDD)"
CR2-23064-23064004-ce2a4b4c,23064/23064004/,Z028N034M0,mxw,I.Dillmann,2010,exclude,,dataset,R3_TWIN_SUPERSEDED,144,30000.0,30000.0,0.0234,0.0779,R3,,,null,,,,,,"EXCLUDE (R3_TWIN_SUPERSEDED) Z028N034M0 mxw 23064/23064004/, dataset scope, 1 cell(s) 3e+04-3e+04 eV; rules R3; twin of 23064/23064008/ (x:SPSDD)"
CR2-23065-23065002-dca1b518,23065/23065002/,Z034N040M0,spa,M.Igashira,2010,exclude,,dataset,R3_TWIN_SUPERSEDED,143,20000.0,20000.0,0.322,0.0183,R3,,,null,,,,,,"EXCLUDE (R3_TWIN_SUPERSEDED) Z034N040M0 spa 23065/23065002/, dataset scope, 5 cell(s) 2e+04-5.52e+05 eV; rules R3; twin of 23855/23855002/ (x:SPSDD)"
CR2-23065-23065002-dca1b518,23065/23065002/,Z034N040M0,spa,M.Igashira,2010,exclude,,dataset,R3_TWIN_SUPERSEDED,144,30000.0,30000.0,0.26,0.0175,R3,,,null,,,,,,"EXCLUDE (R3_TWIN_SUPERSEDED) Z034N040M0 spa 23065/23065002/, dataset scope, 5 cell(s) 2e+04-5.52e+05 eV; rules R3; twin of 23855/23855002/ (x:SPSDD)"
CR2-23065-23065002-dca1b518,23065/23065002/,Z034N040M0,spa,M.Igashira,2010,exclude,,dataset,R3_TWIN_SUPERSEDED,146,44000.0,44000.0,0.226,0.017,R3,,,null,,,,,,"EXCLUDE (R3_TWIN_SUPERSEDED) Z034N040M0 spa 23065/23065002/, dataset scope, 5 cell(s) 2e+04-5.52e+05 eV; rules R3; twin of 23855/23855002/ (x:SPSDD)"
CR2-23065-23065002-dca1b518,23065/23065002/,Z034N040M0,spa,M.Igashira,2010,exclude,,dataset,R3_TWIN_SUPERSEDED,148,68000.0,68000.0,0.174,0.0166,R3,,,null,,,,,,"EXCLUDE (R3_TWIN_SUPERSEDED) Z034N040M0 spa 23065/23065002/, dataset scope, 5 cell(s) 2e+04-5.52e+05 eV; rules R3; twin of 23855/23855002/ (x:SPSDD)"
CR2-23065-23065002-dca1b518,23065/23065002/,Z034N040M0,spa,M.Igashira,2010,exclude,,dataset,R3_TWIN_SUPERSEDED,157,552000.0,552000.0,0.107,0.0195,R3,,,null,,,,,,"EXCLUDE (R3_TWIN_SUPERSEDED) Z034N040M0 spa 23065/23065002/, dataset scope, 5 cell(s) 2e+04-5.52e+05 eV; rules R3; twin of 23855/23855002/ (x:SPSDD)"
CR2-23065-23065006-5fb5179c,23065/23065006/,Z034N042M0,spa,M.Igashira,2010,exclude,,dataset,R3_TWIN_SUPERSEDED,143,20000.0,20000.0,0.197,0.0179,R3,,,null,,,,,,"EXCLUDE (R3_TWIN_SUPERSEDED) Z034N042M0 spa 23065/23065006/, dataset scope, 5 cell(s) 2e+04-5.45e+05 eV; rules R3; twin of 23855/23855003/ (x:SPSDD)"
CR2-23065-23065006-5fb5179c,23065/23065006/,Z034N042M0,spa,M.Igashira,2010,exclude,,dataset,R3_TWIN_SUPERSEDED,144,30000.0,30000.0,0.171,0.0179,R3,,,null,,,,,,"EXCLUDE (R3_TWIN_SUPERSEDED) Z034N042M0 spa 23065/23065006/, dataset scope, 5 cell(s) 2e+04-5.45e+05 eV; rules R3; twin of 23855/23855003/ (x:SPSDD)"
CR2-23065-23065006-5fb5179c,23065/23065006/,Z034N042M0,spa,M.Igashira,2010,exclude,,dataset,R3_TWIN_SUPERSEDED,146,44000.0,44000.0,0.129,0.0175,R3,,,null,,,,,,"EXCLUDE (R3_TWIN_SUPERSEDED) Z034N042M0 spa 23065/23065006/, dataset scope, 5 cell(s) 2e+04-5.45e+05 eV; rules R3; twin of 23855/23855003/ (x:SPSDD)"
CR2-23065-23065006-5fb5179c,23065/23065006/,Z034N042M0,spa,M.Igashira,2010,exclude,,dataset,R3_TWIN_SUPERSEDED,148,69000.0,69000.0,0.103,0.0166,R3,,,null,,,,,,"EXCLUDE (R3_TWIN_SUPERSEDED) Z034N042M0 spa 23065/23065006/, dataset scope, 5 cell(s) 2e+04-5.45e+05 eV; rules R3; twin of 23855/23855003/ (x:SPSDD)"
CR2-23065-23065006-5fb5179c,23065/23065006/,Z034N042M0,spa,M.Igashira,2010,exclude,,dataset,R3_TWIN_SUPERSEDED,157,545000.0,545000.0,0.0559,0.0216,R3,,,null,,,,,,"EXCLUDE (R3_TWIN_SUPERSEDED) Z034N042M0 spa 23065/23065006/, dataset scope, 5 cell(s) 2e+04-5.45e+05 eV; rules R3; twin of 23855/23855003/ (x:SPSDD)"
CR2-23065-23065007-c3e34faa,23065/23065007/,Z034N044M0,spa,M.Igashira,2010,exclude,,dataset,R3_TWIN_SUPERSEDED,143,20000.0,20000.0,0.0891,0.0195,R3,,,null,,,,,,"EXCLUDE (R3_TWIN_SUPERSEDED) Z034N044M0 spa 23065/23065007/, dataset scope, 5 cell(s) 2e+04-5.41e+05 eV; rules R3; twin of 23855/23855004/ (x:SPSDD)"
CR2-23065-23065007-c3e34faa,23065/23065007/,Z034N044M0,spa,M.Igashira,2010,exclude,,dataset,R3_TWIN_SUPERSEDED,144,30000.0,30000.0,0.0893,0.0175,R3,,,null,,,,,,"EXCLUDE (R3_TWIN_SUPERSEDED) Z034N044M0 spa 23065/23065007/, dataset scope, 5 cell(s) 2e+04-5.41e+05 eV; rules R3; twin of 23855/23855004/ (x:SPSDD)"
CR2-23065-23065007-c3e34faa,23065/23065007/,Z034N044M0,spa,M.Igashira,2010,exclude,,dataset,R3_TWIN_SUPERSEDED,146,44000.0,44000.0,0.0683,0.0175,R3,,,null,,,,,,"EXCLUDE (R3_TWIN_SUPERSEDED) Z034N044M0 spa 23065/23065007/, dataset scope, 5 cell(s) 2e+04-5.41e+05 eV; rules R3; twin of 23855/23855004/ (x:SPSDD)"
CR2-23065-23065007-c3e34faa,23065/23065007/,Z034N044M0,spa,M.Igashira,2010,exclude,,dataset,R3_TWIN_SUPERSEDED,148,69000.0,69000.0,0.0541,0.017,R3,,,null,,,,,,"EXCLUDE (R3_TWIN_SUPERSEDED) Z034N044M0 spa 23065/23065007/, dataset scope, 5 cell(s) 2e+04-5.41e+05 eV; rules R3; twin of 23855/23855004/ (x:SPSDD)"
CR2-23065-23065007-c3e34faa,23065/23065007/,Z034N044M0,spa,M.Igashira,2010,exclude,,dataset,R3_TWIN_SUPERSEDED,157,541000.0,541000.0,0.0308,0.0195,R3,,,null,,,,,,"EXCLUDE (R3_TWIN_SUPERSEDED) Z034N044M0 spa 23065/23065007/, dataset scope, 5 cell(s) 2e+04-5.41e+05 eV; rules R3; twin of 23855/23855004/ (x:SPSDD)"
CR2-23065-23065008-21f8c70f,23065/23065008/,Z034N046M0,spa,M.Igashira,2010,exclude,,dataset,R3_TWIN_SUPERSEDED,143,21000.0,21000.0,0.0348,0.0224,R3,,,null,,,,,,"EXCLUDE (R3_TWIN_SUPERSEDED) Z034N046M0 spa 23065/23065008/, dataset scope, 5 cell(s) 2.1e+04-5.42e+05 eV; rules R3; twin of 23855/23855005/ (x:SPSDD)"
CR2-23065-23065008-21f8c70f,23065/23065008/,Z034N046M0,spa,M.Igashira,2010,exclude,,dataset,R3_TWIN_SUPERSEDED,144,30000.0,30000.0,0.0284,0.0199,R3,,,null,,,,,,"EXCLUDE (R3_TWIN_SUPERSEDED) Z034N046M0 spa 23065/23065008/, dataset scope, 5 cell(s) 2.1e+04-5.42e+05 eV; rules R3; twin of 23855/23855005/ (x:SPSDD)"
CR2-23065-23065008-21f8c70f,23065/23065008/,Z034N046M0,spa,M.Igashira,2010,exclude,,dataset,R3_TWIN_SUPERSEDED,146,44000.0,44000.0,0.0247,0.0183,R3,,,null,,,,,,"EXCLUDE (R3_TWIN_SUPERSEDED) Z034N046M0 spa 23065/23065008/, dataset scope, 5 cell(s) 2.1e+04-5.42e+05 eV; rules R3; twin of 23855/23855005/ (x:SPSDD)"
CR2-23065-23065008-21f8c70f,23065/23065008/,Z034N046M0,spa,M.Igashira,2010,exclude,,dataset,R3_TWIN_SUPERSEDED,148,69000.0,69000.0,0.0227,0.0175,R3,,,null,,,,,,"EXCLUDE (R3_TWIN_SUPERSEDED) Z034N046M0 spa 23065/23065008/, dataset scope, 5 cell(s) 2.1e+04-5.42e+05 eV; rules R3; twin of 23855/23855005/ (x:SPSDD)"
CR2-23065-23065008-21f8c70f,23065/23065008/,Z034N046M0,spa,M.Igashira,2010,exclude,,dataset,R3_TWIN_SUPERSEDED,157,542000.0,542000.0,0.0115,0.0212,R3,,,null,,,,,,"EXCLUDE (R3_TWIN_SUPERSEDED) Z034N046M0 spa 23065/23065008/, dataset scope, 5 cell(s) 2.1e+04-5.42e+05 eV; rules R3; twin of 23855/23855005/ (x:SPSDD)"
CR2-23065-23065009-3d5a92b7,23065/23065009/,Z034N048M0,spa,M.Igashira,2010,exclude,,dataset,R3_TWIN_SUPERSEDED,141,15000.0,15000.0,0.0155,0.0592,R3,,,null,,,,,,"EXCLUDE (R3_TWIN_SUPERSEDED) Z034N048M0 spa 23065/23065009/, dataset scope, 6 cell(s) 1.5e+04-5.44e+05 eV; rules R3; twin of 23855/23855006/ (x:SPSDD)"
CR2-23065-23065009-3d5a92b7,23065/23065009/,Z034N048M0,spa,M.Igashira,2010,exclude,,dataset,R3_TWIN_SUPERSEDED,143,20000.0,20000.0,0.00706,0.0788,R3,,,null,,,,,,"EXCLUDE (R3_TWIN_SUPERSEDED) Z034N048M0 spa 23065/23065009/, dataset scope, 6 cell(s) 1.5e+04-5.44e+05 eV; rules R3; twin of 23855/23855006/ (x:SPSDD)"
CR2-23065-23065009-3d5a92b7,23065/23065009/,Z034N048M0,spa,M.Igashira,2010,exclude,,dataset,R3_TWIN_SUPERSEDED,144,27000.0,27000.0,0.0112,0.0261,R3,,,null,,,,,,"EXCLUDE (R3_TWIN_SUPERSEDED) Z034N048M0 spa 23065/23065009/, dataset scope, 6 cell(s) 1.5e+04-5.44e+05 eV; rules R3; twin of 23855/23855006/ (x:SPSDD)"
CR2-23065-23065009-3d5a92b7,23065/23065009/,Z034N048M0,spa,M.Igashira,2010,exclude,,dataset,R3_TWIN_SUPERSEDED,145,38000.0,38000.0,0.00321,0.0418,R3,,,null,,,,,,"EXCLUDE (R3_TWIN_SUPERSEDED) Z034N048M0 spa 23065/23065009/, dataset scope, 6 cell(s) 1.5e+04-5.44e+05 eV; rules R3; twin of 23855/23855006/ (x:SPSDD)"
CR2-23065-23065009-3d5a92b7,23065/23065009/,Z034N048M0,spa,M.Igashira,2010,exclude,,dataset,R3_TWIN_SUPERSEDED,148,65000.0,65000.0,0.00741,0.0253,R3,,,null,,,,,,"EXCLUDE (R3_TWIN_SUPERSEDED) Z034N048M0 spa 23065/23065009/, dataset scope, 6 cell(s) 1.5e+04-5.44e+05 eV; rules R3; twin of 23855/23855006/ (x:SPSDD)"
CR2-23065-23065009-3d5a92b7,23065/23065009/,Z034N048M0,spa,M.Igashira,2010,exclude,,dataset,R3_TWIN_SUPERSEDED,157,544000.0,544000.0,0.00458,0.1038,R3,,,null,,,,,,"EXCLUDE (R3_TWIN_SUPERSEDED) Z034N048M0 spa 23065/23065009/, dataset scope, 6 cell(s) 1.5e+04-5.44e+05 eV; rules R3; twin of 23855/23855006/ (x:SPSDD)"
CR2-23086-23086002-79d5dd40,23086/23086002/,Z028N034M0,mxw,Y.Nagai,2008,exclude,,dataset,R3_TWIN_SUPERSEDED,144,30000.0,30000.0,0.0375,0.028,R3,,,null,,,,,,"EXCLUDE (R3_TWIN_SUPERSEDED) Z028N034M0 mxw 23086/23086002/, dataset scope, 1 cell(s) 3e+04-3e+04 eV; rules R3; twin of 22894/22894003/ (x:SPSDD)"
CR2-23092-23092007-cdd61c9c,23092/23092007/,Z032N044M0,sig,G.Meierhofer,2009,exclude,,dataset,R3_TWIN_SUPERSEDED,84,0.0253,0.0253,0.1619,0.0414,R3,,,null,,,,,,"EXCLUDE (R3_TWIN_SUPERSEDED) Z032N044M0 sig 23092/23092007/, dataset scope, 1 cell(s) 0.0253-0.0253 eV; rules R3; twin of 23092/23092008/ (x:SPSDD)"
CR2-23094-23094002-1e700b8a,23094/23094002/,Z070N098M0,mxw,J.Marganiec,2010,exclude,,dataset,R3_TWIN_SUPERSEDED,136,5000.0,5000.0,2.997,0.0414,R3,,,null,,,,,,"EXCLUDE (R3_TWIN_SUPERSEDED) Z070N098M0 mxw 23094/23094002/, dataset scope, 11 cell(s) 5000-2.6e+05 eV; rules R3; twin of 23094/23094020/ (x:SPSDD)"
CR2-23094-23094002-1e700b8a,23094/23094002/,Z070N098M0,mxw,J.Marganiec,2010,exclude,,dataset,R3_TWIN_SUPERSEDED,140,10000.0,10000.0,2.046,0.0414,R3,,,null,,,,,,"EXCLUDE (R3_TWIN_SUPERSEDED) Z070N098M0 mxw 23094/23094002/, dataset scope, 11 cell(s) 5000-2.6e+05 eV; rules R3; twin of 23094/23094020/ (x:SPSDD)"
CR2-23094-23094002-1e700b8a,23094/23094002/,Z070N098M0,mxw,J.Marganiec,2010,exclude,,dataset,R3_TWIN_SUPERSEDED,141,15000.0,15000.0,1.681,0.0414,R3,,,null,,,,,,"EXCLUDE (R3_TWIN_SUPERSEDED) Z070N098M0 mxw 23094/23094002/, dataset scope, 11 cell(s) 5000-2.6e+05 eV; rules R3; twin of 23094/23094020/ (x:SPSDD)"
CR2-23094-23094002-1e700b8a,23094/23094002/,Z070N098M0,mxw,J.Marganiec,2010,exclude,,dataset,R3_TWIN_SUPERSEDED,143,20000.0,25000.0,1.3975,0.0414,R3,,,null,,,,,,"EXCLUDE (R3_TWIN_SUPERSEDED) Z070N098M0 mxw 23094/23094002/, dataset scope, 11 cell(s) 5000-2.6e+05 eV; rules R3; twin of 23094/23094020/ (x:SPSDD)"
CR2-23094-23094002-1e700b8a,23094/23094002/,Z070N098M0,mxw,J.Marganiec,2010,exclude,,dataset,R3_TWIN_SUPERSEDED,144,30000.0,30000.0,1.214,0.0414,R3,,,null,,,,,,"EXCLUDE (R3_TWIN_SUPERSEDED) Z070N098M0 mxw 23094/23094002/, dataset scope, 11 cell(s) 5000-2.6e+05 eV; rules R3; twin of 23094/23094020/ (x:SPSDD)"
CR2-23094-23094002-1e700b8a,23094/23094002/,Z070N098M0,mxw,J.Marganiec,2010,exclude,,dataset,R3_TWIN_SUPERSEDED,146,40000.0,50000.0,0.995,0.0414,R3,,,null,,,,,,"EXCLUDE (R3_TWIN_SUPERSEDED) Z070N098M0 mxw 23094/23094002/, dataset scope, 11 cell(s) 5000-2.6e+05 eV; rules R3; twin of 23094/23094020/ (x:SPSDD)"
CR2-23094-23094002-1e700b8a,23094/23094002/,Z070N098M0,mxw,J.Marganiec,2010,exclude,,dataset,R3_TWIN_SUPERSEDED,147,60000.0,60000.0,0.85,0.0414,R3,,,null,,,,,,"EXCLUDE (R3_TWIN_SUPERSEDED) Z070N098M0 mxw 23094/23094002/, dataset scope, 11 cell(s) 5000-2.6e+05 eV; rules R3; twin of 23094/23094020/ (x:SPSDD)"
CR2-23094-23094002-1e700b8a,23094/23094002/,Z070N098M0,mxw,J.Marganiec,2010,exclude,,dataset,R3_TWIN_SUPERSEDED,149,80000.0,80000.0,0.728,0.0414,R3,,,null,,,,,,"EXCLUDE (R3_TWIN_SUPERSEDED) Z070N098M0 mxw 23094/23094002/, dataset scope, 11 cell(s) 5000-2.6e+05 eV; rules R3; twin of 23094/23094020/ (x:SPSDD)"
CR2-23094-23094002-1e700b8a,23094/23094002/,Z070N098M0,mxw,J.Marganiec,2010,exclude,,dataset,R3_TWIN_SUPERSEDED,150,100000.0,100000.0,0.649,0.0414,R3,,,null,,,,,,"EXCLUDE (R3_TWIN_SUPERSEDED) Z070N098M0 mxw 23094/23094002/, dataset scope, 11 cell(s) 5000-2.6e+05 eV; rules R3; twin of 23094/23094020/ (x:SPSDD)"
CR2-23094-23094002-1e700b8a,23094/23094002/,Z070N098M0,mxw,J.Marganiec,2010,exclude,,dataset,R3_TWIN_SUPERSEDED,152,170000.0,170000.0,0.512,0.0414,R3,,,null,,,,,,"EXCLUDE (R3_TWIN_SUPERSEDED) Z070N098M0 mxw 23094/23094002/, dataset scope, 11 cell(s) 5000-2.6e+05 eV; rules R3; twin of 23094/23094020/ (x:SPSDD)"
CR2-23094-23094002-1e700b8a,23094/23094002/,Z070N098M0,mxw,J.Marganiec,2010,exclude,,dataset,R3_TWIN_SUPERSEDED,154,260000.0,260000.0,0.448,0.0414,R3,,,null,,,,,,"EXCLUDE (R3_TWIN_SUPERSEDED) Z070N098M0 mxw 23094/23094002/, dataset scope, 11 cell(s) 5000-2.6e+05 eV; rules R3; twin of 23094/23094020/ (x:SPSDD)"
CR2-23094-23094003-443d932a,23094/23094003/,Z074N106M0,mxw,J.Marganiec,2010,exclude,,dataset,R3_TWIN_SUPERSEDED,136,5000.0,5000.0,1.543,0.0414,R3,,,null,,,,,,"EXCLUDE (R3_TWIN_SUPERSEDED) Z074N106M0 mxw 23094/23094003/, dataset scope, 11 cell(s) 5000-2.6e+05 eV; rules R3; twin of 23094/23094021/ (x:SPSDD)"
CR2-23094-23094003-443d932a,23094/23094003/,Z074N106M0,mxw,J.Marganiec,2010,exclude,,dataset,R3_TWIN_SUPERSEDED,140,10000.0,10000.0,1.061,0.0414,R3,,,null,,,,,,"EXCLUDE (R3_TWIN_SUPERSEDED) Z074N106M0 mxw 23094/23094003/, dataset scope, 11 cell(s) 5000-2.6e+05 eV; rules R3; twin of 23094/23094021/ (x:SPSDD)"
CR2-23094-23094003-443d932a,23094/23094003/,Z074N106M0,mxw,J.Marganiec,2010,exclude,,dataset,R3_TWIN_SUPERSEDED,141,15000.0,15000.0,0.869,0.0414,R3,,,null,,,,,,"EXCLUDE (R3_TWIN_SUPERSEDED) Z074N106M0 mxw 23094/23094003/, dataset scope, 11 cell(s) 5000-2.6e+05 eV; rules R3; twin of 23094/23094021/ (x:SPSDD)"
CR2-23094-23094003-443d932a,23094/23094003/,Z074N106M0,mxw,J.Marganiec,2010,exclude,,dataset,R3_TWIN_SUPERSEDED,143,20000.0,25000.0,0.72,0.0414,R3,,,null,,,,,,"EXCLUDE (R3_TWIN_SUPERSEDED) Z074N106M0 mxw 23094/23094003/, dataset scope, 11 cell(s) 5000-2.6e+05 eV; rules R3; twin of 23094/23094021/ (x:SPSDD)"
CR2-23094-23094003-443d932a,23094/23094003/,Z074N106M0,mxw,J.Marganiec,2010,exclude,,dataset,R3_TWIN_SUPERSEDED,144,30000.0,30000.0,0.624,0.0414,R3,,,null,,,,,,"EXCLUDE (R3_TWIN_SUPERSEDED) Z074N106M0 mxw 23094/23094003/, dataset scope, 11 cell(s) 5000-2.6e+05 eV; rules R3; twin of 23094/23094021/ (x:SPSDD)"
CR2-23094-23094003-443d932a,23094/23094003/,Z074N106M0,mxw,J.Marganiec,2010,exclude,,dataset,R3_TWIN_SUPERSEDED,146,40000.0,50000.0,0.5065,0.0414,R3,,,null,,,,,,"EXCLUDE (R3_TWIN_SUPERSEDED) Z074N106M0 mxw 23094/23094003/, dataset scope, 11 cell(s) 5000-2.6e+05 eV; rules R3; twin of 23094/23094021/ (x:SPSDD)"
CR2-23094-23094003-443d932a,23094/23094003/,Z074N106M0,mxw,J.Marganiec,2010,exclude,,dataset,R3_TWIN_SUPERSEDED,147,60000.0,60000.0,0.426,0.0414,R3,,,null,,,,,,"EXCLUDE (R3_TWIN_SUPERSEDED) Z074N106M0 mxw 23094/23094003/, dataset scope, 11 cell(s) 5000-2.6e+05 eV; rules R3; twin of 23094/23094021/ (x:SPSDD)"
CR2-23094-23094003-443d932a,23094/23094003/,Z074N106M0,mxw,J.Marganiec,2010,exclude,,dataset,R3_TWIN_SUPERSEDED,149,80000.0,80000.0,0.358,0.0414,R3,,,null,,,,,,"EXCLUDE (R3_TWIN_SUPERSEDED) Z074N106M0 mxw 23094/23094003/, dataset scope, 11 cell(s) 5000-2.6e+05 eV; rules R3; twin of 23094/23094021/ (x:SPSDD)"
CR2-23094-23094003-443d932a,23094/23094003/,Z074N106M0,mxw,J.Marganiec,2010,exclude,,dataset,R3_TWIN_SUPERSEDED,150,100000.0,100000.0,0.313,0.0414,R3,,,null,,,,,,"EXCLUDE (R3_TWIN_SUPERSEDED) Z074N106M0 mxw 23094/23094003/, dataset scope, 11 cell(s) 5000-2.6e+05 eV; rules R3; twin of 23094/23094021/ (x:SPSDD)"
CR2-23094-23094003-443d932a,23094/23094003/,Z074N106M0,mxw,J.Marganiec,2010,exclude,,dataset,R3_TWIN_SUPERSEDED,152,170000.0,170000.0,0.234,0.0414,R3,,,null,,,,,,"EXCLUDE (R3_TWIN_SUPERSEDED) Z074N106M0 mxw 23094/23094003/, dataset scope, 11 cell(s) 5000-2.6e+05 eV; rules R3; twin of 23094/23094021/ (x:SPSDD)"
CR2-23094-23094003-443d932a,23094/23094003/,Z074N106M0,mxw,J.Marganiec,2010,exclude,,dataset,R3_TWIN_SUPERSEDED,154,260000.0,260000.0,0.198,0.0414,R3,,,null,,,,,,"EXCLUDE (R3_TWIN_SUPERSEDED) Z074N106M0 mxw 23094/23094003/, dataset scope, 11 cell(s) 5000-2.6e+05 eV; rules R3; twin of 23094/23094021/ (x:SPSDD)"
CR2-23094-23094004-8dd99f5e,23094/23094004/,Z076N108M0,mxw,J.Marganiec,2010,exclude,,dataset,R3_TWIN_SUPERSEDED,136,5000.0,5000.0,1.564,0.0414,R3,,,null,,,,,,"EXCLUDE (R3_TWIN_SUPERSEDED) Z076N108M0 mxw 23094/23094004/, dataset scope, 11 cell(s) 5000-2.6e+05 eV; rules R3; twin of 23094/23094022/ (x:SPSDD)"
CR2-23094-23094004-8dd99f5e,23094/23094004/,Z076N108M0,mxw,J.Marganiec,2010,exclude,,dataset,R3_TWIN_SUPERSEDED,140,10000.0,10000.0,1.021,0.0414,R3,,,null,,,,,,"EXCLUDE (R3_TWIN_SUPERSEDED) Z076N108M0 mxw 23094/23094004/, dataset scope, 11 cell(s) 5000-2.6e+05 eV; rules R3; twin of 23094/23094022/ (x:SPSDD)"
CR2-23094-23094004-8dd99f5e,23094/23094004/,Z076N108M0,mxw,J.Marganiec,2010,exclude,,dataset,R3_TWIN_SUPERSEDED,141,15000.0,15000.0,0.816,0.0414,R3,,,null,,,,,,"EXCLUDE (R3_TWIN_SUPERSEDED) Z076N108M0 mxw 23094/23094004/, dataset scope, 11 cell(s) 5000-2.6e+05 eV; rules R3; twin of 23094/23094022/ (x:SPSDD)"
CR2-23094-23094004-8dd99f5e,23094/23094004/,Z076N108M0,mxw,J.Marganiec,2010,exclude,,dataset,R3_TWIN_SUPERSEDED,143,20000.0,25000.0,0.6735,0.0414,R3,,,null,,,,,,"EXCLUDE (R3_TWIN_SUPERSEDED) Z076N108M0 mxw 23094/23094004/, dataset scope, 11 cell(s) 5000-2.6e+05 eV; rules R3; twin of 23094/23094022/ (x:SPSDD)"
CR2-23094-23094004-8dd99f5e,23094/23094004/,Z076N108M0,mxw,J.Marganiec,2010,exclude,,dataset,R3_TWIN_SUPERSEDED,144,30000.0,30000.0,0.59,0.0414,R3,,,null,,,,,,"EXCLUDE (R3_TWIN_SUPERSEDED) Z076N108M0 mxw 23094/23094004/, dataset scope, 11 cell(s) 5000-2.6e+05 eV; rules R3; twin of 23094/23094022/ (x:SPSDD)"
CR2-23094-23094004-8dd99f5e,23094/23094004/,Z076N108M0,mxw,J.Marganiec,2010,exclude,,dataset,R3_TWIN_SUPERSEDED,146,40000.0,50000.0,0.501,0.0414,R3,,,null,,,,,,"EXCLUDE (R3_TWIN_SUPERSEDED) Z076N108M0 mxw 23094/23094004/, dataset scope, 11 cell(s) 5000-2.6e+05 eV; rules R3; twin of 23094/23094022/ (x:SPSDD)"
CR2-23094-23094004-8dd99f5e,23094/23094004/,Z076N108M0,mxw,J.Marganiec,2010,exclude,,dataset,R3_TWIN_SUPERSEDED,147,60000.0,60000.0,0.445,0.0414,R3,,,null,,,,,,"EXCLUDE (R3_TWIN_SUPERSEDED) Z076N108M0 mxw 23094/23094004/, dataset scope, 11 cell(s) 5000-2.6e+05 eV; rules R3; twin of 23094/23094022/ (x:SPSDD)"
CR2-23094-23094004-8dd99f5e,23094/23094004/,Z076N108M0,mxw,J.Marganiec,2010,exclude,,dataset,R3_TWIN_SUPERSEDED,149,80000.0,80000.0,0.396,0.0414,R3,,,null,,,,,,"EXCLUDE (R3_TWIN_SUPERSEDED) Z076N108M0 mxw 23094/23094004/, dataset scope, 11 cell(s) 5000-2.6e+05 eV; rules R3; twin of 23094/23094022/ (x:SPSDD)"
CR2-23094-23094004-8dd99f5e,23094/23094004/,Z076N108M0,mxw,J.Marganiec,2010,exclude,,dataset,R3_TWIN_SUPERSEDED,150,100000.0,100000.0,0.364,0.0414,R3,,,null,,,,,,"EXCLUDE (R3_TWIN_SUPERSEDED) Z076N108M0 mxw 23094/23094004/, dataset scope, 11 cell(s) 5000-2.6e+05 eV; rules R3; twin of 23094/23094022/ (x:SPSDD)"
CR2-23094-23094004-8dd99f5e,23094/23094004/,Z076N108M0,mxw,J.Marganiec,2010,exclude,,dataset,R3_TWIN_SUPERSEDED,152,170000.0,170000.0,0.307,0.0414,R3,,,null,,,,,,"EXCLUDE (R3_TWIN_SUPERSEDED) Z076N108M0 mxw 23094/23094004/, dataset scope, 11 cell(s) 5000-2.6e+05 eV; rules R3; twin of 23094/23094022/ (x:SPSDD)"
CR2-23094-23094004-8dd99f5e,23094/23094004/,Z076N108M0,mxw,J.Marganiec,2010,exclude,,dataset,R3_TWIN_SUPERSEDED,154,260000.0,260000.0,0.283,0.0414,R3,,,null,,,,,,"EXCLUDE (R3_TWIN_SUPERSEDED) Z076N108M0 mxw 23094/23094004/, dataset scope, 11 cell(s) 5000-2.6e+05 eV; rules R3; twin of 23094/23094022/ (x:SPSDD)"
CR2-23094-23094005-4bf6bb7d,23094/23094005/,Z078N112M0,mxw,J.Marganiec,2010,exclude,,dataset,R3_TWIN_SUPERSEDED,136,5000.0,5000.0,1.172,0.0414,R3,,,null,,,,,,"EXCLUDE (R3_TWIN_SUPERSEDED) Z078N112M0 mxw 23094/23094005/, dataset scope, 11 cell(s) 5000-2.6e+05 eV; rules R3; twin of 23094/23094023/ (x:SPSDD)"
CR2-23094-23094005-4bf6bb7d,23094/23094005/,Z078N112M0,mxw,J.Marganiec,2010,exclude,,dataset,R3_TWIN_SUPERSEDED,140,10000.0,10000.0,0.792,0.0414,R3,,,null,,,,,,"EXCLUDE (R3_TWIN_SUPERSEDED) Z078N112M0 mxw 23094/23094005/, dataset scope, 11 cell(s) 5000-2.6e+05 eV; rules R3; twin of 23094/23094023/ (x:SPSDD)"
CR2-23094-23094005-4bf6bb7d,23094/23094005/,Z078N112M0,mxw,J.Marganiec,2010,exclude,,dataset,R3_TWIN_SUPERSEDED,141,15000.0,15000.0,0.659,0.0414,R3,,,null,,,,,,"EXCLUDE (R3_TWIN_SUPERSEDED) Z078N112M0 mxw 23094/23094005/, dataset scope, 11 cell(s) 5000-2.6e+05 eV; rules R3; twin of 23094/23094023/ (x:SPSDD)"
CR2-23094-23094005-4bf6bb7d,23094/23094005/,Z078N112M0,mxw,J.Marganiec,2010,exclude,,dataset,R3_TWIN_SUPERSEDED,143,20000.0,25000.0,0.5645,0.0414,R3,,,null,,,,,,"EXCLUDE (R3_TWIN_SUPERSEDED) Z078N112M0 mxw 23094/23094005/, dataset scope, 11 cell(s) 5000-2.6e+05 eV; rules R3; twin of 23094/23094023/ (x:SPSDD)"
CR2-23094-23094005-4bf6bb7d,23094/23094005/,Z078N112M0,mxw,J.Marganiec,2010,exclude,,dataset,R3_TWIN_SUPERSEDED,144,30000.0,30000.0,0.511,0.0414,R3,,,null,,,,,,"EXCLUDE (R3_TWIN_SUPERSEDED) Z078N112M0 mxw 23094/23094005/, dataset scope, 11 cell(s) 5000-2.6e+05 eV; rules R3; twin of 23094/23094023/ (x:SPSDD)"
CR2-23094-23094005-4bf6bb7d,23094/23094005/,Z078N112M0,mxw,J.Marganiec,2010,exclude,,dataset,R3_TWIN_SUPERSEDED,146,40000.0,50000.0,0.455,0.0414,R3,,,null,,,,,,"EXCLUDE (R3_TWIN_SUPERSEDED) Z078N112M0 mxw 23094/23094005/, dataset scope, 11 cell(s) 5000-2.6e+05 eV; rules R3; twin of 23094/23094023/ (x:SPSDD)"
CR2-23094-23094005-4bf6bb7d,23094/23094005/,Z078N112M0,mxw,J.Marganiec,2010,exclude,,dataset,R3_TWIN_SUPERSEDED,147,60000.0,60000.0,0.421,0.0414,R3,,,null,,,,,,"EXCLUDE (R3_TWIN_SUPERSEDED) Z078N112M0 mxw 23094/23094005/, dataset scope, 11 cell(s) 5000-2.6e+05 eV; rules R3; twin of 23094/23094023/ (x:SPSDD)"
CR2-23094-23094005-4bf6bb7d,23094/23094005/,Z078N112M0,mxw,J.Marganiec,2010,exclude,,dataset,R3_TWIN_SUPERSEDED,149,80000.0,80000.0,0.389,0.0414,R3,,,null,,,,,,"EXCLUDE (R3_TWIN_SUPERSEDED) Z078N112M0 mxw 23094/23094005/, dataset scope, 11 cell(s) 5000-2.6e+05 eV; rules R3; twin of 23094/23094023/ (x:SPSDD)"
CR2-23094-23094005-4bf6bb7d,23094/23094005/,Z078N112M0,mxw,J.Marganiec,2010,exclude,,dataset,R3_TWIN_SUPERSEDED,150,100000.0,100000.0,0.363,0.0414,R3,,,null,,,,,,"EXCLUDE (R3_TWIN_SUPERSEDED) Z078N112M0 mxw 23094/23094005/, dataset scope, 11 cell(s) 5000-2.6e+05 eV; rules R3; twin of 23094/23094023/ (x:SPSDD)"
CR2-23094-23094005-4bf6bb7d,23094/23094005/,Z078N112M0,mxw,J.Marganiec,2010,exclude,,dataset,R3_TWIN_SUPERSEDED,152,170000.0,170000.0,0.293,0.0414,R3,,,null,,,,,,"EXCLUDE (R3_TWIN_SUPERSEDED) Z078N112M0 mxw 23094/23094005/, dataset scope, 11 cell(s) 5000-2.6e+05 eV; rules R3; twin of 23094/23094023/ (x:SPSDD)"
CR2-23094-23094005-4bf6bb7d,23094/23094005/,Z078N112M0,mxw,J.Marganiec,2010,exclude,,dataset,R3_TWIN_SUPERSEDED,154,260000.0,260000.0,0.234,0.0414,R3,,,null,,,,,,"EXCLUDE (R3_TWIN_SUPERSEDED) Z078N112M0 mxw 23094/23094005/, dataset scope, 11 cell(s) 5000-2.6e+05 eV; rules R3; twin of 23094/23094023/ (x:SPSDD)"
CR2-23094-23094006-342186d1,23094/23094006/,Z080N116M0,mxw,J.Marganiec,2010,exclude,,dataset,R3_TWIN_SUPERSEDED,136,5000.0,5000.0,0.522,0.0414,R3,,,null,,,,,,"EXCLUDE (R3_TWIN_SUPERSEDED) Z080N116M0 mxw 23094/23094006/, dataset scope, 11 cell(s) 5000-2.6e+05 eV; rules R3; twin of 23094/23094024/ (x:SPSDD)"
CR2-23094-23094006-342186d1,23094/23094006/,Z080N116M0,mxw,J.Marganiec,2010,exclude,,dataset,R3_TWIN_SUPERSEDED,140,10000.0,10000.0,0.349,0.0414,R3,,,null,,,,,,"EXCLUDE (R3_TWIN_SUPERSEDED) Z080N116M0 mxw 23094/23094006/, dataset scope, 11 cell(s) 5000-2.6e+05 eV; rules R3; twin of 23094/23094024/ (x:SPSDD)"
CR2-23094-23094006-342186d1,23094/23094006/,Z080N116M0,mxw,J.Marganiec,2010,exclude,,dataset,R3_TWIN_SUPERSEDED,141,15000.0,15000.0,0.281,0.0414,R3,,,null,,,,,,"EXCLUDE (R3_TWIN_SUPERSEDED) Z080N116M0 mxw 23094/23094006/, dataset scope, 11 cell(s) 5000-2.6e+05 eV; rules R3; twin of 23094/23094024/ (x:SPSDD)"
CR2-23094-23094006-342186d1,23094/23094006/,Z080N116M0,mxw,J.Marganiec,2010,exclude,,dataset,R3_TWIN_SUPERSEDED,143,20000.0,25000.0,0.231,0.0414,R3,,,null,,,,,,"EXCLUDE (R3_TWIN_SUPERSEDED) Z080N116M0 mxw 23094/23094006/, dataset scope, 11 cell(s) 5000-2.6e+05 eV; rules R3; twin of 23094/23094024/ (x:SPSDD)"
CR2-23094-23094006-342186d1,23094/23094006/,Z080N116M0,mxw,J.Marganiec,2010,exclude,,dataset,R3_TWIN_SUPERSEDED,144,30000.0,30000.0,0.201,0.0414,R3,,,null,,,,,,"EXCLUDE (R3_TWIN_SUPERSEDED) Z080N116M0 mxw 23094/23094006/, dataset scope, 11 cell(s) 5000-2.6e+05 eV; rules R3; twin of 23094/23094024/ (x:SPSDD)"
CR2-23094-23094006-342186d1,23094/23094006/,Z080N116M0,mxw,J.Marganiec,2010,exclude,,dataset,R3_TWIN_SUPERSEDED,146,40000.0,50000.0,0.1705,0.0414,R3,,,null,,,,,,"EXCLUDE (R3_TWIN_SUPERSEDED) Z080N116M0 mxw 23094/23094006/, dataset scope, 11 cell(s) 5000-2.6e+05 eV; rules R3; twin of 23094/23094024/ (x:SPSDD)"
CR2-23094-23094006-342186d1,23094/23094006/,Z080N116M0,mxw,J.Marganiec,2010,exclude,,dataset,R3_TWIN_SUPERSEDED,147,60000.0,60000.0,0.151,0.0414,R3,,,null,,,,,,"EXCLUDE (R3_TWIN_SUPERSEDED) Z080N116M0 mxw 23094/23094006/, dataset scope, 11 cell(s) 5000-2.6e+05 eV; rules R3; twin of 23094/23094024/ (x:SPSDD)"
CR2-23094-23094006-342186d1,23094/23094006/,Z080N116M0,mxw,J.Marganiec,2010,exclude,,dataset,R3_TWIN_SUPERSEDED,149,80000.0,80000.0,0.135,0.0414,R3,,,null,,,,,,"EXCLUDE (R3_TWIN_SUPERSEDED) Z080N116M0 mxw 23094/23094006/, dataset scope, 11 cell(s) 5000-2.6e+05 eV; rules R3; twin of 23094/23094024/ (x:SPSDD)"
CR2-23094-23094006-342186d1,23094/23094006/,Z080N116M0,mxw,J.Marganiec,2010,exclude,,dataset,R3_TWIN_SUPERSEDED,150,100000.0,100000.0,0.123,0.0414,R3,,,null,,,,,,"EXCLUDE (R3_TWIN_SUPERSEDED) Z080N116M0 mxw 23094/23094006/, dataset scope, 11 cell(s) 5000-2.6e+05 eV; rules R3; twin of 23094/23094024/ (x:SPSDD)"
CR2-23094-23094006-342186d1,23094/23094006/,Z080N116M0,mxw,J.Marganiec,2010,exclude,,dataset,R3_TWIN_SUPERSEDED,152,170000.0,170000.0,0.095,0.0414,R3,,,null,,,,,,"EXCLUDE (R3_TWIN_SUPERSEDED) Z080N116M0 mxw 23094/23094006/, dataset scope, 11 cell(s) 5000-2.6e+05 eV; rules R3; twin of 23094/23094024/ (x:SPSDD)"
CR2-23094-23094006-342186d1,23094/23094006/,Z080N116M0,mxw,J.Marganiec,2010,exclude,,dataset,R3_TWIN_SUPERSEDED,154,260000.0,260000.0,0.075,0.0414,R3,,,null,,,,,,"EXCLUDE (R3_TWIN_SUPERSEDED) Z080N116M0 mxw 23094/23094006/, dataset scope, 11 cell(s) 5000-2.6e+05 eV; rules R3; twin of 23094/23094024/ (x:SPSDD)"
CR2-23094-23094007-8cd65894,23094/23094007/,Z080N116M0,mxw,J.Marganiec,2010,exclude,,dataset,R3_TWIN_SUPERSEDED,144,30000.0,30000.0,0.0263,0.0225,R3,,,null,,,,,,"EXCLUDE (R3_TWIN_SUPERSEDED) Z080N116M0 mxw 23094/23094007/, dataset scope, 1 cell(s) 3e+04-3e+04 eV; rules R3; twin of 23094/23094025/ (x:SPSDD)"
CR2-23094-23094008-9179ad4b,23094/23094008/,Z070N098M0,spa,J.Marganiec,2010,exclude,,dataset,R3_TWIN_SUPERSEDED,143,25000.0,25000.0,1.235,0.0209,R3,,,null,,,,,,"EXCLUDE (R3_TWIN_SUPERSEDED) Z070N098M0 spa 23094/23094008/, dataset scope, 1 cell(s) 2.5e+04-2.5e+04 eV; rules R3; twin of 23094/23094026/ (x:SPSDD)"
CR2-23094-23094009-367eb67e,23094/23094009/,Z074N106M0,spa,J.Marganiec,2010,exclude,,dataset,R3_TWIN_SUPERSEDED,143,25000.0,25000.0,0.658,0.0355,R3,,,null,,,,,,"EXCLUDE (R3_TWIN_SUPERSEDED) Z074N106M0 spa 23094/23094009/, dataset scope, 1 cell(s) 2.5e+04-2.5e+04 eV; rules R3; twin of 23094/23094027/ (x:SPSDD)"
CR2-23094-23094010-209b68b7,23094/23094010/,Z076N108M0,spa,J.Marganiec,2010,exclude,,dataset,R3_TWIN_SUPERSEDED,143,25000.0,25000.0,0.586,0.0301,R3,,,null,,,,,,"EXCLUDE (R3_TWIN_SUPERSEDED) Z076N108M0 spa 23094/23094010/, dataset scope, 1 cell(s) 2.5e+04-2.5e+04 eV; rules R3; twin of 23094/23094028/ (x:SPSDD)"
CR2-23094-23094011-d4348f69,23094/23094011/,Z078N112M0,spa,J.Marganiec,2010,exclude,,dataset,R3_TWIN_SUPERSEDED,143,25000.0,25000.0,0.496,0.0377,R3,,,null,,,,,,"EXCLUDE (R3_TWIN_SUPERSEDED) Z078N112M0 spa 23094/23094011/, dataset scope, 1 cell(s) 2.5e+04-2.5e+04 eV; rules R3; twin of 23094/23094029/ (x:SPSDD)"
CR2-23094-23094012-26a77946,23094/23094012/,Z080N116M0,spa,J.Marganiec,2010,exclude,,dataset,R3_TWIN_SUPERSEDED,143,25000.0,25000.0,0.201,0.0211,R3,,,null,,,,,,"EXCLUDE (R3_TWIN_SUPERSEDED) Z080N116M0 spa 23094/23094012/, dataset scope, 1 cell(s) 2.5e+04-2.5e+04 eV; rules R3; twin of 23094/23094030/ (x:SPSDD)"
CR2-23094-23094013-aaaefec9,23094/23094013/,Z080N116M0,spa,J.Marganiec,2010,exclude,,dataset,R3_TWIN_SUPERSEDED,143,25000.0,25000.0,0.0263,0.0225,R3,,,null,,,,,,"EXCLUDE (R3_TWIN_SUPERSEDED) Z080N116M0 spa 23094/23094013/, dataset scope, 1 cell(s) 2.5e+04-2.5e+04 eV; rules R3; twin of 23094/23094031/ (x:SPSDD)"
CR2-23094-23094014-ec17d5c0,23094/23094014/,Z070N098M0,spa,J.Marganiec,2010,exclude,,dataset,R3_TWIN_SUPERSEDED,143,25000.0,25000.0,1.239458,0.0043,R3,,,null,,,,,,"EXCLUDE (R3_TWIN_SUPERSEDED) Z070N098M0 spa 23094/23094014/, dataset scope, 1 cell(s) 2.5e+04-2.5e+04 eV; rules R3; twin of 23094/23094032/ (x:SPSDD)"
CR2-23094-23094015-a04e61ef,23094/23094015/,Z074N106M0,spa,J.Marganiec,2010,exclude,,dataset,R3_TWIN_SUPERSEDED,143,25000.0,25000.0,0.661,0.0204,R3,,,null,,,,,,"EXCLUDE (R3_TWIN_SUPERSEDED) Z074N106M0 spa 23094/23094015/, dataset scope, 1 cell(s) 2.5e+04-2.5e+04 eV; rules R3; twin of 23094/23094033/ (x:SPSDD)"
CR2-23094-23094016-5597325c,23094/23094016/,Z076N108M0,spa,J.Marganiec,2010,exclude,,dataset,R3_TWIN_SUPERSEDED,143,25000.0,25000.0,0.586,0.0177,R3,,,null,,,,,,"EXCLUDE (R3_TWIN_SUPERSEDED) Z076N108M0 spa 23094/23094016/, dataset scope, 1 cell(s) 2.5e+04-2.5e+04 eV; rules R3; twin of 23094/23094034/ (x:SPSDD)"
CR2-23094-23094017-977df6dc,23094/23094017/,Z078N112M0,spa,J.Marganiec,2010,exclude,,dataset,R3_TWIN_SUPERSEDED,143,25000.0,25000.0,0.499167,0.0159,R3,,,null,,,,,,"EXCLUDE (R3_TWIN_SUPERSEDED) Z078N112M0 spa 23094/23094017/, dataset scope, 1 cell(s) 2.5e+04-2.5e+04 eV; rules R3; twin of 23094/23094035/ (x:SPSDD)"
CR2-23094-23094018-6a13c433,23094/23094018/,Z080N116M0,spa,J.Marganiec,2010,exclude,,dataset,R3_TWIN_SUPERSEDED,143,25000.0,25000.0,0.200667,0.0123,R3,,,null,,,,,,"EXCLUDE (R3_TWIN_SUPERSEDED) Z080N116M0 spa 23094/23094018/, dataset scope, 1 cell(s) 2.5e+04-2.5e+04 eV; rules R3; twin of 23094/23094036/ (x:SPSDD)"
CR2-23094-23094019-80546bc0,23094/23094019/,Z080N116M0,spa,J.Marganiec,2010,exclude,,dataset,R3_TWIN_SUPERSEDED,143,25000.0,25000.0,0.026017,0.0145,R3,,,null,,,,,,"EXCLUDE (R3_TWIN_SUPERSEDED) Z080N116M0 spa 23094/23094019/, dataset scope, 1 cell(s) 2.5e+04-2.5e+04 eV; rules R3; twin of 23094/23094037/ (x:SPSDD)"
CR2-23166-23166002-8287efd5,23166/23166002/,Z030N034M0,spa,R.Reifarth,2012,exclude,,dataset,R3_TWIN_SUPERSEDED,143,25000.0,25000.0,0.053625,0.0015,R3,,,null,,,,,,"EXCLUDE (R3_TWIN_SUPERSEDED) Z030N034M0 spa 23166/23166002/, dataset scope, 1 cell(s) 2.5e+04-2.5e+04 eV; rules R3; twin of 23166/23166011/ (x:SPSDD)"
CR2-23166-23166003-c90f2155,23166/23166003/,Z030N034M0,spa,R.Reifarth,2012,exclude,,dataset,R3_TWIN_SUPERSEDED,143,25000.0,25000.0,0.0535,0.012,R3,,,null,,,,,,"EXCLUDE (R3_TWIN_SUPERSEDED) Z030N034M0 spa 23166/23166003/, dataset scope, 1 cell(s) 2.5e+04-2.5e+04 eV; rules R3; twin of 23166/23166012/2 (x:SPSDD)"
CR2-23166-23166004-f68dfb02,23166/23166004/,Z030N038M0,spa,R.Reifarth,2012,exclude,,dataset,R3_TWIN_SUPERSEDED,143,25000.0,25000.0,0.003302,0.002,R3,,,null,,,,,,"EXCLUDE (R3_TWIN_SUPERSEDED) Z030N038M0 spa 23166/23166004/, dataset scope, 1 cell(s) 2.5e+04-2.5e+04 eV; rules R3; twin of 23166/23166013/ (x:SPSDD)"
CR2-23166-23166005-dcd6fb8b,23166/23166005/,Z030N038M0,spa,R.Reifarth,2012,exclude,,dataset,R3_TWIN_SUPERSEDED,143,25000.0,25000.0,0.0033,0.0117,R3,,,null,,,,,,"EXCLUDE (R3_TWIN_SUPERSEDED) Z030N038M0 spa 23166/23166005/, dataset scope, 1 cell(s) 2.5e+04-2.5e+04 eV; rules R3; twin of 23166/23166014/2 (x:SPSDD)"
CR2-23166-23166006-4cfc8900,23166/23166006/,Z030N040M0,spa,R.Reifarth,2012,exclude,,dataset,R3_TWIN_SUPERSEDED,143,25000.0,25000.0,0.006823,0.0017,R3,,,null,,,,,,"EXCLUDE (R3_TWIN_SUPERSEDED) Z030N040M0 spa 23166/23166006/, dataset scope, 1 cell(s) 2.5e+04-2.5e+04 eV; rules R3; twin of 23166/23166015/ (x:SPSDD)"
CR2-23166-23166007-43cb4005,23166/23166007/,Z030N040M0,spa,R.Reifarth,2012,exclude,,dataset,R3_TWIN_SUPERSEDED,143,25000.0,25000.0,0.00679,0.0212,R3,,,null,,,,,,"EXCLUDE (R3_TWIN_SUPERSEDED) Z030N040M0 spa 23166/23166007/, dataset scope, 1 cell(s) 2.5e+04-2.5e+04 eV; rules R3; twin of 23166/23166016/2 (x:SPSDD)"
CR2-23166-23166008-0cff6999,23166/23166008/,Z030N040M0,spa,R.Reifarth,2012,exclude,,dataset,R3_TWIN_SUPERSEDED,143,25000.0,25000.0,0.00418,0.0531,R3,,,null,,,,,,"EXCLUDE (R3_TWIN_SUPERSEDED) Z030N040M0 spa 23166/23166008/, dataset scope, 1 cell(s) 2.5e+04-2.5e+04 eV; rules R3; twin of 23166/23166017/2 (x:SPSDD)"
CR2-23166-23166009-298a6d41,23166/23166009/,Z030N034M0,mxw,R.Reifarth,2012,exclude,,dataset,R3_TWIN_SUPERSEDED,143,25000.0,25000.0,0.0586,0.0124,R3,,,null,,,,,,"EXCLUDE (R3_TWIN_SUPERSEDED) Z030N034M0 mxw 23166/23166009/, dataset scope, 1 cell(s) 2.5e+04-2.5e+04 eV; rules R3; twin of 23166/23166018/ (x:SPSDD)"
CR2-23166-23166010-e1d652ae,23166/23166010/,Z030N040M0,mxw,R.Reifarth,2012,exclude,,dataset,R3_TWIN_SUPERSEDED,143,25000.0,25000.0,0.0117,0.0287,R3,,,null,,,,,,"EXCLUDE (R3_TWIN_SUPERSEDED) Z030N040M0 mxw 23166/23166010/, dataset scope, 1 cell(s) 2.5e+04-2.5e+04 eV; rules R3; twin of 23166/23166019/ (x:renorm)"
CR2-23170-23170002-0bb2486d,23170/23170002/,Z092N143M0,spa,A.Wallner,2014,exclude,,dataset,R3_TWIN_SUPERSEDED,143,25000.0,25000.0,0.646,0.0261,R3,,,null,,,,,,"EXCLUDE (R3_TWIN_SUPERSEDED) Z092N143M0 spa 23170/23170002/, dataset scope, 1 cell(s) 2.5e+04-2.5e+04 eV; rules R3; twin of 23170/23170008/ (x:SPSDD)"
CR2-23170-23170003-51a91d92,23170/23170003/,Z092N146M0,spa,A.Wallner,2014,exclude,,dataset,R3_TWIN_SUPERSEDED,143,25000.0,25000.0,0.386,0.0273,R3,,,null,,,,,,"EXCLUDE (R3_TWIN_SUPERSEDED) Z092N146M0 spa 23170/23170003/, dataset scope, 1 cell(s) 2.5e+04-2.5e+04 eV; rules R3; twin of 23170/23170009/ (x:SPSDD)"
CR2-23170-23170005-3cb1c5a9,23170/23170005/,Z092N143M0,spa,A.Wallner,2014,exclude,,dataset,R3_TWIN_SUPERSEDED,156,426000.0,426000.0,0.167,0.0326,R3,,,null,,,,,,"EXCLUDE (R3_TWIN_SUPERSEDED) Z092N143M0 spa 23170/23170005/, dataset scope, 1 cell(s) 4.26e+05-4.26e+05 eV; rules R3; twin of 23170/23170011/ (x:SPSDD)"
CR2-23170-23170006-4da4dd71,23170/23170006/,Z092N146M0,spa,A.Wallner,2014,exclude,,dataset,R3_TWIN_SUPERSEDED,156,426000.0,426000.0,0.108,0.0158,R3,,,null,,,,,,"EXCLUDE (R3_TWIN_SUPERSEDED) Z092N146M0 spa 23170/23170006/, dataset scope, 1 cell(s) 4.26e+05-4.26e+05 eV; rules R3; twin of 23170/23170012/ (x:SPSDD)"
CR2-23181-23181002-a6623678,23181/23181002/,Z063N088M0,av,J.Lee,2017,exclude,,cells,R1_RECORD_PROVEN_ERROR,140,11900.0,11900.0,61.9,0.0187,R1,,,null,,,,,RF001,"EXCLUDE (R1_RECORD_PROVEN_ERROR) Z063N088M0 av 23181/23181002/, cells scope, 2 cell(s) 1.19e+04-1.965e+04 eV; rules R1+R7"
CR2-23181-23181002-a6623678,23181/23181002/,Z063N088M0,av,J.Lee,2017,exclude,,cells,R1_RECORD_PROVEN_ERROR,142,19650.0,19650.0,48.4,0.0224,R1+R7,,,null,,,,,RF001,"EXCLUDE (R1_RECORD_PROVEN_ERROR) Z063N088M0 av 23181/23181002/, cells scope, 2 cell(s) 1.19e+04-1.965e+04 eV; rules R1+R7"
CR2-23220-23220003-52251cb5,23220/23220003/,Z054N078M0,mxw,H.Beer,1983,exclude,,dataset,R3_TWIN_SUPERSEDED,143,25000.0,25000.0,0.067,0.0252,R3,,,null,,,,,,"EXCLUDE (R3_TWIN_SUPERSEDED) Z054N078M0 mxw 23220/23220003/, dataset scope, 1 cell(s) 2.5e+04-2.5e+04 eV; rules R3; twin of 22253/22253018/ (x:SPSDD)"
CR2-23220-23220007-0657737e,23220/23220007/,Z054N078M0,mxw,H.Beer,1983,exclude,,dataset,R3_TWIN_SUPERSEDED,144,30000.0,30000.0,0.061,0.0276,R3,,,null,,,,,,"EXCLUDE (R3_TWIN_SUPERSEDED) Z054N078M0 mxw 23220/23220007/, dataset scope, 1 cell(s) 3e+04-3e+04 eV; rules R3; twin of 23220/23220009/ (x:SPSDD)"
CR2-23260-23260070-c520fcfb,23260/23260070/,Z038N046M0,sig,F.Farina Arbocco,2014,exclude,,dataset,R3_TWIN_SUPERSEDED,84,0.0253,0.0253,0.659,0.002,R3,,,null,,,,,,"EXCLUDE (R3_TWIN_SUPERSEDED) Z038N046M0 sig 23260/23260070/, dataset scope, 1 cell(s) 0.0253-0.0253 eV; rules R3; twin of 23260/23260071/ (d:exact)"
CR2-23260-23260073-d4f2df66,23260/23260073/,Z038N046M0,sig,F.Farina Arbocco,2014,exclude,,dataset,R3_TWIN_SUPERSEDED,84,0.0253,0.0253,0.7,0.0414,R3,,,null,,,,,,"EXCLUDE (R3_TWIN_SUPERSEDED) Z038N046M0 sig 23260/23260073/, dataset scope, 1 cell(s) 0.0253-0.0253 eV; rules R3; twin of 23260/23260072/ (d:exact)"
CR2-23260-23260074-d05db704,23260/23260074/,Z038N048M0,sig,F.Farina Arbocco,2014,exclude,,dataset,R3_TWIN_SUPERSEDED,84,0.0253,0.0253,0.791,0.0049,R3,,,null,,,,,,"EXCLUDE (R3_TWIN_SUPERSEDED) Z038N048M0 sig 23260/23260074/, dataset scope, 1 cell(s) 0.0253-0.0253 eV; rules R3; twin of 23260/23260075/ (d:exact)"
CR2-23260-23260088-df093328,23260/23260088/,Z046N064M0,sig,F.Farina Arbocco,2014,exclude,,dataset,R3_TWIN_SUPERSEDED,84,0.0253,0.0253,0.013,0.0066,R3,,,null,,,,,,"EXCLUDE (R3_TWIN_SUPERSEDED) Z046N064M0 sig 23260/23260088/, dataset scope, 1 cell(s) 0.0253-0.0253 eV; rules R3; twin of 23260/23260089/ (d:exact)"
CR2-23260-23260103-2b624e27,23260/23260103/,Z050N066M0,sig,F.Farina Arbocco,2014,exclude,,dataset,R3_TWIN_SUPERSEDED,84,0.0253,0.0253,0.00616,0.0014,R3,,,null,,,,,,"EXCLUDE (R3_TWIN_SUPERSEDED) Z050N066M0 sig 23260/23260103/, dataset scope, 1 cell(s) 0.0253-0.0253 eV; rules R3; twin of 23260/23260104/ (d:exact)"
CR2-23260-23260111-91c3ac55,23260/23260111/,Z056N078M0,sig,F.Farina Arbocco,2014,exclude,,dataset,R3_TWIN_SUPERSEDED,84,0.0253,0.0253,0.054,0.008,R3,,,null,,,,,,"EXCLUDE (R3_TWIN_SUPERSEDED) Z056N078M0 sig 23260/23260111/, dataset scope, 1 cell(s) 0.0253-0.0253 eV; rules R3; twin of 23260/23260112/ (d:exact)"
CR2-23260-23260117-852aff05,23260/23260117/,Z064N088M0,sig,F.Farina Arbocco,2014,exclude,,dataset,R3_TWIN_SUPERSEDED,84,0.0253,0.0253,772.0,0.0011,R3,,,null,,,,,,"EXCLUDE (R3_TWIN_SUPERSEDED) Z064N088M0 sig 23260/23260117/, dataset scope, 1 cell(s) 0.0253-0.0253 eV; rules R3; twin of 23260/23260118/ (d:exact)"
CR2-23260-23260119-14d55340,23260/23260119/,Z064N094M0,sig,F.Farina Arbocco,2014,exclude,,dataset,R3_TWIN_SUPERSEDED,84,0.0253,0.0253,2.22,0.0039,R3,,,null,,,,,,"EXCLUDE (R3_TWIN_SUPERSEDED) Z064N094M0 sig 23260/23260119/, dataset scope, 1 cell(s) 0.0253-0.0253 eV; rules R3; twin of 23260/23260120/ (d:exact)"
CR2-23260-23260123-9edf6805,23260/23260123/,Z069N100M0,sig,F.Farina Arbocco,2014,exclude,,dataset,R3_TWIN_SUPERSEDED,84,0.0253,0.0253,107.0,0.0313,R3,,,null,,,,,,"EXCLUDE (R3_TWIN_SUPERSEDED) Z069N100M0 sig 23260/23260123/, dataset scope, 1 cell(s) 0.0253-0.0253 eV; rules R3; twin of 23260/23260124/ (d:exact)"
CR2-23260-23260125-ac93bdc2,23260/23260125/,Z070N098M0,sig,F.Farina Arbocco,2014,exclude,,dataset,R3_TWIN_SUPERSEDED,84,0.0253,0.0253,3144.0,0.0047,R3,,,null,,,,,,"EXCLUDE (R3_TWIN_SUPERSEDED) Z070N098M0 sig 23260/23260125/, dataset scope, 1 cell(s) 0.0253-0.0253 eV; rules R3; twin of 23260/23260126/ (d:exact)"
CR2-23260-23260128-15d0f8a3,23260/23260128/,Z070N104M0,sig,F.Farina Arbocco,2014,exclude,,dataset,R3_TWIN_SUPERSEDED,84,0.0253,0.0253,63.0,0.0015,R3,,,null,,,,,,"EXCLUDE (R3_TWIN_SUPERSEDED) Z070N104M0 sig 23260/23260128/, dataset scope, 1 cell(s) 0.0253-0.0253 eV; rules R3; twin of 23260/23260127/ (d:exact)"
CR2-23260-23260131-6285e5cb,23260/23260131/,Z072N102M0,sig,F.Farina Arbocco,2014,exclude,,dataset,R3_TWIN_SUPERSEDED,84,0.0253,0.0253,549.0,0.0047,R3,,,null,,,,,,"EXCLUDE (R3_TWIN_SUPERSEDED) Z072N102M0 sig 23260/23260131/, dataset scope, 1 cell(s) 0.0253-0.0253 eV; rules R3; twin of 23260/23260132/ (d:exact)"
CR2-23260-23260143-8eeb0204,23260/23260143/,Z090N142M0,sig,F.Farina Arbocco,2014,exclude,,dataset,R3_TWIN_SUPERSEDED,84,0.0253,0.0253,7.408,0.0012,R3,,,null,,,,,,"EXCLUDE (R3_TWIN_SUPERSEDED) Z090N142M0 sig 23260/23260143/, dataset scope, 1 cell(s) 0.0253-0.0253 eV; rules R3; twin of 23260/23260144/ (d:exact)"
CR2-23267-23267002-3ad108b3,23267/23267002/,Z070N104M0,spa,J.Marganiec,2014,exclude,,dataset,R3_TWIN_SUPERSEDED,143,25000.0,25000.0,0.164833,0.0051,R3,,,null,,,,,,"EXCLUDE (R3_TWIN_SUPERSEDED) Z070N104M0 spa 23267/23267002/, dataset scope, 1 cell(s) 2.5e+04-2.5e+04 eV; rules R3; twin of 23267/23267029/2 (x:SPSDD)"
CR2-23267-23267003-bb88b788,23267/23267003/,Z070N106M0,spa,J.Marganiec,2014,exclude,,dataset,R3_TWIN_SUPERSEDED,143,25000.0,25000.0,0.11975,0.0157,R3,,,null,,,,,,"EXCLUDE (R3_TWIN_SUPERSEDED) Z070N106M0 spa 23267/23267003/, dataset scope, 1 cell(s) 2.5e+04-2.5e+04 eV; rules R3; twin of 23267/23267031/2 (x:SPSDD)"
CR2-23267-23267004-38e235f6,23267/23267004/,Z076N114M0,spa,J.Marganiec,2014,exclude,,dataset,R3_TWIN_SUPERSEDED,143,25000.0,25000.0,0.269333,0.0102,R3,,,null,,,,,,"EXCLUDE (R3_TWIN_SUPERSEDED) Z076N114M0 spa 23267/23267004/, dataset scope, 1 cell(s) 2.5e+04-2.5e+04 eV; rules R3; twin of 23267/23267033/2 (x:SPSDD)"
CR2-23267-23267005-341db57f,23267/23267005/,Z076N116M0,spa,J.Marganiec,2014,exclude,,dataset,R3_TWIN_SUPERSEDED,143,25000.0,25000.0,0.154167,0.0105,R3,,,null,,,,,,"EXCLUDE (R3_TWIN_SUPERSEDED) Z076N116M0 spa 23267/23267005/, dataset scope, 1 cell(s) 2.5e+04-2.5e+04 eV; rules R3; twin of 23267/23267035/2 (x:SPSDD)"
CR2-23267-23267006-f151b406,23267/23267006/,Z078N118M0,spa,J.Marganiec,2014,exclude,,dataset,R3_TWIN_SUPERSEDED,143,25000.0,25000.0,0.169733,0.027,R3,,,null,,,,,,"EXCLUDE (R3_TWIN_SUPERSEDED) Z078N118M0 spa 23267/23267006/, dataset scope, 1 cell(s) 2.5e+04-2.5e+04 eV; rules R3; twin of 23267/23267037/2 (x:SPSDD)"
CR2-23267-23267007-48eaacf3,23267/23267007/,Z078N118M0,sig/spa/fct,J.Marganiec,2014,renorm,1.0626,dataset,R4_RENORMALISED_TO_STANDARD,143,25000.0,25000.0,0.011287,0.0103,R4,,,null,,,,,RF050,"RENORM x1.0626 23267/23267007/: Au-197(n,g) SACS, kT=25 keV quasi-stellar spectrum 586.0 mb (documented) -> 622.7 mb"
CR2-23267-23267008-e0d26ee7,23267/23267008/,Z078N118M0,spa,J.Marganiec,2014,exclude,,dataset,R3_TWIN_SUPERSEDED,143,25000.0,25000.0,0.0117,0.0158,R3,,,null,,,,,,"EXCLUDE (R3_TWIN_SUPERSEDED) Z078N118M0 spa 23267/23267008/, dataset scope, 1 cell(s) 2.5e+04-2.5e+04 eV; rules R3; twin of 23267/23267039/2 (x:SPSDD)"
CR2-23267-23267009-90d6e5ca,23267/23267009/,Z078N120M0,spa,J.Marganiec,2014,exclude,,dataset,R3_TWIN_SUPERSEDED,143,25000.0,25000.0,0.094733,0.0111,R3,,,null,,,,,,"EXCLUDE (R3_TWIN_SUPERSEDED) Z078N120M0 spa 23267/23267009/, dataset scope, 1 cell(s) 2.5e+04-2.5e+04 eV; rules R3; twin of 23267/23267040/2 (x:SPSDD)"
CR2-23267-23267010-9e072b56,23267/23267010/,Z080N122M0,spa,J.Marganiec,2014,exclude,,dataset,R3_TWIN_SUPERSEDED,143,25000.0,25000.0,0.062132,0.0072,R3,,,null,,,,,,"EXCLUDE (R3_TWIN_SUPERSEDED) Z080N122M0 spa 23267/23267010/, dataset scope, 1 cell(s) 2.5e+04-2.5e+04 eV; rules R3; twin of 23267/23267042/2 (x:SPSDD)"
CR2-23267-23267011-6065850b,23267/23267011/,Z080N124M0,spa,J.Marganiec,2014,exclude,,dataset,R3_TWIN_SUPERSEDED,143,25000.0,25000.0,0.032733,0.1054,R3,,,null,,,,,,"EXCLUDE (R3_TWIN_SUPERSEDED) Z080N124M0 spa 23267/23267011/, dataset scope, 1 cell(s) 2.5e+04-2.5e+04 eV; rules R3; twin of 23267/23267044/2 (x:SPSDD)"
CR2-23267-23267012-d2119a37,23267/23267012/,Z070N104M0,mxw,J.Marganiec,2014,exclude,,dataset,R3_TWIN_SUPERSEDED,136,5000.0,5000.0,0.403,0.0381,R3,,,null,,,,,,"EXCLUDE (R3_TWIN_SUPERSEDED) Z070N104M0 mxw 23267/23267012/, dataset scope, 9 cell(s) 5000-1e+05 eV; rules R3; twin of 23267/23267046/ (x:SPSDD)"
CR2-23267-23267012-d2119a37,23267/23267012/,Z070N104M0,mxw,J.Marganiec,2014,exclude,,dataset,R3_TWIN_SUPERSEDED,140,10000.0,10000.0,0.28,0.0241,R3,,,null,,,,,,"EXCLUDE (R3_TWIN_SUPERSEDED) Z070N104M0 mxw 23267/23267012/, dataset scope, 9 cell(s) 5000-1e+05 eV; rules R3; twin of 23267/23267046/ (x:SPSDD)"
CR2-23267-23267012-d2119a37,23267/23267012/,Z070N104M0,mxw,J.Marganiec,2014,exclude,,dataset,R3_TWIN_SUPERSEDED,141,15000.0,15000.0,0.23,0.0185,R3,,,null,,,,,,"EXCLUDE (R3_TWIN_SUPERSEDED) Z070N104M0 mxw 23267/23267012/, dataset scope, 9 cell(s) 5000-1e+05 eV; rules R3; twin of 23267/23267046/ (x:SPSDD)"
CR2-23267-23267012-d2119a37,23267/23267012/,Z070N104M0,mxw,J.Marganiec,2014,exclude,,dataset,R3_TWIN_SUPERSEDED,143,20000.0,25000.0,0.18665,0.0118,R3,,,null,,,,,,"EXCLUDE (R3_TWIN_SUPERSEDED) Z070N104M0 mxw 23267/23267012/, dataset scope, 9 cell(s) 5000-1e+05 eV; rules R3; twin of 23267/23267046/ (x:SPSDD)"
CR2-23267-23267012-d2119a37,23267/23267012/,Z070N104M0,mxw,J.Marganiec,2014,exclude,,dataset,R3_TWIN_SUPERSEDED,144,30000.0,30000.0,0.1575,0.0154,R3,,,null,,,,,,"EXCLUDE (R3_TWIN_SUPERSEDED) Z070N104M0 mxw 23267/23267012/, dataset scope, 9 cell(s) 5000-1e+05 eV; rules R3; twin of 23267/23267046/ (x:SPSDD)"
CR2-23267-23267012-d2119a37,23267/23267012/,Z070N104M0,mxw,J.Marganiec,2014,exclude,,dataset,R3_TWIN_SUPERSEDED,146,40000.0,50000.0,0.12195,0.0104,R3,,,null,,,,,,"EXCLUDE (R3_TWIN_SUPERSEDED) Z070N104M0 mxw 23267/23267012/, dataset scope, 9 cell(s) 5000-1e+05 eV; rules R3; twin of 23267/23267046/ (x:SPSDD)"
CR2-23267-23267012-d2119a37,23267/23267012/,Z070N104M0,mxw,J.Marganiec,2014,exclude,,dataset,R3_TWIN_SUPERSEDED,147,60000.0,60000.0,0.0991,0.0155,R3,,,null,,,,,,"EXCLUDE (R3_TWIN_SUPERSEDED) Z070N104M0 mxw 23267/23267012/, dataset scope, 9 cell(s) 5000-1e+05 eV; rules R3; twin of 23267/23267046/ (x:SPSDD)"
CR2-23267-23267012-d2119a37,23267/23267012/,Z070N104M0,mxw,J.Marganiec,2014,exclude,,dataset,R3_TWIN_SUPERSEDED,149,80000.0,80000.0,0.0805,0.0169,R3,,,null,,,,,,"EXCLUDE (R3_TWIN_SUPERSEDED) Z070N104M0 mxw 23267/23267012/, dataset scope, 9 cell(s) 5000-1e+05 eV; rules R3; twin of 23267/23267046/ (x:SPSDD)"
CR2-23267-23267012-d2119a37,23267/23267012/,Z070N104M0,mxw,J.Marganiec,2014,exclude,,dataset,R3_TWIN_SUPERSEDED,150,100000.0,100000.0,0.0688,0.0185,R3,,,null,,,,,,"EXCLUDE (R3_TWIN_SUPERSEDED) Z070N104M0 mxw 23267/23267012/, dataset scope, 9 cell(s) 5000-1e+05 eV; rules R3; twin of 23267/23267046/ (x:SPSDD)"
CR2-23267-23267013-6862a018,23267/23267013/,Z070N106M0,mxw,J.Marganiec,2014,exclude,,dataset,R3_TWIN_SUPERSEDED,136,5000.0,5000.0,0.301,0.0825,R3,,,null,,,,,,"EXCLUDE (R3_TWIN_SUPERSEDED) Z070N106M0 mxw 23267/23267013/, dataset scope, 9 cell(s) 5000-1e+05 eV; rules R3; twin of 23267/23267047/ (x:SPSDD)"
CR2-23267-23267013-6862a018,23267/23267013/,Z070N106M0,mxw,J.Marganiec,2014,exclude,,dataset,R3_TWIN_SUPERSEDED,140,10000.0,10000.0,0.204,0.0559,R3,,,null,,,,,,"EXCLUDE (R3_TWIN_SUPERSEDED) Z070N106M0 mxw 23267/23267013/, dataset scope, 9 cell(s) 5000-1e+05 eV; rules R3; twin of 23267/23267047/ (x:SPSDD)"
CR2-23267-23267013-6862a018,23267/23267013/,Z070N106M0,mxw,J.Marganiec,2014,exclude,,dataset,R3_TWIN_SUPERSEDED,141,15000.0,15000.0,0.166,0.04,R3,,,null,,,,,,"EXCLUDE (R3_TWIN_SUPERSEDED) Z070N106M0 mxw 23267/23267013/, dataset scope, 9 cell(s) 5000-1e+05 eV; rules R3; twin of 23267/23267047/ (x:SPSDD)"
CR2-23267-23267013-6862a018,23267/23267013/,Z070N106M0,mxw,J.Marganiec,2014,exclude,,dataset,R3_TWIN_SUPERSEDED,143,20000.0,25000.0,0.135,0.0244,R3,,,null,,,,,,"EXCLUDE (R3_TWIN_SUPERSEDED) Z070N106M0 mxw 23267/23267013/, dataset scope, 9 cell(s) 5000-1e+05 eV; rules R3; twin of 23267/23267047/ (x:SPSDD)"
CR2-23267-23267013-6862a018,23267/23267013/,Z070N106M0,mxw,J.Marganiec,2014,exclude,,dataset,R3_TWIN_SUPERSEDED,144,30000.0,30000.0,0.114,0.033,R3,,,null,,,,,,"EXCLUDE (R3_TWIN_SUPERSEDED) Z070N106M0 mxw 23267/23267013/, dataset scope, 9 cell(s) 5000-1e+05 eV; rules R3; twin of 23267/23267047/ (x:SPSDD)"
CR2-23267-23267013-6862a018,23267/23267013/,Z070N106M0,mxw,J.Marganiec,2014,exclude,,dataset,R3_TWIN_SUPERSEDED,146,40000.0,50000.0,0.088,0.0287,R3,,,null,,,,,,"EXCLUDE (R3_TWIN_SUPERSEDED) Z070N106M0 mxw 23267/23267013/, dataset scope, 9 cell(s) 5000-1e+05 eV; rules R3; twin of 23267/23267047/ (x:SPSDD)"
CR2-23267-23267013-6862a018,23267/23267013/,Z070N106M0,mxw,J.Marganiec,2014,exclude,,dataset,R3_TWIN_SUPERSEDED,147,60000.0,60000.0,0.069,0.0476,R3,,,null,,,,,,"EXCLUDE (R3_TWIN_SUPERSEDED) Z070N106M0 mxw 23267/23267013/, dataset scope, 9 cell(s) 5000-1e+05 eV; rules R3; twin of 23267/23267047/ (x:SPSDD)"
CR2-23267-23267013-6862a018,23267/23267013/,Z070N106M0,mxw,J.Marganiec,2014,exclude,,dataset,R3_TWIN_SUPERSEDED,149,80000.0,80000.0,0.057,0.0503,R3,,,null,,,,,,"EXCLUDE (R3_TWIN_SUPERSEDED) Z070N106M0 mxw 23267/23267013/, dataset scope, 9 cell(s) 5000-1e+05 eV; rules R3; twin of 23267/23267047/ (x:SPSDD)"
CR2-23267-23267013-6862a018,23267/23267013/,Z070N106M0,mxw,J.Marganiec,2014,exclude,,dataset,R3_TWIN_SUPERSEDED,150,100000.0,100000.0,0.048,0.0512,R3,,,null,,,,,,"EXCLUDE (R3_TWIN_SUPERSEDED) Z070N106M0 mxw 23267/23267013/, dataset scope, 9 cell(s) 5000-1e+05 eV; rules R3; twin of 23267/23267047/ (x:SPSDD)"
CR2-23267-23267014-13a2b2f4,23267/23267014/,Z076N114M0,mxw,J.Marganiec,2014,exclude,,dataset,R3_TWIN_SUPERSEDED,136,5000.0,5000.0,0.662,0.0414,R3,,,null,,,,,,"EXCLUDE (R3_TWIN_SUPERSEDED) Z076N114M0 mxw 23267/23267014/, dataset scope, 9 cell(s) 5000-1e+05 eV; rules R3; twin of 23267/23267048/ (x:SPSDD)"
CR2-23267-23267014-13a2b2f4,23267/23267014/,Z076N114M0,mxw,J.Marganiec,2014,exclude,,dataset,R3_TWIN_SUPERSEDED,140,10000.0,10000.0,0.442,0.0414,R3,,,null,,,,,,"EXCLUDE (R3_TWIN_SUPERSEDED) Z076N114M0 mxw 23267/23267014/, dataset scope, 9 cell(s) 5000-1e+05 eV; rules R3; twin of 23267/23267048/ (x:SPSDD)"
CR2-23267-23267014-13a2b2f4,23267/23267014/,Z076N114M0,mxw,J.Marganiec,2014,exclude,,dataset,R3_TWIN_SUPERSEDED,141,15000.0,15000.0,0.362,0.0414,R3,,,null,,,,,,"EXCLUDE (R3_TWIN_SUPERSEDED) Z076N114M0 mxw 23267/23267014/, dataset scope, 9 cell(s) 5000-1e+05 eV; rules R3; twin of 23267/23267048/ (x:SPSDD)"
CR2-23267-23267014-13a2b2f4,23267/23267014/,Z076N114M0,mxw,J.Marganiec,2014,exclude,,dataset,R3_TWIN_SUPERSEDED,143,20000.0,25000.0,0.3085,0.0414,R3,,,null,,,,,,"EXCLUDE (R3_TWIN_SUPERSEDED) Z076N114M0 mxw 23267/23267014/, dataset scope, 9 cell(s) 5000-1e+05 eV; rules R3; twin of 23267/23267048/ (x:SPSDD)"
CR2-23267-23267014-13a2b2f4,23267/23267014/,Z076N114M0,mxw,J.Marganiec,2014,exclude,,dataset,R3_TWIN_SUPERSEDED,144,30000.0,30000.0,0.278,0.0169,R3,,,null,,,,,,"EXCLUDE (R3_TWIN_SUPERSEDED) Z076N114M0 mxw 23267/23267014/, dataset scope, 9 cell(s) 5000-1e+05 eV; rules R3; twin of 23267/23267048/ (x:SPSDD)"
CR2-23267-23267014-13a2b2f4,23267/23267014/,Z076N114M0,mxw,J.Marganiec,2014,exclude,,dataset,R3_TWIN_SUPERSEDED,146,40000.0,50000.0,0.2445,0.0414,R3,,,null,,,,,,"EXCLUDE (R3_TWIN_SUPERSEDED) Z076N114M0 mxw 23267/23267014/, dataset scope, 9 cell(s) 5000-1e+05 eV; rules R3; twin of 23267/23267048/ (x:SPSDD)"
CR2-23267-23267014-13a2b2f4,23267/23267014/,Z076N114M0,mxw,J.Marganiec,2014,exclude,,dataset,R3_TWIN_SUPERSEDED,147,60000.0,60000.0,0.22,0.0414,R3,,,null,,,,,,"EXCLUDE (R3_TWIN_SUPERSEDED) Z076N114M0 mxw 23267/23267014/, dataset scope, 9 cell(s) 5000-1e+05 eV; rules R3; twin of 23267/23267048/ (x:SPSDD)"
CR2-23267-23267014-13a2b2f4,23267/23267014/,Z076N114M0,mxw,J.Marganiec,2014,exclude,,dataset,R3_TWIN_SUPERSEDED,149,80000.0,80000.0,0.195,0.0414,R3,,,null,,,,,,"EXCLUDE (R3_TWIN_SUPERSEDED) Z076N114M0 mxw 23267/23267014/, dataset scope, 9 cell(s) 5000-1e+05 eV; rules R3; twin of 23267/23267048/ (x:SPSDD)"
CR2-23267-23267014-13a2b2f4,23267/23267014/,Z076N114M0,mxw,J.Marganiec,2014,exclude,,dataset,R3_TWIN_SUPERSEDED,150,100000.0,100000.0,0.175,0.0414,R3,,,null,,,,,,"EXCLUDE (R3_TWIN_SUPERSEDED) Z076N114M0 mxw 23267/23267014/, dataset scope, 9 cell(s) 5000-1e+05 eV; rules R3; twin of 23267/23267048/ (x:SPSDD)"
CR2-23267-23267015-36d0e5db,23267/23267015/,Z076N116M0,mxw,J.Marganiec,2014,exclude,,dataset,R3_TWIN_SUPERSEDED,136,5000.0,5000.0,0.367,0.0414,R3,,,null,,,,,,"EXCLUDE (R3_TWIN_SUPERSEDED) Z076N116M0 mxw 23267/23267015/, dataset scope, 9 cell(s) 5000-1e+05 eV; rules R3; twin of 23267/23267049/ (x:SPSDD)"
CR2-23267-23267015-36d0e5db,23267/23267015/,Z076N116M0,mxw,J.Marganiec,2014,exclude,,dataset,R3_TWIN_SUPERSEDED,140,10000.0,10000.0,0.248,0.0414,R3,,,null,,,,,,"EXCLUDE (R3_TWIN_SUPERSEDED) Z076N116M0 mxw 23267/23267015/, dataset scope, 9 cell(s) 5000-1e+05 eV; rules R3; twin of 23267/23267049/ (x:SPSDD)"
CR2-23267-23267015-36d0e5db,23267/23267015/,Z076N116M0,mxw,J.Marganiec,2014,exclude,,dataset,R3_TWIN_SUPERSEDED,141,15000.0,15000.0,0.205,0.0414,R3,,,null,,,,,,"EXCLUDE (R3_TWIN_SUPERSEDED) Z076N116M0 mxw 23267/23267015/, dataset scope, 9 cell(s) 5000-1e+05 eV; rules R3; twin of 23267/23267049/ (x:SPSDD)"
CR2-23267-23267015-36d0e5db,23267/23267015/,Z076N116M0,mxw,J.Marganiec,2014,exclude,,dataset,R3_TWIN_SUPERSEDED,143,20000.0,25000.0,0.176,0.0414,R3,,,null,,,,,,"EXCLUDE (R3_TWIN_SUPERSEDED) Z076N116M0 mxw 23267/23267015/, dataset scope, 9 cell(s) 5000-1e+05 eV; rules R3; twin of 23267/23267049/ (x:SPSDD)"
CR2-23267-23267015-36d0e5db,23267/23267015/,Z076N116M0,mxw,J.Marganiec,2014,exclude,,dataset,R3_TWIN_SUPERSEDED,144,30000.0,30000.0,0.16,0.0186,R3,,,null,,,,,,"EXCLUDE (R3_TWIN_SUPERSEDED) Z076N116M0 mxw 23267/23267015/, dataset scope, 9 cell(s) 5000-1e+05 eV; rules R3; twin of 23267/23267049/ (x:SPSDD)"
CR2-23267-23267015-36d0e5db,23267/23267015/,Z076N116M0,mxw,J.Marganiec,2014,exclude,,dataset,R3_TWIN_SUPERSEDED,146,40000.0,50000.0,0.141,0.0414,R3,,,null,,,,,,"EXCLUDE (R3_TWIN_SUPERSEDED) Z076N116M0 mxw 23267/23267015/, dataset scope, 9 cell(s) 5000-1e+05 eV; rules R3; twin of 23267/23267049/ (x:SPSDD)"
CR2-23267-23267015-36d0e5db,23267/23267015/,Z076N116M0,mxw,J.Marganiec,2014,exclude,,dataset,R3_TWIN_SUPERSEDED,147,60000.0,60000.0,0.127,0.0414,R3,,,null,,,,,,"EXCLUDE (R3_TWIN_SUPERSEDED) Z076N116M0 mxw 23267/23267015/, dataset scope, 9 cell(s) 5000-1e+05 eV; rules R3; twin of 23267/23267049/ (x:SPSDD)"
CR2-23267-23267015-36d0e5db,23267/23267015/,Z076N116M0,mxw,J.Marganiec,2014,exclude,,dataset,R3_TWIN_SUPERSEDED,149,80000.0,80000.0,0.113,0.0414,R3,,,null,,,,,,"EXCLUDE (R3_TWIN_SUPERSEDED) Z076N116M0 mxw 23267/23267015/, dataset scope, 9 cell(s) 5000-1e+05 eV; rules R3; twin of 23267/23267049/ (x:SPSDD)"
CR2-23267-23267015-36d0e5db,23267/23267015/,Z076N116M0,mxw,J.Marganiec,2014,exclude,,dataset,R3_TWIN_SUPERSEDED,150,100000.0,100000.0,0.101,0.0414,R3,,,null,,,,,,"EXCLUDE (R3_TWIN_SUPERSEDED) Z076N116M0 mxw 23267/23267015/, dataset scope, 9 cell(s) 5000-1e+05 eV; rules R3; twin of 23267/23267049/ (x:SPSDD)"
CR2-23267-23267016-3972da7f,23267/23267016/,Z078N118M0,mxw,J.Marganiec,2014,exclude,,dataset,R3_TWIN_SUPERSEDED,136,5000.0,5000.0,0.452,0.0414,R3,,,null,,,,,,"EXCLUDE (R3_TWIN_SUPERSEDED) Z078N118M0 mxw 23267/23267016/, dataset scope, 9 cell(s) 5000-1e+05 eV; rules R3; twin of 23267/23267050/ (x:SPSDD)"
CR2-23267-23267016-3972da7f,23267/23267016/,Z078N118M0,mxw,J.Marganiec,2014,exclude,,dataset,R3_TWIN_SUPERSEDED,140,10000.0,10000.0,0.295,0.0414,R3,,,null,,,,,,"EXCLUDE (R3_TWIN_SUPERSEDED) Z078N118M0 mxw 23267/23267016/, dataset scope, 9 cell(s) 5000-1e+05 eV; rules R3; twin of 23267/23267050/ (x:SPSDD)"
CR2-23267-23267016-3972da7f,23267/23267016/,Z078N118M0,mxw,J.Marganiec,2014,exclude,,dataset,R3_TWIN_SUPERSEDED,141,15000.0,15000.0,0.236,0.0414,R3,,,null,,,,,,"EXCLUDE (R3_TWIN_SUPERSEDED) Z078N118M0 mxw 23267/23267016/, dataset scope, 9 cell(s) 5000-1e+05 eV; rules R3; twin of 23267/23267050/ (x:SPSDD)"
CR2-23267-23267016-3972da7f,23267/23267016/,Z078N118M0,mxw,J.Marganiec,2014,exclude,,dataset,R3_TWIN_SUPERSEDED,143,20000.0,25000.0,0.1945,0.0414,R3,,,null,,,,,,"EXCLUDE (R3_TWIN_SUPERSEDED) Z078N118M0 mxw 23267/23267016/, dataset scope, 9 cell(s) 5000-1e+05 eV; rules R3; twin of 23267/23267050/ (x:SPSDD)"
CR2-23267-23267016-3972da7f,23267/23267016/,Z078N118M0,mxw,J.Marganiec,2014,exclude,,dataset,R3_TWIN_SUPERSEDED,144,30000.0,30000.0,0.171,0.0458,R3,,,null,,,,,,"EXCLUDE (R3_TWIN_SUPERSEDED) Z078N118M0 mxw 23267/23267016/, dataset scope, 9 cell(s) 5000-1e+05 eV; rules R3; twin of 23267/23267050/ (x:SPSDD)"
CR2-23267-23267016-3972da7f,23267/23267016/,Z078N118M0,mxw,J.Marganiec,2014,exclude,,dataset,R3_TWIN_SUPERSEDED,146,40000.0,50000.0,0.1475,0.0414,R3,,,null,,,,,,"EXCLUDE (R3_TWIN_SUPERSEDED) Z078N118M0 mxw 23267/23267016/, dataset scope, 9 cell(s) 5000-1e+05 eV; rules R3; twin of 23267/23267050/ (x:SPSDD)"
CR2-23267-23267016-3972da7f,23267/23267016/,Z078N118M0,mxw,J.Marganiec,2014,exclude,,dataset,R3_TWIN_SUPERSEDED,147,60000.0,60000.0,0.134,0.0414,R3,,,null,,,,,,"EXCLUDE (R3_TWIN_SUPERSEDED) Z078N118M0 mxw 23267/23267016/, dataset scope, 9 cell(s) 5000-1e+05 eV; rules R3; twin of 23267/23267050/ (x:SPSDD)"
CR2-23267-23267016-3972da7f,23267/23267016/,Z078N118M0,mxw,J.Marganiec,2014,exclude,,dataset,R3_TWIN_SUPERSEDED,149,80000.0,80000.0,0.123,0.0414,R3,,,null,,,,,,"EXCLUDE (R3_TWIN_SUPERSEDED) Z078N118M0 mxw 23267/23267016/, dataset scope, 9 cell(s) 5000-1e+05 eV; rules R3; twin of 23267/23267050/ (x:SPSDD)"
CR2-23267-23267016-3972da7f,23267/23267016/,Z078N118M0,mxw,J.Marganiec,2014,exclude,,dataset,R3_TWIN_SUPERSEDED,150,100000.0,100000.0,0.114,0.0414,R3,,,null,,,,,,"EXCLUDE (R3_TWIN_SUPERSEDED) Z078N118M0 mxw 23267/23267016/, dataset scope, 9 cell(s) 5000-1e+05 eV; rules R3; twin of 23267/23267050/ (x:SPSDD)"
CR2-23267-23267017-369efe0b,23267/23267017/,Z078N120M0,mxw,J.Marganiec,2014,exclude,,dataset,R3_TWIN_SUPERSEDED,136,5000.0,5000.0,0.287,0.0414,R3,,,null,,,,,,"EXCLUDE (R3_TWIN_SUPERSEDED) Z078N120M0 mxw 23267/23267017/, dataset scope, 9 cell(s) 5000-1e+05 eV; rules R3; twin of 23267/23267051/ (x:SPSDD)"
CR2-23267-23267017-369efe0b,23267/23267017/,Z078N120M0,mxw,J.Marganiec,2014,exclude,,dataset,R3_TWIN_SUPERSEDED,140,10000.0,10000.0,0.177,0.0414,R3,,,null,,,,,,"EXCLUDE (R3_TWIN_SUPERSEDED) Z078N120M0 mxw 23267/23267017/, dataset scope, 9 cell(s) 5000-1e+05 eV; rules R3; twin of 23267/23267051/ (x:SPSDD)"
CR2-23267-23267017-369efe0b,23267/23267017/,Z078N120M0,mxw,J.Marganiec,2014,exclude,,dataset,R3_TWIN_SUPERSEDED,141,15000.0,15000.0,0.137,0.0414,R3,,,null,,,,,,"EXCLUDE (R3_TWIN_SUPERSEDED) Z078N120M0 mxw 23267/23267017/, dataset scope, 9 cell(s) 5000-1e+05 eV; rules R3; twin of 23267/23267051/ (x:SPSDD)"
CR2-23267-23267017-369efe0b,23267/23267017/,Z078N120M0,mxw,J.Marganiec,2014,exclude,,dataset,R3_TWIN_SUPERSEDED,143,20000.0,25000.0,0.1095,0.0414,R3,,,null,,,,,,"EXCLUDE (R3_TWIN_SUPERSEDED) Z078N120M0 mxw 23267/23267017/, dataset scope, 9 cell(s) 5000-1e+05 eV; rules R3; twin of 23267/23267051/ (x:SPSDD)"
CR2-23267-23267017-369efe0b,23267/23267017/,Z078N120M0,mxw,J.Marganiec,2014,exclude,,dataset,R3_TWIN_SUPERSEDED,144,30000.0,30000.0,0.094,0.0181,R3,,,null,,,,,,"EXCLUDE (R3_TWIN_SUPERSEDED) Z078N120M0 mxw 23267/23267017/, dataset scope, 9 cell(s) 5000-1e+05 eV; rules R3; twin of 23267/23267051/ (x:SPSDD)"
CR2-23267-23267017-369efe0b,23267/23267017/,Z078N120M0,mxw,J.Marganiec,2014,exclude,,dataset,R3_TWIN_SUPERSEDED,146,40000.0,50000.0,0.0795,0.0414,R3,,,null,,,,,,"EXCLUDE (R3_TWIN_SUPERSEDED) Z078N120M0 mxw 23267/23267017/, dataset scope, 9 cell(s) 5000-1e+05 eV; rules R3; twin of 23267/23267051/ (x:SPSDD)"
CR2-23267-23267017-369efe0b,23267/23267017/,Z078N120M0,mxw,J.Marganiec,2014,exclude,,dataset,R3_TWIN_SUPERSEDED,147,60000.0,60000.0,0.071,0.0414,R3,,,null,,,,,,"EXCLUDE (R3_TWIN_SUPERSEDED) Z078N120M0 mxw 23267/23267017/, dataset scope, 9 cell(s) 5000-1e+05 eV; rules R3; twin of 23267/23267051/ (x:SPSDD)"
CR2-23267-23267017-369efe0b,23267/23267017/,Z078N120M0,mxw,J.Marganiec,2014,exclude,,dataset,R3_TWIN_SUPERSEDED,149,80000.0,80000.0,0.064,0.0414,R3,,,null,,,,,,"EXCLUDE (R3_TWIN_SUPERSEDED) Z078N120M0 mxw 23267/23267017/, dataset scope, 9 cell(s) 5000-1e+05 eV; rules R3; twin of 23267/23267051/ (x:SPSDD)"
CR2-23267-23267017-369efe0b,23267/23267017/,Z078N120M0,mxw,J.Marganiec,2014,exclude,,dataset,R3_TWIN_SUPERSEDED,150,100000.0,100000.0,0.06,0.0414,R3,,,null,,,,,,"EXCLUDE (R3_TWIN_SUPERSEDED) Z078N120M0 mxw 23267/23267017/, dataset scope, 9 cell(s) 5000-1e+05 eV; rules R3; twin of 23267/23267051/ (x:SPSDD)"
CR2-23267-23267018-bc875524,23267/23267018/,Z080N122M0,mxw,J.Marganiec,2014,exclude,,dataset,R3_TWIN_SUPERSEDED,136,5000.0,5000.0,0.185,0.055,R3,,,null,,,,,,"EXCLUDE (R3_TWIN_SUPERSEDED) Z080N122M0 mxw 23267/23267018/, dataset scope, 9 cell(s) 5000-1e+05 eV; rules R3; twin of 23267/23267052/ (x:SPSDD)"
CR2-23267-23267018-bc875524,23267/23267018/,Z080N122M0,mxw,J.Marganiec,2014,exclude,,dataset,R3_TWIN_SUPERSEDED,140,10000.0,10000.0,0.115,0.0362,R3,,,null,,,,,,"EXCLUDE (R3_TWIN_SUPERSEDED) Z080N122M0 mxw 23267/23267018/, dataset scope, 9 cell(s) 5000-1e+05 eV; rules R3; twin of 23267/23267052/ (x:SPSDD)"
CR2-23267-23267018-bc875524,23267/23267018/,Z080N122M0,mxw,J.Marganiec,2014,exclude,,dataset,R3_TWIN_SUPERSEDED,141,15000.0,15000.0,0.09,0.0298,R3,,,null,,,,,,"EXCLUDE (R3_TWIN_SUPERSEDED) Z080N122M0 mxw 23267/23267018/, dataset scope, 9 cell(s) 5000-1e+05 eV; rules R3; twin of 23267/23267052/ (x:SPSDD)"
CR2-23267-23267018-bc875524,23267/23267018/,Z080N122M0,mxw,J.Marganiec,2014,exclude,,dataset,R3_TWIN_SUPERSEDED,143,20000.0,25000.0,0.07315,0.0178,R3,,,null,,,,,,"EXCLUDE (R3_TWIN_SUPERSEDED) Z080N122M0 mxw 23267/23267018/, dataset scope, 9 cell(s) 5000-1e+05 eV; rules R3; twin of 23267/23267052/ (x:SPSDD)"
CR2-23267-23267018-bc875524,23267/23267018/,Z080N122M0,mxw,J.Marganiec,2014,exclude,,dataset,R3_TWIN_SUPERSEDED,144,30000.0,30000.0,0.0633,0.0227,R3,,,null,,,,,,"EXCLUDE (R3_TWIN_SUPERSEDED) Z080N122M0 mxw 23267/23267018/, dataset scope, 9 cell(s) 5000-1e+05 eV; rules R3; twin of 23267/23267052/ (x:SPSDD)"
CR2-23267-23267018-bc875524,23267/23267018/,Z080N122M0,mxw,J.Marganiec,2014,exclude,,dataset,R3_TWIN_SUPERSEDED,146,40000.0,50000.0,0.0537,0.0139,R3,,,null,,,,,,"EXCLUDE (R3_TWIN_SUPERSEDED) Z080N122M0 mxw 23267/23267018/, dataset scope, 9 cell(s) 5000-1e+05 eV; rules R3; twin of 23267/23267052/ (x:SPSDD)"
CR2-23267-23267018-bc875524,23267/23267018/,Z080N122M0,mxw,J.Marganiec,2014,exclude,,dataset,R3_TWIN_SUPERSEDED,147,60000.0,60000.0,0.0482,0.0185,R3,,,null,,,,,,"EXCLUDE (R3_TWIN_SUPERSEDED) Z080N122M0 mxw 23267/23267018/, dataset scope, 9 cell(s) 5000-1e+05 eV; rules R3; twin of 23267/23267052/ (x:SPSDD)"
CR2-23267-23267018-bc875524,23267/23267018/,Z080N122M0,mxw,J.Marganiec,2014,exclude,,dataset,R3_TWIN_SUPERSEDED,149,80000.0,80000.0,0.0438,0.0184,R3,,,null,,,,,,"EXCLUDE (R3_TWIN_SUPERSEDED) Z080N122M0 mxw 23267/23267018/, dataset scope, 9 cell(s) 5000-1e+05 eV; rules R3; twin of 23267/23267052/ (x:SPSDD)"
CR2-23267-23267018-bc875524,23267/23267018/,Z080N122M0,mxw,J.Marganiec,2014,exclude,,dataset,R3_TWIN_SUPERSEDED,150,100000.0,100000.0,0.0407,0.0178,R3,,,null,,,,,,"EXCLUDE (R3_TWIN_SUPERSEDED) Z080N122M0 mxw 23267/23267018/, dataset scope, 9 cell(s) 5000-1e+05 eV; rules R3; twin of 23267/23267052/ (x:SPSDD)"
CR2-23267-23267019-64cf2981,23267/23267019/,Z080N124M0,mxw,J.Marganiec,2014,exclude,,dataset,R3_TWIN_SUPERSEDED,136,5000.0,5000.0,0.075,0.0414,R3,,,null,,,,,,"EXCLUDE (R3_TWIN_SUPERSEDED) Z080N124M0 mxw 23267/23267019/, dataset scope, 9 cell(s) 5000-1e+05 eV; rules R3; twin of 23267/23267053/ (x:SPSDD)"
CR2-23267-23267019-64cf2981,23267/23267019/,Z080N124M0,mxw,J.Marganiec,2014,exclude,,dataset,R3_TWIN_SUPERSEDED,140,10000.0,10000.0,0.054,0.0414,R3,,,null,,,,,,"EXCLUDE (R3_TWIN_SUPERSEDED) Z080N124M0 mxw 23267/23267019/, dataset scope, 9 cell(s) 5000-1e+05 eV; rules R3; twin of 23267/23267053/ (x:SPSDD)"
CR2-23267-23267019-64cf2981,23267/23267019/,Z080N124M0,mxw,J.Marganiec,2014,exclude,,dataset,R3_TWIN_SUPERSEDED,141,15000.0,15000.0,0.044,0.0414,R3,,,null,,,,,,"EXCLUDE (R3_TWIN_SUPERSEDED) Z080N124M0 mxw 23267/23267019/, dataset scope, 9 cell(s) 5000-1e+05 eV; rules R3; twin of 23267/23267053/ (x:SPSDD)"
CR2-23267-23267019-64cf2981,23267/23267019/,Z080N124M0,mxw,J.Marganiec,2014,exclude,,dataset,R3_TWIN_SUPERSEDED,143,20000.0,25000.0,0.037,0.0414,R3,,,null,,,,,,"EXCLUDE (R3_TWIN_SUPERSEDED) Z080N124M0 mxw 23267/23267019/, dataset scope, 9 cell(s) 5000-1e+05 eV; rules R3; twin of 23267/23267053/ (x:SPSDD)"
CR2-23267-23267019-64cf2981,23267/23267019/,Z080N124M0,mxw,J.Marganiec,2014,exclude,,dataset,R3_TWIN_SUPERSEDED,144,30000.0,30000.0,0.032,0.1669,R3,,,null,,,,,,"EXCLUDE (R3_TWIN_SUPERSEDED) Z080N124M0 mxw 23267/23267019/, dataset scope, 9 cell(s) 5000-1e+05 eV; rules R3; twin of 23267/23267053/ (x:SPSDD)"
CR2-23267-23267019-64cf2981,23267/23267019/,Z080N124M0,mxw,J.Marganiec,2014,exclude,,dataset,R3_TWIN_SUPERSEDED,146,40000.0,50000.0,0.028,0.0414,R3,,,null,,,,,,"EXCLUDE (R3_TWIN_SUPERSEDED) Z080N124M0 mxw 23267/23267019/, dataset scope, 9 cell(s) 5000-1e+05 eV; rules R3; twin of 23267/23267053/ (x:SPSDD)"
CR2-23267-23267019-64cf2981,23267/23267019/,Z080N124M0,mxw,J.Marganiec,2014,exclude,,dataset,R3_TWIN_SUPERSEDED,147,60000.0,60000.0,0.025,0.0414,R3,,,null,,,,,,"EXCLUDE (R3_TWIN_SUPERSEDED) Z080N124M0 mxw 23267/23267019/, dataset scope, 9 cell(s) 5000-1e+05 eV; rules R3; twin of 23267/23267053/ (x:SPSDD)"
CR2-23267-23267019-64cf2981,23267/23267019/,Z080N124M0,mxw,J.Marganiec,2014,exclude,,dataset,R3_TWIN_SUPERSEDED,149,80000.0,80000.0,0.023,0.0414,R3,,,null,,,,,,"EXCLUDE (R3_TWIN_SUPERSEDED) Z080N124M0 mxw 23267/23267019/, dataset scope, 9 cell(s) 5000-1e+05 eV; rules R3; twin of 23267/23267053/ (x:SPSDD)"
CR2-23267-23267019-64cf2981,23267/23267019/,Z080N124M0,mxw,J.Marganiec,2014,exclude,,dataset,R3_TWIN_SUPERSEDED,150,100000.0,100000.0,0.021,0.0414,R3,,,null,,,,,,"EXCLUDE (R3_TWIN_SUPERSEDED) Z080N124M0 mxw 23267/23267019/, dataset scope, 9 cell(s) 5000-1e+05 eV; rules R3; twin of 23267/23267053/ (x:SPSDD)"
CR2-23267-23267020-d965c26f,23267/23267020/,Z070N104M0,av,J.Marganiec,2014,exclude,,dataset,R3_TWIN_SUPERSEDED,143,25000.0,25000.0,0.165,0.012,R3,,,null,,,,,,"EXCLUDE (R3_TWIN_SUPERSEDED) Z070N104M0 av 23267/23267020/, dataset scope, 1 cell(s) 2.5e+04-2.5e+04 eV; rules R3; twin of 23267/23267030/2 (x:SPSDD)"
CR2-23267-23267021-5e791895,23267/23267021/,Z070N106M0,av,J.Marganiec,2014,exclude,,dataset,R3_TWIN_SUPERSEDED,143,25000.0,25000.0,0.12,0.0306,R3,,,null,,,,,,"EXCLUDE (R3_TWIN_SUPERSEDED) Z070N106M0 av 23267/23267021/, dataset scope, 1 cell(s) 2.5e+04-2.5e+04 eV; rules R3; twin of 23267/23267032/2 (x:SPSDD)"
CR2-23267-23267022-d9727f12,23267/23267022/,Z076N114M0,av,J.Marganiec,2014,exclude,,dataset,R3_TWIN_SUPERSEDED,143,25000.0,25000.0,0.269,0.017,R3,,,null,,,,,,"EXCLUDE (R3_TWIN_SUPERSEDED) Z076N114M0 av 23267/23267022/, dataset scope, 1 cell(s) 2.5e+04-2.5e+04 eV; rules R3; twin of 23267/23267034/2 (x:SPSDD)"
CR2-23267-23267022-9b341c88,23267/23267022/,Z076N114M0,av,J.Marganiec,2014,renorm,1.0626,dataset,R4_RENORMALISED_TO_STANDARD,143,25000.0,25000.0,0.269,0.017,R4,,,null,,,,,RF045,"RENORM x1.0626 23267/23267022/: Au-197(n,g) SACS, kT=25 keV quasi-stellar spectrum 586.0 mb (documented) -> 622.7 mb"
CR2-23267-23267023-f37b12cd,23267/23267023/,Z076N116M0,av,J.Marganiec,2014,exclude,,dataset,R3_TWIN_SUPERSEDED,143,25000.0,25000.0,0.154,0.0179,R3,,,null,,,,,,"EXCLUDE (R3_TWIN_SUPERSEDED) Z076N116M0 av 23267/23267023/, dataset scope, 1 cell(s) 2.5e+04-2.5e+04 eV; rules R3; twin of 23267/23267036/2 (x:SPSDD)"
CR2-23267-23267023-8ca1210f,23267/23267023/,Z076N116M0,av,J.Marganiec,2014,renorm,1.0626,dataset,R4_RENORMALISED_TO_STANDARD,143,25000.0,25000.0,0.154,0.0179,R4,,,null,,,,,RF046,"RENORM x1.0626 23267/23267023/: Au-197(n,g) SACS, kT=25 keV quasi-stellar spectrum 586.0 mb (documented) -> 622.7 mb"
CR2-23267-23267024-1-c7aaf0d7,23267/23267024/1,Z078N118M0,av,J.Marganiec,2014,exclude,,dataset,R3_TWIN_SUPERSEDED,143,25000.0,25000.0,0.1698,0.0456,R3,,,null,,,,,,"EXCLUDE (R3_TWIN_SUPERSEDED) Z078N118M0 av 23267/23267024/1, dataset scope, 1 cell(s) 2.5e+04-2.5e+04 eV; rules R3; twin of 23267/23267038/3 (x:SPSDD)"
CR2-23267-23267024-2-fb463c72,23267/23267024/2,Z078N118M0,spa,J.Marganiec,2014,exclude,,dataset,R3_TWIN_SUPERSEDED,143,25000.0,25000.0,0.1694,0.0457,R3,,,null,,,,,,"EXCLUDE (R3_TWIN_SUPERSEDED) Z078N118M0 spa 23267/23267024/2, dataset scope, 1 cell(s) 2.5e+04-2.5e+04 eV; rules R3; twin of 23267/23267038/4 (x:SPSDD)"
CR2-23267-23267025-e5dc16ef,23267/23267025/,Z078N118M0,sig/spa/fct,J.Marganiec,2014,renorm,1.0626,dataset,R4_RENORMALISED_TO_STANDARD,143,25000.0,25000.0,0.0113,0.0162,R4,,,null,,,,,RF051,"RENORM x1.0626 23267/23267025/: Au-197(n,g) SACS, kT=25 keV quasi-stellar spectrum 586.0 mb (documented) -> 622.7 mb"
CR2-23267-23267026-f1f996b2,23267/23267026/,Z078N120M0,av,J.Marganiec,2014,exclude,,dataset,R3_TWIN_SUPERSEDED,143,25000.0,25000.0,0.0947,0.0187,R3,,,null,,,,,,"EXCLUDE (R3_TWIN_SUPERSEDED) Z078N120M0 av 23267/23267026/, dataset scope, 1 cell(s) 2.5e+04-2.5e+04 eV; rules R3; twin of 23267/23267041/2 (x:SPSDD)"
CR2-23267-23267027-7725a8fd,23267/23267027/,Z080N122M0,av,J.Marganiec,2014,exclude,,dataset,R3_TWIN_SUPERSEDED,143,25000.0,25000.0,0.0621,0.017,R3,,,null,,,,,,"EXCLUDE (R3_TWIN_SUPERSEDED) Z080N122M0 av 23267/23267027/, dataset scope, 1 cell(s) 2.5e+04-2.5e+04 eV; rules R3; twin of 23267/23267043/2 (x:SPSDD)"
CR2-23326-23326002-1-45df9508,23326/23326002/1,Z029N034M0,spa,M.Weigand,2017,exclude,,dataset,R3_TWIN_SUPERSEDED,143,25000.0,25000.0,0.0852,0.0298,R3,,,null,,,,,,"EXCLUDE (R3_TWIN_SUPERSEDED) Z029N034M0 spa 23326/23326002/1, dataset scope, 1 cell(s) 2.5e+04-2.5e+04 eV; rules R3; twin of 23326/23326005/1 (x:SPSDD)"
CR2-23326-23326002-2-e4324893,23326/23326002/2,Z029N034M0,spa,M.Weigand,2017,exclude,,dataset,R3_TWIN_SUPERSEDED,143,25000.0,25000.0,0.0886,0.0292,R3,,,null,,,,,,"EXCLUDE (R3_TWIN_SUPERSEDED) Z029N034M0 spa 23326/23326002/2, dataset scope, 1 cell(s) 2.5e+04-2.5e+04 eV; rules R3; twin of 23326/23326005/2 (x:SPSDD)"
CR2-23326-23326004-cd495fb8,23326/23326004/,Z029N034M0,mxw,M.Weigand,2017,exclude,,dataset,R3_TWIN_SUPERSEDED,143,25000.0,25000.0,0.0921,0.0297,R3,,,null,,,,,,"EXCLUDE (R3_TWIN_SUPERSEDED) Z029N034M0 mxw 23326/23326004/, dataset scope, 1 cell(s) 2.5e+04-2.5e+04 eV; rules R3; twin of 23326/23326007/2 (x:SPSDD)"
CR2-23372-23372007-b303ba70,23372/23372007/,Z030N037M0,spa,W.Michaelis,1969,exclude,,dataset,R3_TWIN_SUPERSEDED,84,0.0253,0.0253,6.9,0.0414,R3,,,null,,,,,,"EXCLUDE (R3_TWIN_SUPERSEDED) Z030N037M0 spa 23372/23372007/, dataset scope, 1 cell(s) 0.0253-0.0253 eV; rules R3; twin of 23372/23372002/ (d:exact)"
CR2-23420-23420002-ac0c66a2,23420/23420002/,Z058N078M0,mxw,F.Kappeler,1996,exclude,,dataset,R3_TWIN_SUPERSEDED,143,25000.0,25000.0,0.32575,0.0203,R3,,,null,,,,,,"EXCLUDE (R3_TWIN_SUPERSEDED) Z058N078M0 mxw 23420/23420002/, dataset scope, 1 cell(s) 2.5e+04-2.5e+04 eV; rules R3; twin of 23420/23420012/ (x:SPSDD)"
CR2-23420-23420003-3eb37bcd,23420/23420003/,Z058N078M0,mxw,F.Kappeler,1996,exclude,,dataset,R3_TWIN_SUPERSEDED,143,25000.0,25000.0,0.0305,0.0201,R3,,,null,,,,,,"EXCLUDE (R3_TWIN_SUPERSEDED) Z058N078M0 mxw 23420/23420003/, dataset scope, 1 cell(s) 2.5e+04-2.5e+04 eV; rules R3; twin of 23420/23420013/ (x:SPSDD)"
CR2-23420-23420004-5754b073,23420/23420004/,Z058N080M0,mxw,F.Kappeler,1996,exclude,,dataset,R3_TWIN_SUPERSEDED,143,25000.0,25000.0,0.1925,0.0079,R3,,,null,,,,,,"EXCLUDE (R3_TWIN_SUPERSEDED) Z058N080M0 mxw 23420/23420004/, dataset scope, 1 cell(s) 2.5e+04-2.5e+04 eV; rules R3; twin of 23420/23420014/ (x:SPSDD)"
CR2-23420-23420005-c0151e7c,23420/23420005/,Z058N082M0,mxw,F.Kappeler,1996,exclude,,dataset,R3_TWIN_SUPERSEDED,143,25000.0,25000.0,0.011967,0.0069,R3,,,null,,,,,,"EXCLUDE (R3_TWIN_SUPERSEDED) Z058N082M0 mxw 23420/23420005/, dataset scope, 1 cell(s) 2.5e+04-2.5e+04 eV; rules R3; twin of 23420/23420015/ (x:SPSDD)"
CR2-23420-23420006-17211860,23420/23420006/,Z058N084M0,mxw,F.Kappeler,1996,exclude,,dataset,R3_TWIN_SUPERSEDED,143,25000.0,25000.0,0.030783,0.0068,R3,,,null,,,,,,"EXCLUDE (R3_TWIN_SUPERSEDED) Z058N084M0 mxw 23420/23420006/, dataset scope, 1 cell(s) 2.5e+04-2.5e+04 eV; rules R3; twin of 23420/23420016/ (x:SPSDD)"
CR2-23420-23420007-1-9e8e6069,23420/23420007/1,Z058N078M0,mxw,F.Kappeler,1996,exclude,,dataset,R3_TWIN_SUPERSEDED,143,25000.0,25000.0,0.322,0.0274,R3,,,null,,,,,,"EXCLUDE (R3_TWIN_SUPERSEDED) Z058N078M0 mxw 23420/23420007/1, dataset scope, 1 cell(s) 2.5e+04-2.5e+04 eV; rules R3; twin of 23420/23420017/1 (x:SPSDD)"
CR2-23420-23420007-2-fa816bb5,23420/23420007/2,Z058N078M0,mxw,F.Kappeler,1996,exclude,,dataset,R3_TWIN_SUPERSEDED,144,30000.0,30000.0,0.3,0.0294,R3,,,null,,,,,,"EXCLUDE (R3_TWIN_SUPERSEDED) Z058N078M0 mxw 23420/23420007/2, dataset scope, 1 cell(s) 3e+04-3e+04 eV; rules R3; twin of 23420/23420017/2 (x:SPSDD)"
CR2-23420-23420008-1-73a248ed,23420/23420008/1,Z058N078M0,mxw,F.Kappeler,1996,exclude,,dataset,R3_TWIN_SUPERSEDED,143,25000.0,25000.0,0.0326,0.0221,R3,,,null,,,,,,"EXCLUDE (R3_TWIN_SUPERSEDED) Z058N078M0 mxw 23420/23420008/1, dataset scope, 1 cell(s) 2.5e+04-2.5e+04 eV; rules R3; twin of 23420/23420018/1 (x:SPSDD)"
CR2-23420-23420008-2-ea9040ec,23420/23420008/2,Z058N078M0,mxw,F.Kappeler,1996,exclude,,dataset,R3_TWIN_SUPERSEDED,144,30000.0,30000.0,0.0282,0.024,R3,,,null,,,,,,"EXCLUDE (R3_TWIN_SUPERSEDED) Z058N078M0 mxw 23420/23420008/2, dataset scope, 1 cell(s) 3e+04-3e+04 eV; rules R3; twin of 23420/23420018/2 (x:SPSDD)"
CR2-23420-23420009-1-82593e1f,23420/23420009/1,Z058N080M0,mxw,F.Kappeler,1996,exclude,,dataset,R3_TWIN_SUPERSEDED,143,25000.0,25000.0,0.193,0.0111,R3,,,null,,,,,,"EXCLUDE (R3_TWIN_SUPERSEDED) Z058N080M0 mxw 23420/23420009/1, dataset scope, 1 cell(s) 2.5e+04-2.5e+04 eV; rules R3; twin of 23420/23420019/1 (x:SPSDD)"
CR2-23420-23420009-2-1bb2f768,23420/23420009/2,Z058N080M0,mxw,F.Kappeler,1996,exclude,,dataset,R3_TWIN_SUPERSEDED,144,30000.0,30000.0,0.179,0.012,R3,,,null,,,,,,"EXCLUDE (R3_TWIN_SUPERSEDED) Z058N080M0 mxw 23420/23420009/2, dataset scope, 1 cell(s) 3e+04-3e+04 eV; rules R3; twin of 23420/23420019/2 (x:SPSDD)"
CR2-23420-23420010-1-df031728,23420/23420010/1,Z058N082M0,mxw,F.Kappeler,1996,exclude,,dataset,R3_TWIN_SUPERSEDED,143,25000.0,25000.0,0.012,0.0142,R3,,,null,,,,,,"EXCLUDE (R3_TWIN_SUPERSEDED) Z058N082M0 mxw 23420/23420010/1, dataset scope, 1 cell(s) 2.5e+04-2.5e+04 eV; rules R3; twin of 23420/23420020/1 (x:SPSDD)"
CR2-23420-23420010-2-da49289d,23420/23420010/2,Z058N082M0,mxw,F.Kappeler,1996,exclude,,dataset,R3_TWIN_SUPERSEDED,144,30000.0,30000.0,0.011,0.0155,R3,,,null,,,,,,"EXCLUDE (R3_TWIN_SUPERSEDED) Z058N082M0 mxw 23420/23420010/2, dataset scope, 1 cell(s) 3e+04-3e+04 eV; rules R3; twin of 23420/23420020/2 (x:SPSDD)"
CR2-23420-23420011-1-1b36a822,23420/23420011/1,Z058N084M0,mxw,F.Kappeler,1996,exclude,,dataset,R3_TWIN_SUPERSEDED,143,25000.0,25000.0,0.0308,0.0139,R3,,,null,,,,,,"EXCLUDE (R3_TWIN_SUPERSEDED) Z058N084M0 mxw 23420/23420011/1, dataset scope, 1 cell(s) 2.5e+04-2.5e+04 eV; rules R3; twin of 23420/23420021/1 (x:SPSDD)"
CR2-23420-23420011-2-67a33fd1,23420/23420011/2,Z058N084M0,mxw,F.Kappeler,1996,exclude,,dataset,R3_TWIN_SUPERSEDED,144,30000.0,30000.0,0.0283,0.0151,R3,,,null,,,,,,"EXCLUDE (R3_TWIN_SUPERSEDED) Z058N084M0 mxw 23420/23420011/2, dataset scope, 1 cell(s) 3e+04-3e+04 eV; rules R3; twin of 23420/23420021/2 (x:SPSDD)"
CR2-23451-23451007-bc9d309b,23451/23451007/,Z032N041M0,mxw,C.Lederer-Woods,2019,exclude,,dataset,R3_TWIN_SUPERSEDED,136,5000.0,5000.0,1.17,0.0217,R3,,,null,,,,,,"EXCLUDE (R3_TWIN_SUPERSEDED) Z032N041M0 mxw 23451/23451007/, dataset scope, 9 cell(s) 5000-1e+05 eV; rules R3; twin of 23451/23451014/ (x:SPSDD)"
CR2-23451-23451007-bc9d309b,23451/23451007/,Z032N041M0,mxw,C.Lederer-Woods,2019,exclude,,dataset,R3_TWIN_SUPERSEDED,140,10000.0,10000.0,0.738,0.0218,R3,,,null,,,,,,"EXCLUDE (R3_TWIN_SUPERSEDED) Z032N041M0 mxw 23451/23451007/, dataset scope, 9 cell(s) 5000-1e+05 eV; rules R3; twin of 23451/23451014/ (x:SPSDD)"
CR2-23451-23451007-bc9d309b,23451/23451007/,Z032N041M0,mxw,C.Lederer-Woods,2019,exclude,,dataset,R3_TWIN_SUPERSEDED,143,20000.0,20000.0,0.475,0.0214,R3,,,null,,,,,,"EXCLUDE (R3_TWIN_SUPERSEDED) Z032N041M0 mxw 23451/23451007/, dataset scope, 9 cell(s) 5000-1e+05 eV; rules R3; twin of 23451/23451014/ (x:SPSDD)"
CR2-23451-23451007-bc9d309b,23451/23451007/,Z032N041M0,mxw,C.Lederer-Woods,2019,exclude,,dataset,R3_TWIN_SUPERSEDED,144,30000.0,30000.0,0.362,0.0222,R3,,,null,,,,,,"EXCLUDE (R3_TWIN_SUPERSEDED) Z032N041M0 mxw 23451/23451007/, dataset scope, 9 cell(s) 5000-1e+05 eV; rules R3; twin of 23451/23451014/ (x:SPSDD)"
CR2-23451-23451007-bc9d309b,23451/23451007/,Z032N041M0,mxw,C.Lederer-Woods,2019,exclude,,dataset,R3_TWIN_SUPERSEDED,146,40000.0,50000.0,0.2735,0.0155,R3,,,null,,,,,,"EXCLUDE (R3_TWIN_SUPERSEDED) Z032N041M0 mxw 23451/23451007/, dataset scope, 9 cell(s) 5000-1e+05 eV; rules R3; twin of 23451/23451014/ (x:SPSDD)"
CR2-23451-23451007-bc9d309b,23451/23451007/,Z032N041M0,mxw,C.Lederer-Woods,2019,exclude,,dataset,R3_TWIN_SUPERSEDED,147,60000.0,60000.0,0.219,0.0213,R3,,,null,,,,,,"EXCLUDE (R3_TWIN_SUPERSEDED) Z032N041M0 mxw 23451/23451007/, dataset scope, 9 cell(s) 5000-1e+05 eV; rules R3; twin of 23451/23451014/ (x:SPSDD)"
CR2-23451-23451007-bc9d309b,23451/23451007/,Z032N041M0,mxw,C.Lederer-Woods,2019,exclude,,dataset,R3_TWIN_SUPERSEDED,148,70000.0,70000.0,0.194,0.0218,R3,,,null,,,,,,"EXCLUDE (R3_TWIN_SUPERSEDED) Z032N041M0 mxw 23451/23451007/, dataset scope, 9 cell(s) 5000-1e+05 eV; rules R3; twin of 23451/23451014/ (x:SPSDD)"
CR2-23451-23451007-bc9d309b,23451/23451007/,Z032N041M0,mxw,C.Lederer-Woods,2019,exclude,,dataset,R3_TWIN_SUPERSEDED,149,80000.0,90000.0,0.16795,0.0154,R3,,,null,,,,,,"EXCLUDE (R3_TWIN_SUPERSEDED) Z032N041M0 mxw 23451/23451007/, dataset scope, 9 cell(s) 5000-1e+05 eV; rules R3; twin of 23451/23451014/ (x:SPSDD)"
CR2-23451-23451007-bc9d309b,23451/23451007/,Z032N041M0,mxw,C.Lederer-Woods,2019,exclude,,dataset,R3_TWIN_SUPERSEDED,150,100000.0,100000.0,0.148,0.0217,R3,,,null,,,,,,"EXCLUDE (R3_TWIN_SUPERSEDED) Z032N041M0 mxw 23451/23451007/, dataset scope, 9 cell(s) 5000-1e+05 eV; rules R3; twin of 23451/23451014/ (x:SPSDD)"
CR2-23483-23483003-719c6c66,23483/23483003/,Z053N074M0,ri/rnv,D.Brune,1969,exclude,,dataset,R5X_INTER_DATASET_SCATTER,96,0.5,0.5,0.35,0.1091,R5x,-2.551308,2,"[2.617, 2.485]",,,,,,"EXCLUDE (R5X_INTER_DATASET_SCATTER) Z053N074M0 ri/rnv 23483/23483003/, dataset scope, 1 cell(s) 0.5-0.5 eV; rules R5x; d=-2.55 dex vs 2 independent series"
CR2-23520-23520005-7f7326b1,23520/23520005/,Z083N126M0,spa,D.J.Littler,1953,exclude,,dataset,R3_TWIN_SUPERSEDED,84,0.0253,0.0253,0.0205,0.0227,R3,,,null,,,,,,"EXCLUDE (R3_TWIN_SUPERSEDED) Z083N126M0 spa 23520/23520005/, dataset scope, 1 cell(s) 0.0253-0.0253 eV; rules R3; twin of 23520/23520003/1 (d:exact)"
CR2-30024-30024002-8ebc00ef,30024/30024002/,Z073N108M0,sig,J.S.Brzosko,1969,downweight,0.25,cells,R8_UNCORRECTED_LOW_ENERGY_BACKGROUND,166,4160000.0,4160000.0,0.039,0.0322,R8,0.346074,2,"[-0.416, -0.276]",0.034,,,,RF033,"DOWNWEIGHT (R8_UNCORRECTED_LOW_ENERGY_BACKGROUND) Z073N108M0 sig 30024/30024002/, cells scope, 2 cell(s) 4.16e+06-5.11e+06 eV; rules R8; d=+0.35 dex vs 2 independent series (bins +-1); series median +0.03 over 24 cells"
CR2-30024-30024002-8ebc00ef,30024/30024002/,Z073N108M0,sig,J.S.Brzosko,1969,downweight,0.25,cells,R8_UNCORRECTED_LOW_ENERGY_BACKGROUND,167,5110000.0,5110000.0,0.023,0.0532,R8,,0,null,,,,,RF033,"DOWNWEIGHT (R8_UNCORRECTED_LOW_ENERGY_BACKGROUND) Z073N108M0 sig 30024/30024002/, cells scope, 2 cell(s) 4.16e+06-5.11e+06 eV; rules R8; d=+0.35 dex vs 2 independent series (bins +-1); series median +0.03 over 24 cells"
CR2-30031-30031023-f1c06929,30031/30031023/,Z064N094M0,sig,G.Peto,1967,downweight,0.25,dataset,R5D_INTER_DATASET_SCATTER,164,3000000.0,3000000.0,0.0104,0.0764,R5d,-0.642832,2,"[0.746, 0.539]",0.022,,,,,"DOWNWEIGHT (R5D_INTER_DATASET_SCATTER) Z064N094M0 sig 30031/30031023/, dataset scope, 1 cell(s) 3e+06-3e+06 eV; rules R5d; d=-0.64 dex vs 2 independent series (bins +-1); series median +0.02 over 13 cells"
CR2-30064-30064004-2f7cc249,30064/30064004/,Z049N066M0,sig,J.Bacso,1963,exclude,,dataset,R2X_NOT_THE_SCORED_QUANTITY,143,24000.0,24000.0,1.028,0.0414,R2x,,,null,,,,,RF012,"EXCLUDE (R2X_NOT_THE_SCORED_QUANTITY) Z049N066M0 sig 30064/30064004/, dataset scope, 2 cell(s) 2.4e+04-3.1e+06 eV; rules R2x"
CR2-30064-30064004-2f7cc249,30064/30064004/,Z049N066M0,sig,J.Bacso,1963,exclude,,dataset,R2X_NOT_THE_SCORED_QUANTITY,164,3100000.0,3100000.0,0.108,0.0414,R2x,,,null,,,,,RF012,"EXCLUDE (R2X_NOT_THE_SCORED_QUANTITY) Z049N066M0 sig 30064/30064004/, dataset scope, 2 cell(s) 2.4e+04-3.1e+06 eV; rules R2x"
CR2-30066-30066004-5f9ea370,30066/30066004/,Z045N058M0,sig,J.Csikai,1963,downweight,0.25,dataset,R9_CROSS_NUCLIDE_14MEV_SYSTEMATIC,171,14700000.0,14700000.0,0.014,0.0843,R9,0.845098,3,"[-1.271, -0.845, 0.018]",,,0.884,,,"DOWNWEIGHT (R9_CROSS_NUCLIDE_14MEV_SYSTEMATIC) Z045N058M0 sig 30066/30066004/, dataset scope, 1 cell(s) 1.47e+07-1.47e+07 eV; rules R9; d=+0.85 dex vs 3 independent series; 14 MeV d=+0.88 dex vs 14 nuclides"
CR2-30067-30067013-5fd29b3e,30067/30067013/,Z051N072M0,sig,J.Csikai,1967,downweight,0.25,dataset,R9_CROSS_NUCLIDE_14MEV_SYSTEMATIC,171,14700000.0,14700000.0,0.015,0.0792,R9,,0,null,,,1.092,,,"DOWNWEIGHT (R9_CROSS_NUCLIDE_14MEV_SYSTEMATIC) Z051N072M0 sig 30067/30067013/, dataset scope, 1 cell(s) 1.47e+07-1.47e+07 eV; rules R9; 14 MeV d=+1.09 dex vs 14 nuclides"
CR2-30067-30067021-4f280d06,30067/30067021/,Z045N058M0,sig,J.Csikai,1967,downweight,0.25,dataset,R9_CROSS_NUCLIDE_14MEV_SYSTEMATIC,171,13400000.0,15000000.0,0.0146,0.008,R9,0.863323,3,"[-1.289, -0.863, -0.018]",0.05,,0.934,,,"DOWNWEIGHT (R9_CROSS_NUCLIDE_14MEV_SYSTEMATIC) Z045N058M0 sig 30067/30067021/, dataset scope, 1 cell(s) 1.34e+07-1.5e+07 eV; rules R9; d=+0.86 dex vs 3 independent series; series median +0.05 over 6 cells; 14 MeV d=+0.93 dex vs 13 nuclides"
CR2-30079-30079007-4de07cc6,30079/30079007/,Z031N038M0,sig,A.K.Chaubey,1965,exclude,,dataset,R5X_INTER_DATASET_SCATTER,143,24000.0,24000.0,0.05,0.0414,R5x,-0.504511,2,"[0.472, 0.537]",-0.069,,,,,"EXCLUDE (R5X_INTER_DATASET_SCATTER) Z031N038M0 sig 30079/30079007/, dataset scope, 1 cell(s) 2.4e+04-2.4e+04 eV; rules R5x; d=-0.50 dex vs 2 independent series (bins +-1); series median -0.07 over 13 cells"
CR2-30079-30079011-1d985967,30079/30079011/,Z032N044M0,sig,A.K.Chaubey,1966,exclude,,dataset,R3_TWIN_SUPERSEDED,143,24000.0,24000.0,0.008,0.0746,R3,,,null,,,,,,"EXCLUDE (R3_TWIN_SUPERSEDED) Z032N044M0 sig 30079/30079011/, dataset scope, 1 cell(s) 2.4e+04-2.4e+04 eV; rules R3; twin of 30086/30086003/ (x:SPSDD)"
CR2-30079-30079018-49940d35,30079/30079018/,Z044N060M0,sig,A.K.Chaubey,1966,downweight,0.25,dataset,R5D_INTER_DATASET_SCATTER,143,24000.0,24000.0,0.08,0.0512,R5d,-0.413866,4,"[0.452, 0.421, 0.369, 0.407]",-0.069,,,,,"DOWNWEIGHT (R5D_INTER_DATASET_SCATTER) Z044N060M0 sig 30079/30079018/, dataset scope, 1 cell(s) 2.4e+04-2.4e+04 eV; rules R5d; d=-0.41 dex vs 4 independent series; series median -0.07 over 13 cells"
CR2-30188-30188004-a60b51dd,30188/30188004/,Z040N056M0,sig,M.D.Ricabarra,1970,exclude,,dataset,R5X_INTER_DATASET_SCATTER,84,0.0253,0.0253,0.0057,0.0702,R5x,-0.572544,3,"[0.576, 0.569, 0.573]",0.021,,,,,"EXCLUDE (R5X_INTER_DATASET_SCATTER) Z040N056M0 sig 30188/30188004/, dataset scope, 1 cell(s) 0.0253-0.0253 eV; rules R5x; d=-0.57 dex vs 3 independent series; series median +0.02 over 4 cells"
CR2-30233-30233005-52d7e8a5,30233/30233005/,Z065N094M0,sig,J.R.D.Lepine,1972,downweight,0.25,cells,R5D_INTER_DATASET_SCATTER,154,300000.0,300000.0,0.905,0.0983,R5d,0.346421,2,"[-0.363, -0.33]",0.08,,,,,"DOWNWEIGHT (R5D_INTER_DATASET_SCATTER) Z065N094M0 sig 30233/30233005/, cells scope, 1 cell(s) 3e+05-3e+05 eV; rules R5d; d=+0.35 dex vs 2 independent series; series median +0.08 over 21 cells"
CR2-30233-30233006-faecccd7,30233/30233006/,Z066NAT,sig,J.R.D.Lepine,1972,downweight,0.25,cells,R5D_INTER_DATASET_SCATTER,152,165000.0,165000.0,0.48,0.0784,R5d,0.329059,3,"[-0.325, -0.36, -0.329]",0.08,,,,,"DOWNWEIGHT (R5D_INTER_DATASET_SCATTER) Z066NAT sig 30233/30233006/, cells scope, 1 cell(s) 1.65e+05-1.65e+05 eV; rules R5d; d=+0.33 dex vs 3 independent series; series median +0.08 over 21 cells"
CR2-30248-30248007-564357a9,30248/30248007/,Z070N098M0,sig,K.Siddappa,1970,exclude,,dataset,R7_PHYSICS_BOUND,143,25000.0,25000.0,48.97,0.0415,R7,,,null,,,,,,"EXCLUDE (R7_PHYSICS_BOUND) Z070N098M0 sig 30248/30248007/, dataset scope, 1 cell(s) 2.5e+04-2.5e+04 eV; rules R7"
CR2-30282-30282003-619e27bc,30282/30282003/,Z078N120M0,sig,I.Uray,1973,downweight,0.25,dataset,R9_CROSS_NUCLIDE_14MEV_SYSTEMATIC,171,15000000.0,15000000.0,0.012,0.0669,R9,0.848732,1,[-0.849],,,1.006,,,"DOWNWEIGHT (R9_CROSS_NUCLIDE_14MEV_SYSTEMATIC) Z078N120M0 sig 30282/30282003/, dataset scope, 1 cell(s) 1.5e+07-1.5e+07 eV; rules R9; d=+0.85 dex vs 1 independent series (bins +-1); 14 MeV d=+1.01 dex vs 10 nuclides"
CR2-30328-30328014-ef23b5c5,30328/30328014/,Z056N080M0,av,A.R.de L.Musgrove,1976,exclude,,cells,R5X_INTER_DATASET_SCATTER,136,4500.0,4500.0,0.59,0.0513,R5x,0.527052,2,"[-0.502, -0.552]",0.016,,,,,"EXCLUDE (R5X_INTER_DATASET_SCATTER) Z056N080M0 av 30328/30328014/, cells scope, 1 cell(s) 4500-4500 eV; rules R5x; d=+0.53 dex vs 2 independent series (bins +-1); series median +0.02 over 214 cells"
CR2-30357-30357004-66f699aa,30357/30357004/,Z042N050M0,av,A.R.de L.Musgrove,1976,exclude,,dataset,R3_TWIN_SUPERSEDED,135,3500.0,3500.0,0.37,0.0446,R3,,,null,,,,,,"EXCLUDE (R3_TWIN_SUPERSEDED) Z042N050M0 av 30357/30357004/, dataset scope, 15 cell(s) 3500-1.75e+05 eV; rules R3; twin of 30357/30357039/ (d:ratio)"
CR2-30357-30357004-66f699aa,30357/30357004/,Z042N050M0,av,A.R.de L.Musgrove,1976,exclude,,dataset,R3_TWIN_SUPERSEDED,136,4500.0,4500.0,0.34,0.0483,R3,,,null,,,,,,"EXCLUDE (R3_TWIN_SUPERSEDED) Z042N050M0 av 30357/30357004/, dataset scope, 15 cell(s) 3500-1.75e+05 eV; rules R3; twin of 30357/30357039/ (d:ratio)"
CR2-30357-30357004-66f699aa,30357/30357004/,Z042N050M0,av,A.R.de L.Musgrove,1976,exclude,,dataset,R3_TWIN_SUPERSEDED,137,5500.0,5500.0,0.235,0.0522,R3,,,null,,,,,,"EXCLUDE (R3_TWIN_SUPERSEDED) Z042N050M0 av 30357/30357004/, dataset scope, 15 cell(s) 3500-1.75e+05 eV; rules R3; twin of 30357/30357039/ (d:ratio)"
CR2-30357-30357004-66f699aa,30357/30357004/,Z042N050M0,av,A.R.de L.Musgrove,1976,exclude,,dataset,R3_TWIN_SUPERSEDED,138,7000.0,7000.0,0.23,0.0532,R3,,,null,,,,,,"EXCLUDE (R3_TWIN_SUPERSEDED) Z042N050M0 av 30357/30357004/, dataset scope, 15 cell(s) 3500-1.75e+05 eV; rules R3; twin of 30357/30357039/ (d:ratio)"
CR2-30357-30357004-66f699aa,30357/30357004/,Z042N050M0,av,A.R.de L.Musgrove,1976,exclude,,dataset,R3_TWIN_SUPERSEDED,139,9000.0,9000.0,0.205,0.0404,R3,,,null,,,,,,"EXCLUDE (R3_TWIN_SUPERSEDED) Z042N050M0 av 30357/30357004/, dataset scope, 15 cell(s) 3500-1.75e+05 eV; rules R3; twin of 30357/30357039/ (d:ratio)"
CR2-30357-30357004-66f699aa,30357/30357004/,Z042N050M0,av,A.R.de L.Musgrove,1976,exclude,,dataset,R3_TWIN_SUPERSEDED,140,12500.0,12500.0,0.088,0.0467,R3,,,null,,,,,,"EXCLUDE (R3_TWIN_SUPERSEDED) Z042N050M0 av 30357/30357004/, dataset scope, 15 cell(s) 3500-1.75e+05 eV; rules R3; twin of 30357/30357039/ (d:ratio)"
CR2-30357-30357004-66f699aa,30357/30357004/,Z042N050M0,av,A.R.de L.Musgrove,1976,exclude,,dataset,R3_TWIN_SUPERSEDED,142,17500.0,17500.0,0.085,0.0437,R3,,,null,,,,,,"EXCLUDE (R3_TWIN_SUPERSEDED) Z042N050M0 av 30357/30357004/, dataset scope, 15 cell(s) 3500-1.75e+05 eV; rules R3; twin of 30357/30357039/ (d:ratio)"
CR2-30357-30357004-66f699aa,30357/30357004/,Z042N050M0,av,A.R.de L.Musgrove,1976,exclude,,dataset,R3_TWIN_SUPERSEDED,143,25000.0,25000.0,0.086,0.0386,R3,,,null,,,,,,"EXCLUDE (R3_TWIN_SUPERSEDED) Z042N050M0 av 30357/30357004/, dataset scope, 15 cell(s) 3500-1.75e+05 eV; rules R3; twin of 30357/30357039/ (d:ratio)"
CR2-30357-30357004-66f699aa,30357/30357004/,Z042N050M0,av,A.R.de L.Musgrove,1976,exclude,,dataset,R3_TWIN_SUPERSEDED,145,35000.0,35000.0,0.09,0.0458,R3,,,null,,,,,,"EXCLUDE (R3_TWIN_SUPERSEDED) Z042N050M0 av 30357/30357004/, dataset scope, 15 cell(s) 3500-1.75e+05 eV; rules R3; twin of 30357/30357039/ (d:ratio)"
CR2-30357-30357004-66f699aa,30357/30357004/,Z042N050M0,av,A.R.de L.Musgrove,1976,exclude,,dataset,R3_TWIN_SUPERSEDED,146,45000.0,45000.0,0.051,0.0559,R3,,,null,,,,,,"EXCLUDE (R3_TWIN_SUPERSEDED) Z042N050M0 av 30357/30357004/, dataset scope, 15 cell(s) 3500-1.75e+05 eV; rules R3; twin of 30357/30357039/ (d:ratio)"
CR2-30357-30357004-66f699aa,30357/30357004/,Z042N050M0,av,A.R.de L.Musgrove,1976,exclude,,dataset,R3_TWIN_SUPERSEDED,147,55000.0,55000.0,0.031,0.0649,R3,,,null,,,,,,"EXCLUDE (R3_TWIN_SUPERSEDED) Z042N050M0 av 30357/30357004/, dataset scope, 15 cell(s) 3500-1.75e+05 eV; rules R3; twin of 30357/30357039/ (d:ratio)"
CR2-30357-30357004-66f699aa,30357/30357004/,Z042N050M0,av,A.R.de L.Musgrove,1976,exclude,,dataset,R3_TWIN_SUPERSEDED,148,70000.0,70000.0,0.034,0.0596,R3,,,null,,,,,,"EXCLUDE (R3_TWIN_SUPERSEDED) Z042N050M0 av 30357/30357004/, dataset scope, 15 cell(s) 3500-1.75e+05 eV; rules R3; twin of 30357/30357039/ (d:ratio)"
CR2-30357-30357004-66f699aa,30357/30357004/,Z042N050M0,av,A.R.de L.Musgrove,1976,exclude,,dataset,R3_TWIN_SUPERSEDED,149,90000.0,90000.0,0.035,0.058,R3,,,null,,,,,,"EXCLUDE (R3_TWIN_SUPERSEDED) Z042N050M0 av 30357/30357004/, dataset scope, 15 cell(s) 3500-1.75e+05 eV; rules R3; twin of 30357/30357039/ (d:ratio)"
CR2-30357-30357004-66f699aa,30357/30357004/,Z042N050M0,av,A.R.de L.Musgrove,1976,exclude,,dataset,R3_TWIN_SUPERSEDED,150,125000.0,125000.0,0.03,0.0669,R3,,,null,,,,,,"EXCLUDE (R3_TWIN_SUPERSEDED) Z042N050M0 av 30357/30357004/, dataset scope, 15 cell(s) 3500-1.75e+05 eV; rules R3; twin of 30357/30357039/ (d:ratio)"
CR2-30357-30357004-66f699aa,30357/30357004/,Z042N050M0,av,A.R.de L.Musgrove,1976,exclude,,dataset,R3_TWIN_SUPERSEDED,152,175000.0,175000.0,0.028,0.0714,R3,,,null,,,,,,"EXCLUDE (R3_TWIN_SUPERSEDED) Z042N050M0 av 30357/30357004/, dataset scope, 15 cell(s) 3500-1.75e+05 eV; rules R3; twin of 30357/30357039/ (d:ratio)"
CR2-30357-30357007-8e8be8c3,30357/30357007/,Z042N052M0,av,A.R.de L.Musgrove,1976,exclude,,dataset,R3_TWIN_SUPERSEDED,135,3500.0,3500.0,0.49,0.0502,R3,,,null,,,,,,"EXCLUDE (R3_TWIN_SUPERSEDED) Z042N052M0 av 30357/30357007/, dataset scope, 15 cell(s) 3500-1.75e+05 eV; rules R3; twin of 30357/30357040/ (d:ratio)"
CR2-30357-30357007-8e8be8c3,30357/30357007/,Z042N052M0,av,A.R.de L.Musgrove,1976,exclude,,dataset,R3_TWIN_SUPERSEDED,136,4500.0,4500.0,0.65,0.0504,R3,,,null,,,,,,"EXCLUDE (R3_TWIN_SUPERSEDED) Z042N052M0 av 30357/30357007/, dataset scope, 15 cell(s) 3500-1.75e+05 eV; rules R3; twin of 30357/30357040/ (d:ratio)"
CR2-30357-30357007-8e8be8c3,30357/30357007/,Z042N052M0,av,A.R.de L.Musgrove,1976,exclude,,dataset,R3_TWIN_SUPERSEDED,137,5500.0,5500.0,0.26,0.0474,R3,,,null,,,,,,"EXCLUDE (R3_TWIN_SUPERSEDED) Z042N052M0 av 30357/30357007/, dataset scope, 15 cell(s) 3500-1.75e+05 eV; rules R3; twin of 30357/30357040/ (d:ratio)"
CR2-30357-30357007-8e8be8c3,30357/30357007/,Z042N052M0,av,A.R.de L.Musgrove,1976,exclude,,dataset,R3_TWIN_SUPERSEDED,138,7000.0,7000.0,0.12,0.0414,R3,,,null,,,,,,"EXCLUDE (R3_TWIN_SUPERSEDED) Z042N052M0 av 30357/30357007/, dataset scope, 15 cell(s) 3500-1.75e+05 eV; rules R3; twin of 30357/30357040/ (d:ratio)"
CR2-30357-30357007-8e8be8c3,30357/30357007/,Z042N052M0,av,A.R.de L.Musgrove,1976,exclude,,dataset,R3_TWIN_SUPERSEDED,139,9000.0,9000.0,0.305,0.0472,R3,,,null,,,,,,"EXCLUDE (R3_TWIN_SUPERSEDED) Z042N052M0 av 30357/30357007/, dataset scope, 15 cell(s) 3500-1.75e+05 eV; rules R3; twin of 30357/30357040/ (d:ratio)"
CR2-30357-30357007-8e8be8c3,30357/30357007/,Z042N052M0,av,A.R.de L.Musgrove,1976,exclude,,dataset,R3_TWIN_SUPERSEDED,140,12500.0,12500.0,0.215,0.0478,R3,,,null,,,,,,"EXCLUDE (R3_TWIN_SUPERSEDED) Z042N052M0 av 30357/30357007/, dataset scope, 15 cell(s) 3500-1.75e+05 eV; rules R3; twin of 30357/30357040/ (d:ratio)"
CR2-30357-30357007-8e8be8c3,30357/30357007/,Z042N052M0,av,A.R.de L.Musgrove,1976,exclude,,dataset,R3_TWIN_SUPERSEDED,142,17500.0,17500.0,0.12,0.0479,R3,,,null,,,,,,"EXCLUDE (R3_TWIN_SUPERSEDED) Z042N052M0 av 30357/30357007/, dataset scope, 15 cell(s) 3500-1.75e+05 eV; rules R3; twin of 30357/30357040/ (d:ratio)"
CR2-30357-30357007-8e8be8c3,30357/30357007/,Z042N052M0,av,A.R.de L.Musgrove,1976,exclude,,dataset,R3_TWIN_SUPERSEDED,143,25000.0,25000.0,0.13,0.0474,R3,,,null,,,,,,"EXCLUDE (R3_TWIN_SUPERSEDED) Z042N052M0 av 30357/30357007/, dataset scope, 15 cell(s) 3500-1.75e+05 eV; rules R3; twin of 30357/30357040/ (d:ratio)"
CR2-30357-30357007-8e8be8c3,30357/30357007/,Z042N052M0,av,A.R.de L.Musgrove,1976,exclude,,dataset,R3_TWIN_SUPERSEDED,145,35000.0,35000.0,0.1,0.0569,R3,,,null,,,,,,"EXCLUDE (R3_TWIN_SUPERSEDED) Z042N052M0 av 30357/30357007/, dataset scope, 15 cell(s) 3500-1.75e+05 eV; rules R3; twin of 30357/30357040/ (d:ratio)"
CR2-30357-30357007-8e8be8c3,30357/30357007/,Z042N052M0,av,A.R.de L.Musgrove,1976,exclude,,dataset,R3_TWIN_SUPERSEDED,146,45000.0,45000.0,0.092,0.0448,R3,,,null,,,,,,"EXCLUDE (R3_TWIN_SUPERSEDED) Z042N052M0 av 30357/30357007/, dataset scope, 15 cell(s) 3500-1.75e+05 eV; rules R3; twin of 30357/30357040/ (d:ratio)"
CR2-30357-30357007-8e8be8c3,30357/30357007/,Z042N052M0,av,A.R.de L.Musgrove,1976,exclude,,dataset,R3_TWIN_SUPERSEDED,147,55000.0,55000.0,0.07,0.0525,R3,,,null,,,,,,"EXCLUDE (R3_TWIN_SUPERSEDED) Z042N052M0 av 30357/30357007/, dataset scope, 15 cell(s) 3500-1.75e+05 eV; rules R3; twin of 30357/30357040/ (d:ratio)"
CR2-30357-30357007-8e8be8c3,30357/30357007/,Z042N052M0,av,A.R.de L.Musgrove,1976,exclude,,dataset,R3_TWIN_SUPERSEDED,148,70000.0,70000.0,0.07,0.0525,R3,,,null,,,,,,"EXCLUDE (R3_TWIN_SUPERSEDED) Z042N052M0 av 30357/30357007/, dataset scope, 15 cell(s) 3500-1.75e+05 eV; rules R3; twin of 30357/30357040/ (d:ratio)"
CR2-30357-30357007-8e8be8c3,30357/30357007/,Z042N052M0,av,A.R.de L.Musgrove,1976,exclude,,dataset,R3_TWIN_SUPERSEDED,149,90000.0,90000.0,0.059,0.0487,R3,,,null,,,,,,"EXCLUDE (R3_TWIN_SUPERSEDED) Z042N052M0 av 30357/30357007/, dataset scope, 15 cell(s) 3500-1.75e+05 eV; rules R3; twin of 30357/30357040/ (d:ratio)"
CR2-30357-30357007-8e8be8c3,30357/30357007/,Z042N052M0,av,A.R.de L.Musgrove,1976,exclude,,dataset,R3_TWIN_SUPERSEDED,150,125000.0,125000.0,0.05,0.0492,R3,,,null,,,,,,"EXCLUDE (R3_TWIN_SUPERSEDED) Z042N052M0 av 30357/30357007/, dataset scope, 15 cell(s) 3500-1.75e+05 eV; rules R3; twin of 30357/30357040/ (d:ratio)"
CR2-30357-30357007-8e8be8c3,30357/30357007/,Z042N052M0,av,A.R.de L.Musgrove,1976,exclude,,dataset,R3_TWIN_SUPERSEDED,152,175000.0,175000.0,0.047,0.0439,R3,,,null,,,,,,"EXCLUDE (R3_TWIN_SUPERSEDED) Z042N052M0 av 30357/30357007/, dataset scope, 15 cell(s) 3500-1.75e+05 eV; rules R3; twin of 30357/30357040/ (d:ratio)"
CR2-30357-30357010-5aacedb2,30357/30357010/,Z042N053M0,av,A.R.de L.Musgrove,1976,exclude,,dataset,R3_TWIN_SUPERSEDED,135,3500.0,3500.0,1.265,0.0487,R3,,,null,,,,,,"EXCLUDE (R3_TWIN_SUPERSEDED) Z042N053M0 av 30357/30357010/, dataset scope, 15 cell(s) 3500-1.75e+05 eV; rules R3; twin of 30357/30357041/ (d:ratio)"
CR2-30357-30357010-5aacedb2,30357/30357010/,Z042N053M0,av,A.R.de L.Musgrove,1976,exclude,,dataset,R3_TWIN_SUPERSEDED,136,4500.0,4500.0,1.135,0.0539,R3,,,null,,,,,,"EXCLUDE (R3_TWIN_SUPERSEDED) Z042N053M0 av 30357/30357010/, dataset scope, 15 cell(s) 3500-1.75e+05 eV; rules R3; twin of 30357/30357041/ (d:ratio)"
CR2-30357-30357010-5aacedb2,30357/30357010/,Z042N053M0,av,A.R.de L.Musgrove,1976,exclude,,dataset,R3_TWIN_SUPERSEDED,137,5500.0,5500.0,1.05,0.0433,R3,,,null,,,,,,"EXCLUDE (R3_TWIN_SUPERSEDED) Z042N053M0 av 30357/30357010/, dataset scope, 15 cell(s) 3500-1.75e+05 eV; rules R3; twin of 30357/30357041/ (d:ratio)"
CR2-30357-30357010-5aacedb2,30357/30357010/,Z042N053M0,av,A.R.de L.Musgrove,1976,exclude,,dataset,R3_TWIN_SUPERSEDED,138,7000.0,7000.0,0.865,0.043,R3,,,null,,,,,,"EXCLUDE (R3_TWIN_SUPERSEDED) Z042N053M0 av 30357/30357010/, dataset scope, 15 cell(s) 3500-1.75e+05 eV; rules R3; twin of 30357/30357041/ (d:ratio)"
CR2-30357-30357010-5aacedb2,30357/30357010/,Z042N053M0,av,A.R.de L.Musgrove,1976,exclude,,dataset,R3_TWIN_SUPERSEDED,139,9000.0,9000.0,0.835,0.0445,R3,,,null,,,,,,"EXCLUDE (R3_TWIN_SUPERSEDED) Z042N053M0 av 30357/30357010/, dataset scope, 15 cell(s) 3500-1.75e+05 eV; rules R3; twin of 30357/30357041/ (d:ratio)"
CR2-30357-30357010-5aacedb2,30357/30357010/,Z042N053M0,av,A.R.de L.Musgrove,1976,exclude,,dataset,R3_TWIN_SUPERSEDED,140,12500.0,12500.0,0.655,0.0471,R3,,,null,,,,,,"EXCLUDE (R3_TWIN_SUPERSEDED) Z042N053M0 av 30357/30357010/, dataset scope, 15 cell(s) 3500-1.75e+05 eV; rules R3; twin of 30357/30357041/ (d:ratio)"
CR2-30357-30357010-5aacedb2,30357/30357010/,Z042N053M0,av,A.R.de L.Musgrove,1976,exclude,,dataset,R3_TWIN_SUPERSEDED,142,17500.0,17500.0,0.555,0.0481,R3,,,null,,,,,,"EXCLUDE (R3_TWIN_SUPERSEDED) Z042N053M0 av 30357/30357010/, dataset scope, 15 cell(s) 3500-1.75e+05 eV; rules R3; twin of 30357/30357041/ (d:ratio)"
CR2-30357-30357010-5aacedb2,30357/30357010/,Z042N053M0,av,A.R.de L.Musgrove,1976,exclude,,dataset,R3_TWIN_SUPERSEDED,143,25000.0,25000.0,0.43,0.0478,R3,,,null,,,,,,"EXCLUDE (R3_TWIN_SUPERSEDED) Z042N053M0 av 30357/30357010/, dataset scope, 15 cell(s) 3500-1.75e+05 eV; rules R3; twin of 30357/30357041/ (d:ratio)"
CR2-30357-30357010-5aacedb2,30357/30357010/,Z042N053M0,av,A.R.de L.Musgrove,1976,exclude,,dataset,R3_TWIN_SUPERSEDED,145,35000.0,35000.0,0.37,0.0498,R3,,,null,,,,,,"EXCLUDE (R3_TWIN_SUPERSEDED) Z042N053M0 av 30357/30357010/, dataset scope, 15 cell(s) 3500-1.75e+05 eV; rules R3; twin of 30357/30357041/ (d:ratio)"
CR2-30357-30357010-5aacedb2,30357/30357010/,Z042N053M0,av,A.R.de L.Musgrove,1976,exclude,,dataset,R3_TWIN_SUPERSEDED,146,45000.0,45000.0,0.3,0.0544,R3,,,null,,,,,,"EXCLUDE (R3_TWIN_SUPERSEDED) Z042N053M0 av 30357/30357010/, dataset scope, 15 cell(s) 3500-1.75e+05 eV; rules R3; twin of 30357/30357041/ (d:ratio)"
CR2-30357-30357010-5aacedb2,30357/30357010/,Z042N053M0,av,A.R.de L.Musgrove,1976,exclude,,dataset,R3_TWIN_SUPERSEDED,147,55000.0,55000.0,0.27,0.0529,R3,,,null,,,,,,"EXCLUDE (R3_TWIN_SUPERSEDED) Z042N053M0 av 30357/30357010/, dataset scope, 15 cell(s) 3500-1.75e+05 eV; rules R3; twin of 30357/30357041/ (d:ratio)"
CR2-30357-30357010-5aacedb2,30357/30357010/,Z042N053M0,av,A.R.de L.Musgrove,1976,exclude,,dataset,R3_TWIN_SUPERSEDED,148,70000.0,70000.0,0.225,0.0544,R3,,,null,,,,,,"EXCLUDE (R3_TWIN_SUPERSEDED) Z042N053M0 av 30357/30357010/, dataset scope, 15 cell(s) 3500-1.75e+05 eV; rules R3; twin of 30357/30357041/ (d:ratio)"
CR2-30357-30357010-5aacedb2,30357/30357010/,Z042N053M0,av,A.R.de L.Musgrove,1976,exclude,,dataset,R3_TWIN_SUPERSEDED,149,90000.0,90000.0,0.195,0.0524,R3,,,null,,,,,,"EXCLUDE (R3_TWIN_SUPERSEDED) Z042N053M0 av 30357/30357010/, dataset scope, 15 cell(s) 3500-1.75e+05 eV; rules R3; twin of 30357/30357041/ (d:ratio)"
CR2-30357-30357010-5aacedb2,30357/30357010/,Z042N053M0,av,A.R.de L.Musgrove,1976,exclude,,dataset,R3_TWIN_SUPERSEDED,150,125000.0,125000.0,0.165,0.0497,R3,,,null,,,,,,"EXCLUDE (R3_TWIN_SUPERSEDED) Z042N053M0 av 30357/30357010/, dataset scope, 15 cell(s) 3500-1.75e+05 eV; rules R3; twin of 30357/30357041/ (d:ratio)"
CR2-30357-30357010-5aacedb2,30357/30357010/,Z042N053M0,av,A.R.de L.Musgrove,1976,exclude,,dataset,R3_TWIN_SUPERSEDED,152,175000.0,175000.0,0.145,0.0561,R3,,,null,,,,,,"EXCLUDE (R3_TWIN_SUPERSEDED) Z042N053M0 av 30357/30357010/, dataset scope, 15 cell(s) 3500-1.75e+05 eV; rules R3; twin of 30357/30357041/ (d:ratio)"
CR2-30357-30357013-b6255eb1,30357/30357013/,Z042N054M0,av,A.R.de L.Musgrove,1976,exclude,,dataset,R3_TWIN_SUPERSEDED,135,3500.0,3500.0,0.48,0.0512,R3,,,null,,,,,,"EXCLUDE (R3_TWIN_SUPERSEDED) Z042N054M0 av 30357/30357013/, dataset scope, 15 cell(s) 3500-1.75e+05 eV; rules R3; twin of 30357/30357042/ (d:ratio)"
CR2-30357-30357013-b6255eb1,30357/30357013/,Z042N054M0,av,A.R.de L.Musgrove,1976,exclude,,dataset,R3_TWIN_SUPERSEDED,136,4500.0,4500.0,0.2,0.0512,R3,,,null,,,,,,"EXCLUDE (R3_TWIN_SUPERSEDED) Z042N054M0 av 30357/30357013/, dataset scope, 15 cell(s) 3500-1.75e+05 eV; rules R3; twin of 30357/30357042/ (d:ratio)"
CR2-30357-30357013-b6255eb1,30357/30357013/,Z042N054M0,av,A.R.de L.Musgrove,1976,exclude,,dataset,R3_TWIN_SUPERSEDED,137,5500.0,5500.0,0.315,0.0519,R3,,,null,,,,,,"EXCLUDE (R3_TWIN_SUPERSEDED) Z042N054M0 av 30357/30357013/, dataset scope, 15 cell(s) 3500-1.75e+05 eV; rules R3; twin of 30357/30357042/ (d:ratio)"
CR2-30357-30357013-b6255eb1,30357/30357013/,Z042N054M0,av,A.R.de L.Musgrove,1976,exclude,,dataset,R3_TWIN_SUPERSEDED,138,7000.0,7000.0,0.305,0.0535,R3,,,null,,,,,,"EXCLUDE (R3_TWIN_SUPERSEDED) Z042N054M0 av 30357/30357013/, dataset scope, 15 cell(s) 3500-1.75e+05 eV; rules R3; twin of 30357/30357042/ (d:ratio)"
CR2-30357-30357013-b6255eb1,30357/30357013/,Z042N054M0,av,A.R.de L.Musgrove,1976,exclude,,dataset,R3_TWIN_SUPERSEDED,139,9000.0,9000.0,0.315,0.0519,R3,,,null,,,,,,"EXCLUDE (R3_TWIN_SUPERSEDED) Z042N054M0 av 30357/30357013/, dataset scope, 15 cell(s) 3500-1.75e+05 eV; rules R3; twin of 30357/30357042/ (d:ratio)"
CR2-30357-30357013-b6255eb1,30357/30357013/,Z042N054M0,av,A.R.de L.Musgrove,1976,exclude,,dataset,R3_TWIN_SUPERSEDED,140,12500.0,12500.0,0.15,0.0669,R3,,,null,,,,,,"EXCLUDE (R3_TWIN_SUPERSEDED) Z042N054M0 av 30357/30357013/, dataset scope, 15 cell(s) 3500-1.75e+05 eV; rules R3; twin of 30357/30357042/ (d:ratio)"
CR2-30357-30357013-b6255eb1,30357/30357013/,Z042N054M0,av,A.R.de L.Musgrove,1976,exclude,,dataset,R3_TWIN_SUPERSEDED,142,17500.0,17500.0,0.175,0.058,R3,,,null,,,,,,"EXCLUDE (R3_TWIN_SUPERSEDED) Z042N054M0 av 30357/30357013/, dataset scope, 15 cell(s) 3500-1.75e+05 eV; rules R3; twin of 30357/30357042/ (d:ratio)"
CR2-30357-30357013-b6255eb1,30357/30357013/,Z042N054M0,av,A.R.de L.Musgrove,1976,exclude,,dataset,R3_TWIN_SUPERSEDED,143,25000.0,25000.0,0.128,0.0631,R3,,,null,,,,,,"EXCLUDE (R3_TWIN_SUPERSEDED) Z042N054M0 av 30357/30357013/, dataset scope, 15 cell(s) 3500-1.75e+05 eV; rules R3; twin of 30357/30357042/ (d:ratio)"
CR2-30357-30357013-b6255eb1,30357/30357013/,Z042N054M0,av,A.R.de L.Musgrove,1976,exclude,,dataset,R3_TWIN_SUPERSEDED,145,35000.0,35000.0,0.105,0.058,R3,,,null,,,,,,"EXCLUDE (R3_TWIN_SUPERSEDED) Z042N054M0 av 30357/30357013/, dataset scope, 15 cell(s) 3500-1.75e+05 eV; rules R3; twin of 30357/30357042/ (d:ratio)"
CR2-30357-30357013-b6255eb1,30357/30357013/,Z042N054M0,av,A.R.de L.Musgrove,1976,exclude,,dataset,R3_TWIN_SUPERSEDED,146,45000.0,45000.0,0.087,0.0561,R3,,,null,,,,,,"EXCLUDE (R3_TWIN_SUPERSEDED) Z042N054M0 av 30357/30357013/, dataset scope, 15 cell(s) 3500-1.75e+05 eV; rules R3; twin of 30357/30357042/ (d:ratio)"
CR2-30357-30357013-b6255eb1,30357/30357013/,Z042N054M0,av,A.R.de L.Musgrove,1976,exclude,,dataset,R3_TWIN_SUPERSEDED,147,55000.0,55000.0,0.083,0.054,R3,,,null,,,,,,"EXCLUDE (R3_TWIN_SUPERSEDED) Z042N054M0 av 30357/30357013/, dataset scope, 15 cell(s) 3500-1.75e+05 eV; rules R3; twin of 30357/30357042/ (d:ratio)"
CR2-30357-30357013-b6255eb1,30357/30357013/,Z042N054M0,av,A.R.de L.Musgrove,1976,exclude,,dataset,R3_TWIN_SUPERSEDED,148,70000.0,70000.0,0.058,0.0561,R3,,,null,,,,,,"EXCLUDE (R3_TWIN_SUPERSEDED) Z042N054M0 av 30357/30357013/, dataset scope, 15 cell(s) 3500-1.75e+05 eV; rules R3; twin of 30357/30357042/ (d:ratio)"
CR2-30357-30357013-b6255eb1,30357/30357013/,Z042N054M0,av,A.R.de L.Musgrove,1976,exclude,,dataset,R3_TWIN_SUPERSEDED,149,90000.0,90000.0,0.056,0.058,R3,,,null,,,,,,"EXCLUDE (R3_TWIN_SUPERSEDED) Z042N054M0 av 30357/30357013/, dataset scope, 15 cell(s) 3500-1.75e+05 eV; rules R3; twin of 30357/30357042/ (d:ratio)"
CR2-30357-30357013-b6255eb1,30357/30357013/,Z042N054M0,av,A.R.de L.Musgrove,1976,exclude,,dataset,R3_TWIN_SUPERSEDED,150,125000.0,125000.0,0.05,0.0569,R3,,,null,,,,,,"EXCLUDE (R3_TWIN_SUPERSEDED) Z042N054M0 av 30357/30357013/, dataset scope, 15 cell(s) 3500-1.75e+05 eV; rules R3; twin of 30357/30357042/ (d:ratio)"
CR2-30357-30357013-b6255eb1,30357/30357013/,Z042N054M0,av,A.R.de L.Musgrove,1976,exclude,,dataset,R3_TWIN_SUPERSEDED,152,175000.0,175000.0,0.049,0.058,R3,,,null,,,,,,"EXCLUDE (R3_TWIN_SUPERSEDED) Z042N054M0 av 30357/30357013/, dataset scope, 15 cell(s) 3500-1.75e+05 eV; rules R3; twin of 30357/30357042/ (d:ratio)"
CR2-30357-30357016-e0e67d7e,30357/30357016/,Z042N055M0,av,A.R.de L.Musgrove,1976,exclude,,dataset,R3_TWIN_SUPERSEDED,135,3500.0,3500.0,1.36,0.0512,R3,,,null,,,,,,"EXCLUDE (R3_TWIN_SUPERSEDED) Z042N055M0 av 30357/30357016/, dataset scope, 15 cell(s) 3500-1.75e+05 eV; rules R3; twin of 30357/30357043/ (d:ratio)"
CR2-30357-30357016-e0e67d7e,30357/30357016/,Z042N055M0,av,A.R.de L.Musgrove,1976,exclude,,dataset,R3_TWIN_SUPERSEDED,136,4500.0,4500.0,1.275,0.0483,R3,,,null,,,,,,"EXCLUDE (R3_TWIN_SUPERSEDED) Z042N055M0 av 30357/30357016/, dataset scope, 15 cell(s) 3500-1.75e+05 eV; rules R3; twin of 30357/30357043/ (d:ratio)"
CR2-30357-30357016-e0e67d7e,30357/30357016/,Z042N055M0,av,A.R.de L.Musgrove,1976,exclude,,dataset,R3_TWIN_SUPERSEDED,137,5500.0,5500.0,1.3,0.0474,R3,,,null,,,,,,"EXCLUDE (R3_TWIN_SUPERSEDED) Z042N055M0 av 30357/30357016/, dataset scope, 15 cell(s) 3500-1.75e+05 eV; rules R3; twin of 30357/30357043/ (d:ratio)"
CR2-30357-30357016-e0e67d7e,30357/30357016/,Z042N055M0,av,A.R.de L.Musgrove,1976,exclude,,dataset,R3_TWIN_SUPERSEDED,138,7000.0,7000.0,1.06,0.0575,R3,,,null,,,,,,"EXCLUDE (R3_TWIN_SUPERSEDED) Z042N055M0 av 30357/30357016/, dataset scope, 15 cell(s) 3500-1.75e+05 eV; rules R3; twin of 30357/30357043/ (d:ratio)"
CR2-30357-30357016-e0e67d7e,30357/30357016/,Z042N055M0,av,A.R.de L.Musgrove,1976,exclude,,dataset,R3_TWIN_SUPERSEDED,139,9000.0,9000.0,1.0,0.0492,R3,,,null,,,,,,"EXCLUDE (R3_TWIN_SUPERSEDED) Z042N055M0 av 30357/30357016/, dataset scope, 15 cell(s) 3500-1.75e+05 eV; rules R3; twin of 30357/30357043/ (d:ratio)"
CR2-30357-30357016-e0e67d7e,30357/30357016/,Z042N055M0,av,A.R.de L.Musgrove,1976,exclude,,dataset,R3_TWIN_SUPERSEDED,140,12500.0,12500.0,0.675,0.0486,R3,,,null,,,,,,"EXCLUDE (R3_TWIN_SUPERSEDED) Z042N055M0 av 30357/30357016/, dataset scope, 15 cell(s) 3500-1.75e+05 eV; rules R3; twin of 30357/30357043/ (d:ratio)"
CR2-30357-30357016-e0e67d7e,30357/30357016/,Z042N055M0,av,A.R.de L.Musgrove,1976,exclude,,dataset,R3_TWIN_SUPERSEDED,142,17500.0,17500.0,0.6,0.0512,R3,,,null,,,,,,"EXCLUDE (R3_TWIN_SUPERSEDED) Z042N055M0 av 30357/30357016/, dataset scope, 15 cell(s) 3500-1.75e+05 eV; rules R3; twin of 30357/30357043/ (d:ratio)"
CR2-30357-30357016-e0e67d7e,30357/30357016/,Z042N055M0,av,A.R.de L.Musgrove,1976,exclude,,dataset,R3_TWIN_SUPERSEDED,143,25000.0,25000.0,0.46,0.0532,R3,,,null,,,,,,"EXCLUDE (R3_TWIN_SUPERSEDED) Z042N055M0 av 30357/30357016/, dataset scope, 15 cell(s) 3500-1.75e+05 eV; rules R3; twin of 30357/30357043/ (d:ratio)"
CR2-30357-30357016-e0e67d7e,30357/30357016/,Z042N055M0,av,A.R.de L.Musgrove,1976,exclude,,dataset,R3_TWIN_SUPERSEDED,145,35000.0,35000.0,0.38,0.0537,R3,,,null,,,,,,"EXCLUDE (R3_TWIN_SUPERSEDED) Z042N055M0 av 30357/30357016/, dataset scope, 15 cell(s) 3500-1.75e+05 eV; rules R3; twin of 30357/30357043/ (d:ratio)"
CR2-30357-30357016-e0e67d7e,30357/30357016/,Z042N055M0,av,A.R.de L.Musgrove,1976,exclude,,dataset,R3_TWIN_SUPERSEDED,146,45000.0,45000.0,0.295,0.068,R3,,,null,,,,,,"EXCLUDE (R3_TWIN_SUPERSEDED) Z042N055M0 av 30357/30357016/, dataset scope, 15 cell(s) 3500-1.75e+05 eV; rules R3; twin of 30357/30357043/ (d:ratio)"
CR2-30357-30357016-e0e67d7e,30357/30357016/,Z042N055M0,av,A.R.de L.Musgrove,1976,exclude,,dataset,R3_TWIN_SUPERSEDED,147,55000.0,55000.0,0.265,0.0751,R3,,,null,,,,,,"EXCLUDE (R3_TWIN_SUPERSEDED) Z042N055M0 av 30357/30357016/, dataset scope, 15 cell(s) 3500-1.75e+05 eV; rules R3; twin of 30357/30357043/ (d:ratio)"
CR2-30357-30357016-e0e67d7e,30357/30357016/,Z042N055M0,av,A.R.de L.Musgrove,1976,exclude,,dataset,R3_TWIN_SUPERSEDED,148,70000.0,70000.0,0.21,0.0757,R3,,,null,,,,,,"EXCLUDE (R3_TWIN_SUPERSEDED) Z042N055M0 av 30357/30357016/, dataset scope, 15 cell(s) 3500-1.75e+05 eV; rules R3; twin of 30357/30357043/ (d:ratio)"
CR2-30357-30357016-e0e67d7e,30357/30357016/,Z042N055M0,av,A.R.de L.Musgrove,1976,exclude,,dataset,R3_TWIN_SUPERSEDED,149,90000.0,90000.0,0.18,0.0669,R3,,,null,,,,,,"EXCLUDE (R3_TWIN_SUPERSEDED) Z042N055M0 av 30357/30357016/, dataset scope, 15 cell(s) 3500-1.75e+05 eV; rules R3; twin of 30357/30357043/ (d:ratio)"
CR2-30357-30357016-e0e67d7e,30357/30357016/,Z042N055M0,av,A.R.de L.Musgrove,1976,exclude,,dataset,R3_TWIN_SUPERSEDED,150,125000.0,125000.0,0.15,0.0669,R3,,,null,,,,,,"EXCLUDE (R3_TWIN_SUPERSEDED) Z042N055M0 av 30357/30357016/, dataset scope, 15 cell(s) 3500-1.75e+05 eV; rules R3; twin of 30357/30357043/ (d:ratio)"
CR2-30357-30357016-e0e67d7e,30357/30357016/,Z042N055M0,av,A.R.de L.Musgrove,1976,exclude,,dataset,R3_TWIN_SUPERSEDED,152,175000.0,175000.0,0.135,0.0738,R3,,,null,,,,,,"EXCLUDE (R3_TWIN_SUPERSEDED) Z042N055M0 av 30357/30357016/, dataset scope, 15 cell(s) 3500-1.75e+05 eV; rules R3; twin of 30357/30357043/ (d:ratio)"
CR2-30357-30357019-673dcc04,30357/30357019/,Z042N056M0,av,A.R.de L.Musgrove,1976,exclude,,dataset,R3_TWIN_SUPERSEDED,135,3500.0,3500.0,0.26,0.0474,R3,,,null,,,,,,"EXCLUDE (R3_TWIN_SUPERSEDED) Z042N056M0 av 30357/30357019/, dataset scope, 15 cell(s) 3500-1.75e+05 eV; rules R3; twin of 30357/30357044/ (d:ratio)"
CR2-30357-30357019-673dcc04,30357/30357019/,Z042N056M0,av,A.R.de L.Musgrove,1976,exclude,,dataset,R3_TWIN_SUPERSEDED,136,4500.0,4500.0,0.43,0.0478,R3,,,null,,,,,,"EXCLUDE (R3_TWIN_SUPERSEDED) Z042N056M0 av 30357/30357019/, dataset scope, 15 cell(s) 3500-1.75e+05 eV; rules R3; twin of 30357/30357044/ (d:ratio)"
CR2-30357-30357019-673dcc04,30357/30357019/,Z042N056M0,av,A.R.de L.Musgrove,1976,exclude,,dataset,R3_TWIN_SUPERSEDED,137,5500.0,5500.0,0.38,0.0537,R3,,,null,,,,,,"EXCLUDE (R3_TWIN_SUPERSEDED) Z042N056M0 av 30357/30357019/, dataset scope, 15 cell(s) 3500-1.75e+05 eV; rules R3; twin of 30357/30357044/ (d:ratio)"
CR2-30357-30357019-673dcc04,30357/30357019/,Z042N056M0,av,A.R.de L.Musgrove,1976,exclude,,dataset,R3_TWIN_SUPERSEDED,138,7000.0,7000.0,0.215,0.0567,R3,,,null,,,,,,"EXCLUDE (R3_TWIN_SUPERSEDED) Z042N056M0 av 30357/30357019/, dataset scope, 15 cell(s) 3500-1.75e+05 eV; rules R3; twin of 30357/30357044/ (d:ratio)"
CR2-30357-30357019-673dcc04,30357/30357019/,Z042N056M0,av,A.R.de L.Musgrove,1976,exclude,,dataset,R3_TWIN_SUPERSEDED,139,9000.0,9000.0,0.19,0.0537,R3,,,null,,,,,,"EXCLUDE (R3_TWIN_SUPERSEDED) Z042N056M0 av 30357/30357019/, dataset scope, 15 cell(s) 3500-1.75e+05 eV; rules R3; twin of 30357/30357044/ (d:ratio)"
CR2-30357-30357019-673dcc04,30357/30357019/,Z042N056M0,av,A.R.de L.Musgrove,1976,exclude,,dataset,R3_TWIN_SUPERSEDED,140,12500.0,12500.0,0.17,0.0596,R3,,,null,,,,,,"EXCLUDE (R3_TWIN_SUPERSEDED) Z042N056M0 av 30357/30357019/, dataset scope, 15 cell(s) 3500-1.75e+05 eV; rules R3; twin of 30357/30357044/ (d:ratio)"
CR2-30357-30357019-673dcc04,30357/30357019/,Z042N056M0,av,A.R.de L.Musgrove,1976,exclude,,dataset,R3_TWIN_SUPERSEDED,142,17500.0,17500.0,0.12,0.0544,R3,,,null,,,,,,"EXCLUDE (R3_TWIN_SUPERSEDED) Z042N056M0 av 30357/30357019/, dataset scope, 15 cell(s) 3500-1.75e+05 eV; rules R3; twin of 30357/30357044/ (d:ratio)"
CR2-30357-30357019-673dcc04,30357/30357019/,Z042N056M0,av,A.R.de L.Musgrove,1976,exclude,,dataset,R3_TWIN_SUPERSEDED,143,25000.0,25000.0,0.1,0.0607,R3,,,null,,,,,,"EXCLUDE (R3_TWIN_SUPERSEDED) Z042N056M0 av 30357/30357019/, dataset scope, 15 cell(s) 3500-1.75e+05 eV; rules R3; twin of 30357/30357044/ (d:ratio)"
CR2-30357-30357019-673dcc04,30357/30357019/,Z042N056M0,av,A.R.de L.Musgrove,1976,exclude,,dataset,R3_TWIN_SUPERSEDED,145,35000.0,35000.0,0.113,0.0507,R3,,,null,,,,,,"EXCLUDE (R3_TWIN_SUPERSEDED) Z042N056M0 av 30357/30357019/, dataset scope, 15 cell(s) 3500-1.75e+05 eV; rules R3; twin of 30357/30357044/ (d:ratio)"
CR2-30357-30357019-673dcc04,30357/30357019/,Z042N056M0,av,A.R.de L.Musgrove,1976,exclude,,dataset,R3_TWIN_SUPERSEDED,146,45000.0,45000.0,0.068,0.054,R3,,,null,,,,,,"EXCLUDE (R3_TWIN_SUPERSEDED) Z042N056M0 av 30357/30357019/, dataset scope, 15 cell(s) 3500-1.75e+05 eV; rules R3; twin of 30357/30357044/ (d:ratio)"
CR2-30357-30357019-673dcc04,30357/30357019/,Z042N056M0,av,A.R.de L.Musgrove,1976,exclude,,dataset,R3_TWIN_SUPERSEDED,147,55000.0,55000.0,0.064,0.0451,R3,,,null,,,,,,"EXCLUDE (R3_TWIN_SUPERSEDED) Z042N056M0 av 30357/30357019/, dataset scope, 15 cell(s) 3500-1.75e+05 eV; rules R3; twin of 30357/30357044/ (d:ratio)"
CR2-30357-30357019-673dcc04,30357/30357019/,Z042N056M0,av,A.R.de L.Musgrove,1976,exclude,,dataset,R3_TWIN_SUPERSEDED,148,70000.0,70000.0,0.061,0.0472,R3,,,null,,,,,,"EXCLUDE (R3_TWIN_SUPERSEDED) Z042N056M0 av 30357/30357019/, dataset scope, 15 cell(s) 3500-1.75e+05 eV; rules R3; twin of 30357/30357044/ (d:ratio)"
CR2-30357-30357019-673dcc04,30357/30357019/,Z042N056M0,av,A.R.de L.Musgrove,1976,exclude,,dataset,R3_TWIN_SUPERSEDED,149,90000.0,90000.0,0.05,0.0492,R3,,,null,,,,,,"EXCLUDE (R3_TWIN_SUPERSEDED) Z042N056M0 av 30357/30357019/, dataset scope, 15 cell(s) 3500-1.75e+05 eV; rules R3; twin of 30357/30357044/ (d:ratio)"
CR2-30357-30357019-673dcc04,30357/30357019/,Z042N056M0,av,A.R.de L.Musgrove,1976,exclude,,dataset,R3_TWIN_SUPERSEDED,150,125000.0,125000.0,0.043,0.0386,R3,,,null,,,,,,"EXCLUDE (R3_TWIN_SUPERSEDED) Z042N056M0 av 30357/30357019/, dataset scope, 15 cell(s) 3500-1.75e+05 eV; rules R3; twin of 30357/30357044/ (d:ratio)"
CR2-30357-30357019-673dcc04,30357/30357019/,Z042N056M0,av,A.R.de L.Musgrove,1976,exclude,,dataset,R3_TWIN_SUPERSEDED,152,175000.0,175000.0,0.045,0.037,R3,,,null,,,,,,"EXCLUDE (R3_TWIN_SUPERSEDED) Z042N056M0 av 30357/30357019/, dataset scope, 15 cell(s) 3500-1.75e+05 eV; rules R3; twin of 30357/30357044/ (d:ratio)"
CR2-30357-30357022-d94c34ce,30357/30357022/,Z042N058M0,av,A.R.de L.Musgrove,1976,exclude,,dataset,R3_TWIN_SUPERSEDED,135,3500.0,3500.0,0.47,0.0522,R3,,,null,,,,,,"EXCLUDE (R3_TWIN_SUPERSEDED) Z042N058M0 av 30357/30357022/, dataset scope, 15 cell(s) 3500-1.75e+05 eV; rules R3; twin of 30357/30357045/ (d:ratio)"
CR2-30357-30357022-d94c34ce,30357/30357022/,Z042N058M0,av,A.R.de L.Musgrove,1976,exclude,,dataset,R3_TWIN_SUPERSEDED,136,4500.0,4500.0,0.23,0.0532,R3,,,null,,,,,,"EXCLUDE (R3_TWIN_SUPERSEDED) Z042N058M0 av 30357/30357022/, dataset scope, 15 cell(s) 3500-1.75e+05 eV; rules R3; twin of 30357/30357045/ (d:ratio)"
CR2-30357-30357022-d94c34ce,30357/30357022/,Z042N058M0,av,A.R.de L.Musgrove,1976,exclude,,dataset,R3_TWIN_SUPERSEDED,137,5500.0,5500.0,0.145,0.0561,R3,,,null,,,,,,"EXCLUDE (R3_TWIN_SUPERSEDED) Z042N058M0 av 30357/30357022/, dataset scope, 15 cell(s) 3500-1.75e+05 eV; rules R3; twin of 30357/30357045/ (d:ratio)"
CR2-30357-30357022-d94c34ce,30357/30357022/,Z042N058M0,av,A.R.de L.Musgrove,1976,exclude,,dataset,R3_TWIN_SUPERSEDED,138,7000.0,7000.0,0.27,0.0458,R3,,,null,,,,,,"EXCLUDE (R3_TWIN_SUPERSEDED) Z042N058M0 av 30357/30357022/, dataset scope, 15 cell(s) 3500-1.75e+05 eV; rules R3; twin of 30357/30357045/ (d:ratio)"
CR2-30357-30357022-d94c34ce,30357/30357022/,Z042N058M0,av,A.R.de L.Musgrove,1976,exclude,,dataset,R3_TWIN_SUPERSEDED,139,9000.0,9000.0,0.18,0.0458,R3,,,null,,,,,,"EXCLUDE (R3_TWIN_SUPERSEDED) Z042N058M0 av 30357/30357022/, dataset scope, 15 cell(s) 3500-1.75e+05 eV; rules R3; twin of 30357/30357045/ (d:ratio)"
CR2-30357-30357022-d94c34ce,30357/30357022/,Z042N058M0,av,A.R.de L.Musgrove,1976,exclude,,dataset,R3_TWIN_SUPERSEDED,140,12500.0,12500.0,0.16,0.0631,R3,,,null,,,,,,"EXCLUDE (R3_TWIN_SUPERSEDED) Z042N058M0 av 30357/30357022/, dataset scope, 15 cell(s) 3500-1.75e+05 eV; rules R3; twin of 30357/30357045/ (d:ratio)"
CR2-30357-30357022-d94c34ce,30357/30357022/,Z042N058M0,av,A.R.de L.Musgrove,1976,exclude,,dataset,R3_TWIN_SUPERSEDED,142,17500.0,17500.0,0.135,0.06,R3,,,null,,,,,,"EXCLUDE (R3_TWIN_SUPERSEDED) Z042N058M0 av 30357/30357022/, dataset scope, 15 cell(s) 3500-1.75e+05 eV; rules R3; twin of 30357/30357045/ (d:ratio)"
CR2-30357-30357022-d94c34ce,30357/30357022/,Z042N058M0,av,A.R.de L.Musgrove,1976,exclude,,dataset,R3_TWIN_SUPERSEDED,143,25000.0,25000.0,0.105,0.0757,R3,,,null,,,,,,"EXCLUDE (R3_TWIN_SUPERSEDED) Z042N058M0 av 30357/30357022/, dataset scope, 15 cell(s) 3500-1.75e+05 eV; rules R3; twin of 30357/30357045/ (d:ratio)"
CR2-30357-30357022-d94c34ce,30357/30357022/,Z042N058M0,av,A.R.de L.Musgrove,1976,exclude,,dataset,R3_TWIN_SUPERSEDED,145,35000.0,35000.0,0.1,0.0792,R3,,,null,,,,,,"EXCLUDE (R3_TWIN_SUPERSEDED) Z042N058M0 av 30357/30357022/, dataset scope, 15 cell(s) 3500-1.75e+05 eV; rules R3; twin of 30357/30357045/ (d:ratio)"
CR2-30357-30357022-d94c34ce,30357/30357022/,Z042N058M0,av,A.R.de L.Musgrove,1976,exclude,,dataset,R3_TWIN_SUPERSEDED,146,45000.0,45000.0,0.08,0.0746,R3,,,null,,,,,,"EXCLUDE (R3_TWIN_SUPERSEDED) Z042N058M0 av 30357/30357022/, dataset scope, 15 cell(s) 3500-1.75e+05 eV; rules R3; twin of 30357/30357045/ (d:ratio)"
CR2-30357-30357022-d94c34ce,30357/30357022/,Z042N058M0,av,A.R.de L.Musgrove,1976,exclude,,dataset,R3_TWIN_SUPERSEDED,147,55000.0,55000.0,0.065,0.0902,R3,,,null,,,,,,"EXCLUDE (R3_TWIN_SUPERSEDED) Z042N058M0 av 30357/30357022/, dataset scope, 15 cell(s) 3500-1.75e+05 eV; rules R3; twin of 30357/30357045/ (d:ratio)"
CR2-30357-30357022-d94c34ce,30357/30357022/,Z042N058M0,av,A.R.de L.Musgrove,1976,exclude,,dataset,R3_TWIN_SUPERSEDED,148,70000.0,70000.0,0.055,0.0726,R3,,,null,,,,,,"EXCLUDE (R3_TWIN_SUPERSEDED) Z042N058M0 av 30357/30357022/, dataset scope, 15 cell(s) 3500-1.75e+05 eV; rules R3; twin of 30357/30357045/ (d:ratio)"
CR2-30357-30357022-d94c34ce,30357/30357022/,Z042N058M0,av,A.R.de L.Musgrove,1976,exclude,,dataset,R3_TWIN_SUPERSEDED,149,90000.0,90000.0,0.05,0.0719,R3,,,null,,,,,,"EXCLUDE (R3_TWIN_SUPERSEDED) Z042N058M0 av 30357/30357022/, dataset scope, 15 cell(s) 3500-1.75e+05 eV; rules R3; twin of 30357/30357045/ (d:ratio)"
CR2-30357-30357022-d94c34ce,30357/30357022/,Z042N058M0,av,A.R.de L.Musgrove,1976,exclude,,dataset,R3_TWIN_SUPERSEDED,150,125000.0,125000.0,0.048,0.0746,R3,,,null,,,,,,"EXCLUDE (R3_TWIN_SUPERSEDED) Z042N058M0 av 30357/30357022/, dataset scope, 15 cell(s) 3500-1.75e+05 eV; rules R3; twin of 30357/30357045/ (d:ratio)"
CR2-30357-30357022-d94c34ce,30357/30357022/,Z042N058M0,av,A.R.de L.Musgrove,1976,exclude,,dataset,R3_TWIN_SUPERSEDED,152,175000.0,175000.0,0.055,0.0726,R3,,,null,,,,,,"EXCLUDE (R3_TWIN_SUPERSEDED) Z042N058M0 av 30357/30357022/, dataset scope, 15 cell(s) 3500-1.75e+05 eV; rules R3; twin of 30357/30357045/ (d:ratio)"
CR2-30357-30357023-a0a9836c,30357/30357023/,Z042NAT,av,A.R.de L.Musgrove,1976,exclude,,dataset,R3_TWIN_SUPERSEDED,135,3500.0,3500.0,0.618,0.0466,R3,,,null,,,,,,"EXCLUDE (R3_TWIN_SUPERSEDED) Z042NAT av 30357/30357023/, dataset scope, 15 cell(s) 3500-1.75e+05 eV; rules R3; twin of 30357/30357046/ (d:ratio)"
CR2-30357-30357023-a0a9836c,30357/30357023/,Z042NAT,av,A.R.de L.Musgrove,1976,exclude,,dataset,R3_TWIN_SUPERSEDED,136,4500.0,4500.0,0.572,0.0501,R3,,,null,,,,,,"EXCLUDE (R3_TWIN_SUPERSEDED) Z042NAT av 30357/30357023/, dataset scope, 15 cell(s) 3500-1.75e+05 eV; rules R3; twin of 30357/30357046/ (d:ratio)"
CR2-30357-30357023-a0a9836c,30357/30357023/,Z042NAT,av,A.R.de L.Musgrove,1976,exclude,,dataset,R3_TWIN_SUPERSEDED,137,5500.0,5500.0,0.508,0.05,R3,,,null,,,,,,"EXCLUDE (R3_TWIN_SUPERSEDED) Z042NAT av 30357/30357023/, dataset scope, 15 cell(s) 3500-1.75e+05 eV; rules R3; twin of 30357/30357046/ (d:ratio)"
CR2-30357-30357023-a0a9836c,30357/30357023/,Z042NAT,av,A.R.de L.Musgrove,1976,exclude,,dataset,R3_TWIN_SUPERSEDED,138,7000.0,7000.0,0.412,0.0497,R3,,,null,,,,,,"EXCLUDE (R3_TWIN_SUPERSEDED) Z042NAT av 30357/30357023/, dataset scope, 15 cell(s) 3500-1.75e+05 eV; rules R3; twin of 30357/30357046/ (d:ratio)"
CR2-30357-30357023-a0a9836c,30357/30357023/,Z042NAT,av,A.R.de L.Musgrove,1976,exclude,,dataset,R3_TWIN_SUPERSEDED,139,9000.0,9000.0,0.402,0.0461,R3,,,null,,,,,,"EXCLUDE (R3_TWIN_SUPERSEDED) Z042NAT av 30357/30357023/, dataset scope, 15 cell(s) 3500-1.75e+05 eV; rules R3; twin of 30357/30357046/ (d:ratio)"
CR2-30357-30357023-a0a9836c,30357/30357023/,Z042NAT,av,A.R.de L.Musgrove,1976,exclude,,dataset,R3_TWIN_SUPERSEDED,140,12500.0,12500.0,0.283,0.0506,R3,,,null,,,,,,"EXCLUDE (R3_TWIN_SUPERSEDED) Z042NAT av 30357/30357023/, dataset scope, 15 cell(s) 3500-1.75e+05 eV; rules R3; twin of 30357/30357046/ (d:ratio)"
CR2-30357-30357023-a0a9836c,30357/30357023/,Z042NAT,av,A.R.de L.Musgrove,1976,exclude,,dataset,R3_TWIN_SUPERSEDED,142,17500.0,17500.0,0.24,0.0512,R3,,,null,,,,,,"EXCLUDE (R3_TWIN_SUPERSEDED) Z042NAT av 30357/30357023/, dataset scope, 15 cell(s) 3500-1.75e+05 eV; rules R3; twin of 30357/30357046/ (d:ratio)"
CR2-30357-30357023-a0a9836c,30357/30357023/,Z042NAT,av,A.R.de L.Musgrove,1976,exclude,,dataset,R3_TWIN_SUPERSEDED,143,25000.0,25000.0,0.193,0.0529,R3,,,null,,,,,,"EXCLUDE (R3_TWIN_SUPERSEDED) Z042NAT av 30357/30357023/, dataset scope, 15 cell(s) 3500-1.75e+05 eV; rules R3; twin of 30357/30357046/ (d:ratio)"
CR2-30357-30357023-a0a9836c,30357/30357023/,Z042NAT,av,A.R.de L.Musgrove,1976,exclude,,dataset,R3_TWIN_SUPERSEDED,145,35000.0,35000.0,0.172,0.0523,R3,,,null,,,,,,"EXCLUDE (R3_TWIN_SUPERSEDED) Z042NAT av 30357/30357023/, dataset scope, 15 cell(s) 3500-1.75e+05 eV; rules R3; twin of 30357/30357046/ (d:ratio)"
CR2-30357-30357023-a0a9836c,30357/30357023/,Z042NAT,av,A.R.de L.Musgrove,1976,exclude,,dataset,R3_TWIN_SUPERSEDED,146,45000.0,45000.0,0.13,0.0563,R3,,,null,,,,,,"EXCLUDE (R3_TWIN_SUPERSEDED) Z042NAT av 30357/30357023/, dataset scope, 15 cell(s) 3500-1.75e+05 eV; rules R3; twin of 30357/30357046/ (d:ratio)"
CR2-30357-30357023-a0a9836c,30357/30357023/,Z042NAT,av,A.R.de L.Musgrove,1976,exclude,,dataset,R3_TWIN_SUPERSEDED,147,55000.0,55000.0,0.115,0.0632,R3,,,null,,,,,,"EXCLUDE (R3_TWIN_SUPERSEDED) Z042NAT av 30357/30357023/, dataset scope, 15 cell(s) 3500-1.75e+05 eV; rules R3; twin of 30357/30357046/ (d:ratio)"
CR2-30357-30357023-a0a9836c,30357/30357023/,Z042NAT,av,A.R.de L.Musgrove,1976,exclude,,dataset,R3_TWIN_SUPERSEDED,148,70000.0,70000.0,0.097,0.0624,R3,,,null,,,,,,"EXCLUDE (R3_TWIN_SUPERSEDED) Z042NAT av 30357/30357023/, dataset scope, 15 cell(s) 3500-1.75e+05 eV; rules R3; twin of 30357/30357046/ (d:ratio)"
CR2-30357-30357023-a0a9836c,30357/30357023/,Z042NAT,av,A.R.de L.Musgrove,1976,exclude,,dataset,R3_TWIN_SUPERSEDED,149,90000.0,90000.0,0.085,0.0574,R3,,,null,,,,,,"EXCLUDE (R3_TWIN_SUPERSEDED) Z042NAT av 30357/30357023/, dataset scope, 15 cell(s) 3500-1.75e+05 eV; rules R3; twin of 30357/30357046/ (d:ratio)"
CR2-30357-30357023-a0a9836c,30357/30357023/,Z042NAT,av,A.R.de L.Musgrove,1976,exclude,,dataset,R3_TWIN_SUPERSEDED,150,125000.0,125000.0,0.073,0.0505,R3,,,null,,,,,,"EXCLUDE (R3_TWIN_SUPERSEDED) Z042NAT av 30357/30357023/, dataset scope, 15 cell(s) 3500-1.75e+05 eV; rules R3; twin of 30357/30357046/ (d:ratio)"
CR2-30357-30357023-a0a9836c,30357/30357023/,Z042NAT,av,A.R.de L.Musgrove,1976,exclude,,dataset,R3_TWIN_SUPERSEDED,152,175000.0,175000.0,0.069,0.0532,R3,,,null,,,,,,"EXCLUDE (R3_TWIN_SUPERSEDED) Z042NAT av 30357/30357023/, dataset scope, 15 cell(s) 3500-1.75e+05 eV; rules R3; twin of 30357/30357046/ (d:ratio)"
CR2-30357-30357025-488123f5,30357/30357025/,Z042N054M0,mxw,A.R.de L.Musgrove,1976,exclude,,dataset,R3_TWIN_SUPERSEDED,144,30000.0,30000.0,0.11,0.0555,R3,,,null,,,,,,"EXCLUDE (R3_TWIN_SUPERSEDED) Z042N054M0 mxw 30357/30357025/, dataset scope, 1 cell(s) 3e+04-3e+04 eV; rules R3; twin of 30357/30357032/ (x:SPSDD)"
CR2-30357-30357026-c380602e,30357/30357026/,Z042N055M0,mxw,A.R.de L.Musgrove,1976,exclude,,dataset,R3_TWIN_SUPERSEDED,144,30000.0,30000.0,0.39,0.0524,R3,,,null,,,,,,"EXCLUDE (R3_TWIN_SUPERSEDED) Z042N055M0 mxw 30357/30357026/, dataset scope, 1 cell(s) 3e+04-3e+04 eV; rules R3; twin of 30357/30357033/ (x:SPSDD)"
CR2-30357-30357027-45aa0345,30357/30357027/,Z042N056M0,mxw,A.R.de L.Musgrove,1976,exclude,,dataset,R3_TWIN_SUPERSEDED,144,30000.0,30000.0,0.1,0.0607,R3,,,null,,,,,,"EXCLUDE (R3_TWIN_SUPERSEDED) Z042N056M0 mxw 30357/30357027/, dataset scope, 1 cell(s) 3e+04-3e+04 eV; rules R3; twin of 30357/30357034/ (x:SPSDD)"
CR2-30360-30360013-77de29a9,30360/30360013/,Z060N084M0,av,A.R.de L.Musgrove,1977,downweight,0.25,cells,R5D_INTER_DATASET_SCATTER,137,5500.0,5500.0,0.068,0.0426,R5d,-0.44907,2,"[0.485, 0.413]",0.017,,,,,"DOWNWEIGHT (R5D_INTER_DATASET_SCATTER) Z060N084M0 av 30360/30360013/, cells scope, 1 cell(s) 5500-5500 eV; rules R5d; d=-0.45 dex vs 2 independent series; series median +0.02 over 214 cells"
CR2-30368-30368013-42ea43bb,30368/30368013/,Z042N056M0,ri,Vichai Hayodom,1969,exclude,,dataset,R5X_INTER_DATASET_SCATTER,96,0.5,0.5,21.0,0.0414,R12+R5x,0.498745,7,"[-0.606, -0.523, -0.452, -0.471, -0.499, -1.208, -0.476]",-0.05,,,,,"EXCLUDE (R5X_INTER_DATASET_SCATTER) Z042N056M0 ri 30368/30368013/, dataset scope, 1 cell(s) 0.5-0.5 eV; rules R12+R5x; d=+0.50 dex vs 7 independent series; series median -0.05 over 15 cells"
CR2-30493-30493008-7c597ec1,30493/30493008/,Z057N082M0,sig,S.N.Chaturvedi,1970,exclude,,dataset,R5X_INTER_DATASET_SCATTER,143,24000.0,24000.0,0.013,0.0414,R12+R5x,-0.585027,7,"[0.585, 0.576, 0.61, 0.632, 0.585, 0.348, 0.761]",-0.277,,,,,"EXCLUDE (R5X_INTER_DATASET_SCATTER) Z057N082M0 sig 30493/30493008/, dataset scope, 1 cell(s) 2.4e+04-2.4e+04 eV; rules R12+R5x; d=-0.59 dex vs 7 independent series; series median -0.28 over 3 cells"
CR2-30501-30501010-ed34450c,30501/30501010/,Z064N096M0,sig,B.V.Thirumala Rao,1972,exclude,,dataset,R5X_INTER_DATASET_SCATTER,143,25000.0,25000.0,0.015,0.1663,R5x,-1.05339,4,"[0.736, 0.865, 1.286, 1.241]",-0.113,,,,,"EXCLUDE (R5X_INTER_DATASET_SCATTER) Z064N096M0 sig 30501/30501010/, dataset scope, 1 cell(s) 2.5e+04-2.5e+04 eV; rules R5x; d=-1.05 dex vs 4 independent series; series median -0.11 over 4 cells"
CR2-30506-30506008-70d19203,30506/30506008/,Z056N080M0,sig,D.B.Stroud,1972,exclude,,dataset,R3_TWIN_SUPERSEDED,144,30000.0,30000.0,0.09,0.0669,R3,,,null,,,,,,"EXCLUDE (R3_TWIN_SUPERSEDED) Z056N080M0 sig 30506/30506008/, dataset scope, 1 cell(s) 3e+04-3e+04 eV; rules R3; twin of 30506/30506012/ (x:SPSDD)"
CR2-30506-30506009-d4ae4261,30506/30506009/,Z048N062M0,sig,D.B.Stroud,1972,exclude,,dataset,R3_TWIN_SUPERSEDED,144,30000.0,30000.0,0.27,0.031,R3,,,null,,,,,,"EXCLUDE (R3_TWIN_SUPERSEDED) Z048N062M0 sig 30506/30506009/, dataset scope, 1 cell(s) 3e+04-3e+04 eV; rules R3; twin of 30506/30506013/ (x:SPSDD)"
CR2-30506-30506010-bbff8f10,30506/30506010/,Z042N054M0,sig,D.B.Stroud,1972,exclude,,dataset,R3_TWIN_SUPERSEDED,144,30000.0,30000.0,0.104,0.0474,R3,,,null,,,,,,"EXCLUDE (R3_TWIN_SUPERSEDED) Z042N054M0 sig 30506/30506010/, dataset scope, 1 cell(s) 3e+04-3e+04 eV; rules R3; twin of 30506/30506014/ (x:SPSDD)"
CR2-30506-30506011-340e6403,30506/30506011/,Z042N052M0,sig,D.B.Stroud,1972,exclude,,dataset,R3_TWIN_SUPERSEDED,144,30000.0,30000.0,0.1,0.0492,R3,,,null,,,,,,"EXCLUDE (R3_TWIN_SUPERSEDED) Z042N052M0 sig 30506/30506011/, dataset scope, 1 cell(s) 3e+04-3e+04 eV; rules R3; twin of 30506/30506015/ (x:SPSDD)"
CR2-30692-30692002-461e4dda,30692/30692002/,Z064N096M0,sig,R.K.Y.Singh,1984,downweight,0.25,cells,R8_UNCORRECTED_LOW_ENERGY_BACKGROUND,164,3040000.0,3040000.0,0.0077,0.0773,R8,-0.260963,2,"[0.344, 0.178]",0.002,,,,RF034,"DOWNWEIGHT (R8_UNCORRECTED_LOW_ENERGY_BACKGROUND) Z064N096M0 sig 30692/30692002/, cells scope, 1 cell(s) 3.04e+06-3.04e+06 eV; rules R8; d=-0.26 dex vs 2 independent series; series median +0.00 over 9 cells"
CR2-30839-30839004-4e791f40,30839/30839004/,Z070N098M0,mxw,J.Y.Lee,2014,exclude,,dataset,R5X_INTER_DATASET_SCATTER,84,0.0253,0.0253,1335.0,0.0138,R5x,-0.477986,4,"[0.438, 0.615, 0.327, 0.518]",-0.176,,,,,"EXCLUDE (R5X_INTER_DATASET_SCATTER) Z070N098M0 mxw 30839/30839004/, dataset scope, 1 cell(s) 0.0253-0.0253 eV; rules R5x; d=-0.48 dex vs 4 independent series; series median -0.18 over 1 cells"
CR2-30858-30858003-767c35b8,30858/30858003/,Z070N104M0,ri,T.H.Nguyen,2023,exclude,,dataset,R5X_INTER_DATASET_SCATTER,96,0.55,0.55,54100.0,0.0325,R5x,3.051956,5,"[-2.897, -3.052, -3.256, -3.157, -2.958]",0.002,,,,,"EXCLUDE (R5X_INTER_DATASET_SCATTER) Z070N104M0 ri 30858/30858003/, dataset scope, 1 cell(s) 0.55-0.55 eV; rules R5x; d=+3.05 dex vs 5 independent series; series median +0.00 over 3 cells"
CR2-30928-30928002-23cc2303,30928/30928002/,Z064N096M0,sig,R.K.Y.Singh,1988,downweight,0.25,cells,R8_UNCORRECTED_LOW_ENERGY_BACKGROUND,164,3050000.0,3050000.0,0.0081,0.0827,R8,-0.238968,2,"[0.322, 0.156]",0.002,,,,RF035,"DOWNWEIGHT (R8_UNCORRECTED_LOW_ENERGY_BACKGROUND) Z064N096M0 sig 30928/30928002/, cells scope, 1 cell(s) 3.05e+06-3.05e+06 eV; rules R8; d=-0.24 dex vs 2 independent series; series median +0.00 over 9 cells"
CR2-30994-30994002-438a225e,30994/30994002/,Z042N056M0,sig,Wang Chunhao,1991,downweight,0.25,cells,R5D_INTER_DATASET_SCATTER,150,121000.0,121000.0,0.0338,0.0043,R5d,-0.404707,2,"[0.317, 0.492]",-0.108,,,,,"DOWNWEIGHT (R5D_INTER_DATASET_SCATTER) Z042N056M0 sig 30994/30994002/, cells scope, 1 cell(s) 1.21e+05-1.21e+05 eV; rules R5d; d=-0.40 dex vs 2 independent series (bins +-1); series median -0.11 over 6 cells"
CR2-31080-31080005-63303199,31080/31080005/,Z053N074M0,sig,S.M.Qaim,1968,exclude,,dataset,R5X_INTER_DATASET_SCATTER,171,14700000.0,14700000.0,0.0072,0.0669,R5x,0.793133,8,"[-0.717, -0.808, -0.903, -1.065, -0.459, -0.42, -0.778, -0.971]",,,0.556,,,"EXCLUDE (R5X_INTER_DATASET_SCATTER) Z053N074M0 sig 31080/31080005/, dataset scope, 1 cell(s) 1.47e+07-1.47e+07 eV; rules R5x; d=+0.79 dex vs 8 independent series; 14 MeV d=+0.56 dex vs 13 nuclides"
CR2-31512-31512002-8de2b4d5,31512/31512002/,Z044N052M0,ri,T.BEREZNAI,1977,exclude,,dataset,R3_TWIN_SUPERSEDED,96,0.5,0.5,6.5,0.0504,R3,,,null,,,,,,"EXCLUDE (R3_TWIN_SUPERSEDED) Z044N052M0 ri 31512/31512002/, dataset scope, 1 cell(s) 0.5-0.5 eV; rules R3; twin of 31476/31476002/ (d:exact)"
CR2-31512-31512003-df0abf69,31512/31512003/,Z044N058M0,ri,T.BEREZNAI,1977,exclude,,dataset,R3_TWIN_SUPERSEDED,96,0.5,0.5,4.7,0.247,R3,,,null,,,,,,"EXCLUDE (R3_TWIN_SUPERSEDED) Z044N058M0 ri 31512/31512003/, dataset scope, 1 cell(s) 0.5-0.5 eV; rules R3; twin of 31476/31476003/ (d:exact)"
CR2-31512-31512004-0616019c,31512/31512004/,Z044N060M0,ri,T.BEREZNAI,1977,exclude,,dataset,R3_TWIN_SUPERSEDED,96,0.5,0.5,5.9,0.1534,R3,,,null,,,,,,"EXCLUDE (R3_TWIN_SUPERSEDED) Z044N060M0 ri 31512/31512004/, dataset scope, 1 cell(s) 0.5-0.5 eV; rules R3; twin of 31476/31476004/ (d:exact)"
CR2-31713-31713003-02ffea35,31713/31713003/,Z075N112M0,sig,V.H.Tan,2011,downweight,0.25,cells,R5D_INTER_DATASET_SCATTER,147,54000.0,59000.0,0.4445,0.0211,R5d,-0.389749,2,"[0.324, 0.456]",-0.102,,,,,"DOWNWEIGHT (R5D_INTER_DATASET_SCATTER) Z075N112M0 sig 31713/31713003/, cells scope, 1 cell(s) 5.4e+04-5.9e+04 eV; rules R5d; d=-0.39 dex vs 2 independent series (bins +-1); series median -0.10 over 8 cells"
CR2-31869-31869003-1-67c08176,31869/31869003/1,Z074N112M0,ri,K.Al-Khasawneh,2024,exclude,,dataset,R5X_INTER_DATASET_SCATTER,96,0.55,0.55,113.93,0.0662,R5x,-0.575946,16,"[0.634, 0.449, 0.446, 0.588, 0.597, 0.573, 0.494, 0.671, 0.556, 0.523, 0.636, 0.652, 0.481, 0.586, 0.576, 0.576]",-0.063,,,,,"EXCLUDE (R5X_INTER_DATASET_SCATTER) Z074N112M0 ri 31869/31869003/1, dataset scope, 1 cell(s) 0.55-0.55 eV; rules R5x; d=-0.58 dex vs 16 independent series; series median -0.06 over 3 cells"
CR2-31869-31869003-2-de0a2fed,31869/31869003/2,Z074N112M0,ri,K.Al-Khasawneh,2024,exclude,,dataset,R5X_INTER_DATASET_SCATTER,96,0.55,0.55,69.35,0.1973,R5x,-0.791537,16,"[0.849, 0.664, 0.661, 0.803, 0.812, 0.788, 0.709, 0.886, 0.772, 0.739, 0.852, 0.867, 0.697, 0.801, 0.791, 0.792]",-0.063,,,,,"EXCLUDE (R5X_INTER_DATASET_SCATTER) Z074N112M0 ri 31869/31869003/2, dataset scope, 1 cell(s) 0.55-0.55 eV; rules R5x; d=-0.79 dex vs 16 independent series; series median -0.06 over 3 cells"
CR2-32224-32224003-b8f0ca3f,32224/32224003/,Z073N108M0,av,N.Dzysiuk,2010,exclude,,dataset,R3_TWIN_SUPERSEDED,164,2850000.0,2850000.0,0.029,0.029,R3,,,null,,,,,,"EXCLUDE (R3_TWIN_SUPERSEDED) Z073N108M0 av 32224/32224003/, dataset scope, 1 cell(s) 2.85e+06-2.85e+06 eV; rules R3; twin of 32224/32224005/ (x:SPSDD)"
CR2-32234-32234008-2-00ca60a9,32234/32234008/2,Z026N028M0,sig,L.L.Litvinskij,1994,exclude,,dataset,R3_TWIN_SUPERSEDED,84,0.0253,0.0253,2.28,0.0414,R3,,,null,,,,,,"EXCLUDE (R3_TWIN_SUPERSEDED) Z026N028M0 sig 32234/32234008/2, dataset scope, 1 cell(s) 0.0253-0.0253 eV; rules R3; twin of 32234/32234008/1 (d:exact)"
CR2-32795-32795002-df15e94d,32795/32795002/,Z072N108M0,sig,Fengqun Zhou,2019,exclude,,dataset,L2_DATA_PLUS_RECORD,171,13500000.0,14800000.0,0.0116,0.0107,R8+R9,,0,null,,,0.972,,RF010,"EXCLUDE (L2_DATA_PLUS_RECORD) Z072N108M0 sig 32795/32795002/, dataset scope, 1 cell(s) 1.35e+07-1.48e+07 eV; rules R8+R9; 14 MeV d=+0.97 dex vs 15 nuclides"
CR2-32814-32814008-77751a6e,32814/32814008/,Z040N056M0,sig,Yong Li,2020,downweight,0.25,dataset,R8_UNCORRECTED_LOW_ENERGY_BACKGROUND,171,13500000.0,14800000.0,0.002065,0.0094,R8,1.235739,1,[-1.236],,,0.02,,RF011,"DOWNWEIGHT (R8_UNCORRECTED_LOW_ENERGY_BACKGROUND) Z040N056M0 sig 32814/32814008/, dataset scope, 1 cell(s) 1.35e+07-1.48e+07 eV; rules R8; d=+1.24 dex vs 1 independent series (bins +-1); 14 MeV d=+0.02 dex vs 13 nuclides"
CR2-33113-33113002-4b91a5c0,33113/33113002/,Z065N094M0,sig,B.K.Soni,2018,downweight,0.25,cells,R5D_INTER_DATASET_SCATTER,167,5080000.0,5080000.0,0.000993,0.0532,R5d,-1.097859,2,"[1.374, 0.822]",,,,,,"DOWNWEIGHT (R5D_INTER_DATASET_SCATTER) Z065N094M0 sig 33113/33113002/, cells scope, 1 cell(s) 5.08e+06-5.08e+06 eV; rules R5d; d=-1.10 dex vs 2 independent series (bins +-1)"
CR2-40005-40005005-5909f581,40005/40005005/,Z051N072M0,sig,V.A.Tolstikov,1968,downweight,0.25,dataset,R2D_PARTIAL_STATE_AS_TOTAL,153,200000.0,242000.0,0.119066,0.0665,R2d,-0.371371,1,[0.371],0.011,,,,RF014,"DOWNWEIGHT (R2D_PARTIAL_STATE_AS_TOTAL) Z051N072M0 sig 40005/40005005/, dataset scope, 10 cell(s) 2e+05-2.723e+06 eV; rules R2d; d=-0.37 dex vs 1 independent series (bins +-1); series median +0.01 over 76 cells"
CR2-40005-40005005-5909f581,40005/40005005/,Z051N072M0,sig,V.A.Tolstikov,1968,downweight,0.25,dataset,R2D_PARTIAL_STATE_AS_TOTAL,155,394000.0,394000.0,0.106854,0.0906,R2d,,0,null,,,,,RF014,"DOWNWEIGHT (R2D_PARTIAL_STATE_AS_TOTAL) Z051N072M0 sig 40005/40005005/, dataset scope, 10 cell(s) 2e+05-2.723e+06 eV; rules R2d; d=-0.37 dex vs 1 independent series (bins +-1); series median +0.01 over 76 cells"
CR2-40005-40005005-5909f581,40005/40005005/,Z051N072M0,sig,V.A.Tolstikov,1968,downweight,0.25,dataset,R2D_PARTIAL_STATE_AS_TOTAL,157,515000.0,612000.0,0.098204,0.0693,R2d,,0,null,,,,,RF014,"DOWNWEIGHT (R2D_PARTIAL_STATE_AS_TOTAL) Z051N072M0 sig 40005/40005005/, dataset scope, 10 cell(s) 2e+05-2.723e+06 eV; rules R2d; d=-0.37 dex vs 1 independent series (bins +-1); series median +0.01 over 76 cells"
CR2-40005-40005005-5909f581,40005/40005005/,Z051N072M0,sig,V.A.Tolstikov,1968,downweight,0.25,dataset,R2D_PARTIAL_STATE_AS_TOTAL,158,690000.0,780000.0,0.10855,0.0596,R2d,,0,null,,,,,RF014,"DOWNWEIGHT (R2D_PARTIAL_STATE_AS_TOTAL) Z051N072M0 sig 40005/40005005/, dataset scope, 10 cell(s) 2e+05-2.723e+06 eV; rules R2d; d=-0.37 dex vs 1 independent series (bins +-1); series median +0.01 over 76 cells"
CR2-40005-40005005-5909f581,40005/40005005/,Z051N072M0,sig,V.A.Tolstikov,1968,downweight,0.25,dataset,R2D_PARTIAL_STATE_AS_TOTAL,159,824000.0,930000.0,0.104819,0.066,R2d,0.25656,1,[-0.257],0.011,,,,RF014,"DOWNWEIGHT (R2D_PARTIAL_STATE_AS_TOTAL) Z051N072M0 sig 40005/40005005/, dataset scope, 10 cell(s) 2e+05-2.723e+06 eV; rules R2d; d=-0.37 dex vs 1 independent series (bins +-1); series median +0.01 over 76 cells"
CR2-40005-40005005-5909f581,40005/40005005/,Z051N072M0,sig,V.A.Tolstikov,1968,downweight,0.25,dataset,R2D_PARTIAL_STATE_AS_TOTAL,160,1034000.0,1034000.0,0.103801,0.0976,R2d,0.252323,1,[-0.252],0.01,,,,RF014,"DOWNWEIGHT (R2D_PARTIAL_STATE_AS_TOTAL) Z051N072M0 sig 40005/40005005/, dataset scope, 10 cell(s) 2e+05-2.723e+06 eV; rules R2d; d=-0.37 dex vs 1 independent series (bins +-1); series median +0.01 over 76 cells"
CR2-40005-40005005-5909f581,40005/40005005/,Z051N072M0,sig,V.A.Tolstikov,1968,downweight,0.25,dataset,R2D_PARTIAL_STATE_AS_TOTAL,161,1335000.0,1520000.0,0.087519,0.0783,R2d,0.178221,1,[-0.178],0.011,,,,RF014,"DOWNWEIGHT (R2D_PARTIAL_STATE_AS_TOTAL) Z051N072M0 sig 40005/40005005/, dataset scope, 10 cell(s) 2e+05-2.723e+06 eV; rules R2d; d=-0.37 dex vs 1 independent series (bins +-1); series median +0.01 over 76 cells"
CR2-40005-40005005-5909f581,40005/40005005/,Z051N072M0,sig,V.A.Tolstikov,1968,downweight,0.25,dataset,R2D_PARTIAL_STATE_AS_TOTAL,162,1690000.0,1917000.0,0.075815,0.078,R2d,0.147513,1,[-0.148],0.011,,,,RF014,"DOWNWEIGHT (R2D_PARTIAL_STATE_AS_TOTAL) Z051N072M0 sig 40005/40005005/, dataset scope, 10 cell(s) 2e+05-2.723e+06 eV; rules R2d; d=-0.37 dex vs 1 independent series (bins +-1); series median +0.01 over 76 cells"
CR2-40005-40005005-5909f581,40005/40005005/,Z051N072M0,sig,V.A.Tolstikov,1968,downweight,0.25,dataset,R2D_PARTIAL_STATE_AS_TOTAL,163,2120000.0,2320000.0,0.062077,0.0843,R2d,0.060687,1,[-0.061],0.01,,,,RF014,"DOWNWEIGHT (R2D_PARTIAL_STATE_AS_TOTAL) Z051N072M0 sig 40005/40005005/, dataset scope, 10 cell(s) 2e+05-2.723e+06 eV; rules R2d; d=-0.37 dex vs 1 independent series (bins +-1); series median +0.01 over 76 cells"
CR2-40005-40005005-5909f581,40005/40005005/,Z051N072M0,sig,V.A.Tolstikov,1968,downweight,0.25,dataset,R2D_PARTIAL_STATE_AS_TOTAL,164,2723000.0,2723000.0,0.028698,0.1072,R2d,-0.274394,1,[0.274],0.011,,,,RF014,"DOWNWEIGHT (R2D_PARTIAL_STATE_AS_TOTAL) Z051N072M0 sig 40005/40005005/, dataset scope, 10 cell(s) 2e+05-2.723e+06 eV; rules R2d; d=-0.37 dex vs 1 independent series (bins +-1); series median +0.01 over 76 cells"
CR2-40007-40007008-e47545c2,40007/40007008/,Z076N116M0,sig,V.A.Tolstikov,1967,downweight,0.25,cells,R5D_INTER_DATASET_SCATTER,156,422000.0,433000.0,0.02355,0.0725,R5d,-0.349688,2,"[0.36, 0.339]",0.012,,,,,"DOWNWEIGHT (R5D_INTER_DATASET_SCATTER) Z076N116M0 sig 40007/40007008/, cells scope, 5 cell(s) 4.22e+05-3.128e+06 eV; rules R5d; d=-0.35 dex vs 2 independent series (bins +-1); series median +0.01 over 75 cells"
CR2-40007-40007008-e47545c2,40007/40007008/,Z076N116M0,sig,V.A.Tolstikov,1967,downweight,0.25,cells,R5D_INTER_DATASET_SCATTER,157,505000.0,600000.0,0.02125,0.0722,R5d,-0.39432,2,"[0.405, 0.384]",0.012,,,,,"DOWNWEIGHT (R5D_INTER_DATASET_SCATTER) Z076N116M0 sig 40007/40007008/, cells scope, 5 cell(s) 4.22e+05-3.128e+06 eV; rules R5d; d=-0.35 dex vs 2 independent series (bins +-1); series median +0.01 over 75 cells"
CR2-40007-40007008-e47545c2,40007/40007008/,Z076N116M0,sig,V.A.Tolstikov,1967,downweight,0.25,cells,R5D_INTER_DATASET_SCATTER,160,1140000.0,1240000.0,0.0165,0.0738,R5d,-0.394534,3,"[0.339, 0.457, 0.395]",0.012,,,,,"DOWNWEIGHT (R5D_INTER_DATASET_SCATTER) Z076N116M0 sig 40007/40007008/, cells scope, 5 cell(s) 4.22e+05-3.128e+06 eV; rules R5d; d=-0.35 dex vs 2 independent series (bins +-1); series median +0.01 over 75 cells"
CR2-40007-40007008-e47545c2,40007/40007008/,Z076N116M0,sig,V.A.Tolstikov,1967,downweight,0.25,cells,R5D_INTER_DATASET_SCATTER,161,1440000.0,1440000.0,0.016,0.1017,R5d,-0.407897,3,"[0.352, 0.444, 0.408]",0.012,,,,,"DOWNWEIGHT (R5D_INTER_DATASET_SCATTER) Z076N116M0 sig 40007/40007008/, cells scope, 5 cell(s) 4.22e+05-3.128e+06 eV; rules R5d; d=-0.35 dex vs 2 independent series (bins +-1); series median +0.01 over 75 cells"
CR2-40007-40007008-e47545c2,40007/40007008/,Z076N116M0,sig,V.A.Tolstikov,1967,downweight,0.25,cells,R5D_INTER_DATASET_SCATTER,164,2517000.0,3128000.0,0.010467,0.0618,R5d,-0.389964,2,"[0.323, 0.457]",0.012,,,,,"DOWNWEIGHT (R5D_INTER_DATASET_SCATTER) Z076N116M0 sig 40007/40007008/, cells scope, 5 cell(s) 4.22e+05-3.128e+06 eV; rules R5d; d=-0.35 dex vs 2 independent series (bins +-1); series median +0.01 over 75 cells"
CR2-40059-40059006-7ac0c4d3,40059/40059006/,Z092N146M0,sig/sdt,A.A.Bergman,1969,exclude,,dataset,R3_TWIN_SUPERSEDED,106,4.5,4.9,2.646667,0.0214,R3,,,null,,,,,,"EXCLUDE (R3_TWIN_SUPERSEDED) Z092N146M0 sig/sdt 40059/40059006/, dataset scope, 26 cell(s) 4.5-1430 eV; rules R3; twin of 40059/40059003/ (x:SPSDD)"
CR2-40059-40059006-7ac0c4d3,40059/40059006/,Z092N146M0,sig/sdt,A.A.Bergman,1969,exclude,,dataset,R3_TWIN_SUPERSEDED,107,5.1,6.3,22.516667,0.0136,R3,,,null,,,,,,"EXCLUDE (R3_TWIN_SUPERSEDED) Z092N146M0 sig/sdt 40059/40059006/, dataset scope, 26 cell(s) 4.5-1430 eV; rules R3; twin of 40059/40059003/ (x:SPSDD)"
CR2-40059-40059006-7ac0c4d3,40059/40059006/,Z092N146M0,sig/sdt,A.A.Bergman,1969,exclude,,dataset,R3_TWIN_SUPERSEDED,108,6.6,7.7,34.905,0.0151,R3,,,null,,,,,,"EXCLUDE (R3_TWIN_SUPERSEDED) Z092N146M0 sig/sdt 40059/40059006/, dataset scope, 26 cell(s) 4.5-1430 eV; rules R3; twin of 40059/40059003/ (x:SPSDD)"
CR2-40059-40059006-7ac0c4d3,40059/40059006/,Z092N146M0,sig/sdt,A.A.Bergman,1969,exclude,,dataset,R3_TWIN_SUPERSEDED,109,8.0,9.5,12.205,0.0162,R3,,,null,,,,,,"EXCLUDE (R3_TWIN_SUPERSEDED) Z092N146M0 sig/sdt 40059/40059006/, dataset scope, 26 cell(s) 4.5-1430 eV; rules R3; twin of 40059/40059003/ (x:SPSDD)"
CR2-40059-40059006-7ac0c4d3,40059/40059006/,Z092N146M0,sig/sdt,A.A.Bergman,1969,exclude,,dataset,R3_TWIN_SUPERSEDED,110,10.0,12.2,2.754,0.0156,R3,,,null,,,,,,"EXCLUDE (R3_TWIN_SUPERSEDED) Z092N146M0 sig/sdt 40059/40059006/, dataset scope, 26 cell(s) 4.5-1430 eV; rules R3; twin of 40059/40059003/ (x:SPSDD)"
CR2-40059-40059006-7ac0c4d3,40059/40059006/,Z092N146M0,sig/sdt,A.A.Bergman,1969,exclude,,dataset,R3_TWIN_SUPERSEDED,111,13.1,15.4,2.418,0.0162,R3,,,null,,,,,,"EXCLUDE (R3_TWIN_SUPERSEDED) Z092N146M0 sig/sdt 40059/40059006/, dataset scope, 26 cell(s) 4.5-1430 eV; rules R3; twin of 40059/40059003/ (x:SPSDD)"
CR2-40059-40059006-7ac0c4d3,40059/40059006/,Z092N146M0,sig/sdt,A.A.Bergman,1969,exclude,,dataset,R3_TWIN_SUPERSEDED,112,16.2,19.7,13.216667,0.0132,R3,,,null,,,,,,"EXCLUDE (R3_TWIN_SUPERSEDED) Z092N146M0 sig/sdt 40059/40059006/, dataset scope, 26 cell(s) 4.5-1430 eV; rules R3; twin of 40059/40059003/ (x:SPSDD)"
CR2-40059-40059006-7ac0c4d3,40059/40059006/,Z092N146M0,sig/sdt,A.A.Bergman,1969,exclude,,dataset,R3_TWIN_SUPERSEDED,113,20.5,24.5,16.86,0.0137,R3,,,null,,,,,,"EXCLUDE (R3_TWIN_SUPERSEDED) Z092N146M0 sig/sdt 40059/40059006/, dataset scope, 26 cell(s) 4.5-1430 eV; rules R3; twin of 40059/40059003/ (x:SPSDD)"
CR2-40059-40059006-7ac0c4d3,40059/40059006/,Z092N146M0,sig/sdt,A.A.Bergman,1969,exclude,,dataset,R3_TWIN_SUPERSEDED,114,25.7,31.1,8.865,0.0152,R3,,,null,,,,,,"EXCLUDE (R3_TWIN_SUPERSEDED) Z092N146M0 sig/sdt 40059/40059006/, dataset scope, 26 cell(s) 4.5-1430 eV; rules R3; twin of 40059/40059003/ (x:SPSDD)"
CR2-40059-40059006-7ac0c4d3,40059/40059006/,Z092N146M0,sig/sdt,A.A.Bergman,1969,exclude,,dataset,R3_TWIN_SUPERSEDED,115,32.8,39.3,13.6175,0.0153,R3,,,null,,,,,,"EXCLUDE (R3_TWIN_SUPERSEDED) Z092N146M0 sig/sdt 40059/40059006/, dataset scope, 26 cell(s) 4.5-1430 eV; rules R3; twin of 40059/40059003/ (x:SPSDD)"
CR2-40059-40059006-7ac0c4d3,40059/40059006/,Z092N146M0,sig/sdt,A.A.Bergman,1969,exclude,,dataset,R3_TWIN_SUPERSEDED,116,42.0,47.5,6.6,0.0192,R3,,,null,,,,,,"EXCLUDE (R3_TWIN_SUPERSEDED) Z092N146M0 sig/sdt 40059/40059006/, dataset scope, 26 cell(s) 4.5-1430 eV; rules R3; twin of 40059/40059003/ (x:SPSDD)"
CR2-40059-40059006-7ac0c4d3,40059/40059006/,Z092N146M0,sig/sdt,A.A.Bergman,1969,exclude,,dataset,R3_TWIN_SUPERSEDED,117,52.5,62.6,5.516667,0.0189,R3,,,null,,,,,,"EXCLUDE (R3_TWIN_SUPERSEDED) Z092N146M0 sig/sdt 40059/40059006/, dataset scope, 26 cell(s) 4.5-1430 eV; rules R3; twin of 40059/40059003/ (x:SPSDD)"
CR2-40059-40059006-7ac0c4d3,40059/40059006/,Z092N146M0,sig/sdt,A.A.Bergman,1969,exclude,,dataset,R3_TWIN_SUPERSEDED,118,66.2,77.0,7.078,0.0142,R3,,,null,,,,,,"EXCLUDE (R3_TWIN_SUPERSEDED) Z092N146M0 sig/sdt 40059/40059006/, dataset scope, 26 cell(s) 4.5-1430 eV; rules R3; twin of 40059/40059003/ (x:SPSDD)"
CR2-40059-40059006-7ac0c4d3,40059/40059006/,Z092N146M0,sig/sdt,A.A.Bergman,1969,exclude,,dataset,R3_TWIN_SUPERSEDED,119,80.4,94.0,6.19,0.0161,R3,,,null,,,,,,"EXCLUDE (R3_TWIN_SUPERSEDED) Z092N146M0 sig/sdt 40059/40059006/, dataset scope, 26 cell(s) 4.5-1430 eV; rules R3; twin of 40059/40059003/ (x:SPSDD)"
CR2-40059-40059006-7ac0c4d3,40059/40059006/,Z092N146M0,sig/sdt,A.A.Bergman,1969,exclude,,dataset,R3_TWIN_SUPERSEDED,120,100.0,125.0,6.098333,0.0132,R3,,,null,,,,,,"EXCLUDE (R3_TWIN_SUPERSEDED) Z092N146M0 sig/sdt 40059/40059006/, dataset scope, 26 cell(s) 4.5-1430 eV; rules R3; twin of 40059/40059003/ (x:SPSDD)"
CR2-40059-40059006-7ac0c4d3,40059/40059006/,Z092N146M0,sig/sdt,A.A.Bergman,1969,exclude,,dataset,R3_TWIN_SUPERSEDED,121,133.0,147.0,3.45,0.0221,R3,,,null,,,,,,"EXCLUDE (R3_TWIN_SUPERSEDED) Z092N146M0 sig/sdt 40059/40059006/, dataset scope, 26 cell(s) 4.5-1430 eV; rules R3; twin of 40059/40059003/ (x:SPSDD)"
CR2-40059-40059006-7ac0c4d3,40059/40059006/,Z092N146M0,sig/sdt,A.A.Bergman,1969,exclude,,dataset,R3_TWIN_SUPERSEDED,122,162.0,195.0,3.8275,0.0153,R3,,,null,,,,,,"EXCLUDE (R3_TWIN_SUPERSEDED) Z092N146M0 sig/sdt 40059/40059006/, dataset scope, 26 cell(s) 4.5-1430 eV; rules R3; twin of 40059/40059003/ (x:SPSDD)"
CR2-40059-40059006-7ac0c4d3,40059/40059006/,Z092N146M0,sig/sdt,A.A.Bergman,1969,exclude,,dataset,R3_TWIN_SUPERSEDED,123,210.0,240.0,3.97,0.0173,R3,,,null,,,,,,"EXCLUDE (R3_TWIN_SUPERSEDED) Z092N146M0 sig/sdt 40059/40059006/, dataset scope, 26 cell(s) 4.5-1430 eV; rules R3; twin of 40059/40059003/ (x:SPSDD)"
CR2-40059-40059006-7ac0c4d3,40059/40059006/,Z092N146M0,sig/sdt,A.A.Bergman,1969,exclude,,dataset,R3_TWIN_SUPERSEDED,124,260.0,300.0,3.333333,0.0173,R3,,,null,,,,,,"EXCLUDE (R3_TWIN_SUPERSEDED) Z092N146M0 sig/sdt 40059/40059006/, dataset scope, 26 cell(s) 4.5-1430 eV; rules R3; twin of 40059/40059003/ (x:SPSDD)"
CR2-40059-40059006-7ac0c4d3,40059/40059006/,Z092N146M0,sig/sdt,A.A.Bergman,1969,exclude,,dataset,R3_TWIN_SUPERSEDED,125,330.0,355.0,2.355,0.0217,R3,,,null,,,,,,"EXCLUDE (R3_TWIN_SUPERSEDED) Z092N146M0 sig/sdt 40059/40059006/, dataset scope, 26 cell(s) 4.5-1430 eV; rules R3; twin of 40059/40059003/ (x:SPSDD)"
CR2-40059-40059006-7ac0c4d3,40059/40059006/,Z092N146M0,sig/sdt,A.A.Bergman,1969,exclude,,dataset,R3_TWIN_SUPERSEDED,126,405.0,465.0,2.29,0.0172,R3,,,null,,,,,,"EXCLUDE (R3_TWIN_SUPERSEDED) Z092N146M0 sig/sdt 40059/40059006/, dataset scope, 26 cell(s) 4.5-1430 eV; rules R3; twin of 40059/40059003/ (x:SPSDD)"
CR2-40059-40059006-7ac0c4d3,40059/40059006/,Z092N146M0,sig/sdt,A.A.Bergman,1969,exclude,,dataset,R3_TWIN_SUPERSEDED,127,515.0,610.0,2.3625,0.0151,R3,,,null,,,,,,"EXCLUDE (R3_TWIN_SUPERSEDED) Z092N146M0 sig/sdt 40059/40059006/, dataset scope, 26 cell(s) 4.5-1430 eV; rules R3; twin of 40059/40059003/ (x:SPSDD)"
CR2-40059-40059006-7ac0c4d3,40059/40059006/,Z092N146M0,sig/sdt,A.A.Bergman,1969,exclude,,dataset,R3_TWIN_SUPERSEDED,128,645.0,780.0,2.13,0.0153,R3,,,null,,,,,,"EXCLUDE (R3_TWIN_SUPERSEDED) Z092N146M0 sig/sdt 40059/40059006/, dataset scope, 26 cell(s) 4.5-1430 eV; rules R3; twin of 40059/40059003/ (x:SPSDD)"
CR2-40059-40059006-7ac0c4d3,40059/40059006/,Z092N146M0,sig/sdt,A.A.Bergman,1969,exclude,,dataset,R3_TWIN_SUPERSEDED,129,830.0,960.0,2.016667,0.0171,R3,,,null,,,,,,"EXCLUDE (R3_TWIN_SUPERSEDED) Z092N146M0 sig/sdt 40059/40059006/, dataset scope, 26 cell(s) 4.5-1430 eV; rules R3; twin of 40059/40059003/ (x:SPSDD)"
CR2-40059-40059006-7ac0c4d3,40059/40059006/,Z092N146M0,sig/sdt,A.A.Bergman,1969,exclude,,dataset,R3_TWIN_SUPERSEDED,130,1030.0,1200.0,1.853333,0.0173,R3,,,null,,,,,,"EXCLUDE (R3_TWIN_SUPERSEDED) Z092N146M0 sig/sdt 40059/40059006/, dataset scope, 26 cell(s) 4.5-1430 eV; rules R3; twin of 40059/40059003/ (x:SPSDD)"
CR2-40059-40059006-7ac0c4d3,40059/40059006/,Z092N146M0,sig/sdt,A.A.Bergman,1969,exclude,,dataset,R3_TWIN_SUPERSEDED,131,1310.0,1430.0,1.47,0.0214,R3,,,null,,,,,,"EXCLUDE (R3_TWIN_SUPERSEDED) Z092N146M0 sig/sdt 40059/40059006/, dataset scope, 26 cell(s) 4.5-1430 eV; rules R3; twin of 40059/40059003/ (x:SPSDD)"
CR2-40072-40072021-5-2b2a9cb6,40072/40072021/5,Z029NAT,sig,T.S.Belanova,1965,exclude,,dataset,R3_TWIN_SUPERSEDED,143,24000.0,24000.0,0.059,0.0487,R3,,,null,,,,,,"EXCLUDE (R3_TWIN_SUPERSEDED) Z029NAT sig 40072/40072021/5, dataset scope, 1 cell(s) 2.4e+04-2.4e+04 eV; rules R3; twin of 40072/40072003/ (d:exact)"
CR2-40072-40072031-3-c13d26ff,40072/40072031/3,Z074NAT,sig,T.S.Belanova,1965,exclude,,dataset,R3_TWIN_SUPERSEDED,143,24000.0,24000.0,0.3,0.0348,R3,,,null,,,,,,"EXCLUDE (R3_TWIN_SUPERSEDED) Z074NAT sig 40072/40072031/3, dataset scope, 1 cell(s) 2.4e+04-2.4e+04 eV; rules R3; twin of 40072/40072013/ (d:exact)"
CR2-40072-40072034-3-841a1507,40072/40072034/3,Z082NAT,sig,T.S.Belanova,1965,exclude,,dataset,R3_TWIN_SUPERSEDED,143,24000.0,24000.0,0.045,0.0711,R3,,,null,,,,,,"EXCLUDE (R3_TWIN_SUPERSEDED) Z082NAT sig 40072/40072034/3, dataset scope, 1 cell(s) 2.4e+04-2.4e+04 eV; rules R3; twin of 40072/40072034/2 (d:exact)"
CR2-40072-40072035-7f3d7f71,40072/40072035/,Z083N126M0,sig,T.S.Belanova,1965,exclude,,dataset,R3_TWIN_SUPERSEDED,143,24000.0,24000.0,0.003,0.301,R3,,,null,,,,,,"EXCLUDE (R3_TWIN_SUPERSEDED) Z083N126M0 sig 40072/40072035/, dataset scope, 1 cell(s) 2.4e+04-2.4e+04 eV; rules R3; twin of 40072/40072017/ (d:exact)"
CR2-40076-40076012-25022b38,40076/40076012/,Z047N062M0,sig,V.N.Kononov,1965,downweight,0.25,cells,R5D_INTER_DATASET_SCATTER,150,102000.0,121000.0,0.267,0.013,R5d,-0.373784,2,"[0.371, 0.376]",-0.084,,,,,"DOWNWEIGHT (R5D_INTER_DATASET_SCATTER) Z047N062M0 sig 40076/40076012/, cells scope, 1 cell(s) 1.02e+05-1.21e+05 eV; rules R5d; d=-0.37 dex vs 2 independent series (bins +-1); series median -0.08 over 69 cells"
CR2-40177-40177002-09dcaa8e,40177/40177002/,Z092N146M0,sig,Yu.G.Panitkin,1972,exclude,,cells,R5X_INTER_DATASET_SCATTER,172,17000000.0,19000000.0,0.0033,0.0892,R3d+R5x,0.540394,6,"[-0.592, -0.651, -0.489, -0.369, -0.726, -0.416]",-0.011,,,,,"EXCLUDE (R5X_INTER_DATASET_SCATTER) Z092N146M0 sig 40177/40177002/, cells scope, 1 cell(s) 1.7e+07-1.9e+07 eV; rules R3d+R5x; d=+0.54 dex vs 6 independent series (bins +-1); series median -0.01 over 49 cells"
CR2-40222-40222003-399595ef,40222/40222003/,Z049NAT,sig,V.S.Shorin,1974,exclude,,dataset,R3_TWIN_SUPERSEDED,137,5500.0,5500.0,1.688,0.0405,R3,,,null,,,,,,"EXCLUDE (R3_TWIN_SUPERSEDED) Z049NAT sig 40222/40222003/, dataset scope, 13 cell(s) 5500-8.2e+04 eV; rules R3; twin of 40520/40520003/ (x:SPSDD)"
CR2-40222-40222003-399595ef,40222/40222003/,Z049NAT,sig,V.S.Shorin,1974,exclude,,dataset,R3_TWIN_SUPERSEDED,138,6500.0,7500.0,1.476,0.027,R3,,,null,,,,,,"EXCLUDE (R3_TWIN_SUPERSEDED) Z049NAT sig 40222/40222003/, dataset scope, 13 cell(s) 5500-8.2e+04 eV; rules R3; twin of 40520/40520003/ (x:SPSDD)"
CR2-40222-40222003-399595ef,40222/40222003/,Z049NAT,sig,V.S.Shorin,1974,exclude,,dataset,R3_TWIN_SUPERSEDED,139,8500.0,9500.0,1.4095,0.0262,R3,,,null,,,,,,"EXCLUDE (R3_TWIN_SUPERSEDED) Z049NAT sig 40222/40222003/, dataset scope, 13 cell(s) 5500-8.2e+04 eV; rules R3; twin of 40520/40520003/ (x:SPSDD)"
CR2-40222-40222003-399595ef,40222/40222003/,Z049NAT,sig,V.S.Shorin,1974,exclude,,dataset,R3_TWIN_SUPERSEDED,140,11000.0,11000.0,1.294,0.0342,R3,,,null,,,,,,"EXCLUDE (R3_TWIN_SUPERSEDED) Z049NAT sig 40222/40222003/, dataset scope, 13 cell(s) 5500-8.2e+04 eV; rules R3; twin of 40520/40520003/ (x:SPSDD)"
CR2-40222-40222003-399595ef,40222/40222003/,Z049NAT,sig,V.S.Shorin,1974,exclude,,dataset,R3_TWIN_SUPERSEDED,141,13000.0,15000.0,1.134,0.0245,R3,,,null,,,,,,"EXCLUDE (R3_TWIN_SUPERSEDED) Z049NAT sig 40222/40222003/, dataset scope, 13 cell(s) 5500-8.2e+04 eV; rules R3; twin of 40520/40520003/ (x:SPSDD)"
CR2-40222-40222003-399595ef,40222/40222003/,Z049NAT,sig,V.S.Shorin,1974,exclude,,dataset,R3_TWIN_SUPERSEDED,142,17000.0,19000.0,1.069,0.0246,R3,,,null,,,,,,"EXCLUDE (R3_TWIN_SUPERSEDED) Z049NAT sig 40222/40222003/, dataset scope, 13 cell(s) 5500-8.2e+04 eV; rules R3; twin of 40520/40520003/ (x:SPSDD)"
CR2-40222-40222003-399595ef,40222/40222003/,Z049NAT,sig,V.S.Shorin,1974,exclude,,dataset,R3_TWIN_SUPERSEDED,143,21000.0,25000.0,0.962667,0.0197,R3,,,null,,,,,,"EXCLUDE (R3_TWIN_SUPERSEDED) Z049NAT sig 40222/40222003/, dataset scope, 13 cell(s) 5500-8.2e+04 eV; rules R3; twin of 40520/40520003/ (x:SPSDD)"
CR2-40222-40222003-399595ef,40222/40222003/,Z049NAT,sig,V.S.Shorin,1974,exclude,,dataset,R3_TWIN_SUPERSEDED,144,27000.0,31000.0,0.863,0.0196,R3,,,null,,,,,,"EXCLUDE (R3_TWIN_SUPERSEDED) Z049NAT sig 40222/40222003/, dataset scope, 13 cell(s) 5500-8.2e+04 eV; rules R3; twin of 40520/40520003/ (x:SPSDD)"
CR2-40222-40222003-399595ef,40222/40222003/,Z049NAT,sig,V.S.Shorin,1974,exclude,,dataset,R3_TWIN_SUPERSEDED,145,33000.0,39000.0,0.771,0.017,R3,,,null,,,,,,"EXCLUDE (R3_TWIN_SUPERSEDED) Z049NAT sig 40222/40222003/, dataset scope, 13 cell(s) 5500-8.2e+04 eV; rules R3; twin of 40520/40520003/ (x:SPSDD)"
CR2-40222-40222003-399595ef,40222/40222003/,Z049NAT,sig,V.S.Shorin,1974,exclude,,dataset,R3_TWIN_SUPERSEDED,146,41500.0,47500.0,0.656,0.0195,R3,,,null,,,,,,"EXCLUDE (R3_TWIN_SUPERSEDED) Z049NAT sig 40222/40222003/, dataset scope, 13 cell(s) 5500-8.2e+04 eV; rules R3; twin of 40520/40520003/ (x:SPSDD)"
CR2-40222-40222003-399595ef,40222/40222003/,Z049NAT,sig,V.S.Shorin,1974,exclude,,dataset,R3_TWIN_SUPERSEDED,147,50500.0,62000.0,0.572,0.0169,R3,,,null,,,,,,"EXCLUDE (R3_TWIN_SUPERSEDED) Z049NAT sig 40222/40222003/, dataset scope, 13 cell(s) 5500-8.2e+04 eV; rules R3; twin of 40520/40520003/ (x:SPSDD)"
CR2-40222-40222003-399595ef,40222/40222003/,Z049NAT,sig,V.S.Shorin,1974,exclude,,dataset,R3_TWIN_SUPERSEDED,148,66000.0,78000.0,0.49275,0.0171,R3,,,null,,,,,,"EXCLUDE (R3_TWIN_SUPERSEDED) Z049NAT sig 40222/40222003/, dataset scope, 13 cell(s) 5500-8.2e+04 eV; rules R3; twin of 40520/40520003/ (x:SPSDD)"
CR2-40222-40222003-399595ef,40222/40222003/,Z049NAT,sig,V.S.Shorin,1974,exclude,,dataset,R3_TWIN_SUPERSEDED,149,82000.0,82000.0,0.443,0.0339,R3,,,null,,,,,,"EXCLUDE (R3_TWIN_SUPERSEDED) Z049NAT sig 40222/40222003/, dataset scope, 13 cell(s) 5500-8.2e+04 eV; rules R3; twin of 40520/40520003/ (x:SPSDD)"
CR2-40244-40244092-18c3a110,40244/40244092/,Z028N036M0,sig,A.I.Leipunskiy,1958,downweight,0.25,dataset,R8_UNCORRECTED_LOW_ENERGY_BACKGROUND,166,4000000.0,4000000.0,0.0026,0.1761,R8,,0,null,,,,,RF036,"DOWNWEIGHT (R8_UNCORRECTED_LOW_ENERGY_BACKGROUND) Z028N036M0 sig 40244/40244092/, dataset scope, 1 cell(s) 4e+06-4e+06 eV; rules R8"
CR2-40244-40244093-7cadbc95,40244/40244093/,Z029N036M0,sig,A.I.Leipunskiy,1958,downweight,0.25,cells,R8_UNCORRECTED_LOW_ENERGY_BACKGROUND,164,2700000.0,2700000.0,0.00475,0.0045,R8,0.034229,7,"[-0.12, 0.116, 0.143, -0.053, 0.193, -0.034, -0.086]",0.149,,,,RF037,"DOWNWEIGHT (R8_UNCORRECTED_LOW_ENERGY_BACKGROUND) Z029N036M0 sig 40244/40244093/, cells scope, 2 cell(s) 2.7e+06-4e+06 eV; rules R8; d=+0.03 dex vs 7 independent series; series median +0.15 over 31 cells"
CR2-40244-40244093-7cadbc95,40244/40244093/,Z029N036M0,sig,A.I.Leipunskiy,1958,downweight,0.25,cells,R8_UNCORRECTED_LOW_ENERGY_BACKGROUND,166,4000000.0,4000000.0,0.00277,0.0047,R8,-0.094079,3,"[-0.083, 0.094, 0.102]",0.149,,,,RF037,"DOWNWEIGHT (R8_UNCORRECTED_LOW_ENERGY_BACKGROUND) Z029N036M0 sig 40244/40244093/, cells scope, 2 cell(s) 2.7e+06-4e+06 eV; rules R8; d=+0.03 dex vs 7 independent series; series median +0.15 over 31 cells"
CR2-40244-40244095-a92d84b4,40244/40244095/,Z035N044M0,sig,A.I.Leipunskiy,1958,downweight,0.25,dataset,R8_UNCORRECTED_LOW_ENERGY_BACKGROUND,164,2700000.0,2700000.0,0.0264,0.0081,R8,,0,null,,,,,RF038,"DOWNWEIGHT (R8_UNCORRECTED_LOW_ENERGY_BACKGROUND) Z035N044M0 sig 40244/40244095/, dataset scope, 2 cell(s) 2.7e+06-4e+06 eV; rules R8"
CR2-40244-40244095-a92d84b4,40244/40244095/,Z035N044M0,sig,A.I.Leipunskiy,1958,downweight,0.25,dataset,R8_UNCORRECTED_LOW_ENERGY_BACKGROUND,166,4000000.0,4000000.0,0.0117,0.011,R8,,0,null,,,,,RF038,"DOWNWEIGHT (R8_UNCORRECTED_LOW_ENERGY_BACKGROUND) Z035N044M0 sig 40244/40244095/, dataset scope, 2 cell(s) 2.7e+06-4e+06 eV; rules R8"
CR2-40244-40244096-7e18ab3b,40244/40244096/,Z035N046M0,sig,A.I.Leipunskiy,1958,downweight,0.25,dataset,R8_UNCORRECTED_LOW_ENERGY_BACKGROUND,164,2700000.0,2700000.0,0.0143,0.0208,R8,0.280275,1,[-0.28],0.147,,,,RF039,"DOWNWEIGHT (R8_UNCORRECTED_LOW_ENERGY_BACKGROUND) Z035N046M0 sig 40244/40244096/, dataset scope, 2 cell(s) 2.7e+06-4e+06 eV; rules R8; d=+0.28 dex vs 1 independent series (bins +-1); series median +0.15 over 32 cells"
CR2-40244-40244096-7e18ab3b,40244/40244096/,Z035N046M0,sig,A.I.Leipunskiy,1958,downweight,0.25,dataset,R8_UNCORRECTED_LOW_ENERGY_BACKGROUND,166,4000000.0,4000000.0,0.0066,0.0256,R8,,0,null,,,,,RF039,"DOWNWEIGHT (R8_UNCORRECTED_LOW_ENERGY_BACKGROUND) Z035N046M0 sig 40244/40244096/, dataset scope, 2 cell(s) 2.7e+06-4e+06 eV; rules R8; d=+0.28 dex vs 1 independent series (bins +-1); series median +0.15 over 32 cells"
CR2-40244-40244097-4ed889a3,40244/40244097/,Z042N058M0,sig,A.I.Leipunskiy,1958,downweight,0.25,dataset,R8_UNCORRECTED_LOW_ENERGY_BACKGROUND,164,2700000.0,2700000.0,0.0065,0.0444,R8,-0.052316,2,"[0.169, -0.065]",0.149,,,,RF040,"DOWNWEIGHT (R8_UNCORRECTED_LOW_ENERGY_BACKGROUND) Z042N058M0 sig 40244/40244097/, dataset scope, 2 cell(s) 2.7e+06-4e+06 eV; rules R8; d=-0.05 dex vs 2 independent series; series median +0.15 over 31 cells"
CR2-40244-40244097-4ed889a3,40244/40244097/,Z042N058M0,sig,A.I.Leipunskiy,1958,downweight,0.25,dataset,R8_UNCORRECTED_LOW_ENERGY_BACKGROUND,166,4000000.0,4000000.0,0.0039,0.0424,R8,0.006853,2,"[-0.076, 0.062]",0.149,,,,RF040,"DOWNWEIGHT (R8_UNCORRECTED_LOW_ENERGY_BACKGROUND) Z042N058M0 sig 40244/40244097/, dataset scope, 2 cell(s) 2.7e+06-4e+06 eV; rules R8; d=-0.05 dex vs 2 independent series; series median +0.15 over 31 cells"
CR2-40244-40244098-47466012,40244/40244098/,Z047N060M0,sig,A.I.Leipunskiy,1958,downweight,0.25,dataset,R8_UNCORRECTED_LOW_ENERGY_BACKGROUND,164,2700000.0,2700000.0,0.056,0.0077,R8,-0.05984,2,"[0.16, -0.041]",0.149,,,,RF041,"DOWNWEIGHT (R8_UNCORRECTED_LOW_ENERGY_BACKGROUND) Z047N060M0 sig 40244/40244098/, dataset scope, 2 cell(s) 2.7e+06-4e+06 eV; rules R8; d=-0.06 dex vs 2 independent series (bins +-1); series median +0.15 over 31 cells"
CR2-40244-40244098-47466012,40244/40244098/,Z047N060M0,sig,A.I.Leipunskiy,1958,downweight,0.25,dataset,R8_UNCORRECTED_LOW_ENERGY_BACKGROUND,166,4000000.0,4000000.0,0.0294,0.0131,R8,0.196506,1,[-0.197],0.147,,,,RF041,"DOWNWEIGHT (R8_UNCORRECTED_LOW_ENERGY_BACKGROUND) Z047N060M0 sig 40244/40244098/, dataset scope, 2 cell(s) 2.7e+06-4e+06 eV; rules R8; d=-0.06 dex vs 2 independent series (bins +-1); series median +0.15 over 31 cells"
CR2-40244-40244100-58417803,40244/40244100/,Z056N082M0,sig,A.I.Leipunskiy,1958,downweight,0.25,dataset,R8_UNCORRECTED_LOW_ENERGY_BACKGROUND,164,2700000.0,2700000.0,0.00114,0.0798,R8,-0.022276,3,"[0.42, 0.022, -0.057]",0.149,,,,RF042,"DOWNWEIGHT (R8_UNCORRECTED_LOW_ENERGY_BACKGROUND) Z056N082M0 sig 40244/40244100/, dataset scope, 2 cell(s) 2.7e+06-4e+06 eV; rules R8; d=-0.02 dex vs 3 independent series; series median +0.15 over 31 cells"
CR2-40244-40244100-58417803,40244/40244100/,Z056N082M0,sig,A.I.Leipunskiy,1958,downweight,0.25,dataset,R8_UNCORRECTED_LOW_ENERGY_BACKGROUND,166,4000000.0,4000000.0,0.00078,0.1165,R8,0.022863,1,[-0.023],0.149,,,,RF042,"DOWNWEIGHT (R8_UNCORRECTED_LOW_ENERGY_BACKGROUND) Z056N082M0 sig 40244/40244100/, dataset scope, 2 cell(s) 2.7e+06-4e+06 eV; rules R8; d=-0.02 dex vs 3 independent series; series median +0.15 over 31 cells"
CR2-40244-40244103-a08007ef,40244/40244103/,Z082N126M0,sig,A.I.Leipunskiy,1958,downweight,0.25,dataset,R8_UNCORRECTED_LOW_ENERGY_BACKGROUND,164,2700000.0,2700000.0,0.0011,0.1627,R8,,,null,,,,,RF043,"DOWNWEIGHT (R8_UNCORRECTED_LOW_ENERGY_BACKGROUND) Z082N126M0 sig 40244/40244103/, dataset scope, 2 cell(s) 2.7e+06-4e+06 eV; rules R8"
CR2-40244-40244103-a08007ef,40244/40244103/,Z082N126M0,sig,A.I.Leipunskiy,1958,downweight,0.25,dataset,R8_UNCORRECTED_LOW_ENERGY_BACKGROUND,166,4000000.0,4000000.0,0.0005,0.1761,R8,,0,null,,,,,RF043,"DOWNWEIGHT (R8_UNCORRECTED_LOW_ENERGY_BACKGROUND) Z082N126M0 sig 40244/40244103/, dataset scope, 2 cell(s) 2.7e+06-4e+06 eV; rules R8"
CR2-40244-40244104-d2c81eb4,40244/40244104/,Z092N146M0,sig,A.I.Leipunskiy,1958,downweight,0.25,cells,R8_UNCORRECTED_LOW_ENERGY_BACKGROUND,164,2700000.0,2700000.0,0.0593,0.0116,R8,0.381818,6,"[-0.393, -0.255, -0.342, -0.371, -0.591, -0.448]",0.145,,,,RF017;RF044,"DOWNWEIGHT (R8_UNCORRECTED_LOW_ENERGY_BACKGROUND) Z092N146M0 sig 40244/40244104/, cells scope, 1 cell(s) 2.7e+06-2.7e+06 eV; rules R8; d=+0.38 dex vs 6 independent series; series median +0.14 over 31 cells"
CR2-40244-40244104-318eaa01,40244/40244104/,Z092N146M0,sig,A.I.Leipunskiy,1958,exclude,,cells,R5X_INTER_DATASET_SCATTER,166,4000000.0,4000000.0,0.0333,0.0154,R5x+R8,0.645024,4,"[-0.481, -0.806, -0.875, -0.484]",0.145,,,,RF017;RF044,"EXCLUDE (R5X_INTER_DATASET_SCATTER) Z092N146M0 sig 40244/40244104/, cells scope, 1 cell(s) 4e+06-4e+06 eV; rules R5x+R8; d=+0.65 dex vs 4 independent series; series median +0.14 over 31 cells"
CR2-40244-40244106-e15a71d1,40244/40244106/,Z029NAT,sig,A.I.Leipunskiy,1958,downweight,0.25,dataset,R5D_INTER_DATASET_SCATTER,153,200000.0,200000.0,0.051,0.0848,R5d,0.435729,3,"[-0.436, -0.452, -0.417]",0.145,,,,,"DOWNWEIGHT (R5D_INTER_DATASET_SCATTER) Z029NAT sig 40244/40244106/, dataset scope, 1 cell(s) 2e+05-2e+05 eV; rules R5d; d=+0.44 dex vs 3 independent series; series median +0.14 over 31 cells"
CR2-40244-40244109-18b02ec7,40244/40244109/,Z035NAT,sig,A.I.Leipunskiy,1958,downweight,0.25,dataset,R6D_SERIES_SYSTEMATIC,153,200000.0,200000.0,0.38,0.0587,R6d,0.312612,1,[-0.313],0.147,,,,,"DOWNWEIGHT (R6D_SERIES_SYSTEMATIC) Z035NAT sig 40244/40244109/, dataset scope, 1 cell(s) 2e+05-2e+05 eV; rules R6d; d=+0.31 dex vs 1 independent series (bins +-1); series median +0.15 over 32 cells"
CR2-40336-40336090-d0937538,40336/40336090/,Z046N064M0,sig,M.V.Pasechnik,1958,downweight,0.25,dataset,R2D_PARTIAL_STATE_AS_TOTAL,163,2500000.0,2500000.0,0.0221,0.0376,R2d,,0,null,,,,,RF013,"DOWNWEIGHT (R2D_PARTIAL_STATE_AS_TOTAL) Z046N064M0 sig 40336/40336090/, dataset scope, 3 cell(s) 2.5e+06-4e+06 eV; rules R2d"
CR2-40336-40336090-d0937538,40336/40336090/,Z046N064M0,sig,M.V.Pasechnik,1958,downweight,0.25,dataset,R2D_PARTIAL_STATE_AS_TOTAL,164,3100000.0,3100000.0,0.02,0.0374,R2d,,0,null,,,,,RF013,"DOWNWEIGHT (R2D_PARTIAL_STATE_AS_TOTAL) Z046N064M0 sig 40336/40336090/, dataset scope, 3 cell(s) 2.5e+06-4e+06 eV; rules R2d"
CR2-40336-40336090-d0937538,40336/40336090/,Z046N064M0,sig,M.V.Pasechnik,1958,downweight,0.25,dataset,R2D_PARTIAL_STATE_AS_TOTAL,166,4000000.0,4000000.0,0.0162,0.0409,R2d,,0,null,,,,,RF013,"DOWNWEIGHT (R2D_PARTIAL_STATE_AS_TOTAL) Z046N064M0 sig 40336/40336090/, dataset scope, 3 cell(s) 2.5e+06-4e+06 eV; rules R2d"
CR2-40363-40363004-693c78a8,40363/40363004/,Z062N085M0,sig,V.K.Gorshkov,1957,exclude,,dataset,R5X_INTER_DATASET_SCATTER,83,0.025,0.025,1000.0,0.0212,R5x,1.19382,3,"[-1.194, -1.06, -1.284]",,,,,,"EXCLUDE (R5X_INTER_DATASET_SCATTER) Z062N085M0 sig 40363/40363004/, dataset scope, 1 cell(s) 0.025-0.025 eV; rules R5x; d=+1.19 dex vs 3 independent series (bins +-1)"
CR2-40374-40374007-25a051be,40374/40374007/,Z026NAT,sig,T.S.Belanova,1958,downweight,0.25,cells,R5D_INTER_DATASET_SCATTER,159,830000.0,830000.0,0.009,0.0872,R5d,0.374459,3,"[-0.311, -0.374, -0.392]",0.077,,,,,"DOWNWEIGHT (R5D_INTER_DATASET_SCATTER) Z026NAT sig 40374/40374007/, cells scope, 1 cell(s) 8.3e+05-8.3e+05 eV; rules R5d; d=+0.37 dex vs 3 independent series; series median +0.08 over 24 cells"
CR2-40374-40374008-eb0cf41e,40374/40374008/,Z028NAT,sig,T.S.Belanova,1958,downweight,0.25,cells,R5D_INTER_DATASET_SCATTER,159,830000.0,830000.0,0.019,0.1192,R5d,0.409522,3,"[-0.427, -0.364, -0.41]",0.077,,,,,"DOWNWEIGHT (R5D_INTER_DATASET_SCATTER) Z028NAT sig 40374/40374008/, cells scope, 1 cell(s) 8.3e+05-8.3e+05 eV; rules R5d; d=+0.41 dex vs 3 independent series; series median +0.08 over 24 cells"
CR2-40385-40385003-2485affd,40385/40385003/,Z092N143M0,sig,V.N.Andreev,1958,exclude,,dataset,R5X_INTER_DATASET_SCATTER,143,24000.0,24000.0,3.7,0.0104,R5x,0.597174,2,"[-0.63, -0.564]",0.048,,,,,"EXCLUDE (R5X_INTER_DATASET_SCATTER) Z092N143M0 sig 40385/40385003/, dataset scope, 3 cell(s) 2.4e+04-8.8e+05 eV; rules R5x; d=+0.60 dex vs 2 independent series; series median +0.05 over 5 cells"
CR2-40385-40385003-2485affd,40385/40385003/,Z092N143M0,sig,V.N.Andreev,1958,exclude,,dataset,R5X_INTER_DATASET_SCATTER,153,240000.0,240000.0,2.05,0.0187,R5x,0.833187,3,"[-0.833, -0.794, -1.1]",0.048,,,,,"EXCLUDE (R5X_INTER_DATASET_SCATTER) Z092N143M0 sig 40385/40385003/, dataset scope, 3 cell(s) 2.4e+04-8.8e+05 eV; rules R5x; d=+0.60 dex vs 2 independent series; series median +0.05 over 5 cells"
CR2-40385-40385003-2485affd,40385/40385003/,Z092N143M0,sig,V.N.Andreev,1958,exclude,,dataset,R5X_INTER_DATASET_SCATTER,159,880000.0,880000.0,1.58,0.0241,R5x,1.091447,3,"[-1.091, -1.105, -1.062]",0.048,,,,,"EXCLUDE (R5X_INTER_DATASET_SCATTER) Z092N143M0 sig 40385/40385003/, dataset scope, 3 cell(s) 2.4e+04-8.8e+05 eV; rules R5x; d=+0.60 dex vs 2 independent series; series median +0.05 over 5 cells"
CR2-40421-40421015-2c5cac7a,40421/40421015/,Z041N052M0,sig,V.N.Kononov,1958,exclude,,dataset,R5X_INTER_DATASET_SCATTER,143,24000.0,24000.0,0.115,0.0431,R5x,-0.48337,9,"[0.508, 0.54, 0.471, 0.483, 0.416, 0.476, 0.41, 0.483, 0.508]",0.136,,,,,"EXCLUDE (R5X_INTER_DATASET_SCATTER) Z041N052M0 sig 40421/40421015/, dataset scope, 1 cell(s) 2.4e+04-2.4e+04 eV; rules R5x; d=-0.48 dex vs 9 independent series; series median +0.14 over 4 cells"
CR2-40431-40431002-8d6bd10a,40431/40431002/,Z092N146M0,sig,Yu.G.Panitkin,1975,exclude,,dataset,R3_TWIN_SUPERSEDED,144,30000.0,30000.0,0.465,0.0013,R3,,,null,,,,,,"EXCLUDE (R3_TWIN_SUPERSEDED) Z092N146M0 sig 40431/40431002/, dataset scope, 1 cell(s) 3e+04-3e+04 eV; rules R3; twin of 40177/40177003/ (x:SPSDD)"
CR2-40520-40520009-bb710b34,40520/40520009/,Z062N087M0,sig,V.N.Kononov,1977,downweight,0.25,dataset,R11D_MACS_CONTRADICTS_SERIES,137,5500.0,5500.0,15.66,0.0346,R11d,0.326172,1,[-0.326],-0.031,,,2,,"DOWNWEIGHT (R11D_MACS_CONTRADICTS_SERIES) Z062N087M0 sig 40520/40520009/, dataset scope, 19 cell(s) 5500-3.425e+05 eV; rules R11d; d=+0.33 dex vs 1 independent series (bins +-1); series median -0.03 over 563 cells; 2 of 2 MACS groups against"
CR2-40520-40520009-bb710b34,40520/40520009/,Z062N087M0,sig,V.N.Kononov,1977,downweight,0.25,dataset,R11D_MACS_CONTRADICTS_SERIES,138,6500.0,7500.0,11.4535,0.0246,R11d,0.222446,1,[-0.222],-0.031,,,2,,"DOWNWEIGHT (R11D_MACS_CONTRADICTS_SERIES) Z062N087M0 sig 40520/40520009/, dataset scope, 19 cell(s) 5500-3.425e+05 eV; rules R11d; d=+0.33 dex vs 1 independent series (bins +-1); series median -0.03 over 563 cells; 2 of 2 MACS groups against"
CR2-40520-40520009-bb710b34,40520/40520009/,Z062N087M0,sig,V.N.Kononov,1977,downweight,0.25,dataset,R11D_MACS_CONTRADICTS_SERIES,139,8500.0,9500.0,8.6485,0.0245,R11d,0.275917,2,"[-0.132, -0.419]",-0.031,,,2,,"DOWNWEIGHT (R11D_MACS_CONTRADICTS_SERIES) Z062N087M0 sig 40520/40520009/, dataset scope, 19 cell(s) 5500-3.425e+05 eV; rules R11d; d=+0.33 dex vs 1 independent series (bins +-1); series median -0.03 over 563 cells; 2 of 2 MACS groups against"
CR2-40520-40520009-bb710b34,40520/40520009/,Z062N087M0,sig,V.N.Kononov,1977,downweight,0.25,dataset,R11D_MACS_CONTRADICTS_SERIES,140,10500.0,12500.0,6.818,0.0195,R11d,0.204537,2,"[-0.093, -0.316]",-0.031,,,2,,"DOWNWEIGHT (R11D_MACS_CONTRADICTS_SERIES) Z062N087M0 sig 40520/40520009/, dataset scope, 19 cell(s) 5500-3.425e+05 eV; rules R11d; d=+0.33 dex vs 1 independent series (bins +-1); series median -0.03 over 563 cells; 2 of 2 MACS groups against"
CR2-40520-40520009-bb710b34,40520/40520009/,Z062N087M0,sig,V.N.Kononov,1977,downweight,0.25,dataset,R11D_MACS_CONTRADICTS_SERIES,141,13500.0,15500.0,5.575,0.0186,R11d,0.15385,2,"[-0.079, -0.229]",-0.031,,,2,,"DOWNWEIGHT (R11D_MACS_CONTRADICTS_SERIES) Z062N087M0 sig 40520/40520009/, dataset scope, 19 cell(s) 5500-3.425e+05 eV; rules R11d; d=+0.33 dex vs 1 independent series (bins +-1); series median -0.03 over 563 cells; 2 of 2 MACS groups against"
CR2-40520-40520009-bb710b34,40520/40520009/,Z062N087M0,sig,V.N.Kononov,1977,downweight,0.25,dataset,R11D_MACS_CONTRADICTS_SERIES,142,16500.0,19500.0,4.38775,0.0162,R11d,0.048944,1,[-0.049],-0.031,,,2,,"DOWNWEIGHT (R11D_MACS_CONTRADICTS_SERIES) Z062N087M0 sig 40520/40520009/, dataset scope, 19 cell(s) 5500-3.425e+05 eV; rules R11d; d=+0.33 dex vs 1 independent series (bins +-1); series median -0.03 over 563 cells; 2 of 2 MACS groups against"
CR2-40520-40520009-bb710b34,40520/40520009/,Z062N087M0,sig,V.N.Kononov,1977,downweight,0.25,dataset,R11D_MACS_CONTRADICTS_SERIES,143,21000.0,25000.0,3.514,0.0185,R11d,0.335751,3,"[-0.031, -0.336, -0.407]",-0.031,,,2,,"DOWNWEIGHT (R11D_MACS_CONTRADICTS_SERIES) Z062N087M0 sig 40520/40520009/, dataset scope, 19 cell(s) 5500-3.425e+05 eV; rules R11d; d=+0.33 dex vs 1 independent series (bins +-1); series median -0.03 over 563 cells; 2 of 2 MACS groups against"
CR2-40520-40520009-bb710b34,40520/40520009/,Z062N087M0,sig,V.N.Kononov,1977,downweight,0.25,dataset,R11D_MACS_CONTRADICTS_SERIES,144,27000.0,31000.0,2.677,0.0184,R11d,0.217598,3,"[0.006, -0.218, -0.289]",-0.031,,,2,,"DOWNWEIGHT (R11D_MACS_CONTRADICTS_SERIES) Z062N087M0 sig 40520/40520009/, dataset scope, 19 cell(s) 5500-3.425e+05 eV; rules R11d; d=+0.33 dex vs 1 independent series (bins +-1); series median -0.03 over 563 cells; 2 of 2 MACS groups against"
CR2-40520-40520009-bb710b34,40520/40520009/,Z062N087M0,sig,V.N.Kononov,1977,downweight,0.25,dataset,R11D_MACS_CONTRADICTS_SERIES,145,33000.0,39000.0,2.29325,0.016,R11d,0.150401,3,"[-0.017, -0.15, -0.222]",-0.031,,,2,,"DOWNWEIGHT (R11D_MACS_CONTRADICTS_SERIES) Z062N087M0 sig 40520/40520009/, dataset scope, 19 cell(s) 5500-3.425e+05 eV; rules R11d; d=+0.33 dex vs 1 independent series (bins +-1); series median -0.03 over 563 cells; 2 of 2 MACS groups against"
CR2-40520-40520009-bb710b34,40520/40520009/,Z062N087M0,sig,V.N.Kononov,1977,downweight,0.25,dataset,R11D_MACS_CONTRADICTS_SERIES,146,41000.0,49000.0,1.909,0.0147,R11d,0.044412,1,[-0.044],-0.031,,,2,,"DOWNWEIGHT (R11D_MACS_CONTRADICTS_SERIES) Z062N087M0 sig 40520/40520009/, dataset scope, 19 cell(s) 5500-3.425e+05 eV; rules R11d; d=+0.33 dex vs 1 independent series (bins +-1); series median -0.03 over 563 cells; 2 of 2 MACS groups against"
CR2-40520-40520009-bb710b34,40520/40520009/,Z062N087M0,sig,V.N.Kononov,1977,downweight,0.25,dataset,R11D_MACS_CONTRADICTS_SERIES,147,51000.0,63000.0,1.613857,0.0124,R11d,-0.005745,1,[0.006],-0.031,,,2,,"DOWNWEIGHT (R11D_MACS_CONTRADICTS_SERIES) Z062N087M0 sig 40520/40520009/, dataset scope, 19 cell(s) 5500-3.425e+05 eV; rules R11d; d=+0.33 dex vs 1 independent series (bins +-1); series median -0.03 over 563 cells; 2 of 2 MACS groups against"
CR2-40520-40520009-bb710b34,40520/40520009/,Z062N087M0,sig,V.N.Kononov,1977,downweight,0.25,dataset,R11D_MACS_CONTRADICTS_SERIES,148,65000.0,79000.0,1.401875,0.0116,R11d,-0.047653,1,[0.048],-0.031,,,2,,"DOWNWEIGHT (R11D_MACS_CONTRADICTS_SERIES) Z062N087M0 sig 40520/40520009/, dataset scope, 19 cell(s) 5500-3.425e+05 eV; rules R11d; d=+0.33 dex vs 1 independent series (bins +-1); series median -0.03 over 563 cells; 2 of 2 MACS groups against"
CR2-40520-40520009-bb710b34,40520/40520009/,Z062N087M0,sig,V.N.Kononov,1977,downweight,0.25,dataset,R11D_MACS_CONTRADICTS_SERIES,149,82000.0,98000.0,1.2406,0.0146,R11d,0.0747,2,"[0.074, -0.224]",-0.031,,,2,,"DOWNWEIGHT (R11D_MACS_CONTRADICTS_SERIES) Z062N087M0 sig 40520/40520009/, dataset scope, 19 cell(s) 5500-3.425e+05 eV; rules R11d; d=+0.33 dex vs 1 independent series (bins +-1); series median -0.03 over 563 cells; 2 of 2 MACS groups against"
CR2-40520-40520009-bb710b34,40520/40520009/,Z062N087M0,sig,V.N.Kononov,1977,downweight,0.25,dataset,R11D_MACS_CONTRADICTS_SERIES,150,102000.0,124000.0,1.1205,0.0133,R11d,0.179594,1,[-0.18],-0.031,,,2,,"DOWNWEIGHT (R11D_MACS_CONTRADICTS_SERIES) Z062N087M0 sig 40520/40520009/, dataset scope, 19 cell(s) 5500-3.425e+05 eV; rules R11d; d=+0.33 dex vs 1 independent series (bins +-1); series median -0.03 over 563 cells; 2 of 2 MACS groups against"
CR2-40520-40520009-bb710b34,40520/40520009/,Z062N087M0,sig,V.N.Kononov,1977,downweight,0.25,dataset,R11D_MACS_CONTRADICTS_SERIES,151,132000.0,156000.0,0.994,0.0162,R11d,0.127568,1,[-0.128],-0.031,,,2,,"DOWNWEIGHT (R11D_MACS_CONTRADICTS_SERIES) Z062N087M0 sig 40520/40520009/, dataset scope, 19 cell(s) 5500-3.425e+05 eV; rules R11d; d=+0.33 dex vs 1 independent series (bins +-1); series median -0.03 over 563 cells; 2 of 2 MACS groups against"
CR2-40520-40520009-bb710b34,40520/40520009/,Z062N087M0,sig,V.N.Kononov,1977,downweight,0.25,dataset,R11D_MACS_CONTRADICTS_SERIES,152,164000.0,196000.0,0.9134,0.0146,R11d,,0,null,,,,2,,"DOWNWEIGHT (R11D_MACS_CONTRADICTS_SERIES) Z062N087M0 sig 40520/40520009/, dataset scope, 19 cell(s) 5500-3.425e+05 eV; rules R11d; d=+0.33 dex vs 1 independent series (bins +-1); series median -0.03 over 563 cells; 2 of 2 MACS groups against"
CR2-40520-40520009-bb710b34,40520/40520009/,Z062N087M0,sig,V.N.Kononov,1977,downweight,0.25,dataset,R11D_MACS_CONTRADICTS_SERIES,153,207500.0,237500.0,0.860667,0.0188,R11d,,0,null,,,,2,,"DOWNWEIGHT (R11D_MACS_CONTRADICTS_SERIES) Z062N087M0 sig 40520/40520009/, dataset scope, 19 cell(s) 5500-3.425e+05 eV; rules R11d; d=+0.33 dex vs 1 independent series (bins +-1); series median -0.03 over 563 cells; 2 of 2 MACS groups against"
CR2-40520-40520009-bb710b34,40520/40520009/,Z062N087M0,sig,V.N.Kononov,1977,downweight,0.25,dataset,R11D_MACS_CONTRADICTS_SERIES,154,252500.0,312500.0,0.7792,0.0146,R11d,,0,null,,,,2,,"DOWNWEIGHT (R11D_MACS_CONTRADICTS_SERIES) Z062N087M0 sig 40520/40520009/, dataset scope, 19 cell(s) 5500-3.425e+05 eV; rules R11d; d=+0.33 dex vs 1 independent series (bins +-1); series median -0.03 over 563 cells; 2 of 2 MACS groups against"
CR2-40520-40520009-bb710b34,40520/40520009/,Z062N087M0,sig,V.N.Kononov,1977,downweight,0.25,dataset,R11D_MACS_CONTRADICTS_SERIES,155,327500.0,342500.0,0.6565,0.023,R11d,,0,null,,,,2,,"DOWNWEIGHT (R11D_MACS_CONTRADICTS_SERIES) Z062N087M0 sig 40520/40520009/, dataset scope, 19 cell(s) 5500-3.425e+05 eV; rules R11d; d=+0.33 dex vs 1 independent series (bins +-1); series median -0.03 over 563 cells; 2 of 2 MACS groups against"
CR2-40520-40520010-ca49232a,40520/40520010/,Z062N088M0,sig,V.N.Kononov,1977,downweight,0.25,cells,R5D_INTER_DATASET_SCATTER,143,22000.0,22000.0,0.834,0.0336,R5d,0.329617,2,"[-0.353, -0.306]",-0.031,,,,,"DOWNWEIGHT (R5D_INTER_DATASET_SCATTER) Z062N088M0 sig 40520/40520010/, cells scope, 1 cell(s) 2.2e+04-2.2e+04 eV; rules R5d; d=+0.33 dex vs 2 independent series (bins +-1); series median -0.03 over 563 cells"
CR2-40520-40520018-dbb6fce7,40520/40520018/,Z060N086M0,sig,V.N.Kononov,1977,downweight,0.25,dataset,R11D_MACS_CONTRADICTS_SERIES,137,5500.0,5500.0,1.132,0.0664,R11d,,,null,,,,2,,"DOWNWEIGHT (R11D_MACS_CONTRADICTS_SERIES) Z060N086M0 sig 40520/40520018/, dataset scope, 18 cell(s) 5500-3.35e+05 eV; rules R11d; d=+0.41 dex vs 3 independent series (bins +-1); series median -0.03 over 563 cells; 2 of 2 MACS groups against"
CR2-40520-40520018-dbb6fce7,40520/40520018/,Z060N086M0,sig,V.N.Kononov,1977,downweight,0.25,dataset,R11D_MACS_CONTRADICTS_SERIES,138,7000.0,7000.0,0.886,0.0646,R11d,,,null,,,,2,,"DOWNWEIGHT (R11D_MACS_CONTRADICTS_SERIES) Z060N086M0 sig 40520/40520018/, dataset scope, 18 cell(s) 5500-3.35e+05 eV; rules R11d; d=+0.41 dex vs 3 independent series (bins +-1); series median -0.03 over 563 cells; 2 of 2 MACS groups against"
CR2-40520-40520018-dbb6fce7,40520/40520018/,Z060N086M0,sig,V.N.Kononov,1977,downweight,0.25,dataset,R11D_MACS_CONTRADICTS_SERIES,139,9000.0,9000.0,0.576,0.0624,R11d,,,null,,,,2,,"DOWNWEIGHT (R11D_MACS_CONTRADICTS_SERIES) Z060N086M0 sig 40520/40520018/, dataset scope, 18 cell(s) 5500-3.35e+05 eV; rules R11d; d=+0.41 dex vs 3 independent series (bins +-1); series median -0.03 over 563 cells; 2 of 2 MACS groups against"
CR2-40520-40520018-dbb6fce7,40520/40520018/,Z060N086M0,sig,V.N.Kononov,1977,downweight,0.25,dataset,R11D_MACS_CONTRADICTS_SERIES,140,11000.0,11000.0,0.462,0.0605,R11d,,,null,,,,2,,"DOWNWEIGHT (R11D_MACS_CONTRADICTS_SERIES) Z060N086M0 sig 40520/40520018/, dataset scope, 18 cell(s) 5500-3.35e+05 eV; rules R11d; d=+0.41 dex vs 3 independent series (bins +-1); series median -0.03 over 563 cells; 2 of 2 MACS groups against"
CR2-40520-40520018-dbb6fce7,40520/40520018/,Z060N086M0,sig,V.N.Kononov,1977,downweight,0.25,dataset,R11D_MACS_CONTRADICTS_SERIES,141,13000.0,15000.0,0.34,0.0415,R11d,,,null,,,,2,,"DOWNWEIGHT (R11D_MACS_CONTRADICTS_SERIES) Z060N086M0 sig 40520/40520018/, dataset scope, 18 cell(s) 5500-3.35e+05 eV; rules R11d; d=+0.41 dex vs 3 independent series (bins +-1); series median -0.03 over 563 cells; 2 of 2 MACS groups against"
CR2-40520-40520018-dbb6fce7,40520/40520018/,Z060N086M0,sig,V.N.Kononov,1977,downweight,0.25,dataset,R11D_MACS_CONTRADICTS_SERIES,142,17000.0,19000.0,0.2275,0.0388,R11d,0.413982,3,"[-0.414, -0.524, -0.278]",-0.031,,,2,,"DOWNWEIGHT (R11D_MACS_CONTRADICTS_SERIES) Z060N086M0 sig 40520/40520018/, dataset scope, 18 cell(s) 5500-3.35e+05 eV; rules R11d; d=+0.41 dex vs 3 independent series (bins +-1); series median -0.03 over 563 cells; 2 of 2 MACS groups against"
CR2-40520-40520018-dbb6fce7,40520/40520018/,Z060N086M0,sig,V.N.Kononov,1977,downweight,0.25,dataset,R11D_MACS_CONTRADICTS_SERIES,143,22000.0,22000.0,0.202,0.0507,R11d,0.362352,3,"[-0.362, -0.473, -0.226]",-0.031,,,2,,"DOWNWEIGHT (R11D_MACS_CONTRADICTS_SERIES) Z060N086M0 sig 40520/40520018/, dataset scope, 18 cell(s) 5500-3.35e+05 eV; rules R11d; d=+0.41 dex vs 3 independent series (bins +-1); series median -0.03 over 563 cells; 2 of 2 MACS groups against"
CR2-40520-40520018-dbb6fce7,40520/40520018/,Z060N086M0,sig,V.N.Kononov,1977,downweight,0.25,dataset,R11D_MACS_CONTRADICTS_SERIES,144,26000.0,30000.0,0.155,0.0345,R11d,0.247332,3,"[-0.247, -0.358, -0.111]",-0.031,,,2,,"DOWNWEIGHT (R11D_MACS_CONTRADICTS_SERIES) Z060N086M0 sig 40520/40520018/, dataset scope, 18 cell(s) 5500-3.35e+05 eV; rules R11d; d=+0.41 dex vs 3 independent series (bins +-1); series median -0.03 over 563 cells; 2 of 2 MACS groups against"
CR2-40520-40520018-dbb6fce7,40520/40520018/,Z060N086M0,sig,V.N.Kononov,1977,downweight,0.25,dataset,R11D_MACS_CONTRADICTS_SERIES,145,34000.0,38000.0,0.1425,0.0332,R11d,,0,null,,,,2,,"DOWNWEIGHT (R11D_MACS_CONTRADICTS_SERIES) Z060N086M0 sig 40520/40520018/, dataset scope, 18 cell(s) 5500-3.35e+05 eV; rules R11d; d=+0.41 dex vs 3 independent series (bins +-1); series median -0.03 over 563 cells; 2 of 2 MACS groups against"
CR2-40520-40520018-dbb6fce7,40520/40520018/,Z060N086M0,sig,V.N.Kononov,1977,downweight,0.25,dataset,R11D_MACS_CONTRADICTS_SERIES,146,42000.0,50000.0,0.129333,0.0252,R11d,,0,null,,,,2,,"DOWNWEIGHT (R11D_MACS_CONTRADICTS_SERIES) Z060N086M0 sig 40520/40520018/, dataset scope, 18 cell(s) 5500-3.35e+05 eV; rules R11d; d=+0.41 dex vs 3 independent series (bins +-1); series median -0.03 over 563 cells; 2 of 2 MACS groups against"
CR2-40520-40520018-dbb6fce7,40520/40520018/,Z060N086M0,sig,V.N.Kononov,1977,downweight,0.25,dataset,R11D_MACS_CONTRADICTS_SERIES,147,54000.0,62500.0,0.112,0.024,R11d,,0,null,,,,2,,"DOWNWEIGHT (R11D_MACS_CONTRADICTS_SERIES) Z060N086M0 sig 40520/40520018/, dataset scope, 18 cell(s) 5500-3.35e+05 eV; rules R11d; d=+0.41 dex vs 3 independent series (bins +-1); series median -0.03 over 563 cells; 2 of 2 MACS groups against"
CR2-40520-40520018-dbb6fce7,40520/40520018/,Z060N086M0,sig,V.N.Kononov,1977,downweight,0.25,dataset,R11D_MACS_CONTRADICTS_SERIES,148,67500.0,77500.0,0.101333,0.0217,R11d,,0,null,,,,2,,"DOWNWEIGHT (R11D_MACS_CONTRADICTS_SERIES) Z060N086M0 sig 40520/40520018/, dataset scope, 18 cell(s) 5500-3.35e+05 eV; rules R11d; d=+0.41 dex vs 3 independent series (bins +-1); series median -0.03 over 563 cells; 2 of 2 MACS groups against"
CR2-40520-40520018-dbb6fce7,40520/40520018/,Z060N086M0,sig,V.N.Kononov,1977,downweight,0.25,dataset,R11D_MACS_CONTRADICTS_SERIES,150,110000.0,110000.0,0.105,0.0357,R11d,,0,null,,,,2,,"DOWNWEIGHT (R11D_MACS_CONTRADICTS_SERIES) Z060N086M0 sig 40520/40520018/, dataset scope, 18 cell(s) 5500-3.35e+05 eV; rules R11d; d=+0.41 dex vs 3 independent series (bins +-1); series median -0.03 over 563 cells; 2 of 2 MACS groups against"
CR2-40520-40520018-dbb6fce7,40520/40520018/,Z060N086M0,sig,V.N.Kononov,1977,downweight,0.25,dataset,R11D_MACS_CONTRADICTS_SERIES,151,140000.0,140000.0,0.104,0.036,R11d,,0,null,,-0.211,,2,,"DOWNWEIGHT (R11D_MACS_CONTRADICTS_SERIES) Z060N086M0 sig 40520/40520018/, dataset scope, 18 cell(s) 5500-3.35e+05 eV; rules R11d; d=+0.41 dex vs 3 independent series (bins +-1); series median -0.03 over 563 cells; 2 of 2 MACS groups against"
CR2-40520-40520018-dbb6fce7,40520/40520018/,Z060N086M0,sig,V.N.Kononov,1977,downweight,0.25,dataset,R11D_MACS_CONTRADICTS_SERIES,152,180000.0,180000.0,0.078,0.0373,R11d,,0,null,,-0.327,,2,,"DOWNWEIGHT (R11D_MACS_CONTRADICTS_SERIES) Z060N086M0 sig 40520/40520018/, dataset scope, 18 cell(s) 5500-3.35e+05 eV; rules R11d; d=+0.41 dex vs 3 independent series (bins +-1); series median -0.03 over 563 cells; 2 of 2 MACS groups against"
CR2-40520-40520018-dbb6fce7,40520/40520018/,Z060N086M0,sig,V.N.Kononov,1977,downweight,0.25,dataset,R11D_MACS_CONTRADICTS_SERIES,153,215000.0,245000.0,0.082,0.029,R11d,,0,null,,-0.274,,2,,"DOWNWEIGHT (R11D_MACS_CONTRADICTS_SERIES) Z060N086M0 sig 40520/40520018/, dataset scope, 18 cell(s) 5500-3.35e+05 eV; rules R11d; d=+0.41 dex vs 3 independent series (bins +-1); series median -0.03 over 563 cells; 2 of 2 MACS groups against"
CR2-40520-40520018-dbb6fce7,40520/40520018/,Z060N086M0,sig,V.N.Kononov,1977,downweight,0.25,dataset,R11D_MACS_CONTRADICTS_SERIES,154,275000.0,305000.0,0.0695,0.0299,R11d,,0,null,,-0.254,,2,,"DOWNWEIGHT (R11D_MACS_CONTRADICTS_SERIES) Z060N086M0 sig 40520/40520018/, dataset scope, 18 cell(s) 5500-3.35e+05 eV; rules R11d; d=+0.41 dex vs 3 independent series (bins +-1); series median -0.03 over 563 cells; 2 of 2 MACS groups against"
CR2-40520-40520018-dbb6fce7,40520/40520018/,Z060N086M0,sig,V.N.Kononov,1977,downweight,0.25,dataset,R11D_MACS_CONTRADICTS_SERIES,155,335000.0,335000.0,0.068,0.0483,R11d,0.092146,1,[-0.092],-0.031,-0.019,,2,,"DOWNWEIGHT (R11D_MACS_CONTRADICTS_SERIES) Z060N086M0 sig 40520/40520018/, dataset scope, 18 cell(s) 5500-3.35e+05 eV; rules R11d; d=+0.41 dex vs 3 independent series (bins +-1); series median -0.03 over 563 cells; 2 of 2 MACS groups against"
CR2-40621-40621003-1602da99,40621/40621003/,Z066N095M0,sig,V.N.Kononov,1981,exclude,,dataset,R3_TWIN_SUPERSEDED,142,18000.0,18000.0,2.806,0.0346,R3,,,null,,,,,,"EXCLUDE (R3_TWIN_SUPERSEDED) Z066N095M0 sig 40621/40621003/, dataset scope, 15 cell(s) 1.8e+04-4.5e+05 eV; rules R3; twin of 41177/41177103/ (d:ratio)"
CR2-40621-40621003-1602da99,40621/40621003/,Z066N095M0,sig,V.N.Kononov,1981,exclude,,dataset,R3_TWIN_SUPERSEDED,143,22000.0,22000.0,2.396,0.0325,R3,,,null,,,,,,"EXCLUDE (R3_TWIN_SUPERSEDED) Z066N095M0 sig 40621/40621003/, dataset scope, 15 cell(s) 1.8e+04-4.5e+05 eV; rules R3; twin of 41177/41177103/ (d:ratio)"
CR2-40621-40621003-1602da99,40621/40621003/,Z066N095M0,sig,V.N.Kononov,1981,exclude,,dataset,R3_TWIN_SUPERSEDED,144,26000.0,30000.0,2.05,0.0223,R3,,,null,,,,,,"EXCLUDE (R3_TWIN_SUPERSEDED) Z066N095M0 sig 40621/40621003/, dataset scope, 15 cell(s) 1.8e+04-4.5e+05 eV; rules R3; twin of 41177/41177103/ (d:ratio)"
CR2-40621-40621003-1602da99,40621/40621003/,Z066N095M0,sig,V.N.Kononov,1981,exclude,,dataset,R3_TWIN_SUPERSEDED,145,34000.0,38000.0,1.669,0.0214,R3,,,null,,,,,,"EXCLUDE (R3_TWIN_SUPERSEDED) Z066N095M0 sig 40621/40621003/, dataset scope, 15 cell(s) 1.8e+04-4.5e+05 eV; rules R3; twin of 41177/41177103/ (d:ratio)"
CR2-40621-40621003-1602da99,40621/40621003/,Z066N095M0,sig,V.N.Kononov,1981,exclude,,dataset,R3_TWIN_SUPERSEDED,146,42000.0,50000.0,1.428333,0.0173,R3,,,null,,,,,,"EXCLUDE (R3_TWIN_SUPERSEDED) Z066N095M0 sig 40621/40621003/, dataset scope, 15 cell(s) 1.8e+04-4.5e+05 eV; rules R3; twin of 41177/41177103/ (d:ratio)"
CR2-40621-40621003-1602da99,40621/40621003/,Z066N095M0,sig,V.N.Kononov,1981,exclude,,dataset,R3_TWIN_SUPERSEDED,147,54000.0,62000.0,1.196667,0.0169,R3,,,null,,,,,,"EXCLUDE (R3_TWIN_SUPERSEDED) Z066N095M0 sig 40621/40621003/, dataset scope, 15 cell(s) 1.8e+04-4.5e+05 eV; rules R3; twin of 41177/41177103/ (d:ratio)"
CR2-40621-40621003-1602da99,40621/40621003/,Z066N095M0,sig,V.N.Kononov,1981,exclude,,dataset,R3_TWIN_SUPERSEDED,148,66000.0,78000.0,1.027,0.0143,R3,,,null,,,,,,"EXCLUDE (R3_TWIN_SUPERSEDED) Z066N095M0 sig 40621/40621003/, dataset scope, 15 cell(s) 1.8e+04-4.5e+05 eV; rules R3; twin of 41177/41177103/ (d:ratio)"
CR2-40621-40621003-1602da99,40621/40621003/,Z066N095M0,sig,V.N.Kononov,1981,exclude,,dataset,R3_TWIN_SUPERSEDED,149,82000.0,98000.0,0.8646,0.0128,R3,,,null,,,,,,"EXCLUDE (R3_TWIN_SUPERSEDED) Z066N095M0 sig 40621/40621003/, dataset scope, 15 cell(s) 1.8e+04-4.5e+05 eV; rules R3; twin of 41177/41177103/ (d:ratio)"
CR2-40621-40621003-1602da99,40621/40621003/,Z066N095M0,sig,V.N.Kononov,1981,exclude,,dataset,R3_TWIN_SUPERSEDED,150,105000.0,125000.0,0.68,0.0174,R3,,,null,,,,,,"EXCLUDE (R3_TWIN_SUPERSEDED) Z066N095M0 sig 40621/40621003/, dataset scope, 15 cell(s) 1.8e+04-4.5e+05 eV; rules R3; twin of 41177/41177103/ (d:ratio)"
CR2-40621-40621003-1602da99,40621/40621003/,Z066N095M0,sig,V.N.Kononov,1981,exclude,,dataset,R3_TWIN_SUPERSEDED,151,135000.0,155000.0,0.544667,0.0173,R3,,,null,,,,,,"EXCLUDE (R3_TWIN_SUPERSEDED) Z066N095M0 sig 40621/40621003/, dataset scope, 15 cell(s) 1.8e+04-4.5e+05 eV; rules R3; twin of 41177/41177103/ (d:ratio)"
CR2-40621-40621003-1602da99,40621/40621003/,Z066N095M0,sig,V.N.Kononov,1981,exclude,,dataset,R3_TWIN_SUPERSEDED,152,165000.0,195000.0,0.45875,0.0151,R3,,,null,,,,,,"EXCLUDE (R3_TWIN_SUPERSEDED) Z066N095M0 sig 40621/40621003/, dataset scope, 15 cell(s) 1.8e+04-4.5e+05 eV; rules R3; twin of 41177/41177103/ (d:ratio)"
CR2-40621-40621003-1602da99,40621/40621003/,Z066N095M0,sig,V.N.Kononov,1981,exclude,,dataset,R3_TWIN_SUPERSEDED,153,205000.0,245000.0,0.3802,0.0136,R3,,,null,,,,,,"EXCLUDE (R3_TWIN_SUPERSEDED) Z066N095M0 sig 40621/40621003/, dataset scope, 15 cell(s) 1.8e+04-4.5e+05 eV; rules R3; twin of 41177/41177103/ (d:ratio)"
CR2-40621-40621003-1602da99,40621/40621003/,Z066N095M0,sig,V.N.Kononov,1981,exclude,,dataset,R3_TWIN_SUPERSEDED,154,255000.0,310000.0,0.327667,0.0125,R3,,,null,,,,,,"EXCLUDE (R3_TWIN_SUPERSEDED) Z066N095M0 sig 40621/40621003/, dataset scope, 15 cell(s) 1.8e+04-4.5e+05 eV; rules R3; twin of 41177/41177103/ (d:ratio)"
CR2-40621-40621003-1602da99,40621/40621003/,Z066N095M0,sig,V.N.Kononov,1981,exclude,,dataset,R3_TWIN_SUPERSEDED,155,330000.0,390000.0,0.2775,0.0154,R3,,,null,,,,,,"EXCLUDE (R3_TWIN_SUPERSEDED) Z066N095M0 sig 40621/40621003/, dataset scope, 15 cell(s) 1.8e+04-4.5e+05 eV; rules R3; twin of 41177/41177103/ (d:ratio)"
CR2-40621-40621003-1602da99,40621/40621003/,Z066N095M0,sig,V.N.Kononov,1981,exclude,,dataset,R3_TWIN_SUPERSEDED,156,410000.0,450000.0,0.238333,0.0182,R3,,,null,,,,,,"EXCLUDE (R3_TWIN_SUPERSEDED) Z066N095M0 sig 40621/40621003/, dataset scope, 15 cell(s) 1.8e+04-4.5e+05 eV; rules R3; twin of 41177/41177103/ (d:ratio)"
CR2-40621-40621004-99db616a,40621/40621004/,Z066N096M0,sig,V.N.Kononov,1981,exclude,,dataset,R3_TWIN_SUPERSEDED,142,18000.0,18000.0,0.648,0.0348,R3,,,null,,,,,,"EXCLUDE (R3_TWIN_SUPERSEDED) Z066N096M0 sig 40621/40621004/, dataset scope, 15 cell(s) 1.8e+04-4.5e+05 eV; rules R3; twin of 41177/41177104/ (d:ratio)"
CR2-40621-40621004-99db616a,40621/40621004/,Z066N096M0,sig,V.N.Kononov,1981,exclude,,dataset,R3_TWIN_SUPERSEDED,143,22000.0,22000.0,0.521,0.0321,R3,,,null,,,,,,"EXCLUDE (R3_TWIN_SUPERSEDED) Z066N096M0 sig 40621/40621004/, dataset scope, 15 cell(s) 1.8e+04-4.5e+05 eV; rules R3; twin of 41177/41177104/ (d:ratio)"
CR2-40621-40621004-99db616a,40621/40621004/,Z066N096M0,sig,V.N.Kononov,1981,exclude,,dataset,R3_TWIN_SUPERSEDED,144,26000.0,30000.0,0.475,0.0224,R3,,,null,,,,,,"EXCLUDE (R3_TWIN_SUPERSEDED) Z066N096M0 sig 40621/40621004/, dataset scope, 15 cell(s) 1.8e+04-4.5e+05 eV; rules R3; twin of 41177/41177104/ (d:ratio)"
CR2-40621-40621004-99db616a,40621/40621004/,Z066N096M0,sig,V.N.Kononov,1981,exclude,,dataset,R3_TWIN_SUPERSEDED,145,34000.0,38000.0,0.4015,0.0213,R3,,,null,,,,,,"EXCLUDE (R3_TWIN_SUPERSEDED) Z066N096M0 sig 40621/40621004/, dataset scope, 15 cell(s) 1.8e+04-4.5e+05 eV; rules R3; twin of 41177/41177104/ (d:ratio)"
CR2-40621-40621004-99db616a,40621/40621004/,Z066N096M0,sig,V.N.Kononov,1981,exclude,,dataset,R3_TWIN_SUPERSEDED,146,42000.0,50000.0,0.350667,0.0173,R3,,,null,,,,,,"EXCLUDE (R3_TWIN_SUPERSEDED) Z066N096M0 sig 40621/40621004/, dataset scope, 15 cell(s) 1.8e+04-4.5e+05 eV; rules R3; twin of 41177/41177104/ (d:ratio)"
CR2-40621-40621004-99db616a,40621/40621004/,Z066N096M0,sig,V.N.Kononov,1981,exclude,,dataset,R3_TWIN_SUPERSEDED,147,54000.0,62000.0,0.313,0.0168,R3,,,null,,,,,,"EXCLUDE (R3_TWIN_SUPERSEDED) Z066N096M0 sig 40621/40621004/, dataset scope, 15 cell(s) 1.8e+04-4.5e+05 eV; rules R3; twin of 41177/41177104/ (d:ratio)"
CR2-40621-40621004-99db616a,40621/40621004/,Z066N096M0,sig,V.N.Kononov,1981,exclude,,dataset,R3_TWIN_SUPERSEDED,148,66000.0,78000.0,0.2895,0.0144,R3,,,null,,,,,,"EXCLUDE (R3_TWIN_SUPERSEDED) Z066N096M0 sig 40621/40621004/, dataset scope, 15 cell(s) 1.8e+04-4.5e+05 eV; rules R3; twin of 41177/41177104/ (d:ratio)"
CR2-40621-40621004-99db616a,40621/40621004/,Z066N096M0,sig,V.N.Kononov,1981,exclude,,dataset,R3_TWIN_SUPERSEDED,149,82000.0,98000.0,0.2208,0.0129,R3,,,null,,,,,,"EXCLUDE (R3_TWIN_SUPERSEDED) Z066N096M0 sig 40621/40621004/, dataset scope, 15 cell(s) 1.8e+04-4.5e+05 eV; rules R3; twin of 41177/41177104/ (d:ratio)"
CR2-40621-40621004-99db616a,40621/40621004/,Z066N096M0,sig,V.N.Kononov,1981,exclude,,dataset,R3_TWIN_SUPERSEDED,150,105000.0,125000.0,0.168333,0.0176,R3,,,null,,,,,,"EXCLUDE (R3_TWIN_SUPERSEDED) Z066N096M0 sig 40621/40621004/, dataset scope, 15 cell(s) 1.8e+04-4.5e+05 eV; rules R3; twin of 41177/41177104/ (d:ratio)"
CR2-40621-40621004-99db616a,40621/40621004/,Z066N096M0,sig,V.N.Kononov,1981,exclude,,dataset,R3_TWIN_SUPERSEDED,151,135000.0,155000.0,0.140667,0.0172,R3,,,null,,,,,,"EXCLUDE (R3_TWIN_SUPERSEDED) Z066N096M0 sig 40621/40621004/, dataset scope, 15 cell(s) 1.8e+04-4.5e+05 eV; rules R3; twin of 41177/41177104/ (d:ratio)"
CR2-40621-40621004-99db616a,40621/40621004/,Z066N096M0,sig,V.N.Kononov,1981,exclude,,dataset,R3_TWIN_SUPERSEDED,152,165000.0,195000.0,0.12525,0.0151,R3,,,null,,,,,,"EXCLUDE (R3_TWIN_SUPERSEDED) Z066N096M0 sig 40621/40621004/, dataset scope, 15 cell(s) 1.8e+04-4.5e+05 eV; rules R3; twin of 41177/41177104/ (d:ratio)"
CR2-40621-40621004-99db616a,40621/40621004/,Z066N096M0,sig,V.N.Kononov,1981,exclude,,dataset,R3_TWIN_SUPERSEDED,153,205000.0,245000.0,0.1158,0.0136,R3,,,null,,,,,,"EXCLUDE (R3_TWIN_SUPERSEDED) Z066N096M0 sig 40621/40621004/, dataset scope, 15 cell(s) 1.8e+04-4.5e+05 eV; rules R3; twin of 41177/41177104/ (d:ratio)"
CR2-40621-40621004-99db616a,40621/40621004/,Z066N096M0,sig,V.N.Kononov,1981,exclude,,dataset,R3_TWIN_SUPERSEDED,154,255000.0,310000.0,0.110667,0.0125,R3,,,null,,,,,,"EXCLUDE (R3_TWIN_SUPERSEDED) Z066N096M0 sig 40621/40621004/, dataset scope, 15 cell(s) 1.8e+04-4.5e+05 eV; rules R3; twin of 41177/41177104/ (d:ratio)"
CR2-40621-40621004-99db616a,40621/40621004/,Z066N096M0,sig,V.N.Kononov,1981,exclude,,dataset,R3_TWIN_SUPERSEDED,155,330000.0,390000.0,0.097,0.0155,R3,,,null,,,,,,"EXCLUDE (R3_TWIN_SUPERSEDED) Z066N096M0 sig 40621/40621004/, dataset scope, 15 cell(s) 1.8e+04-4.5e+05 eV; rules R3; twin of 41177/41177104/ (d:ratio)"
CR2-40621-40621004-99db616a,40621/40621004/,Z066N096M0,sig,V.N.Kononov,1981,exclude,,dataset,R3_TWIN_SUPERSEDED,156,410000.0,450000.0,0.092667,0.018,R3,,,null,,,,,,"EXCLUDE (R3_TWIN_SUPERSEDED) Z066N096M0 sig 40621/40621004/, dataset scope, 15 cell(s) 1.8e+04-4.5e+05 eV; rules R3; twin of 41177/41177104/ (d:ratio)"
CR2-40621-40621005-62ff86a5,40621/40621005/,Z066N097M0,sig,V.N.Kononov,1981,exclude,,dataset,R3_TWIN_SUPERSEDED,142,18000.0,18000.0,1.492,0.0347,R3,,,null,,,,,,"EXCLUDE (R3_TWIN_SUPERSEDED) Z066N097M0 sig 40621/40621005/, dataset scope, 15 cell(s) 1.8e+04-4.5e+05 eV; rules R3; twin of 41177/41177105/ (d:ratio)"
CR2-40621-40621005-62ff86a5,40621/40621005/,Z066N097M0,sig,V.N.Kononov,1981,exclude,,dataset,R3_TWIN_SUPERSEDED,143,22000.0,22000.0,1.19,0.0323,R3,,,null,,,,,,"EXCLUDE (R3_TWIN_SUPERSEDED) Z066N097M0 sig 40621/40621005/, dataset scope, 15 cell(s) 1.8e+04-4.5e+05 eV; rules R3; twin of 41177/41177105/ (d:ratio)"
CR2-40621-40621005-62ff86a5,40621/40621005/,Z066N097M0,sig,V.N.Kononov,1981,exclude,,dataset,R3_TWIN_SUPERSEDED,144,26000.0,30000.0,1.0895,0.0222,R3,,,null,,,,,,"EXCLUDE (R3_TWIN_SUPERSEDED) Z066N097M0 sig 40621/40621005/, dataset scope, 15 cell(s) 1.8e+04-4.5e+05 eV; rules R3; twin of 41177/41177105/ (d:ratio)"
CR2-40621-40621005-62ff86a5,40621/40621005/,Z066N097M0,sig,V.N.Kononov,1981,exclude,,dataset,R3_TWIN_SUPERSEDED,145,34000.0,38000.0,0.9345,0.0212,R3,,,null,,,,,,"EXCLUDE (R3_TWIN_SUPERSEDED) Z066N097M0 sig 40621/40621005/, dataset scope, 15 cell(s) 1.8e+04-4.5e+05 eV; rules R3; twin of 41177/41177105/ (d:ratio)"
CR2-40621-40621005-62ff86a5,40621/40621005/,Z066N097M0,sig,V.N.Kononov,1981,exclude,,dataset,R3_TWIN_SUPERSEDED,146,42000.0,50000.0,0.79,0.0172,R3,,,null,,,,,,"EXCLUDE (R3_TWIN_SUPERSEDED) Z066N097M0 sig 40621/40621005/, dataset scope, 15 cell(s) 1.8e+04-4.5e+05 eV; rules R3; twin of 41177/41177105/ (d:ratio)"
CR2-40621-40621005-62ff86a5,40621/40621005/,Z066N097M0,sig,V.N.Kononov,1981,exclude,,dataset,R3_TWIN_SUPERSEDED,147,54000.0,62000.0,0.706,0.0169,R3,,,null,,,,,,"EXCLUDE (R3_TWIN_SUPERSEDED) Z066N097M0 sig 40621/40621005/, dataset scope, 15 cell(s) 1.8e+04-4.5e+05 eV; rules R3; twin of 41177/41177105/ (d:ratio)"
CR2-40621-40621005-62ff86a5,40621/40621005/,Z066N097M0,sig,V.N.Kononov,1981,exclude,,dataset,R3_TWIN_SUPERSEDED,148,66000.0,78000.0,0.63675,0.0143,R3,,,null,,,,,,"EXCLUDE (R3_TWIN_SUPERSEDED) Z066N097M0 sig 40621/40621005/, dataset scope, 15 cell(s) 1.8e+04-4.5e+05 eV; rules R3; twin of 41177/41177105/ (d:ratio)"
CR2-40621-40621005-62ff86a5,40621/40621005/,Z066N097M0,sig,V.N.Kononov,1981,exclude,,dataset,R3_TWIN_SUPERSEDED,149,82000.0,98000.0,0.5042,0.0128,R3,,,null,,,,,,"EXCLUDE (R3_TWIN_SUPERSEDED) Z066N097M0 sig 40621/40621005/, dataset scope, 15 cell(s) 1.8e+04-4.5e+05 eV; rules R3; twin of 41177/41177105/ (d:ratio)"
CR2-40621-40621005-62ff86a5,40621/40621005/,Z066N097M0,sig,V.N.Kononov,1981,exclude,,dataset,R3_TWIN_SUPERSEDED,150,105000.0,125000.0,0.426,0.0173,R3,,,null,,,,,,"EXCLUDE (R3_TWIN_SUPERSEDED) Z066N097M0 sig 40621/40621005/, dataset scope, 15 cell(s) 1.8e+04-4.5e+05 eV; rules R3; twin of 41177/41177105/ (d:ratio)"
CR2-40621-40621005-62ff86a5,40621/40621005/,Z066N097M0,sig,V.N.Kononov,1981,exclude,,dataset,R3_TWIN_SUPERSEDED,151,135000.0,155000.0,0.369,0.0171,R3,,,null,,,,,,"EXCLUDE (R3_TWIN_SUPERSEDED) Z066N097M0 sig 40621/40621005/, dataset scope, 15 cell(s) 1.8e+04-4.5e+05 eV; rules R3; twin of 41177/41177105/ (d:ratio)"
CR2-40621-40621005-62ff86a5,40621/40621005/,Z066N097M0,sig,V.N.Kononov,1981,exclude,,dataset,R3_TWIN_SUPERSEDED,152,165000.0,195000.0,0.32425,0.0152,R3,,,null,,,,,,"EXCLUDE (R3_TWIN_SUPERSEDED) Z066N097M0 sig 40621/40621005/, dataset scope, 15 cell(s) 1.8e+04-4.5e+05 eV; rules R3; twin of 41177/41177105/ (d:ratio)"
CR2-40621-40621005-62ff86a5,40621/40621005/,Z066N097M0,sig,V.N.Kononov,1981,exclude,,dataset,R3_TWIN_SUPERSEDED,153,205000.0,245000.0,0.2926,0.0135,R3,,,null,,,,,,"EXCLUDE (R3_TWIN_SUPERSEDED) Z066N097M0 sig 40621/40621005/, dataset scope, 15 cell(s) 1.8e+04-4.5e+05 eV; rules R3; twin of 41177/41177105/ (d:ratio)"
CR2-40621-40621005-62ff86a5,40621/40621005/,Z066N097M0,sig,V.N.Kononov,1981,exclude,,dataset,R3_TWIN_SUPERSEDED,154,255000.0,310000.0,0.238667,0.0125,R3,,,null,,,,,,"EXCLUDE (R3_TWIN_SUPERSEDED) Z066N097M0 sig 40621/40621005/, dataset scope, 15 cell(s) 1.8e+04-4.5e+05 eV; rules R3; twin of 41177/41177105/ (d:ratio)"
CR2-40621-40621005-62ff86a5,40621/40621005/,Z066N097M0,sig,V.N.Kononov,1981,exclude,,dataset,R3_TWIN_SUPERSEDED,155,330000.0,390000.0,0.176,0.0155,R3,,,null,,,,,,"EXCLUDE (R3_TWIN_SUPERSEDED) Z066N097M0 sig 40621/40621005/, dataset scope, 15 cell(s) 1.8e+04-4.5e+05 eV; rules R3; twin of 41177/41177105/ (d:ratio)"
CR2-40621-40621005-62ff86a5,40621/40621005/,Z066N097M0,sig,V.N.Kononov,1981,exclude,,dataset,R3_TWIN_SUPERSEDED,156,410000.0,450000.0,0.142,0.0177,R3,,,null,,,,,,"EXCLUDE (R3_TWIN_SUPERSEDED) Z066N097M0 sig 40621/40621005/, dataset scope, 15 cell(s) 1.8e+04-4.5e+05 eV; rules R3; twin of 41177/41177105/ (d:ratio)"
CR2-40621-40621006-f29141dd,40621/40621006/,Z066N098M0,sig,V.N.Kononov,1981,downweight,0.25,cells,R5D_INTER_DATASET_SCATTER,150,105000.0,125000.0,0.066,0.0206,R5d,-0.384576,3,"[0.694, 0.351, 0.385]",-0.031,,,,,"DOWNWEIGHT (R5D_INTER_DATASET_SCATTER) Z066N098M0 sig 40621/40621006/, cells scope, 2 cell(s) 1.05e+05-1.55e+05 eV; rules R5d; d=-0.38 dex vs 3 independent series (bins +-1); series median -0.03 over 562 cells"
CR2-40621-40621006-f29141dd,40621/40621006/,Z066N098M0,sig,V.N.Kononov,1981,downweight,0.25,cells,R5D_INTER_DATASET_SCATTER,151,135000.0,155000.0,0.057667,0.0214,R5d,-0.443195,3,"[0.788, 0.409, 0.443]",-0.031,,,,,"DOWNWEIGHT (R5D_INTER_DATASET_SCATTER) Z066N098M0 sig 40621/40621006/, cells scope, 2 cell(s) 1.05e+05-1.55e+05 eV; rules R5d; d=-0.38 dex vs 3 independent series (bins +-1); series median -0.03 over 562 cells"
CR2-40621-40621006-a77728c2,40621/40621006/,Z066N098M0,sig,V.N.Kononov,1981,exclude,,cells,R5X_INTER_DATASET_SCATTER,152,165000.0,195000.0,0.05,0.0183,R5x,-0.50515,3,"[0.854, 0.438, 0.505]",-0.031,,,,,"EXCLUDE (R5X_INTER_DATASET_SCATTER) Z066N098M0 sig 40621/40621006/, cells scope, 4 cell(s) 1.65e+05-3.9e+05 eV; rules R5x; d=-0.51 dex vs 3 independent series (bins +-1); series median -0.03 over 562 cells"
CR2-40621-40621006-a77728c2,40621/40621006/,Z066N098M0,sig,V.N.Kononov,1981,exclude,,cells,R5X_INTER_DATASET_SCATTER,153,205000.0,245000.0,0.0462,0.0166,R5x,-0.496726,3,"[0.892, 0.476, 0.497]",-0.031,,,,,"EXCLUDE (R5X_INTER_DATASET_SCATTER) Z066N098M0 sig 40621/40621006/, cells scope, 4 cell(s) 1.65e+05-3.9e+05 eV; rules R5x; d=-0.51 dex vs 3 independent series (bins +-1); series median -0.03 over 562 cells"
CR2-40621-40621006-a77728c2,40621/40621006/,Z066N098M0,sig,V.N.Kononov,1981,exclude,,cells,R5X_INTER_DATASET_SCATTER,154,255000.0,310000.0,0.046,0.015,R5x,-0.506935,2,"[0.515, 0.499]",-0.031,,,,,"EXCLUDE (R5X_INTER_DATASET_SCATTER) Z066N098M0 sig 40621/40621006/, cells scope, 4 cell(s) 1.65e+05-3.9e+05 eV; rules R5x; d=-0.51 dex vs 3 independent series (bins +-1); series median -0.03 over 562 cells"
CR2-40621-40621006-a77728c2,40621/40621006/,Z066N098M0,sig,V.N.Kononov,1981,exclude,,cells,R5X_INTER_DATASET_SCATTER,155,330000.0,390000.0,0.03975,0.0185,R5x,-0.654512,2,"[0.61, 0.7]",-0.031,,,,,"EXCLUDE (R5X_INTER_DATASET_SCATTER) Z066N098M0 sig 40621/40621006/, cells scope, 4 cell(s) 1.65e+05-3.9e+05 eV; rules R5x; d=-0.51 dex vs 3 independent series (bins +-1); series median -0.03 over 562 cells"
CR2-40760-40760002-0659becf,40760/40760002/,Z042N058M0,sig,V.A.Tolstikov,1960,exclude,,dataset,R3_TWIN_SUPERSEDED,143,25000.0,25000.0,0.115,0.0414,R3,,,null,,,,,,"EXCLUDE (R3_TWIN_SUPERSEDED) Z042N058M0 sig 40760/40760002/, dataset scope, 14 cell(s) 2.5e+04-2.1e+06 eV; rules R3; twin of 40689/40689003/ (x:SPSDD)"
CR2-40760-40760002-0659becf,40760/40760002/,Z042N058M0,sig,V.A.Tolstikov,1960,exclude,,dataset,R3_TWIN_SUPERSEDED,148,74000.0,74000.0,0.053,0.0414,R3,,,null,,,,,,"EXCLUDE (R3_TWIN_SUPERSEDED) Z042N058M0 sig 40760/40760002/, dataset scope, 14 cell(s) 2.5e+04-2.1e+06 eV; rules R3; twin of 40689/40689003/ (x:SPSDD)"
CR2-40760-40760002-0659becf,40760/40760002/,Z042N058M0,sig,V.A.Tolstikov,1960,exclude,,dataset,R3_TWIN_SUPERSEDED,149,96000.0,96000.0,0.046,0.0414,R3,,,null,,,,,,"EXCLUDE (R3_TWIN_SUPERSEDED) Z042N058M0 sig 40760/40760002/, dataset scope, 14 cell(s) 2.5e+04-2.1e+06 eV; rules R3; twin of 40689/40689003/ (x:SPSDD)"
CR2-40760-40760002-0659becf,40760/40760002/,Z042N058M0,sig,V.A.Tolstikov,1960,exclude,,dataset,R3_TWIN_SUPERSEDED,150,120000.0,120000.0,0.0415,0.0414,R3,,,null,,,,,,"EXCLUDE (R3_TWIN_SUPERSEDED) Z042N058M0 sig 40760/40760002/, dataset scope, 14 cell(s) 2.5e+04-2.1e+06 eV; rules R3; twin of 40689/40689003/ (x:SPSDD)"
CR2-40760-40760002-0659becf,40760/40760002/,Z042N058M0,sig,V.A.Tolstikov,1960,exclude,,dataset,R3_TWIN_SUPERSEDED,152,160000.0,195000.0,0.034,0.0126,R3,,,null,,,,,,"EXCLUDE (R3_TWIN_SUPERSEDED) Z042N058M0 sig 40760/40760002/, dataset scope, 14 cell(s) 2.5e+04-2.1e+06 eV; rules R3; twin of 40689/40689003/ (x:SPSDD)"
CR2-40760-40760002-0659becf,40760/40760002/,Z042N058M0,sig,V.A.Tolstikov,1960,exclude,,dataset,R3_TWIN_SUPERSEDED,153,250000.0,250000.0,0.034,0.0414,R3,,,null,,,,,,"EXCLUDE (R3_TWIN_SUPERSEDED) Z042N058M0 sig 40760/40760002/, dataset scope, 14 cell(s) 2.5e+04-2.1e+06 eV; rules R3; twin of 40689/40689003/ (x:SPSDD)"
CR2-40760-40760002-0659becf,40760/40760002/,Z042N058M0,sig,V.A.Tolstikov,1960,exclude,,dataset,R3_TWIN_SUPERSEDED,154,280000.0,280000.0,0.034,0.0414,R3,,,null,,,,,,"EXCLUDE (R3_TWIN_SUPERSEDED) Z042N058M0 sig 40760/40760002/, dataset scope, 14 cell(s) 2.5e+04-2.1e+06 eV; rules R3; twin of 40689/40689003/ (x:SPSDD)"
CR2-40760-40760002-0659becf,40760/40760002/,Z042N058M0,sig,V.A.Tolstikov,1960,exclude,,dataset,R3_TWIN_SUPERSEDED,155,390000.0,390000.0,0.035,0.0414,R3,,,null,,,,,,"EXCLUDE (R3_TWIN_SUPERSEDED) Z042N058M0 sig 40760/40760002/, dataset scope, 14 cell(s) 2.5e+04-2.1e+06 eV; rules R3; twin of 40689/40689003/ (x:SPSDD)"
CR2-40760-40760002-0659becf,40760/40760002/,Z042N058M0,sig,V.A.Tolstikov,1960,exclude,,dataset,R3_TWIN_SUPERSEDED,157,590000.0,590000.0,0.027,0.0414,R3,,,null,,,,,,"EXCLUDE (R3_TWIN_SUPERSEDED) Z042N058M0 sig 40760/40760002/, dataset scope, 14 cell(s) 2.5e+04-2.1e+06 eV; rules R3; twin of 40689/40689003/ (x:SPSDD)"
CR2-40760-40760002-0659becf,40760/40760002/,Z042N058M0,sig,V.A.Tolstikov,1960,exclude,,dataset,R3_TWIN_SUPERSEDED,159,800000.0,800000.0,0.0175,0.0414,R3,,,null,,,,,,"EXCLUDE (R3_TWIN_SUPERSEDED) Z042N058M0 sig 40760/40760002/, dataset scope, 14 cell(s) 2.5e+04-2.1e+06 eV; rules R3; twin of 40689/40689003/ (x:SPSDD)"
CR2-40760-40760002-0659becf,40760/40760002/,Z042N058M0,sig,V.A.Tolstikov,1960,exclude,,dataset,R3_TWIN_SUPERSEDED,160,1000000.0,1000000.0,0.016,0.0414,R3,,,null,,,,,,"EXCLUDE (R3_TWIN_SUPERSEDED) Z042N058M0 sig 40760/40760002/, dataset scope, 14 cell(s) 2.5e+04-2.1e+06 eV; rules R3; twin of 40689/40689003/ (x:SPSDD)"
CR2-40760-40760002-0659becf,40760/40760002/,Z042N058M0,sig,V.A.Tolstikov,1960,exclude,,dataset,R3_TWIN_SUPERSEDED,161,1300000.0,1300000.0,0.0125,0.0414,R3,,,null,,,,,,"EXCLUDE (R3_TWIN_SUPERSEDED) Z042N058M0 sig 40760/40760002/, dataset scope, 14 cell(s) 2.5e+04-2.1e+06 eV; rules R3; twin of 40689/40689003/ (x:SPSDD)"
CR2-40760-40760002-0659becf,40760/40760002/,Z042N058M0,sig,V.A.Tolstikov,1960,exclude,,dataset,R3_TWIN_SUPERSEDED,162,1600000.0,1900000.0,0.010667,0.0134,R3,,,null,,,,,,"EXCLUDE (R3_TWIN_SUPERSEDED) Z042N058M0 sig 40760/40760002/, dataset scope, 14 cell(s) 2.5e+04-2.1e+06 eV; rules R3; twin of 40689/40689003/ (x:SPSDD)"
CR2-40760-40760002-0659becf,40760/40760002/,Z042N058M0,sig,V.A.Tolstikov,1960,exclude,,dataset,R3_TWIN_SUPERSEDED,163,2100000.0,2100000.0,0.0105,0.0414,R3,,,null,,,,,,"EXCLUDE (R3_TWIN_SUPERSEDED) Z042N058M0 sig 40760/40760002/, dataset scope, 14 cell(s) 2.5e+04-2.1e+06 eV; rules R3; twin of 40689/40689003/ (x:SPSDD)"
CR2-40975-40975019-347322bf,40975/40975019/,Z058N084M0,sig,Yu.N.Trofimov,1987,exclude,,dataset,R1_RECORD_PROVEN_ERROR,163,2000000.0,2000000.0,0.057907,0.0058,R1,,,null,,,,,RF004,"EXCLUDE (R1_RECORD_PROVEN_ERROR) Z058N084M0 sig 40975/40975019/, dataset scope, 1 cell(s) 2e+06-2e+06 eV; rules R1"
CR2-40975-40975033-a12a5a95,40975/40975033/,Z051N072M0,sig,Yu.N.Trofimov,1987,downweight,0.25,dataset,R2D_PARTIAL_STATE_AS_TOTAL,163,2000000.0,2000000.0,0.053981,0.045,R2d,0.022065,1,[-0.022],-0.017,,,,RF015,"DOWNWEIGHT (R2D_PARTIAL_STATE_AS_TOTAL) Z051N072M0 sig 40975/40975033/, dataset scope, 1 cell(s) 2e+06-2e+06 eV; rules R2d; d=+0.02 dex vs 1 independent series (bins +-1); series median -0.02 over 10 cells"
CR2-41123-41123006-37f0b001,41123/41123006/,Z067N099M1,mxw,S.M.Masyanov,1992,downweight,0.25,dataset,R5D_INTER_DATASET_SCATTER,84,0.0253,0.0253,9140.0,0.0298,R5d,0.35672,3,"[-0.348, -0.484, -0.357]",0.31,,,,,"DOWNWEIGHT (R5D_INTER_DATASET_SCATTER) Z067N099M1 mxw 41123/41123006/, dataset scope, 1 cell(s) 0.0253-0.0253 eV; rules R5d; d=+0.36 dex vs 3 independent series; series median +0.31 over 3 cells"
CR2-41123-41123009-ac51de01,41123/41123009/,Z067N099M1,mxw,S.M.Masyanov,1992,downweight,0.25,dataset,R5D_INTER_DATASET_SCATTER,84,0.0253,0.0253,9250.0,0.0299,R5d,0.361916,3,"[-0.353, -0.489, -0.362]",0.31,,,,,"DOWNWEIGHT (R5D_INTER_DATASET_SCATTER) Z067N099M1 mxw 41123/41123009/, dataset scope, 1 cell(s) 0.0253-0.0253 eV; rules R5d; d=+0.36 dex vs 3 independent series; series median +0.31 over 3 cells"
CR2-41177-41177106-6e92145b,41177/41177106/,Z066N098M0,sig,M.V.Bokhovko,1991,downweight,0.25,cells,R5D_INTER_DATASET_SCATTER,150,105000.0,125000.0,0.067,0.0183,R5d,-0.378045,3,"[0.687, 0.344, 0.378]",-0.031,,,,,"DOWNWEIGHT (R5D_INTER_DATASET_SCATTER) Z066N098M0 sig 41177/41177106/, cells scope, 2 cell(s) 1.05e+05-1.55e+05 eV; rules R5d; d=-0.38 dex vs 3 independent series (bins +-1); series median -0.03 over 562 cells"
CR2-41177-41177106-6e92145b,41177/41177106/,Z066N098M0,sig,M.V.Bokhovko,1991,downweight,0.25,cells,R5D_INTER_DATASET_SCATTER,151,135000.0,155000.0,0.058,0.0184,R5d,-0.440692,3,"[0.786, 0.407, 0.441]",-0.031,,,,,"DOWNWEIGHT (R5D_INTER_DATASET_SCATTER) Z066N098M0 sig 41177/41177106/, cells scope, 2 cell(s) 1.05e+05-1.55e+05 eV; rules R5d; d=-0.38 dex vs 3 independent series (bins +-1); series median -0.03 over 562 cells"
CR2-41177-41177106-82fcd0f2,41177/41177106/,Z066N098M0,sig,M.V.Bokhovko,1991,exclude,,cells,R5X_INTER_DATASET_SCATTER,152,165000.0,195000.0,0.051,0.0167,R5x,-0.49655,3,"[0.845, 0.429, 0.497]",-0.031,,,,,"EXCLUDE (R5X_INTER_DATASET_SCATTER) Z066N098M0 sig 41177/41177106/, cells scope, 4 cell(s) 1.65e+05-3.9e+05 eV; rules R5x; d=-0.50 dex vs 3 independent series (bins +-1); series median -0.03 over 562 cells"
CR2-41177-41177106-82fcd0f2,41177/41177106/,Z066N098M0,sig,M.V.Bokhovko,1991,exclude,,cells,R5X_INTER_DATASET_SCATTER,153,205000.0,245000.0,0.0472,0.0162,R5x,-0.487426,3,"[0.882, 0.467, 0.487]",-0.031,,,,,"EXCLUDE (R5X_INTER_DATASET_SCATTER) Z066N098M0 sig 41177/41177106/, cells scope, 4 cell(s) 1.65e+05-3.9e+05 eV; rules R5x; d=-0.50 dex vs 3 independent series (bins +-1); series median -0.03 over 562 cells"
CR2-41177-41177106-82fcd0f2,41177/41177106/,Z066N098M0,sig,M.V.Bokhovko,1991,exclude,,cells,R5X_INTER_DATASET_SCATTER,154,255000.0,310000.0,0.0465,0.015,R5x,-0.50224,2,"[0.511, 0.494]",-0.031,,,,,"EXCLUDE (R5X_INTER_DATASET_SCATTER) Z066N098M0 sig 41177/41177106/, cells scope, 4 cell(s) 1.65e+05-3.9e+05 eV; rules R5x; d=-0.50 dex vs 3 independent series (bins +-1); series median -0.03 over 562 cells"
CR2-41177-41177106-82fcd0f2,41177/41177106/,Z066N098M0,sig,M.V.Bokhovko,1991,exclude,,cells,R5X_INTER_DATASET_SCATTER,155,330000.0,390000.0,0.0415,0.0154,R5x,-0.635801,2,"[0.591, 0.681]",-0.031,,,,,"EXCLUDE (R5X_INTER_DATASET_SCATTER) Z066N098M0 sig 41177/41177106/, cells scope, 4 cell(s) 1.65e+05-3.9e+05 eV; rules R5x; d=-0.50 dex vs 3 independent series (bins +-1); series median -0.03 over 562 cells"
CR2-41426-41426012-4b490c72,41426/41426012/,Z045N058M0,av,Yu.V.Grigoriev,2002,exclude,,cells,L2_DATA_PLUS_RECORD,135,3350.0,3350.0,1.044,0.0414,R12+R5d+R6d,-0.355872,2,"[0.385, 0.327]",-0.472,,,,,"EXCLUDE (L2_DATA_PLUS_RECORD) Z045N058M0 av 41426/41426012/, cells scope, 4 cell(s) 3350-3.404e+04 eV; rules R12+R5d+R6d; d=-0.36 dex vs 2 independent series (bins +-1); series median -0.47 over 6 cells"
CR2-41426-41426012-4b490c72,41426/41426012/,Z045N058M0,av,Yu.V.Grigoriev,2002,exclude,,cells,L2_DATA_PLUS_RECORD,138,7257.0,7257.0,0.618,0.0414,R12+R6d,-0.410354,3,"[0.457, 0.41, 0.297]",-0.472,,,,,"EXCLUDE (L2_DATA_PLUS_RECORD) Z045N058M0 av 41426/41426012/, cells scope, 4 cell(s) 3350-3.404e+04 eV; rules R12+R5d+R6d; d=-0.36 dex vs 2 independent series (bins +-1); series median -0.47 over 6 cells"
CR2-41426-41426012-4b490c72,41426/41426012/,Z045N058M0,av,Yu.V.Grigoriev,2002,exclude,,cells,L2_DATA_PLUS_RECORD,141,15729.0,15729.0,0.415,0.0414,R12+R5d+R6d,-0.47709,2,"[0.559, 0.396]",-0.438,,,,,"EXCLUDE (L2_DATA_PLUS_RECORD) Z045N058M0 av 41426/41426012/, cells scope, 4 cell(s) 3350-3.404e+04 eV; rules R12+R5d+R6d; d=-0.36 dex vs 2 independent series (bins +-1); series median -0.47 over 6 cells"
CR2-41426-41426012-4b490c72,41426/41426012/,Z045N058M0,av,Yu.V.Grigoriev,2002,exclude,,cells,L2_DATA_PLUS_RECORD,145,34038.0,34038.0,0.264,0.0414,R12+R5d+R6d,-0.466114,4,"[0.529, 0.471, 0.462, 0.441]",-0.444,,,,,"EXCLUDE (L2_DATA_PLUS_RECORD) Z045N058M0 av 41426/41426012/, cells scope, 4 cell(s) 3350-3.404e+04 eV; rules R12+R5d+R6d; d=-0.36 dex vs 2 independent series (bins +-1); series median -0.47 over 6 cells"
CR2-41426-41426013-07e4123d,41426/41426013/,Z074NAT,av,Yu.V.Grigoriev,2002,exclude,,cells,R5X_INTER_DATASET_SCATTER,138,7304.0,7304.0,0.149,0.0414,R12+R5x+R6x,-0.604361,2,"[0.575, 0.633]",-0.438,,,,,"EXCLUDE (R5X_INTER_DATASET_SCATTER) Z074NAT av 41426/41426013/, cells scope, 2 cell(s) 7304-1.571e+04 eV; rules R12+R5x+R6x; d=-0.60 dex vs 2 independent series; series median -0.44 over 6 cells"
CR2-41426-41426013-07e4123d,41426/41426013/,Z074NAT,av,Yu.V.Grigoriev,2002,exclude,,cells,R5X_INTER_DATASET_SCATTER,141,15707.0,15707.0,0.122,0.0414,R12+R5x+R6x,-0.479706,2,"[0.466, 0.494]",-0.438,,,,,"EXCLUDE (R5X_INTER_DATASET_SCATTER) Z074NAT av 41426/41426013/, cells scope, 2 cell(s) 7304-1.571e+04 eV; rules R12+R5x+R6x; d=-0.60 dex vs 2 independent series; series median -0.44 over 6 cells"
CR2-41434-41434010-57e1c1d6,41434/41434010/,Z072N106M2,ri,G.V.Muradian,2003,exclude,,dataset,R3_TWIN_SUPERSEDED,102,1.8,1.8,2990.0,0.1098,R3,,,null,,,,,,"EXCLUDE (R3_TWIN_SUPERSEDED) Z072N106M2 ri 41434/41434010/, dataset scope, 4 cell(s) 1.8-4.52 eV; rules R3; twin of 41434/41434011/ (d:ratio)"
CR2-41434-41434010-57e1c1d6,41434/41434010/,Z072N106M2,ri,G.V.Muradian,2003,exclude,,dataset,R3_TWIN_SUPERSEDED,104,3.1,3.1,865.0,0.149,R3,,,null,,,,,,"EXCLUDE (R3_TWIN_SUPERSEDED) Z072N106M2 ri 41434/41434010/, dataset scope, 4 cell(s) 1.8-4.52 eV; rules R3; twin of 41434/41434011/ (d:ratio)"
CR2-41434-41434010-57e1c1d6,41434/41434010/,Z072N106M2,ri,G.V.Muradian,2003,exclude,,dataset,R3_TWIN_SUPERSEDED,105,3.72,3.72,1050.0,0.1155,R3,,,null,,,,,,"EXCLUDE (R3_TWIN_SUPERSEDED) Z072N106M2 ri 41434/41434010/, dataset scope, 4 cell(s) 1.8-4.52 eV; rules R3; twin of 41434/41434011/ (d:ratio)"
CR2-41434-41434010-57e1c1d6,41434/41434010/,Z072N106M2,ri,G.V.Muradian,2003,exclude,,dataset,R3_TWIN_SUPERSEDED,106,4.52,4.52,805.0,0.1461,R3,,,null,,,,,,"EXCLUDE (R3_TWIN_SUPERSEDED) Z072N106M2 ri 41434/41434010/, dataset scope, 4 cell(s) 1.8-4.52 eV; rules R3; twin of 41434/41434011/ (d:ratio)"
CR2-41490-41490002-0b935102,41490/41490002/,Z090N142M0,av,Zh.V.Mezentseva,2003,exclude,,dataset,R3_TWIN_SUPERSEDED,115,34.0,34.0,57.0,0.0365,R3,,,null,,,,,,"EXCLUDE (R3_TWIN_SUPERSEDED) Z090N142M0 av 41490/41490002/, dataset scope, 8 cell(s) 34-7325 eV; rules R3; twin of 41405/41405005/ (d:exact)"
CR2-41490-41490002-0b935102,41490/41490002/,Z090N142M0,av,Zh.V.Mezentseva,2003,exclude,,dataset,R3_TWIN_SUPERSEDED,118,73.25,73.25,20.3,0.0408,R3,,,null,,,,,,"EXCLUDE (R3_TWIN_SUPERSEDED) Z090N142M0 av 41490/41490002/, dataset scope, 8 cell(s) 34-7325 eV; rules R3; twin of 41405/41405005/ (d:exact)"
CR2-41490-41490002-0b935102,41490/41490002/,Z090N142M0,av,Zh.V.Mezentseva,2003,exclude,,dataset,R3_TWIN_SUPERSEDED,121,157.5,157.5,19.9,0.061,R3,,,null,,,,,,"EXCLUDE (R3_TWIN_SUPERSEDED) Z090N142M0 av 41490/41490002/, dataset scope, 8 cell(s) 34-7325 eV; rules R3; twin of 41405/41405005/ (d:exact)"
CR2-41490-41490002-0b935102,41490/41490002/,Z090N142M0,av,Zh.V.Mezentseva,2003,exclude,,dataset,R3_TWIN_SUPERSEDED,125,340.0,340.0,5.84,0.0425,R3,,,null,,,,,,"EXCLUDE (R3_TWIN_SUPERSEDED) Z090N142M0 av 41490/41490002/, dataset scope, 8 cell(s) 34-7325 eV; rules R3; twin of 41405/41405005/ (d:exact)"
CR2-41490-41490002-0b935102,41490/41490002/,Z090N142M0,av,Zh.V.Mezentseva,2003,exclude,,dataset,R3_TWIN_SUPERSEDED,128,732.5,732.5,3.96,0.0418,R3,,,null,,,,,,"EXCLUDE (R3_TWIN_SUPERSEDED) Z090N142M0 av 41490/41490002/, dataset scope, 8 cell(s) 34-7325 eV; rules R3; twin of 41405/41405005/ (d:exact)"
CR2-41490-41490002-0b935102,41490/41490002/,Z090N142M0,av,Zh.V.Mezentseva,2003,exclude,,dataset,R3_TWIN_SUPERSEDED,131,1575.0,1575.0,2.34,0.0356,R3,,,null,,,,,,"EXCLUDE (R3_TWIN_SUPERSEDED) Z090N142M0 av 41490/41490002/, dataset scope, 8 cell(s) 34-7325 eV; rules R3; twin of 41405/41405005/ (d:exact)"
CR2-41490-41490002-0b935102,41490/41490002/,Z090N142M0,av,Zh.V.Mezentseva,2003,exclude,,dataset,R3_TWIN_SUPERSEDED,135,3400.0,3400.0,1.7,0.0483,R3,,,null,,,,,,"EXCLUDE (R3_TWIN_SUPERSEDED) Z090N142M0 av 41490/41490002/, dataset scope, 8 cell(s) 34-7325 eV; rules R3; twin of 41405/41405005/ (d:exact)"
CR2-41490-41490002-0b935102,41490/41490002/,Z090N142M0,av,Zh.V.Mezentseva,2003,exclude,,dataset,R3_TWIN_SUPERSEDED,138,7325.0,7325.0,0.86,0.0478,R3,,,null,,,,,,"EXCLUDE (R3_TWIN_SUPERSEDED) Z090N142M0 av 41490/41490002/, dataset scope, 8 cell(s) 34-7325 eV; rules R3; twin of 41405/41405005/ (d:exact)"
CR2-V0102-V0102091-46e0f8a6,V0102/V0102091/,Z028N035M0,mxw,Z.Y.Bao,2000,downweight,0.25,dataset,R5D_INTER_DATASET_SCATTER,144,30000.0,30000.0,0.031,0.0768,R5d,-0.325806,2,"[0.319, 0.333]",,,,,,"DOWNWEIGHT (R5D_INTER_DATASET_SCATTER) Z028N035M0 mxw V0102/V0102091/, dataset scope, 1 cell(s) 3e+04-3e+04 eV; rules R5d; d=-0.33 dex vs 2 independent series"
CR2-V0102-V0102341-646569c5,V0102/V0102341/,Z062N092M0,mxw,Z.Y.Bao,2000,exclude,,dataset,R3_TWIN_SUPERSEDED,144,30000.0,30000.0,0.206,0.0186,R3,,,null,,,,,,"EXCLUDE (R3_TWIN_SUPERSEDED) Z062N092M0 mxw V0102/V0102341/, dataset scope, 1 cell(s) 3e+04-3e+04 eV; rules R3; twin of V0102/V0102340/ (d:exact)"
CR2-V0102-V0102389-0923ff5f,V0102/V0102389/,Z070N104M0,mxw,Z.Y.Bao,2000,exclude,,dataset,R3_TWIN_SUPERSEDED,144,30000.0,30000.0,0.151,0.0049,R3,,,null,,,,,,"EXCLUDE (R3_TWIN_SUPERSEDED) Z070N104M0 mxw V0102/V0102389/, dataset scope, 1 cell(s) 3e+04-3e+04 eV; rules R3; twin of V0102/V0102388/ (d:exact)"
CR2-V0102-V0102396-ca237983,V0102/V0102396/,Z071N104M0,mxw,Z.Y.Bao,2000,exclude,,dataset,R3_TWIN_SUPERSEDED,144,30000.0,30000.0,1.036,0.0124,R3,,,null,,,,,,"EXCLUDE (R3_TWIN_SUPERSEDED) Z071N104M0 mxw V0102/V0102396/, dataset scope, 1 cell(s) 3e+04-3e+04 eV; rules R3; twin of V0102/V0102395/ (d:exact)"
CR2-V1002-V1002082-2-cdde3613,V1002/V1002082/2,Z055N080M0,ri,S.F.Mughabghab,2006,exclude,,dataset,R5X_INTER_DATASET_SCATTER,96,0.5,0.5,3.0,0.0414,R12+R5x,-1.314217,2,"[1.313, 1.315]",,,,,,"EXCLUDE (R5X_INTER_DATASET_SCATTER) Z055N080M0 ri V1002/V1002082/2, dataset scope, 1 cell(s) 0.5-0.5 eV; rules R12+R5x; d=-1.31 dex vs 2 independent series"
